"development","house_type","bedrooms","property_url","image_file","image_url","reason"
"Hallrig Heights, Tarbolton","Hallrig Heights, Tarbolton development gallery","","https://www.hayhilldevelopments.co.uk/development/hallrig-heights-tarbolton/","images/d7a14bc7f4548a3e68c73d9f359b7cce9f3af5ed7a0f9c9b89314dd3887ecf5e.jpg","https://www.hayhilldevelopments.co.uk/wp-content/uploads/2021/10/HAYHILL-TARBOLTON-DRONE-3-scaled.jpg","This is an exterior aerial photograph of a property development site."
"Hallrig Heights, Tarbolton","Hallrig Heights, Tarbolton development gallery","","https://www.hayhilldevelopments.co.uk/development/hallrig-heights-tarbolton/","images/65772c3e57d407fd2bd3b40bd2db9e49b44815df781850adced0b68f19bd6afc.png","https://www.hayhilldevelopments.co.uk/wp-content/uploads/1970/01/Website-Development-Highlight-Image-2-1.png","This is an exterior photograph of a residential property."
"Hallrig Heights, Tarbolton","Hallrig Heights, Tarbolton development gallery","","https://www.hayhilldevelopments.co.uk/development/hallrig-heights-tarbolton/","images/7a282e1908fa0cd74cc0b47683015c1eed99a71b3526d2f7ad0550738d6f70dc.jpg","https://www.hayhilldevelopments.co.uk/wp-content/uploads/2025/03/VR-Tour-Longlands-267x300.jpeg","This is an interior photograph of a living room space."
"Hallrig Heights, Tarbolton","Hallrig Heights, Tarbolton development gallery","","https://www.hayhilldevelopments.co.uk/development/hallrig-heights-tarbolton/","images/b05a85eb070e3996278788b30305c27b86da79fc7f0ae05a5786a7cbb8ab943d.jpg","https://www.hayhilldevelopments.co.uk/wp-content/uploads/2025/03/VR-Tour-Portnellan-267x300.jpeg","This is an interior photograph of a kitchen."
"Hallrig Heights, Tarbolton","Hallrig Heights, Tarbolton development gallery","","https://www.hayhilldevelopments.co.uk/development/hallrig-heights-tarbolton/","images/a406f355f98f262049fced4e8fb3175fc9911fcf93e1876439c733dc473927b7.jpg","https://www.hayhilldevelopments.co.uk/wp-content/uploads/2025/03/VR-Tour-Highfield-267x300.jpeg","The image shows a functional kitchen space."
"Hallrig Heights, Tarbolton","Hallrig Heights, Tarbolton development gallery","","https://www.hayhilldevelopments.co.uk/development/hallrig-heights-tarbolton/","images/43894e149cb85ef662793edd3209b24f63a3afc7eb5f6649fd5f942a55128599.png","https://www.hayhilldevelopments.co.uk/wp-content/uploads/2025/03/VR-Tour-Eglington-267x300.png","The image shows a bedroom interior."
"Hallrig Heights, Tarbolton","Hallrig Heights, Tarbolton development gallery","","https://www.hayhilldevelopments.co.uk/development/hallrig-heights-tarbolton/","images/d422566488451b124f8ba6198edd7c5cb5a67d95c739c39f251eb2da6e4b63e9.jpg","https://www.hayhilldevelopments.co.uk/wp-content/uploads/2025/03/VR-Tour-Wellwood-267x300.jpeg","The image shows a functional kitchen space."
"Hallrig Heights, Tarbolton","Hallrig Heights, Tarbolton development gallery","","https://www.hayhilldevelopments.co.uk/development/hallrig-heights-tarbolton/","images/71418c1f2e7238b1de7c09f99c4befcb138a1db5aeb667466a3e32e062c27086.jpg","https://www.hayhilldevelopments.co.uk/wp-content/uploads/2025/03/VR-Tour-Garallan-267x300.jpeg","The image shows a functional kitchen space."
"Hallrig Heights, Tarbolton","Hallrig Heights, Tarbolton development gallery","","https://www.hayhilldevelopments.co.uk/development/hallrig-heights-tarbolton/","images/a8986408ff3982012a9b2b6dedceaf2c8d074d9d32d67ba39ff1092411a22392.jpg","https://www.hayhilldevelopments.co.uk/wp-content/uploads/2025/03/BP-Living-Dining-2-500x376.jpg","The image depicts a furnished living room area."
"Hallrig Heights, Tarbolton","Hallrig Heights, Tarbolton development gallery","","https://www.hayhilldevelopments.co.uk/development/hallrig-heights-tarbolton/","images/373380167c000f8f87f029c06eed4e7f1762171b40bda7eaa80e886f98f49205.jpg","https://www.hayhilldevelopments.co.uk/wp-content/uploads/2024/09/Drongan2-2-500x376.jpg","This is an aerial photograph of a property exterior."
"Hillhead Heights, Mauchline","Hillhead Heights, Mauchline development gallery","","https://www.hayhilldevelopments.co.uk/development/hillhead-heights-mauchline/","images/8a65a0fcb678fe2234ce948b81016b9c3b31eca6696de2d66d27f922834a4d35.png","https://www.hayhilldevelopments.co.uk/wp-content/uploads/1970/01/Website-Development-Highlight-Image-1.png","This is an exterior aerial photograph of a residential housing estate."
"Hillhead Heights, Mauchline","Hillhead Heights, Mauchline development gallery","","https://www.hayhilldevelopments.co.uk/development/hillhead-heights-mauchline/","images/1043341cb818436c4350977aa36c2bb6f2c0dbcce2ef40f1c0006dae8be21588.png","https://www.hayhilldevelopments.co.uk/wp-content/uploads/1970/01/Website-Development-Highlight-Image-4.png","This is an exterior photograph of a residential property."
"Hillhead Heights, Mauchline","Hillhead Heights, Mauchline development gallery","","https://www.hayhilldevelopments.co.uk/development/hillhead-heights-mauchline/","images/7a282e1908fa0cd74cc0b47683015c1eed99a71b3526d2f7ad0550738d6f70dc.jpg","https://www.hayhilldevelopments.co.uk/wp-content/uploads/2025/03/VR-Tour-Longlands-267x300.jpeg","This is an interior photograph of a living room space."
"Hillhead Heights, Mauchline","Hillhead Heights, Mauchline development gallery","","https://www.hayhilldevelopments.co.uk/development/hillhead-heights-mauchline/","images/b05a85eb070e3996278788b30305c27b86da79fc7f0ae05a5786a7cbb8ab943d.jpg","https://www.hayhilldevelopments.co.uk/wp-content/uploads/2025/03/VR-Tour-Portnellan-267x300.jpeg","This is an interior photograph of a kitchen."
"Hillhead Heights, Mauchline","Hillhead Heights, Mauchline development gallery","","https://www.hayhilldevelopments.co.uk/development/hillhead-heights-mauchline/","images/a406f355f98f262049fced4e8fb3175fc9911fcf93e1876439c733dc473927b7.jpg","https://www.hayhilldevelopments.co.uk/wp-content/uploads/2025/03/VR-Tour-Highfield-267x300.jpeg","The image shows a functional kitchen space."
"Hillhead Heights, Mauchline","Hillhead Heights, Mauchline development gallery","","https://www.hayhilldevelopments.co.uk/development/hillhead-heights-mauchline/","images/43894e149cb85ef662793edd3209b24f63a3afc7eb5f6649fd5f942a55128599.png","https://www.hayhilldevelopments.co.uk/wp-content/uploads/2025/03/VR-Tour-Eglington-267x300.png","The image shows a bedroom interior."
"Hillhead Heights, Mauchline","Hillhead Heights, Mauchline development gallery","","https://www.hayhilldevelopments.co.uk/development/hillhead-heights-mauchline/","images/d422566488451b124f8ba6198edd7c5cb5a67d95c739c39f251eb2da6e4b63e9.jpg","https://www.hayhilldevelopments.co.uk/wp-content/uploads/2025/03/VR-Tour-Wellwood-267x300.jpeg","The image shows a functional kitchen space."
"Hillhead Heights, Mauchline","Hillhead Heights, Mauchline development gallery","","https://www.hayhilldevelopments.co.uk/development/hillhead-heights-mauchline/","images/71418c1f2e7238b1de7c09f99c4befcb138a1db5aeb667466a3e32e062c27086.jpg","https://www.hayhilldevelopments.co.uk/wp-content/uploads/2025/03/VR-Tour-Garallan-267x300.jpeg","The image shows a functional kitchen space."
"Hillhead Heights, Mauchline","Hillhead Heights, Mauchline development gallery","","https://www.hayhilldevelopments.co.uk/development/hillhead-heights-mauchline/","images/a8986408ff3982012a9b2b6dedceaf2c8d074d9d32d67ba39ff1092411a22392.jpg","https://www.hayhilldevelopments.co.uk/wp-content/uploads/2025/03/BP-Living-Dining-2-500x376.jpg","The image depicts a furnished living room area."
"Hillhead Heights, Mauchline","Hillhead Heights, Mauchline development gallery","","https://www.hayhilldevelopments.co.uk/development/hillhead-heights-mauchline/","images/373380167c000f8f87f029c06eed4e7f1762171b40bda7eaa80e886f98f49205.jpg","https://www.hayhilldevelopments.co.uk/wp-content/uploads/2024/09/Drongan2-2-500x376.jpg","This is an aerial photograph of a property exterior."
"Belston Park, Sinclairston","The Fullerton","3","https://www.hayhilldevelopments.co.uk/developments/belston-park-sinclairston/bp-plot-13-the-fullerton/","images/09856c7f4d846b0fb0ab262cd22181d4e7bd71b89a60a529ee14801738c07c2f.jpg","https://www.hayhilldevelopments.co.uk/wp-content/uploads/2025/03/BP-Exterior-5-1-1920x770.jpg","This is an exterior photograph of a residential property."
"Belston Park, Sinclairston","The Fullerton","3","https://www.hayhilldevelopments.co.uk/developments/belston-park-sinclairston/bp-plot-13-the-fullerton/","images/f22881faf9b1166f46df2fb449763a3759c04acb566896444af240d16b36c33b.jpg","https://www.hayhilldevelopments.co.uk/wp-content/uploads/2022/09/BP-Dining-3-1920x770.jpg","This is an interior photograph of a dining room."
"Belston Park, Sinclairston","The Fullerton","3","https://www.hayhilldevelopments.co.uk/developments/belston-park-sinclairston/bp-plot-13-the-fullerton/","images/47582321ff8c2a4a497d2608573109e2e0649a28cabab2e84a9027921d1defdd.jpg","https://www.hayhilldevelopments.co.uk/wp-content/uploads/2022/09/BP-Dining-2-1920x770.jpg","This is a detailed shot of a dining room table setting."
"Belston Park, Sinclairston","The Fullerton","3","https://www.hayhilldevelopments.co.uk/developments/belston-park-sinclairston/bp-plot-13-the-fullerton/","images/7fcde8941d53e6046960b16a4b90f02f4d9268efb311619ebac488fba5a36733.jpg","https://www.hayhilldevelopments.co.uk/wp-content/uploads/2022/09/BP-Dining-1-1920x770.jpg","This is a wide shot of a dining room."
"Belston Park, Sinclairston","The Fullerton","3","https://www.hayhilldevelopments.co.uk/developments/belston-park-sinclairston/bp-plot-13-the-fullerton/","images/c0c0694c6a3ce17a559372599f0d1eded52be693be8706589b742fe2b23eabc5.jpg","https://www.hayhilldevelopments.co.uk/wp-content/uploads/2025/03/BP-Dining-Table-1920x770.jpg","This is a detailed shot of a dining room table setting."
"Belston Park, Sinclairston","The Fullerton","3","https://www.hayhilldevelopments.co.uk/developments/belston-park-sinclairston/bp-plot-13-the-fullerton/","images/df3145c8e54222d2265fc019ee68d465e877703330f40d29f85fe8810f1cf0eb.jpg","https://www.hayhilldevelopments.co.uk/wp-content/uploads/2025/03/BP-Kitchen-2-1920x770.jpg","The image shows a functional kitchen space."
"Belston Park, Sinclairston","The Fullerton","3","https://www.hayhilldevelopments.co.uk/developments/belston-park-sinclairston/bp-plot-13-the-fullerton/","images/3e66ff036e63a722c939e5c2b97828587c870507568ca71447d9fc66d6ebefb5.jpg","https://www.hayhilldevelopments.co.uk/wp-content/uploads/2022/09/BP-Kitchen-1-1920x770.jpg","The image shows a functional kitchen space with appliances and cabinetry."
"Belston Park, Sinclairston","The Fullerton","3","https://www.hayhilldevelopments.co.uk/developments/belston-park-sinclairston/bp-plot-13-the-fullerton/","images/3c9f015c1cc709672b865137e35ed837ee43104fde6e7df61508d2c1ce4066ed.jpg","https://www.hayhilldevelopments.co.uk/wp-content/uploads/2022/09/BP-Kitchen-3-1920x770.jpg","This is a photograph of a kitchen interior."
"Belston Park, Sinclairston","The Fullerton","3","https://www.hayhilldevelopments.co.uk/developments/belston-park-sinclairston/bp-plot-13-the-fullerton/","images/27e59316e8928895a6346cb0f009719b67bdb68c4b0594b02ef0fb0a91b82b42.jpg","https://www.hayhilldevelopments.co.uk/wp-content/uploads/2025/03/BP-Kitchen-4-1920x770.jpg","This is a photograph of a kitchen interior."
"Belston Park, Sinclairston","The Fullerton","3","https://www.hayhilldevelopments.co.uk/developments/belston-park-sinclairston/bp-plot-13-the-fullerton/","images/3e5cc5b5470b0eef9e33a0431b2603bb84d9de42606ba1b7188ab1c7d5e18aa1.jpg","https://www.hayhilldevelopments.co.uk/wp-content/uploads/2025/03/BP-Kitchen-CloseUp-1-1920x770.jpg","This is a photograph of a kitchen interior."
"Belston Park, Sinclairston","The Fullerton","3","https://www.hayhilldevelopments.co.uk/developments/belston-park-sinclairston/bp-plot-13-the-fullerton/","images/d6a4f61d642aeda5f4f8dee5d816c7e46941c06dc42949cba4e29633b985263b.jpg","https://www.hayhilldevelopments.co.uk/wp-content/uploads/2025/03/BP-Kitchen-Appliances-2-1920x770.jpg","This is a photograph of a kitchen interior."
"Belston Park, Sinclairston","The Fullerton","3","https://www.hayhilldevelopments.co.uk/developments/belston-park-sinclairston/bp-plot-13-the-fullerton/","images/51ba613056224769a6884dd9b67171b6a87ee929d65e566d7e349f9459176a1a.jpg","https://www.hayhilldevelopments.co.uk/wp-content/uploads/2025/03/BP-Kitchen-CloseUp-2-1920x770.jpg","This is a detailed shot of a kitchen workspace."
"Belston Park, Sinclairston","The Fullerton","3","https://www.hayhilldevelopments.co.uk/developments/belston-park-sinclairston/bp-plot-13-the-fullerton/","images/be305a1795f5664474aa84e8296a985e869bc5be3607d96ab3fb6d0e42828049.jpg","https://www.hayhilldevelopments.co.uk/wp-content/uploads/2025/03/BP-Kitchen-Appliances-1-1920x770.jpg","This is a detail shot of kitchen fixtures and fittings."
"Belston Park, Sinclairston","The Fullerton","3","https://www.hayhilldevelopments.co.uk/developments/belston-park-sinclairston/bp-plot-13-the-fullerton/","images/62d9aae9266bac5265370e733e5f6b63a8a530d691b5f906e34290cf6a52705c.jpg","https://www.hayhilldevelopments.co.uk/wp-content/uploads/2025/03/BP-Kitchen-Appliances-0-1920x770.jpg","This is a photograph of a kitchen interior."
"Belston Park, Sinclairston","The Fullerton","3","https://www.hayhilldevelopments.co.uk/developments/belston-park-sinclairston/bp-plot-13-the-fullerton/","images/1ddf4d5bb62bcad267bbd89eeb72e1fbaec68bde2f312c5bd7b6c88979467ac5.jpg","https://www.hayhilldevelopments.co.uk/wp-content/uploads/2025/03/BP-Kitchen-Appliances-3-1920x770.jpg","This is a detail shot of a kitchen sink area."
"Belston Park, Sinclairston","The Fullerton","3","https://www.hayhilldevelopments.co.uk/developments/belston-park-sinclairston/bp-plot-13-the-fullerton/","images/bb7ba3b1541c0f9b0a4f3b4cd49846e6bb545ead210cc5c23d7f2a2323356342.jpg","https://www.hayhilldevelopments.co.uk/wp-content/uploads/2025/03/BP-Living-Room-1920x770.jpg","This is a photograph of a living room interior."
"Belston Park, Sinclairston","The Fullerton","3","https://www.hayhilldevelopments.co.uk/developments/belston-park-sinclairston/bp-plot-13-the-fullerton/","images/a480e4066f4d79bbf63877ee6495da3635487627711c6dbea3204f7a4aa00e2b.jpg","https://www.hayhilldevelopments.co.uk/wp-content/uploads/2025/03/BP-Living-Kitchen-1920x770.jpg","The image shows a furnished living space with a sofa and kitchen area."
"Belston Park, Sinclairston","The Fullerton","3","https://www.hayhilldevelopments.co.uk/developments/belston-park-sinclairston/bp-plot-13-the-fullerton/","images/5d79eb97a04554e3718968c4286934cc9a133f8246ed8963226c7c470ba35f89.jpg","https://www.hayhilldevelopments.co.uk/wp-content/uploads/2025/03/BP-TV-1920x770.jpg","This is a detail shot of furniture within a living room."
"Belston Park, Sinclairston","The Fullerton","3","https://www.hayhilldevelopments.co.uk/developments/belston-park-sinclairston/bp-plot-13-the-fullerton/","images/476095bd2d89479509fc956c054adcfaa34579b0f08850ff9100867b920fabad.jpg","https://www.hayhilldevelopments.co.uk/wp-content/uploads/2025/03/BP-Decoration-1920x770.jpg","This is a decorative detail shot within a living room setting."
"Belston Park, Sinclairston","The Fullerton","3","https://www.hayhilldevelopments.co.uk/developments/belston-park-sinclairston/bp-plot-13-the-fullerton/","images/24dd2c586ad5367f9b1265b47bd3018e37f6a62a95300aca5ff55a10dccf5cfd.jpg","https://www.hayhilldevelopments.co.uk/wp-content/uploads/2025/03/BP-Office-2-1920x770.jpg","The image shows a dedicated workspace with a desk and chair."
"Belston Park, Sinclairston","The Fullerton","3","https://www.hayhilldevelopments.co.uk/developments/belston-park-sinclairston/bp-plot-13-the-fullerton/","images/e22b0d34ce40e8ef6d13e2ef12e3a7a7dfd7777a2d40ca9b9364b2a076c81f86.jpg","https://www.hayhilldevelopments.co.uk/wp-content/uploads/2025/03/BP-Office-1920x770.jpg","The image shows a home office or study space."
"Belston Park, Sinclairston","The Fullerton","3","https://www.hayhilldevelopments.co.uk/developments/belston-park-sinclairston/bp-plot-13-the-fullerton/","images/3529c28a1951c79be0961b7abec8e86479f03f6f4b8c00abd4489f41da6b56b5.jpg","https://www.hayhilldevelopments.co.uk/wp-content/uploads/2025/03/BP-Living-Dining-1920x770.jpg","This is a photograph of a living room interior."
"Belston Park, Sinclairston","The Fullerton","3","https://www.hayhilldevelopments.co.uk/developments/belston-park-sinclairston/bp-plot-13-the-fullerton/","images/7faebaef55648b7edd086bf67991d9d1642ad74e34c75cf5fae922d97472471c.jpg","https://www.hayhilldevelopments.co.uk/wp-content/uploads/2022/09/BP-Bedroom-1-1920x770.jpg","The image shows a bedroom with a bed and bedside furniture."
"Belston Park, Sinclairston","The Fullerton","3","https://www.hayhilldevelopments.co.uk/developments/belston-park-sinclairston/bp-plot-13-the-fullerton/","images/3a6d5d1456b81e451da7a67e26eaaa82fcee9ef62eac0da6734a4ccd8fb41174.jpg","https://www.hayhilldevelopments.co.uk/wp-content/uploads/2022/09/BP-Bedroom-closeup-1920x770.jpg","The image shows a bedroom with a bed and bedside furniture."
"Belston Park, Sinclairston","The Fullerton","3","https://www.hayhilldevelopments.co.uk/developments/belston-park-sinclairston/bp-plot-13-the-fullerton/","images/a3be3232eed6789fd60e4a2924b455490ecbcbe45ba54c7a572d8c02f274dd88.jpg","https://www.hayhilldevelopments.co.uk/wp-content/uploads/2025/03/BP-Bedroom-3-1920x770.jpg","The image shows a bedroom with a bed and bedside furniture."
"Belston Park, Sinclairston","The Fullerton","3","https://www.hayhilldevelopments.co.uk/developments/belston-park-sinclairston/bp-plot-13-the-fullerton/","images/36674296a3e3a62fefc601b1588a68a68ab74de49a01ffc55331e58bfd008351.jpg","https://www.hayhilldevelopments.co.uk/wp-content/uploads/2022/09/BP-Bedroom-2-1920x770.jpg","The image shows a bedroom with a bed and decorative elements."
"Belston Park, Sinclairston","The Fullerton","3","https://www.hayhilldevelopments.co.uk/developments/belston-park-sinclairston/bp-plot-13-the-fullerton/","images/04db7ceda7dfb0b2d86f43c7736ff77bf1d9f55abc87820d5c44a85b8f0bb544.jpg","https://www.hayhilldevelopments.co.uk/wp-content/uploads/2025/03/BP-Bathroom-1920x770.jpg","The image shows a bathroom interior."
"Belston Park, Sinclairston","The Fullerton","3","https://www.hayhilldevelopments.co.uk/developments/belston-park-sinclairston/bp-plot-13-the-fullerton/","images/831d36cad59914448fc83ac38a46f866f25a624c80c073a26419bf8088a7bdca.jpg","https://www.hayhilldevelopments.co.uk/wp-content/uploads/2025/03/BP-Bathroom-2-1920x770.jpg","The image shows a bathroom interior."
"Belston Park, Sinclairston","The Fullerton","3","https://www.hayhilldevelopments.co.uk/developments/belston-park-sinclairston/bp-plot-13-the-fullerton/","images/5083de490531c3890a62ebbc3935e189cae5114d19a2e26b0a1a8196522034f0.jpg","https://www.hayhilldevelopments.co.uk/wp-content/uploads/2025/03/BP-Bathroom-closeup-2-1920x770.jpg","The image shows a bathroom interior."
"Belston Park, Sinclairston","The Fullerton","3","https://www.hayhilldevelopments.co.uk/developments/belston-park-sinclairston/bp-plot-13-the-fullerton/","images/972bd13b993286f1f6ce911f08de3b2c56b78b38550c1fb5dedaae6faad43328.jpg","https://www.hayhilldevelopments.co.uk/wp-content/uploads/2025/03/BP-Bathroom-3-1920x770.jpg","The image shows a bathroom interior."
"Belston Park, Sinclairston","The Fullerton","3","https://www.hayhilldevelopments.co.uk/developments/belston-park-sinclairston/bp-plot-13-the-fullerton/","images/fb6c083209b07ae65d4cb36e0533760dbb8f008772f6b1067eddb21516a8768d.jpg","https://www.hayhilldevelopments.co.uk/wp-content/uploads/2025/03/BP-Development-Site-2-1920x770.jpg","This is an aerial photograph of a property development site."
"Belston Park, Sinclairston","The Fullerton","3","https://www.hayhilldevelopments.co.uk/developments/belston-park-sinclairston/bp-plot-13-the-fullerton/","images/9ccc7469c83da1bc648085e8ec7bf118edefecaa0979c315958cd713159f6667.jpg","https://www.hayhilldevelopments.co.uk/wp-content/uploads/2025/03/BP-Landscape2-1920x770.jpg","This is an aerial landscape shot showing the property's surroundings."
"Belston Park, Sinclairston","The Fullerton","3","https://www.hayhilldevelopments.co.uk/developments/belston-park-sinclairston/bp-plot-13-the-fullerton/","images/3b92aec0e85992334e4e7b6ab140bfe855ec924a36da6c104c288e2082ed0c3c.jpg","https://www.hayhilldevelopments.co.uk/wp-content/uploads/2022/09/BP-Exterior-3-1920x770.jpg","This is a photograph of a property exterior."
"Belston Park, Sinclairston","The Fullerton","3","https://www.hayhilldevelopments.co.uk/developments/belston-park-sinclairston/bp-plot-13-the-fullerton/","images/1e5bef4f13c40fef67762c644e26cdb9c99cc2cdde1034d2f7b69989d4cacc6d.jpg","https://www.hayhilldevelopments.co.uk/wp-content/uploads/2025/03/BP-Landscape2-354x238.jpg","This is an exterior landscape view."
"Belston Park, Sinclairston","The Fullerton","3","https://www.hayhilldevelopments.co.uk/developments/belston-park-sinclairston/bp-plot-13-the-fullerton/","images/bd876bd95d5ab418f1f94436d3e46ea191749551c8ed680f733995177dffa252.jpg","https://www.hayhilldevelopments.co.uk/wp-content/uploads/2022/09/BP-Exterior-3-354x238.jpg","This is an exterior view of a house."
"Belston Park, Sinclairston","The Fullerton","3","https://www.hayhilldevelopments.co.uk/developments/belston-park-sinclairston/bp-plot-13-the-fullerton/","images/de0f5fbe0022e195a312161e77e9d2ad8def3f6f113229cf8bbabc17fdc8a71d.jpg","https://www.hayhilldevelopments.co.uk/wp-content/uploads/2025/03/BP-Living-Dining-2-354x238.jpg","This is an interior view of a living room."
"Belston Park, Sinclairston","The Fullerton","3","https://www.hayhilldevelopments.co.uk/developments/belston-park-sinclairston/bp-plot-13-the-fullerton/","images/a8ec36c41869c4e9a0a45c6af661e1b0d80c16c3ad1ff75927d39dd6e04699d4.jpg","https://www.hayhilldevelopments.co.uk/wp-content/uploads/2025/03/BP-Living-Kitchen-354x238.jpg","This is an interior view of a living room."
"Belston Park, Sinclairston","The Fullerton","3","https://www.hayhilldevelopments.co.uk/developments/belston-park-sinclairston/bp-plot-13-the-fullerton/","images/d170cfca8a66e437f4f85eb5cfc73bbdbc88c892916e8f36febf61860c3bccf6.jpg","https://www.hayhilldevelopments.co.uk/wp-content/uploads/2025/03/BP-Kitchen-2-354x238.jpg","This is a photograph of a functional kitchen space."
"Belston Park, Sinclairston","The Fullerton","3","https://www.hayhilldevelopments.co.uk/developments/belston-park-sinclairston/bp-plot-13-the-fullerton/","images/5242093dcde03a004baf424d04249c985b713ea6a932f55291b10cef5c2c889a.jpg","https://www.hayhilldevelopments.co.uk/wp-content/uploads/2025/03/BP-Kitchen-4-354x238.jpg","This is a photograph of a kitchen workspace."
"Belston Park, Sinclairston","The Fullerton","3","https://www.hayhilldevelopments.co.uk/developments/belston-park-sinclairston/bp-plot-13-the-fullerton/","images/54c393df84b3c2394279fed084928ffe08487661ee0a64623b35b7ada1e2c3dd.jpg","https://www.hayhilldevelopments.co.uk/wp-content/uploads/2025/03/BP-Kitchen-Appliances-2-354x238.jpg","This is a photograph of a kitchen countertop."
"Belston Park, Sinclairston","The Fullerton","3","https://www.hayhilldevelopments.co.uk/developments/belston-park-sinclairston/bp-plot-13-the-fullerton/","images/b6751e206292b0a1fdd70c5261a48b93afba4b3b6702e741aa05590d4f2970c7.jpg","https://www.hayhilldevelopments.co.uk/wp-content/uploads/2025/03/BP-Kitchen-Appliances-1-354x238.jpg","This is a photograph of kitchen appliances."
"Belston Park, Sinclairston","The Fullerton","3","https://www.hayhilldevelopments.co.uk/developments/belston-park-sinclairston/bp-plot-13-the-fullerton/","images/c427d31b4ec534fea3b052123cbf6c26ad57718aaafe88bedcd2e92954d7178b.jpg","https://www.hayhilldevelopments.co.uk/wp-content/uploads/2025/03/BP-Kitchen-Appliances-0-354x238.jpg","This is a photograph of a kitchen appliance."
"Belston Park, Sinclairston","The Fullerton","3","https://www.hayhilldevelopments.co.uk/developments/belston-park-sinclairston/bp-plot-13-the-fullerton/","images/caee47522e63b11e79f2b849b261f08fcef5a4c1df236a6c4aeb4aadff6ebf3b.jpg","https://www.hayhilldevelopments.co.uk/wp-content/uploads/2025/03/BP-Kitchen-Appliances-3-354x238.jpg","This is a photograph of a kitchen sink area."
"Belston Park, Sinclairston","The Fullerton","3","https://www.hayhilldevelopments.co.uk/developments/belston-park-sinclairston/bp-plot-13-the-fullerton/","images/d2b65578b2bbfb43c136cc04f5a0e6c6bba5da368fb9a4edc998a9cbb66cbf48.jpg","https://www.hayhilldevelopments.co.uk/wp-content/uploads/2025/03/BP-Dining-Table-354x238.jpg","This is a photograph of a dining room table setting."
"Belston Park, Sinclairston","The Fullerton","3","https://www.hayhilldevelopments.co.uk/developments/belston-park-sinclairston/bp-plot-13-the-fullerton/","images/387f5efc69df4f0a8c047251683de0c1dae3df6634a4b9b3d0628c888a2b2bab.jpg","https://www.hayhilldevelopments.co.uk/wp-content/uploads/2025/03/BP-Bathroom-closeup-354x238.jpg","This is a photograph of a bathroom fixture."
"Belston Park, Sinclairston","The Fullerton","3","https://www.hayhilldevelopments.co.uk/developments/belston-park-sinclairston/bp-plot-13-the-fullerton/","images/ad72377bba9239621b640adefb04d551e732b58f46a2ab409c70176bcf626fc5.jpg","https://www.hayhilldevelopments.co.uk/wp-content/uploads/2025/03/BP-Bathroom-354x238.jpg","The image shows a functional bathroom with standard sanitary ware."
"Belston Park, Sinclairston","The Fullerton","3","https://www.hayhilldevelopments.co.uk/developments/belston-park-sinclairston/bp-plot-13-the-fullerton/","images/76d222c124324230e19028accc7aae874b5bec387fd7e240bdb02bb5223e5cd3.jpg","https://www.hayhilldevelopments.co.uk/wp-content/uploads/2025/03/BP-Bathroom-3-354x238.jpg","The image depicts a small downstairs toilet or cloakroom."
"Belston Park, Sinclairston","The Fullerton","3","https://www.hayhilldevelopments.co.uk/developments/belston-park-sinclairston/bp-plot-13-the-fullerton/","images/358160aae3648a65cba6954c1a43b3ea5c904272ea6d5acafb7eec8e74df0147.jpg","https://www.hayhilldevelopments.co.uk/wp-content/uploads/2025/03/BP-Bathroom-2-354x238.jpg","The image shows a standard residential bathroom."
"Belston Park, Sinclairston","The Fullerton","3","https://www.hayhilldevelopments.co.uk/developments/belston-park-sinclairston/bp-plot-13-the-fullerton/","images/fd6eb8e7fc36a5074a3c26a27ebb76fcc278370a5286609def64282fd196e366.jpg","https://www.hayhilldevelopments.co.uk/wp-content/uploads/2022/09/BP-Bedroom-1-354x238.jpg","The image shows a furnished bedroom."
"Belston Park, Sinclairston","The Fullerton","3","https://www.hayhilldevelopments.co.uk/developments/belston-park-sinclairston/bp-plot-13-the-fullerton/","images/aec481b6586a418a5d010b25861f36eea34479d8fb7269e623105365654ffe0b.jpg","https://www.hayhilldevelopments.co.uk/wp-content/uploads/2025/03/BP-Bedroom-closeup-2-354x238.jpg","The image shows a detail of a bedroom."
"Belston Park, Sinclairston","The Fullerton","3","https://www.hayhilldevelopments.co.uk/developments/belston-park-sinclairston/bp-plot-13-the-fullerton/","images/c367a976021279cdae3910f4518e19d2d18528f1dc383c0c189639dfffa62ddc.jpg","https://www.hayhilldevelopments.co.uk/wp-content/uploads/2022/09/BP-Bedroom-closeup-354x238.jpg","The image shows a detail of a bedroom."
"Belston Park, Sinclairston","The Fullerton","3","https://www.hayhilldevelopments.co.uk/developments/belston-park-sinclairston/bp-plot-13-the-fullerton/","images/198c5e2b9e9e57c43f07a78735f03b08072fd2202c5f9a9d1ac9422a95ceaf10.jpg","https://www.hayhilldevelopments.co.uk/wp-content/uploads/2025/03/BP-Office-2-354x238.jpg","The image shows a home office or study space."
"Belston Park, Sinclairston","The Fullerton","3","https://www.hayhilldevelopments.co.uk/developments/belston-park-sinclairston/bp-plot-13-the-fullerton/","images/24a015491062fb8b4e56fba513407e1581acaf6d0d0e6287060ad639a915b0fd.jpg","https://www.hayhilldevelopments.co.uk/wp-content/uploads/2025/03/BP-Office-354x238.jpg","The image shows a home office or study room."
"Belston Park, Sinclairston","The Brodick","3","https://www.hayhilldevelopments.co.uk/developments/belston-park-sinclairston/bp-plot-11-the-brodick/","images/09856c7f4d846b0fb0ab262cd22181d4e7bd71b89a60a529ee14801738c07c2f.jpg","https://www.hayhilldevelopments.co.uk/wp-content/uploads/2025/03/BP-Exterior-5-1-1920x770.jpg","This is an exterior photograph of a residential property."
"Belston Park, Sinclairston","The Brodick","3","https://www.hayhilldevelopments.co.uk/developments/belston-park-sinclairston/bp-plot-11-the-brodick/","images/27e59316e8928895a6346cb0f009719b67bdb68c4b0594b02ef0fb0a91b82b42.jpg","https://www.hayhilldevelopments.co.uk/wp-content/uploads/2025/03/BP-Kitchen-4-1920x770.jpg","This is a photograph of a kitchen interior."
"Belston Park, Sinclairston","The Brodick","3","https://www.hayhilldevelopments.co.uk/developments/belston-park-sinclairston/bp-plot-11-the-brodick/","images/df3145c8e54222d2265fc019ee68d465e877703330f40d29f85fe8810f1cf0eb.jpg","https://www.hayhilldevelopments.co.uk/wp-content/uploads/2025/03/BP-Kitchen-2-1920x770.jpg","The image shows a functional kitchen space."
"Belston Park, Sinclairston","The Brodick","3","https://www.hayhilldevelopments.co.uk/developments/belston-park-sinclairston/bp-plot-11-the-brodick/","images/3c9f015c1cc709672b865137e35ed837ee43104fde6e7df61508d2c1ce4066ed.jpg","https://www.hayhilldevelopments.co.uk/wp-content/uploads/2022/09/BP-Kitchen-3-1920x770.jpg","This is a photograph of a kitchen interior."
"Belston Park, Sinclairston","The Brodick","3","https://www.hayhilldevelopments.co.uk/developments/belston-park-sinclairston/bp-plot-11-the-brodick/","images/62d9aae9266bac5265370e733e5f6b63a8a530d691b5f906e34290cf6a52705c.jpg","https://www.hayhilldevelopments.co.uk/wp-content/uploads/2025/03/BP-Kitchen-Appliances-0-1920x770.jpg","This is a photograph of a kitchen interior."
"Belston Park, Sinclairston","The Brodick","3","https://www.hayhilldevelopments.co.uk/developments/belston-park-sinclairston/bp-plot-11-the-brodick/","images/be305a1795f5664474aa84e8296a985e869bc5be3607d96ab3fb6d0e42828049.jpg","https://www.hayhilldevelopments.co.uk/wp-content/uploads/2025/03/BP-Kitchen-Appliances-1-1920x770.jpg","This is a detail shot of kitchen fixtures and fittings."
"Belston Park, Sinclairston","The Brodick","3","https://www.hayhilldevelopments.co.uk/developments/belston-park-sinclairston/bp-plot-11-the-brodick/","images/3e5cc5b5470b0eef9e33a0431b2603bb84d9de42606ba1b7188ab1c7d5e18aa1.jpg","https://www.hayhilldevelopments.co.uk/wp-content/uploads/2025/03/BP-Kitchen-CloseUp-1-1920x770.jpg","This is a photograph of a kitchen interior."
"Belston Park, Sinclairston","The Brodick","3","https://www.hayhilldevelopments.co.uk/developments/belston-park-sinclairston/bp-plot-11-the-brodick/","images/51ba613056224769a6884dd9b67171b6a87ee929d65e566d7e349f9459176a1a.jpg","https://www.hayhilldevelopments.co.uk/wp-content/uploads/2025/03/BP-Kitchen-CloseUp-2-1920x770.jpg","This is a detailed shot of a kitchen workspace."
"Belston Park, Sinclairston","The Brodick","3","https://www.hayhilldevelopments.co.uk/developments/belston-park-sinclairston/bp-plot-11-the-brodick/","images/d6a4f61d642aeda5f4f8dee5d816c7e46941c06dc42949cba4e29633b985263b.jpg","https://www.hayhilldevelopments.co.uk/wp-content/uploads/2025/03/BP-Kitchen-Appliances-2-1920x770.jpg","This is a photograph of a kitchen interior."
"Belston Park, Sinclairston","The Brodick","3","https://www.hayhilldevelopments.co.uk/developments/belston-park-sinclairston/bp-plot-11-the-brodick/","images/1ddf4d5bb62bcad267bbd89eeb72e1fbaec68bde2f312c5bd7b6c88979467ac5.jpg","https://www.hayhilldevelopments.co.uk/wp-content/uploads/2025/03/BP-Kitchen-Appliances-3-1920x770.jpg","This is a detail shot of a kitchen sink area."
"Belston Park, Sinclairston","The Brodick","3","https://www.hayhilldevelopments.co.uk/developments/belston-park-sinclairston/bp-plot-11-the-brodick/","images/c0c0694c6a3ce17a559372599f0d1eded52be693be8706589b742fe2b23eabc5.jpg","https://www.hayhilldevelopments.co.uk/wp-content/uploads/2025/03/BP-Dining-Table-1920x770.jpg","This is a detailed shot of a dining room table setting."
"Belston Park, Sinclairston","The Brodick","3","https://www.hayhilldevelopments.co.uk/developments/belston-park-sinclairston/bp-plot-11-the-brodick/","images/47582321ff8c2a4a497d2608573109e2e0649a28cabab2e84a9027921d1defdd.jpg","https://www.hayhilldevelopments.co.uk/wp-content/uploads/2022/09/BP-Dining-2-1920x770.jpg","This is a detailed shot of a dining room table setting."
"Belston Park, Sinclairston","The Brodick","3","https://www.hayhilldevelopments.co.uk/developments/belston-park-sinclairston/bp-plot-11-the-brodick/","images/f22881faf9b1166f46df2fb449763a3759c04acb566896444af240d16b36c33b.jpg","https://www.hayhilldevelopments.co.uk/wp-content/uploads/2022/09/BP-Dining-3-1920x770.jpg","This is an interior photograph of a dining room."
"Belston Park, Sinclairston","The Brodick","3","https://www.hayhilldevelopments.co.uk/developments/belston-park-sinclairston/bp-plot-11-the-brodick/","images/7fcde8941d53e6046960b16a4b90f02f4d9268efb311619ebac488fba5a36733.jpg","https://www.hayhilldevelopments.co.uk/wp-content/uploads/2022/09/BP-Dining-1-1920x770.jpg","This is a wide shot of a dining room."
"Belston Park, Sinclairston","The Brodick","3","https://www.hayhilldevelopments.co.uk/developments/belston-park-sinclairston/bp-plot-11-the-brodick/","images/3e66ff036e63a722c939e5c2b97828587c870507568ca71447d9fc66d6ebefb5.jpg","https://www.hayhilldevelopments.co.uk/wp-content/uploads/2022/09/BP-Kitchen-1-1920x770.jpg","The image shows a functional kitchen space with appliances and cabinetry."
"Belston Park, Sinclairston","The Brodick","3","https://www.hayhilldevelopments.co.uk/developments/belston-park-sinclairston/bp-plot-11-the-brodick/","images/3529c28a1951c79be0961b7abec8e86479f03f6f4b8c00abd4489f41da6b56b5.jpg","https://www.hayhilldevelopments.co.uk/wp-content/uploads/2025/03/BP-Living-Dining-1920x770.jpg","This is a photograph of a living room interior."
"Belston Park, Sinclairston","The Brodick","3","https://www.hayhilldevelopments.co.uk/developments/belston-park-sinclairston/bp-plot-11-the-brodick/","images/a480e4066f4d79bbf63877ee6495da3635487627711c6dbea3204f7a4aa00e2b.jpg","https://www.hayhilldevelopments.co.uk/wp-content/uploads/2025/03/BP-Living-Kitchen-1920x770.jpg","The image shows a furnished living space with a sofa and kitchen area."
"Belston Park, Sinclairston","The Brodick","3","https://www.hayhilldevelopments.co.uk/developments/belston-park-sinclairston/bp-plot-11-the-brodick/","images/04cadd17aca3294e6c5717ccddc30fcf75ff00ceb2a56e566d99f93142e6d915.jpg","https://www.hayhilldevelopments.co.uk/wp-content/uploads/2025/03/BP-Living-Dining-2-1920x770.jpg","The image depicts a furnished living room with a sofa and coffee table."
"Belston Park, Sinclairston","The Brodick","3","https://www.hayhilldevelopments.co.uk/developments/belston-park-sinclairston/bp-plot-11-the-brodick/","images/bb7ba3b1541c0f9b0a4f3b4cd49846e6bb545ead210cc5c23d7f2a2323356342.jpg","https://www.hayhilldevelopments.co.uk/wp-content/uploads/2025/03/BP-Living-Room-1920x770.jpg","This is a photograph of a living room interior."
"Belston Park, Sinclairston","The Brodick","3","https://www.hayhilldevelopments.co.uk/developments/belston-park-sinclairston/bp-plot-11-the-brodick/","images/24dd2c586ad5367f9b1265b47bd3018e37f6a62a95300aca5ff55a10dccf5cfd.jpg","https://www.hayhilldevelopments.co.uk/wp-content/uploads/2025/03/BP-Office-2-1920x770.jpg","The image shows a dedicated workspace with a desk and chair."
"Belston Park, Sinclairston","The Brodick","3","https://www.hayhilldevelopments.co.uk/developments/belston-park-sinclairston/bp-plot-11-the-brodick/","images/e22b0d34ce40e8ef6d13e2ef12e3a7a7dfd7777a2d40ca9b9364b2a076c81f86.jpg","https://www.hayhilldevelopments.co.uk/wp-content/uploads/2025/03/BP-Office-1920x770.jpg","The image shows a home office or study space."
"Belston Park, Sinclairston","The Brodick","3","https://www.hayhilldevelopments.co.uk/developments/belston-park-sinclairston/bp-plot-11-the-brodick/","images/7faebaef55648b7edd086bf67991d9d1642ad74e34c75cf5fae922d97472471c.jpg","https://www.hayhilldevelopments.co.uk/wp-content/uploads/2022/09/BP-Bedroom-1-1920x770.jpg","The image shows a bedroom with a bed and bedside furniture."
"Belston Park, Sinclairston","The Brodick","3","https://www.hayhilldevelopments.co.uk/developments/belston-park-sinclairston/bp-plot-11-the-brodick/","images/3a6d5d1456b81e451da7a67e26eaaa82fcee9ef62eac0da6734a4ccd8fb41174.jpg","https://www.hayhilldevelopments.co.uk/wp-content/uploads/2022/09/BP-Bedroom-closeup-1920x770.jpg","The image shows a bedroom with a bed and bedside furniture."
"Belston Park, Sinclairston","The Brodick","3","https://www.hayhilldevelopments.co.uk/developments/belston-park-sinclairston/bp-plot-11-the-brodick/","images/a3be3232eed6789fd60e4a2924b455490ecbcbe45ba54c7a572d8c02f274dd88.jpg","https://www.hayhilldevelopments.co.uk/wp-content/uploads/2025/03/BP-Bedroom-3-1920x770.jpg","The image shows a bedroom with a bed and bedside furniture."
"Belston Park, Sinclairston","The Brodick","3","https://www.hayhilldevelopments.co.uk/developments/belston-park-sinclairston/bp-plot-11-the-brodick/","images/cef87df4a1775deb11b3ebf586f8df8da743a4c94794a0237efead8558b06eec.jpg","https://www.hayhilldevelopments.co.uk/wp-content/uploads/2025/03/BP-Bedroom-closeup-2-1920x770.jpg","The image shows a bedroom setting with a bed and bedside furniture."
"Belston Park, Sinclairston","The Brodick","3","https://www.hayhilldevelopments.co.uk/developments/belston-park-sinclairston/bp-plot-11-the-brodick/","images/5d79eb97a04554e3718968c4286934cc9a133f8246ed8963226c7c470ba35f89.jpg","https://www.hayhilldevelopments.co.uk/wp-content/uploads/2025/03/BP-TV-1920x770.jpg","This is a detail shot of furniture within a living room."
"Belston Park, Sinclairston","The Brodick","3","https://www.hayhilldevelopments.co.uk/developments/belston-park-sinclairston/bp-plot-11-the-brodick/","images/476095bd2d89479509fc956c054adcfaa34579b0f08850ff9100867b920fabad.jpg","https://www.hayhilldevelopments.co.uk/wp-content/uploads/2025/03/BP-Decoration-1920x770.jpg","This is a decorative detail shot within a living room setting."
"Belston Park, Sinclairston","The Brodick","3","https://www.hayhilldevelopments.co.uk/developments/belston-park-sinclairston/bp-plot-11-the-brodick/","images/98e35b9688db034c7f124ef7fca48cd45d0c15a816813eac27ce62178b15a476.jpg","https://www.hayhilldevelopments.co.uk/wp-content/uploads/2025/03/BP-Bathroom-closeup-1920x770.jpg","The image shows a bathroom fixture."
"Belston Park, Sinclairston","The Brodick","3","https://www.hayhilldevelopments.co.uk/developments/belston-park-sinclairston/bp-plot-11-the-brodick/","images/972bd13b993286f1f6ce911f08de3b2c56b78b38550c1fb5dedaae6faad43328.jpg","https://www.hayhilldevelopments.co.uk/wp-content/uploads/2025/03/BP-Bathroom-3-1920x770.jpg","The image shows a bathroom interior."
"Belston Park, Sinclairston","The Brodick","3","https://www.hayhilldevelopments.co.uk/developments/belston-park-sinclairston/bp-plot-11-the-brodick/","images/831d36cad59914448fc83ac38a46f866f25a624c80c073a26419bf8088a7bdca.jpg","https://www.hayhilldevelopments.co.uk/wp-content/uploads/2025/03/BP-Bathroom-2-1920x770.jpg","The image shows a bathroom interior."
"Belston Park, Sinclairston","The Brodick","3","https://www.hayhilldevelopments.co.uk/developments/belston-park-sinclairston/bp-plot-11-the-brodick/","images/04db7ceda7dfb0b2d86f43c7736ff77bf1d9f55abc87820d5c44a85b8f0bb544.jpg","https://www.hayhilldevelopments.co.uk/wp-content/uploads/2025/03/BP-Bathroom-1920x770.jpg","The image shows a bathroom interior."
"Belston Park, Sinclairston","The Brodick","3","https://www.hayhilldevelopments.co.uk/developments/belston-park-sinclairston/bp-plot-11-the-brodick/","images/3b92aec0e85992334e4e7b6ab140bfe855ec924a36da6c104c288e2082ed0c3c.jpg","https://www.hayhilldevelopments.co.uk/wp-content/uploads/2022/09/BP-Exterior-3-1920x770.jpg","This is a photograph of a property exterior."
"Belston Park, Sinclairston","The Brodick","3","https://www.hayhilldevelopments.co.uk/developments/belston-park-sinclairston/bp-plot-11-the-brodick/","images/804121b49605bcaab478d380ad7c776ca431cad32985ed95d313981ac6a3f429.jpg","https://www.hayhilldevelopments.co.uk/wp-content/uploads/2022/09/BP-Exterior-1-1920x770.jpg","The image shows the exterior of a residential property."
"Belston Park, Sinclairston","The Brodick","3","https://www.hayhilldevelopments.co.uk/developments/belston-park-sinclairston/bp-plot-11-the-brodick/","images/56a9a572398031ba1795682be41214563fc4774bbf890c006ad755a170b84b13.jpg","https://www.hayhilldevelopments.co.uk/wp-content/uploads/2025/03/BP-Development-Site-1-1920x770.jpg","This is an exterior view of a property development site."
"Belston Park, Sinclairston","The Brodick","3","https://www.hayhilldevelopments.co.uk/developments/belston-park-sinclairston/bp-plot-11-the-brodick/","images/9ccc7469c83da1bc648085e8ec7bf118edefecaa0979c315958cd713159f6667.jpg","https://www.hayhilldevelopments.co.uk/wp-content/uploads/2025/03/BP-Landscape2-1920x770.jpg","This is an aerial landscape shot showing the property's surroundings."
"Belston Park, Sinclairston","The Brodick","3","https://www.hayhilldevelopments.co.uk/developments/belston-park-sinclairston/bp-plot-11-the-brodick/","images/1e5bef4f13c40fef67762c644e26cdb9c99cc2cdde1034d2f7b69989d4cacc6d.jpg","https://www.hayhilldevelopments.co.uk/wp-content/uploads/2025/03/BP-Landscape2-354x238.jpg","This is an exterior landscape view."
"Belston Park, Sinclairston","The Brodick","3","https://www.hayhilldevelopments.co.uk/developments/belston-park-sinclairston/bp-plot-11-the-brodick/","images/bd876bd95d5ab418f1f94436d3e46ea191749551c8ed680f733995177dffa252.jpg","https://www.hayhilldevelopments.co.uk/wp-content/uploads/2022/09/BP-Exterior-3-354x238.jpg","This is an exterior view of a house."
"Belston Park, Sinclairston","The Brodick","3","https://www.hayhilldevelopments.co.uk/developments/belston-park-sinclairston/bp-plot-11-the-brodick/","images/de0f5fbe0022e195a312161e77e9d2ad8def3f6f113229cf8bbabc17fdc8a71d.jpg","https://www.hayhilldevelopments.co.uk/wp-content/uploads/2025/03/BP-Living-Dining-2-354x238.jpg","This is an interior view of a living room."
"Belston Park, Sinclairston","The Brodick","3","https://www.hayhilldevelopments.co.uk/developments/belston-park-sinclairston/bp-plot-11-the-brodick/","images/a8ec36c41869c4e9a0a45c6af661e1b0d80c16c3ad1ff75927d39dd6e04699d4.jpg","https://www.hayhilldevelopments.co.uk/wp-content/uploads/2025/03/BP-Living-Kitchen-354x238.jpg","This is an interior view of a living room."
"Belston Park, Sinclairston","The Brodick","3","https://www.hayhilldevelopments.co.uk/developments/belston-park-sinclairston/bp-plot-11-the-brodick/","images/d170cfca8a66e437f4f85eb5cfc73bbdbc88c892916e8f36febf61860c3bccf6.jpg","https://www.hayhilldevelopments.co.uk/wp-content/uploads/2025/03/BP-Kitchen-2-354x238.jpg","This is a photograph of a functional kitchen space."
"Belston Park, Sinclairston","The Brodick","3","https://www.hayhilldevelopments.co.uk/developments/belston-park-sinclairston/bp-plot-11-the-brodick/","images/5242093dcde03a004baf424d04249c985b713ea6a932f55291b10cef5c2c889a.jpg","https://www.hayhilldevelopments.co.uk/wp-content/uploads/2025/03/BP-Kitchen-4-354x238.jpg","This is a photograph of a kitchen workspace."
"Belston Park, Sinclairston","The Brodick","3","https://www.hayhilldevelopments.co.uk/developments/belston-park-sinclairston/bp-plot-11-the-brodick/","images/54c393df84b3c2394279fed084928ffe08487661ee0a64623b35b7ada1e2c3dd.jpg","https://www.hayhilldevelopments.co.uk/wp-content/uploads/2025/03/BP-Kitchen-Appliances-2-354x238.jpg","This is a photograph of a kitchen countertop."
"Belston Park, Sinclairston","The Brodick","3","https://www.hayhilldevelopments.co.uk/developments/belston-park-sinclairston/bp-plot-11-the-brodick/","images/b6751e206292b0a1fdd70c5261a48b93afba4b3b6702e741aa05590d4f2970c7.jpg","https://www.hayhilldevelopments.co.uk/wp-content/uploads/2025/03/BP-Kitchen-Appliances-1-354x238.jpg","This is a photograph of kitchen appliances."
"Belston Park, Sinclairston","The Brodick","3","https://www.hayhilldevelopments.co.uk/developments/belston-park-sinclairston/bp-plot-11-the-brodick/","images/c427d31b4ec534fea3b052123cbf6c26ad57718aaafe88bedcd2e92954d7178b.jpg","https://www.hayhilldevelopments.co.uk/wp-content/uploads/2025/03/BP-Kitchen-Appliances-0-354x238.jpg","This is a photograph of a kitchen appliance."
"Belston Park, Sinclairston","The Brodick","3","https://www.hayhilldevelopments.co.uk/developments/belston-park-sinclairston/bp-plot-11-the-brodick/","images/caee47522e63b11e79f2b849b261f08fcef5a4c1df236a6c4aeb4aadff6ebf3b.jpg","https://www.hayhilldevelopments.co.uk/wp-content/uploads/2025/03/BP-Kitchen-Appliances-3-354x238.jpg","This is a photograph of a kitchen sink area."
"Belston Park, Sinclairston","The Brodick","3","https://www.hayhilldevelopments.co.uk/developments/belston-park-sinclairston/bp-plot-11-the-brodick/","images/d2b65578b2bbfb43c136cc04f5a0e6c6bba5da368fb9a4edc998a9cbb66cbf48.jpg","https://www.hayhilldevelopments.co.uk/wp-content/uploads/2025/03/BP-Dining-Table-354x238.jpg","This is a photograph of a dining room table setting."
"Belston Park, Sinclairston","The Brodick","3","https://www.hayhilldevelopments.co.uk/developments/belston-park-sinclairston/bp-plot-11-the-brodick/","images/387f5efc69df4f0a8c047251683de0c1dae3df6634a4b9b3d0628c888a2b2bab.jpg","https://www.hayhilldevelopments.co.uk/wp-content/uploads/2025/03/BP-Bathroom-closeup-354x238.jpg","This is a photograph of a bathroom fixture."
"Belston Park, Sinclairston","The Brodick","3","https://www.hayhilldevelopments.co.uk/developments/belston-park-sinclairston/bp-plot-11-the-brodick/","images/ad72377bba9239621b640adefb04d551e732b58f46a2ab409c70176bcf626fc5.jpg","https://www.hayhilldevelopments.co.uk/wp-content/uploads/2025/03/BP-Bathroom-354x238.jpg","The image shows a functional bathroom with standard sanitary ware."
"Belston Park, Sinclairston","The Brodick","3","https://www.hayhilldevelopments.co.uk/developments/belston-park-sinclairston/bp-plot-11-the-brodick/","images/76d222c124324230e19028accc7aae874b5bec387fd7e240bdb02bb5223e5cd3.jpg","https://www.hayhilldevelopments.co.uk/wp-content/uploads/2025/03/BP-Bathroom-3-354x238.jpg","The image depicts a small downstairs toilet or cloakroom."
"Belston Park, Sinclairston","The Brodick","3","https://www.hayhilldevelopments.co.uk/developments/belston-park-sinclairston/bp-plot-11-the-brodick/","images/358160aae3648a65cba6954c1a43b3ea5c904272ea6d5acafb7eec8e74df0147.jpg","https://www.hayhilldevelopments.co.uk/wp-content/uploads/2025/03/BP-Bathroom-2-354x238.jpg","The image shows a standard residential bathroom."
"Belston Park, Sinclairston","The Brodick","3","https://www.hayhilldevelopments.co.uk/developments/belston-park-sinclairston/bp-plot-11-the-brodick/","images/fd6eb8e7fc36a5074a3c26a27ebb76fcc278370a5286609def64282fd196e366.jpg","https://www.hayhilldevelopments.co.uk/wp-content/uploads/2022/09/BP-Bedroom-1-354x238.jpg","The image shows a furnished bedroom."
"Belston Park, Sinclairston","The Brodick","3","https://www.hayhilldevelopments.co.uk/developments/belston-park-sinclairston/bp-plot-11-the-brodick/","images/aec481b6586a418a5d010b25861f36eea34479d8fb7269e623105365654ffe0b.jpg","https://www.hayhilldevelopments.co.uk/wp-content/uploads/2025/03/BP-Bedroom-closeup-2-354x238.jpg","The image shows a detail of a bedroom."
"Belston Park, Sinclairston","The Brodick","3","https://www.hayhilldevelopments.co.uk/developments/belston-park-sinclairston/bp-plot-11-the-brodick/","images/c367a976021279cdae3910f4518e19d2d18528f1dc383c0c189639dfffa62ddc.jpg","https://www.hayhilldevelopments.co.uk/wp-content/uploads/2022/09/BP-Bedroom-closeup-354x238.jpg","The image shows a detail of a bedroom."
"Belston Park, Sinclairston","The Brodick","3","https://www.hayhilldevelopments.co.uk/developments/belston-park-sinclairston/bp-plot-11-the-brodick/","images/198c5e2b9e9e57c43f07a78735f03b08072fd2202c5f9a9d1ac9422a95ceaf10.jpg","https://www.hayhilldevelopments.co.uk/wp-content/uploads/2025/03/BP-Office-2-354x238.jpg","The image shows a home office or study space."
"Belston Park, Sinclairston","The Brodick","3","https://www.hayhilldevelopments.co.uk/developments/belston-park-sinclairston/bp-plot-11-the-brodick/","images/24a015491062fb8b4e56fba513407e1581acaf6d0d0e6287060ad639a915b0fd.jpg","https://www.hayhilldevelopments.co.uk/wp-content/uploads/2025/03/BP-Office-354x238.jpg","The image shows a home office or study room."
"Belston Park, Sinclairston","The Kilbirnie","3","https://www.hayhilldevelopments.co.uk/developments/belston-park-sinclairston/bp-plot-12-the-kilbirnie/","images/3b92aec0e85992334e4e7b6ab140bfe855ec924a36da6c104c288e2082ed0c3c.jpg","https://www.hayhilldevelopments.co.uk/wp-content/uploads/2022/09/BP-Exterior-3-1920x770.jpg","This is a photograph of a property exterior."
"Belston Park, Sinclairston","The Kilbirnie","3","https://www.hayhilldevelopments.co.uk/developments/belston-park-sinclairston/bp-plot-12-the-kilbirnie/","images/fb6c083209b07ae65d4cb36e0533760dbb8f008772f6b1067eddb21516a8768d.jpg","https://www.hayhilldevelopments.co.uk/wp-content/uploads/2025/03/BP-Development-Site-2-1920x770.jpg","This is an aerial photograph of a property development site."
"Belston Park, Sinclairston","The Kilbirnie","3","https://www.hayhilldevelopments.co.uk/developments/belston-park-sinclairston/bp-plot-12-the-kilbirnie/","images/9ccc7469c83da1bc648085e8ec7bf118edefecaa0979c315958cd713159f6667.jpg","https://www.hayhilldevelopments.co.uk/wp-content/uploads/2025/03/BP-Landscape2-1920x770.jpg","This is an aerial landscape shot showing the property's surroundings."
"Belston Park, Sinclairston","The Kilbirnie","3","https://www.hayhilldevelopments.co.uk/developments/belston-park-sinclairston/bp-plot-12-the-kilbirnie/","images/3c9f015c1cc709672b865137e35ed837ee43104fde6e7df61508d2c1ce4066ed.jpg","https://www.hayhilldevelopments.co.uk/wp-content/uploads/2022/09/BP-Kitchen-3-1920x770.jpg","This is a photograph of a kitchen interior."
"Belston Park, Sinclairston","The Kilbirnie","3","https://www.hayhilldevelopments.co.uk/developments/belston-park-sinclairston/bp-plot-12-the-kilbirnie/","images/3e66ff036e63a722c939e5c2b97828587c870507568ca71447d9fc66d6ebefb5.jpg","https://www.hayhilldevelopments.co.uk/wp-content/uploads/2022/09/BP-Kitchen-1-1920x770.jpg","The image shows a functional kitchen space with appliances and cabinetry."
"Belston Park, Sinclairston","The Kilbirnie","3","https://www.hayhilldevelopments.co.uk/developments/belston-park-sinclairston/bp-plot-12-the-kilbirnie/","images/d6a4f61d642aeda5f4f8dee5d816c7e46941c06dc42949cba4e29633b985263b.jpg","https://www.hayhilldevelopments.co.uk/wp-content/uploads/2025/03/BP-Kitchen-Appliances-2-1920x770.jpg","This is a photograph of a kitchen interior."
"Belston Park, Sinclairston","The Kilbirnie","3","https://www.hayhilldevelopments.co.uk/developments/belston-park-sinclairston/bp-plot-12-the-kilbirnie/","images/1ddf4d5bb62bcad267bbd89eeb72e1fbaec68bde2f312c5bd7b6c88979467ac5.jpg","https://www.hayhilldevelopments.co.uk/wp-content/uploads/2025/03/BP-Kitchen-Appliances-3-1920x770.jpg","This is a detail shot of a kitchen sink area."
"Belston Park, Sinclairston","The Kilbirnie","3","https://www.hayhilldevelopments.co.uk/developments/belston-park-sinclairston/bp-plot-12-the-kilbirnie/","images/27e59316e8928895a6346cb0f009719b67bdb68c4b0594b02ef0fb0a91b82b42.jpg","https://www.hayhilldevelopments.co.uk/wp-content/uploads/2025/03/BP-Kitchen-4-1920x770.jpg","This is a photograph of a kitchen interior."
"Belston Park, Sinclairston","The Kilbirnie","3","https://www.hayhilldevelopments.co.uk/developments/belston-park-sinclairston/bp-plot-12-the-kilbirnie/","images/be305a1795f5664474aa84e8296a985e869bc5be3607d96ab3fb6d0e42828049.jpg","https://www.hayhilldevelopments.co.uk/wp-content/uploads/2025/03/BP-Kitchen-Appliances-1-1920x770.jpg","This is a detail shot of kitchen fixtures and fittings."
"Belston Park, Sinclairston","The Kilbirnie","3","https://www.hayhilldevelopments.co.uk/developments/belston-park-sinclairston/bp-plot-12-the-kilbirnie/","images/df3145c8e54222d2265fc019ee68d465e877703330f40d29f85fe8810f1cf0eb.jpg","https://www.hayhilldevelopments.co.uk/wp-content/uploads/2025/03/BP-Kitchen-2-1920x770.jpg","The image shows a functional kitchen space."
"Belston Park, Sinclairston","The Kilbirnie","3","https://www.hayhilldevelopments.co.uk/developments/belston-park-sinclairston/bp-plot-12-the-kilbirnie/","images/51ba613056224769a6884dd9b67171b6a87ee929d65e566d7e349f9459176a1a.jpg","https://www.hayhilldevelopments.co.uk/wp-content/uploads/2025/03/BP-Kitchen-CloseUp-2-1920x770.jpg","This is a detailed shot of a kitchen workspace."
"Belston Park, Sinclairston","The Kilbirnie","3","https://www.hayhilldevelopments.co.uk/developments/belston-park-sinclairston/bp-plot-12-the-kilbirnie/","images/7fcde8941d53e6046960b16a4b90f02f4d9268efb311619ebac488fba5a36733.jpg","https://www.hayhilldevelopments.co.uk/wp-content/uploads/2022/09/BP-Dining-1-1920x770.jpg","This is a wide shot of a dining room."
"Belston Park, Sinclairston","The Kilbirnie","3","https://www.hayhilldevelopments.co.uk/developments/belston-park-sinclairston/bp-plot-12-the-kilbirnie/","images/47582321ff8c2a4a497d2608573109e2e0649a28cabab2e84a9027921d1defdd.jpg","https://www.hayhilldevelopments.co.uk/wp-content/uploads/2022/09/BP-Dining-2-1920x770.jpg","This is a detailed shot of a dining room table setting."
"Belston Park, Sinclairston","The Kilbirnie","3","https://www.hayhilldevelopments.co.uk/developments/belston-park-sinclairston/bp-plot-12-the-kilbirnie/","images/f22881faf9b1166f46df2fb449763a3759c04acb566896444af240d16b36c33b.jpg","https://www.hayhilldevelopments.co.uk/wp-content/uploads/2022/09/BP-Dining-3-1920x770.jpg","This is an interior photograph of a dining room."
"Belston Park, Sinclairston","The Kilbirnie","3","https://www.hayhilldevelopments.co.uk/developments/belston-park-sinclairston/bp-plot-12-the-kilbirnie/","images/c0c0694c6a3ce17a559372599f0d1eded52be693be8706589b742fe2b23eabc5.jpg","https://www.hayhilldevelopments.co.uk/wp-content/uploads/2025/03/BP-Dining-Table-1920x770.jpg","This is a detailed shot of a dining room table setting."
"Belston Park, Sinclairston","The Kilbirnie","3","https://www.hayhilldevelopments.co.uk/developments/belston-park-sinclairston/bp-plot-12-the-kilbirnie/","images/3529c28a1951c79be0961b7abec8e86479f03f6f4b8c00abd4489f41da6b56b5.jpg","https://www.hayhilldevelopments.co.uk/wp-content/uploads/2025/03/BP-Living-Dining-1920x770.jpg","This is a photograph of a living room interior."
"Belston Park, Sinclairston","The Kilbirnie","3","https://www.hayhilldevelopments.co.uk/developments/belston-park-sinclairston/bp-plot-12-the-kilbirnie/","images/5d79eb97a04554e3718968c4286934cc9a133f8246ed8963226c7c470ba35f89.jpg","https://www.hayhilldevelopments.co.uk/wp-content/uploads/2025/03/BP-TV-1920x770.jpg","This is a detail shot of furniture within a living room."
"Belston Park, Sinclairston","The Kilbirnie","3","https://www.hayhilldevelopments.co.uk/developments/belston-park-sinclairston/bp-plot-12-the-kilbirnie/","images/bb7ba3b1541c0f9b0a4f3b4cd49846e6bb545ead210cc5c23d7f2a2323356342.jpg","https://www.hayhilldevelopments.co.uk/wp-content/uploads/2025/03/BP-Living-Room-1920x770.jpg","This is a photograph of a living room interior."
"Belston Park, Sinclairston","The Kilbirnie","3","https://www.hayhilldevelopments.co.uk/developments/belston-park-sinclairston/bp-plot-12-the-kilbirnie/","images/a480e4066f4d79bbf63877ee6495da3635487627711c6dbea3204f7a4aa00e2b.jpg","https://www.hayhilldevelopments.co.uk/wp-content/uploads/2025/03/BP-Living-Kitchen-1920x770.jpg","The image shows a furnished living space with a sofa and kitchen area."
"Belston Park, Sinclairston","The Kilbirnie","3","https://www.hayhilldevelopments.co.uk/developments/belston-park-sinclairston/bp-plot-12-the-kilbirnie/","images/04cadd17aca3294e6c5717ccddc30fcf75ff00ceb2a56e566d99f93142e6d915.jpg","https://www.hayhilldevelopments.co.uk/wp-content/uploads/2025/03/BP-Living-Dining-2-1920x770.jpg","The image depicts a furnished living room with a sofa and coffee table."
"Belston Park, Sinclairston","The Kilbirnie","3","https://www.hayhilldevelopments.co.uk/developments/belston-park-sinclairston/bp-plot-12-the-kilbirnie/","images/24dd2c586ad5367f9b1265b47bd3018e37f6a62a95300aca5ff55a10dccf5cfd.jpg","https://www.hayhilldevelopments.co.uk/wp-content/uploads/2025/03/BP-Office-2-1920x770.jpg","The image shows a dedicated workspace with a desk and chair."
"Belston Park, Sinclairston","The Kilbirnie","3","https://www.hayhilldevelopments.co.uk/developments/belston-park-sinclairston/bp-plot-12-the-kilbirnie/","images/3a6d5d1456b81e451da7a67e26eaaa82fcee9ef62eac0da6734a4ccd8fb41174.jpg","https://www.hayhilldevelopments.co.uk/wp-content/uploads/2022/09/BP-Bedroom-closeup-1920x770.jpg","The image shows a bedroom with a bed and bedside furniture."
"Belston Park, Sinclairston","The Kilbirnie","3","https://www.hayhilldevelopments.co.uk/developments/belston-park-sinclairston/bp-plot-12-the-kilbirnie/","images/7faebaef55648b7edd086bf67991d9d1642ad74e34c75cf5fae922d97472471c.jpg","https://www.hayhilldevelopments.co.uk/wp-content/uploads/2022/09/BP-Bedroom-1-1920x770.jpg","The image shows a bedroom with a bed and bedside furniture."
"Belston Park, Sinclairston","The Kilbirnie","3","https://www.hayhilldevelopments.co.uk/developments/belston-park-sinclairston/bp-plot-12-the-kilbirnie/","images/a3be3232eed6789fd60e4a2924b455490ecbcbe45ba54c7a572d8c02f274dd88.jpg","https://www.hayhilldevelopments.co.uk/wp-content/uploads/2025/03/BP-Bedroom-3-1920x770.jpg","The image shows a bedroom with a bed and bedside furniture."
"Belston Park, Sinclairston","The Kilbirnie","3","https://www.hayhilldevelopments.co.uk/developments/belston-park-sinclairston/bp-plot-12-the-kilbirnie/","images/36674296a3e3a62fefc601b1588a68a68ab74de49a01ffc55331e58bfd008351.jpg","https://www.hayhilldevelopments.co.uk/wp-content/uploads/2022/09/BP-Bedroom-2-1920x770.jpg","The image shows a bedroom with a bed and decorative elements."
"Belston Park, Sinclairston","The Kilbirnie","3","https://www.hayhilldevelopments.co.uk/developments/belston-park-sinclairston/bp-plot-12-the-kilbirnie/","images/cef87df4a1775deb11b3ebf586f8df8da743a4c94794a0237efead8558b06eec.jpg","https://www.hayhilldevelopments.co.uk/wp-content/uploads/2025/03/BP-Bedroom-closeup-2-1920x770.jpg","The image shows a bedroom setting with a bed and bedside furniture."
"Belston Park, Sinclairston","The Kilbirnie","3","https://www.hayhilldevelopments.co.uk/developments/belston-park-sinclairston/bp-plot-12-the-kilbirnie/","images/476095bd2d89479509fc956c054adcfaa34579b0f08850ff9100867b920fabad.jpg","https://www.hayhilldevelopments.co.uk/wp-content/uploads/2025/03/BP-Decoration-1920x770.jpg","This is a decorative detail shot within a living room setting."
"Belston Park, Sinclairston","The Kilbirnie","3","https://www.hayhilldevelopments.co.uk/developments/belston-park-sinclairston/bp-plot-12-the-kilbirnie/","images/98e35b9688db034c7f124ef7fca48cd45d0c15a816813eac27ce62178b15a476.jpg","https://www.hayhilldevelopments.co.uk/wp-content/uploads/2025/03/BP-Bathroom-closeup-1920x770.jpg","The image shows a bathroom fixture."
"Belston Park, Sinclairston","The Kilbirnie","3","https://www.hayhilldevelopments.co.uk/developments/belston-park-sinclairston/bp-plot-12-the-kilbirnie/","images/04db7ceda7dfb0b2d86f43c7736ff77bf1d9f55abc87820d5c44a85b8f0bb544.jpg","https://www.hayhilldevelopments.co.uk/wp-content/uploads/2025/03/BP-Bathroom-1920x770.jpg","The image shows a bathroom interior."
"Belston Park, Sinclairston","The Kilbirnie","3","https://www.hayhilldevelopments.co.uk/developments/belston-park-sinclairston/bp-plot-12-the-kilbirnie/","images/5083de490531c3890a62ebbc3935e189cae5114d19a2e26b0a1a8196522034f0.jpg","https://www.hayhilldevelopments.co.uk/wp-content/uploads/2025/03/BP-Bathroom-closeup-2-1920x770.jpg","The image shows a bathroom interior."
"Belston Park, Sinclairston","The Kilbirnie","3","https://www.hayhilldevelopments.co.uk/developments/belston-park-sinclairston/bp-plot-12-the-kilbirnie/","images/972bd13b993286f1f6ce911f08de3b2c56b78b38550c1fb5dedaae6faad43328.jpg","https://www.hayhilldevelopments.co.uk/wp-content/uploads/2025/03/BP-Bathroom-3-1920x770.jpg","The image shows a bathroom interior."
"Belston Park, Sinclairston","The Kilbirnie","3","https://www.hayhilldevelopments.co.uk/developments/belston-park-sinclairston/bp-plot-12-the-kilbirnie/","images/831d36cad59914448fc83ac38a46f866f25a624c80c073a26419bf8088a7bdca.jpg","https://www.hayhilldevelopments.co.uk/wp-content/uploads/2025/03/BP-Bathroom-2-1920x770.jpg","The image shows a bathroom interior."
"Belston Park, Sinclairston","The Kilbirnie","3","https://www.hayhilldevelopments.co.uk/developments/belston-park-sinclairston/bp-plot-12-the-kilbirnie/","images/1e5bef4f13c40fef67762c644e26cdb9c99cc2cdde1034d2f7b69989d4cacc6d.jpg","https://www.hayhilldevelopments.co.uk/wp-content/uploads/2025/03/BP-Landscape2-354x238.jpg","This is an exterior landscape view."
"Belston Park, Sinclairston","The Kilbirnie","3","https://www.hayhilldevelopments.co.uk/developments/belston-park-sinclairston/bp-plot-12-the-kilbirnie/","images/bd876bd95d5ab418f1f94436d3e46ea191749551c8ed680f733995177dffa252.jpg","https://www.hayhilldevelopments.co.uk/wp-content/uploads/2022/09/BP-Exterior-3-354x238.jpg","This is an exterior view of a house."
"Belston Park, Sinclairston","The Kilbirnie","3","https://www.hayhilldevelopments.co.uk/developments/belston-park-sinclairston/bp-plot-12-the-kilbirnie/","images/de0f5fbe0022e195a312161e77e9d2ad8def3f6f113229cf8bbabc17fdc8a71d.jpg","https://www.hayhilldevelopments.co.uk/wp-content/uploads/2025/03/BP-Living-Dining-2-354x238.jpg","This is an interior view of a living room."
"Belston Park, Sinclairston","The Kilbirnie","3","https://www.hayhilldevelopments.co.uk/developments/belston-park-sinclairston/bp-plot-12-the-kilbirnie/","images/a8ec36c41869c4e9a0a45c6af661e1b0d80c16c3ad1ff75927d39dd6e04699d4.jpg","https://www.hayhilldevelopments.co.uk/wp-content/uploads/2025/03/BP-Living-Kitchen-354x238.jpg","This is an interior view of a living room."
"Belston Park, Sinclairston","The Kilbirnie","3","https://www.hayhilldevelopments.co.uk/developments/belston-park-sinclairston/bp-plot-12-the-kilbirnie/","images/d170cfca8a66e437f4f85eb5cfc73bbdbc88c892916e8f36febf61860c3bccf6.jpg","https://www.hayhilldevelopments.co.uk/wp-content/uploads/2025/03/BP-Kitchen-2-354x238.jpg","This is a photograph of a functional kitchen space."
"Belston Park, Sinclairston","The Kilbirnie","3","https://www.hayhilldevelopments.co.uk/developments/belston-park-sinclairston/bp-plot-12-the-kilbirnie/","images/5242093dcde03a004baf424d04249c985b713ea6a932f55291b10cef5c2c889a.jpg","https://www.hayhilldevelopments.co.uk/wp-content/uploads/2025/03/BP-Kitchen-4-354x238.jpg","This is a photograph of a kitchen workspace."
"Belston Park, Sinclairston","The Kilbirnie","3","https://www.hayhilldevelopments.co.uk/developments/belston-park-sinclairston/bp-plot-12-the-kilbirnie/","images/54c393df84b3c2394279fed084928ffe08487661ee0a64623b35b7ada1e2c3dd.jpg","https://www.hayhilldevelopments.co.uk/wp-content/uploads/2025/03/BP-Kitchen-Appliances-2-354x238.jpg","This is a photograph of a kitchen countertop."
"Belston Park, Sinclairston","The Kilbirnie","3","https://www.hayhilldevelopments.co.uk/developments/belston-park-sinclairston/bp-plot-12-the-kilbirnie/","images/b6751e206292b0a1fdd70c5261a48b93afba4b3b6702e741aa05590d4f2970c7.jpg","https://www.hayhilldevelopments.co.uk/wp-content/uploads/2025/03/BP-Kitchen-Appliances-1-354x238.jpg","This is a photograph of kitchen appliances."
"Belston Park, Sinclairston","The Kilbirnie","3","https://www.hayhilldevelopments.co.uk/developments/belston-park-sinclairston/bp-plot-12-the-kilbirnie/","images/c427d31b4ec534fea3b052123cbf6c26ad57718aaafe88bedcd2e92954d7178b.jpg","https://www.hayhilldevelopments.co.uk/wp-content/uploads/2025/03/BP-Kitchen-Appliances-0-354x238.jpg","This is a photograph of a kitchen appliance."
"Belston Park, Sinclairston","The Kilbirnie","3","https://www.hayhilldevelopments.co.uk/developments/belston-park-sinclairston/bp-plot-12-the-kilbirnie/","images/caee47522e63b11e79f2b849b261f08fcef5a4c1df236a6c4aeb4aadff6ebf3b.jpg","https://www.hayhilldevelopments.co.uk/wp-content/uploads/2025/03/BP-Kitchen-Appliances-3-354x238.jpg","This is a photograph of a kitchen sink area."
"Belston Park, Sinclairston","The Kilbirnie","3","https://www.hayhilldevelopments.co.uk/developments/belston-park-sinclairston/bp-plot-12-the-kilbirnie/","images/d2b65578b2bbfb43c136cc04f5a0e6c6bba5da368fb9a4edc998a9cbb66cbf48.jpg","https://www.hayhilldevelopments.co.uk/wp-content/uploads/2025/03/BP-Dining-Table-354x238.jpg","This is a photograph of a dining room table setting."
"Belston Park, Sinclairston","The Kilbirnie","3","https://www.hayhilldevelopments.co.uk/developments/belston-park-sinclairston/bp-plot-12-the-kilbirnie/","images/387f5efc69df4f0a8c047251683de0c1dae3df6634a4b9b3d0628c888a2b2bab.jpg","https://www.hayhilldevelopments.co.uk/wp-content/uploads/2025/03/BP-Bathroom-closeup-354x238.jpg","This is a photograph of a bathroom fixture."
"Belston Park, Sinclairston","The Kilbirnie","3","https://www.hayhilldevelopments.co.uk/developments/belston-park-sinclairston/bp-plot-12-the-kilbirnie/","images/ad72377bba9239621b640adefb04d551e732b58f46a2ab409c70176bcf626fc5.jpg","https://www.hayhilldevelopments.co.uk/wp-content/uploads/2025/03/BP-Bathroom-354x238.jpg","The image shows a functional bathroom with standard sanitary ware."
"Belston Park, Sinclairston","The Kilbirnie","3","https://www.hayhilldevelopments.co.uk/developments/belston-park-sinclairston/bp-plot-12-the-kilbirnie/","images/76d222c124324230e19028accc7aae874b5bec387fd7e240bdb02bb5223e5cd3.jpg","https://www.hayhilldevelopments.co.uk/wp-content/uploads/2025/03/BP-Bathroom-3-354x238.jpg","The image depicts a small downstairs toilet or cloakroom."
"Belston Park, Sinclairston","The Kilbirnie","3","https://www.hayhilldevelopments.co.uk/developments/belston-park-sinclairston/bp-plot-12-the-kilbirnie/","images/358160aae3648a65cba6954c1a43b3ea5c904272ea6d5acafb7eec8e74df0147.jpg","https://www.hayhilldevelopments.co.uk/wp-content/uploads/2025/03/BP-Bathroom-2-354x238.jpg","The image shows a standard residential bathroom."
"Belston Park, Sinclairston","The Kilbirnie","3","https://www.hayhilldevelopments.co.uk/developments/belston-park-sinclairston/bp-plot-12-the-kilbirnie/","images/fd6eb8e7fc36a5074a3c26a27ebb76fcc278370a5286609def64282fd196e366.jpg","https://www.hayhilldevelopments.co.uk/wp-content/uploads/2022/09/BP-Bedroom-1-354x238.jpg","The image shows a furnished bedroom."
"Belston Park, Sinclairston","The Kilbirnie","3","https://www.hayhilldevelopments.co.uk/developments/belston-park-sinclairston/bp-plot-12-the-kilbirnie/","images/aec481b6586a418a5d010b25861f36eea34479d8fb7269e623105365654ffe0b.jpg","https://www.hayhilldevelopments.co.uk/wp-content/uploads/2025/03/BP-Bedroom-closeup-2-354x238.jpg","The image shows a detail of a bedroom."
"Belston Park, Sinclairston","The Kilbirnie","3","https://www.hayhilldevelopments.co.uk/developments/belston-park-sinclairston/bp-plot-12-the-kilbirnie/","images/c367a976021279cdae3910f4518e19d2d18528f1dc383c0c189639dfffa62ddc.jpg","https://www.hayhilldevelopments.co.uk/wp-content/uploads/2022/09/BP-Bedroom-closeup-354x238.jpg","The image shows a detail of a bedroom."
"Belston Park, Sinclairston","The Kilbirnie","3","https://www.hayhilldevelopments.co.uk/developments/belston-park-sinclairston/bp-plot-12-the-kilbirnie/","images/198c5e2b9e9e57c43f07a78735f03b08072fd2202c5f9a9d1ac9422a95ceaf10.jpg","https://www.hayhilldevelopments.co.uk/wp-content/uploads/2025/03/BP-Office-2-354x238.jpg","The image shows a home office or study space."
"Belston Park, Sinclairston","The Kilbirnie","3","https://www.hayhilldevelopments.co.uk/developments/belston-park-sinclairston/bp-plot-12-the-kilbirnie/","images/24a015491062fb8b4e56fba513407e1581acaf6d0d0e6287060ad639a915b0fd.jpg","https://www.hayhilldevelopments.co.uk/wp-content/uploads/2025/03/BP-Office-354x238.jpg","The image shows a home office or study room."
"Belston Park, Sinclairston","The Bellisle","3","https://www.hayhilldevelopments.co.uk/developments/belston-park-sinclairston/bp-plot-10-the-belleisle/","images/804121b49605bcaab478d380ad7c776ca431cad32985ed95d313981ac6a3f429.jpg","https://www.hayhilldevelopments.co.uk/wp-content/uploads/2022/09/BP-Exterior-1-1920x770.jpg","The image shows the exterior of a residential property."
"Belston Park, Sinclairston","The Bellisle","3","https://www.hayhilldevelopments.co.uk/developments/belston-park-sinclairston/bp-plot-10-the-belleisle/","images/fb6c083209b07ae65d4cb36e0533760dbb8f008772f6b1067eddb21516a8768d.jpg","https://www.hayhilldevelopments.co.uk/wp-content/uploads/2025/03/BP-Development-Site-2-1920x770.jpg","This is an aerial photograph of a property development site."
"Belston Park, Sinclairston","The Bellisle","3","https://www.hayhilldevelopments.co.uk/developments/belston-park-sinclairston/bp-plot-10-the-belleisle/","images/9ccc7469c83da1bc648085e8ec7bf118edefecaa0979c315958cd713159f6667.jpg","https://www.hayhilldevelopments.co.uk/wp-content/uploads/2025/03/BP-Landscape2-1920x770.jpg","This is an aerial landscape shot showing the property's surroundings."
"Belston Park, Sinclairston","The Bellisle","3","https://www.hayhilldevelopments.co.uk/developments/belston-park-sinclairston/bp-plot-10-the-belleisle/","images/df3145c8e54222d2265fc019ee68d465e877703330f40d29f85fe8810f1cf0eb.jpg","https://www.hayhilldevelopments.co.uk/wp-content/uploads/2025/03/BP-Kitchen-2-1920x770.jpg","The image shows a functional kitchen space."
"Belston Park, Sinclairston","The Bellisle","3","https://www.hayhilldevelopments.co.uk/developments/belston-park-sinclairston/bp-plot-10-the-belleisle/","images/3c9f015c1cc709672b865137e35ed837ee43104fde6e7df61508d2c1ce4066ed.jpg","https://www.hayhilldevelopments.co.uk/wp-content/uploads/2022/09/BP-Kitchen-3-1920x770.jpg","This is a photograph of a kitchen interior."
"Belston Park, Sinclairston","The Bellisle","3","https://www.hayhilldevelopments.co.uk/developments/belston-park-sinclairston/bp-plot-10-the-belleisle/","images/3e66ff036e63a722c939e5c2b97828587c870507568ca71447d9fc66d6ebefb5.jpg","https://www.hayhilldevelopments.co.uk/wp-content/uploads/2022/09/BP-Kitchen-1-1920x770.jpg","The image shows a functional kitchen space with appliances and cabinetry."
"Belston Park, Sinclairston","The Bellisle","3","https://www.hayhilldevelopments.co.uk/developments/belston-park-sinclairston/bp-plot-10-the-belleisle/","images/27e59316e8928895a6346cb0f009719b67bdb68c4b0594b02ef0fb0a91b82b42.jpg","https://www.hayhilldevelopments.co.uk/wp-content/uploads/2025/03/BP-Kitchen-4-1920x770.jpg","This is a photograph of a kitchen interior."
"Belston Park, Sinclairston","The Bellisle","3","https://www.hayhilldevelopments.co.uk/developments/belston-park-sinclairston/bp-plot-10-the-belleisle/","images/62d9aae9266bac5265370e733e5f6b63a8a530d691b5f906e34290cf6a52705c.jpg","https://www.hayhilldevelopments.co.uk/wp-content/uploads/2025/03/BP-Kitchen-Appliances-0-1920x770.jpg","This is a photograph of a kitchen interior."
"Belston Park, Sinclairston","The Bellisle","3","https://www.hayhilldevelopments.co.uk/developments/belston-park-sinclairston/bp-plot-10-the-belleisle/","images/be305a1795f5664474aa84e8296a985e869bc5be3607d96ab3fb6d0e42828049.jpg","https://www.hayhilldevelopments.co.uk/wp-content/uploads/2025/03/BP-Kitchen-Appliances-1-1920x770.jpg","This is a detail shot of kitchen fixtures and fittings."
"Belston Park, Sinclairston","The Bellisle","3","https://www.hayhilldevelopments.co.uk/developments/belston-park-sinclairston/bp-plot-10-the-belleisle/","images/3e5cc5b5470b0eef9e33a0431b2603bb84d9de42606ba1b7188ab1c7d5e18aa1.jpg","https://www.hayhilldevelopments.co.uk/wp-content/uploads/2025/03/BP-Kitchen-CloseUp-1-1920x770.jpg","This is a photograph of a kitchen interior."
"Belston Park, Sinclairston","The Bellisle","3","https://www.hayhilldevelopments.co.uk/developments/belston-park-sinclairston/bp-plot-10-the-belleisle/","images/51ba613056224769a6884dd9b67171b6a87ee929d65e566d7e349f9459176a1a.jpg","https://www.hayhilldevelopments.co.uk/wp-content/uploads/2025/03/BP-Kitchen-CloseUp-2-1920x770.jpg","This is a detailed shot of a kitchen workspace."
"Belston Park, Sinclairston","The Bellisle","3","https://www.hayhilldevelopments.co.uk/developments/belston-park-sinclairston/bp-plot-10-the-belleisle/","images/d6a4f61d642aeda5f4f8dee5d816c7e46941c06dc42949cba4e29633b985263b.jpg","https://www.hayhilldevelopments.co.uk/wp-content/uploads/2025/03/BP-Kitchen-Appliances-2-1920x770.jpg","This is a photograph of a kitchen interior."
"Belston Park, Sinclairston","The Bellisle","3","https://www.hayhilldevelopments.co.uk/developments/belston-park-sinclairston/bp-plot-10-the-belleisle/","images/1ddf4d5bb62bcad267bbd89eeb72e1fbaec68bde2f312c5bd7b6c88979467ac5.jpg","https://www.hayhilldevelopments.co.uk/wp-content/uploads/2025/03/BP-Kitchen-Appliances-3-1920x770.jpg","This is a detail shot of a kitchen sink area."
"Belston Park, Sinclairston","The Bellisle","3","https://www.hayhilldevelopments.co.uk/developments/belston-park-sinclairston/bp-plot-10-the-belleisle/","images/bb7ba3b1541c0f9b0a4f3b4cd49846e6bb545ead210cc5c23d7f2a2323356342.jpg","https://www.hayhilldevelopments.co.uk/wp-content/uploads/2025/03/BP-Living-Room-1920x770.jpg","This is a photograph of a living room interior."
"Belston Park, Sinclairston","The Bellisle","3","https://www.hayhilldevelopments.co.uk/developments/belston-park-sinclairston/bp-plot-10-the-belleisle/","images/04cadd17aca3294e6c5717ccddc30fcf75ff00ceb2a56e566d99f93142e6d915.jpg","https://www.hayhilldevelopments.co.uk/wp-content/uploads/2025/03/BP-Living-Dining-2-1920x770.jpg","The image depicts a furnished living room with a sofa and coffee table."
"Belston Park, Sinclairston","The Bellisle","3","https://www.hayhilldevelopments.co.uk/developments/belston-park-sinclairston/bp-plot-10-the-belleisle/","images/5d79eb97a04554e3718968c4286934cc9a133f8246ed8963226c7c470ba35f89.jpg","https://www.hayhilldevelopments.co.uk/wp-content/uploads/2025/03/BP-TV-1920x770.jpg","This is a detail shot of furniture within a living room."
"Belston Park, Sinclairston","The Bellisle","3","https://www.hayhilldevelopments.co.uk/developments/belston-park-sinclairston/bp-plot-10-the-belleisle/","images/a480e4066f4d79bbf63877ee6495da3635487627711c6dbea3204f7a4aa00e2b.jpg","https://www.hayhilldevelopments.co.uk/wp-content/uploads/2025/03/BP-Living-Kitchen-1920x770.jpg","The image shows a furnished living space with a sofa and kitchen area."
"Belston Park, Sinclairston","The Bellisle","3","https://www.hayhilldevelopments.co.uk/developments/belston-park-sinclairston/bp-plot-10-the-belleisle/","images/3529c28a1951c79be0961b7abec8e86479f03f6f4b8c00abd4489f41da6b56b5.jpg","https://www.hayhilldevelopments.co.uk/wp-content/uploads/2025/03/BP-Living-Dining-1920x770.jpg","This is a photograph of a living room interior."
"Belston Park, Sinclairston","The Bellisle","3","https://www.hayhilldevelopments.co.uk/developments/belston-park-sinclairston/bp-plot-10-the-belleisle/","images/476095bd2d89479509fc956c054adcfaa34579b0f08850ff9100867b920fabad.jpg","https://www.hayhilldevelopments.co.uk/wp-content/uploads/2025/03/BP-Decoration-1920x770.jpg","This is a decorative detail shot within a living room setting."
"Belston Park, Sinclairston","The Bellisle","3","https://www.hayhilldevelopments.co.uk/developments/belston-park-sinclairston/bp-plot-10-the-belleisle/","images/c0c0694c6a3ce17a559372599f0d1eded52be693be8706589b742fe2b23eabc5.jpg","https://www.hayhilldevelopments.co.uk/wp-content/uploads/2025/03/BP-Dining-Table-1920x770.jpg","This is a detailed shot of a dining room table setting."
"Belston Park, Sinclairston","The Bellisle","3","https://www.hayhilldevelopments.co.uk/developments/belston-park-sinclairston/bp-plot-10-the-belleisle/","images/f22881faf9b1166f46df2fb449763a3759c04acb566896444af240d16b36c33b.jpg","https://www.hayhilldevelopments.co.uk/wp-content/uploads/2022/09/BP-Dining-3-1920x770.jpg","This is an interior photograph of a dining room."
"Belston Park, Sinclairston","The Bellisle","3","https://www.hayhilldevelopments.co.uk/developments/belston-park-sinclairston/bp-plot-10-the-belleisle/","images/47582321ff8c2a4a497d2608573109e2e0649a28cabab2e84a9027921d1defdd.jpg","https://www.hayhilldevelopments.co.uk/wp-content/uploads/2022/09/BP-Dining-2-1920x770.jpg","This is a detailed shot of a dining room table setting."
"Belston Park, Sinclairston","The Bellisle","3","https://www.hayhilldevelopments.co.uk/developments/belston-park-sinclairston/bp-plot-10-the-belleisle/","images/7fcde8941d53e6046960b16a4b90f02f4d9268efb311619ebac488fba5a36733.jpg","https://www.hayhilldevelopments.co.uk/wp-content/uploads/2022/09/BP-Dining-1-1920x770.jpg","This is a wide shot of a dining room."
"Belston Park, Sinclairston","The Bellisle","3","https://www.hayhilldevelopments.co.uk/developments/belston-park-sinclairston/bp-plot-10-the-belleisle/","images/e22b0d34ce40e8ef6d13e2ef12e3a7a7dfd7777a2d40ca9b9364b2a076c81f86.jpg","https://www.hayhilldevelopments.co.uk/wp-content/uploads/2025/03/BP-Office-1920x770.jpg","The image shows a home office or study space."
"Belston Park, Sinclairston","The Bellisle","3","https://www.hayhilldevelopments.co.uk/developments/belston-park-sinclairston/bp-plot-10-the-belleisle/","images/24dd2c586ad5367f9b1265b47bd3018e37f6a62a95300aca5ff55a10dccf5cfd.jpg","https://www.hayhilldevelopments.co.uk/wp-content/uploads/2025/03/BP-Office-2-1920x770.jpg","The image shows a dedicated workspace with a desk and chair."
"Belston Park, Sinclairston","The Bellisle","3","https://www.hayhilldevelopments.co.uk/developments/belston-park-sinclairston/bp-plot-10-the-belleisle/","images/cef87df4a1775deb11b3ebf586f8df8da743a4c94794a0237efead8558b06eec.jpg","https://www.hayhilldevelopments.co.uk/wp-content/uploads/2025/03/BP-Bedroom-closeup-2-1920x770.jpg","The image shows a bedroom setting with a bed and bedside furniture."
"Belston Park, Sinclairston","The Bellisle","3","https://www.hayhilldevelopments.co.uk/developments/belston-park-sinclairston/bp-plot-10-the-belleisle/","images/a3be3232eed6789fd60e4a2924b455490ecbcbe45ba54c7a572d8c02f274dd88.jpg","https://www.hayhilldevelopments.co.uk/wp-content/uploads/2025/03/BP-Bedroom-3-1920x770.jpg","The image shows a bedroom with a bed and bedside furniture."
"Belston Park, Sinclairston","The Bellisle","3","https://www.hayhilldevelopments.co.uk/developments/belston-park-sinclairston/bp-plot-10-the-belleisle/","images/36674296a3e3a62fefc601b1588a68a68ab74de49a01ffc55331e58bfd008351.jpg","https://www.hayhilldevelopments.co.uk/wp-content/uploads/2022/09/BP-Bedroom-2-1920x770.jpg","The image shows a bedroom with a bed and decorative elements."
"Belston Park, Sinclairston","The Bellisle","3","https://www.hayhilldevelopments.co.uk/developments/belston-park-sinclairston/bp-plot-10-the-belleisle/","images/3a6d5d1456b81e451da7a67e26eaaa82fcee9ef62eac0da6734a4ccd8fb41174.jpg","https://www.hayhilldevelopments.co.uk/wp-content/uploads/2022/09/BP-Bedroom-closeup-1920x770.jpg","The image shows a bedroom with a bed and bedside furniture."
"Belston Park, Sinclairston","The Bellisle","3","https://www.hayhilldevelopments.co.uk/developments/belston-park-sinclairston/bp-plot-10-the-belleisle/","images/7faebaef55648b7edd086bf67991d9d1642ad74e34c75cf5fae922d97472471c.jpg","https://www.hayhilldevelopments.co.uk/wp-content/uploads/2022/09/BP-Bedroom-1-1920x770.jpg","The image shows a bedroom with a bed and bedside furniture."
"Belston Park, Sinclairston","The Bellisle","3","https://www.hayhilldevelopments.co.uk/developments/belston-park-sinclairston/bp-plot-10-the-belleisle/","images/831d36cad59914448fc83ac38a46f866f25a624c80c073a26419bf8088a7bdca.jpg","https://www.hayhilldevelopments.co.uk/wp-content/uploads/2025/03/BP-Bathroom-2-1920x770.jpg","The image shows a bathroom interior."
"Belston Park, Sinclairston","The Bellisle","3","https://www.hayhilldevelopments.co.uk/developments/belston-park-sinclairston/bp-plot-10-the-belleisle/","images/98e35b9688db034c7f124ef7fca48cd45d0c15a816813eac27ce62178b15a476.jpg","https://www.hayhilldevelopments.co.uk/wp-content/uploads/2025/03/BP-Bathroom-closeup-1920x770.jpg","The image shows a bathroom fixture."
"Belston Park, Sinclairston","The Bellisle","3","https://www.hayhilldevelopments.co.uk/developments/belston-park-sinclairston/bp-plot-10-the-belleisle/","images/972bd13b993286f1f6ce911f08de3b2c56b78b38550c1fb5dedaae6faad43328.jpg","https://www.hayhilldevelopments.co.uk/wp-content/uploads/2025/03/BP-Bathroom-3-1920x770.jpg","The image shows a bathroom interior."
"Belston Park, Sinclairston","The Bellisle","3","https://www.hayhilldevelopments.co.uk/developments/belston-park-sinclairston/bp-plot-10-the-belleisle/","images/04db7ceda7dfb0b2d86f43c7736ff77bf1d9f55abc87820d5c44a85b8f0bb544.jpg","https://www.hayhilldevelopments.co.uk/wp-content/uploads/2025/03/BP-Bathroom-1920x770.jpg","The image shows a bathroom interior."
"Belston Park, Sinclairston","The Bellisle","3","https://www.hayhilldevelopments.co.uk/developments/belston-park-sinclairston/bp-plot-10-the-belleisle/","images/3b92aec0e85992334e4e7b6ab140bfe855ec924a36da6c104c288e2082ed0c3c.jpg","https://www.hayhilldevelopments.co.uk/wp-content/uploads/2022/09/BP-Exterior-3-1920x770.jpg","This is a photograph of a property exterior."
"Belston Park, Sinclairston","The Bellisle","3","https://www.hayhilldevelopments.co.uk/developments/belston-park-sinclairston/bp-plot-10-the-belleisle/","images/1e5bef4f13c40fef67762c644e26cdb9c99cc2cdde1034d2f7b69989d4cacc6d.jpg","https://www.hayhilldevelopments.co.uk/wp-content/uploads/2025/03/BP-Landscape2-354x238.jpg","This is an exterior landscape view."
"Belston Park, Sinclairston","The Bellisle","3","https://www.hayhilldevelopments.co.uk/developments/belston-park-sinclairston/bp-plot-10-the-belleisle/","images/bd876bd95d5ab418f1f94436d3e46ea191749551c8ed680f733995177dffa252.jpg","https://www.hayhilldevelopments.co.uk/wp-content/uploads/2022/09/BP-Exterior-3-354x238.jpg","This is an exterior view of a house."
"Belston Park, Sinclairston","The Bellisle","3","https://www.hayhilldevelopments.co.uk/developments/belston-park-sinclairston/bp-plot-10-the-belleisle/","images/de0f5fbe0022e195a312161e77e9d2ad8def3f6f113229cf8bbabc17fdc8a71d.jpg","https://www.hayhilldevelopments.co.uk/wp-content/uploads/2025/03/BP-Living-Dining-2-354x238.jpg","This is an interior view of a living room."
"Belston Park, Sinclairston","The Bellisle","3","https://www.hayhilldevelopments.co.uk/developments/belston-park-sinclairston/bp-plot-10-the-belleisle/","images/a8ec36c41869c4e9a0a45c6af661e1b0d80c16c3ad1ff75927d39dd6e04699d4.jpg","https://www.hayhilldevelopments.co.uk/wp-content/uploads/2025/03/BP-Living-Kitchen-354x238.jpg","This is an interior view of a living room."
"Belston Park, Sinclairston","The Bellisle","3","https://www.hayhilldevelopments.co.uk/developments/belston-park-sinclairston/bp-plot-10-the-belleisle/","images/d170cfca8a66e437f4f85eb5cfc73bbdbc88c892916e8f36febf61860c3bccf6.jpg","https://www.hayhilldevelopments.co.uk/wp-content/uploads/2025/03/BP-Kitchen-2-354x238.jpg","This is a photograph of a functional kitchen space."
"Belston Park, Sinclairston","The Bellisle","3","https://www.hayhilldevelopments.co.uk/developments/belston-park-sinclairston/bp-plot-10-the-belleisle/","images/5242093dcde03a004baf424d04249c985b713ea6a932f55291b10cef5c2c889a.jpg","https://www.hayhilldevelopments.co.uk/wp-content/uploads/2025/03/BP-Kitchen-4-354x238.jpg","This is a photograph of a kitchen workspace."
"Belston Park, Sinclairston","The Bellisle","3","https://www.hayhilldevelopments.co.uk/developments/belston-park-sinclairston/bp-plot-10-the-belleisle/","images/54c393df84b3c2394279fed084928ffe08487661ee0a64623b35b7ada1e2c3dd.jpg","https://www.hayhilldevelopments.co.uk/wp-content/uploads/2025/03/BP-Kitchen-Appliances-2-354x238.jpg","This is a photograph of a kitchen countertop."
"Belston Park, Sinclairston","The Bellisle","3","https://www.hayhilldevelopments.co.uk/developments/belston-park-sinclairston/bp-plot-10-the-belleisle/","images/b6751e206292b0a1fdd70c5261a48b93afba4b3b6702e741aa05590d4f2970c7.jpg","https://www.hayhilldevelopments.co.uk/wp-content/uploads/2025/03/BP-Kitchen-Appliances-1-354x238.jpg","This is a photograph of kitchen appliances."
"Belston Park, Sinclairston","The Bellisle","3","https://www.hayhilldevelopments.co.uk/developments/belston-park-sinclairston/bp-plot-10-the-belleisle/","images/c427d31b4ec534fea3b052123cbf6c26ad57718aaafe88bedcd2e92954d7178b.jpg","https://www.hayhilldevelopments.co.uk/wp-content/uploads/2025/03/BP-Kitchen-Appliances-0-354x238.jpg","This is a photograph of a kitchen appliance."
"Belston Park, Sinclairston","The Bellisle","3","https://www.hayhilldevelopments.co.uk/developments/belston-park-sinclairston/bp-plot-10-the-belleisle/","images/caee47522e63b11e79f2b849b261f08fcef5a4c1df236a6c4aeb4aadff6ebf3b.jpg","https://www.hayhilldevelopments.co.uk/wp-content/uploads/2025/03/BP-Kitchen-Appliances-3-354x238.jpg","This is a photograph of a kitchen sink area."
"Belston Park, Sinclairston","The Bellisle","3","https://www.hayhilldevelopments.co.uk/developments/belston-park-sinclairston/bp-plot-10-the-belleisle/","images/d2b65578b2bbfb43c136cc04f5a0e6c6bba5da368fb9a4edc998a9cbb66cbf48.jpg","https://www.hayhilldevelopments.co.uk/wp-content/uploads/2025/03/BP-Dining-Table-354x238.jpg","This is a photograph of a dining room table setting."
"Belston Park, Sinclairston","The Bellisle","3","https://www.hayhilldevelopments.co.uk/developments/belston-park-sinclairston/bp-plot-10-the-belleisle/","images/387f5efc69df4f0a8c047251683de0c1dae3df6634a4b9b3d0628c888a2b2bab.jpg","https://www.hayhilldevelopments.co.uk/wp-content/uploads/2025/03/BP-Bathroom-closeup-354x238.jpg","This is a photograph of a bathroom fixture."
"Belston Park, Sinclairston","The Bellisle","3","https://www.hayhilldevelopments.co.uk/developments/belston-park-sinclairston/bp-plot-10-the-belleisle/","images/ad72377bba9239621b640adefb04d551e732b58f46a2ab409c70176bcf626fc5.jpg","https://www.hayhilldevelopments.co.uk/wp-content/uploads/2025/03/BP-Bathroom-354x238.jpg","The image shows a functional bathroom with standard sanitary ware."
"Belston Park, Sinclairston","The Bellisle","3","https://www.hayhilldevelopments.co.uk/developments/belston-park-sinclairston/bp-plot-10-the-belleisle/","images/76d222c124324230e19028accc7aae874b5bec387fd7e240bdb02bb5223e5cd3.jpg","https://www.hayhilldevelopments.co.uk/wp-content/uploads/2025/03/BP-Bathroom-3-354x238.jpg","The image depicts a small downstairs toilet or cloakroom."
"Belston Park, Sinclairston","The Bellisle","3","https://www.hayhilldevelopments.co.uk/developments/belston-park-sinclairston/bp-plot-10-the-belleisle/","images/358160aae3648a65cba6954c1a43b3ea5c904272ea6d5acafb7eec8e74df0147.jpg","https://www.hayhilldevelopments.co.uk/wp-content/uploads/2025/03/BP-Bathroom-2-354x238.jpg","The image shows a standard residential bathroom."
"Belston Park, Sinclairston","The Bellisle","3","https://www.hayhilldevelopments.co.uk/developments/belston-park-sinclairston/bp-plot-10-the-belleisle/","images/fd6eb8e7fc36a5074a3c26a27ebb76fcc278370a5286609def64282fd196e366.jpg","https://www.hayhilldevelopments.co.uk/wp-content/uploads/2022/09/BP-Bedroom-1-354x238.jpg","The image shows a furnished bedroom."
"Belston Park, Sinclairston","The Bellisle","3","https://www.hayhilldevelopments.co.uk/developments/belston-park-sinclairston/bp-plot-10-the-belleisle/","images/aec481b6586a418a5d010b25861f36eea34479d8fb7269e623105365654ffe0b.jpg","https://www.hayhilldevelopments.co.uk/wp-content/uploads/2025/03/BP-Bedroom-closeup-2-354x238.jpg","The image shows a detail of a bedroom."
"Belston Park, Sinclairston","The Bellisle","3","https://www.hayhilldevelopments.co.uk/developments/belston-park-sinclairston/bp-plot-10-the-belleisle/","images/c367a976021279cdae3910f4518e19d2d18528f1dc383c0c189639dfffa62ddc.jpg","https://www.hayhilldevelopments.co.uk/wp-content/uploads/2022/09/BP-Bedroom-closeup-354x238.jpg","The image shows a detail of a bedroom."
"Belston Park, Sinclairston","The Bellisle","3","https://www.hayhilldevelopments.co.uk/developments/belston-park-sinclairston/bp-plot-10-the-belleisle/","images/198c5e2b9e9e57c43f07a78735f03b08072fd2202c5f9a9d1ac9422a95ceaf10.jpg","https://www.hayhilldevelopments.co.uk/wp-content/uploads/2025/03/BP-Office-2-354x238.jpg","The image shows a home office or study space."
"Belston Park, Sinclairston","The Bellisle","3","https://www.hayhilldevelopments.co.uk/developments/belston-park-sinclairston/bp-plot-10-the-belleisle/","images/24a015491062fb8b4e56fba513407e1581acaf6d0d0e6287060ad639a915b0fd.jpg","https://www.hayhilldevelopments.co.uk/wp-content/uploads/2025/03/BP-Office-354x238.jpg","The image shows a home office or study room."
"Belston Park, Sinclairston","The Beith","3","https://www.hayhilldevelopments.co.uk/developments/belston-park-sinclairston/bp-plot-9-the-beith/","images/3d311670987642d83a4a60a30d5a6b919f1bac327ce51144bd263d1c96fc372c.jpg","https://www.hayhilldevelopments.co.uk/wp-content/uploads/2025/03/BP-Exterior-4-1920x770.jpg","This is an exterior photograph of a residential property."
"Belston Park, Sinclairston","The Beith","3","https://www.hayhilldevelopments.co.uk/developments/belston-park-sinclairston/bp-plot-9-the-beith/","images/3c9f015c1cc709672b865137e35ed837ee43104fde6e7df61508d2c1ce4066ed.jpg","https://www.hayhilldevelopments.co.uk/wp-content/uploads/2022/09/BP-Kitchen-3-1920x770.jpg","This is a photograph of a kitchen interior."
"Belston Park, Sinclairston","The Beith","3","https://www.hayhilldevelopments.co.uk/developments/belston-park-sinclairston/bp-plot-9-the-beith/","images/d6a4f61d642aeda5f4f8dee5d816c7e46941c06dc42949cba4e29633b985263b.jpg","https://www.hayhilldevelopments.co.uk/wp-content/uploads/2025/03/BP-Kitchen-Appliances-2-1920x770.jpg","This is a photograph of a kitchen interior."
"Belston Park, Sinclairston","The Beith","3","https://www.hayhilldevelopments.co.uk/developments/belston-park-sinclairston/bp-plot-9-the-beith/","images/62d9aae9266bac5265370e733e5f6b63a8a530d691b5f906e34290cf6a52705c.jpg","https://www.hayhilldevelopments.co.uk/wp-content/uploads/2025/03/BP-Kitchen-Appliances-0-1920x770.jpg","This is a photograph of a kitchen interior."
"Belston Park, Sinclairston","The Beith","3","https://www.hayhilldevelopments.co.uk/developments/belston-park-sinclairston/bp-plot-9-the-beith/","images/3e66ff036e63a722c939e5c2b97828587c870507568ca71447d9fc66d6ebefb5.jpg","https://www.hayhilldevelopments.co.uk/wp-content/uploads/2022/09/BP-Kitchen-1-1920x770.jpg","The image shows a functional kitchen space with appliances and cabinetry."
"Belston Park, Sinclairston","The Beith","3","https://www.hayhilldevelopments.co.uk/developments/belston-park-sinclairston/bp-plot-9-the-beith/","images/1ddf4d5bb62bcad267bbd89eeb72e1fbaec68bde2f312c5bd7b6c88979467ac5.jpg","https://www.hayhilldevelopments.co.uk/wp-content/uploads/2025/03/BP-Kitchen-Appliances-3-1920x770.jpg","This is a detail shot of a kitchen sink area."
"Belston Park, Sinclairston","The Beith","3","https://www.hayhilldevelopments.co.uk/developments/belston-park-sinclairston/bp-plot-9-the-beith/","images/27e59316e8928895a6346cb0f009719b67bdb68c4b0594b02ef0fb0a91b82b42.jpg","https://www.hayhilldevelopments.co.uk/wp-content/uploads/2025/03/BP-Kitchen-4-1920x770.jpg","This is a photograph of a kitchen interior."
"Belston Park, Sinclairston","The Beith","3","https://www.hayhilldevelopments.co.uk/developments/belston-park-sinclairston/bp-plot-9-the-beith/","images/51ba613056224769a6884dd9b67171b6a87ee929d65e566d7e349f9459176a1a.jpg","https://www.hayhilldevelopments.co.uk/wp-content/uploads/2025/03/BP-Kitchen-CloseUp-2-1920x770.jpg","This is a detailed shot of a kitchen workspace."
"Belston Park, Sinclairston","The Beith","3","https://www.hayhilldevelopments.co.uk/developments/belston-park-sinclairston/bp-plot-9-the-beith/","images/be305a1795f5664474aa84e8296a985e869bc5be3607d96ab3fb6d0e42828049.jpg","https://www.hayhilldevelopments.co.uk/wp-content/uploads/2025/03/BP-Kitchen-Appliances-1-1920x770.jpg","This is a detail shot of kitchen fixtures and fittings."
"Belston Park, Sinclairston","The Beith","3","https://www.hayhilldevelopments.co.uk/developments/belston-park-sinclairston/bp-plot-9-the-beith/","images/3529c28a1951c79be0961b7abec8e86479f03f6f4b8c00abd4489f41da6b56b5.jpg","https://www.hayhilldevelopments.co.uk/wp-content/uploads/2025/03/BP-Living-Dining-1920x770.jpg","This is a photograph of a living room interior."
"Belston Park, Sinclairston","The Beith","3","https://www.hayhilldevelopments.co.uk/developments/belston-park-sinclairston/bp-plot-9-the-beith/","images/bb7ba3b1541c0f9b0a4f3b4cd49846e6bb545ead210cc5c23d7f2a2323356342.jpg","https://www.hayhilldevelopments.co.uk/wp-content/uploads/2025/03/BP-Living-Room-1920x770.jpg","This is a photograph of a living room interior."
"Belston Park, Sinclairston","The Beith","3","https://www.hayhilldevelopments.co.uk/developments/belston-park-sinclairston/bp-plot-9-the-beith/","images/04cadd17aca3294e6c5717ccddc30fcf75ff00ceb2a56e566d99f93142e6d915.jpg","https://www.hayhilldevelopments.co.uk/wp-content/uploads/2025/03/BP-Living-Dining-2-1920x770.jpg","The image depicts a furnished living room with a sofa and coffee table."
"Belston Park, Sinclairston","The Beith","3","https://www.hayhilldevelopments.co.uk/developments/belston-park-sinclairston/bp-plot-9-the-beith/","images/476095bd2d89479509fc956c054adcfaa34579b0f08850ff9100867b920fabad.jpg","https://www.hayhilldevelopments.co.uk/wp-content/uploads/2025/03/BP-Decoration-1920x770.jpg","This is a decorative detail shot within a living room setting."
"Belston Park, Sinclairston","The Beith","3","https://www.hayhilldevelopments.co.uk/developments/belston-park-sinclairston/bp-plot-9-the-beith/","images/a480e4066f4d79bbf63877ee6495da3635487627711c6dbea3204f7a4aa00e2b.jpg","https://www.hayhilldevelopments.co.uk/wp-content/uploads/2025/03/BP-Living-Kitchen-1920x770.jpg","The image shows a furnished living space with a sofa and kitchen area."
"Belston Park, Sinclairston","The Beith","3","https://www.hayhilldevelopments.co.uk/developments/belston-park-sinclairston/bp-plot-9-the-beith/","images/5d79eb97a04554e3718968c4286934cc9a133f8246ed8963226c7c470ba35f89.jpg","https://www.hayhilldevelopments.co.uk/wp-content/uploads/2025/03/BP-TV-1920x770.jpg","This is a detail shot of furniture within a living room."
"Belston Park, Sinclairston","The Beith","3","https://www.hayhilldevelopments.co.uk/developments/belston-park-sinclairston/bp-plot-9-the-beith/","images/f22881faf9b1166f46df2fb449763a3759c04acb566896444af240d16b36c33b.jpg","https://www.hayhilldevelopments.co.uk/wp-content/uploads/2022/09/BP-Dining-3-1920x770.jpg","This is an interior photograph of a dining room."
"Belston Park, Sinclairston","The Beith","3","https://www.hayhilldevelopments.co.uk/developments/belston-park-sinclairston/bp-plot-9-the-beith/","images/c0c0694c6a3ce17a559372599f0d1eded52be693be8706589b742fe2b23eabc5.jpg","https://www.hayhilldevelopments.co.uk/wp-content/uploads/2025/03/BP-Dining-Table-1920x770.jpg","This is a detailed shot of a dining room table setting."
"Belston Park, Sinclairston","The Beith","3","https://www.hayhilldevelopments.co.uk/developments/belston-park-sinclairston/bp-plot-9-the-beith/","images/7fcde8941d53e6046960b16a4b90f02f4d9268efb311619ebac488fba5a36733.jpg","https://www.hayhilldevelopments.co.uk/wp-content/uploads/2022/09/BP-Dining-1-1920x770.jpg","This is a wide shot of a dining room."
"Belston Park, Sinclairston","The Beith","3","https://www.hayhilldevelopments.co.uk/developments/belston-park-sinclairston/bp-plot-9-the-beith/","images/47582321ff8c2a4a497d2608573109e2e0649a28cabab2e84a9027921d1defdd.jpg","https://www.hayhilldevelopments.co.uk/wp-content/uploads/2022/09/BP-Dining-2-1920x770.jpg","This is a detailed shot of a dining room table setting."
"Belston Park, Sinclairston","The Beith","3","https://www.hayhilldevelopments.co.uk/developments/belston-park-sinclairston/bp-plot-9-the-beith/","images/24dd2c586ad5367f9b1265b47bd3018e37f6a62a95300aca5ff55a10dccf5cfd.jpg","https://www.hayhilldevelopments.co.uk/wp-content/uploads/2025/03/BP-Office-2-1920x770.jpg","The image shows a dedicated workspace with a desk and chair."
"Belston Park, Sinclairston","The Beith","3","https://www.hayhilldevelopments.co.uk/developments/belston-park-sinclairston/bp-plot-9-the-beith/","images/e22b0d34ce40e8ef6d13e2ef12e3a7a7dfd7777a2d40ca9b9364b2a076c81f86.jpg","https://www.hayhilldevelopments.co.uk/wp-content/uploads/2025/03/BP-Office-1920x770.jpg","The image shows a home office or study space."
"Belston Park, Sinclairston","The Beith","3","https://www.hayhilldevelopments.co.uk/developments/belston-park-sinclairston/bp-plot-9-the-beith/","images/36674296a3e3a62fefc601b1588a68a68ab74de49a01ffc55331e58bfd008351.jpg","https://www.hayhilldevelopments.co.uk/wp-content/uploads/2022/09/BP-Bedroom-2-1920x770.jpg","The image shows a bedroom with a bed and decorative elements."
"Belston Park, Sinclairston","The Beith","3","https://www.hayhilldevelopments.co.uk/developments/belston-park-sinclairston/bp-plot-9-the-beith/","images/cef87df4a1775deb11b3ebf586f8df8da743a4c94794a0237efead8558b06eec.jpg","https://www.hayhilldevelopments.co.uk/wp-content/uploads/2025/03/BP-Bedroom-closeup-2-1920x770.jpg","The image shows a bedroom setting with a bed and bedside furniture."
"Belston Park, Sinclairston","The Beith","3","https://www.hayhilldevelopments.co.uk/developments/belston-park-sinclairston/bp-plot-9-the-beith/","images/3a6d5d1456b81e451da7a67e26eaaa82fcee9ef62eac0da6734a4ccd8fb41174.jpg","https://www.hayhilldevelopments.co.uk/wp-content/uploads/2022/09/BP-Bedroom-closeup-1920x770.jpg","The image shows a bedroom with a bed and bedside furniture."
"Belston Park, Sinclairston","The Beith","3","https://www.hayhilldevelopments.co.uk/developments/belston-park-sinclairston/bp-plot-9-the-beith/","images/a3be3232eed6789fd60e4a2924b455490ecbcbe45ba54c7a572d8c02f274dd88.jpg","https://www.hayhilldevelopments.co.uk/wp-content/uploads/2025/03/BP-Bedroom-3-1920x770.jpg","The image shows a bedroom with a bed and bedside furniture."
"Belston Park, Sinclairston","The Beith","3","https://www.hayhilldevelopments.co.uk/developments/belston-park-sinclairston/bp-plot-9-the-beith/","images/7faebaef55648b7edd086bf67991d9d1642ad74e34c75cf5fae922d97472471c.jpg","https://www.hayhilldevelopments.co.uk/wp-content/uploads/2022/09/BP-Bedroom-1-1920x770.jpg","The image shows a bedroom with a bed and bedside furniture."
"Belston Park, Sinclairston","The Beith","3","https://www.hayhilldevelopments.co.uk/developments/belston-park-sinclairston/bp-plot-9-the-beith/","images/98e35b9688db034c7f124ef7fca48cd45d0c15a816813eac27ce62178b15a476.jpg","https://www.hayhilldevelopments.co.uk/wp-content/uploads/2025/03/BP-Bathroom-closeup-1920x770.jpg","The image shows a bathroom fixture."
"Belston Park, Sinclairston","The Beith","3","https://www.hayhilldevelopments.co.uk/developments/belston-park-sinclairston/bp-plot-9-the-beith/","images/972bd13b993286f1f6ce911f08de3b2c56b78b38550c1fb5dedaae6faad43328.jpg","https://www.hayhilldevelopments.co.uk/wp-content/uploads/2025/03/BP-Bathroom-3-1920x770.jpg","The image shows a bathroom interior."
"Belston Park, Sinclairston","The Beith","3","https://www.hayhilldevelopments.co.uk/developments/belston-park-sinclairston/bp-plot-9-the-beith/","images/5083de490531c3890a62ebbc3935e189cae5114d19a2e26b0a1a8196522034f0.jpg","https://www.hayhilldevelopments.co.uk/wp-content/uploads/2025/03/BP-Bathroom-closeup-2-1920x770.jpg","The image shows a bathroom interior."
"Belston Park, Sinclairston","The Beith","3","https://www.hayhilldevelopments.co.uk/developments/belston-park-sinclairston/bp-plot-9-the-beith/","images/04db7ceda7dfb0b2d86f43c7736ff77bf1d9f55abc87820d5c44a85b8f0bb544.jpg","https://www.hayhilldevelopments.co.uk/wp-content/uploads/2025/03/BP-Bathroom-1920x770.jpg","The image shows a bathroom interior."
"Belston Park, Sinclairston","The Beith","3","https://www.hayhilldevelopments.co.uk/developments/belston-park-sinclairston/bp-plot-9-the-beith/","images/831d36cad59914448fc83ac38a46f866f25a624c80c073a26419bf8088a7bdca.jpg","https://www.hayhilldevelopments.co.uk/wp-content/uploads/2025/03/BP-Bathroom-2-1920x770.jpg","The image shows a bathroom interior."
"Belston Park, Sinclairston","The Beith","3","https://www.hayhilldevelopments.co.uk/developments/belston-park-sinclairston/bp-plot-9-the-beith/","images/9ccc7469c83da1bc648085e8ec7bf118edefecaa0979c315958cd713159f6667.jpg","https://www.hayhilldevelopments.co.uk/wp-content/uploads/2025/03/BP-Landscape2-1920x770.jpg","This is an aerial landscape shot showing the property's surroundings."
"Belston Park, Sinclairston","The Beith","3","https://www.hayhilldevelopments.co.uk/developments/belston-park-sinclairston/bp-plot-9-the-beith/","images/fb6c083209b07ae65d4cb36e0533760dbb8f008772f6b1067eddb21516a8768d.jpg","https://www.hayhilldevelopments.co.uk/wp-content/uploads/2025/03/BP-Development-Site-2-1920x770.jpg","This is an aerial photograph of a property development site."
"Belston Park, Sinclairston","The Beith","3","https://www.hayhilldevelopments.co.uk/developments/belston-park-sinclairston/bp-plot-9-the-beith/","images/56a9a572398031ba1795682be41214563fc4774bbf890c006ad755a170b84b13.jpg","https://www.hayhilldevelopments.co.uk/wp-content/uploads/2025/03/BP-Development-Site-1-1920x770.jpg","This is an exterior view of a property development site."
"Belston Park, Sinclairston","The Beith","3","https://www.hayhilldevelopments.co.uk/developments/belston-park-sinclairston/bp-plot-9-the-beith/","images/3b92aec0e85992334e4e7b6ab140bfe855ec924a36da6c104c288e2082ed0c3c.jpg","https://www.hayhilldevelopments.co.uk/wp-content/uploads/2022/09/BP-Exterior-3-1920x770.jpg","This is a photograph of a property exterior."
"Belston Park, Sinclairston","The Beith","3","https://www.hayhilldevelopments.co.uk/developments/belston-park-sinclairston/bp-plot-9-the-beith/","images/1e5bef4f13c40fef67762c644e26cdb9c99cc2cdde1034d2f7b69989d4cacc6d.jpg","https://www.hayhilldevelopments.co.uk/wp-content/uploads/2025/03/BP-Landscape2-354x238.jpg","This is an exterior landscape view."
"Belston Park, Sinclairston","The Beith","3","https://www.hayhilldevelopments.co.uk/developments/belston-park-sinclairston/bp-plot-9-the-beith/","images/bd876bd95d5ab418f1f94436d3e46ea191749551c8ed680f733995177dffa252.jpg","https://www.hayhilldevelopments.co.uk/wp-content/uploads/2022/09/BP-Exterior-3-354x238.jpg","This is an exterior view of a house."
"Belston Park, Sinclairston","The Beith","3","https://www.hayhilldevelopments.co.uk/developments/belston-park-sinclairston/bp-plot-9-the-beith/","images/de0f5fbe0022e195a312161e77e9d2ad8def3f6f113229cf8bbabc17fdc8a71d.jpg","https://www.hayhilldevelopments.co.uk/wp-content/uploads/2025/03/BP-Living-Dining-2-354x238.jpg","This is an interior view of a living room."
"Belston Park, Sinclairston","The Beith","3","https://www.hayhilldevelopments.co.uk/developments/belston-park-sinclairston/bp-plot-9-the-beith/","images/a8ec36c41869c4e9a0a45c6af661e1b0d80c16c3ad1ff75927d39dd6e04699d4.jpg","https://www.hayhilldevelopments.co.uk/wp-content/uploads/2025/03/BP-Living-Kitchen-354x238.jpg","This is an interior view of a living room."
"Belston Park, Sinclairston","The Beith","3","https://www.hayhilldevelopments.co.uk/developments/belston-park-sinclairston/bp-plot-9-the-beith/","images/d170cfca8a66e437f4f85eb5cfc73bbdbc88c892916e8f36febf61860c3bccf6.jpg","https://www.hayhilldevelopments.co.uk/wp-content/uploads/2025/03/BP-Kitchen-2-354x238.jpg","This is a photograph of a functional kitchen space."
"Belston Park, Sinclairston","The Beith","3","https://www.hayhilldevelopments.co.uk/developments/belston-park-sinclairston/bp-plot-9-the-beith/","images/5242093dcde03a004baf424d04249c985b713ea6a932f55291b10cef5c2c889a.jpg","https://www.hayhilldevelopments.co.uk/wp-content/uploads/2025/03/BP-Kitchen-4-354x238.jpg","This is a photograph of a kitchen workspace."
"Belston Park, Sinclairston","The Beith","3","https://www.hayhilldevelopments.co.uk/developments/belston-park-sinclairston/bp-plot-9-the-beith/","images/54c393df84b3c2394279fed084928ffe08487661ee0a64623b35b7ada1e2c3dd.jpg","https://www.hayhilldevelopments.co.uk/wp-content/uploads/2025/03/BP-Kitchen-Appliances-2-354x238.jpg","This is a photograph of a kitchen countertop."
"Belston Park, Sinclairston","The Beith","3","https://www.hayhilldevelopments.co.uk/developments/belston-park-sinclairston/bp-plot-9-the-beith/","images/b6751e206292b0a1fdd70c5261a48b93afba4b3b6702e741aa05590d4f2970c7.jpg","https://www.hayhilldevelopments.co.uk/wp-content/uploads/2025/03/BP-Kitchen-Appliances-1-354x238.jpg","This is a photograph of kitchen appliances."
"Belston Park, Sinclairston","The Beith","3","https://www.hayhilldevelopments.co.uk/developments/belston-park-sinclairston/bp-plot-9-the-beith/","images/c427d31b4ec534fea3b052123cbf6c26ad57718aaafe88bedcd2e92954d7178b.jpg","https://www.hayhilldevelopments.co.uk/wp-content/uploads/2025/03/BP-Kitchen-Appliances-0-354x238.jpg","This is a photograph of a kitchen appliance."
"Belston Park, Sinclairston","The Beith","3","https://www.hayhilldevelopments.co.uk/developments/belston-park-sinclairston/bp-plot-9-the-beith/","images/caee47522e63b11e79f2b849b261f08fcef5a4c1df236a6c4aeb4aadff6ebf3b.jpg","https://www.hayhilldevelopments.co.uk/wp-content/uploads/2025/03/BP-Kitchen-Appliances-3-354x238.jpg","This is a photograph of a kitchen sink area."
"Belston Park, Sinclairston","The Beith","3","https://www.hayhilldevelopments.co.uk/developments/belston-park-sinclairston/bp-plot-9-the-beith/","images/d2b65578b2bbfb43c136cc04f5a0e6c6bba5da368fb9a4edc998a9cbb66cbf48.jpg","https://www.hayhilldevelopments.co.uk/wp-content/uploads/2025/03/BP-Dining-Table-354x238.jpg","This is a photograph of a dining room table setting."
"Belston Park, Sinclairston","The Beith","3","https://www.hayhilldevelopments.co.uk/developments/belston-park-sinclairston/bp-plot-9-the-beith/","images/387f5efc69df4f0a8c047251683de0c1dae3df6634a4b9b3d0628c888a2b2bab.jpg","https://www.hayhilldevelopments.co.uk/wp-content/uploads/2025/03/BP-Bathroom-closeup-354x238.jpg","This is a photograph of a bathroom fixture."
"Belston Park, Sinclairston","The Beith","3","https://www.hayhilldevelopments.co.uk/developments/belston-park-sinclairston/bp-plot-9-the-beith/","images/ad72377bba9239621b640adefb04d551e732b58f46a2ab409c70176bcf626fc5.jpg","https://www.hayhilldevelopments.co.uk/wp-content/uploads/2025/03/BP-Bathroom-354x238.jpg","The image shows a functional bathroom with standard sanitary ware."
"Belston Park, Sinclairston","The Beith","3","https://www.hayhilldevelopments.co.uk/developments/belston-park-sinclairston/bp-plot-9-the-beith/","images/76d222c124324230e19028accc7aae874b5bec387fd7e240bdb02bb5223e5cd3.jpg","https://www.hayhilldevelopments.co.uk/wp-content/uploads/2025/03/BP-Bathroom-3-354x238.jpg","The image depicts a small downstairs toilet or cloakroom."
"Belston Park, Sinclairston","The Beith","3","https://www.hayhilldevelopments.co.uk/developments/belston-park-sinclairston/bp-plot-9-the-beith/","images/358160aae3648a65cba6954c1a43b3ea5c904272ea6d5acafb7eec8e74df0147.jpg","https://www.hayhilldevelopments.co.uk/wp-content/uploads/2025/03/BP-Bathroom-2-354x238.jpg","The image shows a standard residential bathroom."
"Belston Park, Sinclairston","The Beith","3","https://www.hayhilldevelopments.co.uk/developments/belston-park-sinclairston/bp-plot-9-the-beith/","images/fd6eb8e7fc36a5074a3c26a27ebb76fcc278370a5286609def64282fd196e366.jpg","https://www.hayhilldevelopments.co.uk/wp-content/uploads/2022/09/BP-Bedroom-1-354x238.jpg","The image shows a furnished bedroom."
"Belston Park, Sinclairston","The Beith","3","https://www.hayhilldevelopments.co.uk/developments/belston-park-sinclairston/bp-plot-9-the-beith/","images/aec481b6586a418a5d010b25861f36eea34479d8fb7269e623105365654ffe0b.jpg","https://www.hayhilldevelopments.co.uk/wp-content/uploads/2025/03/BP-Bedroom-closeup-2-354x238.jpg","The image shows a detail of a bedroom."
"Belston Park, Sinclairston","The Beith","3","https://www.hayhilldevelopments.co.uk/developments/belston-park-sinclairston/bp-plot-9-the-beith/","images/c367a976021279cdae3910f4518e19d2d18528f1dc383c0c189639dfffa62ddc.jpg","https://www.hayhilldevelopments.co.uk/wp-content/uploads/2022/09/BP-Bedroom-closeup-354x238.jpg","The image shows a detail of a bedroom."
"Belston Park, Sinclairston","The Beith","3","https://www.hayhilldevelopments.co.uk/developments/belston-park-sinclairston/bp-plot-9-the-beith/","images/198c5e2b9e9e57c43f07a78735f03b08072fd2202c5f9a9d1ac9422a95ceaf10.jpg","https://www.hayhilldevelopments.co.uk/wp-content/uploads/2025/03/BP-Office-2-354x238.jpg","The image shows a home office or study space."
"Belston Park, Sinclairston","The Beith","3","https://www.hayhilldevelopments.co.uk/developments/belston-park-sinclairston/bp-plot-9-the-beith/","images/24a015491062fb8b4e56fba513407e1581acaf6d0d0e6287060ad639a915b0fd.jpg","https://www.hayhilldevelopments.co.uk/wp-content/uploads/2025/03/BP-Office-354x238.jpg","The image shows a home office or study room."
"Belston Park, Sinclairston","Belston Park, Sinclairston development gallery","","https://www.hayhilldevelopments.co.uk/development/belston-park-sinclairston/","images/ea5eafb39047e9031d6fbf5200c245507261f02f2da9f1b93e71750842121f71.jpg","https://www.hayhilldevelopments.co.uk/wp-content/uploads/2025/03/BP-Kitchen-CloseUp-2-260x260.jpg","This is a detail shot of a kitchen interior."
"Belston Park, Sinclairston","Belston Park, Sinclairston development gallery","","https://www.hayhilldevelopments.co.uk/development/belston-park-sinclairston/","images/d85da606877cb1eded152ec8355acaef990d7f718062a026fd027a0c2e2558b8.jpg","https://www.hayhilldevelopments.co.uk/wp-content/uploads/2022/09/BP-Dining-2-260x260.jpg","This is an interior photograph of a dining area."
"Belston Park, Sinclairston","Belston Park, Sinclairston development gallery","","https://www.hayhilldevelopments.co.uk/development/belston-park-sinclairston/","images/dc145b6241f33a4f415de930ec4ebb504b301edc19ea878173b9c2ee2f0eace6.jpg","https://www.hayhilldevelopments.co.uk/wp-content/uploads/2025/03/BP-Living-Kitchen-260x260.jpg","This is an interior photograph of a living room."
"Belston Park, Sinclairston","Belston Park, Sinclairston development gallery","","https://www.hayhilldevelopments.co.uk/development/belston-park-sinclairston/","images/2e822d6174c7f8fa57a3522f40f6cc64ca645e26834ec32d487fa10626195d54.jpg","https://www.hayhilldevelopments.co.uk/wp-content/uploads/2022/09/BP-Bedroom-closeup-260x260.jpg","The headboard and bedside table are characteristic of a bedroom."
"Belston Park, Sinclairston","Belston Park, Sinclairston development gallery","","https://www.hayhilldevelopments.co.uk/development/belston-park-sinclairston/","images/9c162544c7b84f976e95e28ae8551cdb48fbaa8edb8947ad09600a85335dd0be.jpg","https://www.hayhilldevelopments.co.uk/wp-content/uploads/2022/09/BP-Kitchen-3-260x260.jpg","The kitchen cabinetry and breakfast bar define this as a kitchen."
"Belston Park, Sinclairston","Belston Park, Sinclairston development gallery","","https://www.hayhilldevelopments.co.uk/development/belston-park-sinclairston/","images/7c1ab2661fb2232e8ee14879d5ca15823cd085d2291bab436774eab1a79870ba.jpg","https://www.hayhilldevelopments.co.uk/wp-content/uploads/2025/03/BP-Exterior-5-1.jpg","This is a photograph of the exterior of a residential property."
"Belston Park, Sinclairston","Belston Park, Sinclairston development gallery","","https://www.hayhilldevelopments.co.uk/development/belston-park-sinclairston/","images/9fefd638a26aa01a9b76ef6f8c0070a79f98ce66cd35f272b105d83caf42617d.jpg","https://www.hayhilldevelopments.co.uk/wp-content/uploads/2025/08/BP-Landscape3-e1766045923441-768x284.jpg","This is a photograph of the exterior surroundings of the property."
"Belston Park, Sinclairston","Belston Park, Sinclairston development gallery","","https://www.hayhilldevelopments.co.uk/development/belston-park-sinclairston/","images/8e2177737b9a37c91c98ee74466e1b2ea75bb62109e0fe6c73d109a932969ad1.jpg","https://www.hayhilldevelopments.co.uk/wp-content/uploads/2025/03/BP-Development-Site-2-1.jpg","This is an exterior photograph showing the site layout and construction progress."
"Belston Park, Sinclairston","Belston Park, Sinclairston development gallery","","https://www.hayhilldevelopments.co.uk/development/belston-park-sinclairston/","images/5ce1bda0885c596467cdbb81d27f5b18ade28b9b619c96ab5debc16c06fa486f.jpg","https://www.hayhilldevelopments.co.uk/wp-content/uploads/2025/10/Portnellan-VR-Tour-scaled.jpg","This is a photograph or render of the exterior of a property."
"Belston Park, Sinclairston","Belston Park, Sinclairston development gallery","","https://www.hayhilldevelopments.co.uk/development/belston-park-sinclairston/","images/ceef168b436236e7c622e45ae44b09c57ebd122e6cf39394d44f8b531790e1bc.jpg","https://www.hayhilldevelopments.co.uk/wp-content/uploads/2025/10/Highfield-VR-Tour-New-scaled.jpg","This is a photograph or render of the exterior of a property."
"Belston Park, Sinclairston","Belston Park, Sinclairston development gallery","","https://www.hayhilldevelopments.co.uk/development/belston-park-sinclairston/","images/cf40a865bbb207afea1a35f87fba0ec56a4811d07495cab4e2e35624c70e07f9.jpg","https://www.hayhilldevelopments.co.uk/wp-content/uploads/2025/10/Eglington-VR-Tour-New-scaled.jpg","This is an exterior photograph of a residential property."
"Belston Park, Sinclairston","Belston Park, Sinclairston development gallery","","https://www.hayhilldevelopments.co.uk/development/belston-park-sinclairston/","images/eec249932bc75e0de03c0a59e7ecde4c0e033f9fa3a5a24926b61acaff28691b.jpg","https://www.hayhilldevelopments.co.uk/wp-content/uploads/2025/10/Longlands-VR-Tour-New-scaled.jpg","This is an exterior photograph of a residential property."
"Belston Park, Sinclairston","Belston Park, Sinclairston development gallery","","https://www.hayhilldevelopments.co.uk/development/belston-park-sinclairston/","images/3a75d146fc64ccdc2eb0c82f22a396dcad527690bbbd4c08dd9150f8b54d9944.jpg","https://www.hayhilldevelopments.co.uk/wp-content/uploads/2025/10/Wellwood-VR-Tour-scaled.jpg","This is an exterior photograph of residential properties."
"Water of Coyle, Drongan","The Hayside","4","https://www.hayhilldevelopments.co.uk/developments/water-of-coyle-drongan/dr-plot-49-hayside/","images/0d6f63673cd2d71144c05243443fbc0502b4d160df97ee463a6d460d1e67c616.jpg","https://www.hayhilldevelopments.co.uk/wp-content/uploads/2021/11/HAYHILL-HEIGHTS-DINING-BIFOLDS-1-RT-1920x770.jpg","This is an interior photograph of a kitchen and dining space."
"Water of Coyle, Drongan","The Hayside","4","https://www.hayhilldevelopments.co.uk/developments/water-of-coyle-drongan/dr-plot-49-hayside/","images/92bd41cfc56334530f53211cb5937c1775ce43eea29ce7034656479819a6c4d1.jpg","https://www.hayhilldevelopments.co.uk/wp-content/uploads/2021/11/HAYHILL-HEIGHTS-DETAILS-35-1920x770.jpg","The image shows a functional kitchen area with appliances and countertop accessories."
"Water of Coyle, Drongan","The Hayside","4","https://www.hayhilldevelopments.co.uk/developments/water-of-coyle-drongan/dr-plot-49-hayside/","images/32e47bddb60fb6c424a4808e1bd5421a81bb18130d76f0bedbf18b59f139134e.jpg","https://www.hayhilldevelopments.co.uk/wp-content/uploads/2021/11/HAYHILL-HEIGHTS-DINING-1-1920x770.jpg","The dining table and chairs indicate a dining room space."
"Water of Coyle, Drongan","The Hayside","4","https://www.hayhilldevelopments.co.uk/developments/water-of-coyle-drongan/dr-plot-49-hayside/","images/eb6a5bda432fbd5dde4d949a607087d15556acc0078a7ea4a830517a938d527c.jpg","https://www.hayhilldevelopments.co.uk/wp-content/uploads/2021/11/HAYHILL-HEIGHTS-DETAILS-64-1920x770.jpg","The furniture arrangement and fireplace are typical of a living room."
"Water of Coyle, Drongan","The Hayside","4","https://www.hayhilldevelopments.co.uk/developments/water-of-coyle-drongan/dr-plot-49-hayside/","images/66a975edf6ab1509799b47bea9be2a3d34347d0576516a157c4c2bb696c02faf.jpg","https://www.hayhilldevelopments.co.uk/wp-content/uploads/1970/01/HAYHILL-HEIGHTS-LOUNGE-1-1920x770.jpg","This is a photograph of a furnished living room."
"Water of Coyle, Drongan","The Hayside","4","https://www.hayhilldevelopments.co.uk/developments/water-of-coyle-drongan/dr-plot-49-hayside/","images/9f1e8bbc0c8b73aff1b76639221616df5d1b24993f593634b2aabcd77ce144b0.jpg","https://www.hayhilldevelopments.co.uk/wp-content/uploads/2021/11/HAYHILL-HEIGHTS-MASTER-BEDROOM-1-RT-1920x770.jpg","This is a photograph of a furnished bedroom."
"Water of Coyle, Drongan","The Hayside","4","https://www.hayhilldevelopments.co.uk/developments/water-of-coyle-drongan/dr-plot-49-hayside/","images/efea3c8536b291798fe6beebd5d3781fc1e614e79e95ad368815ead10a00a5a1.jpg","https://www.hayhilldevelopments.co.uk/wp-content/uploads/2021/11/HAYHILL-HEIGHTS-DETAILS-5-1920x770.jpg","This is a photograph of a furnished bedroom."
"Water of Coyle, Drongan","The Hayside","4","https://www.hayhilldevelopments.co.uk/developments/water-of-coyle-drongan/dr-plot-49-hayside/","images/b4a06849e03ddf835f625dcd407b339f24a7b6e8f8c833764536bc5b1174ad6b.jpg","https://www.hayhilldevelopments.co.uk/wp-content/uploads/2021/11/HAYHILL-HEIGHTS-2ND-BEDROOM-1-RT-1920x770.jpg","The image shows a furnished bedroom."
"Water of Coyle, Drongan","The Hayside","4","https://www.hayhilldevelopments.co.uk/developments/water-of-coyle-drongan/dr-plot-49-hayside/","images/d2906dc6557432cb1ec2f10a0d1cffa6884670d873b96ecdc1979e3067ecef76.jpg","https://www.hayhilldevelopments.co.uk/wp-content/uploads/2021/11/HAYHILL-HEIGHTS-3RD-BEDROOM-1-1920x770.jpg","The image shows a furnished bedroom with a desk."
"Water of Coyle, Drongan","The Hayside","4","https://www.hayhilldevelopments.co.uk/developments/water-of-coyle-drongan/dr-plot-49-hayside/","images/c8c08aa002e8e5a2ac63b394e815b292a236344ce7f7a99aa43a0705b0161aa8.jpg","https://www.hayhilldevelopments.co.uk/wp-content/uploads/2021/11/HAYHILL-HEIGHTS-4TH-BEDROOM-1-1920x770.jpg","The image shows a furnished bedroom with a desk."
"Water of Coyle, Drongan","The Hayside","4","https://www.hayhilldevelopments.co.uk/developments/water-of-coyle-drongan/dr-plot-49-hayside/","images/ea9d555b38a012a02a23436e118f8dec9c6862b66d07db005b59211981f2ad3a.jpg","https://www.hayhilldevelopments.co.uk/wp-content/uploads/2021/11/HAYHILL-HEIGHTS-BATHROOM-1-1920x770.jpg","This is a photograph of a functional bathroom in a property."
"Water of Coyle, Drongan","The Hayside","4","https://www.hayhilldevelopments.co.uk/developments/water-of-coyle-drongan/dr-plot-49-hayside/","images/a0247df0a202a3f54da55730669edf1448904feba25a3b03e06b1e082b0eab9e.jpg","https://www.hayhilldevelopments.co.uk/wp-content/uploads/2021/11/HAYHILL-HEIGHTS-ENSUITE-1-1920x770.jpg","This is a photograph of a functional bathroom in a property."
"Water of Coyle, Drongan","The Hayside","4","https://www.hayhilldevelopments.co.uk/developments/water-of-coyle-drongan/dr-plot-49-hayside/","images/2a6b6e30b4f1223f05026b08c15f39ef7201c5f2e06207fd33c56aec21ef81ab.jpg","https://www.hayhilldevelopments.co.uk/wp-content/uploads/2021/11/HAYHILL-HEIGHTS-DETAILS-73-1-1920x770.jpg","This is a photograph of a residential hallway."
"Water of Coyle, Drongan","The Hayside","4","https://www.hayhilldevelopments.co.uk/developments/water-of-coyle-drongan/dr-plot-49-hayside/","images/c4a4dd7e1af8e853c5a75ffe3eb91fc55bb0287894e61961d1a911625c563ffe.jpg","https://www.hayhilldevelopments.co.uk/wp-content/uploads/2021/11/HAYHILL-HEIGHTS-DETAILS-69-1920x770.jpg","This is a photograph of a study or workspace area."
"Water of Coyle, Drongan","The Hayside","4","https://www.hayhilldevelopments.co.uk/developments/water-of-coyle-drongan/dr-plot-49-hayside/","images/486887765fe5e168e86e610ca07b720bf7109990e9ce15568ac79358b3d5959e.jpg","https://www.hayhilldevelopments.co.uk/wp-content/uploads/2021/11/HAYHILL-HEIGHTS-DETAILS-71-1920x770.jpg","This is a photograph of a bedroom interior."
"Water of Coyle, Drongan","The Hayside","4","https://www.hayhilldevelopments.co.uk/developments/water-of-coyle-drongan/dr-plot-49-hayside/","images/2d73553980b192ac8c7d879b00493a80c179f4673411d96a418a9046dc04bc91.jpg","https://www.hayhilldevelopments.co.uk/wp-content/uploads/2021/11/HAYHILL-HEIGHTS-DETAILS-47-1920x770.jpg","This is a photograph of a bedroom interior."
"Water of Coyle, Drongan","The Hayside","4","https://www.hayhilldevelopments.co.uk/developments/water-of-coyle-drongan/dr-plot-49-hayside/","images/bdc7cdf7a6645429a2d100c32d8c15225ad3a234f685d760f791c1ffad4c88e3.jpg","https://www.hayhilldevelopments.co.uk/wp-content/uploads/2024/10/DR-Highfield-354x238.jpg","This is an exterior photograph of a residential property."
"Water of Coyle, Drongan","The Hayside","4","https://www.hayhilldevelopments.co.uk/developments/water-of-coyle-drongan/dr-plot-49-hayside/","images/d2f449534cb298c63149a15c573e0adcab2488f417693b5cb69bf4f6458a2953.jpg","https://www.hayhilldevelopments.co.uk/wp-content/uploads/2024/10/DR-Kitchen-2-354x238.jpg","This is a photograph of a kitchen interior."
"Water of Coyle, Drongan","The Hayside","4","https://www.hayhilldevelopments.co.uk/developments/water-of-coyle-drongan/dr-plot-49-hayside/","images/1ce147b8805931cc627c71201d44a3ce2eb78e8243e261778af074ab5e62ae16.jpg","https://www.hayhilldevelopments.co.uk/wp-content/uploads/2024/10/DR-Kitchen-1-354x238.jpg","This is a photograph of a kitchen interior."
"Water of Coyle, Drongan","The Hayside","4","https://www.hayhilldevelopments.co.uk/developments/water-of-coyle-drongan/dr-plot-49-hayside/","images/480680ba6cd444ca1099a3957d024ad0a5d880e5dca66633e97c2ddf3f008970.jpg","https://www.hayhilldevelopments.co.uk/wp-content/uploads/2024/10/DR-Kitchen-Closeup-Oven-354x238.jpg","This is a detail shot of a kitchen appliance."
"Water of Coyle, Drongan","The Hayside","4","https://www.hayhilldevelopments.co.uk/developments/water-of-coyle-drongan/dr-plot-49-hayside/","images/154e802e5b18aea9bc153aa237bc790b26273cd975ce122cda3844fab301bf3c.jpg","https://www.hayhilldevelopments.co.uk/wp-content/uploads/2024/10/DR-Kitchen-Closeup-Sink-354x238.jpg","The image shows a kitchen sink area."
"Water of Coyle, Drongan","The Hayside","4","https://www.hayhilldevelopments.co.uk/developments/water-of-coyle-drongan/dr-plot-49-hayside/","images/dbf13702e9888787e9ab56c79faa89e73e45714a9666d5277c1e4553eeff6394.jpg","https://www.hayhilldevelopments.co.uk/wp-content/uploads/2024/10/DR-Dining-Kitchen-354x238.jpg","The image shows a dining area."
"Water of Coyle, Drongan","The Hayside","4","https://www.hayhilldevelopments.co.uk/developments/water-of-coyle-drongan/dr-plot-49-hayside/","images/ba66af899f43e38007b743e6f85b27478a5760965aea22079b3cc4ff5ed4336e.jpg","https://www.hayhilldevelopments.co.uk/wp-content/uploads/2025/01/DR-Kitchen-3-354x238.jpg","The image shows a kitchen."
"Water of Coyle, Drongan","The Hayside","4","https://www.hayhilldevelopments.co.uk/developments/water-of-coyle-drongan/dr-plot-49-hayside/","images/7dcbda070c7ee9b363fffe4e7ed69c4d0e3a6f25cd531639ded3c6d4ad407331.jpg","https://www.hayhilldevelopments.co.uk/wp-content/uploads/2024/10/DR-Dining-Kitchen-Living-354x238.jpg","The image shows a dining room."
"Water of Coyle, Drongan","The Hayside","4","https://www.hayhilldevelopments.co.uk/developments/water-of-coyle-drongan/dr-plot-49-hayside/","images/be96039523d4818fe1af6a629816f5c7bbdb2e7040fed3d55e2523217f371fa5.jpg","https://www.hayhilldevelopments.co.uk/wp-content/uploads/2024/10/DR-Dining-2-354x238.jpg","This is a dining room space within a property."
"Water of Coyle, Drongan","The Hayside","4","https://www.hayhilldevelopments.co.uk/developments/water-of-coyle-drongan/dr-plot-49-hayside/","images/2867cdf82bc8455b7a1fecc8a6c3524a128762f7de73466cdfe54d8c3ccf4eec.jpg","https://www.hayhilldevelopments.co.uk/wp-content/uploads/2025/01/DR-Dining-1-354x238.jpg","This is a dining room area."
"Water of Coyle, Drongan","The Hayside","4","https://www.hayhilldevelopments.co.uk/developments/water-of-coyle-drongan/dr-plot-49-hayside/","images/a3dfc68701bff9592c525e5dd71e92f6b79ff23dfdf7432ef9a501db86017d5e.jpg","https://www.hayhilldevelopments.co.uk/wp-content/uploads/2024/10/DR-Dining-Closeup-1-354x238.jpg","This is a dining room table setting."
"Water of Coyle, Drongan","The Hayside","4","https://www.hayhilldevelopments.co.uk/developments/water-of-coyle-drongan/dr-plot-49-hayside/","images/0caf998785377e286a2286d19b605dc0b4913d553dbdc11c82bbde6b51af93dd.jpg","https://www.hayhilldevelopments.co.uk/wp-content/uploads/2024/10/DR-Dining-Closeup-2-354x238.jpg","This is a dining room table setting."
"Water of Coyle, Drongan","The Hayside","4","https://www.hayhilldevelopments.co.uk/developments/water-of-coyle-drongan/dr-plot-49-hayside/","images/831ad877e38c0a136c0192878bebff3770df282e89704289dbc2a2d61df9f13a.jpg","https://www.hayhilldevelopments.co.uk/wp-content/uploads/2025/08/DR-Living-Room-1-354x238.jpg","This is a photograph of a furnished living room area."
"Water of Coyle, Drongan","The Hayside","4","https://www.hayhilldevelopments.co.uk/developments/water-of-coyle-drongan/dr-plot-49-hayside/","images/82d6061938940f1adda02085f9bc68046328b4cdd4b44c1208149a568ecfa2f5.jpg","https://www.hayhilldevelopments.co.uk/wp-content/uploads/2024/10/DR-Living-Room-2-354x238.jpg","This is a photograph of a furnished living room area."
"Water of Coyle, Drongan","The Hayside","4","https://www.hayhilldevelopments.co.uk/developments/water-of-coyle-drongan/dr-plot-49-hayside/","images/04a775904e4c7cfd74a95789a51863b94fcd4463342e7b198eb77e07e9baf0e0.jpg","https://www.hayhilldevelopments.co.uk/wp-content/uploads/2024/10/DR-Living-Room-4-354x238.jpg","This is a photograph of a furnished living room."
"Water of Coyle, Drongan","The Hayside","4","https://www.hayhilldevelopments.co.uk/developments/water-of-coyle-drongan/dr-plot-49-hayside/","images/e4101fecc56671a6b6055e315270e822361b04f9632ae68fc794746845b4727a.jpg","https://www.hayhilldevelopments.co.uk/wp-content/uploads/2024/10/DR-Living-Room-3-354x238.jpg","This is a photograph of a furnished living room."
"Water of Coyle, Drongan","The Hayside","4","https://www.hayhilldevelopments.co.uk/developments/water-of-coyle-drongan/dr-plot-49-hayside/","images/560ae2298663028623da23beb039362283b7db60323c959346514638aa586379.jpg","https://www.hayhilldevelopments.co.uk/wp-content/uploads/2024/10/DR-Bedroom-Closeup-4-354x238.jpg","This is a detailed shot of bedroom furniture and decor."
"Water of Coyle, Drongan","The Hayside","4","https://www.hayhilldevelopments.co.uk/developments/water-of-coyle-drongan/dr-plot-49-hayside/","images/56e45b2034cdd60c5359cb425b6862b750aff0264791afeacbaf9a8a2925034a.jpg","https://www.hayhilldevelopments.co.uk/wp-content/uploads/2024/10/DR-Bedroom-Closeup-2-354x238.jpg","This is a photograph of a bedroom interior."
"Water of Coyle, Drongan","The Hayside","4","https://www.hayhilldevelopments.co.uk/developments/water-of-coyle-drongan/dr-plot-49-hayside/","images/762f740206bc6369277413b1287c81ae7048db5d2564839a3f20ecfde11864df.jpg","https://www.hayhilldevelopments.co.uk/wp-content/uploads/2024/10/DR-Bedroom-2-354x238.jpg","This is a photograph of a bedroom interior."
"Water of Coyle, Drongan","The Hayside","4","https://www.hayhilldevelopments.co.uk/developments/water-of-coyle-drongan/dr-plot-49-hayside/","images/4cb9e4afc0626e1079151b597da40c9b619eda2b74fac13a6886bd15072262fb.jpg","https://www.hayhilldevelopments.co.uk/wp-content/uploads/2024/10/DR-Bedroom-Closeup-5-354x238.jpg","This is a photograph of a bedroom interior."
"Water of Coyle, Drongan","The Hayside","4","https://www.hayhilldevelopments.co.uk/developments/water-of-coyle-drongan/dr-plot-49-hayside/","images/e224848a75736ee483c96f78a277abaaf7a240bf76884b2a028136b4db61239f.jpg","https://www.hayhilldevelopments.co.uk/wp-content/uploads/2024/10/DR-Bedroom4-354x238.jpg","This is a photograph of a bedroom interior."
"Water of Coyle, Drongan","The Hayside","4","https://www.hayhilldevelopments.co.uk/developments/water-of-coyle-drongan/dr-plot-49-hayside/","images/5518879de8e6051b5c5caa5116df56602736bf9656fee20164256d7c5a257486.jpg","https://www.hayhilldevelopments.co.uk/wp-content/uploads/2024/10/DR-Bedroom-Closeup-1-354x238.jpg","This is a photograph of a bedroom interior."
"Water of Coyle, Drongan","The Hayside","4","https://www.hayhilldevelopments.co.uk/developments/water-of-coyle-drongan/dr-plot-49-hayside/","images/4efa28038ec44a79c3869bb99b36330804060dcab4ab84ed184604f15324c05c.jpg","https://www.hayhilldevelopments.co.uk/wp-content/uploads/2024/10/DR-Bedroom-Closeup-6-354x238.jpg","This is a photograph of a bedroom interior."
"Water of Coyle, Drongan","The Hayside","4","https://www.hayhilldevelopments.co.uk/developments/water-of-coyle-drongan/dr-plot-49-hayside/","images/21eb58f1b60949eded73a9fa10a630dc08ccf2774ca384c7fa65503d649e647d.jpg","https://www.hayhilldevelopments.co.uk/wp-content/uploads/2025/08/DR-Bedroom-3-354x238.jpg","The image shows a furnished bedroom."
"Water of Coyle, Drongan","The Hayside","4","https://www.hayhilldevelopments.co.uk/developments/water-of-coyle-drongan/dr-plot-49-hayside/","images/3da68b3833b79bebd04777ab6e1da2a79ecdf32ba7dce6af2ecd440e9c161887.jpg","https://www.hayhilldevelopments.co.uk/wp-content/uploads/2024/10/Dr-Office-Closeup-354x238.jpg","The image shows a desk setup in a room."
"Water of Coyle, Drongan","The Hayside","4","https://www.hayhilldevelopments.co.uk/developments/water-of-coyle-drongan/dr-plot-49-hayside/","images/b803bb14b47c0993a6f0e41e0d3b9af5ad9ef722be527183de339f2ea6cdae97.jpg","https://www.hayhilldevelopments.co.uk/wp-content/uploads/2025/08/DR-Office-354x238.jpg","The image shows a home office or study area."
"Water of Coyle, Drongan","The Hayside","4","https://www.hayhilldevelopments.co.uk/developments/water-of-coyle-drongan/dr-plot-49-hayside/","images/399bf57de4e9a0467a1444d82fa541822de97080d3432aec870cc668892f5678.jpg","https://www.hayhilldevelopments.co.uk/wp-content/uploads/2024/10/DR-Bathroom-Closeup-2-354x238.jpg","The image shows a section of a bathroom."
"Water of Coyle, Drongan","The Hayside","4","https://www.hayhilldevelopments.co.uk/developments/water-of-coyle-drongan/dr-plot-49-hayside/","images/bfeabb552fecbc4fdc2bbc3ce63406f39fae5f876768255ae7c82269069c770e.jpg","https://www.hayhilldevelopments.co.uk/wp-content/uploads/2024/10/DR-Bathroom-Closeup-3-354x238.jpg","The image shows bathroom fixtures."
"Water of Coyle, Drongan","The Hayside","4","https://www.hayhilldevelopments.co.uk/developments/water-of-coyle-drongan/dr-plot-49-hayside/","images/97642bd009ab6b81c071904046a7983a434e785ef65aa5409b697bb7915f3a70.jpg","https://www.hayhilldevelopments.co.uk/wp-content/uploads/2024/10/DR-Bathroom-1-354x238.jpg","The image shows a complete bathroom."
"Water of Coyle, Drongan","The Hayside","4","https://www.hayhilldevelopments.co.uk/developments/water-of-coyle-drongan/dr-plot-49-hayside/","images/a08960ea5c577353d32f67e6ba2e9d92fc38026375db90f36d427e311ee0247d.jpg","https://www.hayhilldevelopments.co.uk/wp-content/uploads/2024/10/DR-Bathroom-3-354x238.jpg","The image shows a small bathroom or cloakroom."
"Water of Coyle, Drongan","The Hayside","4","https://www.hayhilldevelopments.co.uk/developments/water-of-coyle-drongan/dr-plot-49-hayside/","images/49f988e1c2416aa4019d941b0569004534a10ff7650de00b0e7376801a8e7c12.jpg","https://www.hayhilldevelopments.co.uk/wp-content/uploads/2024/10/DR-Bathroom-2-354x238.jpg","The image shows a bathroom."
"Water of Coyle, Drongan","The Longlands","3","https://www.hayhilldevelopments.co.uk/developments/water-of-coyle-drongan/dr-plot-20-longlands/","images/d804f2bbd0cf3b79e807cd19dc4bc44d4d013edf46f26d46f38f3ae093b534b8.jpg","https://www.hayhilldevelopments.co.uk/wp-content/uploads/2024/10/DR-Bedroom-Closeup-1-1920x770.jpg","This is an interior photograph of a bedroom."
"Water of Coyle, Drongan","The Longlands","3","https://www.hayhilldevelopments.co.uk/developments/water-of-coyle-drongan/dr-plot-20-longlands/","images/9e9a7d51d08a69cf0d6ec9d5f42248fa0d60aba42e82bff37913e932d8e39a58.jpg","https://www.hayhilldevelopments.co.uk/wp-content/uploads/2024/10/DR-Bedroom-Closeup-6-1920x770.jpg","The presence of a bed and bedside furniture confirms this is a bedroom."
"Water of Coyle, Drongan","The Longlands","3","https://www.hayhilldevelopments.co.uk/developments/water-of-coyle-drongan/dr-plot-20-longlands/","images/2aae0f84ef6b21395e9c30b47ec9dab83129396685d35a098334d4aab0010721.jpg","https://www.hayhilldevelopments.co.uk/wp-content/uploads/2025/08/DR-Bedroom-Closeup-3-1920x770.jpg","The bed and bedside lamp are typical bedroom features."
"Water of Coyle, Drongan","The Longlands","3","https://www.hayhilldevelopments.co.uk/developments/water-of-coyle-drongan/dr-plot-20-longlands/","images/43ba9dad2e719a0552cba386230d5c4ba47c8e89e9c0d43e4d24dc5065ea8352.jpg","https://www.hayhilldevelopments.co.uk/wp-content/uploads/2025/01/DR-Kitchen-3-1920x770.jpg","The kitchen cabinetry and countertop appliances confirm this is a kitchen."
"Water of Coyle, Drongan","The Longlands","3","https://www.hayhilldevelopments.co.uk/developments/water-of-coyle-drongan/dr-plot-20-longlands/","images/66a975edf6ab1509799b47bea9be2a3d34347d0576516a157c4c2bb696c02faf.jpg","https://www.hayhilldevelopments.co.uk/wp-content/uploads/1970/01/HAYHILL-HEIGHTS-LOUNGE-1-1920x770.jpg","This is a photograph of a furnished living room."
"Water of Coyle, Drongan","The Longlands","3","https://www.hayhilldevelopments.co.uk/developments/water-of-coyle-drongan/dr-plot-20-longlands/","images/7e7897fc618364f70d00a9f2b923252c0f9bf26cac08b9e5bae6d0043369a122.jpg","https://www.hayhilldevelopments.co.uk/wp-content/uploads/2021/11/HAYHILL-HEIGHTS-DETAILS-10-1920x770.jpg","This is a photograph of a furnished living room."
"Water of Coyle, Drongan","The Longlands","3","https://www.hayhilldevelopments.co.uk/developments/water-of-coyle-drongan/dr-plot-20-longlands/","images/2a6b6e30b4f1223f05026b08c15f39ef7201c5f2e06207fd33c56aec21ef81ab.jpg","https://www.hayhilldevelopments.co.uk/wp-content/uploads/2021/11/HAYHILL-HEIGHTS-DETAILS-73-1-1920x770.jpg","This is a photograph of a residential hallway."
"Water of Coyle, Drongan","The Longlands","3","https://www.hayhilldevelopments.co.uk/developments/water-of-coyle-drongan/dr-plot-20-longlands/","images/de2133fb2aba7f4ed1fb7ec383922f8cc4dcef709fd194b1a39775a85f94c8bd.jpg","https://www.hayhilldevelopments.co.uk/wp-content/uploads/2025/08/DR-Living-Room-1-1920x770.jpg","The image shows a furnished living room."
"Water of Coyle, Drongan","The Longlands","3","https://www.hayhilldevelopments.co.uk/developments/water-of-coyle-drongan/dr-plot-20-longlands/","images/1bf25f3bdc11a3ca55691c9ea995e8bef1b7ab9493daeb41404e04cc991e544e.jpg","https://www.hayhilldevelopments.co.uk/wp-content/uploads/2025/08/DR-Office-1920x770.jpg","The image shows a dedicated study or home office space."
"Water of Coyle, Drongan","The Longlands","3","https://www.hayhilldevelopments.co.uk/developments/water-of-coyle-drongan/dr-plot-20-longlands/","images/ea9d555b38a012a02a23436e118f8dec9c6862b66d07db005b59211981f2ad3a.jpg","https://www.hayhilldevelopments.co.uk/wp-content/uploads/2021/11/HAYHILL-HEIGHTS-BATHROOM-1-1920x770.jpg","This is a photograph of a functional bathroom in a property."
"Water of Coyle, Drongan","The Longlands","3","https://www.hayhilldevelopments.co.uk/developments/water-of-coyle-drongan/dr-plot-20-longlands/","images/a0247df0a202a3f54da55730669edf1448904feba25a3b03e06b1e082b0eab9e.jpg","https://www.hayhilldevelopments.co.uk/wp-content/uploads/2021/11/HAYHILL-HEIGHTS-ENSUITE-1-1920x770.jpg","This is a photograph of a functional bathroom in a property."
"Water of Coyle, Drongan","The Longlands","3","https://www.hayhilldevelopments.co.uk/developments/water-of-coyle-drongan/dr-plot-20-longlands/","images/8ee8f25dd8141a88ee805555f848fbc5e7eb9197ca43da5013b3dbc20c146120.jpg","https://www.hayhilldevelopments.co.uk/wp-content/uploads/1970/01/HAYHILL-HEIGHTS-MASTER-BEDROOM-1-1920x770.jpg","This is a photograph of a furnished bedroom."
"Water of Coyle, Drongan","The Longlands","3","https://www.hayhilldevelopments.co.uk/developments/water-of-coyle-drongan/dr-plot-20-longlands/","images/d2906dc6557432cb1ec2f10a0d1cffa6884670d873b96ecdc1979e3067ecef76.jpg","https://www.hayhilldevelopments.co.uk/wp-content/uploads/2021/11/HAYHILL-HEIGHTS-3RD-BEDROOM-1-1920x770.jpg","The image shows a furnished bedroom with a desk."
"Water of Coyle, Drongan","The Longlands","3","https://www.hayhilldevelopments.co.uk/developments/water-of-coyle-drongan/dr-plot-20-longlands/","images/b4a06849e03ddf835f625dcd407b339f24a7b6e8f8c833764536bc5b1174ad6b.jpg","https://www.hayhilldevelopments.co.uk/wp-content/uploads/2021/11/HAYHILL-HEIGHTS-2ND-BEDROOM-1-RT-1920x770.jpg","The image shows a furnished bedroom."
"Water of Coyle, Drongan","The Longlands","3","https://www.hayhilldevelopments.co.uk/developments/water-of-coyle-drongan/dr-plot-20-longlands/","images/f5581443642100f9a82f26b1afab4f4bfbd538d68596cfecacac25b42873adab.jpg","https://www.hayhilldevelopments.co.uk/wp-content/uploads/2024/10/DR-Bathroom-1-1920x770.jpg","This is a photograph of a functional bathroom in a property."
"Water of Coyle, Drongan","The Longlands","3","https://www.hayhilldevelopments.co.uk/developments/water-of-coyle-drongan/dr-plot-20-longlands/","images/bdc7cdf7a6645429a2d100c32d8c15225ad3a234f685d760f791c1ffad4c88e3.jpg","https://www.hayhilldevelopments.co.uk/wp-content/uploads/2024/10/DR-Highfield-354x238.jpg","This is an exterior photograph of a residential property."
"Water of Coyle, Drongan","The Longlands","3","https://www.hayhilldevelopments.co.uk/developments/water-of-coyle-drongan/dr-plot-20-longlands/","images/d2f449534cb298c63149a15c573e0adcab2488f417693b5cb69bf4f6458a2953.jpg","https://www.hayhilldevelopments.co.uk/wp-content/uploads/2024/10/DR-Kitchen-2-354x238.jpg","This is a photograph of a kitchen interior."
"Water of Coyle, Drongan","The Longlands","3","https://www.hayhilldevelopments.co.uk/developments/water-of-coyle-drongan/dr-plot-20-longlands/","images/1ce147b8805931cc627c71201d44a3ce2eb78e8243e261778af074ab5e62ae16.jpg","https://www.hayhilldevelopments.co.uk/wp-content/uploads/2024/10/DR-Kitchen-1-354x238.jpg","This is a photograph of a kitchen interior."
"Water of Coyle, Drongan","The Longlands","3","https://www.hayhilldevelopments.co.uk/developments/water-of-coyle-drongan/dr-plot-20-longlands/","images/480680ba6cd444ca1099a3957d024ad0a5d880e5dca66633e97c2ddf3f008970.jpg","https://www.hayhilldevelopments.co.uk/wp-content/uploads/2024/10/DR-Kitchen-Closeup-Oven-354x238.jpg","This is a detail shot of a kitchen appliance."
"Water of Coyle, Drongan","The Longlands","3","https://www.hayhilldevelopments.co.uk/developments/water-of-coyle-drongan/dr-plot-20-longlands/","images/154e802e5b18aea9bc153aa237bc790b26273cd975ce122cda3844fab301bf3c.jpg","https://www.hayhilldevelopments.co.uk/wp-content/uploads/2024/10/DR-Kitchen-Closeup-Sink-354x238.jpg","The image shows a kitchen sink area."
"Water of Coyle, Drongan","The Longlands","3","https://www.hayhilldevelopments.co.uk/developments/water-of-coyle-drongan/dr-plot-20-longlands/","images/dbf13702e9888787e9ab56c79faa89e73e45714a9666d5277c1e4553eeff6394.jpg","https://www.hayhilldevelopments.co.uk/wp-content/uploads/2024/10/DR-Dining-Kitchen-354x238.jpg","The image shows a dining area."
"Water of Coyle, Drongan","The Longlands","3","https://www.hayhilldevelopments.co.uk/developments/water-of-coyle-drongan/dr-plot-20-longlands/","images/ba66af899f43e38007b743e6f85b27478a5760965aea22079b3cc4ff5ed4336e.jpg","https://www.hayhilldevelopments.co.uk/wp-content/uploads/2025/01/DR-Kitchen-3-354x238.jpg","The image shows a kitchen."
"Water of Coyle, Drongan","The Longlands","3","https://www.hayhilldevelopments.co.uk/developments/water-of-coyle-drongan/dr-plot-20-longlands/","images/7dcbda070c7ee9b363fffe4e7ed69c4d0e3a6f25cd531639ded3c6d4ad407331.jpg","https://www.hayhilldevelopments.co.uk/wp-content/uploads/2024/10/DR-Dining-Kitchen-Living-354x238.jpg","The image shows a dining room."
"Water of Coyle, Drongan","The Longlands","3","https://www.hayhilldevelopments.co.uk/developments/water-of-coyle-drongan/dr-plot-20-longlands/","images/be96039523d4818fe1af6a629816f5c7bbdb2e7040fed3d55e2523217f371fa5.jpg","https://www.hayhilldevelopments.co.uk/wp-content/uploads/2024/10/DR-Dining-2-354x238.jpg","This is a dining room space within a property."
"Water of Coyle, Drongan","The Longlands","3","https://www.hayhilldevelopments.co.uk/developments/water-of-coyle-drongan/dr-plot-20-longlands/","images/2867cdf82bc8455b7a1fecc8a6c3524a128762f7de73466cdfe54d8c3ccf4eec.jpg","https://www.hayhilldevelopments.co.uk/wp-content/uploads/2025/01/DR-Dining-1-354x238.jpg","This is a dining room area."
"Water of Coyle, Drongan","The Longlands","3","https://www.hayhilldevelopments.co.uk/developments/water-of-coyle-drongan/dr-plot-20-longlands/","images/a3dfc68701bff9592c525e5dd71e92f6b79ff23dfdf7432ef9a501db86017d5e.jpg","https://www.hayhilldevelopments.co.uk/wp-content/uploads/2024/10/DR-Dining-Closeup-1-354x238.jpg","This is a dining room table setting."
"Water of Coyle, Drongan","The Longlands","3","https://www.hayhilldevelopments.co.uk/developments/water-of-coyle-drongan/dr-plot-20-longlands/","images/0caf998785377e286a2286d19b605dc0b4913d553dbdc11c82bbde6b51af93dd.jpg","https://www.hayhilldevelopments.co.uk/wp-content/uploads/2024/10/DR-Dining-Closeup-2-354x238.jpg","This is a dining room table setting."
"Water of Coyle, Drongan","The Longlands","3","https://www.hayhilldevelopments.co.uk/developments/water-of-coyle-drongan/dr-plot-20-longlands/","images/831ad877e38c0a136c0192878bebff3770df282e89704289dbc2a2d61df9f13a.jpg","https://www.hayhilldevelopments.co.uk/wp-content/uploads/2025/08/DR-Living-Room-1-354x238.jpg","This is a photograph of a furnished living room area."
"Water of Coyle, Drongan","The Longlands","3","https://www.hayhilldevelopments.co.uk/developments/water-of-coyle-drongan/dr-plot-20-longlands/","images/82d6061938940f1adda02085f9bc68046328b4cdd4b44c1208149a568ecfa2f5.jpg","https://www.hayhilldevelopments.co.uk/wp-content/uploads/2024/10/DR-Living-Room-2-354x238.jpg","This is a photograph of a furnished living room area."
"Water of Coyle, Drongan","The Longlands","3","https://www.hayhilldevelopments.co.uk/developments/water-of-coyle-drongan/dr-plot-20-longlands/","images/04a775904e4c7cfd74a95789a51863b94fcd4463342e7b198eb77e07e9baf0e0.jpg","https://www.hayhilldevelopments.co.uk/wp-content/uploads/2024/10/DR-Living-Room-4-354x238.jpg","This is a photograph of a furnished living room."
"Water of Coyle, Drongan","The Longlands","3","https://www.hayhilldevelopments.co.uk/developments/water-of-coyle-drongan/dr-plot-20-longlands/","images/e4101fecc56671a6b6055e315270e822361b04f9632ae68fc794746845b4727a.jpg","https://www.hayhilldevelopments.co.uk/wp-content/uploads/2024/10/DR-Living-Room-3-354x238.jpg","This is a photograph of a furnished living room."
"Water of Coyle, Drongan","The Longlands","3","https://www.hayhilldevelopments.co.uk/developments/water-of-coyle-drongan/dr-plot-20-longlands/","images/560ae2298663028623da23beb039362283b7db60323c959346514638aa586379.jpg","https://www.hayhilldevelopments.co.uk/wp-content/uploads/2024/10/DR-Bedroom-Closeup-4-354x238.jpg","This is a detailed shot of bedroom furniture and decor."
"Water of Coyle, Drongan","The Longlands","3","https://www.hayhilldevelopments.co.uk/developments/water-of-coyle-drongan/dr-plot-20-longlands/","images/56e45b2034cdd60c5359cb425b6862b750aff0264791afeacbaf9a8a2925034a.jpg","https://www.hayhilldevelopments.co.uk/wp-content/uploads/2024/10/DR-Bedroom-Closeup-2-354x238.jpg","This is a photograph of a bedroom interior."
"Water of Coyle, Drongan","The Longlands","3","https://www.hayhilldevelopments.co.uk/developments/water-of-coyle-drongan/dr-plot-20-longlands/","images/762f740206bc6369277413b1287c81ae7048db5d2564839a3f20ecfde11864df.jpg","https://www.hayhilldevelopments.co.uk/wp-content/uploads/2024/10/DR-Bedroom-2-354x238.jpg","This is a photograph of a bedroom interior."
"Water of Coyle, Drongan","The Longlands","3","https://www.hayhilldevelopments.co.uk/developments/water-of-coyle-drongan/dr-plot-20-longlands/","images/4cb9e4afc0626e1079151b597da40c9b619eda2b74fac13a6886bd15072262fb.jpg","https://www.hayhilldevelopments.co.uk/wp-content/uploads/2024/10/DR-Bedroom-Closeup-5-354x238.jpg","This is a photograph of a bedroom interior."
"Water of Coyle, Drongan","The Longlands","3","https://www.hayhilldevelopments.co.uk/developments/water-of-coyle-drongan/dr-plot-20-longlands/","images/e224848a75736ee483c96f78a277abaaf7a240bf76884b2a028136b4db61239f.jpg","https://www.hayhilldevelopments.co.uk/wp-content/uploads/2024/10/DR-Bedroom4-354x238.jpg","This is a photograph of a bedroom interior."
"Water of Coyle, Drongan","The Longlands","3","https://www.hayhilldevelopments.co.uk/developments/water-of-coyle-drongan/dr-plot-20-longlands/","images/5518879de8e6051b5c5caa5116df56602736bf9656fee20164256d7c5a257486.jpg","https://www.hayhilldevelopments.co.uk/wp-content/uploads/2024/10/DR-Bedroom-Closeup-1-354x238.jpg","This is a photograph of a bedroom interior."
"Water of Coyle, Drongan","The Longlands","3","https://www.hayhilldevelopments.co.uk/developments/water-of-coyle-drongan/dr-plot-20-longlands/","images/4efa28038ec44a79c3869bb99b36330804060dcab4ab84ed184604f15324c05c.jpg","https://www.hayhilldevelopments.co.uk/wp-content/uploads/2024/10/DR-Bedroom-Closeup-6-354x238.jpg","This is a photograph of a bedroom interior."
"Water of Coyle, Drongan","The Longlands","3","https://www.hayhilldevelopments.co.uk/developments/water-of-coyle-drongan/dr-plot-20-longlands/","images/21eb58f1b60949eded73a9fa10a630dc08ccf2774ca384c7fa65503d649e647d.jpg","https://www.hayhilldevelopments.co.uk/wp-content/uploads/2025/08/DR-Bedroom-3-354x238.jpg","The image shows a furnished bedroom."
"Water of Coyle, Drongan","The Longlands","3","https://www.hayhilldevelopments.co.uk/developments/water-of-coyle-drongan/dr-plot-20-longlands/","images/3da68b3833b79bebd04777ab6e1da2a79ecdf32ba7dce6af2ecd440e9c161887.jpg","https://www.hayhilldevelopments.co.uk/wp-content/uploads/2024/10/Dr-Office-Closeup-354x238.jpg","The image shows a desk setup in a room."
"Water of Coyle, Drongan","The Longlands","3","https://www.hayhilldevelopments.co.uk/developments/water-of-coyle-drongan/dr-plot-20-longlands/","images/b803bb14b47c0993a6f0e41e0d3b9af5ad9ef722be527183de339f2ea6cdae97.jpg","https://www.hayhilldevelopments.co.uk/wp-content/uploads/2025/08/DR-Office-354x238.jpg","The image shows a home office or study area."
"Water of Coyle, Drongan","The Longlands","3","https://www.hayhilldevelopments.co.uk/developments/water-of-coyle-drongan/dr-plot-20-longlands/","images/399bf57de4e9a0467a1444d82fa541822de97080d3432aec870cc668892f5678.jpg","https://www.hayhilldevelopments.co.uk/wp-content/uploads/2024/10/DR-Bathroom-Closeup-2-354x238.jpg","The image shows a section of a bathroom."
"Water of Coyle, Drongan","The Longlands","3","https://www.hayhilldevelopments.co.uk/developments/water-of-coyle-drongan/dr-plot-20-longlands/","images/bfeabb552fecbc4fdc2bbc3ce63406f39fae5f876768255ae7c82269069c770e.jpg","https://www.hayhilldevelopments.co.uk/wp-content/uploads/2024/10/DR-Bathroom-Closeup-3-354x238.jpg","The image shows bathroom fixtures."
"Water of Coyle, Drongan","The Longlands","3","https://www.hayhilldevelopments.co.uk/developments/water-of-coyle-drongan/dr-plot-20-longlands/","images/97642bd009ab6b81c071904046a7983a434e785ef65aa5409b697bb7915f3a70.jpg","https://www.hayhilldevelopments.co.uk/wp-content/uploads/2024/10/DR-Bathroom-1-354x238.jpg","The image shows a complete bathroom."
"Water of Coyle, Drongan","The Longlands","3","https://www.hayhilldevelopments.co.uk/developments/water-of-coyle-drongan/dr-plot-20-longlands/","images/a08960ea5c577353d32f67e6ba2e9d92fc38026375db90f36d427e311ee0247d.jpg","https://www.hayhilldevelopments.co.uk/wp-content/uploads/2024/10/DR-Bathroom-3-354x238.jpg","The image shows a small bathroom or cloakroom."
"Water of Coyle, Drongan","The Longlands","3","https://www.hayhilldevelopments.co.uk/developments/water-of-coyle-drongan/dr-plot-20-longlands/","images/49f988e1c2416aa4019d941b0569004534a10ff7650de00b0e7376801a8e7c12.jpg","https://www.hayhilldevelopments.co.uk/wp-content/uploads/2024/10/DR-Bathroom-2-354x238.jpg","The image shows a bathroom."
"Water of Coyle, Drongan","The Lanemark (Mid)","2","https://www.hayhilldevelopments.co.uk/developments/water-of-coyle-drongan/dr-plot-34-lanemark-mid/","images/45a372512a4788616bcff76ff192cc7a6bd647efa4dbd9271bba848b8a8c5224.jpg","https://www.hayhilldevelopments.co.uk/wp-content/uploads/2024/09/HAYHILL-PLOT-61-01-1920x770.jpg","This is a photograph of a living room interior."
"Water of Coyle, Drongan","The Lanemark (Mid)","2","https://www.hayhilldevelopments.co.uk/developments/water-of-coyle-drongan/dr-plot-34-lanemark-mid/","images/b73a4c7e62e9dd0bb865607cfae6ad2077a03c21777459a442ebbb026b4cda09.jpg","https://www.hayhilldevelopments.co.uk/wp-content/uploads/2024/09/HAYHILL-PLOT-61-02-1920x770.jpg","The image shows a living room space."
"Water of Coyle, Drongan","The Lanemark (Mid)","2","https://www.hayhilldevelopments.co.uk/developments/water-of-coyle-drongan/dr-plot-34-lanemark-mid/","images/1d8ee3377681e85801b1e154531569da37a41e9cea1935300826fe1266f8b9dc.jpg","https://www.hayhilldevelopments.co.uk/wp-content/uploads/2024/09/HAYHILL-PLOT-61-03-1920x770.jpg","The image shows a kitchen workspace."
"Water of Coyle, Drongan","The Lanemark (Mid)","2","https://www.hayhilldevelopments.co.uk/developments/water-of-coyle-drongan/dr-plot-34-lanemark-mid/","images/ce5b6a0905e43078c015a1258247786732403e110b24a0c69f0d1561c1f143f6.jpg","https://www.hayhilldevelopments.co.uk/wp-content/uploads/2024/09/HAYHILL-PLOT-61-04-1920x770.jpg","The image shows a kitchen and dining area."
"Water of Coyle, Drongan","The Lanemark (Mid)","2","https://www.hayhilldevelopments.co.uk/developments/water-of-coyle-drongan/dr-plot-34-lanemark-mid/","images/1e7c204dc46e5387203ce30c0542503402d9cec5914664612ad8cdad288b3590.jpg","https://www.hayhilldevelopments.co.uk/wp-content/uploads/2024/09/HAYHILL-PLOT-61-05-1920x770.jpg","The image shows a kitchen with a small desk area visible through an open door."
"Water of Coyle, Drongan","The Lanemark (Mid)","2","https://www.hayhilldevelopments.co.uk/developments/water-of-coyle-drongan/dr-plot-34-lanemark-mid/","images/cbbb2ee99d35eaeb6ff679d7d0a2df923bf5be4a72002773fb6947cbb9091427.jpg","https://www.hayhilldevelopments.co.uk/wp-content/uploads/2024/09/HAYHILL-PLOT-61-07-1920x770.jpg","This is a living room area."
"Water of Coyle, Drongan","The Lanemark (Mid)","2","https://www.hayhilldevelopments.co.uk/developments/water-of-coyle-drongan/dr-plot-34-lanemark-mid/","images/a8455a6fe484c09297e4f63b0a5367cbb57fe8e5aafc15c6968018242538edc3.jpg","https://www.hayhilldevelopments.co.uk/wp-content/uploads/2024/09/HAYHILL-PLOT-61-08-1920x770.jpg","This is a bathroom or cloakroom."
"Water of Coyle, Drongan","The Lanemark (Mid)","2","https://www.hayhilldevelopments.co.uk/developments/water-of-coyle-drongan/dr-plot-34-lanemark-mid/","images/de7ae5a40b79f8b5e8cba686cc7493873589007505be6c7fad6ba34ef15897a4.jpg","https://www.hayhilldevelopments.co.uk/wp-content/uploads/2024/09/HAYHILL-PLOT-61-10-1920x770.jpg","This is a bathroom or cloakroom."
"Water of Coyle, Drongan","The Lanemark (Mid)","2","https://www.hayhilldevelopments.co.uk/developments/water-of-coyle-drongan/dr-plot-34-lanemark-mid/","images/ce6d6235e99268a4392bc7d366825af89cff4fda8e7a3ccf4ee07fc1c0e9230d.jpg","https://www.hayhilldevelopments.co.uk/wp-content/uploads/2024/09/HAYHILL-PLOT-61-11-1920x770.jpg","This is a bedroom."
"Water of Coyle, Drongan","The Lanemark (Mid)","2","https://www.hayhilldevelopments.co.uk/developments/water-of-coyle-drongan/dr-plot-34-lanemark-mid/","images/91d1afccd65ad13ee7ed25c1eb8215cc1c34d7f93795bd89b3f8bee1837dc634.jpg","https://www.hayhilldevelopments.co.uk/wp-content/uploads/2024/09/HAYHILL-PLOT-61-14-1920x770.jpg","This is a photograph of a furnished bedroom."
"Water of Coyle, Drongan","The Lanemark (Mid)","2","https://www.hayhilldevelopments.co.uk/developments/water-of-coyle-drongan/dr-plot-34-lanemark-mid/","images/fb05e0beb767ee78586272bc88267359847332a061fe3e92ee05fc939703966b.jpg","https://www.hayhilldevelopments.co.uk/wp-content/uploads/2024/09/HAYHILL-PLOT-61-16-1920x770.jpg","This is a photograph of a bathroom."
"Water of Coyle, Drongan","The Lanemark (Mid)","2","https://www.hayhilldevelopments.co.uk/developments/water-of-coyle-drongan/dr-plot-34-lanemark-mid/","images/67e5db8307cf8917ce7d7ca88f61bb6bbf67ad1e53047a7eb9690d2ee52f917d.jpg","https://www.hayhilldevelopments.co.uk/wp-content/uploads/2024/09/HAYHILL-PLOT-61-18-1920x770.jpg","This is a photograph of a furnished bedroom."
"Water of Coyle, Drongan","The Lanemark (Mid)","2","https://www.hayhilldevelopments.co.uk/developments/water-of-coyle-drongan/dr-plot-34-lanemark-mid/","images/bdc7cdf7a6645429a2d100c32d8c15225ad3a234f685d760f791c1ffad4c88e3.jpg","https://www.hayhilldevelopments.co.uk/wp-content/uploads/2024/10/DR-Highfield-354x238.jpg","This is an exterior photograph of a residential property."
"Water of Coyle, Drongan","The Lanemark (Mid)","2","https://www.hayhilldevelopments.co.uk/developments/water-of-coyle-drongan/dr-plot-34-lanemark-mid/","images/d2f449534cb298c63149a15c573e0adcab2488f417693b5cb69bf4f6458a2953.jpg","https://www.hayhilldevelopments.co.uk/wp-content/uploads/2024/10/DR-Kitchen-2-354x238.jpg","This is a photograph of a kitchen interior."
"Water of Coyle, Drongan","The Lanemark (Mid)","2","https://www.hayhilldevelopments.co.uk/developments/water-of-coyle-drongan/dr-plot-34-lanemark-mid/","images/1ce147b8805931cc627c71201d44a3ce2eb78e8243e261778af074ab5e62ae16.jpg","https://www.hayhilldevelopments.co.uk/wp-content/uploads/2024/10/DR-Kitchen-1-354x238.jpg","This is a photograph of a kitchen interior."
"Water of Coyle, Drongan","The Lanemark (Mid)","2","https://www.hayhilldevelopments.co.uk/developments/water-of-coyle-drongan/dr-plot-34-lanemark-mid/","images/480680ba6cd444ca1099a3957d024ad0a5d880e5dca66633e97c2ddf3f008970.jpg","https://www.hayhilldevelopments.co.uk/wp-content/uploads/2024/10/DR-Kitchen-Closeup-Oven-354x238.jpg","This is a detail shot of a kitchen appliance."
"Water of Coyle, Drongan","The Lanemark (Mid)","2","https://www.hayhilldevelopments.co.uk/developments/water-of-coyle-drongan/dr-plot-34-lanemark-mid/","images/154e802e5b18aea9bc153aa237bc790b26273cd975ce122cda3844fab301bf3c.jpg","https://www.hayhilldevelopments.co.uk/wp-content/uploads/2024/10/DR-Kitchen-Closeup-Sink-354x238.jpg","The image shows a kitchen sink area."
"Water of Coyle, Drongan","The Lanemark (Mid)","2","https://www.hayhilldevelopments.co.uk/developments/water-of-coyle-drongan/dr-plot-34-lanemark-mid/","images/dbf13702e9888787e9ab56c79faa89e73e45714a9666d5277c1e4553eeff6394.jpg","https://www.hayhilldevelopments.co.uk/wp-content/uploads/2024/10/DR-Dining-Kitchen-354x238.jpg","The image shows a dining area."
"Water of Coyle, Drongan","The Lanemark (Mid)","2","https://www.hayhilldevelopments.co.uk/developments/water-of-coyle-drongan/dr-plot-34-lanemark-mid/","images/ba66af899f43e38007b743e6f85b27478a5760965aea22079b3cc4ff5ed4336e.jpg","https://www.hayhilldevelopments.co.uk/wp-content/uploads/2025/01/DR-Kitchen-3-354x238.jpg","The image shows a kitchen."
"Water of Coyle, Drongan","The Lanemark (Mid)","2","https://www.hayhilldevelopments.co.uk/developments/water-of-coyle-drongan/dr-plot-34-lanemark-mid/","images/7dcbda070c7ee9b363fffe4e7ed69c4d0e3a6f25cd531639ded3c6d4ad407331.jpg","https://www.hayhilldevelopments.co.uk/wp-content/uploads/2024/10/DR-Dining-Kitchen-Living-354x238.jpg","The image shows a dining room."
"Water of Coyle, Drongan","The Lanemark (Mid)","2","https://www.hayhilldevelopments.co.uk/developments/water-of-coyle-drongan/dr-plot-34-lanemark-mid/","images/be96039523d4818fe1af6a629816f5c7bbdb2e7040fed3d55e2523217f371fa5.jpg","https://www.hayhilldevelopments.co.uk/wp-content/uploads/2024/10/DR-Dining-2-354x238.jpg","This is a dining room space within a property."
"Water of Coyle, Drongan","The Lanemark (Mid)","2","https://www.hayhilldevelopments.co.uk/developments/water-of-coyle-drongan/dr-plot-34-lanemark-mid/","images/2867cdf82bc8455b7a1fecc8a6c3524a128762f7de73466cdfe54d8c3ccf4eec.jpg","https://www.hayhilldevelopments.co.uk/wp-content/uploads/2025/01/DR-Dining-1-354x238.jpg","This is a dining room area."
"Water of Coyle, Drongan","The Lanemark (Mid)","2","https://www.hayhilldevelopments.co.uk/developments/water-of-coyle-drongan/dr-plot-34-lanemark-mid/","images/a3dfc68701bff9592c525e5dd71e92f6b79ff23dfdf7432ef9a501db86017d5e.jpg","https://www.hayhilldevelopments.co.uk/wp-content/uploads/2024/10/DR-Dining-Closeup-1-354x238.jpg","This is a dining room table setting."
"Water of Coyle, Drongan","The Lanemark (Mid)","2","https://www.hayhilldevelopments.co.uk/developments/water-of-coyle-drongan/dr-plot-34-lanemark-mid/","images/0caf998785377e286a2286d19b605dc0b4913d553dbdc11c82bbde6b51af93dd.jpg","https://www.hayhilldevelopments.co.uk/wp-content/uploads/2024/10/DR-Dining-Closeup-2-354x238.jpg","This is a dining room table setting."
"Water of Coyle, Drongan","The Lanemark (Mid)","2","https://www.hayhilldevelopments.co.uk/developments/water-of-coyle-drongan/dr-plot-34-lanemark-mid/","images/831ad877e38c0a136c0192878bebff3770df282e89704289dbc2a2d61df9f13a.jpg","https://www.hayhilldevelopments.co.uk/wp-content/uploads/2025/08/DR-Living-Room-1-354x238.jpg","This is a photograph of a furnished living room area."
"Water of Coyle, Drongan","The Lanemark (Mid)","2","https://www.hayhilldevelopments.co.uk/developments/water-of-coyle-drongan/dr-plot-34-lanemark-mid/","images/82d6061938940f1adda02085f9bc68046328b4cdd4b44c1208149a568ecfa2f5.jpg","https://www.hayhilldevelopments.co.uk/wp-content/uploads/2024/10/DR-Living-Room-2-354x238.jpg","This is a photograph of a furnished living room area."
"Water of Coyle, Drongan","The Lanemark (Mid)","2","https://www.hayhilldevelopments.co.uk/developments/water-of-coyle-drongan/dr-plot-34-lanemark-mid/","images/04a775904e4c7cfd74a95789a51863b94fcd4463342e7b198eb77e07e9baf0e0.jpg","https://www.hayhilldevelopments.co.uk/wp-content/uploads/2024/10/DR-Living-Room-4-354x238.jpg","This is a photograph of a furnished living room."
"Water of Coyle, Drongan","The Lanemark (Mid)","2","https://www.hayhilldevelopments.co.uk/developments/water-of-coyle-drongan/dr-plot-34-lanemark-mid/","images/e4101fecc56671a6b6055e315270e822361b04f9632ae68fc794746845b4727a.jpg","https://www.hayhilldevelopments.co.uk/wp-content/uploads/2024/10/DR-Living-Room-3-354x238.jpg","This is a photograph of a furnished living room."
"Water of Coyle, Drongan","The Lanemark (Mid)","2","https://www.hayhilldevelopments.co.uk/developments/water-of-coyle-drongan/dr-plot-34-lanemark-mid/","images/560ae2298663028623da23beb039362283b7db60323c959346514638aa586379.jpg","https://www.hayhilldevelopments.co.uk/wp-content/uploads/2024/10/DR-Bedroom-Closeup-4-354x238.jpg","This is a detailed shot of bedroom furniture and decor."
"Water of Coyle, Drongan","The Lanemark (Mid)","2","https://www.hayhilldevelopments.co.uk/developments/water-of-coyle-drongan/dr-plot-34-lanemark-mid/","images/56e45b2034cdd60c5359cb425b6862b750aff0264791afeacbaf9a8a2925034a.jpg","https://www.hayhilldevelopments.co.uk/wp-content/uploads/2024/10/DR-Bedroom-Closeup-2-354x238.jpg","This is a photograph of a bedroom interior."
"Water of Coyle, Drongan","The Lanemark (Mid)","2","https://www.hayhilldevelopments.co.uk/developments/water-of-coyle-drongan/dr-plot-34-lanemark-mid/","images/762f740206bc6369277413b1287c81ae7048db5d2564839a3f20ecfde11864df.jpg","https://www.hayhilldevelopments.co.uk/wp-content/uploads/2024/10/DR-Bedroom-2-354x238.jpg","This is a photograph of a bedroom interior."
"Water of Coyle, Drongan","The Lanemark (Mid)","2","https://www.hayhilldevelopments.co.uk/developments/water-of-coyle-drongan/dr-plot-34-lanemark-mid/","images/4cb9e4afc0626e1079151b597da40c9b619eda2b74fac13a6886bd15072262fb.jpg","https://www.hayhilldevelopments.co.uk/wp-content/uploads/2024/10/DR-Bedroom-Closeup-5-354x238.jpg","This is a photograph of a bedroom interior."
"Water of Coyle, Drongan","The Lanemark (Mid)","2","https://www.hayhilldevelopments.co.uk/developments/water-of-coyle-drongan/dr-plot-34-lanemark-mid/","images/e224848a75736ee483c96f78a277abaaf7a240bf76884b2a028136b4db61239f.jpg","https://www.hayhilldevelopments.co.uk/wp-content/uploads/2024/10/DR-Bedroom4-354x238.jpg","This is a photograph of a bedroom interior."
"Water of Coyle, Drongan","The Lanemark (Mid)","2","https://www.hayhilldevelopments.co.uk/developments/water-of-coyle-drongan/dr-plot-34-lanemark-mid/","images/5518879de8e6051b5c5caa5116df56602736bf9656fee20164256d7c5a257486.jpg","https://www.hayhilldevelopments.co.uk/wp-content/uploads/2024/10/DR-Bedroom-Closeup-1-354x238.jpg","This is a photograph of a bedroom interior."
"Water of Coyle, Drongan","The Lanemark (Mid)","2","https://www.hayhilldevelopments.co.uk/developments/water-of-coyle-drongan/dr-plot-34-lanemark-mid/","images/4efa28038ec44a79c3869bb99b36330804060dcab4ab84ed184604f15324c05c.jpg","https://www.hayhilldevelopments.co.uk/wp-content/uploads/2024/10/DR-Bedroom-Closeup-6-354x238.jpg","This is a photograph of a bedroom interior."
"Water of Coyle, Drongan","The Lanemark (Mid)","2","https://www.hayhilldevelopments.co.uk/developments/water-of-coyle-drongan/dr-plot-34-lanemark-mid/","images/21eb58f1b60949eded73a9fa10a630dc08ccf2774ca384c7fa65503d649e647d.jpg","https://www.hayhilldevelopments.co.uk/wp-content/uploads/2025/08/DR-Bedroom-3-354x238.jpg","The image shows a furnished bedroom."
"Water of Coyle, Drongan","The Lanemark (Mid)","2","https://www.hayhilldevelopments.co.uk/developments/water-of-coyle-drongan/dr-plot-34-lanemark-mid/","images/3da68b3833b79bebd04777ab6e1da2a79ecdf32ba7dce6af2ecd440e9c161887.jpg","https://www.hayhilldevelopments.co.uk/wp-content/uploads/2024/10/Dr-Office-Closeup-354x238.jpg","The image shows a desk setup in a room."
"Water of Coyle, Drongan","The Lanemark (Mid)","2","https://www.hayhilldevelopments.co.uk/developments/water-of-coyle-drongan/dr-plot-34-lanemark-mid/","images/b803bb14b47c0993a6f0e41e0d3b9af5ad9ef722be527183de339f2ea6cdae97.jpg","https://www.hayhilldevelopments.co.uk/wp-content/uploads/2025/08/DR-Office-354x238.jpg","The image shows a home office or study area."
"Water of Coyle, Drongan","The Lanemark (Mid)","2","https://www.hayhilldevelopments.co.uk/developments/water-of-coyle-drongan/dr-plot-34-lanemark-mid/","images/399bf57de4e9a0467a1444d82fa541822de97080d3432aec870cc668892f5678.jpg","https://www.hayhilldevelopments.co.uk/wp-content/uploads/2024/10/DR-Bathroom-Closeup-2-354x238.jpg","The image shows a section of a bathroom."
"Water of Coyle, Drongan","The Lanemark (Mid)","2","https://www.hayhilldevelopments.co.uk/developments/water-of-coyle-drongan/dr-plot-34-lanemark-mid/","images/bfeabb552fecbc4fdc2bbc3ce63406f39fae5f876768255ae7c82269069c770e.jpg","https://www.hayhilldevelopments.co.uk/wp-content/uploads/2024/10/DR-Bathroom-Closeup-3-354x238.jpg","The image shows bathroom fixtures."
"Water of Coyle, Drongan","The Lanemark (Mid)","2","https://www.hayhilldevelopments.co.uk/developments/water-of-coyle-drongan/dr-plot-34-lanemark-mid/","images/97642bd009ab6b81c071904046a7983a434e785ef65aa5409b697bb7915f3a70.jpg","https://www.hayhilldevelopments.co.uk/wp-content/uploads/2024/10/DR-Bathroom-1-354x238.jpg","The image shows a complete bathroom."
"Water of Coyle, Drongan","The Lanemark (Mid)","2","https://www.hayhilldevelopments.co.uk/developments/water-of-coyle-drongan/dr-plot-34-lanemark-mid/","images/a08960ea5c577353d32f67e6ba2e9d92fc38026375db90f36d427e311ee0247d.jpg","https://www.hayhilldevelopments.co.uk/wp-content/uploads/2024/10/DR-Bathroom-3-354x238.jpg","The image shows a small bathroom or cloakroom."
"Water of Coyle, Drongan","The Lanemark (Mid)","2","https://www.hayhilldevelopments.co.uk/developments/water-of-coyle-drongan/dr-plot-34-lanemark-mid/","images/49f988e1c2416aa4019d941b0569004534a10ff7650de00b0e7376801a8e7c12.jpg","https://www.hayhilldevelopments.co.uk/wp-content/uploads/2024/10/DR-Bathroom-2-354x238.jpg","The image shows a bathroom."
"Water of Coyle, Drongan","The Lanemark (Mid)","2","https://www.hayhilldevelopments.co.uk/developments/water-of-coyle-drongan/dr-plot-33-lanemark/","images/45a372512a4788616bcff76ff192cc7a6bd647efa4dbd9271bba848b8a8c5224.jpg","https://www.hayhilldevelopments.co.uk/wp-content/uploads/2024/09/HAYHILL-PLOT-61-01-1920x770.jpg","This is a photograph of a living room interior."
"Water of Coyle, Drongan","The Lanemark (Mid)","2","https://www.hayhilldevelopments.co.uk/developments/water-of-coyle-drongan/dr-plot-33-lanemark/","images/b73a4c7e62e9dd0bb865607cfae6ad2077a03c21777459a442ebbb026b4cda09.jpg","https://www.hayhilldevelopments.co.uk/wp-content/uploads/2024/09/HAYHILL-PLOT-61-02-1920x770.jpg","The image shows a living room space."
"Water of Coyle, Drongan","The Lanemark (Mid)","2","https://www.hayhilldevelopments.co.uk/developments/water-of-coyle-drongan/dr-plot-33-lanemark/","images/1d8ee3377681e85801b1e154531569da37a41e9cea1935300826fe1266f8b9dc.jpg","https://www.hayhilldevelopments.co.uk/wp-content/uploads/2024/09/HAYHILL-PLOT-61-03-1920x770.jpg","The image shows a kitchen workspace."
"Water of Coyle, Drongan","The Lanemark (Mid)","2","https://www.hayhilldevelopments.co.uk/developments/water-of-coyle-drongan/dr-plot-33-lanemark/","images/ce5b6a0905e43078c015a1258247786732403e110b24a0c69f0d1561c1f143f6.jpg","https://www.hayhilldevelopments.co.uk/wp-content/uploads/2024/09/HAYHILL-PLOT-61-04-1920x770.jpg","The image shows a kitchen and dining area."
"Water of Coyle, Drongan","The Lanemark (Mid)","2","https://www.hayhilldevelopments.co.uk/developments/water-of-coyle-drongan/dr-plot-33-lanemark/","images/1e7c204dc46e5387203ce30c0542503402d9cec5914664612ad8cdad288b3590.jpg","https://www.hayhilldevelopments.co.uk/wp-content/uploads/2024/09/HAYHILL-PLOT-61-05-1920x770.jpg","The image shows a kitchen with a small desk area visible through an open door."
"Water of Coyle, Drongan","The Lanemark (Mid)","2","https://www.hayhilldevelopments.co.uk/developments/water-of-coyle-drongan/dr-plot-33-lanemark/","images/cbbb2ee99d35eaeb6ff679d7d0a2df923bf5be4a72002773fb6947cbb9091427.jpg","https://www.hayhilldevelopments.co.uk/wp-content/uploads/2024/09/HAYHILL-PLOT-61-07-1920x770.jpg","This is a living room area."
"Water of Coyle, Drongan","The Lanemark (Mid)","2","https://www.hayhilldevelopments.co.uk/developments/water-of-coyle-drongan/dr-plot-33-lanemark/","images/a8455a6fe484c09297e4f63b0a5367cbb57fe8e5aafc15c6968018242538edc3.jpg","https://www.hayhilldevelopments.co.uk/wp-content/uploads/2024/09/HAYHILL-PLOT-61-08-1920x770.jpg","This is a bathroom or cloakroom."
"Water of Coyle, Drongan","The Lanemark (Mid)","2","https://www.hayhilldevelopments.co.uk/developments/water-of-coyle-drongan/dr-plot-33-lanemark/","images/de7ae5a40b79f8b5e8cba686cc7493873589007505be6c7fad6ba34ef15897a4.jpg","https://www.hayhilldevelopments.co.uk/wp-content/uploads/2024/09/HAYHILL-PLOT-61-10-1920x770.jpg","This is a bathroom or cloakroom."
"Water of Coyle, Drongan","The Lanemark (Mid)","2","https://www.hayhilldevelopments.co.uk/developments/water-of-coyle-drongan/dr-plot-33-lanemark/","images/ce6d6235e99268a4392bc7d366825af89cff4fda8e7a3ccf4ee07fc1c0e9230d.jpg","https://www.hayhilldevelopments.co.uk/wp-content/uploads/2024/09/HAYHILL-PLOT-61-11-1920x770.jpg","This is a bedroom."
"Water of Coyle, Drongan","The Lanemark (Mid)","2","https://www.hayhilldevelopments.co.uk/developments/water-of-coyle-drongan/dr-plot-33-lanemark/","images/91d1afccd65ad13ee7ed25c1eb8215cc1c34d7f93795bd89b3f8bee1837dc634.jpg","https://www.hayhilldevelopments.co.uk/wp-content/uploads/2024/09/HAYHILL-PLOT-61-14-1920x770.jpg","This is a photograph of a furnished bedroom."
"Water of Coyle, Drongan","The Lanemark (Mid)","2","https://www.hayhilldevelopments.co.uk/developments/water-of-coyle-drongan/dr-plot-33-lanemark/","images/fb05e0beb767ee78586272bc88267359847332a061fe3e92ee05fc939703966b.jpg","https://www.hayhilldevelopments.co.uk/wp-content/uploads/2024/09/HAYHILL-PLOT-61-16-1920x770.jpg","This is a photograph of a bathroom."
"Water of Coyle, Drongan","The Lanemark (Mid)","2","https://www.hayhilldevelopments.co.uk/developments/water-of-coyle-drongan/dr-plot-33-lanemark/","images/67e5db8307cf8917ce7d7ca88f61bb6bbf67ad1e53047a7eb9690d2ee52f917d.jpg","https://www.hayhilldevelopments.co.uk/wp-content/uploads/2024/09/HAYHILL-PLOT-61-18-1920x770.jpg","This is a photograph of a furnished bedroom."
"Water of Coyle, Drongan","The Lanemark (Mid)","2","https://www.hayhilldevelopments.co.uk/developments/water-of-coyle-drongan/dr-plot-33-lanemark/","images/bdc7cdf7a6645429a2d100c32d8c15225ad3a234f685d760f791c1ffad4c88e3.jpg","https://www.hayhilldevelopments.co.uk/wp-content/uploads/2024/10/DR-Highfield-354x238.jpg","This is an exterior photograph of a residential property."
"Water of Coyle, Drongan","The Lanemark (Mid)","2","https://www.hayhilldevelopments.co.uk/developments/water-of-coyle-drongan/dr-plot-33-lanemark/","images/d2f449534cb298c63149a15c573e0adcab2488f417693b5cb69bf4f6458a2953.jpg","https://www.hayhilldevelopments.co.uk/wp-content/uploads/2024/10/DR-Kitchen-2-354x238.jpg","This is a photograph of a kitchen interior."
"Water of Coyle, Drongan","The Lanemark (Mid)","2","https://www.hayhilldevelopments.co.uk/developments/water-of-coyle-drongan/dr-plot-33-lanemark/","images/1ce147b8805931cc627c71201d44a3ce2eb78e8243e261778af074ab5e62ae16.jpg","https://www.hayhilldevelopments.co.uk/wp-content/uploads/2024/10/DR-Kitchen-1-354x238.jpg","This is a photograph of a kitchen interior."
"Water of Coyle, Drongan","The Lanemark (Mid)","2","https://www.hayhilldevelopments.co.uk/developments/water-of-coyle-drongan/dr-plot-33-lanemark/","images/480680ba6cd444ca1099a3957d024ad0a5d880e5dca66633e97c2ddf3f008970.jpg","https://www.hayhilldevelopments.co.uk/wp-content/uploads/2024/10/DR-Kitchen-Closeup-Oven-354x238.jpg","This is a detail shot of a kitchen appliance."
"Water of Coyle, Drongan","The Lanemark (Mid)","2","https://www.hayhilldevelopments.co.uk/developments/water-of-coyle-drongan/dr-plot-33-lanemark/","images/154e802e5b18aea9bc153aa237bc790b26273cd975ce122cda3844fab301bf3c.jpg","https://www.hayhilldevelopments.co.uk/wp-content/uploads/2024/10/DR-Kitchen-Closeup-Sink-354x238.jpg","The image shows a kitchen sink area."
"Water of Coyle, Drongan","The Lanemark (Mid)","2","https://www.hayhilldevelopments.co.uk/developments/water-of-coyle-drongan/dr-plot-33-lanemark/","images/dbf13702e9888787e9ab56c79faa89e73e45714a9666d5277c1e4553eeff6394.jpg","https://www.hayhilldevelopments.co.uk/wp-content/uploads/2024/10/DR-Dining-Kitchen-354x238.jpg","The image shows a dining area."
"Water of Coyle, Drongan","The Lanemark (Mid)","2","https://www.hayhilldevelopments.co.uk/developments/water-of-coyle-drongan/dr-plot-33-lanemark/","images/ba66af899f43e38007b743e6f85b27478a5760965aea22079b3cc4ff5ed4336e.jpg","https://www.hayhilldevelopments.co.uk/wp-content/uploads/2025/01/DR-Kitchen-3-354x238.jpg","The image shows a kitchen."
"Water of Coyle, Drongan","The Lanemark (Mid)","2","https://www.hayhilldevelopments.co.uk/developments/water-of-coyle-drongan/dr-plot-33-lanemark/","images/7dcbda070c7ee9b363fffe4e7ed69c4d0e3a6f25cd531639ded3c6d4ad407331.jpg","https://www.hayhilldevelopments.co.uk/wp-content/uploads/2024/10/DR-Dining-Kitchen-Living-354x238.jpg","The image shows a dining room."
"Water of Coyle, Drongan","The Lanemark (Mid)","2","https://www.hayhilldevelopments.co.uk/developments/water-of-coyle-drongan/dr-plot-33-lanemark/","images/be96039523d4818fe1af6a629816f5c7bbdb2e7040fed3d55e2523217f371fa5.jpg","https://www.hayhilldevelopments.co.uk/wp-content/uploads/2024/10/DR-Dining-2-354x238.jpg","This is a dining room space within a property."
"Water of Coyle, Drongan","The Lanemark (Mid)","2","https://www.hayhilldevelopments.co.uk/developments/water-of-coyle-drongan/dr-plot-33-lanemark/","images/2867cdf82bc8455b7a1fecc8a6c3524a128762f7de73466cdfe54d8c3ccf4eec.jpg","https://www.hayhilldevelopments.co.uk/wp-content/uploads/2025/01/DR-Dining-1-354x238.jpg","This is a dining room area."
"Water of Coyle, Drongan","The Lanemark (Mid)","2","https://www.hayhilldevelopments.co.uk/developments/water-of-coyle-drongan/dr-plot-33-lanemark/","images/a3dfc68701bff9592c525e5dd71e92f6b79ff23dfdf7432ef9a501db86017d5e.jpg","https://www.hayhilldevelopments.co.uk/wp-content/uploads/2024/10/DR-Dining-Closeup-1-354x238.jpg","This is a dining room table setting."
"Water of Coyle, Drongan","The Lanemark (Mid)","2","https://www.hayhilldevelopments.co.uk/developments/water-of-coyle-drongan/dr-plot-33-lanemark/","images/0caf998785377e286a2286d19b605dc0b4913d553dbdc11c82bbde6b51af93dd.jpg","https://www.hayhilldevelopments.co.uk/wp-content/uploads/2024/10/DR-Dining-Closeup-2-354x238.jpg","This is a dining room table setting."
"Water of Coyle, Drongan","The Lanemark (Mid)","2","https://www.hayhilldevelopments.co.uk/developments/water-of-coyle-drongan/dr-plot-33-lanemark/","images/831ad877e38c0a136c0192878bebff3770df282e89704289dbc2a2d61df9f13a.jpg","https://www.hayhilldevelopments.co.uk/wp-content/uploads/2025/08/DR-Living-Room-1-354x238.jpg","This is a photograph of a furnished living room area."
"Water of Coyle, Drongan","The Lanemark (Mid)","2","https://www.hayhilldevelopments.co.uk/developments/water-of-coyle-drongan/dr-plot-33-lanemark/","images/82d6061938940f1adda02085f9bc68046328b4cdd4b44c1208149a568ecfa2f5.jpg","https://www.hayhilldevelopments.co.uk/wp-content/uploads/2024/10/DR-Living-Room-2-354x238.jpg","This is a photograph of a furnished living room area."
"Water of Coyle, Drongan","The Lanemark (Mid)","2","https://www.hayhilldevelopments.co.uk/developments/water-of-coyle-drongan/dr-plot-33-lanemark/","images/04a775904e4c7cfd74a95789a51863b94fcd4463342e7b198eb77e07e9baf0e0.jpg","https://www.hayhilldevelopments.co.uk/wp-content/uploads/2024/10/DR-Living-Room-4-354x238.jpg","This is a photograph of a furnished living room."
"Water of Coyle, Drongan","The Lanemark (Mid)","2","https://www.hayhilldevelopments.co.uk/developments/water-of-coyle-drongan/dr-plot-33-lanemark/","images/e4101fecc56671a6b6055e315270e822361b04f9632ae68fc794746845b4727a.jpg","https://www.hayhilldevelopments.co.uk/wp-content/uploads/2024/10/DR-Living-Room-3-354x238.jpg","This is a photograph of a furnished living room."
"Water of Coyle, Drongan","The Lanemark (Mid)","2","https://www.hayhilldevelopments.co.uk/developments/water-of-coyle-drongan/dr-plot-33-lanemark/","images/560ae2298663028623da23beb039362283b7db60323c959346514638aa586379.jpg","https://www.hayhilldevelopments.co.uk/wp-content/uploads/2024/10/DR-Bedroom-Closeup-4-354x238.jpg","This is a detailed shot of bedroom furniture and decor."
"Water of Coyle, Drongan","The Lanemark (Mid)","2","https://www.hayhilldevelopments.co.uk/developments/water-of-coyle-drongan/dr-plot-33-lanemark/","images/56e45b2034cdd60c5359cb425b6862b750aff0264791afeacbaf9a8a2925034a.jpg","https://www.hayhilldevelopments.co.uk/wp-content/uploads/2024/10/DR-Bedroom-Closeup-2-354x238.jpg","This is a photograph of a bedroom interior."
"Water of Coyle, Drongan","The Lanemark (Mid)","2","https://www.hayhilldevelopments.co.uk/developments/water-of-coyle-drongan/dr-plot-33-lanemark/","images/762f740206bc6369277413b1287c81ae7048db5d2564839a3f20ecfde11864df.jpg","https://www.hayhilldevelopments.co.uk/wp-content/uploads/2024/10/DR-Bedroom-2-354x238.jpg","This is a photograph of a bedroom interior."
"Water of Coyle, Drongan","The Lanemark (Mid)","2","https://www.hayhilldevelopments.co.uk/developments/water-of-coyle-drongan/dr-plot-33-lanemark/","images/4cb9e4afc0626e1079151b597da40c9b619eda2b74fac13a6886bd15072262fb.jpg","https://www.hayhilldevelopments.co.uk/wp-content/uploads/2024/10/DR-Bedroom-Closeup-5-354x238.jpg","This is a photograph of a bedroom interior."
"Water of Coyle, Drongan","The Lanemark (Mid)","2","https://www.hayhilldevelopments.co.uk/developments/water-of-coyle-drongan/dr-plot-33-lanemark/","images/e224848a75736ee483c96f78a277abaaf7a240bf76884b2a028136b4db61239f.jpg","https://www.hayhilldevelopments.co.uk/wp-content/uploads/2024/10/DR-Bedroom4-354x238.jpg","This is a photograph of a bedroom interior."
"Water of Coyle, Drongan","The Lanemark (Mid)","2","https://www.hayhilldevelopments.co.uk/developments/water-of-coyle-drongan/dr-plot-33-lanemark/","images/5518879de8e6051b5c5caa5116df56602736bf9656fee20164256d7c5a257486.jpg","https://www.hayhilldevelopments.co.uk/wp-content/uploads/2024/10/DR-Bedroom-Closeup-1-354x238.jpg","This is a photograph of a bedroom interior."
"Water of Coyle, Drongan","The Lanemark (Mid)","2","https://www.hayhilldevelopments.co.uk/developments/water-of-coyle-drongan/dr-plot-33-lanemark/","images/4efa28038ec44a79c3869bb99b36330804060dcab4ab84ed184604f15324c05c.jpg","https://www.hayhilldevelopments.co.uk/wp-content/uploads/2024/10/DR-Bedroom-Closeup-6-354x238.jpg","This is a photograph of a bedroom interior."
"Water of Coyle, Drongan","The Lanemark (Mid)","2","https://www.hayhilldevelopments.co.uk/developments/water-of-coyle-drongan/dr-plot-33-lanemark/","images/21eb58f1b60949eded73a9fa10a630dc08ccf2774ca384c7fa65503d649e647d.jpg","https://www.hayhilldevelopments.co.uk/wp-content/uploads/2025/08/DR-Bedroom-3-354x238.jpg","The image shows a furnished bedroom."
"Water of Coyle, Drongan","The Lanemark (Mid)","2","https://www.hayhilldevelopments.co.uk/developments/water-of-coyle-drongan/dr-plot-33-lanemark/","images/3da68b3833b79bebd04777ab6e1da2a79ecdf32ba7dce6af2ecd440e9c161887.jpg","https://www.hayhilldevelopments.co.uk/wp-content/uploads/2024/10/Dr-Office-Closeup-354x238.jpg","The image shows a desk setup in a room."
"Water of Coyle, Drongan","The Lanemark (Mid)","2","https://www.hayhilldevelopments.co.uk/developments/water-of-coyle-drongan/dr-plot-33-lanemark/","images/b803bb14b47c0993a6f0e41e0d3b9af5ad9ef722be527183de339f2ea6cdae97.jpg","https://www.hayhilldevelopments.co.uk/wp-content/uploads/2025/08/DR-Office-354x238.jpg","The image shows a home office or study area."
"Water of Coyle, Drongan","The Lanemark (Mid)","2","https://www.hayhilldevelopments.co.uk/developments/water-of-coyle-drongan/dr-plot-33-lanemark/","images/399bf57de4e9a0467a1444d82fa541822de97080d3432aec870cc668892f5678.jpg","https://www.hayhilldevelopments.co.uk/wp-content/uploads/2024/10/DR-Bathroom-Closeup-2-354x238.jpg","The image shows a section of a bathroom."
"Water of Coyle, Drongan","The Lanemark (Mid)","2","https://www.hayhilldevelopments.co.uk/developments/water-of-coyle-drongan/dr-plot-33-lanemark/","images/bfeabb552fecbc4fdc2bbc3ce63406f39fae5f876768255ae7c82269069c770e.jpg","https://www.hayhilldevelopments.co.uk/wp-content/uploads/2024/10/DR-Bathroom-Closeup-3-354x238.jpg","The image shows bathroom fixtures."
"Water of Coyle, Drongan","The Lanemark (Mid)","2","https://www.hayhilldevelopments.co.uk/developments/water-of-coyle-drongan/dr-plot-33-lanemark/","images/97642bd009ab6b81c071904046a7983a434e785ef65aa5409b697bb7915f3a70.jpg","https://www.hayhilldevelopments.co.uk/wp-content/uploads/2024/10/DR-Bathroom-1-354x238.jpg","The image shows a complete bathroom."
"Water of Coyle, Drongan","The Lanemark (Mid)","2","https://www.hayhilldevelopments.co.uk/developments/water-of-coyle-drongan/dr-plot-33-lanemark/","images/a08960ea5c577353d32f67e6ba2e9d92fc38026375db90f36d427e311ee0247d.jpg","https://www.hayhilldevelopments.co.uk/wp-content/uploads/2024/10/DR-Bathroom-3-354x238.jpg","The image shows a small bathroom or cloakroom."
"Water of Coyle, Drongan","The Lanemark (Mid)","2","https://www.hayhilldevelopments.co.uk/developments/water-of-coyle-drongan/dr-plot-33-lanemark/","images/49f988e1c2416aa4019d941b0569004534a10ff7650de00b0e7376801a8e7c12.jpg","https://www.hayhilldevelopments.co.uk/wp-content/uploads/2024/10/DR-Bathroom-2-354x238.jpg","The image shows a bathroom."
"Water of Coyle, Drongan","The Lanemark (End)","2","https://www.hayhilldevelopments.co.uk/developments/water-of-coyle-drongan/dr-plot-32-lanemark-end/","images/45a372512a4788616bcff76ff192cc7a6bd647efa4dbd9271bba848b8a8c5224.jpg","https://www.hayhilldevelopments.co.uk/wp-content/uploads/2024/09/HAYHILL-PLOT-61-01-1920x770.jpg","This is a photograph of a living room interior."
"Water of Coyle, Drongan","The Lanemark (End)","2","https://www.hayhilldevelopments.co.uk/developments/water-of-coyle-drongan/dr-plot-32-lanemark-end/","images/b73a4c7e62e9dd0bb865607cfae6ad2077a03c21777459a442ebbb026b4cda09.jpg","https://www.hayhilldevelopments.co.uk/wp-content/uploads/2024/09/HAYHILL-PLOT-61-02-1920x770.jpg","The image shows a living room space."
"Water of Coyle, Drongan","The Lanemark (End)","2","https://www.hayhilldevelopments.co.uk/developments/water-of-coyle-drongan/dr-plot-32-lanemark-end/","images/1d8ee3377681e85801b1e154531569da37a41e9cea1935300826fe1266f8b9dc.jpg","https://www.hayhilldevelopments.co.uk/wp-content/uploads/2024/09/HAYHILL-PLOT-61-03-1920x770.jpg","The image shows a kitchen workspace."
"Water of Coyle, Drongan","The Lanemark (End)","2","https://www.hayhilldevelopments.co.uk/developments/water-of-coyle-drongan/dr-plot-32-lanemark-end/","images/ce5b6a0905e43078c015a1258247786732403e110b24a0c69f0d1561c1f143f6.jpg","https://www.hayhilldevelopments.co.uk/wp-content/uploads/2024/09/HAYHILL-PLOT-61-04-1920x770.jpg","The image shows a kitchen and dining area."
"Water of Coyle, Drongan","The Lanemark (End)","2","https://www.hayhilldevelopments.co.uk/developments/water-of-coyle-drongan/dr-plot-32-lanemark-end/","images/1e7c204dc46e5387203ce30c0542503402d9cec5914664612ad8cdad288b3590.jpg","https://www.hayhilldevelopments.co.uk/wp-content/uploads/2024/09/HAYHILL-PLOT-61-05-1920x770.jpg","The image shows a kitchen with a small desk area visible through an open door."
"Water of Coyle, Drongan","The Lanemark (End)","2","https://www.hayhilldevelopments.co.uk/developments/water-of-coyle-drongan/dr-plot-32-lanemark-end/","images/cbbb2ee99d35eaeb6ff679d7d0a2df923bf5be4a72002773fb6947cbb9091427.jpg","https://www.hayhilldevelopments.co.uk/wp-content/uploads/2024/09/HAYHILL-PLOT-61-07-1920x770.jpg","This is a living room area."
"Water of Coyle, Drongan","The Lanemark (End)","2","https://www.hayhilldevelopments.co.uk/developments/water-of-coyle-drongan/dr-plot-32-lanemark-end/","images/a8455a6fe484c09297e4f63b0a5367cbb57fe8e5aafc15c6968018242538edc3.jpg","https://www.hayhilldevelopments.co.uk/wp-content/uploads/2024/09/HAYHILL-PLOT-61-08-1920x770.jpg","This is a bathroom or cloakroom."
"Water of Coyle, Drongan","The Lanemark (End)","2","https://www.hayhilldevelopments.co.uk/developments/water-of-coyle-drongan/dr-plot-32-lanemark-end/","images/de7ae5a40b79f8b5e8cba686cc7493873589007505be6c7fad6ba34ef15897a4.jpg","https://www.hayhilldevelopments.co.uk/wp-content/uploads/2024/09/HAYHILL-PLOT-61-10-1920x770.jpg","This is a bathroom or cloakroom."
"Water of Coyle, Drongan","The Lanemark (End)","2","https://www.hayhilldevelopments.co.uk/developments/water-of-coyle-drongan/dr-plot-32-lanemark-end/","images/ce6d6235e99268a4392bc7d366825af89cff4fda8e7a3ccf4ee07fc1c0e9230d.jpg","https://www.hayhilldevelopments.co.uk/wp-content/uploads/2024/09/HAYHILL-PLOT-61-11-1920x770.jpg","This is a bedroom."
"Water of Coyle, Drongan","The Lanemark (End)","2","https://www.hayhilldevelopments.co.uk/developments/water-of-coyle-drongan/dr-plot-32-lanemark-end/","images/91d1afccd65ad13ee7ed25c1eb8215cc1c34d7f93795bd89b3f8bee1837dc634.jpg","https://www.hayhilldevelopments.co.uk/wp-content/uploads/2024/09/HAYHILL-PLOT-61-14-1920x770.jpg","This is a photograph of a furnished bedroom."
"Water of Coyle, Drongan","The Lanemark (End)","2","https://www.hayhilldevelopments.co.uk/developments/water-of-coyle-drongan/dr-plot-32-lanemark-end/","images/fb05e0beb767ee78586272bc88267359847332a061fe3e92ee05fc939703966b.jpg","https://www.hayhilldevelopments.co.uk/wp-content/uploads/2024/09/HAYHILL-PLOT-61-16-1920x770.jpg","This is a photograph of a bathroom."
"Water of Coyle, Drongan","The Lanemark (End)","2","https://www.hayhilldevelopments.co.uk/developments/water-of-coyle-drongan/dr-plot-32-lanemark-end/","images/67e5db8307cf8917ce7d7ca88f61bb6bbf67ad1e53047a7eb9690d2ee52f917d.jpg","https://www.hayhilldevelopments.co.uk/wp-content/uploads/2024/09/HAYHILL-PLOT-61-18-1920x770.jpg","This is a photograph of a furnished bedroom."
"Water of Coyle, Drongan","The Lanemark (End)","2","https://www.hayhilldevelopments.co.uk/developments/water-of-coyle-drongan/dr-plot-32-lanemark-end/","images/bdc7cdf7a6645429a2d100c32d8c15225ad3a234f685d760f791c1ffad4c88e3.jpg","https://www.hayhilldevelopments.co.uk/wp-content/uploads/2024/10/DR-Highfield-354x238.jpg","This is an exterior photograph of a residential property."
"Water of Coyle, Drongan","The Lanemark (End)","2","https://www.hayhilldevelopments.co.uk/developments/water-of-coyle-drongan/dr-plot-32-lanemark-end/","images/d2f449534cb298c63149a15c573e0adcab2488f417693b5cb69bf4f6458a2953.jpg","https://www.hayhilldevelopments.co.uk/wp-content/uploads/2024/10/DR-Kitchen-2-354x238.jpg","This is a photograph of a kitchen interior."
"Water of Coyle, Drongan","The Lanemark (End)","2","https://www.hayhilldevelopments.co.uk/developments/water-of-coyle-drongan/dr-plot-32-lanemark-end/","images/1ce147b8805931cc627c71201d44a3ce2eb78e8243e261778af074ab5e62ae16.jpg","https://www.hayhilldevelopments.co.uk/wp-content/uploads/2024/10/DR-Kitchen-1-354x238.jpg","This is a photograph of a kitchen interior."
"Water of Coyle, Drongan","The Lanemark (End)","2","https://www.hayhilldevelopments.co.uk/developments/water-of-coyle-drongan/dr-plot-32-lanemark-end/","images/480680ba6cd444ca1099a3957d024ad0a5d880e5dca66633e97c2ddf3f008970.jpg","https://www.hayhilldevelopments.co.uk/wp-content/uploads/2024/10/DR-Kitchen-Closeup-Oven-354x238.jpg","This is a detail shot of a kitchen appliance."
"Water of Coyle, Drongan","The Lanemark (End)","2","https://www.hayhilldevelopments.co.uk/developments/water-of-coyle-drongan/dr-plot-32-lanemark-end/","images/154e802e5b18aea9bc153aa237bc790b26273cd975ce122cda3844fab301bf3c.jpg","https://www.hayhilldevelopments.co.uk/wp-content/uploads/2024/10/DR-Kitchen-Closeup-Sink-354x238.jpg","The image shows a kitchen sink area."
"Water of Coyle, Drongan","The Lanemark (End)","2","https://www.hayhilldevelopments.co.uk/developments/water-of-coyle-drongan/dr-plot-32-lanemark-end/","images/dbf13702e9888787e9ab56c79faa89e73e45714a9666d5277c1e4553eeff6394.jpg","https://www.hayhilldevelopments.co.uk/wp-content/uploads/2024/10/DR-Dining-Kitchen-354x238.jpg","The image shows a dining area."
"Water of Coyle, Drongan","The Lanemark (End)","2","https://www.hayhilldevelopments.co.uk/developments/water-of-coyle-drongan/dr-plot-32-lanemark-end/","images/ba66af899f43e38007b743e6f85b27478a5760965aea22079b3cc4ff5ed4336e.jpg","https://www.hayhilldevelopments.co.uk/wp-content/uploads/2025/01/DR-Kitchen-3-354x238.jpg","The image shows a kitchen."
"Water of Coyle, Drongan","The Lanemark (End)","2","https://www.hayhilldevelopments.co.uk/developments/water-of-coyle-drongan/dr-plot-32-lanemark-end/","images/7dcbda070c7ee9b363fffe4e7ed69c4d0e3a6f25cd531639ded3c6d4ad407331.jpg","https://www.hayhilldevelopments.co.uk/wp-content/uploads/2024/10/DR-Dining-Kitchen-Living-354x238.jpg","The image shows a dining room."
"Water of Coyle, Drongan","The Lanemark (End)","2","https://www.hayhilldevelopments.co.uk/developments/water-of-coyle-drongan/dr-plot-32-lanemark-end/","images/be96039523d4818fe1af6a629816f5c7bbdb2e7040fed3d55e2523217f371fa5.jpg","https://www.hayhilldevelopments.co.uk/wp-content/uploads/2024/10/DR-Dining-2-354x238.jpg","This is a dining room space within a property."
"Water of Coyle, Drongan","The Lanemark (End)","2","https://www.hayhilldevelopments.co.uk/developments/water-of-coyle-drongan/dr-plot-32-lanemark-end/","images/2867cdf82bc8455b7a1fecc8a6c3524a128762f7de73466cdfe54d8c3ccf4eec.jpg","https://www.hayhilldevelopments.co.uk/wp-content/uploads/2025/01/DR-Dining-1-354x238.jpg","This is a dining room area."
"Water of Coyle, Drongan","The Lanemark (End)","2","https://www.hayhilldevelopments.co.uk/developments/water-of-coyle-drongan/dr-plot-32-lanemark-end/","images/a3dfc68701bff9592c525e5dd71e92f6b79ff23dfdf7432ef9a501db86017d5e.jpg","https://www.hayhilldevelopments.co.uk/wp-content/uploads/2024/10/DR-Dining-Closeup-1-354x238.jpg","This is a dining room table setting."
"Water of Coyle, Drongan","The Lanemark (End)","2","https://www.hayhilldevelopments.co.uk/developments/water-of-coyle-drongan/dr-plot-32-lanemark-end/","images/0caf998785377e286a2286d19b605dc0b4913d553dbdc11c82bbde6b51af93dd.jpg","https://www.hayhilldevelopments.co.uk/wp-content/uploads/2024/10/DR-Dining-Closeup-2-354x238.jpg","This is a dining room table setting."
"Water of Coyle, Drongan","The Lanemark (End)","2","https://www.hayhilldevelopments.co.uk/developments/water-of-coyle-drongan/dr-plot-32-lanemark-end/","images/831ad877e38c0a136c0192878bebff3770df282e89704289dbc2a2d61df9f13a.jpg","https://www.hayhilldevelopments.co.uk/wp-content/uploads/2025/08/DR-Living-Room-1-354x238.jpg","This is a photograph of a furnished living room area."
"Water of Coyle, Drongan","The Lanemark (End)","2","https://www.hayhilldevelopments.co.uk/developments/water-of-coyle-drongan/dr-plot-32-lanemark-end/","images/82d6061938940f1adda02085f9bc68046328b4cdd4b44c1208149a568ecfa2f5.jpg","https://www.hayhilldevelopments.co.uk/wp-content/uploads/2024/10/DR-Living-Room-2-354x238.jpg","This is a photograph of a furnished living room area."
"Water of Coyle, Drongan","The Lanemark (End)","2","https://www.hayhilldevelopments.co.uk/developments/water-of-coyle-drongan/dr-plot-32-lanemark-end/","images/04a775904e4c7cfd74a95789a51863b94fcd4463342e7b198eb77e07e9baf0e0.jpg","https://www.hayhilldevelopments.co.uk/wp-content/uploads/2024/10/DR-Living-Room-4-354x238.jpg","This is a photograph of a furnished living room."
"Water of Coyle, Drongan","The Lanemark (End)","2","https://www.hayhilldevelopments.co.uk/developments/water-of-coyle-drongan/dr-plot-32-lanemark-end/","images/e4101fecc56671a6b6055e315270e822361b04f9632ae68fc794746845b4727a.jpg","https://www.hayhilldevelopments.co.uk/wp-content/uploads/2024/10/DR-Living-Room-3-354x238.jpg","This is a photograph of a furnished living room."
"Water of Coyle, Drongan","The Lanemark (End)","2","https://www.hayhilldevelopments.co.uk/developments/water-of-coyle-drongan/dr-plot-32-lanemark-end/","images/560ae2298663028623da23beb039362283b7db60323c959346514638aa586379.jpg","https://www.hayhilldevelopments.co.uk/wp-content/uploads/2024/10/DR-Bedroom-Closeup-4-354x238.jpg","This is a detailed shot of bedroom furniture and decor."
"Water of Coyle, Drongan","The Lanemark (End)","2","https://www.hayhilldevelopments.co.uk/developments/water-of-coyle-drongan/dr-plot-32-lanemark-end/","images/56e45b2034cdd60c5359cb425b6862b750aff0264791afeacbaf9a8a2925034a.jpg","https://www.hayhilldevelopments.co.uk/wp-content/uploads/2024/10/DR-Bedroom-Closeup-2-354x238.jpg","This is a photograph of a bedroom interior."
"Water of Coyle, Drongan","The Lanemark (End)","2","https://www.hayhilldevelopments.co.uk/developments/water-of-coyle-drongan/dr-plot-32-lanemark-end/","images/762f740206bc6369277413b1287c81ae7048db5d2564839a3f20ecfde11864df.jpg","https://www.hayhilldevelopments.co.uk/wp-content/uploads/2024/10/DR-Bedroom-2-354x238.jpg","This is a photograph of a bedroom interior."
"Water of Coyle, Drongan","The Lanemark (End)","2","https://www.hayhilldevelopments.co.uk/developments/water-of-coyle-drongan/dr-plot-32-lanemark-end/","images/4cb9e4afc0626e1079151b597da40c9b619eda2b74fac13a6886bd15072262fb.jpg","https://www.hayhilldevelopments.co.uk/wp-content/uploads/2024/10/DR-Bedroom-Closeup-5-354x238.jpg","This is a photograph of a bedroom interior."
"Water of Coyle, Drongan","The Lanemark (End)","2","https://www.hayhilldevelopments.co.uk/developments/water-of-coyle-drongan/dr-plot-32-lanemark-end/","images/e224848a75736ee483c96f78a277abaaf7a240bf76884b2a028136b4db61239f.jpg","https://www.hayhilldevelopments.co.uk/wp-content/uploads/2024/10/DR-Bedroom4-354x238.jpg","This is a photograph of a bedroom interior."
"Water of Coyle, Drongan","The Lanemark (End)","2","https://www.hayhilldevelopments.co.uk/developments/water-of-coyle-drongan/dr-plot-32-lanemark-end/","images/5518879de8e6051b5c5caa5116df56602736bf9656fee20164256d7c5a257486.jpg","https://www.hayhilldevelopments.co.uk/wp-content/uploads/2024/10/DR-Bedroom-Closeup-1-354x238.jpg","This is a photograph of a bedroom interior."
"Water of Coyle, Drongan","The Lanemark (End)","2","https://www.hayhilldevelopments.co.uk/developments/water-of-coyle-drongan/dr-plot-32-lanemark-end/","images/4efa28038ec44a79c3869bb99b36330804060dcab4ab84ed184604f15324c05c.jpg","https://www.hayhilldevelopments.co.uk/wp-content/uploads/2024/10/DR-Bedroom-Closeup-6-354x238.jpg","This is a photograph of a bedroom interior."
"Water of Coyle, Drongan","The Lanemark (End)","2","https://www.hayhilldevelopments.co.uk/developments/water-of-coyle-drongan/dr-plot-32-lanemark-end/","images/21eb58f1b60949eded73a9fa10a630dc08ccf2774ca384c7fa65503d649e647d.jpg","https://www.hayhilldevelopments.co.uk/wp-content/uploads/2025/08/DR-Bedroom-3-354x238.jpg","The image shows a furnished bedroom."
"Water of Coyle, Drongan","The Lanemark (End)","2","https://www.hayhilldevelopments.co.uk/developments/water-of-coyle-drongan/dr-plot-32-lanemark-end/","images/3da68b3833b79bebd04777ab6e1da2a79ecdf32ba7dce6af2ecd440e9c161887.jpg","https://www.hayhilldevelopments.co.uk/wp-content/uploads/2024/10/Dr-Office-Closeup-354x238.jpg","The image shows a desk setup in a room."
"Water of Coyle, Drongan","The Lanemark (End)","2","https://www.hayhilldevelopments.co.uk/developments/water-of-coyle-drongan/dr-plot-32-lanemark-end/","images/b803bb14b47c0993a6f0e41e0d3b9af5ad9ef722be527183de339f2ea6cdae97.jpg","https://www.hayhilldevelopments.co.uk/wp-content/uploads/2025/08/DR-Office-354x238.jpg","The image shows a home office or study area."
"Water of Coyle, Drongan","The Lanemark (End)","2","https://www.hayhilldevelopments.co.uk/developments/water-of-coyle-drongan/dr-plot-32-lanemark-end/","images/399bf57de4e9a0467a1444d82fa541822de97080d3432aec870cc668892f5678.jpg","https://www.hayhilldevelopments.co.uk/wp-content/uploads/2024/10/DR-Bathroom-Closeup-2-354x238.jpg","The image shows a section of a bathroom."
"Water of Coyle, Drongan","The Lanemark (End)","2","https://www.hayhilldevelopments.co.uk/developments/water-of-coyle-drongan/dr-plot-32-lanemark-end/","images/bfeabb552fecbc4fdc2bbc3ce63406f39fae5f876768255ae7c82269069c770e.jpg","https://www.hayhilldevelopments.co.uk/wp-content/uploads/2024/10/DR-Bathroom-Closeup-3-354x238.jpg","The image shows bathroom fixtures."
"Water of Coyle, Drongan","The Lanemark (End)","2","https://www.hayhilldevelopments.co.uk/developments/water-of-coyle-drongan/dr-plot-32-lanemark-end/","images/97642bd009ab6b81c071904046a7983a434e785ef65aa5409b697bb7915f3a70.jpg","https://www.hayhilldevelopments.co.uk/wp-content/uploads/2024/10/DR-Bathroom-1-354x238.jpg","The image shows a complete bathroom."
"Water of Coyle, Drongan","The Lanemark (End)","2","https://www.hayhilldevelopments.co.uk/developments/water-of-coyle-drongan/dr-plot-32-lanemark-end/","images/a08960ea5c577353d32f67e6ba2e9d92fc38026375db90f36d427e311ee0247d.jpg","https://www.hayhilldevelopments.co.uk/wp-content/uploads/2024/10/DR-Bathroom-3-354x238.jpg","The image shows a small bathroom or cloakroom."
"Water of Coyle, Drongan","The Lanemark (End)","2","https://www.hayhilldevelopments.co.uk/developments/water-of-coyle-drongan/dr-plot-32-lanemark-end/","images/49f988e1c2416aa4019d941b0569004534a10ff7650de00b0e7376801a8e7c12.jpg","https://www.hayhilldevelopments.co.uk/wp-content/uploads/2024/10/DR-Bathroom-2-354x238.jpg","The image shows a bathroom."
"Water of Coyle, Drongan","The Lanemark (End)","2","https://www.hayhilldevelopments.co.uk/developments/water-of-coyle-drongan/dr-plot-39-lanemark-end/","images/45a372512a4788616bcff76ff192cc7a6bd647efa4dbd9271bba848b8a8c5224.jpg","https://www.hayhilldevelopments.co.uk/wp-content/uploads/2024/09/HAYHILL-PLOT-61-01-1920x770.jpg","This is a photograph of a living room interior."
"Water of Coyle, Drongan","The Lanemark (End)","2","https://www.hayhilldevelopments.co.uk/developments/water-of-coyle-drongan/dr-plot-39-lanemark-end/","images/b73a4c7e62e9dd0bb865607cfae6ad2077a03c21777459a442ebbb026b4cda09.jpg","https://www.hayhilldevelopments.co.uk/wp-content/uploads/2024/09/HAYHILL-PLOT-61-02-1920x770.jpg","The image shows a living room space."
"Water of Coyle, Drongan","The Lanemark (End)","2","https://www.hayhilldevelopments.co.uk/developments/water-of-coyle-drongan/dr-plot-39-lanemark-end/","images/1d8ee3377681e85801b1e154531569da37a41e9cea1935300826fe1266f8b9dc.jpg","https://www.hayhilldevelopments.co.uk/wp-content/uploads/2024/09/HAYHILL-PLOT-61-03-1920x770.jpg","The image shows a kitchen workspace."
"Water of Coyle, Drongan","The Lanemark (End)","2","https://www.hayhilldevelopments.co.uk/developments/water-of-coyle-drongan/dr-plot-39-lanemark-end/","images/ce5b6a0905e43078c015a1258247786732403e110b24a0c69f0d1561c1f143f6.jpg","https://www.hayhilldevelopments.co.uk/wp-content/uploads/2024/09/HAYHILL-PLOT-61-04-1920x770.jpg","The image shows a kitchen and dining area."
"Water of Coyle, Drongan","The Lanemark (End)","2","https://www.hayhilldevelopments.co.uk/developments/water-of-coyle-drongan/dr-plot-39-lanemark-end/","images/1e7c204dc46e5387203ce30c0542503402d9cec5914664612ad8cdad288b3590.jpg","https://www.hayhilldevelopments.co.uk/wp-content/uploads/2024/09/HAYHILL-PLOT-61-05-1920x770.jpg","The image shows a kitchen with a small desk area visible through an open door."
"Water of Coyle, Drongan","The Lanemark (End)","2","https://www.hayhilldevelopments.co.uk/developments/water-of-coyle-drongan/dr-plot-39-lanemark-end/","images/cbbb2ee99d35eaeb6ff679d7d0a2df923bf5be4a72002773fb6947cbb9091427.jpg","https://www.hayhilldevelopments.co.uk/wp-content/uploads/2024/09/HAYHILL-PLOT-61-07-1920x770.jpg","This is a living room area."
"Water of Coyle, Drongan","The Lanemark (End)","2","https://www.hayhilldevelopments.co.uk/developments/water-of-coyle-drongan/dr-plot-39-lanemark-end/","images/a8455a6fe484c09297e4f63b0a5367cbb57fe8e5aafc15c6968018242538edc3.jpg","https://www.hayhilldevelopments.co.uk/wp-content/uploads/2024/09/HAYHILL-PLOT-61-08-1920x770.jpg","This is a bathroom or cloakroom."
"Water of Coyle, Drongan","The Lanemark (End)","2","https://www.hayhilldevelopments.co.uk/developments/water-of-coyle-drongan/dr-plot-39-lanemark-end/","images/de7ae5a40b79f8b5e8cba686cc7493873589007505be6c7fad6ba34ef15897a4.jpg","https://www.hayhilldevelopments.co.uk/wp-content/uploads/2024/09/HAYHILL-PLOT-61-10-1920x770.jpg","This is a bathroom or cloakroom."
"Water of Coyle, Drongan","The Lanemark (End)","2","https://www.hayhilldevelopments.co.uk/developments/water-of-coyle-drongan/dr-plot-39-lanemark-end/","images/ce6d6235e99268a4392bc7d366825af89cff4fda8e7a3ccf4ee07fc1c0e9230d.jpg","https://www.hayhilldevelopments.co.uk/wp-content/uploads/2024/09/HAYHILL-PLOT-61-11-1920x770.jpg","This is a bedroom."
"Water of Coyle, Drongan","The Lanemark (End)","2","https://www.hayhilldevelopments.co.uk/developments/water-of-coyle-drongan/dr-plot-39-lanemark-end/","images/91d1afccd65ad13ee7ed25c1eb8215cc1c34d7f93795bd89b3f8bee1837dc634.jpg","https://www.hayhilldevelopments.co.uk/wp-content/uploads/2024/09/HAYHILL-PLOT-61-14-1920x770.jpg","This is a photograph of a furnished bedroom."
"Water of Coyle, Drongan","The Lanemark (End)","2","https://www.hayhilldevelopments.co.uk/developments/water-of-coyle-drongan/dr-plot-39-lanemark-end/","images/fb05e0beb767ee78586272bc88267359847332a061fe3e92ee05fc939703966b.jpg","https://www.hayhilldevelopments.co.uk/wp-content/uploads/2024/09/HAYHILL-PLOT-61-16-1920x770.jpg","This is a photograph of a bathroom."
"Water of Coyle, Drongan","The Lanemark (End)","2","https://www.hayhilldevelopments.co.uk/developments/water-of-coyle-drongan/dr-plot-39-lanemark-end/","images/67e5db8307cf8917ce7d7ca88f61bb6bbf67ad1e53047a7eb9690d2ee52f917d.jpg","https://www.hayhilldevelopments.co.uk/wp-content/uploads/2024/09/HAYHILL-PLOT-61-18-1920x770.jpg","This is a photograph of a furnished bedroom."
"Water of Coyle, Drongan","The Lanemark (End)","2","https://www.hayhilldevelopments.co.uk/developments/water-of-coyle-drongan/dr-plot-39-lanemark-end/","images/bdc7cdf7a6645429a2d100c32d8c15225ad3a234f685d760f791c1ffad4c88e3.jpg","https://www.hayhilldevelopments.co.uk/wp-content/uploads/2024/10/DR-Highfield-354x238.jpg","This is an exterior photograph of a residential property."
"Water of Coyle, Drongan","The Lanemark (End)","2","https://www.hayhilldevelopments.co.uk/developments/water-of-coyle-drongan/dr-plot-39-lanemark-end/","images/d2f449534cb298c63149a15c573e0adcab2488f417693b5cb69bf4f6458a2953.jpg","https://www.hayhilldevelopments.co.uk/wp-content/uploads/2024/10/DR-Kitchen-2-354x238.jpg","This is a photograph of a kitchen interior."
"Water of Coyle, Drongan","The Lanemark (End)","2","https://www.hayhilldevelopments.co.uk/developments/water-of-coyle-drongan/dr-plot-39-lanemark-end/","images/1ce147b8805931cc627c71201d44a3ce2eb78e8243e261778af074ab5e62ae16.jpg","https://www.hayhilldevelopments.co.uk/wp-content/uploads/2024/10/DR-Kitchen-1-354x238.jpg","This is a photograph of a kitchen interior."
"Water of Coyle, Drongan","The Lanemark (End)","2","https://www.hayhilldevelopments.co.uk/developments/water-of-coyle-drongan/dr-plot-39-lanemark-end/","images/480680ba6cd444ca1099a3957d024ad0a5d880e5dca66633e97c2ddf3f008970.jpg","https://www.hayhilldevelopments.co.uk/wp-content/uploads/2024/10/DR-Kitchen-Closeup-Oven-354x238.jpg","This is a detail shot of a kitchen appliance."
"Water of Coyle, Drongan","The Lanemark (End)","2","https://www.hayhilldevelopments.co.uk/developments/water-of-coyle-drongan/dr-plot-39-lanemark-end/","images/154e802e5b18aea9bc153aa237bc790b26273cd975ce122cda3844fab301bf3c.jpg","https://www.hayhilldevelopments.co.uk/wp-content/uploads/2024/10/DR-Kitchen-Closeup-Sink-354x238.jpg","The image shows a kitchen sink area."
"Water of Coyle, Drongan","The Lanemark (End)","2","https://www.hayhilldevelopments.co.uk/developments/water-of-coyle-drongan/dr-plot-39-lanemark-end/","images/dbf13702e9888787e9ab56c79faa89e73e45714a9666d5277c1e4553eeff6394.jpg","https://www.hayhilldevelopments.co.uk/wp-content/uploads/2024/10/DR-Dining-Kitchen-354x238.jpg","The image shows a dining area."
"Water of Coyle, Drongan","The Lanemark (End)","2","https://www.hayhilldevelopments.co.uk/developments/water-of-coyle-drongan/dr-plot-39-lanemark-end/","images/ba66af899f43e38007b743e6f85b27478a5760965aea22079b3cc4ff5ed4336e.jpg","https://www.hayhilldevelopments.co.uk/wp-content/uploads/2025/01/DR-Kitchen-3-354x238.jpg","The image shows a kitchen."
"Water of Coyle, Drongan","The Lanemark (End)","2","https://www.hayhilldevelopments.co.uk/developments/water-of-coyle-drongan/dr-plot-39-lanemark-end/","images/7dcbda070c7ee9b363fffe4e7ed69c4d0e3a6f25cd531639ded3c6d4ad407331.jpg","https://www.hayhilldevelopments.co.uk/wp-content/uploads/2024/10/DR-Dining-Kitchen-Living-354x238.jpg","The image shows a dining room."
"Water of Coyle, Drongan","The Lanemark (End)","2","https://www.hayhilldevelopments.co.uk/developments/water-of-coyle-drongan/dr-plot-39-lanemark-end/","images/be96039523d4818fe1af6a629816f5c7bbdb2e7040fed3d55e2523217f371fa5.jpg","https://www.hayhilldevelopments.co.uk/wp-content/uploads/2024/10/DR-Dining-2-354x238.jpg","This is a dining room space within a property."
"Water of Coyle, Drongan","The Lanemark (End)","2","https://www.hayhilldevelopments.co.uk/developments/water-of-coyle-drongan/dr-plot-39-lanemark-end/","images/2867cdf82bc8455b7a1fecc8a6c3524a128762f7de73466cdfe54d8c3ccf4eec.jpg","https://www.hayhilldevelopments.co.uk/wp-content/uploads/2025/01/DR-Dining-1-354x238.jpg","This is a dining room area."
"Water of Coyle, Drongan","The Lanemark (End)","2","https://www.hayhilldevelopments.co.uk/developments/water-of-coyle-drongan/dr-plot-39-lanemark-end/","images/a3dfc68701bff9592c525e5dd71e92f6b79ff23dfdf7432ef9a501db86017d5e.jpg","https://www.hayhilldevelopments.co.uk/wp-content/uploads/2024/10/DR-Dining-Closeup-1-354x238.jpg","This is a dining room table setting."
"Water of Coyle, Drongan","The Lanemark (End)","2","https://www.hayhilldevelopments.co.uk/developments/water-of-coyle-drongan/dr-plot-39-lanemark-end/","images/0caf998785377e286a2286d19b605dc0b4913d553dbdc11c82bbde6b51af93dd.jpg","https://www.hayhilldevelopments.co.uk/wp-content/uploads/2024/10/DR-Dining-Closeup-2-354x238.jpg","This is a dining room table setting."
"Water of Coyle, Drongan","The Lanemark (End)","2","https://www.hayhilldevelopments.co.uk/developments/water-of-coyle-drongan/dr-plot-39-lanemark-end/","images/831ad877e38c0a136c0192878bebff3770df282e89704289dbc2a2d61df9f13a.jpg","https://www.hayhilldevelopments.co.uk/wp-content/uploads/2025/08/DR-Living-Room-1-354x238.jpg","This is a photograph of a furnished living room area."
"Water of Coyle, Drongan","The Lanemark (End)","2","https://www.hayhilldevelopments.co.uk/developments/water-of-coyle-drongan/dr-plot-39-lanemark-end/","images/82d6061938940f1adda02085f9bc68046328b4cdd4b44c1208149a568ecfa2f5.jpg","https://www.hayhilldevelopments.co.uk/wp-content/uploads/2024/10/DR-Living-Room-2-354x238.jpg","This is a photograph of a furnished living room area."
"Water of Coyle, Drongan","The Lanemark (End)","2","https://www.hayhilldevelopments.co.uk/developments/water-of-coyle-drongan/dr-plot-39-lanemark-end/","images/04a775904e4c7cfd74a95789a51863b94fcd4463342e7b198eb77e07e9baf0e0.jpg","https://www.hayhilldevelopments.co.uk/wp-content/uploads/2024/10/DR-Living-Room-4-354x238.jpg","This is a photograph of a furnished living room."
"Water of Coyle, Drongan","The Lanemark (End)","2","https://www.hayhilldevelopments.co.uk/developments/water-of-coyle-drongan/dr-plot-39-lanemark-end/","images/e4101fecc56671a6b6055e315270e822361b04f9632ae68fc794746845b4727a.jpg","https://www.hayhilldevelopments.co.uk/wp-content/uploads/2024/10/DR-Living-Room-3-354x238.jpg","This is a photograph of a furnished living room."
"Water of Coyle, Drongan","The Lanemark (End)","2","https://www.hayhilldevelopments.co.uk/developments/water-of-coyle-drongan/dr-plot-39-lanemark-end/","images/560ae2298663028623da23beb039362283b7db60323c959346514638aa586379.jpg","https://www.hayhilldevelopments.co.uk/wp-content/uploads/2024/10/DR-Bedroom-Closeup-4-354x238.jpg","This is a detailed shot of bedroom furniture and decor."
"Water of Coyle, Drongan","The Lanemark (End)","2","https://www.hayhilldevelopments.co.uk/developments/water-of-coyle-drongan/dr-plot-39-lanemark-end/","images/56e45b2034cdd60c5359cb425b6862b750aff0264791afeacbaf9a8a2925034a.jpg","https://www.hayhilldevelopments.co.uk/wp-content/uploads/2024/10/DR-Bedroom-Closeup-2-354x238.jpg","This is a photograph of a bedroom interior."
"Water of Coyle, Drongan","The Lanemark (End)","2","https://www.hayhilldevelopments.co.uk/developments/water-of-coyle-drongan/dr-plot-39-lanemark-end/","images/762f740206bc6369277413b1287c81ae7048db5d2564839a3f20ecfde11864df.jpg","https://www.hayhilldevelopments.co.uk/wp-content/uploads/2024/10/DR-Bedroom-2-354x238.jpg","This is a photograph of a bedroom interior."
"Water of Coyle, Drongan","The Lanemark (End)","2","https://www.hayhilldevelopments.co.uk/developments/water-of-coyle-drongan/dr-plot-39-lanemark-end/","images/4cb9e4afc0626e1079151b597da40c9b619eda2b74fac13a6886bd15072262fb.jpg","https://www.hayhilldevelopments.co.uk/wp-content/uploads/2024/10/DR-Bedroom-Closeup-5-354x238.jpg","This is a photograph of a bedroom interior."
"Water of Coyle, Drongan","The Lanemark (End)","2","https://www.hayhilldevelopments.co.uk/developments/water-of-coyle-drongan/dr-plot-39-lanemark-end/","images/e224848a75736ee483c96f78a277abaaf7a240bf76884b2a028136b4db61239f.jpg","https://www.hayhilldevelopments.co.uk/wp-content/uploads/2024/10/DR-Bedroom4-354x238.jpg","This is a photograph of a bedroom interior."
"Water of Coyle, Drongan","The Lanemark (End)","2","https://www.hayhilldevelopments.co.uk/developments/water-of-coyle-drongan/dr-plot-39-lanemark-end/","images/5518879de8e6051b5c5caa5116df56602736bf9656fee20164256d7c5a257486.jpg","https://www.hayhilldevelopments.co.uk/wp-content/uploads/2024/10/DR-Bedroom-Closeup-1-354x238.jpg","This is a photograph of a bedroom interior."
"Water of Coyle, Drongan","The Lanemark (End)","2","https://www.hayhilldevelopments.co.uk/developments/water-of-coyle-drongan/dr-plot-39-lanemark-end/","images/4efa28038ec44a79c3869bb99b36330804060dcab4ab84ed184604f15324c05c.jpg","https://www.hayhilldevelopments.co.uk/wp-content/uploads/2024/10/DR-Bedroom-Closeup-6-354x238.jpg","This is a photograph of a bedroom interior."
"Water of Coyle, Drongan","The Lanemark (End)","2","https://www.hayhilldevelopments.co.uk/developments/water-of-coyle-drongan/dr-plot-39-lanemark-end/","images/21eb58f1b60949eded73a9fa10a630dc08ccf2774ca384c7fa65503d649e647d.jpg","https://www.hayhilldevelopments.co.uk/wp-content/uploads/2025/08/DR-Bedroom-3-354x238.jpg","The image shows a furnished bedroom."
"Water of Coyle, Drongan","The Lanemark (End)","2","https://www.hayhilldevelopments.co.uk/developments/water-of-coyle-drongan/dr-plot-39-lanemark-end/","images/3da68b3833b79bebd04777ab6e1da2a79ecdf32ba7dce6af2ecd440e9c161887.jpg","https://www.hayhilldevelopments.co.uk/wp-content/uploads/2024/10/Dr-Office-Closeup-354x238.jpg","The image shows a desk setup in a room."
"Water of Coyle, Drongan","The Lanemark (End)","2","https://www.hayhilldevelopments.co.uk/developments/water-of-coyle-drongan/dr-plot-39-lanemark-end/","images/b803bb14b47c0993a6f0e41e0d3b9af5ad9ef722be527183de339f2ea6cdae97.jpg","https://www.hayhilldevelopments.co.uk/wp-content/uploads/2025/08/DR-Office-354x238.jpg","The image shows a home office or study area."
"Water of Coyle, Drongan","The Lanemark (End)","2","https://www.hayhilldevelopments.co.uk/developments/water-of-coyle-drongan/dr-plot-39-lanemark-end/","images/399bf57de4e9a0467a1444d82fa541822de97080d3432aec870cc668892f5678.jpg","https://www.hayhilldevelopments.co.uk/wp-content/uploads/2024/10/DR-Bathroom-Closeup-2-354x238.jpg","The image shows a section of a bathroom."
"Water of Coyle, Drongan","The Lanemark (End)","2","https://www.hayhilldevelopments.co.uk/developments/water-of-coyle-drongan/dr-plot-39-lanemark-end/","images/bfeabb552fecbc4fdc2bbc3ce63406f39fae5f876768255ae7c82269069c770e.jpg","https://www.hayhilldevelopments.co.uk/wp-content/uploads/2024/10/DR-Bathroom-Closeup-3-354x238.jpg","The image shows bathroom fixtures."
"Water of Coyle, Drongan","The Lanemark (End)","2","https://www.hayhilldevelopments.co.uk/developments/water-of-coyle-drongan/dr-plot-39-lanemark-end/","images/97642bd009ab6b81c071904046a7983a434e785ef65aa5409b697bb7915f3a70.jpg","https://www.hayhilldevelopments.co.uk/wp-content/uploads/2024/10/DR-Bathroom-1-354x238.jpg","The image shows a complete bathroom."
"Water of Coyle, Drongan","The Lanemark (End)","2","https://www.hayhilldevelopments.co.uk/developments/water-of-coyle-drongan/dr-plot-39-lanemark-end/","images/a08960ea5c577353d32f67e6ba2e9d92fc38026375db90f36d427e311ee0247d.jpg","https://www.hayhilldevelopments.co.uk/wp-content/uploads/2024/10/DR-Bathroom-3-354x238.jpg","The image shows a small bathroom or cloakroom."
"Water of Coyle, Drongan","The Lanemark (End)","2","https://www.hayhilldevelopments.co.uk/developments/water-of-coyle-drongan/dr-plot-39-lanemark-end/","images/49f988e1c2416aa4019d941b0569004534a10ff7650de00b0e7376801a8e7c12.jpg","https://www.hayhilldevelopments.co.uk/wp-content/uploads/2024/10/DR-Bathroom-2-354x238.jpg","The image shows a bathroom."
"Water of Coyle, Drongan","The Lanemark (Mid)","2","https://www.hayhilldevelopments.co.uk/developments/water-of-coyle-drongan/dr-plot-38-lanemark-mid/","images/45a372512a4788616bcff76ff192cc7a6bd647efa4dbd9271bba848b8a8c5224.jpg","https://www.hayhilldevelopments.co.uk/wp-content/uploads/2024/09/HAYHILL-PLOT-61-01-1920x770.jpg","This is a photograph of a living room interior."
"Water of Coyle, Drongan","The Lanemark (Mid)","2","https://www.hayhilldevelopments.co.uk/developments/water-of-coyle-drongan/dr-plot-38-lanemark-mid/","images/b73a4c7e62e9dd0bb865607cfae6ad2077a03c21777459a442ebbb026b4cda09.jpg","https://www.hayhilldevelopments.co.uk/wp-content/uploads/2024/09/HAYHILL-PLOT-61-02-1920x770.jpg","The image shows a living room space."
"Water of Coyle, Drongan","The Lanemark (Mid)","2","https://www.hayhilldevelopments.co.uk/developments/water-of-coyle-drongan/dr-plot-38-lanemark-mid/","images/1d8ee3377681e85801b1e154531569da37a41e9cea1935300826fe1266f8b9dc.jpg","https://www.hayhilldevelopments.co.uk/wp-content/uploads/2024/09/HAYHILL-PLOT-61-03-1920x770.jpg","The image shows a kitchen workspace."
"Water of Coyle, Drongan","The Lanemark (Mid)","2","https://www.hayhilldevelopments.co.uk/developments/water-of-coyle-drongan/dr-plot-38-lanemark-mid/","images/ce5b6a0905e43078c015a1258247786732403e110b24a0c69f0d1561c1f143f6.jpg","https://www.hayhilldevelopments.co.uk/wp-content/uploads/2024/09/HAYHILL-PLOT-61-04-1920x770.jpg","The image shows a kitchen and dining area."
"Water of Coyle, Drongan","The Lanemark (Mid)","2","https://www.hayhilldevelopments.co.uk/developments/water-of-coyle-drongan/dr-plot-38-lanemark-mid/","images/1e7c204dc46e5387203ce30c0542503402d9cec5914664612ad8cdad288b3590.jpg","https://www.hayhilldevelopments.co.uk/wp-content/uploads/2024/09/HAYHILL-PLOT-61-05-1920x770.jpg","The image shows a kitchen with a small desk area visible through an open door."
"Water of Coyle, Drongan","The Lanemark (Mid)","2","https://www.hayhilldevelopments.co.uk/developments/water-of-coyle-drongan/dr-plot-38-lanemark-mid/","images/cbbb2ee99d35eaeb6ff679d7d0a2df923bf5be4a72002773fb6947cbb9091427.jpg","https://www.hayhilldevelopments.co.uk/wp-content/uploads/2024/09/HAYHILL-PLOT-61-07-1920x770.jpg","This is a living room area."
"Water of Coyle, Drongan","The Lanemark (Mid)","2","https://www.hayhilldevelopments.co.uk/developments/water-of-coyle-drongan/dr-plot-38-lanemark-mid/","images/a8455a6fe484c09297e4f63b0a5367cbb57fe8e5aafc15c6968018242538edc3.jpg","https://www.hayhilldevelopments.co.uk/wp-content/uploads/2024/09/HAYHILL-PLOT-61-08-1920x770.jpg","This is a bathroom or cloakroom."
"Water of Coyle, Drongan","The Lanemark (Mid)","2","https://www.hayhilldevelopments.co.uk/developments/water-of-coyle-drongan/dr-plot-38-lanemark-mid/","images/de7ae5a40b79f8b5e8cba686cc7493873589007505be6c7fad6ba34ef15897a4.jpg","https://www.hayhilldevelopments.co.uk/wp-content/uploads/2024/09/HAYHILL-PLOT-61-10-1920x770.jpg","This is a bathroom or cloakroom."
"Water of Coyle, Drongan","The Lanemark (Mid)","2","https://www.hayhilldevelopments.co.uk/developments/water-of-coyle-drongan/dr-plot-38-lanemark-mid/","images/ce6d6235e99268a4392bc7d366825af89cff4fda8e7a3ccf4ee07fc1c0e9230d.jpg","https://www.hayhilldevelopments.co.uk/wp-content/uploads/2024/09/HAYHILL-PLOT-61-11-1920x770.jpg","This is a bedroom."
"Water of Coyle, Drongan","The Lanemark (Mid)","2","https://www.hayhilldevelopments.co.uk/developments/water-of-coyle-drongan/dr-plot-38-lanemark-mid/","images/91d1afccd65ad13ee7ed25c1eb8215cc1c34d7f93795bd89b3f8bee1837dc634.jpg","https://www.hayhilldevelopments.co.uk/wp-content/uploads/2024/09/HAYHILL-PLOT-61-14-1920x770.jpg","This is a photograph of a furnished bedroom."
"Water of Coyle, Drongan","The Lanemark (Mid)","2","https://www.hayhilldevelopments.co.uk/developments/water-of-coyle-drongan/dr-plot-38-lanemark-mid/","images/fb05e0beb767ee78586272bc88267359847332a061fe3e92ee05fc939703966b.jpg","https://www.hayhilldevelopments.co.uk/wp-content/uploads/2024/09/HAYHILL-PLOT-61-16-1920x770.jpg","This is a photograph of a bathroom."
"Water of Coyle, Drongan","The Lanemark (Mid)","2","https://www.hayhilldevelopments.co.uk/developments/water-of-coyle-drongan/dr-plot-38-lanemark-mid/","images/67e5db8307cf8917ce7d7ca88f61bb6bbf67ad1e53047a7eb9690d2ee52f917d.jpg","https://www.hayhilldevelopments.co.uk/wp-content/uploads/2024/09/HAYHILL-PLOT-61-18-1920x770.jpg","This is a photograph of a furnished bedroom."
"Water of Coyle, Drongan","The Lanemark (Mid)","2","https://www.hayhilldevelopments.co.uk/developments/water-of-coyle-drongan/dr-plot-38-lanemark-mid/","images/bdc7cdf7a6645429a2d100c32d8c15225ad3a234f685d760f791c1ffad4c88e3.jpg","https://www.hayhilldevelopments.co.uk/wp-content/uploads/2024/10/DR-Highfield-354x238.jpg","This is an exterior photograph of a residential property."
"Water of Coyle, Drongan","The Lanemark (Mid)","2","https://www.hayhilldevelopments.co.uk/developments/water-of-coyle-drongan/dr-plot-38-lanemark-mid/","images/d2f449534cb298c63149a15c573e0adcab2488f417693b5cb69bf4f6458a2953.jpg","https://www.hayhilldevelopments.co.uk/wp-content/uploads/2024/10/DR-Kitchen-2-354x238.jpg","This is a photograph of a kitchen interior."
"Water of Coyle, Drongan","The Lanemark (Mid)","2","https://www.hayhilldevelopments.co.uk/developments/water-of-coyle-drongan/dr-plot-38-lanemark-mid/","images/1ce147b8805931cc627c71201d44a3ce2eb78e8243e261778af074ab5e62ae16.jpg","https://www.hayhilldevelopments.co.uk/wp-content/uploads/2024/10/DR-Kitchen-1-354x238.jpg","This is a photograph of a kitchen interior."
"Water of Coyle, Drongan","The Lanemark (Mid)","2","https://www.hayhilldevelopments.co.uk/developments/water-of-coyle-drongan/dr-plot-38-lanemark-mid/","images/480680ba6cd444ca1099a3957d024ad0a5d880e5dca66633e97c2ddf3f008970.jpg","https://www.hayhilldevelopments.co.uk/wp-content/uploads/2024/10/DR-Kitchen-Closeup-Oven-354x238.jpg","This is a detail shot of a kitchen appliance."
"Water of Coyle, Drongan","The Lanemark (Mid)","2","https://www.hayhilldevelopments.co.uk/developments/water-of-coyle-drongan/dr-plot-38-lanemark-mid/","images/154e802e5b18aea9bc153aa237bc790b26273cd975ce122cda3844fab301bf3c.jpg","https://www.hayhilldevelopments.co.uk/wp-content/uploads/2024/10/DR-Kitchen-Closeup-Sink-354x238.jpg","The image shows a kitchen sink area."
"Water of Coyle, Drongan","The Lanemark (Mid)","2","https://www.hayhilldevelopments.co.uk/developments/water-of-coyle-drongan/dr-plot-38-lanemark-mid/","images/dbf13702e9888787e9ab56c79faa89e73e45714a9666d5277c1e4553eeff6394.jpg","https://www.hayhilldevelopments.co.uk/wp-content/uploads/2024/10/DR-Dining-Kitchen-354x238.jpg","The image shows a dining area."
"Water of Coyle, Drongan","The Lanemark (Mid)","2","https://www.hayhilldevelopments.co.uk/developments/water-of-coyle-drongan/dr-plot-38-lanemark-mid/","images/ba66af899f43e38007b743e6f85b27478a5760965aea22079b3cc4ff5ed4336e.jpg","https://www.hayhilldevelopments.co.uk/wp-content/uploads/2025/01/DR-Kitchen-3-354x238.jpg","The image shows a kitchen."
"Water of Coyle, Drongan","The Lanemark (Mid)","2","https://www.hayhilldevelopments.co.uk/developments/water-of-coyle-drongan/dr-plot-38-lanemark-mid/","images/7dcbda070c7ee9b363fffe4e7ed69c4d0e3a6f25cd531639ded3c6d4ad407331.jpg","https://www.hayhilldevelopments.co.uk/wp-content/uploads/2024/10/DR-Dining-Kitchen-Living-354x238.jpg","The image shows a dining room."
"Water of Coyle, Drongan","The Lanemark (Mid)","2","https://www.hayhilldevelopments.co.uk/developments/water-of-coyle-drongan/dr-plot-38-lanemark-mid/","images/be96039523d4818fe1af6a629816f5c7bbdb2e7040fed3d55e2523217f371fa5.jpg","https://www.hayhilldevelopments.co.uk/wp-content/uploads/2024/10/DR-Dining-2-354x238.jpg","This is a dining room space within a property."
"Water of Coyle, Drongan","The Lanemark (Mid)","2","https://www.hayhilldevelopments.co.uk/developments/water-of-coyle-drongan/dr-plot-38-lanemark-mid/","images/2867cdf82bc8455b7a1fecc8a6c3524a128762f7de73466cdfe54d8c3ccf4eec.jpg","https://www.hayhilldevelopments.co.uk/wp-content/uploads/2025/01/DR-Dining-1-354x238.jpg","This is a dining room area."
"Water of Coyle, Drongan","The Lanemark (Mid)","2","https://www.hayhilldevelopments.co.uk/developments/water-of-coyle-drongan/dr-plot-38-lanemark-mid/","images/a3dfc68701bff9592c525e5dd71e92f6b79ff23dfdf7432ef9a501db86017d5e.jpg","https://www.hayhilldevelopments.co.uk/wp-content/uploads/2024/10/DR-Dining-Closeup-1-354x238.jpg","This is a dining room table setting."
"Water of Coyle, Drongan","The Lanemark (Mid)","2","https://www.hayhilldevelopments.co.uk/developments/water-of-coyle-drongan/dr-plot-38-lanemark-mid/","images/0caf998785377e286a2286d19b605dc0b4913d553dbdc11c82bbde6b51af93dd.jpg","https://www.hayhilldevelopments.co.uk/wp-content/uploads/2024/10/DR-Dining-Closeup-2-354x238.jpg","This is a dining room table setting."
"Water of Coyle, Drongan","The Lanemark (Mid)","2","https://www.hayhilldevelopments.co.uk/developments/water-of-coyle-drongan/dr-plot-38-lanemark-mid/","images/831ad877e38c0a136c0192878bebff3770df282e89704289dbc2a2d61df9f13a.jpg","https://www.hayhilldevelopments.co.uk/wp-content/uploads/2025/08/DR-Living-Room-1-354x238.jpg","This is a photograph of a furnished living room area."
"Water of Coyle, Drongan","The Lanemark (Mid)","2","https://www.hayhilldevelopments.co.uk/developments/water-of-coyle-drongan/dr-plot-38-lanemark-mid/","images/82d6061938940f1adda02085f9bc68046328b4cdd4b44c1208149a568ecfa2f5.jpg","https://www.hayhilldevelopments.co.uk/wp-content/uploads/2024/10/DR-Living-Room-2-354x238.jpg","This is a photograph of a furnished living room area."
"Water of Coyle, Drongan","The Lanemark (Mid)","2","https://www.hayhilldevelopments.co.uk/developments/water-of-coyle-drongan/dr-plot-38-lanemark-mid/","images/04a775904e4c7cfd74a95789a51863b94fcd4463342e7b198eb77e07e9baf0e0.jpg","https://www.hayhilldevelopments.co.uk/wp-content/uploads/2024/10/DR-Living-Room-4-354x238.jpg","This is a photograph of a furnished living room."
"Water of Coyle, Drongan","The Lanemark (Mid)","2","https://www.hayhilldevelopments.co.uk/developments/water-of-coyle-drongan/dr-plot-38-lanemark-mid/","images/e4101fecc56671a6b6055e315270e822361b04f9632ae68fc794746845b4727a.jpg","https://www.hayhilldevelopments.co.uk/wp-content/uploads/2024/10/DR-Living-Room-3-354x238.jpg","This is a photograph of a furnished living room."
"Water of Coyle, Drongan","The Lanemark (Mid)","2","https://www.hayhilldevelopments.co.uk/developments/water-of-coyle-drongan/dr-plot-38-lanemark-mid/","images/560ae2298663028623da23beb039362283b7db60323c959346514638aa586379.jpg","https://www.hayhilldevelopments.co.uk/wp-content/uploads/2024/10/DR-Bedroom-Closeup-4-354x238.jpg","This is a detailed shot of bedroom furniture and decor."
"Water of Coyle, Drongan","The Lanemark (Mid)","2","https://www.hayhilldevelopments.co.uk/developments/water-of-coyle-drongan/dr-plot-38-lanemark-mid/","images/56e45b2034cdd60c5359cb425b6862b750aff0264791afeacbaf9a8a2925034a.jpg","https://www.hayhilldevelopments.co.uk/wp-content/uploads/2024/10/DR-Bedroom-Closeup-2-354x238.jpg","This is a photograph of a bedroom interior."
"Water of Coyle, Drongan","The Lanemark (Mid)","2","https://www.hayhilldevelopments.co.uk/developments/water-of-coyle-drongan/dr-plot-38-lanemark-mid/","images/762f740206bc6369277413b1287c81ae7048db5d2564839a3f20ecfde11864df.jpg","https://www.hayhilldevelopments.co.uk/wp-content/uploads/2024/10/DR-Bedroom-2-354x238.jpg","This is a photograph of a bedroom interior."
"Water of Coyle, Drongan","The Lanemark (Mid)","2","https://www.hayhilldevelopments.co.uk/developments/water-of-coyle-drongan/dr-plot-38-lanemark-mid/","images/4cb9e4afc0626e1079151b597da40c9b619eda2b74fac13a6886bd15072262fb.jpg","https://www.hayhilldevelopments.co.uk/wp-content/uploads/2024/10/DR-Bedroom-Closeup-5-354x238.jpg","This is a photograph of a bedroom interior."
"Water of Coyle, Drongan","The Lanemark (Mid)","2","https://www.hayhilldevelopments.co.uk/developments/water-of-coyle-drongan/dr-plot-38-lanemark-mid/","images/e224848a75736ee483c96f78a277abaaf7a240bf76884b2a028136b4db61239f.jpg","https://www.hayhilldevelopments.co.uk/wp-content/uploads/2024/10/DR-Bedroom4-354x238.jpg","This is a photograph of a bedroom interior."
"Water of Coyle, Drongan","The Lanemark (Mid)","2","https://www.hayhilldevelopments.co.uk/developments/water-of-coyle-drongan/dr-plot-38-lanemark-mid/","images/5518879de8e6051b5c5caa5116df56602736bf9656fee20164256d7c5a257486.jpg","https://www.hayhilldevelopments.co.uk/wp-content/uploads/2024/10/DR-Bedroom-Closeup-1-354x238.jpg","This is a photograph of a bedroom interior."
"Water of Coyle, Drongan","The Lanemark (Mid)","2","https://www.hayhilldevelopments.co.uk/developments/water-of-coyle-drongan/dr-plot-38-lanemark-mid/","images/4efa28038ec44a79c3869bb99b36330804060dcab4ab84ed184604f15324c05c.jpg","https://www.hayhilldevelopments.co.uk/wp-content/uploads/2024/10/DR-Bedroom-Closeup-6-354x238.jpg","This is a photograph of a bedroom interior."
"Water of Coyle, Drongan","The Lanemark (Mid)","2","https://www.hayhilldevelopments.co.uk/developments/water-of-coyle-drongan/dr-plot-38-lanemark-mid/","images/21eb58f1b60949eded73a9fa10a630dc08ccf2774ca384c7fa65503d649e647d.jpg","https://www.hayhilldevelopments.co.uk/wp-content/uploads/2025/08/DR-Bedroom-3-354x238.jpg","The image shows a furnished bedroom."
"Water of Coyle, Drongan","The Lanemark (Mid)","2","https://www.hayhilldevelopments.co.uk/developments/water-of-coyle-drongan/dr-plot-38-lanemark-mid/","images/3da68b3833b79bebd04777ab6e1da2a79ecdf32ba7dce6af2ecd440e9c161887.jpg","https://www.hayhilldevelopments.co.uk/wp-content/uploads/2024/10/Dr-Office-Closeup-354x238.jpg","The image shows a desk setup in a room."
"Water of Coyle, Drongan","The Lanemark (Mid)","2","https://www.hayhilldevelopments.co.uk/developments/water-of-coyle-drongan/dr-plot-38-lanemark-mid/","images/b803bb14b47c0993a6f0e41e0d3b9af5ad9ef722be527183de339f2ea6cdae97.jpg","https://www.hayhilldevelopments.co.uk/wp-content/uploads/2025/08/DR-Office-354x238.jpg","The image shows a home office or study area."
"Water of Coyle, Drongan","The Lanemark (Mid)","2","https://www.hayhilldevelopments.co.uk/developments/water-of-coyle-drongan/dr-plot-38-lanemark-mid/","images/399bf57de4e9a0467a1444d82fa541822de97080d3432aec870cc668892f5678.jpg","https://www.hayhilldevelopments.co.uk/wp-content/uploads/2024/10/DR-Bathroom-Closeup-2-354x238.jpg","The image shows a section of a bathroom."
"Water of Coyle, Drongan","The Lanemark (Mid)","2","https://www.hayhilldevelopments.co.uk/developments/water-of-coyle-drongan/dr-plot-38-lanemark-mid/","images/bfeabb552fecbc4fdc2bbc3ce63406f39fae5f876768255ae7c82269069c770e.jpg","https://www.hayhilldevelopments.co.uk/wp-content/uploads/2024/10/DR-Bathroom-Closeup-3-354x238.jpg","The image shows bathroom fixtures."
"Water of Coyle, Drongan","The Lanemark (Mid)","2","https://www.hayhilldevelopments.co.uk/developments/water-of-coyle-drongan/dr-plot-38-lanemark-mid/","images/97642bd009ab6b81c071904046a7983a434e785ef65aa5409b697bb7915f3a70.jpg","https://www.hayhilldevelopments.co.uk/wp-content/uploads/2024/10/DR-Bathroom-1-354x238.jpg","The image shows a complete bathroom."
"Water of Coyle, Drongan","The Lanemark (Mid)","2","https://www.hayhilldevelopments.co.uk/developments/water-of-coyle-drongan/dr-plot-38-lanemark-mid/","images/a08960ea5c577353d32f67e6ba2e9d92fc38026375db90f36d427e311ee0247d.jpg","https://www.hayhilldevelopments.co.uk/wp-content/uploads/2024/10/DR-Bathroom-3-354x238.jpg","The image shows a small bathroom or cloakroom."
"Water of Coyle, Drongan","The Lanemark (Mid)","2","https://www.hayhilldevelopments.co.uk/developments/water-of-coyle-drongan/dr-plot-38-lanemark-mid/","images/49f988e1c2416aa4019d941b0569004534a10ff7650de00b0e7376801a8e7c12.jpg","https://www.hayhilldevelopments.co.uk/wp-content/uploads/2024/10/DR-Bathroom-2-354x238.jpg","The image shows a bathroom."
"Water of Coyle, Drongan","The Lanemark (Mid)","2","https://www.hayhilldevelopments.co.uk/developments/water-of-coyle-drongan/dr-plot-37-lanemark-mid/","images/45a372512a4788616bcff76ff192cc7a6bd647efa4dbd9271bba848b8a8c5224.jpg","https://www.hayhilldevelopments.co.uk/wp-content/uploads/2024/09/HAYHILL-PLOT-61-01-1920x770.jpg","This is a photograph of a living room interior."
"Water of Coyle, Drongan","The Lanemark (Mid)","2","https://www.hayhilldevelopments.co.uk/developments/water-of-coyle-drongan/dr-plot-37-lanemark-mid/","images/b73a4c7e62e9dd0bb865607cfae6ad2077a03c21777459a442ebbb026b4cda09.jpg","https://www.hayhilldevelopments.co.uk/wp-content/uploads/2024/09/HAYHILL-PLOT-61-02-1920x770.jpg","The image shows a living room space."
"Water of Coyle, Drongan","The Lanemark (Mid)","2","https://www.hayhilldevelopments.co.uk/developments/water-of-coyle-drongan/dr-plot-37-lanemark-mid/","images/1d8ee3377681e85801b1e154531569da37a41e9cea1935300826fe1266f8b9dc.jpg","https://www.hayhilldevelopments.co.uk/wp-content/uploads/2024/09/HAYHILL-PLOT-61-03-1920x770.jpg","The image shows a kitchen workspace."
"Water of Coyle, Drongan","The Lanemark (Mid)","2","https://www.hayhilldevelopments.co.uk/developments/water-of-coyle-drongan/dr-plot-37-lanemark-mid/","images/ce5b6a0905e43078c015a1258247786732403e110b24a0c69f0d1561c1f143f6.jpg","https://www.hayhilldevelopments.co.uk/wp-content/uploads/2024/09/HAYHILL-PLOT-61-04-1920x770.jpg","The image shows a kitchen and dining area."
"Water of Coyle, Drongan","The Lanemark (Mid)","2","https://www.hayhilldevelopments.co.uk/developments/water-of-coyle-drongan/dr-plot-37-lanemark-mid/","images/1e7c204dc46e5387203ce30c0542503402d9cec5914664612ad8cdad288b3590.jpg","https://www.hayhilldevelopments.co.uk/wp-content/uploads/2024/09/HAYHILL-PLOT-61-05-1920x770.jpg","The image shows a kitchen with a small desk area visible through an open door."
"Water of Coyle, Drongan","The Lanemark (Mid)","2","https://www.hayhilldevelopments.co.uk/developments/water-of-coyle-drongan/dr-plot-37-lanemark-mid/","images/cbbb2ee99d35eaeb6ff679d7d0a2df923bf5be4a72002773fb6947cbb9091427.jpg","https://www.hayhilldevelopments.co.uk/wp-content/uploads/2024/09/HAYHILL-PLOT-61-07-1920x770.jpg","This is a living room area."
"Water of Coyle, Drongan","The Lanemark (Mid)","2","https://www.hayhilldevelopments.co.uk/developments/water-of-coyle-drongan/dr-plot-37-lanemark-mid/","images/a8455a6fe484c09297e4f63b0a5367cbb57fe8e5aafc15c6968018242538edc3.jpg","https://www.hayhilldevelopments.co.uk/wp-content/uploads/2024/09/HAYHILL-PLOT-61-08-1920x770.jpg","This is a bathroom or cloakroom."
"Water of Coyle, Drongan","The Lanemark (Mid)","2","https://www.hayhilldevelopments.co.uk/developments/water-of-coyle-drongan/dr-plot-37-lanemark-mid/","images/de7ae5a40b79f8b5e8cba686cc7493873589007505be6c7fad6ba34ef15897a4.jpg","https://www.hayhilldevelopments.co.uk/wp-content/uploads/2024/09/HAYHILL-PLOT-61-10-1920x770.jpg","This is a bathroom or cloakroom."
"Water of Coyle, Drongan","The Lanemark (Mid)","2","https://www.hayhilldevelopments.co.uk/developments/water-of-coyle-drongan/dr-plot-37-lanemark-mid/","images/ce6d6235e99268a4392bc7d366825af89cff4fda8e7a3ccf4ee07fc1c0e9230d.jpg","https://www.hayhilldevelopments.co.uk/wp-content/uploads/2024/09/HAYHILL-PLOT-61-11-1920x770.jpg","This is a bedroom."
"Water of Coyle, Drongan","The Lanemark (Mid)","2","https://www.hayhilldevelopments.co.uk/developments/water-of-coyle-drongan/dr-plot-37-lanemark-mid/","images/91d1afccd65ad13ee7ed25c1eb8215cc1c34d7f93795bd89b3f8bee1837dc634.jpg","https://www.hayhilldevelopments.co.uk/wp-content/uploads/2024/09/HAYHILL-PLOT-61-14-1920x770.jpg","This is a photograph of a furnished bedroom."
"Water of Coyle, Drongan","The Lanemark (Mid)","2","https://www.hayhilldevelopments.co.uk/developments/water-of-coyle-drongan/dr-plot-37-lanemark-mid/","images/fb05e0beb767ee78586272bc88267359847332a061fe3e92ee05fc939703966b.jpg","https://www.hayhilldevelopments.co.uk/wp-content/uploads/2024/09/HAYHILL-PLOT-61-16-1920x770.jpg","This is a photograph of a bathroom."
"Water of Coyle, Drongan","The Lanemark (Mid)","2","https://www.hayhilldevelopments.co.uk/developments/water-of-coyle-drongan/dr-plot-37-lanemark-mid/","images/67e5db8307cf8917ce7d7ca88f61bb6bbf67ad1e53047a7eb9690d2ee52f917d.jpg","https://www.hayhilldevelopments.co.uk/wp-content/uploads/2024/09/HAYHILL-PLOT-61-18-1920x770.jpg","This is a photograph of a furnished bedroom."
"Water of Coyle, Drongan","The Lanemark (Mid)","2","https://www.hayhilldevelopments.co.uk/developments/water-of-coyle-drongan/dr-plot-37-lanemark-mid/","images/bdc7cdf7a6645429a2d100c32d8c15225ad3a234f685d760f791c1ffad4c88e3.jpg","https://www.hayhilldevelopments.co.uk/wp-content/uploads/2024/10/DR-Highfield-354x238.jpg","This is an exterior photograph of a residential property."
"Water of Coyle, Drongan","The Lanemark (Mid)","2","https://www.hayhilldevelopments.co.uk/developments/water-of-coyle-drongan/dr-plot-37-lanemark-mid/","images/d2f449534cb298c63149a15c573e0adcab2488f417693b5cb69bf4f6458a2953.jpg","https://www.hayhilldevelopments.co.uk/wp-content/uploads/2024/10/DR-Kitchen-2-354x238.jpg","This is a photograph of a kitchen interior."
"Water of Coyle, Drongan","The Lanemark (Mid)","2","https://www.hayhilldevelopments.co.uk/developments/water-of-coyle-drongan/dr-plot-37-lanemark-mid/","images/1ce147b8805931cc627c71201d44a3ce2eb78e8243e261778af074ab5e62ae16.jpg","https://www.hayhilldevelopments.co.uk/wp-content/uploads/2024/10/DR-Kitchen-1-354x238.jpg","This is a photograph of a kitchen interior."
"Water of Coyle, Drongan","The Lanemark (Mid)","2","https://www.hayhilldevelopments.co.uk/developments/water-of-coyle-drongan/dr-plot-37-lanemark-mid/","images/480680ba6cd444ca1099a3957d024ad0a5d880e5dca66633e97c2ddf3f008970.jpg","https://www.hayhilldevelopments.co.uk/wp-content/uploads/2024/10/DR-Kitchen-Closeup-Oven-354x238.jpg","This is a detail shot of a kitchen appliance."
"Water of Coyle, Drongan","The Lanemark (Mid)","2","https://www.hayhilldevelopments.co.uk/developments/water-of-coyle-drongan/dr-plot-37-lanemark-mid/","images/154e802e5b18aea9bc153aa237bc790b26273cd975ce122cda3844fab301bf3c.jpg","https://www.hayhilldevelopments.co.uk/wp-content/uploads/2024/10/DR-Kitchen-Closeup-Sink-354x238.jpg","The image shows a kitchen sink area."
"Water of Coyle, Drongan","The Lanemark (Mid)","2","https://www.hayhilldevelopments.co.uk/developments/water-of-coyle-drongan/dr-plot-37-lanemark-mid/","images/dbf13702e9888787e9ab56c79faa89e73e45714a9666d5277c1e4553eeff6394.jpg","https://www.hayhilldevelopments.co.uk/wp-content/uploads/2024/10/DR-Dining-Kitchen-354x238.jpg","The image shows a dining area."
"Water of Coyle, Drongan","The Lanemark (Mid)","2","https://www.hayhilldevelopments.co.uk/developments/water-of-coyle-drongan/dr-plot-37-lanemark-mid/","images/ba66af899f43e38007b743e6f85b27478a5760965aea22079b3cc4ff5ed4336e.jpg","https://www.hayhilldevelopments.co.uk/wp-content/uploads/2025/01/DR-Kitchen-3-354x238.jpg","The image shows a kitchen."
"Water of Coyle, Drongan","The Lanemark (Mid)","2","https://www.hayhilldevelopments.co.uk/developments/water-of-coyle-drongan/dr-plot-37-lanemark-mid/","images/7dcbda070c7ee9b363fffe4e7ed69c4d0e3a6f25cd531639ded3c6d4ad407331.jpg","https://www.hayhilldevelopments.co.uk/wp-content/uploads/2024/10/DR-Dining-Kitchen-Living-354x238.jpg","The image shows a dining room."
"Water of Coyle, Drongan","The Lanemark (Mid)","2","https://www.hayhilldevelopments.co.uk/developments/water-of-coyle-drongan/dr-plot-37-lanemark-mid/","images/be96039523d4818fe1af6a629816f5c7bbdb2e7040fed3d55e2523217f371fa5.jpg","https://www.hayhilldevelopments.co.uk/wp-content/uploads/2024/10/DR-Dining-2-354x238.jpg","This is a dining room space within a property."
"Water of Coyle, Drongan","The Lanemark (Mid)","2","https://www.hayhilldevelopments.co.uk/developments/water-of-coyle-drongan/dr-plot-37-lanemark-mid/","images/2867cdf82bc8455b7a1fecc8a6c3524a128762f7de73466cdfe54d8c3ccf4eec.jpg","https://www.hayhilldevelopments.co.uk/wp-content/uploads/2025/01/DR-Dining-1-354x238.jpg","This is a dining room area."
"Water of Coyle, Drongan","The Lanemark (Mid)","2","https://www.hayhilldevelopments.co.uk/developments/water-of-coyle-drongan/dr-plot-37-lanemark-mid/","images/a3dfc68701bff9592c525e5dd71e92f6b79ff23dfdf7432ef9a501db86017d5e.jpg","https://www.hayhilldevelopments.co.uk/wp-content/uploads/2024/10/DR-Dining-Closeup-1-354x238.jpg","This is a dining room table setting."
"Water of Coyle, Drongan","The Lanemark (Mid)","2","https://www.hayhilldevelopments.co.uk/developments/water-of-coyle-drongan/dr-plot-37-lanemark-mid/","images/0caf998785377e286a2286d19b605dc0b4913d553dbdc11c82bbde6b51af93dd.jpg","https://www.hayhilldevelopments.co.uk/wp-content/uploads/2024/10/DR-Dining-Closeup-2-354x238.jpg","This is a dining room table setting."
"Water of Coyle, Drongan","The Lanemark (Mid)","2","https://www.hayhilldevelopments.co.uk/developments/water-of-coyle-drongan/dr-plot-37-lanemark-mid/","images/831ad877e38c0a136c0192878bebff3770df282e89704289dbc2a2d61df9f13a.jpg","https://www.hayhilldevelopments.co.uk/wp-content/uploads/2025/08/DR-Living-Room-1-354x238.jpg","This is a photograph of a furnished living room area."
"Water of Coyle, Drongan","The Lanemark (Mid)","2","https://www.hayhilldevelopments.co.uk/developments/water-of-coyle-drongan/dr-plot-37-lanemark-mid/","images/82d6061938940f1adda02085f9bc68046328b4cdd4b44c1208149a568ecfa2f5.jpg","https://www.hayhilldevelopments.co.uk/wp-content/uploads/2024/10/DR-Living-Room-2-354x238.jpg","This is a photograph of a furnished living room area."
"Water of Coyle, Drongan","The Lanemark (Mid)","2","https://www.hayhilldevelopments.co.uk/developments/water-of-coyle-drongan/dr-plot-37-lanemark-mid/","images/04a775904e4c7cfd74a95789a51863b94fcd4463342e7b198eb77e07e9baf0e0.jpg","https://www.hayhilldevelopments.co.uk/wp-content/uploads/2024/10/DR-Living-Room-4-354x238.jpg","This is a photograph of a furnished living room."
"Water of Coyle, Drongan","The Lanemark (Mid)","2","https://www.hayhilldevelopments.co.uk/developments/water-of-coyle-drongan/dr-plot-37-lanemark-mid/","images/e4101fecc56671a6b6055e315270e822361b04f9632ae68fc794746845b4727a.jpg","https://www.hayhilldevelopments.co.uk/wp-content/uploads/2024/10/DR-Living-Room-3-354x238.jpg","This is a photograph of a furnished living room."
"Water of Coyle, Drongan","The Lanemark (Mid)","2","https://www.hayhilldevelopments.co.uk/developments/water-of-coyle-drongan/dr-plot-37-lanemark-mid/","images/560ae2298663028623da23beb039362283b7db60323c959346514638aa586379.jpg","https://www.hayhilldevelopments.co.uk/wp-content/uploads/2024/10/DR-Bedroom-Closeup-4-354x238.jpg","This is a detailed shot of bedroom furniture and decor."
"Water of Coyle, Drongan","The Lanemark (Mid)","2","https://www.hayhilldevelopments.co.uk/developments/water-of-coyle-drongan/dr-plot-37-lanemark-mid/","images/56e45b2034cdd60c5359cb425b6862b750aff0264791afeacbaf9a8a2925034a.jpg","https://www.hayhilldevelopments.co.uk/wp-content/uploads/2024/10/DR-Bedroom-Closeup-2-354x238.jpg","This is a photograph of a bedroom interior."
"Water of Coyle, Drongan","The Lanemark (Mid)","2","https://www.hayhilldevelopments.co.uk/developments/water-of-coyle-drongan/dr-plot-37-lanemark-mid/","images/762f740206bc6369277413b1287c81ae7048db5d2564839a3f20ecfde11864df.jpg","https://www.hayhilldevelopments.co.uk/wp-content/uploads/2024/10/DR-Bedroom-2-354x238.jpg","This is a photograph of a bedroom interior."
"Water of Coyle, Drongan","The Lanemark (Mid)","2","https://www.hayhilldevelopments.co.uk/developments/water-of-coyle-drongan/dr-plot-37-lanemark-mid/","images/4cb9e4afc0626e1079151b597da40c9b619eda2b74fac13a6886bd15072262fb.jpg","https://www.hayhilldevelopments.co.uk/wp-content/uploads/2024/10/DR-Bedroom-Closeup-5-354x238.jpg","This is a photograph of a bedroom interior."
"Water of Coyle, Drongan","The Lanemark (Mid)","2","https://www.hayhilldevelopments.co.uk/developments/water-of-coyle-drongan/dr-plot-37-lanemark-mid/","images/e224848a75736ee483c96f78a277abaaf7a240bf76884b2a028136b4db61239f.jpg","https://www.hayhilldevelopments.co.uk/wp-content/uploads/2024/10/DR-Bedroom4-354x238.jpg","This is a photograph of a bedroom interior."
"Water of Coyle, Drongan","The Lanemark (Mid)","2","https://www.hayhilldevelopments.co.uk/developments/water-of-coyle-drongan/dr-plot-37-lanemark-mid/","images/5518879de8e6051b5c5caa5116df56602736bf9656fee20164256d7c5a257486.jpg","https://www.hayhilldevelopments.co.uk/wp-content/uploads/2024/10/DR-Bedroom-Closeup-1-354x238.jpg","This is a photograph of a bedroom interior."
"Water of Coyle, Drongan","The Lanemark (Mid)","2","https://www.hayhilldevelopments.co.uk/developments/water-of-coyle-drongan/dr-plot-37-lanemark-mid/","images/4efa28038ec44a79c3869bb99b36330804060dcab4ab84ed184604f15324c05c.jpg","https://www.hayhilldevelopments.co.uk/wp-content/uploads/2024/10/DR-Bedroom-Closeup-6-354x238.jpg","This is a photograph of a bedroom interior."
"Water of Coyle, Drongan","The Lanemark (Mid)","2","https://www.hayhilldevelopments.co.uk/developments/water-of-coyle-drongan/dr-plot-37-lanemark-mid/","images/21eb58f1b60949eded73a9fa10a630dc08ccf2774ca384c7fa65503d649e647d.jpg","https://www.hayhilldevelopments.co.uk/wp-content/uploads/2025/08/DR-Bedroom-3-354x238.jpg","The image shows a furnished bedroom."
"Water of Coyle, Drongan","The Lanemark (Mid)","2","https://www.hayhilldevelopments.co.uk/developments/water-of-coyle-drongan/dr-plot-37-lanemark-mid/","images/3da68b3833b79bebd04777ab6e1da2a79ecdf32ba7dce6af2ecd440e9c161887.jpg","https://www.hayhilldevelopments.co.uk/wp-content/uploads/2024/10/Dr-Office-Closeup-354x238.jpg","The image shows a desk setup in a room."
"Water of Coyle, Drongan","The Lanemark (Mid)","2","https://www.hayhilldevelopments.co.uk/developments/water-of-coyle-drongan/dr-plot-37-lanemark-mid/","images/b803bb14b47c0993a6f0e41e0d3b9af5ad9ef722be527183de339f2ea6cdae97.jpg","https://www.hayhilldevelopments.co.uk/wp-content/uploads/2025/08/DR-Office-354x238.jpg","The image shows a home office or study area."
"Water of Coyle, Drongan","The Lanemark (Mid)","2","https://www.hayhilldevelopments.co.uk/developments/water-of-coyle-drongan/dr-plot-37-lanemark-mid/","images/399bf57de4e9a0467a1444d82fa541822de97080d3432aec870cc668892f5678.jpg","https://www.hayhilldevelopments.co.uk/wp-content/uploads/2024/10/DR-Bathroom-Closeup-2-354x238.jpg","The image shows a section of a bathroom."
"Water of Coyle, Drongan","The Lanemark (Mid)","2","https://www.hayhilldevelopments.co.uk/developments/water-of-coyle-drongan/dr-plot-37-lanemark-mid/","images/bfeabb552fecbc4fdc2bbc3ce63406f39fae5f876768255ae7c82269069c770e.jpg","https://www.hayhilldevelopments.co.uk/wp-content/uploads/2024/10/DR-Bathroom-Closeup-3-354x238.jpg","The image shows bathroom fixtures."
"Water of Coyle, Drongan","The Lanemark (Mid)","2","https://www.hayhilldevelopments.co.uk/developments/water-of-coyle-drongan/dr-plot-37-lanemark-mid/","images/97642bd009ab6b81c071904046a7983a434e785ef65aa5409b697bb7915f3a70.jpg","https://www.hayhilldevelopments.co.uk/wp-content/uploads/2024/10/DR-Bathroom-1-354x238.jpg","The image shows a complete bathroom."
"Water of Coyle, Drongan","The Lanemark (Mid)","2","https://www.hayhilldevelopments.co.uk/developments/water-of-coyle-drongan/dr-plot-37-lanemark-mid/","images/a08960ea5c577353d32f67e6ba2e9d92fc38026375db90f36d427e311ee0247d.jpg","https://www.hayhilldevelopments.co.uk/wp-content/uploads/2024/10/DR-Bathroom-3-354x238.jpg","The image shows a small bathroom or cloakroom."
"Water of Coyle, Drongan","The Lanemark (Mid)","2","https://www.hayhilldevelopments.co.uk/developments/water-of-coyle-drongan/dr-plot-37-lanemark-mid/","images/49f988e1c2416aa4019d941b0569004534a10ff7650de00b0e7376801a8e7c12.jpg","https://www.hayhilldevelopments.co.uk/wp-content/uploads/2024/10/DR-Bathroom-2-354x238.jpg","The image shows a bathroom."
"Water of Coyle, Drongan","The Eglington","4","https://www.hayhilldevelopments.co.uk/developments/water-of-coyle-drongan/plot-60-eglington/","images/49fe6047a4791373cb07afc31d1d46ac54a5c27ee38af9630c8b5eec1e02092c.jpg","https://www.hayhilldevelopments.co.uk/wp-content/uploads/2021/11/2741-Type-7-Eglinton-EXT01-A-1-1920x770.jpg","This is an exterior view of a residential property."
"Water of Coyle, Drongan","The Eglington","4","https://www.hayhilldevelopments.co.uk/developments/water-of-coyle-drongan/plot-60-eglington/","images/0d6f63673cd2d71144c05243443fbc0502b4d160df97ee463a6d460d1e67c616.jpg","https://www.hayhilldevelopments.co.uk/wp-content/uploads/2021/11/HAYHILL-HEIGHTS-DINING-BIFOLDS-1-RT-1920x770.jpg","This is an interior photograph of a kitchen and dining space."
"Water of Coyle, Drongan","The Eglington","4","https://www.hayhilldevelopments.co.uk/developments/water-of-coyle-drongan/plot-60-eglington/","images/32e47bddb60fb6c424a4808e1bd5421a81bb18130d76f0bedbf18b59f139134e.jpg","https://www.hayhilldevelopments.co.uk/wp-content/uploads/2021/11/HAYHILL-HEIGHTS-DINING-1-1920x770.jpg","The dining table and chairs indicate a dining room space."
"Water of Coyle, Drongan","The Eglington","4","https://www.hayhilldevelopments.co.uk/developments/water-of-coyle-drongan/plot-60-eglington/","images/66a975edf6ab1509799b47bea9be2a3d34347d0576516a157c4c2bb696c02faf.jpg","https://www.hayhilldevelopments.co.uk/wp-content/uploads/1970/01/HAYHILL-HEIGHTS-LOUNGE-1-1920x770.jpg","This is a photograph of a furnished living room."
"Water of Coyle, Drongan","The Eglington","4","https://www.hayhilldevelopments.co.uk/developments/water-of-coyle-drongan/plot-60-eglington/","images/7e7897fc618364f70d00a9f2b923252c0f9bf26cac08b9e5bae6d0043369a122.jpg","https://www.hayhilldevelopments.co.uk/wp-content/uploads/2021/11/HAYHILL-HEIGHTS-DETAILS-10-1920x770.jpg","This is a photograph of a furnished living room."
"Water of Coyle, Drongan","The Eglington","4","https://www.hayhilldevelopments.co.uk/developments/water-of-coyle-drongan/plot-60-eglington/","images/eb6a5bda432fbd5dde4d949a607087d15556acc0078a7ea4a830517a938d527c.jpg","https://www.hayhilldevelopments.co.uk/wp-content/uploads/2021/11/HAYHILL-HEIGHTS-DETAILS-64-1920x770.jpg","The furniture arrangement and fireplace are typical of a living room."
"Water of Coyle, Drongan","The Eglington","4","https://www.hayhilldevelopments.co.uk/developments/water-of-coyle-drongan/plot-60-eglington/","images/1007484013d4a04a3c26dd71c35b00b300192b6c45e6a410a577440f96fd9849.jpg","https://www.hayhilldevelopments.co.uk/wp-content/uploads/2021/11/HAYHILL-HEIGHTS-DOWNSTAIRS-WC-2-1920x770.jpg","This is an interior view of a bathroom."
"Water of Coyle, Drongan","The Eglington","4","https://www.hayhilldevelopments.co.uk/developments/water-of-coyle-drongan/plot-60-eglington/","images/9f1e8bbc0c8b73aff1b76639221616df5d1b24993f593634b2aabcd77ce144b0.jpg","https://www.hayhilldevelopments.co.uk/wp-content/uploads/2021/11/HAYHILL-HEIGHTS-MASTER-BEDROOM-1-RT-1920x770.jpg","This is a photograph of a furnished bedroom."
"Water of Coyle, Drongan","The Eglington","4","https://www.hayhilldevelopments.co.uk/developments/water-of-coyle-drongan/plot-60-eglington/","images/ea9d555b38a012a02a23436e118f8dec9c6862b66d07db005b59211981f2ad3a.jpg","https://www.hayhilldevelopments.co.uk/wp-content/uploads/2021/11/HAYHILL-HEIGHTS-BATHROOM-1-1920x770.jpg","This is a photograph of a functional bathroom in a property."
"Water of Coyle, Drongan","The Eglington","4","https://www.hayhilldevelopments.co.uk/developments/water-of-coyle-drongan/plot-60-eglington/","images/b4a06849e03ddf835f625dcd407b339f24a7b6e8f8c833764536bc5b1174ad6b.jpg","https://www.hayhilldevelopments.co.uk/wp-content/uploads/2021/11/HAYHILL-HEIGHTS-2ND-BEDROOM-1-RT-1920x770.jpg","The image shows a furnished bedroom."
"Water of Coyle, Drongan","The Eglington","4","https://www.hayhilldevelopments.co.uk/developments/water-of-coyle-drongan/plot-60-eglington/","images/d2906dc6557432cb1ec2f10a0d1cffa6884670d873b96ecdc1979e3067ecef76.jpg","https://www.hayhilldevelopments.co.uk/wp-content/uploads/2021/11/HAYHILL-HEIGHTS-3RD-BEDROOM-1-1920x770.jpg","The image shows a furnished bedroom with a desk."
"Water of Coyle, Drongan","The Eglington","4","https://www.hayhilldevelopments.co.uk/developments/water-of-coyle-drongan/plot-60-eglington/","images/c4a4dd7e1af8e853c5a75ffe3eb91fc55bb0287894e61961d1a911625c563ffe.jpg","https://www.hayhilldevelopments.co.uk/wp-content/uploads/2021/11/HAYHILL-HEIGHTS-DETAILS-69-1920x770.jpg","This is a photograph of a study or workspace area."
"Water of Coyle, Drongan","The Eglington","4","https://www.hayhilldevelopments.co.uk/developments/water-of-coyle-drongan/plot-60-eglington/","images/2d73553980b192ac8c7d879b00493a80c179f4673411d96a418a9046dc04bc91.jpg","https://www.hayhilldevelopments.co.uk/wp-content/uploads/2021/11/HAYHILL-HEIGHTS-DETAILS-47-1920x770.jpg","This is a photograph of a bedroom interior."
"Water of Coyle, Drongan","The Eglington","4","https://www.hayhilldevelopments.co.uk/developments/water-of-coyle-drongan/plot-60-eglington/","images/c8c08aa002e8e5a2ac63b394e815b292a236344ce7f7a99aa43a0705b0161aa8.jpg","https://www.hayhilldevelopments.co.uk/wp-content/uploads/2021/11/HAYHILL-HEIGHTS-4TH-BEDROOM-1-1920x770.jpg","The image shows a furnished bedroom with a desk."
"Water of Coyle, Drongan","The Eglington","4","https://www.hayhilldevelopments.co.uk/developments/water-of-coyle-drongan/plot-60-eglington/","images/486887765fe5e168e86e610ca07b720bf7109990e9ce15568ac79358b3d5959e.jpg","https://www.hayhilldevelopments.co.uk/wp-content/uploads/2021/11/HAYHILL-HEIGHTS-DETAILS-71-1920x770.jpg","This is a photograph of a bedroom interior."
"Water of Coyle, Drongan","The Eglington","4","https://www.hayhilldevelopments.co.uk/developments/water-of-coyle-drongan/plot-60-eglington/","images/a0247df0a202a3f54da55730669edf1448904feba25a3b03e06b1e082b0eab9e.jpg","https://www.hayhilldevelopments.co.uk/wp-content/uploads/2021/11/HAYHILL-HEIGHTS-ENSUITE-1-1920x770.jpg","This is a photograph of a functional bathroom in a property."
"Water of Coyle, Drongan","The Eglington","4","https://www.hayhilldevelopments.co.uk/developments/water-of-coyle-drongan/plot-60-eglington/","images/bdc7cdf7a6645429a2d100c32d8c15225ad3a234f685d760f791c1ffad4c88e3.jpg","https://www.hayhilldevelopments.co.uk/wp-content/uploads/2024/10/DR-Highfield-354x238.jpg","This is an exterior photograph of a residential property."
"Water of Coyle, Drongan","The Eglington","4","https://www.hayhilldevelopments.co.uk/developments/water-of-coyle-drongan/plot-60-eglington/","images/d2f449534cb298c63149a15c573e0adcab2488f417693b5cb69bf4f6458a2953.jpg","https://www.hayhilldevelopments.co.uk/wp-content/uploads/2024/10/DR-Kitchen-2-354x238.jpg","This is a photograph of a kitchen interior."
"Water of Coyle, Drongan","The Eglington","4","https://www.hayhilldevelopments.co.uk/developments/water-of-coyle-drongan/plot-60-eglington/","images/1ce147b8805931cc627c71201d44a3ce2eb78e8243e261778af074ab5e62ae16.jpg","https://www.hayhilldevelopments.co.uk/wp-content/uploads/2024/10/DR-Kitchen-1-354x238.jpg","This is a photograph of a kitchen interior."
"Water of Coyle, Drongan","The Eglington","4","https://www.hayhilldevelopments.co.uk/developments/water-of-coyle-drongan/plot-60-eglington/","images/480680ba6cd444ca1099a3957d024ad0a5d880e5dca66633e97c2ddf3f008970.jpg","https://www.hayhilldevelopments.co.uk/wp-content/uploads/2024/10/DR-Kitchen-Closeup-Oven-354x238.jpg","This is a detail shot of a kitchen appliance."
"Water of Coyle, Drongan","The Eglington","4","https://www.hayhilldevelopments.co.uk/developments/water-of-coyle-drongan/plot-60-eglington/","images/154e802e5b18aea9bc153aa237bc790b26273cd975ce122cda3844fab301bf3c.jpg","https://www.hayhilldevelopments.co.uk/wp-content/uploads/2024/10/DR-Kitchen-Closeup-Sink-354x238.jpg","The image shows a kitchen sink area."
"Water of Coyle, Drongan","The Eglington","4","https://www.hayhilldevelopments.co.uk/developments/water-of-coyle-drongan/plot-60-eglington/","images/dbf13702e9888787e9ab56c79faa89e73e45714a9666d5277c1e4553eeff6394.jpg","https://www.hayhilldevelopments.co.uk/wp-content/uploads/2024/10/DR-Dining-Kitchen-354x238.jpg","The image shows a dining area."
"Water of Coyle, Drongan","The Eglington","4","https://www.hayhilldevelopments.co.uk/developments/water-of-coyle-drongan/plot-60-eglington/","images/ba66af899f43e38007b743e6f85b27478a5760965aea22079b3cc4ff5ed4336e.jpg","https://www.hayhilldevelopments.co.uk/wp-content/uploads/2025/01/DR-Kitchen-3-354x238.jpg","The image shows a kitchen."
"Water of Coyle, Drongan","The Eglington","4","https://www.hayhilldevelopments.co.uk/developments/water-of-coyle-drongan/plot-60-eglington/","images/7dcbda070c7ee9b363fffe4e7ed69c4d0e3a6f25cd531639ded3c6d4ad407331.jpg","https://www.hayhilldevelopments.co.uk/wp-content/uploads/2024/10/DR-Dining-Kitchen-Living-354x238.jpg","The image shows a dining room."
"Water of Coyle, Drongan","The Eglington","4","https://www.hayhilldevelopments.co.uk/developments/water-of-coyle-drongan/plot-60-eglington/","images/be96039523d4818fe1af6a629816f5c7bbdb2e7040fed3d55e2523217f371fa5.jpg","https://www.hayhilldevelopments.co.uk/wp-content/uploads/2024/10/DR-Dining-2-354x238.jpg","This is a dining room space within a property."
"Water of Coyle, Drongan","The Eglington","4","https://www.hayhilldevelopments.co.uk/developments/water-of-coyle-drongan/plot-60-eglington/","images/2867cdf82bc8455b7a1fecc8a6c3524a128762f7de73466cdfe54d8c3ccf4eec.jpg","https://www.hayhilldevelopments.co.uk/wp-content/uploads/2025/01/DR-Dining-1-354x238.jpg","This is a dining room area."
"Water of Coyle, Drongan","The Eglington","4","https://www.hayhilldevelopments.co.uk/developments/water-of-coyle-drongan/plot-60-eglington/","images/a3dfc68701bff9592c525e5dd71e92f6b79ff23dfdf7432ef9a501db86017d5e.jpg","https://www.hayhilldevelopments.co.uk/wp-content/uploads/2024/10/DR-Dining-Closeup-1-354x238.jpg","This is a dining room table setting."
"Water of Coyle, Drongan","The Eglington","4","https://www.hayhilldevelopments.co.uk/developments/water-of-coyle-drongan/plot-60-eglington/","images/0caf998785377e286a2286d19b605dc0b4913d553dbdc11c82bbde6b51af93dd.jpg","https://www.hayhilldevelopments.co.uk/wp-content/uploads/2024/10/DR-Dining-Closeup-2-354x238.jpg","This is a dining room table setting."
"Water of Coyle, Drongan","The Eglington","4","https://www.hayhilldevelopments.co.uk/developments/water-of-coyle-drongan/plot-60-eglington/","images/831ad877e38c0a136c0192878bebff3770df282e89704289dbc2a2d61df9f13a.jpg","https://www.hayhilldevelopments.co.uk/wp-content/uploads/2025/08/DR-Living-Room-1-354x238.jpg","This is a photograph of a furnished living room area."
"Water of Coyle, Drongan","The Eglington","4","https://www.hayhilldevelopments.co.uk/developments/water-of-coyle-drongan/plot-60-eglington/","images/82d6061938940f1adda02085f9bc68046328b4cdd4b44c1208149a568ecfa2f5.jpg","https://www.hayhilldevelopments.co.uk/wp-content/uploads/2024/10/DR-Living-Room-2-354x238.jpg","This is a photograph of a furnished living room area."
"Water of Coyle, Drongan","The Eglington","4","https://www.hayhilldevelopments.co.uk/developments/water-of-coyle-drongan/plot-60-eglington/","images/04a775904e4c7cfd74a95789a51863b94fcd4463342e7b198eb77e07e9baf0e0.jpg","https://www.hayhilldevelopments.co.uk/wp-content/uploads/2024/10/DR-Living-Room-4-354x238.jpg","This is a photograph of a furnished living room."
"Water of Coyle, Drongan","The Eglington","4","https://www.hayhilldevelopments.co.uk/developments/water-of-coyle-drongan/plot-60-eglington/","images/e4101fecc56671a6b6055e315270e822361b04f9632ae68fc794746845b4727a.jpg","https://www.hayhilldevelopments.co.uk/wp-content/uploads/2024/10/DR-Living-Room-3-354x238.jpg","This is a photograph of a furnished living room."
"Water of Coyle, Drongan","The Eglington","4","https://www.hayhilldevelopments.co.uk/developments/water-of-coyle-drongan/plot-60-eglington/","images/560ae2298663028623da23beb039362283b7db60323c959346514638aa586379.jpg","https://www.hayhilldevelopments.co.uk/wp-content/uploads/2024/10/DR-Bedroom-Closeup-4-354x238.jpg","This is a detailed shot of bedroom furniture and decor."
"Water of Coyle, Drongan","The Eglington","4","https://www.hayhilldevelopments.co.uk/developments/water-of-coyle-drongan/plot-60-eglington/","images/56e45b2034cdd60c5359cb425b6862b750aff0264791afeacbaf9a8a2925034a.jpg","https://www.hayhilldevelopments.co.uk/wp-content/uploads/2024/10/DR-Bedroom-Closeup-2-354x238.jpg","This is a photograph of a bedroom interior."
"Water of Coyle, Drongan","The Eglington","4","https://www.hayhilldevelopments.co.uk/developments/water-of-coyle-drongan/plot-60-eglington/","images/762f740206bc6369277413b1287c81ae7048db5d2564839a3f20ecfde11864df.jpg","https://www.hayhilldevelopments.co.uk/wp-content/uploads/2024/10/DR-Bedroom-2-354x238.jpg","This is a photograph of a bedroom interior."
"Water of Coyle, Drongan","The Eglington","4","https://www.hayhilldevelopments.co.uk/developments/water-of-coyle-drongan/plot-60-eglington/","images/4cb9e4afc0626e1079151b597da40c9b619eda2b74fac13a6886bd15072262fb.jpg","https://www.hayhilldevelopments.co.uk/wp-content/uploads/2024/10/DR-Bedroom-Closeup-5-354x238.jpg","This is a photograph of a bedroom interior."
"Water of Coyle, Drongan","The Eglington","4","https://www.hayhilldevelopments.co.uk/developments/water-of-coyle-drongan/plot-60-eglington/","images/e224848a75736ee483c96f78a277abaaf7a240bf76884b2a028136b4db61239f.jpg","https://www.hayhilldevelopments.co.uk/wp-content/uploads/2024/10/DR-Bedroom4-354x238.jpg","This is a photograph of a bedroom interior."
"Water of Coyle, Drongan","The Eglington","4","https://www.hayhilldevelopments.co.uk/developments/water-of-coyle-drongan/plot-60-eglington/","images/5518879de8e6051b5c5caa5116df56602736bf9656fee20164256d7c5a257486.jpg","https://www.hayhilldevelopments.co.uk/wp-content/uploads/2024/10/DR-Bedroom-Closeup-1-354x238.jpg","This is a photograph of a bedroom interior."
"Water of Coyle, Drongan","The Eglington","4","https://www.hayhilldevelopments.co.uk/developments/water-of-coyle-drongan/plot-60-eglington/","images/4efa28038ec44a79c3869bb99b36330804060dcab4ab84ed184604f15324c05c.jpg","https://www.hayhilldevelopments.co.uk/wp-content/uploads/2024/10/DR-Bedroom-Closeup-6-354x238.jpg","This is a photograph of a bedroom interior."
"Water of Coyle, Drongan","The Eglington","4","https://www.hayhilldevelopments.co.uk/developments/water-of-coyle-drongan/plot-60-eglington/","images/21eb58f1b60949eded73a9fa10a630dc08ccf2774ca384c7fa65503d649e647d.jpg","https://www.hayhilldevelopments.co.uk/wp-content/uploads/2025/08/DR-Bedroom-3-354x238.jpg","The image shows a furnished bedroom."
"Water of Coyle, Drongan","The Eglington","4","https://www.hayhilldevelopments.co.uk/developments/water-of-coyle-drongan/plot-60-eglington/","images/3da68b3833b79bebd04777ab6e1da2a79ecdf32ba7dce6af2ecd440e9c161887.jpg","https://www.hayhilldevelopments.co.uk/wp-content/uploads/2024/10/Dr-Office-Closeup-354x238.jpg","The image shows a desk setup in a room."
"Water of Coyle, Drongan","The Eglington","4","https://www.hayhilldevelopments.co.uk/developments/water-of-coyle-drongan/plot-60-eglington/","images/b803bb14b47c0993a6f0e41e0d3b9af5ad9ef722be527183de339f2ea6cdae97.jpg","https://www.hayhilldevelopments.co.uk/wp-content/uploads/2025/08/DR-Office-354x238.jpg","The image shows a home office or study area."
"Water of Coyle, Drongan","The Eglington","4","https://www.hayhilldevelopments.co.uk/developments/water-of-coyle-drongan/plot-60-eglington/","images/399bf57de4e9a0467a1444d82fa541822de97080d3432aec870cc668892f5678.jpg","https://www.hayhilldevelopments.co.uk/wp-content/uploads/2024/10/DR-Bathroom-Closeup-2-354x238.jpg","The image shows a section of a bathroom."
"Water of Coyle, Drongan","The Eglington","4","https://www.hayhilldevelopments.co.uk/developments/water-of-coyle-drongan/plot-60-eglington/","images/bfeabb552fecbc4fdc2bbc3ce63406f39fae5f876768255ae7c82269069c770e.jpg","https://www.hayhilldevelopments.co.uk/wp-content/uploads/2024/10/DR-Bathroom-Closeup-3-354x238.jpg","The image shows bathroom fixtures."
"Water of Coyle, Drongan","The Eglington","4","https://www.hayhilldevelopments.co.uk/developments/water-of-coyle-drongan/plot-60-eglington/","images/97642bd009ab6b81c071904046a7983a434e785ef65aa5409b697bb7915f3a70.jpg","https://www.hayhilldevelopments.co.uk/wp-content/uploads/2024/10/DR-Bathroom-1-354x238.jpg","The image shows a complete bathroom."
"Water of Coyle, Drongan","The Eglington","4","https://www.hayhilldevelopments.co.uk/developments/water-of-coyle-drongan/plot-60-eglington/","images/a08960ea5c577353d32f67e6ba2e9d92fc38026375db90f36d427e311ee0247d.jpg","https://www.hayhilldevelopments.co.uk/wp-content/uploads/2024/10/DR-Bathroom-3-354x238.jpg","The image shows a small bathroom or cloakroom."
"Water of Coyle, Drongan","The Eglington","4","https://www.hayhilldevelopments.co.uk/developments/water-of-coyle-drongan/plot-60-eglington/","images/49f988e1c2416aa4019d941b0569004534a10ff7650de00b0e7376801a8e7c12.jpg","https://www.hayhilldevelopments.co.uk/wp-content/uploads/2024/10/DR-Bathroom-2-354x238.jpg","The image shows a bathroom."
"Water of Coyle, Drongan","The Garallan","3","https://www.hayhilldevelopments.co.uk/developments/water-of-coyle-drongan/dr-plot-51-garallan/","images/512e9393b16180584c52fb71ae821c4135219626c8baf70699034d726f19f164.jpg","https://www.hayhilldevelopments.co.uk/wp-content/uploads/2021/11/2741-Type-3-Garallan-EXT02-A-1920x770.jpg","This is an exterior view of a residential property."
"Water of Coyle, Drongan","The Garallan","3","https://www.hayhilldevelopments.co.uk/developments/water-of-coyle-drongan/dr-plot-51-garallan/","images/584a9c95247ff4453c449d73c98fbd7427fbcf64b6bc1aeb90f42494d3c9aa27.jpg","https://www.hayhilldevelopments.co.uk/wp-content/uploads/2024/10/DR-Dining-Closeup-2-1920x770.jpg","This is an interior view of a dining area."
"Water of Coyle, Drongan","The Garallan","3","https://www.hayhilldevelopments.co.uk/developments/water-of-coyle-drongan/dr-plot-51-garallan/","images/1c4cff2b1c19d86058e649d29998fc58f168f3a1e3679d0d66d9f06d7aec793c.jpg","https://www.hayhilldevelopments.co.uk/wp-content/uploads/2025/01/DR-Dining-1-1920x770.jpg","This is an interior view of a dining room."
"Water of Coyle, Drongan","The Garallan","3","https://www.hayhilldevelopments.co.uk/developments/water-of-coyle-drongan/dr-plot-51-garallan/","images/a6fae0741c3d5f18f0c20c3964ce617f37eb6afc40b6d8ebe9499dd01deaff4b.jpg","https://www.hayhilldevelopments.co.uk/wp-content/uploads/2024/10/DR-Dining-2-1920x770.jpg","This is a photograph of a furnished dining room."
"Water of Coyle, Drongan","The Garallan","3","https://www.hayhilldevelopments.co.uk/developments/water-of-coyle-drongan/dr-plot-51-garallan/","images/facce0b7258d4344b5144b59b490c613a9ef599a47221b8f9785a1712adc611a.jpg","https://www.hayhilldevelopments.co.uk/wp-content/uploads/2024/10/DR-Dining-Kitchen-1920x770.jpg","This is a photograph of a kitchen and dining space."
"Water of Coyle, Drongan","The Garallan","3","https://www.hayhilldevelopments.co.uk/developments/water-of-coyle-drongan/dr-plot-51-garallan/","images/0d6f63673cd2d71144c05243443fbc0502b4d160df97ee463a6d460d1e67c616.jpg","https://www.hayhilldevelopments.co.uk/wp-content/uploads/2021/11/HAYHILL-HEIGHTS-DINING-BIFOLDS-1-RT-1920x770.jpg","This is an interior photograph of a kitchen and dining space."
"Water of Coyle, Drongan","The Garallan","3","https://www.hayhilldevelopments.co.uk/developments/water-of-coyle-drongan/dr-plot-51-garallan/","images/32e47bddb60fb6c424a4808e1bd5421a81bb18130d76f0bedbf18b59f139134e.jpg","https://www.hayhilldevelopments.co.uk/wp-content/uploads/2021/11/HAYHILL-HEIGHTS-DINING-1-1920x770.jpg","The dining table and chairs indicate a dining room space."
"Water of Coyle, Drongan","The Garallan","3","https://www.hayhilldevelopments.co.uk/developments/water-of-coyle-drongan/dr-plot-51-garallan/","images/66a975edf6ab1509799b47bea9be2a3d34347d0576516a157c4c2bb696c02faf.jpg","https://www.hayhilldevelopments.co.uk/wp-content/uploads/1970/01/HAYHILL-HEIGHTS-LOUNGE-1-1920x770.jpg","This is a photograph of a furnished living room."
"Water of Coyle, Drongan","The Garallan","3","https://www.hayhilldevelopments.co.uk/developments/water-of-coyle-drongan/dr-plot-51-garallan/","images/57dcfe6c3c22f937bf558e028a4fca9cc3fbb6465d1d31863fbd3eef83ade268.jpg","https://www.hayhilldevelopments.co.uk/wp-content/uploads/2025/08/DR-Bedroom-3-1920x770.jpg","This is a photograph of a furnished bedroom."
"Water of Coyle, Drongan","The Garallan","3","https://www.hayhilldevelopments.co.uk/developments/water-of-coyle-drongan/dr-plot-51-garallan/","images/2aae0f84ef6b21395e9c30b47ec9dab83129396685d35a098334d4aab0010721.jpg","https://www.hayhilldevelopments.co.uk/wp-content/uploads/2025/08/DR-Bedroom-Closeup-3-1920x770.jpg","The bed and bedside lamp are typical bedroom features."
"Water of Coyle, Drongan","The Garallan","3","https://www.hayhilldevelopments.co.uk/developments/water-of-coyle-drongan/dr-plot-51-garallan/","images/0475d8089c6e62e61460dbcfc1bfa976b0cca6757efcaaa68dd622ea9952b77a.jpg","https://www.hayhilldevelopments.co.uk/wp-content/uploads/2024/10/DR-Bedroom-2-1920x770.jpg","This is a photograph of a furnished bedroom."
"Water of Coyle, Drongan","The Garallan","3","https://www.hayhilldevelopments.co.uk/developments/water-of-coyle-drongan/dr-plot-51-garallan/","images/96424fc7670a0af39639071ca49398ccaead9986eeb9150249a0ec3a001744ad.jpg","https://www.hayhilldevelopments.co.uk/wp-content/uploads/2024/10/DR-Bedroom-Closeup-2-1920x770.jpg","The image shows a bedroom with twin beds."
"Water of Coyle, Drongan","The Garallan","3","https://www.hayhilldevelopments.co.uk/developments/water-of-coyle-drongan/dr-plot-51-garallan/","images/e9ec80b04de3b9ecb12d8ff119aef424516ab0208ee9365b2e36bfaadd30de14.jpg","https://www.hayhilldevelopments.co.uk/wp-content/uploads/2024/10/DR-Bedroom-Closeup-4-1920x770.jpg","The image is a detail shot of a bedroom interior."
"Water of Coyle, Drongan","The Garallan","3","https://www.hayhilldevelopments.co.uk/developments/water-of-coyle-drongan/dr-plot-51-garallan/","images/58bcdee22a88f427371bbff4769dcf87e6a2e24a578f339b661bc93e8104e3cd.jpg","https://www.hayhilldevelopments.co.uk/wp-content/uploads/2021/11/HAYHILL-HEIGHTS-DOWNSTAIRS-WC-1-1920x770.jpg","The image shows a bathroom or cloakroom."
"Water of Coyle, Drongan","The Garallan","3","https://www.hayhilldevelopments.co.uk/developments/water-of-coyle-drongan/dr-plot-51-garallan/","images/7e7897fc618364f70d00a9f2b923252c0f9bf26cac08b9e5bae6d0043369a122.jpg","https://www.hayhilldevelopments.co.uk/wp-content/uploads/2021/11/HAYHILL-HEIGHTS-DETAILS-10-1920x770.jpg","This is a photograph of a furnished living room."
"Water of Coyle, Drongan","The Garallan","3","https://www.hayhilldevelopments.co.uk/developments/water-of-coyle-drongan/dr-plot-51-garallan/","images/2a6b6e30b4f1223f05026b08c15f39ef7201c5f2e06207fd33c56aec21ef81ab.jpg","https://www.hayhilldevelopments.co.uk/wp-content/uploads/2021/11/HAYHILL-HEIGHTS-DETAILS-73-1-1920x770.jpg","This is a photograph of a residential hallway."
"Water of Coyle, Drongan","The Garallan","3","https://www.hayhilldevelopments.co.uk/developments/water-of-coyle-drongan/dr-plot-51-garallan/","images/09f52a4580aa60423d327b9f5bb3bf8a2c3c88b512d1ea4c45715f911daca6b7.jpg","https://www.hayhilldevelopments.co.uk/wp-content/uploads/2021/11/HAYHILL-HEIGHTS-MASTER-BEDROOM-2-1920x770.jpg","The image shows a furnished bedroom with a bed and bedside furniture."
"Water of Coyle, Drongan","The Garallan","3","https://www.hayhilldevelopments.co.uk/developments/water-of-coyle-drongan/dr-plot-51-garallan/","images/a0247df0a202a3f54da55730669edf1448904feba25a3b03e06b1e082b0eab9e.jpg","https://www.hayhilldevelopments.co.uk/wp-content/uploads/2021/11/HAYHILL-HEIGHTS-ENSUITE-1-1920x770.jpg","This is a photograph of a functional bathroom in a property."
"Water of Coyle, Drongan","The Garallan","3","https://www.hayhilldevelopments.co.uk/developments/water-of-coyle-drongan/dr-plot-51-garallan/","images/c8c08aa002e8e5a2ac63b394e815b292a236344ce7f7a99aa43a0705b0161aa8.jpg","https://www.hayhilldevelopments.co.uk/wp-content/uploads/2021/11/HAYHILL-HEIGHTS-4TH-BEDROOM-1-1920x770.jpg","The image shows a furnished bedroom with a desk."
"Water of Coyle, Drongan","The Garallan","3","https://www.hayhilldevelopments.co.uk/developments/water-of-coyle-drongan/dr-plot-51-garallan/","images/d2906dc6557432cb1ec2f10a0d1cffa6884670d873b96ecdc1979e3067ecef76.jpg","https://www.hayhilldevelopments.co.uk/wp-content/uploads/2021/11/HAYHILL-HEIGHTS-3RD-BEDROOM-1-1920x770.jpg","The image shows a furnished bedroom with a desk."
"Water of Coyle, Drongan","The Garallan","3","https://www.hayhilldevelopments.co.uk/developments/water-of-coyle-drongan/dr-plot-51-garallan/","images/de2133fb2aba7f4ed1fb7ec383922f8cc4dcef709fd194b1a39775a85f94c8bd.jpg","https://www.hayhilldevelopments.co.uk/wp-content/uploads/2025/08/DR-Living-Room-1-1920x770.jpg","The image shows a furnished living room."
"Water of Coyle, Drongan","The Garallan","3","https://www.hayhilldevelopments.co.uk/developments/water-of-coyle-drongan/dr-plot-51-garallan/","images/4e43b8e71c1056a71cb52aa515d7be56b8de7d964e5f73ef62dfac3d4a94c695.jpg","https://www.hayhilldevelopments.co.uk/wp-content/uploads/2024/10/DR-Living-Room-4-1920x770.jpg","The image shows a furnished living room."
"Water of Coyle, Drongan","The Garallan","3","https://www.hayhilldevelopments.co.uk/developments/water-of-coyle-drongan/dr-plot-51-garallan/","images/7528c4e27265e8caff7181e178b56d1f29328a97be8264b90e33bc0b4592ff7a.jpg","https://www.hayhilldevelopments.co.uk/wp-content/uploads/2024/10/DR-Living-Room-2-1920x770.jpg","This is a photograph of a furnished living room interior."
"Water of Coyle, Drongan","The Garallan","3","https://www.hayhilldevelopments.co.uk/developments/water-of-coyle-drongan/dr-plot-51-garallan/","images/ed6fb1b93a8378c8e0cedb1e551df8483e17a8d76efb0dc378ac57f29377bdbe.jpg","https://www.hayhilldevelopments.co.uk/wp-content/uploads/2024/10/DR-Bathroom-3-1920x770.jpg","This is a photograph of a bathroom interior."
"Water of Coyle, Drongan","The Garallan","3","https://www.hayhilldevelopments.co.uk/developments/water-of-coyle-drongan/dr-plot-51-garallan/","images/ea9d555b38a012a02a23436e118f8dec9c6862b66d07db005b59211981f2ad3a.jpg","https://www.hayhilldevelopments.co.uk/wp-content/uploads/2021/11/HAYHILL-HEIGHTS-BATHROOM-1-1920x770.jpg","This is a photograph of a functional bathroom in a property."
"Water of Coyle, Drongan","The Garallan","3","https://www.hayhilldevelopments.co.uk/developments/water-of-coyle-drongan/dr-plot-51-garallan/","images/1808feb07ca7ba2a84c07b3a2527041d8addab081d8341006ce13aa6ada5e9ed.jpg","https://www.hayhilldevelopments.co.uk/wp-content/uploads/2024/10/DR-Bathroom-Closeup-3-1920x770.jpg","This is a photograph of bathroom hardware."
"Water of Coyle, Drongan","The Garallan","3","https://www.hayhilldevelopments.co.uk/developments/water-of-coyle-drongan/dr-plot-51-garallan/","images/bdc7cdf7a6645429a2d100c32d8c15225ad3a234f685d760f791c1ffad4c88e3.jpg","https://www.hayhilldevelopments.co.uk/wp-content/uploads/2024/10/DR-Highfield-354x238.jpg","This is an exterior photograph of a residential property."
"Water of Coyle, Drongan","The Garallan","3","https://www.hayhilldevelopments.co.uk/developments/water-of-coyle-drongan/dr-plot-51-garallan/","images/d2f449534cb298c63149a15c573e0adcab2488f417693b5cb69bf4f6458a2953.jpg","https://www.hayhilldevelopments.co.uk/wp-content/uploads/2024/10/DR-Kitchen-2-354x238.jpg","This is a photograph of a kitchen interior."
"Water of Coyle, Drongan","The Garallan","3","https://www.hayhilldevelopments.co.uk/developments/water-of-coyle-drongan/dr-plot-51-garallan/","images/1ce147b8805931cc627c71201d44a3ce2eb78e8243e261778af074ab5e62ae16.jpg","https://www.hayhilldevelopments.co.uk/wp-content/uploads/2024/10/DR-Kitchen-1-354x238.jpg","This is a photograph of a kitchen interior."
"Water of Coyle, Drongan","The Garallan","3","https://www.hayhilldevelopments.co.uk/developments/water-of-coyle-drongan/dr-plot-51-garallan/","images/480680ba6cd444ca1099a3957d024ad0a5d880e5dca66633e97c2ddf3f008970.jpg","https://www.hayhilldevelopments.co.uk/wp-content/uploads/2024/10/DR-Kitchen-Closeup-Oven-354x238.jpg","This is a detail shot of a kitchen appliance."
"Water of Coyle, Drongan","The Garallan","3","https://www.hayhilldevelopments.co.uk/developments/water-of-coyle-drongan/dr-plot-51-garallan/","images/154e802e5b18aea9bc153aa237bc790b26273cd975ce122cda3844fab301bf3c.jpg","https://www.hayhilldevelopments.co.uk/wp-content/uploads/2024/10/DR-Kitchen-Closeup-Sink-354x238.jpg","The image shows a kitchen sink area."
"Water of Coyle, Drongan","The Garallan","3","https://www.hayhilldevelopments.co.uk/developments/water-of-coyle-drongan/dr-plot-51-garallan/","images/dbf13702e9888787e9ab56c79faa89e73e45714a9666d5277c1e4553eeff6394.jpg","https://www.hayhilldevelopments.co.uk/wp-content/uploads/2024/10/DR-Dining-Kitchen-354x238.jpg","The image shows a dining area."
"Water of Coyle, Drongan","The Garallan","3","https://www.hayhilldevelopments.co.uk/developments/water-of-coyle-drongan/dr-plot-51-garallan/","images/ba66af899f43e38007b743e6f85b27478a5760965aea22079b3cc4ff5ed4336e.jpg","https://www.hayhilldevelopments.co.uk/wp-content/uploads/2025/01/DR-Kitchen-3-354x238.jpg","The image shows a kitchen."
"Water of Coyle, Drongan","The Garallan","3","https://www.hayhilldevelopments.co.uk/developments/water-of-coyle-drongan/dr-plot-51-garallan/","images/7dcbda070c7ee9b363fffe4e7ed69c4d0e3a6f25cd531639ded3c6d4ad407331.jpg","https://www.hayhilldevelopments.co.uk/wp-content/uploads/2024/10/DR-Dining-Kitchen-Living-354x238.jpg","The image shows a dining room."
"Water of Coyle, Drongan","The Garallan","3","https://www.hayhilldevelopments.co.uk/developments/water-of-coyle-drongan/dr-plot-51-garallan/","images/be96039523d4818fe1af6a629816f5c7bbdb2e7040fed3d55e2523217f371fa5.jpg","https://www.hayhilldevelopments.co.uk/wp-content/uploads/2024/10/DR-Dining-2-354x238.jpg","This is a dining room space within a property."
"Water of Coyle, Drongan","The Garallan","3","https://www.hayhilldevelopments.co.uk/developments/water-of-coyle-drongan/dr-plot-51-garallan/","images/2867cdf82bc8455b7a1fecc8a6c3524a128762f7de73466cdfe54d8c3ccf4eec.jpg","https://www.hayhilldevelopments.co.uk/wp-content/uploads/2025/01/DR-Dining-1-354x238.jpg","This is a dining room area."
"Water of Coyle, Drongan","The Garallan","3","https://www.hayhilldevelopments.co.uk/developments/water-of-coyle-drongan/dr-plot-51-garallan/","images/a3dfc68701bff9592c525e5dd71e92f6b79ff23dfdf7432ef9a501db86017d5e.jpg","https://www.hayhilldevelopments.co.uk/wp-content/uploads/2024/10/DR-Dining-Closeup-1-354x238.jpg","This is a dining room table setting."
"Water of Coyle, Drongan","The Garallan","3","https://www.hayhilldevelopments.co.uk/developments/water-of-coyle-drongan/dr-plot-51-garallan/","images/0caf998785377e286a2286d19b605dc0b4913d553dbdc11c82bbde6b51af93dd.jpg","https://www.hayhilldevelopments.co.uk/wp-content/uploads/2024/10/DR-Dining-Closeup-2-354x238.jpg","This is a dining room table setting."
"Water of Coyle, Drongan","The Garallan","3","https://www.hayhilldevelopments.co.uk/developments/water-of-coyle-drongan/dr-plot-51-garallan/","images/831ad877e38c0a136c0192878bebff3770df282e89704289dbc2a2d61df9f13a.jpg","https://www.hayhilldevelopments.co.uk/wp-content/uploads/2025/08/DR-Living-Room-1-354x238.jpg","This is a photograph of a furnished living room area."
"Water of Coyle, Drongan","The Garallan","3","https://www.hayhilldevelopments.co.uk/developments/water-of-coyle-drongan/dr-plot-51-garallan/","images/82d6061938940f1adda02085f9bc68046328b4cdd4b44c1208149a568ecfa2f5.jpg","https://www.hayhilldevelopments.co.uk/wp-content/uploads/2024/10/DR-Living-Room-2-354x238.jpg","This is a photograph of a furnished living room area."
"Water of Coyle, Drongan","The Garallan","3","https://www.hayhilldevelopments.co.uk/developments/water-of-coyle-drongan/dr-plot-51-garallan/","images/04a775904e4c7cfd74a95789a51863b94fcd4463342e7b198eb77e07e9baf0e0.jpg","https://www.hayhilldevelopments.co.uk/wp-content/uploads/2024/10/DR-Living-Room-4-354x238.jpg","This is a photograph of a furnished living room."
"Water of Coyle, Drongan","The Garallan","3","https://www.hayhilldevelopments.co.uk/developments/water-of-coyle-drongan/dr-plot-51-garallan/","images/e4101fecc56671a6b6055e315270e822361b04f9632ae68fc794746845b4727a.jpg","https://www.hayhilldevelopments.co.uk/wp-content/uploads/2024/10/DR-Living-Room-3-354x238.jpg","This is a photograph of a furnished living room."
"Water of Coyle, Drongan","The Garallan","3","https://www.hayhilldevelopments.co.uk/developments/water-of-coyle-drongan/dr-plot-51-garallan/","images/560ae2298663028623da23beb039362283b7db60323c959346514638aa586379.jpg","https://www.hayhilldevelopments.co.uk/wp-content/uploads/2024/10/DR-Bedroom-Closeup-4-354x238.jpg","This is a detailed shot of bedroom furniture and decor."
"Water of Coyle, Drongan","The Garallan","3","https://www.hayhilldevelopments.co.uk/developments/water-of-coyle-drongan/dr-plot-51-garallan/","images/56e45b2034cdd60c5359cb425b6862b750aff0264791afeacbaf9a8a2925034a.jpg","https://www.hayhilldevelopments.co.uk/wp-content/uploads/2024/10/DR-Bedroom-Closeup-2-354x238.jpg","This is a photograph of a bedroom interior."
"Water of Coyle, Drongan","The Garallan","3","https://www.hayhilldevelopments.co.uk/developments/water-of-coyle-drongan/dr-plot-51-garallan/","images/762f740206bc6369277413b1287c81ae7048db5d2564839a3f20ecfde11864df.jpg","https://www.hayhilldevelopments.co.uk/wp-content/uploads/2024/10/DR-Bedroom-2-354x238.jpg","This is a photograph of a bedroom interior."
"Water of Coyle, Drongan","The Garallan","3","https://www.hayhilldevelopments.co.uk/developments/water-of-coyle-drongan/dr-plot-51-garallan/","images/4cb9e4afc0626e1079151b597da40c9b619eda2b74fac13a6886bd15072262fb.jpg","https://www.hayhilldevelopments.co.uk/wp-content/uploads/2024/10/DR-Bedroom-Closeup-5-354x238.jpg","This is a photograph of a bedroom interior."
"Water of Coyle, Drongan","The Garallan","3","https://www.hayhilldevelopments.co.uk/developments/water-of-coyle-drongan/dr-plot-51-garallan/","images/e224848a75736ee483c96f78a277abaaf7a240bf76884b2a028136b4db61239f.jpg","https://www.hayhilldevelopments.co.uk/wp-content/uploads/2024/10/DR-Bedroom4-354x238.jpg","This is a photograph of a bedroom interior."
"Water of Coyle, Drongan","The Garallan","3","https://www.hayhilldevelopments.co.uk/developments/water-of-coyle-drongan/dr-plot-51-garallan/","images/5518879de8e6051b5c5caa5116df56602736bf9656fee20164256d7c5a257486.jpg","https://www.hayhilldevelopments.co.uk/wp-content/uploads/2024/10/DR-Bedroom-Closeup-1-354x238.jpg","This is a photograph of a bedroom interior."
"Water of Coyle, Drongan","The Garallan","3","https://www.hayhilldevelopments.co.uk/developments/water-of-coyle-drongan/dr-plot-51-garallan/","images/4efa28038ec44a79c3869bb99b36330804060dcab4ab84ed184604f15324c05c.jpg","https://www.hayhilldevelopments.co.uk/wp-content/uploads/2024/10/DR-Bedroom-Closeup-6-354x238.jpg","This is a photograph of a bedroom interior."
"Water of Coyle, Drongan","The Garallan","3","https://www.hayhilldevelopments.co.uk/developments/water-of-coyle-drongan/dr-plot-51-garallan/","images/21eb58f1b60949eded73a9fa10a630dc08ccf2774ca384c7fa65503d649e647d.jpg","https://www.hayhilldevelopments.co.uk/wp-content/uploads/2025/08/DR-Bedroom-3-354x238.jpg","The image shows a furnished bedroom."
"Water of Coyle, Drongan","The Garallan","3","https://www.hayhilldevelopments.co.uk/developments/water-of-coyle-drongan/dr-plot-51-garallan/","images/3da68b3833b79bebd04777ab6e1da2a79ecdf32ba7dce6af2ecd440e9c161887.jpg","https://www.hayhilldevelopments.co.uk/wp-content/uploads/2024/10/Dr-Office-Closeup-354x238.jpg","The image shows a desk setup in a room."
"Water of Coyle, Drongan","The Garallan","3","https://www.hayhilldevelopments.co.uk/developments/water-of-coyle-drongan/dr-plot-51-garallan/","images/b803bb14b47c0993a6f0e41e0d3b9af5ad9ef722be527183de339f2ea6cdae97.jpg","https://www.hayhilldevelopments.co.uk/wp-content/uploads/2025/08/DR-Office-354x238.jpg","The image shows a home office or study area."
"Water of Coyle, Drongan","The Garallan","3","https://www.hayhilldevelopments.co.uk/developments/water-of-coyle-drongan/dr-plot-51-garallan/","images/399bf57de4e9a0467a1444d82fa541822de97080d3432aec870cc668892f5678.jpg","https://www.hayhilldevelopments.co.uk/wp-content/uploads/2024/10/DR-Bathroom-Closeup-2-354x238.jpg","The image shows a section of a bathroom."
"Water of Coyle, Drongan","The Garallan","3","https://www.hayhilldevelopments.co.uk/developments/water-of-coyle-drongan/dr-plot-51-garallan/","images/bfeabb552fecbc4fdc2bbc3ce63406f39fae5f876768255ae7c82269069c770e.jpg","https://www.hayhilldevelopments.co.uk/wp-content/uploads/2024/10/DR-Bathroom-Closeup-3-354x238.jpg","The image shows bathroom fixtures."
"Water of Coyle, Drongan","The Garallan","3","https://www.hayhilldevelopments.co.uk/developments/water-of-coyle-drongan/dr-plot-51-garallan/","images/97642bd009ab6b81c071904046a7983a434e785ef65aa5409b697bb7915f3a70.jpg","https://www.hayhilldevelopments.co.uk/wp-content/uploads/2024/10/DR-Bathroom-1-354x238.jpg","The image shows a complete bathroom."
"Water of Coyle, Drongan","The Garallan","3","https://www.hayhilldevelopments.co.uk/developments/water-of-coyle-drongan/dr-plot-51-garallan/","images/a08960ea5c577353d32f67e6ba2e9d92fc38026375db90f36d427e311ee0247d.jpg","https://www.hayhilldevelopments.co.uk/wp-content/uploads/2024/10/DR-Bathroom-3-354x238.jpg","The image shows a small bathroom or cloakroom."
"Water of Coyle, Drongan","The Garallan","3","https://www.hayhilldevelopments.co.uk/developments/water-of-coyle-drongan/dr-plot-51-garallan/","images/49f988e1c2416aa4019d941b0569004534a10ff7650de00b0e7376801a8e7c12.jpg","https://www.hayhilldevelopments.co.uk/wp-content/uploads/2024/10/DR-Bathroom-2-354x238.jpg","The image shows a bathroom."
"Water of Coyle, Drongan","The Hayside","4","https://www.hayhilldevelopments.co.uk/developments/water-of-coyle-drongan/dr-plot-5-hayside/","images/0d6f63673cd2d71144c05243443fbc0502b4d160df97ee463a6d460d1e67c616.jpg","https://www.hayhilldevelopments.co.uk/wp-content/uploads/2021/11/HAYHILL-HEIGHTS-DINING-BIFOLDS-1-RT-1920x770.jpg","This is an interior photograph of a kitchen and dining space."
"Water of Coyle, Drongan","The Hayside","4","https://www.hayhilldevelopments.co.uk/developments/water-of-coyle-drongan/dr-plot-5-hayside/","images/92bd41cfc56334530f53211cb5937c1775ce43eea29ce7034656479819a6c4d1.jpg","https://www.hayhilldevelopments.co.uk/wp-content/uploads/2021/11/HAYHILL-HEIGHTS-DETAILS-35-1920x770.jpg","The image shows a functional kitchen area with appliances and countertop accessories."
"Water of Coyle, Drongan","The Hayside","4","https://www.hayhilldevelopments.co.uk/developments/water-of-coyle-drongan/dr-plot-5-hayside/","images/32e47bddb60fb6c424a4808e1bd5421a81bb18130d76f0bedbf18b59f139134e.jpg","https://www.hayhilldevelopments.co.uk/wp-content/uploads/2021/11/HAYHILL-HEIGHTS-DINING-1-1920x770.jpg","The dining table and chairs indicate a dining room space."
"Water of Coyle, Drongan","The Hayside","4","https://www.hayhilldevelopments.co.uk/developments/water-of-coyle-drongan/dr-plot-5-hayside/","images/eb6a5bda432fbd5dde4d949a607087d15556acc0078a7ea4a830517a938d527c.jpg","https://www.hayhilldevelopments.co.uk/wp-content/uploads/2021/11/HAYHILL-HEIGHTS-DETAILS-64-1920x770.jpg","The furniture arrangement and fireplace are typical of a living room."
"Water of Coyle, Drongan","The Hayside","4","https://www.hayhilldevelopments.co.uk/developments/water-of-coyle-drongan/dr-plot-5-hayside/","images/66a975edf6ab1509799b47bea9be2a3d34347d0576516a157c4c2bb696c02faf.jpg","https://www.hayhilldevelopments.co.uk/wp-content/uploads/1970/01/HAYHILL-HEIGHTS-LOUNGE-1-1920x770.jpg","This is a photograph of a furnished living room."
"Water of Coyle, Drongan","The Hayside","4","https://www.hayhilldevelopments.co.uk/developments/water-of-coyle-drongan/dr-plot-5-hayside/","images/9f1e8bbc0c8b73aff1b76639221616df5d1b24993f593634b2aabcd77ce144b0.jpg","https://www.hayhilldevelopments.co.uk/wp-content/uploads/2021/11/HAYHILL-HEIGHTS-MASTER-BEDROOM-1-RT-1920x770.jpg","This is a photograph of a furnished bedroom."
"Water of Coyle, Drongan","The Hayside","4","https://www.hayhilldevelopments.co.uk/developments/water-of-coyle-drongan/dr-plot-5-hayside/","images/efea3c8536b291798fe6beebd5d3781fc1e614e79e95ad368815ead10a00a5a1.jpg","https://www.hayhilldevelopments.co.uk/wp-content/uploads/2021/11/HAYHILL-HEIGHTS-DETAILS-5-1920x770.jpg","This is a photograph of a furnished bedroom."
"Water of Coyle, Drongan","The Hayside","4","https://www.hayhilldevelopments.co.uk/developments/water-of-coyle-drongan/dr-plot-5-hayside/","images/b4a06849e03ddf835f625dcd407b339f24a7b6e8f8c833764536bc5b1174ad6b.jpg","https://www.hayhilldevelopments.co.uk/wp-content/uploads/2021/11/HAYHILL-HEIGHTS-2ND-BEDROOM-1-RT-1920x770.jpg","The image shows a furnished bedroom."
"Water of Coyle, Drongan","The Hayside","4","https://www.hayhilldevelopments.co.uk/developments/water-of-coyle-drongan/dr-plot-5-hayside/","images/d2906dc6557432cb1ec2f10a0d1cffa6884670d873b96ecdc1979e3067ecef76.jpg","https://www.hayhilldevelopments.co.uk/wp-content/uploads/2021/11/HAYHILL-HEIGHTS-3RD-BEDROOM-1-1920x770.jpg","The image shows a furnished bedroom with a desk."
"Water of Coyle, Drongan","The Hayside","4","https://www.hayhilldevelopments.co.uk/developments/water-of-coyle-drongan/dr-plot-5-hayside/","images/c8c08aa002e8e5a2ac63b394e815b292a236344ce7f7a99aa43a0705b0161aa8.jpg","https://www.hayhilldevelopments.co.uk/wp-content/uploads/2021/11/HAYHILL-HEIGHTS-4TH-BEDROOM-1-1920x770.jpg","The image shows a furnished bedroom with a desk."
"Water of Coyle, Drongan","The Hayside","4","https://www.hayhilldevelopments.co.uk/developments/water-of-coyle-drongan/dr-plot-5-hayside/","images/ea9d555b38a012a02a23436e118f8dec9c6862b66d07db005b59211981f2ad3a.jpg","https://www.hayhilldevelopments.co.uk/wp-content/uploads/2021/11/HAYHILL-HEIGHTS-BATHROOM-1-1920x770.jpg","This is a photograph of a functional bathroom in a property."
"Water of Coyle, Drongan","The Hayside","4","https://www.hayhilldevelopments.co.uk/developments/water-of-coyle-drongan/dr-plot-5-hayside/","images/a0247df0a202a3f54da55730669edf1448904feba25a3b03e06b1e082b0eab9e.jpg","https://www.hayhilldevelopments.co.uk/wp-content/uploads/2021/11/HAYHILL-HEIGHTS-ENSUITE-1-1920x770.jpg","This is a photograph of a functional bathroom in a property."
"Water of Coyle, Drongan","The Hayside","4","https://www.hayhilldevelopments.co.uk/developments/water-of-coyle-drongan/dr-plot-5-hayside/","images/2a6b6e30b4f1223f05026b08c15f39ef7201c5f2e06207fd33c56aec21ef81ab.jpg","https://www.hayhilldevelopments.co.uk/wp-content/uploads/2021/11/HAYHILL-HEIGHTS-DETAILS-73-1-1920x770.jpg","This is a photograph of a residential hallway."
"Water of Coyle, Drongan","The Hayside","4","https://www.hayhilldevelopments.co.uk/developments/water-of-coyle-drongan/dr-plot-5-hayside/","images/c4a4dd7e1af8e853c5a75ffe3eb91fc55bb0287894e61961d1a911625c563ffe.jpg","https://www.hayhilldevelopments.co.uk/wp-content/uploads/2021/11/HAYHILL-HEIGHTS-DETAILS-69-1920x770.jpg","This is a photograph of a study or workspace area."
"Water of Coyle, Drongan","The Hayside","4","https://www.hayhilldevelopments.co.uk/developments/water-of-coyle-drongan/dr-plot-5-hayside/","images/486887765fe5e168e86e610ca07b720bf7109990e9ce15568ac79358b3d5959e.jpg","https://www.hayhilldevelopments.co.uk/wp-content/uploads/2021/11/HAYHILL-HEIGHTS-DETAILS-71-1920x770.jpg","This is a photograph of a bedroom interior."
"Water of Coyle, Drongan","The Hayside","4","https://www.hayhilldevelopments.co.uk/developments/water-of-coyle-drongan/dr-plot-5-hayside/","images/2d73553980b192ac8c7d879b00493a80c179f4673411d96a418a9046dc04bc91.jpg","https://www.hayhilldevelopments.co.uk/wp-content/uploads/2021/11/HAYHILL-HEIGHTS-DETAILS-47-1920x770.jpg","This is a photograph of a bedroom interior."
"Water of Coyle, Drongan","The Hayside","4","https://www.hayhilldevelopments.co.uk/developments/water-of-coyle-drongan/dr-plot-5-hayside/","images/bdc7cdf7a6645429a2d100c32d8c15225ad3a234f685d760f791c1ffad4c88e3.jpg","https://www.hayhilldevelopments.co.uk/wp-content/uploads/2024/10/DR-Highfield-354x238.jpg","This is an exterior photograph of a residential property."
"Water of Coyle, Drongan","The Hayside","4","https://www.hayhilldevelopments.co.uk/developments/water-of-coyle-drongan/dr-plot-5-hayside/","images/d2f449534cb298c63149a15c573e0adcab2488f417693b5cb69bf4f6458a2953.jpg","https://www.hayhilldevelopments.co.uk/wp-content/uploads/2024/10/DR-Kitchen-2-354x238.jpg","This is a photograph of a kitchen interior."
"Water of Coyle, Drongan","The Hayside","4","https://www.hayhilldevelopments.co.uk/developments/water-of-coyle-drongan/dr-plot-5-hayside/","images/1ce147b8805931cc627c71201d44a3ce2eb78e8243e261778af074ab5e62ae16.jpg","https://www.hayhilldevelopments.co.uk/wp-content/uploads/2024/10/DR-Kitchen-1-354x238.jpg","This is a photograph of a kitchen interior."
"Water of Coyle, Drongan","The Hayside","4","https://www.hayhilldevelopments.co.uk/developments/water-of-coyle-drongan/dr-plot-5-hayside/","images/480680ba6cd444ca1099a3957d024ad0a5d880e5dca66633e97c2ddf3f008970.jpg","https://www.hayhilldevelopments.co.uk/wp-content/uploads/2024/10/DR-Kitchen-Closeup-Oven-354x238.jpg","This is a detail shot of a kitchen appliance."
"Water of Coyle, Drongan","The Hayside","4","https://www.hayhilldevelopments.co.uk/developments/water-of-coyle-drongan/dr-plot-5-hayside/","images/154e802e5b18aea9bc153aa237bc790b26273cd975ce122cda3844fab301bf3c.jpg","https://www.hayhilldevelopments.co.uk/wp-content/uploads/2024/10/DR-Kitchen-Closeup-Sink-354x238.jpg","The image shows a kitchen sink area."
"Water of Coyle, Drongan","The Hayside","4","https://www.hayhilldevelopments.co.uk/developments/water-of-coyle-drongan/dr-plot-5-hayside/","images/dbf13702e9888787e9ab56c79faa89e73e45714a9666d5277c1e4553eeff6394.jpg","https://www.hayhilldevelopments.co.uk/wp-content/uploads/2024/10/DR-Dining-Kitchen-354x238.jpg","The image shows a dining area."
"Water of Coyle, Drongan","The Hayside","4","https://www.hayhilldevelopments.co.uk/developments/water-of-coyle-drongan/dr-plot-5-hayside/","images/ba66af899f43e38007b743e6f85b27478a5760965aea22079b3cc4ff5ed4336e.jpg","https://www.hayhilldevelopments.co.uk/wp-content/uploads/2025/01/DR-Kitchen-3-354x238.jpg","The image shows a kitchen."
"Water of Coyle, Drongan","The Hayside","4","https://www.hayhilldevelopments.co.uk/developments/water-of-coyle-drongan/dr-plot-5-hayside/","images/7dcbda070c7ee9b363fffe4e7ed69c4d0e3a6f25cd531639ded3c6d4ad407331.jpg","https://www.hayhilldevelopments.co.uk/wp-content/uploads/2024/10/DR-Dining-Kitchen-Living-354x238.jpg","The image shows a dining room."
"Water of Coyle, Drongan","The Hayside","4","https://www.hayhilldevelopments.co.uk/developments/water-of-coyle-drongan/dr-plot-5-hayside/","images/be96039523d4818fe1af6a629816f5c7bbdb2e7040fed3d55e2523217f371fa5.jpg","https://www.hayhilldevelopments.co.uk/wp-content/uploads/2024/10/DR-Dining-2-354x238.jpg","This is a dining room space within a property."
"Water of Coyle, Drongan","The Hayside","4","https://www.hayhilldevelopments.co.uk/developments/water-of-coyle-drongan/dr-plot-5-hayside/","images/2867cdf82bc8455b7a1fecc8a6c3524a128762f7de73466cdfe54d8c3ccf4eec.jpg","https://www.hayhilldevelopments.co.uk/wp-content/uploads/2025/01/DR-Dining-1-354x238.jpg","This is a dining room area."
"Water of Coyle, Drongan","The Hayside","4","https://www.hayhilldevelopments.co.uk/developments/water-of-coyle-drongan/dr-plot-5-hayside/","images/a3dfc68701bff9592c525e5dd71e92f6b79ff23dfdf7432ef9a501db86017d5e.jpg","https://www.hayhilldevelopments.co.uk/wp-content/uploads/2024/10/DR-Dining-Closeup-1-354x238.jpg","This is a dining room table setting."
"Water of Coyle, Drongan","The Hayside","4","https://www.hayhilldevelopments.co.uk/developments/water-of-coyle-drongan/dr-plot-5-hayside/","images/0caf998785377e286a2286d19b605dc0b4913d553dbdc11c82bbde6b51af93dd.jpg","https://www.hayhilldevelopments.co.uk/wp-content/uploads/2024/10/DR-Dining-Closeup-2-354x238.jpg","This is a dining room table setting."
"Water of Coyle, Drongan","The Hayside","4","https://www.hayhilldevelopments.co.uk/developments/water-of-coyle-drongan/dr-plot-5-hayside/","images/831ad877e38c0a136c0192878bebff3770df282e89704289dbc2a2d61df9f13a.jpg","https://www.hayhilldevelopments.co.uk/wp-content/uploads/2025/08/DR-Living-Room-1-354x238.jpg","This is a photograph of a furnished living room area."
"Water of Coyle, Drongan","The Hayside","4","https://www.hayhilldevelopments.co.uk/developments/water-of-coyle-drongan/dr-plot-5-hayside/","images/82d6061938940f1adda02085f9bc68046328b4cdd4b44c1208149a568ecfa2f5.jpg","https://www.hayhilldevelopments.co.uk/wp-content/uploads/2024/10/DR-Living-Room-2-354x238.jpg","This is a photograph of a furnished living room area."
"Water of Coyle, Drongan","The Hayside","4","https://www.hayhilldevelopments.co.uk/developments/water-of-coyle-drongan/dr-plot-5-hayside/","images/04a775904e4c7cfd74a95789a51863b94fcd4463342e7b198eb77e07e9baf0e0.jpg","https://www.hayhilldevelopments.co.uk/wp-content/uploads/2024/10/DR-Living-Room-4-354x238.jpg","This is a photograph of a furnished living room."
"Water of Coyle, Drongan","The Hayside","4","https://www.hayhilldevelopments.co.uk/developments/water-of-coyle-drongan/dr-plot-5-hayside/","images/e4101fecc56671a6b6055e315270e822361b04f9632ae68fc794746845b4727a.jpg","https://www.hayhilldevelopments.co.uk/wp-content/uploads/2024/10/DR-Living-Room-3-354x238.jpg","This is a photograph of a furnished living room."
"Water of Coyle, Drongan","The Hayside","4","https://www.hayhilldevelopments.co.uk/developments/water-of-coyle-drongan/dr-plot-5-hayside/","images/560ae2298663028623da23beb039362283b7db60323c959346514638aa586379.jpg","https://www.hayhilldevelopments.co.uk/wp-content/uploads/2024/10/DR-Bedroom-Closeup-4-354x238.jpg","This is a detailed shot of bedroom furniture and decor."
"Water of Coyle, Drongan","The Hayside","4","https://www.hayhilldevelopments.co.uk/developments/water-of-coyle-drongan/dr-plot-5-hayside/","images/56e45b2034cdd60c5359cb425b6862b750aff0264791afeacbaf9a8a2925034a.jpg","https://www.hayhilldevelopments.co.uk/wp-content/uploads/2024/10/DR-Bedroom-Closeup-2-354x238.jpg","This is a photograph of a bedroom interior."
"Water of Coyle, Drongan","The Hayside","4","https://www.hayhilldevelopments.co.uk/developments/water-of-coyle-drongan/dr-plot-5-hayside/","images/762f740206bc6369277413b1287c81ae7048db5d2564839a3f20ecfde11864df.jpg","https://www.hayhilldevelopments.co.uk/wp-content/uploads/2024/10/DR-Bedroom-2-354x238.jpg","This is a photograph of a bedroom interior."
"Water of Coyle, Drongan","The Hayside","4","https://www.hayhilldevelopments.co.uk/developments/water-of-coyle-drongan/dr-plot-5-hayside/","images/4cb9e4afc0626e1079151b597da40c9b619eda2b74fac13a6886bd15072262fb.jpg","https://www.hayhilldevelopments.co.uk/wp-content/uploads/2024/10/DR-Bedroom-Closeup-5-354x238.jpg","This is a photograph of a bedroom interior."
"Water of Coyle, Drongan","The Hayside","4","https://www.hayhilldevelopments.co.uk/developments/water-of-coyle-drongan/dr-plot-5-hayside/","images/e224848a75736ee483c96f78a277abaaf7a240bf76884b2a028136b4db61239f.jpg","https://www.hayhilldevelopments.co.uk/wp-content/uploads/2024/10/DR-Bedroom4-354x238.jpg","This is a photograph of a bedroom interior."
"Water of Coyle, Drongan","The Hayside","4","https://www.hayhilldevelopments.co.uk/developments/water-of-coyle-drongan/dr-plot-5-hayside/","images/5518879de8e6051b5c5caa5116df56602736bf9656fee20164256d7c5a257486.jpg","https://www.hayhilldevelopments.co.uk/wp-content/uploads/2024/10/DR-Bedroom-Closeup-1-354x238.jpg","This is a photograph of a bedroom interior."
"Water of Coyle, Drongan","The Hayside","4","https://www.hayhilldevelopments.co.uk/developments/water-of-coyle-drongan/dr-plot-5-hayside/","images/4efa28038ec44a79c3869bb99b36330804060dcab4ab84ed184604f15324c05c.jpg","https://www.hayhilldevelopments.co.uk/wp-content/uploads/2024/10/DR-Bedroom-Closeup-6-354x238.jpg","This is a photograph of a bedroom interior."
"Water of Coyle, Drongan","The Hayside","4","https://www.hayhilldevelopments.co.uk/developments/water-of-coyle-drongan/dr-plot-5-hayside/","images/21eb58f1b60949eded73a9fa10a630dc08ccf2774ca384c7fa65503d649e647d.jpg","https://www.hayhilldevelopments.co.uk/wp-content/uploads/2025/08/DR-Bedroom-3-354x238.jpg","The image shows a furnished bedroom."
"Water of Coyle, Drongan","The Hayside","4","https://www.hayhilldevelopments.co.uk/developments/water-of-coyle-drongan/dr-plot-5-hayside/","images/3da68b3833b79bebd04777ab6e1da2a79ecdf32ba7dce6af2ecd440e9c161887.jpg","https://www.hayhilldevelopments.co.uk/wp-content/uploads/2024/10/Dr-Office-Closeup-354x238.jpg","The image shows a desk setup in a room."
"Water of Coyle, Drongan","The Hayside","4","https://www.hayhilldevelopments.co.uk/developments/water-of-coyle-drongan/dr-plot-5-hayside/","images/b803bb14b47c0993a6f0e41e0d3b9af5ad9ef722be527183de339f2ea6cdae97.jpg","https://www.hayhilldevelopments.co.uk/wp-content/uploads/2025/08/DR-Office-354x238.jpg","The image shows a home office or study area."
"Water of Coyle, Drongan","The Hayside","4","https://www.hayhilldevelopments.co.uk/developments/water-of-coyle-drongan/dr-plot-5-hayside/","images/399bf57de4e9a0467a1444d82fa541822de97080d3432aec870cc668892f5678.jpg","https://www.hayhilldevelopments.co.uk/wp-content/uploads/2024/10/DR-Bathroom-Closeup-2-354x238.jpg","The image shows a section of a bathroom."
"Water of Coyle, Drongan","The Hayside","4","https://www.hayhilldevelopments.co.uk/developments/water-of-coyle-drongan/dr-plot-5-hayside/","images/bfeabb552fecbc4fdc2bbc3ce63406f39fae5f876768255ae7c82269069c770e.jpg","https://www.hayhilldevelopments.co.uk/wp-content/uploads/2024/10/DR-Bathroom-Closeup-3-354x238.jpg","The image shows bathroom fixtures."
"Water of Coyle, Drongan","The Hayside","4","https://www.hayhilldevelopments.co.uk/developments/water-of-coyle-drongan/dr-plot-5-hayside/","images/97642bd009ab6b81c071904046a7983a434e785ef65aa5409b697bb7915f3a70.jpg","https://www.hayhilldevelopments.co.uk/wp-content/uploads/2024/10/DR-Bathroom-1-354x238.jpg","The image shows a complete bathroom."
"Water of Coyle, Drongan","The Hayside","4","https://www.hayhilldevelopments.co.uk/developments/water-of-coyle-drongan/dr-plot-5-hayside/","images/a08960ea5c577353d32f67e6ba2e9d92fc38026375db90f36d427e311ee0247d.jpg","https://www.hayhilldevelopments.co.uk/wp-content/uploads/2024/10/DR-Bathroom-3-354x238.jpg","The image shows a small bathroom or cloakroom."
"Water of Coyle, Drongan","The Hayside","4","https://www.hayhilldevelopments.co.uk/developments/water-of-coyle-drongan/dr-plot-5-hayside/","images/49f988e1c2416aa4019d941b0569004534a10ff7650de00b0e7376801a8e7c12.jpg","https://www.hayhilldevelopments.co.uk/wp-content/uploads/2024/10/DR-Bathroom-2-354x238.jpg","The image shows a bathroom."
"Water of Coyle, Drongan","The Portnellan","3","https://www.hayhilldevelopments.co.uk/developments/water-of-coyle-drongan/dr-plot-4-portnellan/","images/24db3871ed57f99c04f0c1e7e50ca0f3e659d29b71fb27d99203d3435a544245.jpg","https://www.hayhilldevelopments.co.uk/wp-content/uploads/2023/07/2741-Type-15-EXT01-1920x770.jpg","This is an exterior view of a residential property."
"Water of Coyle, Drongan","The Portnellan","3","https://www.hayhilldevelopments.co.uk/developments/water-of-coyle-drongan/dr-plot-4-portnellan/","images/b9264b1bbf4adf52ab8ec0705d1176226c0587723440f32d29eab42931ce7e9a.jpg","https://www.hayhilldevelopments.co.uk/wp-content/uploads/2024/10/DR-Bedroom-Closeup-5-1920x770.jpg","This is an interior view of a bedroom."
"Water of Coyle, Drongan","The Portnellan","3","https://www.hayhilldevelopments.co.uk/developments/water-of-coyle-drongan/dr-plot-4-portnellan/","images/f1574b0f8e309b093432193bd4491b7effcdab76a7302d809604216149cb655b.jpg","https://www.hayhilldevelopments.co.uk/wp-content/uploads/2024/10/DR-Bedroom4-1920x770.jpg","This is a photograph of a furnished bedroom."
"Water of Coyle, Drongan","The Portnellan","3","https://www.hayhilldevelopments.co.uk/developments/water-of-coyle-drongan/dr-plot-4-portnellan/","images/1bf25f3bdc11a3ca55691c9ea995e8bef1b7ab9493daeb41404e04cc991e544e.jpg","https://www.hayhilldevelopments.co.uk/wp-content/uploads/2025/08/DR-Office-1920x770.jpg","The image shows a dedicated study or home office space."
"Water of Coyle, Drongan","The Portnellan","3","https://www.hayhilldevelopments.co.uk/developments/water-of-coyle-drongan/dr-plot-4-portnellan/","images/c01ea8bd1b9192a571ac980259f30051d2368b8f73d89585e97d0b3e32f409db.jpg","https://www.hayhilldevelopments.co.uk/wp-content/uploads/2024/10/Dr-Office-Closeup-1920x770.jpg","This is a photograph of a home office or study area."
"Water of Coyle, Drongan","The Portnellan","3","https://www.hayhilldevelopments.co.uk/developments/water-of-coyle-drongan/dr-plot-4-portnellan/","images/31766061ae7d086d47a866bd4bab6cfb52f66cabf7967dc34032fbd5e93f1bf0.jpg","https://www.hayhilldevelopments.co.uk/wp-content/uploads/2024/10/DR-Kitchen-Closeup-Sink-1920x770.jpg","This is a photograph of a kitchen fixture."
"Water of Coyle, Drongan","The Portnellan","3","https://www.hayhilldevelopments.co.uk/developments/water-of-coyle-drongan/dr-plot-4-portnellan/","images/0d6f63673cd2d71144c05243443fbc0502b4d160df97ee463a6d460d1e67c616.jpg","https://www.hayhilldevelopments.co.uk/wp-content/uploads/2021/11/HAYHILL-HEIGHTS-DINING-BIFOLDS-1-RT-1920x770.jpg","This is an interior photograph of a kitchen and dining space."
"Water of Coyle, Drongan","The Portnellan","3","https://www.hayhilldevelopments.co.uk/developments/water-of-coyle-drongan/dr-plot-4-portnellan/","images/7e7897fc618364f70d00a9f2b923252c0f9bf26cac08b9e5bae6d0043369a122.jpg","https://www.hayhilldevelopments.co.uk/wp-content/uploads/2021/11/HAYHILL-HEIGHTS-DETAILS-10-1920x770.jpg","This is a photograph of a furnished living room."
"Water of Coyle, Drongan","The Portnellan","3","https://www.hayhilldevelopments.co.uk/developments/water-of-coyle-drongan/dr-plot-4-portnellan/","images/09f52a4580aa60423d327b9f5bb3bf8a2c3c88b512d1ea4c45715f911daca6b7.jpg","https://www.hayhilldevelopments.co.uk/wp-content/uploads/2021/11/HAYHILL-HEIGHTS-MASTER-BEDROOM-2-1920x770.jpg","The image shows a furnished bedroom with a bed and bedside furniture."
"Water of Coyle, Drongan","The Portnellan","3","https://www.hayhilldevelopments.co.uk/developments/water-of-coyle-drongan/dr-plot-4-portnellan/","images/2a108c50ded6648df6c33aba997dd8e0fe9f1514c767cfe86b2370c32ff390f6.jpg","https://www.hayhilldevelopments.co.uk/wp-content/uploads/2021/11/HAYHILL-HEIGHTS-DETAILS-28-1920x770.jpg","The image shows a kitchen and dining area."
"Water of Coyle, Drongan","The Portnellan","3","https://www.hayhilldevelopments.co.uk/developments/water-of-coyle-drongan/dr-plot-4-portnellan/","images/2a6b6e30b4f1223f05026b08c15f39ef7201c5f2e06207fd33c56aec21ef81ab.jpg","https://www.hayhilldevelopments.co.uk/wp-content/uploads/2021/11/HAYHILL-HEIGHTS-DETAILS-73-1-1920x770.jpg","This is a photograph of a residential hallway."
"Water of Coyle, Drongan","The Portnellan","3","https://www.hayhilldevelopments.co.uk/developments/water-of-coyle-drongan/dr-plot-4-portnellan/","images/eb6a5bda432fbd5dde4d949a607087d15556acc0078a7ea4a830517a938d527c.jpg","https://www.hayhilldevelopments.co.uk/wp-content/uploads/2021/11/HAYHILL-HEIGHTS-DETAILS-64-1920x770.jpg","The furniture arrangement and fireplace are typical of a living room."
"Water of Coyle, Drongan","The Portnellan","3","https://www.hayhilldevelopments.co.uk/developments/water-of-coyle-drongan/dr-plot-4-portnellan/","images/c4a4dd7e1af8e853c5a75ffe3eb91fc55bb0287894e61961d1a911625c563ffe.jpg","https://www.hayhilldevelopments.co.uk/wp-content/uploads/2021/11/HAYHILL-HEIGHTS-DETAILS-69-1920x770.jpg","This is a photograph of a study or workspace area."
"Water of Coyle, Drongan","The Portnellan","3","https://www.hayhilldevelopments.co.uk/developments/water-of-coyle-drongan/dr-plot-4-portnellan/","images/67094cfb23c35ffa237614815ad0b7673769f3043f7f902c31420bcde257031f.jpg","https://www.hayhilldevelopments.co.uk/wp-content/uploads/2022/01/HAYHILL-HEIGHTS-DETAILS-49-1920x770.jpg","The image shows a detail of a staircase in a hallway."
"Water of Coyle, Drongan","The Portnellan","3","https://www.hayhilldevelopments.co.uk/developments/water-of-coyle-drongan/dr-plot-4-portnellan/","images/d2906dc6557432cb1ec2f10a0d1cffa6884670d873b96ecdc1979e3067ecef76.jpg","https://www.hayhilldevelopments.co.uk/wp-content/uploads/2021/11/HAYHILL-HEIGHTS-3RD-BEDROOM-1-1920x770.jpg","The image shows a furnished bedroom with a desk."
"Water of Coyle, Drongan","The Portnellan","3","https://www.hayhilldevelopments.co.uk/developments/water-of-coyle-drongan/dr-plot-4-portnellan/","images/c8c08aa002e8e5a2ac63b394e815b292a236344ce7f7a99aa43a0705b0161aa8.jpg","https://www.hayhilldevelopments.co.uk/wp-content/uploads/2021/11/HAYHILL-HEIGHTS-4TH-BEDROOM-1-1920x770.jpg","The image shows a furnished bedroom with a desk."
"Water of Coyle, Drongan","The Portnellan","3","https://www.hayhilldevelopments.co.uk/developments/water-of-coyle-drongan/dr-plot-4-portnellan/","images/9f1e8bbc0c8b73aff1b76639221616df5d1b24993f593634b2aabcd77ce144b0.jpg","https://www.hayhilldevelopments.co.uk/wp-content/uploads/2021/11/HAYHILL-HEIGHTS-MASTER-BEDROOM-1-RT-1920x770.jpg","This is a photograph of a furnished bedroom."
"Water of Coyle, Drongan","The Portnellan","3","https://www.hayhilldevelopments.co.uk/developments/water-of-coyle-drongan/dr-plot-4-portnellan/","images/167202a878374f05429810e8e78ba8a1a7d255bb37e0dc4ae97b44727b4fe6b0.jpg","https://www.hayhilldevelopments.co.uk/wp-content/uploads/2024/10/DR-Kitchen-Closeup-Oven-1920x770.jpg","The image shows a kitchen appliance."
"Water of Coyle, Drongan","The Portnellan","3","https://www.hayhilldevelopments.co.uk/developments/water-of-coyle-drongan/dr-plot-4-portnellan/","images/7ec4fec4f639533fce38009351f291d1ae42c65a04465f7b30b38e7389bd4206.jpg","https://www.hayhilldevelopments.co.uk/wp-content/uploads/2024/10/DR-Bathroom-Closeup-1-1920x770.jpg","This is a photograph of a bathroom sink and fixtures."
"Water of Coyle, Drongan","The Portnellan","3","https://www.hayhilldevelopments.co.uk/developments/water-of-coyle-drongan/dr-plot-4-portnellan/","images/ed6fb1b93a8378c8e0cedb1e551df8483e17a8d76efb0dc378ac57f29377bdbe.jpg","https://www.hayhilldevelopments.co.uk/wp-content/uploads/2024/10/DR-Bathroom-3-1920x770.jpg","This is a photograph of a bathroom interior."
"Water of Coyle, Drongan","The Portnellan","3","https://www.hayhilldevelopments.co.uk/developments/water-of-coyle-drongan/dr-plot-4-portnellan/","images/bdc7cdf7a6645429a2d100c32d8c15225ad3a234f685d760f791c1ffad4c88e3.jpg","https://www.hayhilldevelopments.co.uk/wp-content/uploads/2024/10/DR-Highfield-354x238.jpg","This is an exterior photograph of a residential property."
"Water of Coyle, Drongan","The Portnellan","3","https://www.hayhilldevelopments.co.uk/developments/water-of-coyle-drongan/dr-plot-4-portnellan/","images/d2f449534cb298c63149a15c573e0adcab2488f417693b5cb69bf4f6458a2953.jpg","https://www.hayhilldevelopments.co.uk/wp-content/uploads/2024/10/DR-Kitchen-2-354x238.jpg","This is a photograph of a kitchen interior."
"Water of Coyle, Drongan","The Portnellan","3","https://www.hayhilldevelopments.co.uk/developments/water-of-coyle-drongan/dr-plot-4-portnellan/","images/1ce147b8805931cc627c71201d44a3ce2eb78e8243e261778af074ab5e62ae16.jpg","https://www.hayhilldevelopments.co.uk/wp-content/uploads/2024/10/DR-Kitchen-1-354x238.jpg","This is a photograph of a kitchen interior."
"Water of Coyle, Drongan","The Portnellan","3","https://www.hayhilldevelopments.co.uk/developments/water-of-coyle-drongan/dr-plot-4-portnellan/","images/480680ba6cd444ca1099a3957d024ad0a5d880e5dca66633e97c2ddf3f008970.jpg","https://www.hayhilldevelopments.co.uk/wp-content/uploads/2024/10/DR-Kitchen-Closeup-Oven-354x238.jpg","This is a detail shot of a kitchen appliance."
"Water of Coyle, Drongan","The Portnellan","3","https://www.hayhilldevelopments.co.uk/developments/water-of-coyle-drongan/dr-plot-4-portnellan/","images/154e802e5b18aea9bc153aa237bc790b26273cd975ce122cda3844fab301bf3c.jpg","https://www.hayhilldevelopments.co.uk/wp-content/uploads/2024/10/DR-Kitchen-Closeup-Sink-354x238.jpg","The image shows a kitchen sink area."
"Water of Coyle, Drongan","The Portnellan","3","https://www.hayhilldevelopments.co.uk/developments/water-of-coyle-drongan/dr-plot-4-portnellan/","images/dbf13702e9888787e9ab56c79faa89e73e45714a9666d5277c1e4553eeff6394.jpg","https://www.hayhilldevelopments.co.uk/wp-content/uploads/2024/10/DR-Dining-Kitchen-354x238.jpg","The image shows a dining area."
"Water of Coyle, Drongan","The Portnellan","3","https://www.hayhilldevelopments.co.uk/developments/water-of-coyle-drongan/dr-plot-4-portnellan/","images/ba66af899f43e38007b743e6f85b27478a5760965aea22079b3cc4ff5ed4336e.jpg","https://www.hayhilldevelopments.co.uk/wp-content/uploads/2025/01/DR-Kitchen-3-354x238.jpg","The image shows a kitchen."
"Water of Coyle, Drongan","The Portnellan","3","https://www.hayhilldevelopments.co.uk/developments/water-of-coyle-drongan/dr-plot-4-portnellan/","images/7dcbda070c7ee9b363fffe4e7ed69c4d0e3a6f25cd531639ded3c6d4ad407331.jpg","https://www.hayhilldevelopments.co.uk/wp-content/uploads/2024/10/DR-Dining-Kitchen-Living-354x238.jpg","The image shows a dining room."
"Water of Coyle, Drongan","The Portnellan","3","https://www.hayhilldevelopments.co.uk/developments/water-of-coyle-drongan/dr-plot-4-portnellan/","images/be96039523d4818fe1af6a629816f5c7bbdb2e7040fed3d55e2523217f371fa5.jpg","https://www.hayhilldevelopments.co.uk/wp-content/uploads/2024/10/DR-Dining-2-354x238.jpg","This is a dining room space within a property."
"Water of Coyle, Drongan","The Portnellan","3","https://www.hayhilldevelopments.co.uk/developments/water-of-coyle-drongan/dr-plot-4-portnellan/","images/2867cdf82bc8455b7a1fecc8a6c3524a128762f7de73466cdfe54d8c3ccf4eec.jpg","https://www.hayhilldevelopments.co.uk/wp-content/uploads/2025/01/DR-Dining-1-354x238.jpg","This is a dining room area."
"Water of Coyle, Drongan","The Portnellan","3","https://www.hayhilldevelopments.co.uk/developments/water-of-coyle-drongan/dr-plot-4-portnellan/","images/a3dfc68701bff9592c525e5dd71e92f6b79ff23dfdf7432ef9a501db86017d5e.jpg","https://www.hayhilldevelopments.co.uk/wp-content/uploads/2024/10/DR-Dining-Closeup-1-354x238.jpg","This is a dining room table setting."
"Water of Coyle, Drongan","The Portnellan","3","https://www.hayhilldevelopments.co.uk/developments/water-of-coyle-drongan/dr-plot-4-portnellan/","images/0caf998785377e286a2286d19b605dc0b4913d553dbdc11c82bbde6b51af93dd.jpg","https://www.hayhilldevelopments.co.uk/wp-content/uploads/2024/10/DR-Dining-Closeup-2-354x238.jpg","This is a dining room table setting."
"Water of Coyle, Drongan","The Portnellan","3","https://www.hayhilldevelopments.co.uk/developments/water-of-coyle-drongan/dr-plot-4-portnellan/","images/831ad877e38c0a136c0192878bebff3770df282e89704289dbc2a2d61df9f13a.jpg","https://www.hayhilldevelopments.co.uk/wp-content/uploads/2025/08/DR-Living-Room-1-354x238.jpg","This is a photograph of a furnished living room area."
"Water of Coyle, Drongan","The Portnellan","3","https://www.hayhilldevelopments.co.uk/developments/water-of-coyle-drongan/dr-plot-4-portnellan/","images/82d6061938940f1adda02085f9bc68046328b4cdd4b44c1208149a568ecfa2f5.jpg","https://www.hayhilldevelopments.co.uk/wp-content/uploads/2024/10/DR-Living-Room-2-354x238.jpg","This is a photograph of a furnished living room area."
"Water of Coyle, Drongan","The Portnellan","3","https://www.hayhilldevelopments.co.uk/developments/water-of-coyle-drongan/dr-plot-4-portnellan/","images/04a775904e4c7cfd74a95789a51863b94fcd4463342e7b198eb77e07e9baf0e0.jpg","https://www.hayhilldevelopments.co.uk/wp-content/uploads/2024/10/DR-Living-Room-4-354x238.jpg","This is a photograph of a furnished living room."
"Water of Coyle, Drongan","The Portnellan","3","https://www.hayhilldevelopments.co.uk/developments/water-of-coyle-drongan/dr-plot-4-portnellan/","images/e4101fecc56671a6b6055e315270e822361b04f9632ae68fc794746845b4727a.jpg","https://www.hayhilldevelopments.co.uk/wp-content/uploads/2024/10/DR-Living-Room-3-354x238.jpg","This is a photograph of a furnished living room."
"Water of Coyle, Drongan","The Portnellan","3","https://www.hayhilldevelopments.co.uk/developments/water-of-coyle-drongan/dr-plot-4-portnellan/","images/560ae2298663028623da23beb039362283b7db60323c959346514638aa586379.jpg","https://www.hayhilldevelopments.co.uk/wp-content/uploads/2024/10/DR-Bedroom-Closeup-4-354x238.jpg","This is a detailed shot of bedroom furniture and decor."
"Water of Coyle, Drongan","The Portnellan","3","https://www.hayhilldevelopments.co.uk/developments/water-of-coyle-drongan/dr-plot-4-portnellan/","images/56e45b2034cdd60c5359cb425b6862b750aff0264791afeacbaf9a8a2925034a.jpg","https://www.hayhilldevelopments.co.uk/wp-content/uploads/2024/10/DR-Bedroom-Closeup-2-354x238.jpg","This is a photograph of a bedroom interior."
"Water of Coyle, Drongan","The Portnellan","3","https://www.hayhilldevelopments.co.uk/developments/water-of-coyle-drongan/dr-plot-4-portnellan/","images/762f740206bc6369277413b1287c81ae7048db5d2564839a3f20ecfde11864df.jpg","https://www.hayhilldevelopments.co.uk/wp-content/uploads/2024/10/DR-Bedroom-2-354x238.jpg","This is a photograph of a bedroom interior."
"Water of Coyle, Drongan","The Portnellan","3","https://www.hayhilldevelopments.co.uk/developments/water-of-coyle-drongan/dr-plot-4-portnellan/","images/4cb9e4afc0626e1079151b597da40c9b619eda2b74fac13a6886bd15072262fb.jpg","https://www.hayhilldevelopments.co.uk/wp-content/uploads/2024/10/DR-Bedroom-Closeup-5-354x238.jpg","This is a photograph of a bedroom interior."
"Water of Coyle, Drongan","The Portnellan","3","https://www.hayhilldevelopments.co.uk/developments/water-of-coyle-drongan/dr-plot-4-portnellan/","images/e224848a75736ee483c96f78a277abaaf7a240bf76884b2a028136b4db61239f.jpg","https://www.hayhilldevelopments.co.uk/wp-content/uploads/2024/10/DR-Bedroom4-354x238.jpg","This is a photograph of a bedroom interior."
"Water of Coyle, Drongan","The Portnellan","3","https://www.hayhilldevelopments.co.uk/developments/water-of-coyle-drongan/dr-plot-4-portnellan/","images/5518879de8e6051b5c5caa5116df56602736bf9656fee20164256d7c5a257486.jpg","https://www.hayhilldevelopments.co.uk/wp-content/uploads/2024/10/DR-Bedroom-Closeup-1-354x238.jpg","This is a photograph of a bedroom interior."
"Water of Coyle, Drongan","The Portnellan","3","https://www.hayhilldevelopments.co.uk/developments/water-of-coyle-drongan/dr-plot-4-portnellan/","images/4efa28038ec44a79c3869bb99b36330804060dcab4ab84ed184604f15324c05c.jpg","https://www.hayhilldevelopments.co.uk/wp-content/uploads/2024/10/DR-Bedroom-Closeup-6-354x238.jpg","This is a photograph of a bedroom interior."
"Water of Coyle, Drongan","The Portnellan","3","https://www.hayhilldevelopments.co.uk/developments/water-of-coyle-drongan/dr-plot-4-portnellan/","images/21eb58f1b60949eded73a9fa10a630dc08ccf2774ca384c7fa65503d649e647d.jpg","https://www.hayhilldevelopments.co.uk/wp-content/uploads/2025/08/DR-Bedroom-3-354x238.jpg","The image shows a furnished bedroom."
"Water of Coyle, Drongan","The Portnellan","3","https://www.hayhilldevelopments.co.uk/developments/water-of-coyle-drongan/dr-plot-4-portnellan/","images/3da68b3833b79bebd04777ab6e1da2a79ecdf32ba7dce6af2ecd440e9c161887.jpg","https://www.hayhilldevelopments.co.uk/wp-content/uploads/2024/10/Dr-Office-Closeup-354x238.jpg","The image shows a desk setup in a room."
"Water of Coyle, Drongan","The Portnellan","3","https://www.hayhilldevelopments.co.uk/developments/water-of-coyle-drongan/dr-plot-4-portnellan/","images/b803bb14b47c0993a6f0e41e0d3b9af5ad9ef722be527183de339f2ea6cdae97.jpg","https://www.hayhilldevelopments.co.uk/wp-content/uploads/2025/08/DR-Office-354x238.jpg","The image shows a home office or study area."
"Water of Coyle, Drongan","The Portnellan","3","https://www.hayhilldevelopments.co.uk/developments/water-of-coyle-drongan/dr-plot-4-portnellan/","images/399bf57de4e9a0467a1444d82fa541822de97080d3432aec870cc668892f5678.jpg","https://www.hayhilldevelopments.co.uk/wp-content/uploads/2024/10/DR-Bathroom-Closeup-2-354x238.jpg","The image shows a section of a bathroom."
"Water of Coyle, Drongan","The Portnellan","3","https://www.hayhilldevelopments.co.uk/developments/water-of-coyle-drongan/dr-plot-4-portnellan/","images/bfeabb552fecbc4fdc2bbc3ce63406f39fae5f876768255ae7c82269069c770e.jpg","https://www.hayhilldevelopments.co.uk/wp-content/uploads/2024/10/DR-Bathroom-Closeup-3-354x238.jpg","The image shows bathroom fixtures."
"Water of Coyle, Drongan","The Portnellan","3","https://www.hayhilldevelopments.co.uk/developments/water-of-coyle-drongan/dr-plot-4-portnellan/","images/97642bd009ab6b81c071904046a7983a434e785ef65aa5409b697bb7915f3a70.jpg","https://www.hayhilldevelopments.co.uk/wp-content/uploads/2024/10/DR-Bathroom-1-354x238.jpg","The image shows a complete bathroom."
"Water of Coyle, Drongan","The Portnellan","3","https://www.hayhilldevelopments.co.uk/developments/water-of-coyle-drongan/dr-plot-4-portnellan/","images/a08960ea5c577353d32f67e6ba2e9d92fc38026375db90f36d427e311ee0247d.jpg","https://www.hayhilldevelopments.co.uk/wp-content/uploads/2024/10/DR-Bathroom-3-354x238.jpg","The image shows a small bathroom or cloakroom."
"Water of Coyle, Drongan","The Portnellan","3","https://www.hayhilldevelopments.co.uk/developments/water-of-coyle-drongan/dr-plot-4-portnellan/","images/49f988e1c2416aa4019d941b0569004534a10ff7650de00b0e7376801a8e7c12.jpg","https://www.hayhilldevelopments.co.uk/wp-content/uploads/2024/10/DR-Bathroom-2-354x238.jpg","The image shows a bathroom."
"Water of Coyle, Drongan","The Portnellan","3","https://www.hayhilldevelopments.co.uk/developments/water-of-coyle-drongan/dr-plot-7-portnellan/","images/24db3871ed57f99c04f0c1e7e50ca0f3e659d29b71fb27d99203d3435a544245.jpg","https://www.hayhilldevelopments.co.uk/wp-content/uploads/2023/07/2741-Type-15-EXT01-1920x770.jpg","This is an exterior view of a residential property."
"Water of Coyle, Drongan","The Portnellan","3","https://www.hayhilldevelopments.co.uk/developments/water-of-coyle-drongan/dr-plot-7-portnellan/","images/b9264b1bbf4adf52ab8ec0705d1176226c0587723440f32d29eab42931ce7e9a.jpg","https://www.hayhilldevelopments.co.uk/wp-content/uploads/2024/10/DR-Bedroom-Closeup-5-1920x770.jpg","This is an interior view of a bedroom."
"Water of Coyle, Drongan","The Portnellan","3","https://www.hayhilldevelopments.co.uk/developments/water-of-coyle-drongan/dr-plot-7-portnellan/","images/f1574b0f8e309b093432193bd4491b7effcdab76a7302d809604216149cb655b.jpg","https://www.hayhilldevelopments.co.uk/wp-content/uploads/2024/10/DR-Bedroom4-1920x770.jpg","This is a photograph of a furnished bedroom."
"Water of Coyle, Drongan","The Portnellan","3","https://www.hayhilldevelopments.co.uk/developments/water-of-coyle-drongan/dr-plot-7-portnellan/","images/1bf25f3bdc11a3ca55691c9ea995e8bef1b7ab9493daeb41404e04cc991e544e.jpg","https://www.hayhilldevelopments.co.uk/wp-content/uploads/2025/08/DR-Office-1920x770.jpg","The image shows a dedicated study or home office space."
"Water of Coyle, Drongan","The Portnellan","3","https://www.hayhilldevelopments.co.uk/developments/water-of-coyle-drongan/dr-plot-7-portnellan/","images/c01ea8bd1b9192a571ac980259f30051d2368b8f73d89585e97d0b3e32f409db.jpg","https://www.hayhilldevelopments.co.uk/wp-content/uploads/2024/10/Dr-Office-Closeup-1920x770.jpg","This is a photograph of a home office or study area."
"Water of Coyle, Drongan","The Portnellan","3","https://www.hayhilldevelopments.co.uk/developments/water-of-coyle-drongan/dr-plot-7-portnellan/","images/31766061ae7d086d47a866bd4bab6cfb52f66cabf7967dc34032fbd5e93f1bf0.jpg","https://www.hayhilldevelopments.co.uk/wp-content/uploads/2024/10/DR-Kitchen-Closeup-Sink-1920x770.jpg","This is a photograph of a kitchen fixture."
"Water of Coyle, Drongan","The Portnellan","3","https://www.hayhilldevelopments.co.uk/developments/water-of-coyle-drongan/dr-plot-7-portnellan/","images/0d6f63673cd2d71144c05243443fbc0502b4d160df97ee463a6d460d1e67c616.jpg","https://www.hayhilldevelopments.co.uk/wp-content/uploads/2021/11/HAYHILL-HEIGHTS-DINING-BIFOLDS-1-RT-1920x770.jpg","This is an interior photograph of a kitchen and dining space."
"Water of Coyle, Drongan","The Portnellan","3","https://www.hayhilldevelopments.co.uk/developments/water-of-coyle-drongan/dr-plot-7-portnellan/","images/7e7897fc618364f70d00a9f2b923252c0f9bf26cac08b9e5bae6d0043369a122.jpg","https://www.hayhilldevelopments.co.uk/wp-content/uploads/2021/11/HAYHILL-HEIGHTS-DETAILS-10-1920x770.jpg","This is a photograph of a furnished living room."
"Water of Coyle, Drongan","The Portnellan","3","https://www.hayhilldevelopments.co.uk/developments/water-of-coyle-drongan/dr-plot-7-portnellan/","images/09f52a4580aa60423d327b9f5bb3bf8a2c3c88b512d1ea4c45715f911daca6b7.jpg","https://www.hayhilldevelopments.co.uk/wp-content/uploads/2021/11/HAYHILL-HEIGHTS-MASTER-BEDROOM-2-1920x770.jpg","The image shows a furnished bedroom with a bed and bedside furniture."
"Water of Coyle, Drongan","The Portnellan","3","https://www.hayhilldevelopments.co.uk/developments/water-of-coyle-drongan/dr-plot-7-portnellan/","images/2a108c50ded6648df6c33aba997dd8e0fe9f1514c767cfe86b2370c32ff390f6.jpg","https://www.hayhilldevelopments.co.uk/wp-content/uploads/2021/11/HAYHILL-HEIGHTS-DETAILS-28-1920x770.jpg","The image shows a kitchen and dining area."
"Water of Coyle, Drongan","The Portnellan","3","https://www.hayhilldevelopments.co.uk/developments/water-of-coyle-drongan/dr-plot-7-portnellan/","images/2a6b6e30b4f1223f05026b08c15f39ef7201c5f2e06207fd33c56aec21ef81ab.jpg","https://www.hayhilldevelopments.co.uk/wp-content/uploads/2021/11/HAYHILL-HEIGHTS-DETAILS-73-1-1920x770.jpg","This is a photograph of a residential hallway."
"Water of Coyle, Drongan","The Portnellan","3","https://www.hayhilldevelopments.co.uk/developments/water-of-coyle-drongan/dr-plot-7-portnellan/","images/eb6a5bda432fbd5dde4d949a607087d15556acc0078a7ea4a830517a938d527c.jpg","https://www.hayhilldevelopments.co.uk/wp-content/uploads/2021/11/HAYHILL-HEIGHTS-DETAILS-64-1920x770.jpg","The furniture arrangement and fireplace are typical of a living room."
"Water of Coyle, Drongan","The Portnellan","3","https://www.hayhilldevelopments.co.uk/developments/water-of-coyle-drongan/dr-plot-7-portnellan/","images/c4a4dd7e1af8e853c5a75ffe3eb91fc55bb0287894e61961d1a911625c563ffe.jpg","https://www.hayhilldevelopments.co.uk/wp-content/uploads/2021/11/HAYHILL-HEIGHTS-DETAILS-69-1920x770.jpg","This is a photograph of a study or workspace area."
"Water of Coyle, Drongan","The Portnellan","3","https://www.hayhilldevelopments.co.uk/developments/water-of-coyle-drongan/dr-plot-7-portnellan/","images/67094cfb23c35ffa237614815ad0b7673769f3043f7f902c31420bcde257031f.jpg","https://www.hayhilldevelopments.co.uk/wp-content/uploads/2022/01/HAYHILL-HEIGHTS-DETAILS-49-1920x770.jpg","The image shows a detail of a staircase in a hallway."
"Water of Coyle, Drongan","The Portnellan","3","https://www.hayhilldevelopments.co.uk/developments/water-of-coyle-drongan/dr-plot-7-portnellan/","images/d2906dc6557432cb1ec2f10a0d1cffa6884670d873b96ecdc1979e3067ecef76.jpg","https://www.hayhilldevelopments.co.uk/wp-content/uploads/2021/11/HAYHILL-HEIGHTS-3RD-BEDROOM-1-1920x770.jpg","The image shows a furnished bedroom with a desk."
"Water of Coyle, Drongan","The Portnellan","3","https://www.hayhilldevelopments.co.uk/developments/water-of-coyle-drongan/dr-plot-7-portnellan/","images/c8c08aa002e8e5a2ac63b394e815b292a236344ce7f7a99aa43a0705b0161aa8.jpg","https://www.hayhilldevelopments.co.uk/wp-content/uploads/2021/11/HAYHILL-HEIGHTS-4TH-BEDROOM-1-1920x770.jpg","The image shows a furnished bedroom with a desk."
"Water of Coyle, Drongan","The Portnellan","3","https://www.hayhilldevelopments.co.uk/developments/water-of-coyle-drongan/dr-plot-7-portnellan/","images/9f1e8bbc0c8b73aff1b76639221616df5d1b24993f593634b2aabcd77ce144b0.jpg","https://www.hayhilldevelopments.co.uk/wp-content/uploads/2021/11/HAYHILL-HEIGHTS-MASTER-BEDROOM-1-RT-1920x770.jpg","This is a photograph of a furnished bedroom."
"Water of Coyle, Drongan","The Portnellan","3","https://www.hayhilldevelopments.co.uk/developments/water-of-coyle-drongan/dr-plot-7-portnellan/","images/167202a878374f05429810e8e78ba8a1a7d255bb37e0dc4ae97b44727b4fe6b0.jpg","https://www.hayhilldevelopments.co.uk/wp-content/uploads/2024/10/DR-Kitchen-Closeup-Oven-1920x770.jpg","The image shows a kitchen appliance."
"Water of Coyle, Drongan","The Portnellan","3","https://www.hayhilldevelopments.co.uk/developments/water-of-coyle-drongan/dr-plot-7-portnellan/","images/7ec4fec4f639533fce38009351f291d1ae42c65a04465f7b30b38e7389bd4206.jpg","https://www.hayhilldevelopments.co.uk/wp-content/uploads/2024/10/DR-Bathroom-Closeup-1-1920x770.jpg","This is a photograph of a bathroom sink and fixtures."
"Water of Coyle, Drongan","The Portnellan","3","https://www.hayhilldevelopments.co.uk/developments/water-of-coyle-drongan/dr-plot-7-portnellan/","images/ed6fb1b93a8378c8e0cedb1e551df8483e17a8d76efb0dc378ac57f29377bdbe.jpg","https://www.hayhilldevelopments.co.uk/wp-content/uploads/2024/10/DR-Bathroom-3-1920x770.jpg","This is a photograph of a bathroom interior."
"Water of Coyle, Drongan","The Portnellan","3","https://www.hayhilldevelopments.co.uk/developments/water-of-coyle-drongan/dr-plot-7-portnellan/","images/bdc7cdf7a6645429a2d100c32d8c15225ad3a234f685d760f791c1ffad4c88e3.jpg","https://www.hayhilldevelopments.co.uk/wp-content/uploads/2024/10/DR-Highfield-354x238.jpg","This is an exterior photograph of a residential property."
"Water of Coyle, Drongan","The Portnellan","3","https://www.hayhilldevelopments.co.uk/developments/water-of-coyle-drongan/dr-plot-7-portnellan/","images/d2f449534cb298c63149a15c573e0adcab2488f417693b5cb69bf4f6458a2953.jpg","https://www.hayhilldevelopments.co.uk/wp-content/uploads/2024/10/DR-Kitchen-2-354x238.jpg","This is a photograph of a kitchen interior."
"Water of Coyle, Drongan","The Portnellan","3","https://www.hayhilldevelopments.co.uk/developments/water-of-coyle-drongan/dr-plot-7-portnellan/","images/1ce147b8805931cc627c71201d44a3ce2eb78e8243e261778af074ab5e62ae16.jpg","https://www.hayhilldevelopments.co.uk/wp-content/uploads/2024/10/DR-Kitchen-1-354x238.jpg","This is a photograph of a kitchen interior."
"Water of Coyle, Drongan","The Portnellan","3","https://www.hayhilldevelopments.co.uk/developments/water-of-coyle-drongan/dr-plot-7-portnellan/","images/480680ba6cd444ca1099a3957d024ad0a5d880e5dca66633e97c2ddf3f008970.jpg","https://www.hayhilldevelopments.co.uk/wp-content/uploads/2024/10/DR-Kitchen-Closeup-Oven-354x238.jpg","This is a detail shot of a kitchen appliance."
"Water of Coyle, Drongan","The Portnellan","3","https://www.hayhilldevelopments.co.uk/developments/water-of-coyle-drongan/dr-plot-7-portnellan/","images/154e802e5b18aea9bc153aa237bc790b26273cd975ce122cda3844fab301bf3c.jpg","https://www.hayhilldevelopments.co.uk/wp-content/uploads/2024/10/DR-Kitchen-Closeup-Sink-354x238.jpg","The image shows a kitchen sink area."
"Water of Coyle, Drongan","The Portnellan","3","https://www.hayhilldevelopments.co.uk/developments/water-of-coyle-drongan/dr-plot-7-portnellan/","images/dbf13702e9888787e9ab56c79faa89e73e45714a9666d5277c1e4553eeff6394.jpg","https://www.hayhilldevelopments.co.uk/wp-content/uploads/2024/10/DR-Dining-Kitchen-354x238.jpg","The image shows a dining area."
"Water of Coyle, Drongan","The Portnellan","3","https://www.hayhilldevelopments.co.uk/developments/water-of-coyle-drongan/dr-plot-7-portnellan/","images/ba66af899f43e38007b743e6f85b27478a5760965aea22079b3cc4ff5ed4336e.jpg","https://www.hayhilldevelopments.co.uk/wp-content/uploads/2025/01/DR-Kitchen-3-354x238.jpg","The image shows a kitchen."
"Water of Coyle, Drongan","The Portnellan","3","https://www.hayhilldevelopments.co.uk/developments/water-of-coyle-drongan/dr-plot-7-portnellan/","images/7dcbda070c7ee9b363fffe4e7ed69c4d0e3a6f25cd531639ded3c6d4ad407331.jpg","https://www.hayhilldevelopments.co.uk/wp-content/uploads/2024/10/DR-Dining-Kitchen-Living-354x238.jpg","The image shows a dining room."
"Water of Coyle, Drongan","The Portnellan","3","https://www.hayhilldevelopments.co.uk/developments/water-of-coyle-drongan/dr-plot-7-portnellan/","images/be96039523d4818fe1af6a629816f5c7bbdb2e7040fed3d55e2523217f371fa5.jpg","https://www.hayhilldevelopments.co.uk/wp-content/uploads/2024/10/DR-Dining-2-354x238.jpg","This is a dining room space within a property."
"Water of Coyle, Drongan","The Portnellan","3","https://www.hayhilldevelopments.co.uk/developments/water-of-coyle-drongan/dr-plot-7-portnellan/","images/2867cdf82bc8455b7a1fecc8a6c3524a128762f7de73466cdfe54d8c3ccf4eec.jpg","https://www.hayhilldevelopments.co.uk/wp-content/uploads/2025/01/DR-Dining-1-354x238.jpg","This is a dining room area."
"Water of Coyle, Drongan","The Portnellan","3","https://www.hayhilldevelopments.co.uk/developments/water-of-coyle-drongan/dr-plot-7-portnellan/","images/a3dfc68701bff9592c525e5dd71e92f6b79ff23dfdf7432ef9a501db86017d5e.jpg","https://www.hayhilldevelopments.co.uk/wp-content/uploads/2024/10/DR-Dining-Closeup-1-354x238.jpg","This is a dining room table setting."
"Water of Coyle, Drongan","The Portnellan","3","https://www.hayhilldevelopments.co.uk/developments/water-of-coyle-drongan/dr-plot-7-portnellan/","images/0caf998785377e286a2286d19b605dc0b4913d553dbdc11c82bbde6b51af93dd.jpg","https://www.hayhilldevelopments.co.uk/wp-content/uploads/2024/10/DR-Dining-Closeup-2-354x238.jpg","This is a dining room table setting."
"Water of Coyle, Drongan","The Portnellan","3","https://www.hayhilldevelopments.co.uk/developments/water-of-coyle-drongan/dr-plot-7-portnellan/","images/831ad877e38c0a136c0192878bebff3770df282e89704289dbc2a2d61df9f13a.jpg","https://www.hayhilldevelopments.co.uk/wp-content/uploads/2025/08/DR-Living-Room-1-354x238.jpg","This is a photograph of a furnished living room area."
"Water of Coyle, Drongan","The Portnellan","3","https://www.hayhilldevelopments.co.uk/developments/water-of-coyle-drongan/dr-plot-7-portnellan/","images/82d6061938940f1adda02085f9bc68046328b4cdd4b44c1208149a568ecfa2f5.jpg","https://www.hayhilldevelopments.co.uk/wp-content/uploads/2024/10/DR-Living-Room-2-354x238.jpg","This is a photograph of a furnished living room area."
"Water of Coyle, Drongan","The Portnellan","3","https://www.hayhilldevelopments.co.uk/developments/water-of-coyle-drongan/dr-plot-7-portnellan/","images/04a775904e4c7cfd74a95789a51863b94fcd4463342e7b198eb77e07e9baf0e0.jpg","https://www.hayhilldevelopments.co.uk/wp-content/uploads/2024/10/DR-Living-Room-4-354x238.jpg","This is a photograph of a furnished living room."
"Water of Coyle, Drongan","The Portnellan","3","https://www.hayhilldevelopments.co.uk/developments/water-of-coyle-drongan/dr-plot-7-portnellan/","images/e4101fecc56671a6b6055e315270e822361b04f9632ae68fc794746845b4727a.jpg","https://www.hayhilldevelopments.co.uk/wp-content/uploads/2024/10/DR-Living-Room-3-354x238.jpg","This is a photograph of a furnished living room."
"Water of Coyle, Drongan","The Portnellan","3","https://www.hayhilldevelopments.co.uk/developments/water-of-coyle-drongan/dr-plot-7-portnellan/","images/560ae2298663028623da23beb039362283b7db60323c959346514638aa586379.jpg","https://www.hayhilldevelopments.co.uk/wp-content/uploads/2024/10/DR-Bedroom-Closeup-4-354x238.jpg","This is a detailed shot of bedroom furniture and decor."
"Water of Coyle, Drongan","The Portnellan","3","https://www.hayhilldevelopments.co.uk/developments/water-of-coyle-drongan/dr-plot-7-portnellan/","images/56e45b2034cdd60c5359cb425b6862b750aff0264791afeacbaf9a8a2925034a.jpg","https://www.hayhilldevelopments.co.uk/wp-content/uploads/2024/10/DR-Bedroom-Closeup-2-354x238.jpg","This is a photograph of a bedroom interior."
"Water of Coyle, Drongan","The Portnellan","3","https://www.hayhilldevelopments.co.uk/developments/water-of-coyle-drongan/dr-plot-7-portnellan/","images/762f740206bc6369277413b1287c81ae7048db5d2564839a3f20ecfde11864df.jpg","https://www.hayhilldevelopments.co.uk/wp-content/uploads/2024/10/DR-Bedroom-2-354x238.jpg","This is a photograph of a bedroom interior."
"Water of Coyle, Drongan","The Portnellan","3","https://www.hayhilldevelopments.co.uk/developments/water-of-coyle-drongan/dr-plot-7-portnellan/","images/4cb9e4afc0626e1079151b597da40c9b619eda2b74fac13a6886bd15072262fb.jpg","https://www.hayhilldevelopments.co.uk/wp-content/uploads/2024/10/DR-Bedroom-Closeup-5-354x238.jpg","This is a photograph of a bedroom interior."
"Water of Coyle, Drongan","The Portnellan","3","https://www.hayhilldevelopments.co.uk/developments/water-of-coyle-drongan/dr-plot-7-portnellan/","images/e224848a75736ee483c96f78a277abaaf7a240bf76884b2a028136b4db61239f.jpg","https://www.hayhilldevelopments.co.uk/wp-content/uploads/2024/10/DR-Bedroom4-354x238.jpg","This is a photograph of a bedroom interior."
"Water of Coyle, Drongan","The Portnellan","3","https://www.hayhilldevelopments.co.uk/developments/water-of-coyle-drongan/dr-plot-7-portnellan/","images/5518879de8e6051b5c5caa5116df56602736bf9656fee20164256d7c5a257486.jpg","https://www.hayhilldevelopments.co.uk/wp-content/uploads/2024/10/DR-Bedroom-Closeup-1-354x238.jpg","This is a photograph of a bedroom interior."
"Water of Coyle, Drongan","The Portnellan","3","https://www.hayhilldevelopments.co.uk/developments/water-of-coyle-drongan/dr-plot-7-portnellan/","images/4efa28038ec44a79c3869bb99b36330804060dcab4ab84ed184604f15324c05c.jpg","https://www.hayhilldevelopments.co.uk/wp-content/uploads/2024/10/DR-Bedroom-Closeup-6-354x238.jpg","This is a photograph of a bedroom interior."
"Water of Coyle, Drongan","The Portnellan","3","https://www.hayhilldevelopments.co.uk/developments/water-of-coyle-drongan/dr-plot-7-portnellan/","images/21eb58f1b60949eded73a9fa10a630dc08ccf2774ca384c7fa65503d649e647d.jpg","https://www.hayhilldevelopments.co.uk/wp-content/uploads/2025/08/DR-Bedroom-3-354x238.jpg","The image shows a furnished bedroom."
"Water of Coyle, Drongan","The Portnellan","3","https://www.hayhilldevelopments.co.uk/developments/water-of-coyle-drongan/dr-plot-7-portnellan/","images/3da68b3833b79bebd04777ab6e1da2a79ecdf32ba7dce6af2ecd440e9c161887.jpg","https://www.hayhilldevelopments.co.uk/wp-content/uploads/2024/10/Dr-Office-Closeup-354x238.jpg","The image shows a desk setup in a room."
"Water of Coyle, Drongan","The Portnellan","3","https://www.hayhilldevelopments.co.uk/developments/water-of-coyle-drongan/dr-plot-7-portnellan/","images/b803bb14b47c0993a6f0e41e0d3b9af5ad9ef722be527183de339f2ea6cdae97.jpg","https://www.hayhilldevelopments.co.uk/wp-content/uploads/2025/08/DR-Office-354x238.jpg","The image shows a home office or study area."
"Water of Coyle, Drongan","The Portnellan","3","https://www.hayhilldevelopments.co.uk/developments/water-of-coyle-drongan/dr-plot-7-portnellan/","images/399bf57de4e9a0467a1444d82fa541822de97080d3432aec870cc668892f5678.jpg","https://www.hayhilldevelopments.co.uk/wp-content/uploads/2024/10/DR-Bathroom-Closeup-2-354x238.jpg","The image shows a section of a bathroom."
"Water of Coyle, Drongan","The Portnellan","3","https://www.hayhilldevelopments.co.uk/developments/water-of-coyle-drongan/dr-plot-7-portnellan/","images/bfeabb552fecbc4fdc2bbc3ce63406f39fae5f876768255ae7c82269069c770e.jpg","https://www.hayhilldevelopments.co.uk/wp-content/uploads/2024/10/DR-Bathroom-Closeup-3-354x238.jpg","The image shows bathroom fixtures."
"Water of Coyle, Drongan","The Portnellan","3","https://www.hayhilldevelopments.co.uk/developments/water-of-coyle-drongan/dr-plot-7-portnellan/","images/97642bd009ab6b81c071904046a7983a434e785ef65aa5409b697bb7915f3a70.jpg","https://www.hayhilldevelopments.co.uk/wp-content/uploads/2024/10/DR-Bathroom-1-354x238.jpg","The image shows a complete bathroom."
"Water of Coyle, Drongan","The Portnellan","3","https://www.hayhilldevelopments.co.uk/developments/water-of-coyle-drongan/dr-plot-7-portnellan/","images/a08960ea5c577353d32f67e6ba2e9d92fc38026375db90f36d427e311ee0247d.jpg","https://www.hayhilldevelopments.co.uk/wp-content/uploads/2024/10/DR-Bathroom-3-354x238.jpg","The image shows a small bathroom or cloakroom."
"Water of Coyle, Drongan","The Portnellan","3","https://www.hayhilldevelopments.co.uk/developments/water-of-coyle-drongan/dr-plot-7-portnellan/","images/49f988e1c2416aa4019d941b0569004534a10ff7650de00b0e7376801a8e7c12.jpg","https://www.hayhilldevelopments.co.uk/wp-content/uploads/2024/10/DR-Bathroom-2-354x238.jpg","The image shows a bathroom."
"Water of Coyle, Drongan","The Hayside","4","https://www.hayhilldevelopments.co.uk/developments/water-of-coyle-drongan/dr-plot-3-hayside/","images/0d6f63673cd2d71144c05243443fbc0502b4d160df97ee463a6d460d1e67c616.jpg","https://www.hayhilldevelopments.co.uk/wp-content/uploads/2021/11/HAYHILL-HEIGHTS-DINING-BIFOLDS-1-RT-1920x770.jpg","This is an interior photograph of a kitchen and dining space."
"Water of Coyle, Drongan","The Hayside","4","https://www.hayhilldevelopments.co.uk/developments/water-of-coyle-drongan/dr-plot-3-hayside/","images/92bd41cfc56334530f53211cb5937c1775ce43eea29ce7034656479819a6c4d1.jpg","https://www.hayhilldevelopments.co.uk/wp-content/uploads/2021/11/HAYHILL-HEIGHTS-DETAILS-35-1920x770.jpg","The image shows a functional kitchen area with appliances and countertop accessories."
"Water of Coyle, Drongan","The Hayside","4","https://www.hayhilldevelopments.co.uk/developments/water-of-coyle-drongan/dr-plot-3-hayside/","images/32e47bddb60fb6c424a4808e1bd5421a81bb18130d76f0bedbf18b59f139134e.jpg","https://www.hayhilldevelopments.co.uk/wp-content/uploads/2021/11/HAYHILL-HEIGHTS-DINING-1-1920x770.jpg","The dining table and chairs indicate a dining room space."
"Water of Coyle, Drongan","The Hayside","4","https://www.hayhilldevelopments.co.uk/developments/water-of-coyle-drongan/dr-plot-3-hayside/","images/eb6a5bda432fbd5dde4d949a607087d15556acc0078a7ea4a830517a938d527c.jpg","https://www.hayhilldevelopments.co.uk/wp-content/uploads/2021/11/HAYHILL-HEIGHTS-DETAILS-64-1920x770.jpg","The furniture arrangement and fireplace are typical of a living room."
"Water of Coyle, Drongan","The Hayside","4","https://www.hayhilldevelopments.co.uk/developments/water-of-coyle-drongan/dr-plot-3-hayside/","images/66a975edf6ab1509799b47bea9be2a3d34347d0576516a157c4c2bb696c02faf.jpg","https://www.hayhilldevelopments.co.uk/wp-content/uploads/1970/01/HAYHILL-HEIGHTS-LOUNGE-1-1920x770.jpg","This is a photograph of a furnished living room."
"Water of Coyle, Drongan","The Hayside","4","https://www.hayhilldevelopments.co.uk/developments/water-of-coyle-drongan/dr-plot-3-hayside/","images/9f1e8bbc0c8b73aff1b76639221616df5d1b24993f593634b2aabcd77ce144b0.jpg","https://www.hayhilldevelopments.co.uk/wp-content/uploads/2021/11/HAYHILL-HEIGHTS-MASTER-BEDROOM-1-RT-1920x770.jpg","This is a photograph of a furnished bedroom."
"Water of Coyle, Drongan","The Hayside","4","https://www.hayhilldevelopments.co.uk/developments/water-of-coyle-drongan/dr-plot-3-hayside/","images/efea3c8536b291798fe6beebd5d3781fc1e614e79e95ad368815ead10a00a5a1.jpg","https://www.hayhilldevelopments.co.uk/wp-content/uploads/2021/11/HAYHILL-HEIGHTS-DETAILS-5-1920x770.jpg","This is a photograph of a furnished bedroom."
"Water of Coyle, Drongan","The Hayside","4","https://www.hayhilldevelopments.co.uk/developments/water-of-coyle-drongan/dr-plot-3-hayside/","images/b4a06849e03ddf835f625dcd407b339f24a7b6e8f8c833764536bc5b1174ad6b.jpg","https://www.hayhilldevelopments.co.uk/wp-content/uploads/2021/11/HAYHILL-HEIGHTS-2ND-BEDROOM-1-RT-1920x770.jpg","The image shows a furnished bedroom."
"Water of Coyle, Drongan","The Hayside","4","https://www.hayhilldevelopments.co.uk/developments/water-of-coyle-drongan/dr-plot-3-hayside/","images/d2906dc6557432cb1ec2f10a0d1cffa6884670d873b96ecdc1979e3067ecef76.jpg","https://www.hayhilldevelopments.co.uk/wp-content/uploads/2021/11/HAYHILL-HEIGHTS-3RD-BEDROOM-1-1920x770.jpg","The image shows a furnished bedroom with a desk."
"Water of Coyle, Drongan","The Hayside","4","https://www.hayhilldevelopments.co.uk/developments/water-of-coyle-drongan/dr-plot-3-hayside/","images/c8c08aa002e8e5a2ac63b394e815b292a236344ce7f7a99aa43a0705b0161aa8.jpg","https://www.hayhilldevelopments.co.uk/wp-content/uploads/2021/11/HAYHILL-HEIGHTS-4TH-BEDROOM-1-1920x770.jpg","The image shows a furnished bedroom with a desk."
"Water of Coyle, Drongan","The Hayside","4","https://www.hayhilldevelopments.co.uk/developments/water-of-coyle-drongan/dr-plot-3-hayside/","images/ea9d555b38a012a02a23436e118f8dec9c6862b66d07db005b59211981f2ad3a.jpg","https://www.hayhilldevelopments.co.uk/wp-content/uploads/2021/11/HAYHILL-HEIGHTS-BATHROOM-1-1920x770.jpg","This is a photograph of a functional bathroom in a property."
"Water of Coyle, Drongan","The Hayside","4","https://www.hayhilldevelopments.co.uk/developments/water-of-coyle-drongan/dr-plot-3-hayside/","images/a0247df0a202a3f54da55730669edf1448904feba25a3b03e06b1e082b0eab9e.jpg","https://www.hayhilldevelopments.co.uk/wp-content/uploads/2021/11/HAYHILL-HEIGHTS-ENSUITE-1-1920x770.jpg","This is a photograph of a functional bathroom in a property."
"Water of Coyle, Drongan","The Hayside","4","https://www.hayhilldevelopments.co.uk/developments/water-of-coyle-drongan/dr-plot-3-hayside/","images/2a6b6e30b4f1223f05026b08c15f39ef7201c5f2e06207fd33c56aec21ef81ab.jpg","https://www.hayhilldevelopments.co.uk/wp-content/uploads/2021/11/HAYHILL-HEIGHTS-DETAILS-73-1-1920x770.jpg","This is a photograph of a residential hallway."
"Water of Coyle, Drongan","The Hayside","4","https://www.hayhilldevelopments.co.uk/developments/water-of-coyle-drongan/dr-plot-3-hayside/","images/c4a4dd7e1af8e853c5a75ffe3eb91fc55bb0287894e61961d1a911625c563ffe.jpg","https://www.hayhilldevelopments.co.uk/wp-content/uploads/2021/11/HAYHILL-HEIGHTS-DETAILS-69-1920x770.jpg","This is a photograph of a study or workspace area."
"Water of Coyle, Drongan","The Hayside","4","https://www.hayhilldevelopments.co.uk/developments/water-of-coyle-drongan/dr-plot-3-hayside/","images/486887765fe5e168e86e610ca07b720bf7109990e9ce15568ac79358b3d5959e.jpg","https://www.hayhilldevelopments.co.uk/wp-content/uploads/2021/11/HAYHILL-HEIGHTS-DETAILS-71-1920x770.jpg","This is a photograph of a bedroom interior."
"Water of Coyle, Drongan","The Hayside","4","https://www.hayhilldevelopments.co.uk/developments/water-of-coyle-drongan/dr-plot-3-hayside/","images/2d73553980b192ac8c7d879b00493a80c179f4673411d96a418a9046dc04bc91.jpg","https://www.hayhilldevelopments.co.uk/wp-content/uploads/2021/11/HAYHILL-HEIGHTS-DETAILS-47-1920x770.jpg","This is a photograph of a bedroom interior."
"Water of Coyle, Drongan","The Hayside","4","https://www.hayhilldevelopments.co.uk/developments/water-of-coyle-drongan/dr-plot-3-hayside/","images/bdc7cdf7a6645429a2d100c32d8c15225ad3a234f685d760f791c1ffad4c88e3.jpg","https://www.hayhilldevelopments.co.uk/wp-content/uploads/2024/10/DR-Highfield-354x238.jpg","This is an exterior photograph of a residential property."
"Water of Coyle, Drongan","The Hayside","4","https://www.hayhilldevelopments.co.uk/developments/water-of-coyle-drongan/dr-plot-3-hayside/","images/d2f449534cb298c63149a15c573e0adcab2488f417693b5cb69bf4f6458a2953.jpg","https://www.hayhilldevelopments.co.uk/wp-content/uploads/2024/10/DR-Kitchen-2-354x238.jpg","This is a photograph of a kitchen interior."
"Water of Coyle, Drongan","The Hayside","4","https://www.hayhilldevelopments.co.uk/developments/water-of-coyle-drongan/dr-plot-3-hayside/","images/1ce147b8805931cc627c71201d44a3ce2eb78e8243e261778af074ab5e62ae16.jpg","https://www.hayhilldevelopments.co.uk/wp-content/uploads/2024/10/DR-Kitchen-1-354x238.jpg","This is a photograph of a kitchen interior."
"Water of Coyle, Drongan","The Hayside","4","https://www.hayhilldevelopments.co.uk/developments/water-of-coyle-drongan/dr-plot-3-hayside/","images/480680ba6cd444ca1099a3957d024ad0a5d880e5dca66633e97c2ddf3f008970.jpg","https://www.hayhilldevelopments.co.uk/wp-content/uploads/2024/10/DR-Kitchen-Closeup-Oven-354x238.jpg","This is a detail shot of a kitchen appliance."
"Water of Coyle, Drongan","The Hayside","4","https://www.hayhilldevelopments.co.uk/developments/water-of-coyle-drongan/dr-plot-3-hayside/","images/154e802e5b18aea9bc153aa237bc790b26273cd975ce122cda3844fab301bf3c.jpg","https://www.hayhilldevelopments.co.uk/wp-content/uploads/2024/10/DR-Kitchen-Closeup-Sink-354x238.jpg","The image shows a kitchen sink area."
"Water of Coyle, Drongan","The Hayside","4","https://www.hayhilldevelopments.co.uk/developments/water-of-coyle-drongan/dr-plot-3-hayside/","images/dbf13702e9888787e9ab56c79faa89e73e45714a9666d5277c1e4553eeff6394.jpg","https://www.hayhilldevelopments.co.uk/wp-content/uploads/2024/10/DR-Dining-Kitchen-354x238.jpg","The image shows a dining area."
"Water of Coyle, Drongan","The Hayside","4","https://www.hayhilldevelopments.co.uk/developments/water-of-coyle-drongan/dr-plot-3-hayside/","images/ba66af899f43e38007b743e6f85b27478a5760965aea22079b3cc4ff5ed4336e.jpg","https://www.hayhilldevelopments.co.uk/wp-content/uploads/2025/01/DR-Kitchen-3-354x238.jpg","The image shows a kitchen."
"Water of Coyle, Drongan","The Hayside","4","https://www.hayhilldevelopments.co.uk/developments/water-of-coyle-drongan/dr-plot-3-hayside/","images/7dcbda070c7ee9b363fffe4e7ed69c4d0e3a6f25cd531639ded3c6d4ad407331.jpg","https://www.hayhilldevelopments.co.uk/wp-content/uploads/2024/10/DR-Dining-Kitchen-Living-354x238.jpg","The image shows a dining room."
"Water of Coyle, Drongan","The Hayside","4","https://www.hayhilldevelopments.co.uk/developments/water-of-coyle-drongan/dr-plot-3-hayside/","images/be96039523d4818fe1af6a629816f5c7bbdb2e7040fed3d55e2523217f371fa5.jpg","https://www.hayhilldevelopments.co.uk/wp-content/uploads/2024/10/DR-Dining-2-354x238.jpg","This is a dining room space within a property."
"Water of Coyle, Drongan","The Hayside","4","https://www.hayhilldevelopments.co.uk/developments/water-of-coyle-drongan/dr-plot-3-hayside/","images/2867cdf82bc8455b7a1fecc8a6c3524a128762f7de73466cdfe54d8c3ccf4eec.jpg","https://www.hayhilldevelopments.co.uk/wp-content/uploads/2025/01/DR-Dining-1-354x238.jpg","This is a dining room area."
"Water of Coyle, Drongan","The Hayside","4","https://www.hayhilldevelopments.co.uk/developments/water-of-coyle-drongan/dr-plot-3-hayside/","images/a3dfc68701bff9592c525e5dd71e92f6b79ff23dfdf7432ef9a501db86017d5e.jpg","https://www.hayhilldevelopments.co.uk/wp-content/uploads/2024/10/DR-Dining-Closeup-1-354x238.jpg","This is a dining room table setting."
"Water of Coyle, Drongan","The Hayside","4","https://www.hayhilldevelopments.co.uk/developments/water-of-coyle-drongan/dr-plot-3-hayside/","images/0caf998785377e286a2286d19b605dc0b4913d553dbdc11c82bbde6b51af93dd.jpg","https://www.hayhilldevelopments.co.uk/wp-content/uploads/2024/10/DR-Dining-Closeup-2-354x238.jpg","This is a dining room table setting."
"Water of Coyle, Drongan","The Hayside","4","https://www.hayhilldevelopments.co.uk/developments/water-of-coyle-drongan/dr-plot-3-hayside/","images/831ad877e38c0a136c0192878bebff3770df282e89704289dbc2a2d61df9f13a.jpg","https://www.hayhilldevelopments.co.uk/wp-content/uploads/2025/08/DR-Living-Room-1-354x238.jpg","This is a photograph of a furnished living room area."
"Water of Coyle, Drongan","The Hayside","4","https://www.hayhilldevelopments.co.uk/developments/water-of-coyle-drongan/dr-plot-3-hayside/","images/82d6061938940f1adda02085f9bc68046328b4cdd4b44c1208149a568ecfa2f5.jpg","https://www.hayhilldevelopments.co.uk/wp-content/uploads/2024/10/DR-Living-Room-2-354x238.jpg","This is a photograph of a furnished living room area."
"Water of Coyle, Drongan","The Hayside","4","https://www.hayhilldevelopments.co.uk/developments/water-of-coyle-drongan/dr-plot-3-hayside/","images/04a775904e4c7cfd74a95789a51863b94fcd4463342e7b198eb77e07e9baf0e0.jpg","https://www.hayhilldevelopments.co.uk/wp-content/uploads/2024/10/DR-Living-Room-4-354x238.jpg","This is a photograph of a furnished living room."
"Water of Coyle, Drongan","The Hayside","4","https://www.hayhilldevelopments.co.uk/developments/water-of-coyle-drongan/dr-plot-3-hayside/","images/e4101fecc56671a6b6055e315270e822361b04f9632ae68fc794746845b4727a.jpg","https://www.hayhilldevelopments.co.uk/wp-content/uploads/2024/10/DR-Living-Room-3-354x238.jpg","This is a photograph of a furnished living room."
"Water of Coyle, Drongan","The Hayside","4","https://www.hayhilldevelopments.co.uk/developments/water-of-coyle-drongan/dr-plot-3-hayside/","images/560ae2298663028623da23beb039362283b7db60323c959346514638aa586379.jpg","https://www.hayhilldevelopments.co.uk/wp-content/uploads/2024/10/DR-Bedroom-Closeup-4-354x238.jpg","This is a detailed shot of bedroom furniture and decor."
"Water of Coyle, Drongan","The Hayside","4","https://www.hayhilldevelopments.co.uk/developments/water-of-coyle-drongan/dr-plot-3-hayside/","images/56e45b2034cdd60c5359cb425b6862b750aff0264791afeacbaf9a8a2925034a.jpg","https://www.hayhilldevelopments.co.uk/wp-content/uploads/2024/10/DR-Bedroom-Closeup-2-354x238.jpg","This is a photograph of a bedroom interior."
"Water of Coyle, Drongan","The Hayside","4","https://www.hayhilldevelopments.co.uk/developments/water-of-coyle-drongan/dr-plot-3-hayside/","images/762f740206bc6369277413b1287c81ae7048db5d2564839a3f20ecfde11864df.jpg","https://www.hayhilldevelopments.co.uk/wp-content/uploads/2024/10/DR-Bedroom-2-354x238.jpg","This is a photograph of a bedroom interior."
"Water of Coyle, Drongan","The Hayside","4","https://www.hayhilldevelopments.co.uk/developments/water-of-coyle-drongan/dr-plot-3-hayside/","images/4cb9e4afc0626e1079151b597da40c9b619eda2b74fac13a6886bd15072262fb.jpg","https://www.hayhilldevelopments.co.uk/wp-content/uploads/2024/10/DR-Bedroom-Closeup-5-354x238.jpg","This is a photograph of a bedroom interior."
"Water of Coyle, Drongan","The Hayside","4","https://www.hayhilldevelopments.co.uk/developments/water-of-coyle-drongan/dr-plot-3-hayside/","images/e224848a75736ee483c96f78a277abaaf7a240bf76884b2a028136b4db61239f.jpg","https://www.hayhilldevelopments.co.uk/wp-content/uploads/2024/10/DR-Bedroom4-354x238.jpg","This is a photograph of a bedroom interior."
"Water of Coyle, Drongan","The Hayside","4","https://www.hayhilldevelopments.co.uk/developments/water-of-coyle-drongan/dr-plot-3-hayside/","images/5518879de8e6051b5c5caa5116df56602736bf9656fee20164256d7c5a257486.jpg","https://www.hayhilldevelopments.co.uk/wp-content/uploads/2024/10/DR-Bedroom-Closeup-1-354x238.jpg","This is a photograph of a bedroom interior."
"Water of Coyle, Drongan","The Hayside","4","https://www.hayhilldevelopments.co.uk/developments/water-of-coyle-drongan/dr-plot-3-hayside/","images/4efa28038ec44a79c3869bb99b36330804060dcab4ab84ed184604f15324c05c.jpg","https://www.hayhilldevelopments.co.uk/wp-content/uploads/2024/10/DR-Bedroom-Closeup-6-354x238.jpg","This is a photograph of a bedroom interior."
"Water of Coyle, Drongan","The Hayside","4","https://www.hayhilldevelopments.co.uk/developments/water-of-coyle-drongan/dr-plot-3-hayside/","images/21eb58f1b60949eded73a9fa10a630dc08ccf2774ca384c7fa65503d649e647d.jpg","https://www.hayhilldevelopments.co.uk/wp-content/uploads/2025/08/DR-Bedroom-3-354x238.jpg","The image shows a furnished bedroom."
"Water of Coyle, Drongan","The Hayside","4","https://www.hayhilldevelopments.co.uk/developments/water-of-coyle-drongan/dr-plot-3-hayside/","images/3da68b3833b79bebd04777ab6e1da2a79ecdf32ba7dce6af2ecd440e9c161887.jpg","https://www.hayhilldevelopments.co.uk/wp-content/uploads/2024/10/Dr-Office-Closeup-354x238.jpg","The image shows a desk setup in a room."
"Water of Coyle, Drongan","The Hayside","4","https://www.hayhilldevelopments.co.uk/developments/water-of-coyle-drongan/dr-plot-3-hayside/","images/b803bb14b47c0993a6f0e41e0d3b9af5ad9ef722be527183de339f2ea6cdae97.jpg","https://www.hayhilldevelopments.co.uk/wp-content/uploads/2025/08/DR-Office-354x238.jpg","The image shows a home office or study area."
"Water of Coyle, Drongan","The Hayside","4","https://www.hayhilldevelopments.co.uk/developments/water-of-coyle-drongan/dr-plot-3-hayside/","images/399bf57de4e9a0467a1444d82fa541822de97080d3432aec870cc668892f5678.jpg","https://www.hayhilldevelopments.co.uk/wp-content/uploads/2024/10/DR-Bathroom-Closeup-2-354x238.jpg","The image shows a section of a bathroom."
"Water of Coyle, Drongan","The Hayside","4","https://www.hayhilldevelopments.co.uk/developments/water-of-coyle-drongan/dr-plot-3-hayside/","images/bfeabb552fecbc4fdc2bbc3ce63406f39fae5f876768255ae7c82269069c770e.jpg","https://www.hayhilldevelopments.co.uk/wp-content/uploads/2024/10/DR-Bathroom-Closeup-3-354x238.jpg","The image shows bathroom fixtures."
"Water of Coyle, Drongan","The Hayside","4","https://www.hayhilldevelopments.co.uk/developments/water-of-coyle-drongan/dr-plot-3-hayside/","images/97642bd009ab6b81c071904046a7983a434e785ef65aa5409b697bb7915f3a70.jpg","https://www.hayhilldevelopments.co.uk/wp-content/uploads/2024/10/DR-Bathroom-1-354x238.jpg","The image shows a complete bathroom."
"Water of Coyle, Drongan","The Hayside","4","https://www.hayhilldevelopments.co.uk/developments/water-of-coyle-drongan/dr-plot-3-hayside/","images/a08960ea5c577353d32f67e6ba2e9d92fc38026375db90f36d427e311ee0247d.jpg","https://www.hayhilldevelopments.co.uk/wp-content/uploads/2024/10/DR-Bathroom-3-354x238.jpg","The image shows a small bathroom or cloakroom."
"Water of Coyle, Drongan","The Hayside","4","https://www.hayhilldevelopments.co.uk/developments/water-of-coyle-drongan/dr-plot-3-hayside/","images/49f988e1c2416aa4019d941b0569004534a10ff7650de00b0e7376801a8e7c12.jpg","https://www.hayhilldevelopments.co.uk/wp-content/uploads/2024/10/DR-Bathroom-2-354x238.jpg","The image shows a bathroom."
"Water of Coyle, Drongan","The Lochlea","2","https://www.hayhilldevelopments.co.uk/developments/water-of-coyle-drongan/dr-plot-1-lochlea/","images/c858d1cad8b9b547e8c5b32635f2b7ead4c57c841ac4572a511edd843068c91f.jpg","https://www.hayhilldevelopments.co.uk/wp-content/uploads/2024/10/Lochlea-Exterior-2-1920x770.jpg","This is an exterior view of a property."
"Water of Coyle, Drongan","The Lochlea","2","https://www.hayhilldevelopments.co.uk/developments/water-of-coyle-drongan/dr-plot-1-lochlea/","images/45fc4ca11d245c05bb680eb28e26d863d4c491a190682ab8ff9756af8f864a55.jpg","https://www.hayhilldevelopments.co.uk/wp-content/uploads/2024/10/Lochlea-Living-Room-1920x770.jpg","This is an interior view of a living room."
"Water of Coyle, Drongan","The Lochlea","2","https://www.hayhilldevelopments.co.uk/developments/water-of-coyle-drongan/dr-plot-1-lochlea/","images/0811900742f52e80b9cfb771670c917dedb028387ba9f5ea9ee4f548f268e1d6.jpg","https://www.hayhilldevelopments.co.uk/wp-content/uploads/2024/10/Lochlea-Entrance-Door-1920x770.jpg","This is an exterior view of a property entrance."
"Water of Coyle, Drongan","The Lochlea","2","https://www.hayhilldevelopments.co.uk/developments/water-of-coyle-drongan/dr-plot-1-lochlea/","images/13d2743761d267bf771b7d2d1010a8c9b1b4808f9737787d0e5a51bbe20963dc.jpg","https://www.hayhilldevelopments.co.uk/wp-content/uploads/2024/10/Lochela-Living-Room-3-1920x770.jpg","This is a photograph of a living room interior."
"Water of Coyle, Drongan","The Lochlea","2","https://www.hayhilldevelopments.co.uk/developments/water-of-coyle-drongan/dr-plot-1-lochlea/","images/77e9ae5e976b57e6cb67d9e522ae232d9ee05e82f3f0188952223f154c9d25b6.jpg","https://www.hayhilldevelopments.co.uk/wp-content/uploads/2024/10/Lochlea-Kitchen-Window-1920x770.jpg","This is a photograph of a kitchen interior."
"Water of Coyle, Drongan","The Lochlea","2","https://www.hayhilldevelopments.co.uk/developments/water-of-coyle-drongan/dr-plot-1-lochlea/","images/363d336e10c749dc6835485b4d8940560e4b14bc8358bd528f105fa5ce0076a5.jpg","https://www.hayhilldevelopments.co.uk/wp-content/uploads/2024/10/Lochlea-Kitchen-Closeup-1920x770.jpg","This is a photograph of a kitchen interior."
"Water of Coyle, Drongan","The Lochlea","2","https://www.hayhilldevelopments.co.uk/developments/water-of-coyle-drongan/dr-plot-1-lochlea/","images/0db36b660bef74b484a59df4ccc18ec1de3555effbb0bfd73e739fc248f30c88.jpg","https://www.hayhilldevelopments.co.uk/wp-content/uploads/2024/10/Lochlea-Living-Room-Garden-View-1920x770.jpg","The furniture arrangement and the presence of a sofa and armchair indicate a living room space."
"Water of Coyle, Drongan","The Lochlea","2","https://www.hayhilldevelopments.co.uk/developments/water-of-coyle-drongan/dr-plot-1-lochlea/","images/26e80b7a1e55cede451eaa1b83892b58e6f64e571b0cf854614bff827ffa4c37.jpg","https://www.hayhilldevelopments.co.uk/wp-content/uploads/2024/10/Lochlea-Living-Room-Garden-View-3-1920x770.jpg","The furniture layout, including a sofa and armchair, identifies this as a living room."
"Water of Coyle, Drongan","The Lochlea","2","https://www.hayhilldevelopments.co.uk/developments/water-of-coyle-drongan/dr-plot-1-lochlea/","images/76c4f03b72b95475b9c0b546fef4193fd942f1017ea615bf8f285c4202e0e7a2.jpg","https://www.hayhilldevelopments.co.uk/wp-content/uploads/2024/10/Lochlea-Bathroom-3-1920x770.jpg","The image shows standard bathroom fixtures including a sink, toilet, and bathtub."
"Water of Coyle, Drongan","The Lochlea","2","https://www.hayhilldevelopments.co.uk/developments/water-of-coyle-drongan/dr-plot-1-lochlea/","images/579047ee2a999523d484383458fc3b2722135c848b8712d7e54e6d33fff5af79.jpg","https://www.hayhilldevelopments.co.uk/wp-content/uploads/2024/10/Lochlea-Living-Room-Dining-1920x770.jpg","The furniture and layout are characteristic of a living room."
"Water of Coyle, Drongan","The Lochlea","2","https://www.hayhilldevelopments.co.uk/developments/water-of-coyle-drongan/dr-plot-1-lochlea/","images/2038b80eb08d273036446a423b85068a10137495c3bc41fdc8a7b38eedf0aa54.jpg","https://www.hayhilldevelopments.co.uk/wp-content/uploads/2024/10/Lochlea-Bathroom-Shower-focet-1920x770.jpg","The image shows a shower fixture typical of a bathroom."
"Water of Coyle, Drongan","The Lochlea","2","https://www.hayhilldevelopments.co.uk/developments/water-of-coyle-drongan/dr-plot-1-lochlea/","images/7d35792637073590d23a7a7b1e41578fa209682720faf6986179ea8c2070d70d.jpg","https://www.hayhilldevelopments.co.uk/wp-content/uploads/2024/10/Lochlea-Bathroom-Closeup-1920x770.jpg","The image depicts standard bathroom fixtures."
"Water of Coyle, Drongan","The Lochlea","2","https://www.hayhilldevelopments.co.uk/developments/water-of-coyle-drongan/dr-plot-1-lochlea/","images/1852f9f0328f33ca2f2a17ec2779a7a8eb74a7cb9abb793a4a426c491838d9de.jpg","https://www.hayhilldevelopments.co.uk/wp-content/uploads/2024/10/Lochlea-Hallway-1920x770.jpg","The image shows a corridor connecting rooms."
"Water of Coyle, Drongan","The Lochlea","2","https://www.hayhilldevelopments.co.uk/developments/water-of-coyle-drongan/dr-plot-1-lochlea/","images/f382fedc2bf29b3b57edd9984bfaad85990ed1a570ba7d55e9ce52c13bc5dbe7.jpg","https://www.hayhilldevelopments.co.uk/wp-content/uploads/2024/10/Lochlea-Bedroom-Closeup-4-1920x770.jpg","The image shows bedroom decor and accessories."
"Water of Coyle, Drongan","The Lochlea","2","https://www.hayhilldevelopments.co.uk/developments/water-of-coyle-drongan/dr-plot-1-lochlea/","images/9d54ce3e8e30ea60714f83d67b2834c28e9022b49ba962b9240e85263949dbaf.jpg","https://www.hayhilldevelopments.co.uk/wp-content/uploads/2024/10/Lochlea-Bedroom-Closeup-1920x770.jpg","The image shows bedding and a headboard, characteristic of a bedroom."
"Water of Coyle, Drongan","The Lochlea","2","https://www.hayhilldevelopments.co.uk/developments/water-of-coyle-drongan/dr-plot-1-lochlea/","images/9e370346127cd89893701aa7a768af66b4a56a1f9c213bc7f454f9c146f84a1c.jpg","https://www.hayhilldevelopments.co.uk/wp-content/uploads/2024/10/Lochlea-Living-Room-Details-1920x770.jpg","The furniture and decor suggest a living room setting."
"Water of Coyle, Drongan","The Lochlea","2","https://www.hayhilldevelopments.co.uk/developments/water-of-coyle-drongan/dr-plot-1-lochlea/","images/8aeb98eea519a397e93d6ea5b8abd0024c5eb5f1f2fcba2bdb8c437094afd670.jpg","https://www.hayhilldevelopments.co.uk/wp-content/uploads/2024/10/Lochlea-Bedroom-Master-2-1920x770.jpg","The image shows a bedroom with a bed and typical bedroom decor."
"Water of Coyle, Drongan","The Lochlea","2","https://www.hayhilldevelopments.co.uk/developments/water-of-coyle-drongan/dr-plot-1-lochlea/","images/6a3ed051a0de6efae4c6bac66dbe7fa97391fd5944fb5bf188a6a8dcf27f02a1.jpg","https://www.hayhilldevelopments.co.uk/wp-content/uploads/2024/10/Lochlea-Bedroom-Closeup-2-1920x770.jpg","The image shows a detail of a bedroom setup."
"Water of Coyle, Drongan","The Lochlea","2","https://www.hayhilldevelopments.co.uk/developments/water-of-coyle-drongan/dr-plot-1-lochlea/","images/96b7281e2be6ffd1c803037fd728b4fc670cb57c8d941880fcf854fa83ae75e5.jpg","https://www.hayhilldevelopments.co.uk/wp-content/uploads/2024/10/Lochlea-Bedroom-Closeup-3-1920x770.jpg","The image shows a detail of a bedroom bedside table."
"Water of Coyle, Drongan","The Lochlea","2","https://www.hayhilldevelopments.co.uk/developments/water-of-coyle-drongan/dr-plot-1-lochlea/","images/06ed0ea2895f91cefa6368a031c3d2a69803c4ac799433fb89a74db6fe760dd9.jpg","https://www.hayhilldevelopments.co.uk/wp-content/uploads/2024/10/Lochlea-Dining-Kitchen-1920x770.jpg","The image shows a functional kitchen area with cabinets, sink, and oven."
"Water of Coyle, Drongan","The Lochlea","2","https://www.hayhilldevelopments.co.uk/developments/water-of-coyle-drongan/dr-plot-1-lochlea/","images/ce5104da9d3b09e36d156309d081dca0aafc4313b95b25aa51cda3e5d1ab883f.jpg","https://www.hayhilldevelopments.co.uk/wp-content/uploads/2024/10/Lochlea-Kitchen-Oven-Closeup-2-1920x770.jpg","This is a detail shot of a kitchen appliance."
"Water of Coyle, Drongan","The Lochlea","2","https://www.hayhilldevelopments.co.uk/developments/water-of-coyle-drongan/dr-plot-1-lochlea/","images/d663d2e174d1ad8a1ee2720f1ca29dd72a4f585f85e7b5ba6f3ac3acbf67c9d8.jpg","https://www.hayhilldevelopments.co.uk/wp-content/uploads/2024/10/Lochlea-Kitchen-Sink-1920x770.jpg","This is a detail shot of a kitchen fixture."
"Water of Coyle, Drongan","The Lochlea","2","https://www.hayhilldevelopments.co.uk/developments/water-of-coyle-drongan/dr-plot-1-lochlea/","images/8714e8eb17ce9d56b24afad242faa432b98f491c26d97f764bea19c434da7484.jpg","https://www.hayhilldevelopments.co.uk/wp-content/uploads/2024/10/Lochlea-Dining-1920x770.jpg","The room is furnished as a living and dining space."
"Water of Coyle, Drongan","The Lochlea","2","https://www.hayhilldevelopments.co.uk/developments/water-of-coyle-drongan/dr-plot-1-lochlea/","images/d385eeb0e6adf1eeb63d9ce323d4d032e0c3e2744ba10f46d24c905859736a8b.jpg","https://www.hayhilldevelopments.co.uk/wp-content/uploads/2024/10/Lochlea-Kitchen-2-1920x770.jpg","This is a photograph of a functional kitchen space."
"Water of Coyle, Drongan","The Lochlea","2","https://www.hayhilldevelopments.co.uk/developments/water-of-coyle-drongan/dr-plot-1-lochlea/","images/d70a82574c0e1f331d81334a294e051070a23feb75879bfd14265dc8684e0e43.jpg","https://www.hayhilldevelopments.co.uk/wp-content/uploads/2024/10/Lochlea-Kitchen-Oven-Closeup-1920x770.jpg","This is a detail shot of a kitchen appliance."
"Water of Coyle, Drongan","The Lochlea","2","https://www.hayhilldevelopments.co.uk/developments/water-of-coyle-drongan/dr-plot-1-lochlea/","images/b398026974a81c6bb3605f8c9d84eabd177a505d89cbb466a8a79fbff1b356da.jpg","https://www.hayhilldevelopments.co.uk/wp-content/uploads/2024/10/Lochlea-Kitchen-3-1920x770.jpg","This is a photograph of a kitchen space."
"Water of Coyle, Drongan","The Lochlea","2","https://www.hayhilldevelopments.co.uk/developments/water-of-coyle-drongan/dr-plot-1-lochlea/","images/2dbddcb4e8d24facc4975ac6dd849905f3acabb0930e6d293b225b51b94c9ca2.jpg","https://www.hayhilldevelopments.co.uk/wp-content/uploads/2024/10/Lochlea-Living-Room-Sofa-1920x770.jpg","This is a photograph of furniture in a living space."
"Water of Coyle, Drongan","The Lochlea","2","https://www.hayhilldevelopments.co.uk/developments/water-of-coyle-drongan/dr-plot-1-lochlea/","images/2fd1c03562736194e014465b0fc256fd181bfa3c4e70c4c819642292328ad9d4.jpg","https://www.hayhilldevelopments.co.uk/wp-content/uploads/2024/10/Lochlea-Dining-Closeup-1920x770.jpg","This is a photograph of a kitchen and dining area."
"Water of Coyle, Drongan","The Lochlea","2","https://www.hayhilldevelopments.co.uk/developments/water-of-coyle-drongan/dr-plot-1-lochlea/","images/5efee036564468fe2b7c3a7e916d01f41e9b76532601d102dc9cc18734195c4f.jpg","https://www.hayhilldevelopments.co.uk/wp-content/uploads/2024/10/Lochlea-Exterior-1920x770.jpg","This is an exterior view of a house."
"Water of Coyle, Drongan","The Lochlea","2","https://www.hayhilldevelopments.co.uk/developments/water-of-coyle-drongan/dr-plot-1-lochlea/","images/1c6f428cffeed995c9fe4b05f1ee508444d88c1ce8abe40ca386891e163ed9f4.jpg","https://www.hayhilldevelopments.co.uk/wp-content/uploads/2024/10/Lochlea-Garden-1920x770.jpg","This is an exterior view of the back of a house."
"Water of Coyle, Drongan","The Lochlea","2","https://www.hayhilldevelopments.co.uk/developments/water-of-coyle-drongan/dr-plot-1-lochlea/","images/ef40983e201d9c8b64ec859e2f27275e6858fc83163cf60da45547a32e310854.jpg","https://www.hayhilldevelopments.co.uk/wp-content/uploads/2024/10/Lochlea-Garden-Exit-1920x770.jpg","This is an exterior detail shot of a garden deck."
"Water of Coyle, Drongan","The Lochlea","2","https://www.hayhilldevelopments.co.uk/developments/water-of-coyle-drongan/dr-plot-1-lochlea/","images/3518435cf5fd66f90d2cec0f47a7627b4806a0c98e2e3c53ff276a5932f9fc31.jpg","https://www.hayhilldevelopments.co.uk/wp-content/uploads/2024/10/Lochlea-Garden-3-1920x770.jpg","This is an exterior view of the property."
"Water of Coyle, Drongan","The Lochlea","2","https://www.hayhilldevelopments.co.uk/developments/water-of-coyle-drongan/dr-plot-1-lochlea/","images/9074af92b1ff5048a8ce7217d9b26cca396c23f192d9d2e187909a6486b2df91.jpg","https://www.hayhilldevelopments.co.uk/wp-content/uploads/2024/10/Lochlea-Garden-view-1920x770.jpg","This is an exterior view of the garden."
"Water of Coyle, Drongan","The Lochlea","2","https://www.hayhilldevelopments.co.uk/developments/water-of-coyle-drongan/dr-plot-1-lochlea/","images/c38179e0c97bb2b2247ff02165ebb78ebe8e16053ceb0b94b98803da89609cc3.jpg","https://www.hayhilldevelopments.co.uk/wp-content/uploads/2024/10/Lochlea-Garden-2-1920x770.jpg","This is an exterior view of the property."
"Water of Coyle, Drongan","The Lochlea","2","https://www.hayhilldevelopments.co.uk/developments/water-of-coyle-drongan/dr-plot-1-lochlea/","images/a632c1c512bf9d090db1e7775504b6883262b8b19e0b958757e66c8a491af7a8.jpg","https://www.hayhilldevelopments.co.uk/wp-content/uploads/2024/10/Lochlea-Bedroom-MasterX-1920x770.jpg","This is a bedroom interior."
"Water of Coyle, Drongan","The Lochlea","2","https://www.hayhilldevelopments.co.uk/developments/water-of-coyle-drongan/dr-plot-1-lochlea/","images/d21c9674d4de0d08d718f53af0acc624f16962f63e699882aaa3acade79070b5.jpg","https://www.hayhilldevelopments.co.uk/wp-content/uploads/2024/10/Lochlea-Bedroom2-1920x770.jpg","This is a bedroom interior."
"Water of Coyle, Drongan","The Lochlea","2","https://www.hayhilldevelopments.co.uk/developments/water-of-coyle-drongan/dr-plot-1-lochlea/","images/83084c3712bebecb47146ce7ca61fcba264e389317a922d9657430d13cc4aba5.jpg","https://www.hayhilldevelopments.co.uk/wp-content/uploads/2024/10/Lochlea-Bedroom-1920x770.jpg","This is a bedroom interior."
"Water of Coyle, Drongan","The Lochlea","2","https://www.hayhilldevelopments.co.uk/developments/water-of-coyle-drongan/dr-plot-1-lochlea/","images/3a88f2e9668c8396b8a9d5e2bcf4415b0aac69a682a35a863fb258da4d39aeaa.jpg","https://www.hayhilldevelopments.co.uk/wp-content/uploads/2024/10/Lochlea-Bedroom-Master-1920x770.jpg","This is a photograph of a furnished bedroom."
"Water of Coyle, Drongan","The Lochlea","2","https://www.hayhilldevelopments.co.uk/developments/water-of-coyle-drongan/dr-plot-1-lochlea/","images/2065acd8cfe45dff368232dd627e07a113ba7b85e1d8c73cb3c36f83c6242a66.jpg","https://www.hayhilldevelopments.co.uk/wp-content/uploads/2024/10/Lochlea-Living-Room-Garden-1920x770.jpg","This is a photograph of a living room space."
"Water of Coyle, Drongan","The Lochlea","2","https://www.hayhilldevelopments.co.uk/developments/water-of-coyle-drongan/dr-plot-1-lochlea/","images/0b91dc278ed017edb30b768bf472215224065a66551fd4a3419c656f28353fd0.jpg","https://www.hayhilldevelopments.co.uk/wp-content/uploads/2024/10/Lochlea-Bathroom-Bath-1920x770.jpg","This is a photograph of a functional bathroom."
"Water of Coyle, Drongan","The Lochlea","2","https://www.hayhilldevelopments.co.uk/developments/water-of-coyle-drongan/dr-plot-1-lochlea/","images/5bf16251dd292860369261a893840dafe174ba5795da68bfd08b0b0e25df30f2.jpg","https://www.hayhilldevelopments.co.uk/wp-content/uploads/2024/10/Lochlea-Bathroom-Toilette-1920x770.jpg","This is a photograph of a bathroom interior."
"Water of Coyle, Drongan","The Lochlea","2","https://www.hayhilldevelopments.co.uk/developments/water-of-coyle-drongan/dr-plot-1-lochlea/","images/bdc7cdf7a6645429a2d100c32d8c15225ad3a234f685d760f791c1ffad4c88e3.jpg","https://www.hayhilldevelopments.co.uk/wp-content/uploads/2024/10/DR-Highfield-354x238.jpg","This is an exterior photograph of a residential property."
"Water of Coyle, Drongan","The Lochlea","2","https://www.hayhilldevelopments.co.uk/developments/water-of-coyle-drongan/dr-plot-1-lochlea/","images/d2f449534cb298c63149a15c573e0adcab2488f417693b5cb69bf4f6458a2953.jpg","https://www.hayhilldevelopments.co.uk/wp-content/uploads/2024/10/DR-Kitchen-2-354x238.jpg","This is a photograph of a kitchen interior."
"Water of Coyle, Drongan","The Lochlea","2","https://www.hayhilldevelopments.co.uk/developments/water-of-coyle-drongan/dr-plot-1-lochlea/","images/1ce147b8805931cc627c71201d44a3ce2eb78e8243e261778af074ab5e62ae16.jpg","https://www.hayhilldevelopments.co.uk/wp-content/uploads/2024/10/DR-Kitchen-1-354x238.jpg","This is a photograph of a kitchen interior."
"Water of Coyle, Drongan","The Lochlea","2","https://www.hayhilldevelopments.co.uk/developments/water-of-coyle-drongan/dr-plot-1-lochlea/","images/480680ba6cd444ca1099a3957d024ad0a5d880e5dca66633e97c2ddf3f008970.jpg","https://www.hayhilldevelopments.co.uk/wp-content/uploads/2024/10/DR-Kitchen-Closeup-Oven-354x238.jpg","This is a detail shot of a kitchen appliance."
"Water of Coyle, Drongan","The Lochlea","2","https://www.hayhilldevelopments.co.uk/developments/water-of-coyle-drongan/dr-plot-1-lochlea/","images/154e802e5b18aea9bc153aa237bc790b26273cd975ce122cda3844fab301bf3c.jpg","https://www.hayhilldevelopments.co.uk/wp-content/uploads/2024/10/DR-Kitchen-Closeup-Sink-354x238.jpg","The image shows a kitchen sink area."
"Water of Coyle, Drongan","The Lochlea","2","https://www.hayhilldevelopments.co.uk/developments/water-of-coyle-drongan/dr-plot-1-lochlea/","images/dbf13702e9888787e9ab56c79faa89e73e45714a9666d5277c1e4553eeff6394.jpg","https://www.hayhilldevelopments.co.uk/wp-content/uploads/2024/10/DR-Dining-Kitchen-354x238.jpg","The image shows a dining area."
"Water of Coyle, Drongan","The Lochlea","2","https://www.hayhilldevelopments.co.uk/developments/water-of-coyle-drongan/dr-plot-1-lochlea/","images/ba66af899f43e38007b743e6f85b27478a5760965aea22079b3cc4ff5ed4336e.jpg","https://www.hayhilldevelopments.co.uk/wp-content/uploads/2025/01/DR-Kitchen-3-354x238.jpg","The image shows a kitchen."
"Water of Coyle, Drongan","The Lochlea","2","https://www.hayhilldevelopments.co.uk/developments/water-of-coyle-drongan/dr-plot-1-lochlea/","images/7dcbda070c7ee9b363fffe4e7ed69c4d0e3a6f25cd531639ded3c6d4ad407331.jpg","https://www.hayhilldevelopments.co.uk/wp-content/uploads/2024/10/DR-Dining-Kitchen-Living-354x238.jpg","The image shows a dining room."
"Water of Coyle, Drongan","The Lochlea","2","https://www.hayhilldevelopments.co.uk/developments/water-of-coyle-drongan/dr-plot-1-lochlea/","images/be96039523d4818fe1af6a629816f5c7bbdb2e7040fed3d55e2523217f371fa5.jpg","https://www.hayhilldevelopments.co.uk/wp-content/uploads/2024/10/DR-Dining-2-354x238.jpg","This is a dining room space within a property."
"Water of Coyle, Drongan","The Lochlea","2","https://www.hayhilldevelopments.co.uk/developments/water-of-coyle-drongan/dr-plot-1-lochlea/","images/2867cdf82bc8455b7a1fecc8a6c3524a128762f7de73466cdfe54d8c3ccf4eec.jpg","https://www.hayhilldevelopments.co.uk/wp-content/uploads/2025/01/DR-Dining-1-354x238.jpg","This is a dining room area."
"Water of Coyle, Drongan","The Lochlea","2","https://www.hayhilldevelopments.co.uk/developments/water-of-coyle-drongan/dr-plot-1-lochlea/","images/a3dfc68701bff9592c525e5dd71e92f6b79ff23dfdf7432ef9a501db86017d5e.jpg","https://www.hayhilldevelopments.co.uk/wp-content/uploads/2024/10/DR-Dining-Closeup-1-354x238.jpg","This is a dining room table setting."
"Water of Coyle, Drongan","The Lochlea","2","https://www.hayhilldevelopments.co.uk/developments/water-of-coyle-drongan/dr-plot-1-lochlea/","images/0caf998785377e286a2286d19b605dc0b4913d553dbdc11c82bbde6b51af93dd.jpg","https://www.hayhilldevelopments.co.uk/wp-content/uploads/2024/10/DR-Dining-Closeup-2-354x238.jpg","This is a dining room table setting."
"Water of Coyle, Drongan","The Lochlea","2","https://www.hayhilldevelopments.co.uk/developments/water-of-coyle-drongan/dr-plot-1-lochlea/","images/831ad877e38c0a136c0192878bebff3770df282e89704289dbc2a2d61df9f13a.jpg","https://www.hayhilldevelopments.co.uk/wp-content/uploads/2025/08/DR-Living-Room-1-354x238.jpg","This is a photograph of a furnished living room area."
"Water of Coyle, Drongan","The Lochlea","2","https://www.hayhilldevelopments.co.uk/developments/water-of-coyle-drongan/dr-plot-1-lochlea/","images/82d6061938940f1adda02085f9bc68046328b4cdd4b44c1208149a568ecfa2f5.jpg","https://www.hayhilldevelopments.co.uk/wp-content/uploads/2024/10/DR-Living-Room-2-354x238.jpg","This is a photograph of a furnished living room area."
"Water of Coyle, Drongan","The Lochlea","2","https://www.hayhilldevelopments.co.uk/developments/water-of-coyle-drongan/dr-plot-1-lochlea/","images/04a775904e4c7cfd74a95789a51863b94fcd4463342e7b198eb77e07e9baf0e0.jpg","https://www.hayhilldevelopments.co.uk/wp-content/uploads/2024/10/DR-Living-Room-4-354x238.jpg","This is a photograph of a furnished living room."
"Water of Coyle, Drongan","The Lochlea","2","https://www.hayhilldevelopments.co.uk/developments/water-of-coyle-drongan/dr-plot-1-lochlea/","images/e4101fecc56671a6b6055e315270e822361b04f9632ae68fc794746845b4727a.jpg","https://www.hayhilldevelopments.co.uk/wp-content/uploads/2024/10/DR-Living-Room-3-354x238.jpg","This is a photograph of a furnished living room."
"Water of Coyle, Drongan","The Lochlea","2","https://www.hayhilldevelopments.co.uk/developments/water-of-coyle-drongan/dr-plot-1-lochlea/","images/560ae2298663028623da23beb039362283b7db60323c959346514638aa586379.jpg","https://www.hayhilldevelopments.co.uk/wp-content/uploads/2024/10/DR-Bedroom-Closeup-4-354x238.jpg","This is a detailed shot of bedroom furniture and decor."
"Water of Coyle, Drongan","The Lochlea","2","https://www.hayhilldevelopments.co.uk/developments/water-of-coyle-drongan/dr-plot-1-lochlea/","images/56e45b2034cdd60c5359cb425b6862b750aff0264791afeacbaf9a8a2925034a.jpg","https://www.hayhilldevelopments.co.uk/wp-content/uploads/2024/10/DR-Bedroom-Closeup-2-354x238.jpg","This is a photograph of a bedroom interior."
"Water of Coyle, Drongan","The Lochlea","2","https://www.hayhilldevelopments.co.uk/developments/water-of-coyle-drongan/dr-plot-1-lochlea/","images/762f740206bc6369277413b1287c81ae7048db5d2564839a3f20ecfde11864df.jpg","https://www.hayhilldevelopments.co.uk/wp-content/uploads/2024/10/DR-Bedroom-2-354x238.jpg","This is a photograph of a bedroom interior."
"Water of Coyle, Drongan","The Lochlea","2","https://www.hayhilldevelopments.co.uk/developments/water-of-coyle-drongan/dr-plot-1-lochlea/","images/4cb9e4afc0626e1079151b597da40c9b619eda2b74fac13a6886bd15072262fb.jpg","https://www.hayhilldevelopments.co.uk/wp-content/uploads/2024/10/DR-Bedroom-Closeup-5-354x238.jpg","This is a photograph of a bedroom interior."
"Water of Coyle, Drongan","The Lochlea","2","https://www.hayhilldevelopments.co.uk/developments/water-of-coyle-drongan/dr-plot-1-lochlea/","images/e224848a75736ee483c96f78a277abaaf7a240bf76884b2a028136b4db61239f.jpg","https://www.hayhilldevelopments.co.uk/wp-content/uploads/2024/10/DR-Bedroom4-354x238.jpg","This is a photograph of a bedroom interior."
"Water of Coyle, Drongan","The Lochlea","2","https://www.hayhilldevelopments.co.uk/developments/water-of-coyle-drongan/dr-plot-1-lochlea/","images/5518879de8e6051b5c5caa5116df56602736bf9656fee20164256d7c5a257486.jpg","https://www.hayhilldevelopments.co.uk/wp-content/uploads/2024/10/DR-Bedroom-Closeup-1-354x238.jpg","This is a photograph of a bedroom interior."
"Water of Coyle, Drongan","The Lochlea","2","https://www.hayhilldevelopments.co.uk/developments/water-of-coyle-drongan/dr-plot-1-lochlea/","images/4efa28038ec44a79c3869bb99b36330804060dcab4ab84ed184604f15324c05c.jpg","https://www.hayhilldevelopments.co.uk/wp-content/uploads/2024/10/DR-Bedroom-Closeup-6-354x238.jpg","This is a photograph of a bedroom interior."
"Water of Coyle, Drongan","The Lochlea","2","https://www.hayhilldevelopments.co.uk/developments/water-of-coyle-drongan/dr-plot-1-lochlea/","images/21eb58f1b60949eded73a9fa10a630dc08ccf2774ca384c7fa65503d649e647d.jpg","https://www.hayhilldevelopments.co.uk/wp-content/uploads/2025/08/DR-Bedroom-3-354x238.jpg","The image shows a furnished bedroom."
"Water of Coyle, Drongan","The Lochlea","2","https://www.hayhilldevelopments.co.uk/developments/water-of-coyle-drongan/dr-plot-1-lochlea/","images/3da68b3833b79bebd04777ab6e1da2a79ecdf32ba7dce6af2ecd440e9c161887.jpg","https://www.hayhilldevelopments.co.uk/wp-content/uploads/2024/10/Dr-Office-Closeup-354x238.jpg","The image shows a desk setup in a room."
"Water of Coyle, Drongan","The Lochlea","2","https://www.hayhilldevelopments.co.uk/developments/water-of-coyle-drongan/dr-plot-1-lochlea/","images/b803bb14b47c0993a6f0e41e0d3b9af5ad9ef722be527183de339f2ea6cdae97.jpg","https://www.hayhilldevelopments.co.uk/wp-content/uploads/2025/08/DR-Office-354x238.jpg","The image shows a home office or study area."
"Water of Coyle, Drongan","The Lochlea","2","https://www.hayhilldevelopments.co.uk/developments/water-of-coyle-drongan/dr-plot-1-lochlea/","images/399bf57de4e9a0467a1444d82fa541822de97080d3432aec870cc668892f5678.jpg","https://www.hayhilldevelopments.co.uk/wp-content/uploads/2024/10/DR-Bathroom-Closeup-2-354x238.jpg","The image shows a section of a bathroom."
"Water of Coyle, Drongan","The Lochlea","2","https://www.hayhilldevelopments.co.uk/developments/water-of-coyle-drongan/dr-plot-1-lochlea/","images/bfeabb552fecbc4fdc2bbc3ce63406f39fae5f876768255ae7c82269069c770e.jpg","https://www.hayhilldevelopments.co.uk/wp-content/uploads/2024/10/DR-Bathroom-Closeup-3-354x238.jpg","The image shows bathroom fixtures."
"Water of Coyle, Drongan","The Lochlea","2","https://www.hayhilldevelopments.co.uk/developments/water-of-coyle-drongan/dr-plot-1-lochlea/","images/97642bd009ab6b81c071904046a7983a434e785ef65aa5409b697bb7915f3a70.jpg","https://www.hayhilldevelopments.co.uk/wp-content/uploads/2024/10/DR-Bathroom-1-354x238.jpg","The image shows a complete bathroom."
"Water of Coyle, Drongan","The Lochlea","2","https://www.hayhilldevelopments.co.uk/developments/water-of-coyle-drongan/dr-plot-1-lochlea/","images/a08960ea5c577353d32f67e6ba2e9d92fc38026375db90f36d427e311ee0247d.jpg","https://www.hayhilldevelopments.co.uk/wp-content/uploads/2024/10/DR-Bathroom-3-354x238.jpg","The image shows a small bathroom or cloakroom."
"Water of Coyle, Drongan","The Lochlea","2","https://www.hayhilldevelopments.co.uk/developments/water-of-coyle-drongan/dr-plot-1-lochlea/","images/49f988e1c2416aa4019d941b0569004534a10ff7650de00b0e7376801a8e7c12.jpg","https://www.hayhilldevelopments.co.uk/wp-content/uploads/2024/10/DR-Bathroom-2-354x238.jpg","The image shows a bathroom."
"Water of Coyle, Drongan","The Highfield","4","https://www.hayhilldevelopments.co.uk/developments/water-of-coyle-drongan/dr-plot-75-highfield/","images/615427b015bfbc319f34433ba13754e5293d16f9232d696e0888d89a54ea4edf.jpg","https://www.hayhilldevelopments.co.uk/wp-content/uploads/2024/10/DR-Highfield-1920x770.jpg","This is an exterior view of a property."
"Water of Coyle, Drongan","The Highfield","4","https://www.hayhilldevelopments.co.uk/developments/water-of-coyle-drongan/dr-plot-75-highfield/","images/9b086262ac2d0d3375b5a18da44194efe74b7e6e57e03ef261c6e4a28e73e0ff.jpg","https://www.hayhilldevelopments.co.uk/wp-content/uploads/2024/10/DR-Bedroom-1-1920x770.jpg","This is an interior view of a bedroom."
"Water of Coyle, Drongan","The Highfield","4","https://www.hayhilldevelopments.co.uk/developments/water-of-coyle-drongan/dr-plot-75-highfield/","images/96424fc7670a0af39639071ca49398ccaead9986eeb9150249a0ec3a001744ad.jpg","https://www.hayhilldevelopments.co.uk/wp-content/uploads/2024/10/DR-Bedroom-Closeup-2-1920x770.jpg","The image shows a bedroom with twin beds."
"Water of Coyle, Drongan","The Highfield","4","https://www.hayhilldevelopments.co.uk/developments/water-of-coyle-drongan/dr-plot-75-highfield/","images/e9ec80b04de3b9ecb12d8ff119aef424516ab0208ee9365b2e36bfaadd30de14.jpg","https://www.hayhilldevelopments.co.uk/wp-content/uploads/2024/10/DR-Bedroom-Closeup-4-1920x770.jpg","The image is a detail shot of a bedroom interior."
"Water of Coyle, Drongan","The Highfield","4","https://www.hayhilldevelopments.co.uk/developments/water-of-coyle-drongan/dr-plot-75-highfield/","images/0475d8089c6e62e61460dbcfc1bfa976b0cca6757efcaaa68dd622ea9952b77a.jpg","https://www.hayhilldevelopments.co.uk/wp-content/uploads/2024/10/DR-Bedroom-2-1920x770.jpg","This is a photograph of a furnished bedroom."
"Water of Coyle, Drongan","The Highfield","4","https://www.hayhilldevelopments.co.uk/developments/water-of-coyle-drongan/dr-plot-75-highfield/","images/9e9a7d51d08a69cf0d6ec9d5f42248fa0d60aba42e82bff37913e932d8e39a58.jpg","https://www.hayhilldevelopments.co.uk/wp-content/uploads/2024/10/DR-Bedroom-Closeup-6-1920x770.jpg","The presence of a bed and bedside furniture confirms this is a bedroom."
"Water of Coyle, Drongan","The Highfield","4","https://www.hayhilldevelopments.co.uk/developments/water-of-coyle-drongan/dr-plot-75-highfield/","images/57dcfe6c3c22f937bf558e028a4fca9cc3fbb6465d1d31863fbd3eef83ade268.jpg","https://www.hayhilldevelopments.co.uk/wp-content/uploads/2025/08/DR-Bedroom-3-1920x770.jpg","This is a photograph of a furnished bedroom."
"Water of Coyle, Drongan","The Highfield","4","https://www.hayhilldevelopments.co.uk/developments/water-of-coyle-drongan/dr-plot-75-highfield/","images/d804f2bbd0cf3b79e807cd19dc4bc44d4d013edf46f26d46f38f3ae093b534b8.jpg","https://www.hayhilldevelopments.co.uk/wp-content/uploads/2024/10/DR-Bedroom-Closeup-1-1920x770.jpg","This is an interior photograph of a bedroom."
"Water of Coyle, Drongan","The Highfield","4","https://www.hayhilldevelopments.co.uk/developments/water-of-coyle-drongan/dr-plot-75-highfield/","images/f1574b0f8e309b093432193bd4491b7effcdab76a7302d809604216149cb655b.jpg","https://www.hayhilldevelopments.co.uk/wp-content/uploads/2024/10/DR-Bedroom4-1920x770.jpg","This is a photograph of a furnished bedroom."
"Water of Coyle, Drongan","The Highfield","4","https://www.hayhilldevelopments.co.uk/developments/water-of-coyle-drongan/dr-plot-75-highfield/","images/2aae0f84ef6b21395e9c30b47ec9dab83129396685d35a098334d4aab0010721.jpg","https://www.hayhilldevelopments.co.uk/wp-content/uploads/2025/08/DR-Bedroom-Closeup-3-1920x770.jpg","The bed and bedside lamp are typical bedroom features."
"Water of Coyle, Drongan","The Highfield","4","https://www.hayhilldevelopments.co.uk/developments/water-of-coyle-drongan/dr-plot-75-highfield/","images/b9264b1bbf4adf52ab8ec0705d1176226c0587723440f32d29eab42931ce7e9a.jpg","https://www.hayhilldevelopments.co.uk/wp-content/uploads/2024/10/DR-Bedroom-Closeup-5-1920x770.jpg","This is an interior view of a bedroom."
"Water of Coyle, Drongan","The Highfield","4","https://www.hayhilldevelopments.co.uk/developments/water-of-coyle-drongan/dr-plot-75-highfield/","images/1bf25f3bdc11a3ca55691c9ea995e8bef1b7ab9493daeb41404e04cc991e544e.jpg","https://www.hayhilldevelopments.co.uk/wp-content/uploads/2025/08/DR-Office-1920x770.jpg","The image shows a dedicated study or home office space."
"Water of Coyle, Drongan","The Highfield","4","https://www.hayhilldevelopments.co.uk/developments/water-of-coyle-drongan/dr-plot-75-highfield/","images/c01ea8bd1b9192a571ac980259f30051d2368b8f73d89585e97d0b3e32f409db.jpg","https://www.hayhilldevelopments.co.uk/wp-content/uploads/2024/10/Dr-Office-Closeup-1920x770.jpg","This is a photograph of a home office or study area."
"Water of Coyle, Drongan","The Highfield","4","https://www.hayhilldevelopments.co.uk/developments/water-of-coyle-drongan/dr-plot-75-highfield/","images/413fc2d90c3a065b59775e108487248b0a8381959f5342ede93cc726b3751766.jpg","https://www.hayhilldevelopments.co.uk/wp-content/uploads/2024/10/DR-Kitchen-2-1920x770.jpg","This is a photograph of a functional kitchen space."
"Water of Coyle, Drongan","The Highfield","4","https://www.hayhilldevelopments.co.uk/developments/water-of-coyle-drongan/dr-plot-75-highfield/","images/31766061ae7d086d47a866bd4bab6cfb52f66cabf7967dc34032fbd5e93f1bf0.jpg","https://www.hayhilldevelopments.co.uk/wp-content/uploads/2024/10/DR-Kitchen-Closeup-Sink-1920x770.jpg","This is a photograph of a kitchen fixture."
"Water of Coyle, Drongan","The Highfield","4","https://www.hayhilldevelopments.co.uk/developments/water-of-coyle-drongan/dr-plot-75-highfield/","images/bcd63988f8549f08cc43839885bf480e561d01a5ad0e6fd618c5eac92f5735fa.jpg","https://www.hayhilldevelopments.co.uk/wp-content/uploads/2024/10/DR-Kitchen-1-1920x770.jpg","This is a photograph of a kitchen interior."
"Water of Coyle, Drongan","The Highfield","4","https://www.hayhilldevelopments.co.uk/developments/water-of-coyle-drongan/dr-plot-75-highfield/","images/167202a878374f05429810e8e78ba8a1a7d255bb37e0dc4ae97b44727b4fe6b0.jpg","https://www.hayhilldevelopments.co.uk/wp-content/uploads/2024/10/DR-Kitchen-Closeup-Oven-1920x770.jpg","The image shows a kitchen appliance."
"Water of Coyle, Drongan","The Highfield","4","https://www.hayhilldevelopments.co.uk/developments/water-of-coyle-drongan/dr-plot-75-highfield/","images/43ba9dad2e719a0552cba386230d5c4ba47c8e89e9c0d43e4d24dc5065ea8352.jpg","https://www.hayhilldevelopments.co.uk/wp-content/uploads/2025/01/DR-Kitchen-3-1920x770.jpg","The kitchen cabinetry and countertop appliances confirm this is a kitchen."
"Water of Coyle, Drongan","The Highfield","4","https://www.hayhilldevelopments.co.uk/developments/water-of-coyle-drongan/dr-plot-75-highfield/","images/7783356a79accd87d09b4adbef96cbd8b0fdfa5a65deea2e317ac8693246809f.jpg","https://www.hayhilldevelopments.co.uk/wp-content/uploads/2025/10/Drongan-Showhome-DETAILS-14-1920x770.jpg","The image shows a formal table setting typical of a dining area."
"Water of Coyle, Drongan","The Highfield","4","https://www.hayhilldevelopments.co.uk/developments/water-of-coyle-drongan/dr-plot-75-highfield/","images/93477004baa042d7c275857f9a5273c69578c1964e462ea0e65c3c9978d02ab6.jpg","https://www.hayhilldevelopments.co.uk/wp-content/uploads/2024/10/DR-Dining-Kitchen-Living-1920x770.jpg","The central focus is a dining table, indicating a dining room area within an open-plan space."
"Water of Coyle, Drongan","The Highfield","4","https://www.hayhilldevelopments.co.uk/developments/water-of-coyle-drongan/dr-plot-75-highfield/","images/1c4cff2b1c19d86058e649d29998fc58f168f3a1e3679d0d66d9f06d7aec793c.jpg","https://www.hayhilldevelopments.co.uk/wp-content/uploads/2025/01/DR-Dining-1-1920x770.jpg","This is an interior view of a dining room."
"Water of Coyle, Drongan","The Highfield","4","https://www.hayhilldevelopments.co.uk/developments/water-of-coyle-drongan/dr-plot-75-highfield/","images/a6fae0741c3d5f18f0c20c3964ce617f37eb6afc40b6d8ebe9499dd01deaff4b.jpg","https://www.hayhilldevelopments.co.uk/wp-content/uploads/2024/10/DR-Dining-2-1920x770.jpg","This is a photograph of a furnished dining room."
"Water of Coyle, Drongan","The Highfield","4","https://www.hayhilldevelopments.co.uk/developments/water-of-coyle-drongan/dr-plot-75-highfield/","images/5548fd8be9a1302e7fd9e6908fa4f51998493dcaed0282b93decf5a64419b1aa.jpg","https://www.hayhilldevelopments.co.uk/wp-content/uploads/2025/10/Drongan-Showhome-DETAILS-74-1920x770.jpg","The table setting is characteristic of a dining room."
"Water of Coyle, Drongan","The Highfield","4","https://www.hayhilldevelopments.co.uk/developments/water-of-coyle-drongan/dr-plot-75-highfield/","images/facce0b7258d4344b5144b59b490c613a9ef599a47221b8f9785a1712adc611a.jpg","https://www.hayhilldevelopments.co.uk/wp-content/uploads/2024/10/DR-Dining-Kitchen-1920x770.jpg","This is a photograph of a kitchen and dining space."
"Water of Coyle, Drongan","The Highfield","4","https://www.hayhilldevelopments.co.uk/developments/water-of-coyle-drongan/dr-plot-75-highfield/","images/c1b89afb1065f7e836a2263be6745963c9e1cb8553ff6ae959019428b1105b3f.jpg","https://www.hayhilldevelopments.co.uk/wp-content/uploads/2024/10/DR-Dining-Closeup-3-1920x770.jpg","The image shows a formal dining table setting."
"Water of Coyle, Drongan","The Highfield","4","https://www.hayhilldevelopments.co.uk/developments/water-of-coyle-drongan/dr-plot-75-highfield/","images/de2133fb2aba7f4ed1fb7ec383922f8cc4dcef709fd194b1a39775a85f94c8bd.jpg","https://www.hayhilldevelopments.co.uk/wp-content/uploads/2025/08/DR-Living-Room-1-1920x770.jpg","The image shows a furnished living room."
"Water of Coyle, Drongan","The Highfield","4","https://www.hayhilldevelopments.co.uk/developments/water-of-coyle-drongan/dr-plot-75-highfield/","images/f563f42646f871245c272676b81ddafe78f9bf9ece94d6f0e9ab100caf2d26f3.jpg","https://www.hayhilldevelopments.co.uk/wp-content/uploads/2024/10/DR-Dining-Closeup-1-1920x770.jpg","The image shows a detailed dining table setting."
"Water of Coyle, Drongan","The Highfield","4","https://www.hayhilldevelopments.co.uk/developments/water-of-coyle-drongan/dr-plot-75-highfield/","images/7528c4e27265e8caff7181e178b56d1f29328a97be8264b90e33bc0b4592ff7a.jpg","https://www.hayhilldevelopments.co.uk/wp-content/uploads/2024/10/DR-Living-Room-2-1920x770.jpg","This is a photograph of a furnished living room interior."
"Water of Coyle, Drongan","The Highfield","4","https://www.hayhilldevelopments.co.uk/developments/water-of-coyle-drongan/dr-plot-75-highfield/","images/4e43b8e71c1056a71cb52aa515d7be56b8de7d964e5f73ef62dfac3d4a94c695.jpg","https://www.hayhilldevelopments.co.uk/wp-content/uploads/2024/10/DR-Living-Room-4-1920x770.jpg","The image shows a furnished living room."
"Water of Coyle, Drongan","The Highfield","4","https://www.hayhilldevelopments.co.uk/developments/water-of-coyle-drongan/dr-plot-75-highfield/","images/77199d7150261415f780290813ddc85e4716f6a2febde9f1ba948d4da2ada7d3.jpg","https://www.hayhilldevelopments.co.uk/wp-content/uploads/2024/10/DR-Living-Room-3-1920x770.jpg","The image shows a furnished living area with seating and storage."
"Water of Coyle, Drongan","The Highfield","4","https://www.hayhilldevelopments.co.uk/developments/water-of-coyle-drongan/dr-plot-75-highfield/","images/46249a0d753d286a4ff6c6cfb20b016c2af7b5b49e4aef74dce506ec9cda7acc.jpg","https://www.hayhilldevelopments.co.uk/wp-content/uploads/2024/10/DR-Bathroom-2-1920x770.jpg","The image shows a complete view of a small bathroom or cloakroom."
"Water of Coyle, Drongan","The Highfield","4","https://www.hayhilldevelopments.co.uk/developments/water-of-coyle-drongan/dr-plot-75-highfield/","images/ed6fb1b93a8378c8e0cedb1e551df8483e17a8d76efb0dc378ac57f29377bdbe.jpg","https://www.hayhilldevelopments.co.uk/wp-content/uploads/2024/10/DR-Bathroom-3-1920x770.jpg","This is a photograph of a bathroom interior."
"Water of Coyle, Drongan","The Highfield","4","https://www.hayhilldevelopments.co.uk/developments/water-of-coyle-drongan/dr-plot-75-highfield/","images/f5581443642100f9a82f26b1afab4f4bfbd538d68596cfecacac25b42873adab.jpg","https://www.hayhilldevelopments.co.uk/wp-content/uploads/2024/10/DR-Bathroom-1-1920x770.jpg","This is a photograph of a functional bathroom in a property."
"Water of Coyle, Drongan","The Highfield","4","https://www.hayhilldevelopments.co.uk/developments/water-of-coyle-drongan/dr-plot-75-highfield/","images/1808feb07ca7ba2a84c07b3a2527041d8addab081d8341006ce13aa6ada5e9ed.jpg","https://www.hayhilldevelopments.co.uk/wp-content/uploads/2024/10/DR-Bathroom-Closeup-3-1920x770.jpg","This is a photograph of bathroom hardware."
"Water of Coyle, Drongan","The Highfield","4","https://www.hayhilldevelopments.co.uk/developments/water-of-coyle-drongan/dr-plot-75-highfield/","images/54f6171330eccb1d2dcf04f317391bc09ccfffc0e9569a4cf4455589a7f665d2.jpg","https://www.hayhilldevelopments.co.uk/wp-content/uploads/2024/10/DR-Bathroom-Closeup-2-1920x770.jpg","The image shows bathroom fixtures and accessories."
"Water of Coyle, Drongan","The Highfield","4","https://www.hayhilldevelopments.co.uk/developments/water-of-coyle-drongan/dr-plot-75-highfield/","images/7ec4fec4f639533fce38009351f291d1ae42c65a04465f7b30b38e7389bd4206.jpg","https://www.hayhilldevelopments.co.uk/wp-content/uploads/2024/10/DR-Bathroom-Closeup-1-1920x770.jpg","This is a photograph of a bathroom sink and fixtures."
"Water of Coyle, Drongan","The Highfield","4","https://www.hayhilldevelopments.co.uk/developments/water-of-coyle-drongan/dr-plot-75-highfield/","images/f51ae8106a9f0ff6c7ed1614787e8141d4118cf7f53cce89bd57b45ddd2c71ed.jpg","https://www.hayhilldevelopments.co.uk/wp-content/uploads/2024/10/DR-Bathroom-Closeup-4-1920x770.jpg","This is a detail shot of bathroom fixtures and decor."
"Water of Coyle, Drongan","The Highfield","4","https://www.hayhilldevelopments.co.uk/developments/water-of-coyle-drongan/dr-plot-75-highfield/","images/569d00ed0c25fc3837592fa6c01a6a15a058d654952b57f2840d55d77e00dd63.jpg","https://www.hayhilldevelopments.co.uk/wp-content/uploads/2024/10/DR-Bathroom-Tiling-1920x770.jpg","This is a detail shot of wall tiling typically found in a bathroom."
"Water of Coyle, Drongan","The Highfield","4","https://www.hayhilldevelopments.co.uk/developments/water-of-coyle-drongan/dr-plot-75-highfield/","images/39bb617a72c4aa26b3404681f3a5d378a42d8696d081ad4c552afc4f45c6b3e1.jpg","https://www.hayhilldevelopments.co.uk/wp-content/uploads/2024/10/DR-Bathroom-Closeup-5-1920x770.jpg","The image shows a bathroom sink and fixtures."
"Water of Coyle, Drongan","The Highfield","4","https://www.hayhilldevelopments.co.uk/developments/water-of-coyle-drongan/dr-plot-75-highfield/","images/bdc7cdf7a6645429a2d100c32d8c15225ad3a234f685d760f791c1ffad4c88e3.jpg","https://www.hayhilldevelopments.co.uk/wp-content/uploads/2024/10/DR-Highfield-354x238.jpg","This is an exterior photograph of a residential property."
"Water of Coyle, Drongan","The Highfield","4","https://www.hayhilldevelopments.co.uk/developments/water-of-coyle-drongan/dr-plot-75-highfield/","images/d2f449534cb298c63149a15c573e0adcab2488f417693b5cb69bf4f6458a2953.jpg","https://www.hayhilldevelopments.co.uk/wp-content/uploads/2024/10/DR-Kitchen-2-354x238.jpg","This is a photograph of a kitchen interior."
"Water of Coyle, Drongan","The Highfield","4","https://www.hayhilldevelopments.co.uk/developments/water-of-coyle-drongan/dr-plot-75-highfield/","images/1ce147b8805931cc627c71201d44a3ce2eb78e8243e261778af074ab5e62ae16.jpg","https://www.hayhilldevelopments.co.uk/wp-content/uploads/2024/10/DR-Kitchen-1-354x238.jpg","This is a photograph of a kitchen interior."
"Water of Coyle, Drongan","The Highfield","4","https://www.hayhilldevelopments.co.uk/developments/water-of-coyle-drongan/dr-plot-75-highfield/","images/480680ba6cd444ca1099a3957d024ad0a5d880e5dca66633e97c2ddf3f008970.jpg","https://www.hayhilldevelopments.co.uk/wp-content/uploads/2024/10/DR-Kitchen-Closeup-Oven-354x238.jpg","This is a detail shot of a kitchen appliance."
"Water of Coyle, Drongan","The Highfield","4","https://www.hayhilldevelopments.co.uk/developments/water-of-coyle-drongan/dr-plot-75-highfield/","images/154e802e5b18aea9bc153aa237bc790b26273cd975ce122cda3844fab301bf3c.jpg","https://www.hayhilldevelopments.co.uk/wp-content/uploads/2024/10/DR-Kitchen-Closeup-Sink-354x238.jpg","The image shows a kitchen sink area."
"Water of Coyle, Drongan","The Highfield","4","https://www.hayhilldevelopments.co.uk/developments/water-of-coyle-drongan/dr-plot-75-highfield/","images/dbf13702e9888787e9ab56c79faa89e73e45714a9666d5277c1e4553eeff6394.jpg","https://www.hayhilldevelopments.co.uk/wp-content/uploads/2024/10/DR-Dining-Kitchen-354x238.jpg","The image shows a dining area."
"Water of Coyle, Drongan","The Highfield","4","https://www.hayhilldevelopments.co.uk/developments/water-of-coyle-drongan/dr-plot-75-highfield/","images/ba66af899f43e38007b743e6f85b27478a5760965aea22079b3cc4ff5ed4336e.jpg","https://www.hayhilldevelopments.co.uk/wp-content/uploads/2025/01/DR-Kitchen-3-354x238.jpg","The image shows a kitchen."
"Water of Coyle, Drongan","The Highfield","4","https://www.hayhilldevelopments.co.uk/developments/water-of-coyle-drongan/dr-plot-75-highfield/","images/7dcbda070c7ee9b363fffe4e7ed69c4d0e3a6f25cd531639ded3c6d4ad407331.jpg","https://www.hayhilldevelopments.co.uk/wp-content/uploads/2024/10/DR-Dining-Kitchen-Living-354x238.jpg","The image shows a dining room."
"Water of Coyle, Drongan","The Highfield","4","https://www.hayhilldevelopments.co.uk/developments/water-of-coyle-drongan/dr-plot-75-highfield/","images/be96039523d4818fe1af6a629816f5c7bbdb2e7040fed3d55e2523217f371fa5.jpg","https://www.hayhilldevelopments.co.uk/wp-content/uploads/2024/10/DR-Dining-2-354x238.jpg","This is a dining room space within a property."
"Water of Coyle, Drongan","The Highfield","4","https://www.hayhilldevelopments.co.uk/developments/water-of-coyle-drongan/dr-plot-75-highfield/","images/2867cdf82bc8455b7a1fecc8a6c3524a128762f7de73466cdfe54d8c3ccf4eec.jpg","https://www.hayhilldevelopments.co.uk/wp-content/uploads/2025/01/DR-Dining-1-354x238.jpg","This is a dining room area."
"Water of Coyle, Drongan","The Highfield","4","https://www.hayhilldevelopments.co.uk/developments/water-of-coyle-drongan/dr-plot-75-highfield/","images/a3dfc68701bff9592c525e5dd71e92f6b79ff23dfdf7432ef9a501db86017d5e.jpg","https://www.hayhilldevelopments.co.uk/wp-content/uploads/2024/10/DR-Dining-Closeup-1-354x238.jpg","This is a dining room table setting."
"Water of Coyle, Drongan","The Highfield","4","https://www.hayhilldevelopments.co.uk/developments/water-of-coyle-drongan/dr-plot-75-highfield/","images/0caf998785377e286a2286d19b605dc0b4913d553dbdc11c82bbde6b51af93dd.jpg","https://www.hayhilldevelopments.co.uk/wp-content/uploads/2024/10/DR-Dining-Closeup-2-354x238.jpg","This is a dining room table setting."
"Water of Coyle, Drongan","The Highfield","4","https://www.hayhilldevelopments.co.uk/developments/water-of-coyle-drongan/dr-plot-75-highfield/","images/831ad877e38c0a136c0192878bebff3770df282e89704289dbc2a2d61df9f13a.jpg","https://www.hayhilldevelopments.co.uk/wp-content/uploads/2025/08/DR-Living-Room-1-354x238.jpg","This is a photograph of a furnished living room area."
"Water of Coyle, Drongan","The Highfield","4","https://www.hayhilldevelopments.co.uk/developments/water-of-coyle-drongan/dr-plot-75-highfield/","images/82d6061938940f1adda02085f9bc68046328b4cdd4b44c1208149a568ecfa2f5.jpg","https://www.hayhilldevelopments.co.uk/wp-content/uploads/2024/10/DR-Living-Room-2-354x238.jpg","This is a photograph of a furnished living room area."
"Water of Coyle, Drongan","The Highfield","4","https://www.hayhilldevelopments.co.uk/developments/water-of-coyle-drongan/dr-plot-75-highfield/","images/04a775904e4c7cfd74a95789a51863b94fcd4463342e7b198eb77e07e9baf0e0.jpg","https://www.hayhilldevelopments.co.uk/wp-content/uploads/2024/10/DR-Living-Room-4-354x238.jpg","This is a photograph of a furnished living room."
"Water of Coyle, Drongan","The Highfield","4","https://www.hayhilldevelopments.co.uk/developments/water-of-coyle-drongan/dr-plot-75-highfield/","images/e4101fecc56671a6b6055e315270e822361b04f9632ae68fc794746845b4727a.jpg","https://www.hayhilldevelopments.co.uk/wp-content/uploads/2024/10/DR-Living-Room-3-354x238.jpg","This is a photograph of a furnished living room."
"Water of Coyle, Drongan","The Highfield","4","https://www.hayhilldevelopments.co.uk/developments/water-of-coyle-drongan/dr-plot-75-highfield/","images/560ae2298663028623da23beb039362283b7db60323c959346514638aa586379.jpg","https://www.hayhilldevelopments.co.uk/wp-content/uploads/2024/10/DR-Bedroom-Closeup-4-354x238.jpg","This is a detailed shot of bedroom furniture and decor."
"Water of Coyle, Drongan","The Highfield","4","https://www.hayhilldevelopments.co.uk/developments/water-of-coyle-drongan/dr-plot-75-highfield/","images/56e45b2034cdd60c5359cb425b6862b750aff0264791afeacbaf9a8a2925034a.jpg","https://www.hayhilldevelopments.co.uk/wp-content/uploads/2024/10/DR-Bedroom-Closeup-2-354x238.jpg","This is a photograph of a bedroom interior."
"Water of Coyle, Drongan","The Highfield","4","https://www.hayhilldevelopments.co.uk/developments/water-of-coyle-drongan/dr-plot-75-highfield/","images/762f740206bc6369277413b1287c81ae7048db5d2564839a3f20ecfde11864df.jpg","https://www.hayhilldevelopments.co.uk/wp-content/uploads/2024/10/DR-Bedroom-2-354x238.jpg","This is a photograph of a bedroom interior."
"Water of Coyle, Drongan","The Highfield","4","https://www.hayhilldevelopments.co.uk/developments/water-of-coyle-drongan/dr-plot-75-highfield/","images/4cb9e4afc0626e1079151b597da40c9b619eda2b74fac13a6886bd15072262fb.jpg","https://www.hayhilldevelopments.co.uk/wp-content/uploads/2024/10/DR-Bedroom-Closeup-5-354x238.jpg","This is a photograph of a bedroom interior."
"Water of Coyle, Drongan","The Highfield","4","https://www.hayhilldevelopments.co.uk/developments/water-of-coyle-drongan/dr-plot-75-highfield/","images/e224848a75736ee483c96f78a277abaaf7a240bf76884b2a028136b4db61239f.jpg","https://www.hayhilldevelopments.co.uk/wp-content/uploads/2024/10/DR-Bedroom4-354x238.jpg","This is a photograph of a bedroom interior."
"Water of Coyle, Drongan","The Highfield","4","https://www.hayhilldevelopments.co.uk/developments/water-of-coyle-drongan/dr-plot-75-highfield/","images/5518879de8e6051b5c5caa5116df56602736bf9656fee20164256d7c5a257486.jpg","https://www.hayhilldevelopments.co.uk/wp-content/uploads/2024/10/DR-Bedroom-Closeup-1-354x238.jpg","This is a photograph of a bedroom interior."
"Water of Coyle, Drongan","The Highfield","4","https://www.hayhilldevelopments.co.uk/developments/water-of-coyle-drongan/dr-plot-75-highfield/","images/4efa28038ec44a79c3869bb99b36330804060dcab4ab84ed184604f15324c05c.jpg","https://www.hayhilldevelopments.co.uk/wp-content/uploads/2024/10/DR-Bedroom-Closeup-6-354x238.jpg","This is a photograph of a bedroom interior."
"Water of Coyle, Drongan","The Highfield","4","https://www.hayhilldevelopments.co.uk/developments/water-of-coyle-drongan/dr-plot-75-highfield/","images/21eb58f1b60949eded73a9fa10a630dc08ccf2774ca384c7fa65503d649e647d.jpg","https://www.hayhilldevelopments.co.uk/wp-content/uploads/2025/08/DR-Bedroom-3-354x238.jpg","The image shows a furnished bedroom."
"Water of Coyle, Drongan","The Highfield","4","https://www.hayhilldevelopments.co.uk/developments/water-of-coyle-drongan/dr-plot-75-highfield/","images/3da68b3833b79bebd04777ab6e1da2a79ecdf32ba7dce6af2ecd440e9c161887.jpg","https://www.hayhilldevelopments.co.uk/wp-content/uploads/2024/10/Dr-Office-Closeup-354x238.jpg","The image shows a desk setup in a room."
"Water of Coyle, Drongan","The Highfield","4","https://www.hayhilldevelopments.co.uk/developments/water-of-coyle-drongan/dr-plot-75-highfield/","images/b803bb14b47c0993a6f0e41e0d3b9af5ad9ef722be527183de339f2ea6cdae97.jpg","https://www.hayhilldevelopments.co.uk/wp-content/uploads/2025/08/DR-Office-354x238.jpg","The image shows a home office or study area."
"Water of Coyle, Drongan","The Highfield","4","https://www.hayhilldevelopments.co.uk/developments/water-of-coyle-drongan/dr-plot-75-highfield/","images/399bf57de4e9a0467a1444d82fa541822de97080d3432aec870cc668892f5678.jpg","https://www.hayhilldevelopments.co.uk/wp-content/uploads/2024/10/DR-Bathroom-Closeup-2-354x238.jpg","The image shows a section of a bathroom."
"Water of Coyle, Drongan","The Highfield","4","https://www.hayhilldevelopments.co.uk/developments/water-of-coyle-drongan/dr-plot-75-highfield/","images/bfeabb552fecbc4fdc2bbc3ce63406f39fae5f876768255ae7c82269069c770e.jpg","https://www.hayhilldevelopments.co.uk/wp-content/uploads/2024/10/DR-Bathroom-Closeup-3-354x238.jpg","The image shows bathroom fixtures."
"Water of Coyle, Drongan","The Highfield","4","https://www.hayhilldevelopments.co.uk/developments/water-of-coyle-drongan/dr-plot-75-highfield/","images/97642bd009ab6b81c071904046a7983a434e785ef65aa5409b697bb7915f3a70.jpg","https://www.hayhilldevelopments.co.uk/wp-content/uploads/2024/10/DR-Bathroom-1-354x238.jpg","The image shows a complete bathroom."
"Water of Coyle, Drongan","The Highfield","4","https://www.hayhilldevelopments.co.uk/developments/water-of-coyle-drongan/dr-plot-75-highfield/","images/a08960ea5c577353d32f67e6ba2e9d92fc38026375db90f36d427e311ee0247d.jpg","https://www.hayhilldevelopments.co.uk/wp-content/uploads/2024/10/DR-Bathroom-3-354x238.jpg","The image shows a small bathroom or cloakroom."
"Water of Coyle, Drongan","The Highfield","4","https://www.hayhilldevelopments.co.uk/developments/water-of-coyle-drongan/dr-plot-75-highfield/","images/49f988e1c2416aa4019d941b0569004534a10ff7650de00b0e7376801a8e7c12.jpg","https://www.hayhilldevelopments.co.uk/wp-content/uploads/2024/10/DR-Bathroom-2-354x238.jpg","The image shows a bathroom."
"Water of Coyle, Drongan","Water of Coyle, Drongan development gallery","","https://www.hayhilldevelopments.co.uk/development/water-of-coyle-drongan/","images/1893ec7d84fd84252963aa0d2bacca8ae7e9b1bfef30f39ddc00041283256215.jpg","https://www.hayhilldevelopments.co.uk/wp-content/uploads/2024/09/Drongan-Showhome-DiningArea-300x200.jpg","This is an interior view of a dining room."
"Water of Coyle, Drongan","Water of Coyle, Drongan development gallery","","https://www.hayhilldevelopments.co.uk/development/water-of-coyle-drongan/","images/63f98f6e12407121d6fbba082cfca2b7a11160bc8712e466d35aec454e6a1df2.jpg","https://www.hayhilldevelopments.co.uk/wp-content/uploads/2024/09/Drongan-Showhome-Kitchen-300x200.jpg","This is an interior view of a kitchen."
"Water of Coyle, Drongan","Water of Coyle, Drongan development gallery","","https://www.hayhilldevelopments.co.uk/development/water-of-coyle-drongan/","images/d609fd60d42e346c535e65e084e701d20b4c5cddc5d32605f4db56311805174f.jpg","https://www.hayhilldevelopments.co.uk/wp-content/uploads/2024/09/Drongan-Showhome-LivingRoom-300x200.jpg","This is an interior view of a living room."
"Water of Coyle, Drongan","Water of Coyle, Drongan development gallery","","https://www.hayhilldevelopments.co.uk/development/water-of-coyle-drongan/","images/20137fc42fad0cf9d8dec8855f67900c3ff409d9127d2ffd04c55096b3e4c9e3.jpg","https://www.hayhilldevelopments.co.uk/wp-content/uploads/2024/09/Drongan-Showhome-Master-Bedroom-300x200.jpg","This is a photograph of a bedroom interior."
"Water of Coyle, Drongan","Water of Coyle, Drongan development gallery","","https://www.hayhilldevelopments.co.uk/development/water-of-coyle-drongan/","images/ca8d3ace466453940713221f7d5b4adce21005b8ee548b4d7df10fac82252003.jpg","https://www.hayhilldevelopments.co.uk/wp-content/uploads/2024/09/Drongan-Showhome-Bedroom-2-300x200.jpg","This is a photograph of a bedroom interior."
"Water of Coyle, Drongan","Water of Coyle, Drongan development gallery","","https://www.hayhilldevelopments.co.uk/development/water-of-coyle-drongan/","images/f87e7112b2cfb9f6463bd70efad26907e2f20508f95904256fbb16423b9a766c.jpg","https://www.hayhilldevelopments.co.uk/wp-content/uploads/2024/09/Drongan-Showhome-Office-300x200.jpg","The room is clearly set up as a workspace with a desk and chair, and lacks a bed."
"Water of Coyle, Drongan","Water of Coyle, Drongan development gallery","","https://www.hayhilldevelopments.co.uk/development/water-of-coyle-drongan/","images/39eba219af1c80c10a712235f1a6ecff57429a5a1a46b8b401672061d6c4636c.jpg","https://www.hayhilldevelopments.co.uk/wp-content/uploads/2024/09/Drongan-Showhome-Bath-300x200.jpg","The presence of a bathtub, toilet, and sink confirms this is a bathroom."
"Water of Coyle, Drongan","Water of Coyle, Drongan development gallery","","https://www.hayhilldevelopments.co.uk/development/water-of-coyle-drongan/","images/7101897c4c82899b38b533b533d618def9af5e63c157cb7cae95b01be00c6d84.jpg","https://www.hayhilldevelopments.co.uk/wp-content/uploads/2024/09/Drongan-Showhome-WC-300x200.jpg","The small size and presence of only a toilet and sink indicate a cloakroom or powder room."
"Water of Coyle, Drongan","Water of Coyle, Drongan development gallery","","https://www.hayhilldevelopments.co.uk/development/water-of-coyle-drongan/","images/44d636966742bb82a3d8bee171d6c50aac681171393614e4bdcbd0193bdeb8a7.jpg","https://www.hayhilldevelopments.co.uk/wp-content/uploads/2024/09/Drongan-Showhome-Exterior-300x200.jpg","The image depicts the exterior of a residential property."
"Water of Coyle, Drongan","Water of Coyle, Drongan development gallery","","https://www.hayhilldevelopments.co.uk/development/water-of-coyle-drongan/","images/19bbac7cef64856456b0fca96b82bf7075f461199e3fa51622cd4ac97bba1e7d.jpg","https://www.hayhilldevelopments.co.uk/wp-content/uploads/2024/10/DR-Dining-2-260x260.jpg","The furniture arrangement is clearly a dining room setup."
"Water of Coyle, Drongan","Water of Coyle, Drongan development gallery","","https://www.hayhilldevelopments.co.uk/development/water-of-coyle-drongan/","images/ccadc4abd5306da1e49bc0b615319b854c67527ef25987c64d988a0ba639d6cf.jpg","https://www.hayhilldevelopments.co.uk/wp-content/uploads/2024/10/DR-Bedroom-Closeup-6-260x260.jpg","The presence of a bed and bedside furniture identifies this as a bedroom."
"Water of Coyle, Drongan","Water of Coyle, Drongan development gallery","","https://www.hayhilldevelopments.co.uk/development/water-of-coyle-drongan/","images/5df758f601ba7fb7cd4a864f137603af302ee23aa8289f313fc39b8316b42418.jpg","https://www.hayhilldevelopments.co.uk/wp-content/uploads/2024/10/DR-Living-Room-2-260x260.jpg","This is a detail shot of furniture within a living room setting."
"Water of Coyle, Drongan","Water of Coyle, Drongan development gallery","","https://www.hayhilldevelopments.co.uk/development/water-of-coyle-drongan/","images/51f91b33f2c2bc43b7c1d422009e703534ff46b94e1962c261a0a7bec3573c35.jpg","https://www.hayhilldevelopments.co.uk/wp-content/uploads/2024/10/DR-Bedroom-1-260x260.jpg","The image clearly shows a bedroom with beds."
"Water of Coyle, Drongan","Water of Coyle, Drongan development gallery","","https://www.hayhilldevelopments.co.uk/development/water-of-coyle-drongan/","images/e4d6fdebf5cab2c6b32b893a93a1d8fe8d6f735ef421c518c40a10caccc96b0d.jpg","https://www.hayhilldevelopments.co.uk/wp-content/uploads/2024/09/Drongan-Showhome-Kitchen-260x260.jpg","The image shows a functional kitchen space with cabinetry and appliances."
"Water of Coyle, Drongan","Water of Coyle, Drongan development gallery","","https://www.hayhilldevelopments.co.uk/development/water-of-coyle-drongan/","images/93f345d34dcba5fbdcd84b901a68fae76960c62b0980165b03383fb350e6ed1f.jpg","https://www.hayhilldevelopments.co.uk/wp-content/uploads/2025/10/Drongan-Showhome-DETAILS-74-260x260.jpg","The image depicts a dining table setting."
"Water of Coyle, Drongan","Water of Coyle, Drongan development gallery","","https://www.hayhilldevelopments.co.uk/development/water-of-coyle-drongan/","images/0094f7e22abce0e99a67ad69a1acfa918340035745b506df26280978d5e0f5d5.jpg","https://www.hayhilldevelopments.co.uk/wp-content/uploads/2024/10/Lochlea-Kitchen-3-260x260.jpg","The image shows a fully equipped kitchen area."
"Water of Coyle, Drongan","Water of Coyle, Drongan development gallery","","https://www.hayhilldevelopments.co.uk/development/water-of-coyle-drongan/","images/ed466802b7c99ff68d44508b67712dbc09d77cf11531627c5e2b28065ddec6e2.jpg","https://www.hayhilldevelopments.co.uk/wp-content/uploads/2025/03/BP-Living-Room-260x260.jpg","The image depicts a furnished living room area."
"Water of Coyle, Drongan","Water of Coyle, Drongan development gallery","","https://www.hayhilldevelopments.co.uk/development/water-of-coyle-drongan/","images/ecdbfaf93660b80ccce1163c4837faead8fd7ed2006bc6e2d931bd0c53821524.jpg","https://www.hayhilldevelopments.co.uk/wp-content/uploads/2026/02/HAYHILL-HEIGHTS-DETAILS-60-260x260.jpg","The image shows a bedroom interior."
"Water of Coyle, Drongan","Water of Coyle, Drongan development gallery","","https://www.hayhilldevelopments.co.uk/development/water-of-coyle-drongan/","images/a7da80e25100bf1e080115eefa50a4d0a93536a72f7036472608e0ec61a52413.jpg","https://www.hayhilldevelopments.co.uk/wp-content/uploads/2024/10/DR-Living-Room-4-260x260.jpg","The image depicts a furnished living room."
"Water of Coyle, Drongan","Water of Coyle, Drongan development gallery","","https://www.hayhilldevelopments.co.uk/development/water-of-coyle-drongan/","images/45364609cfbda92d500145dbd8398248a09493afdf78f0b82eb09f59e26b3eeb.jpg","https://www.hayhilldevelopments.co.uk/wp-content/uploads/2024/10/DR-Kitchen-1-260x260.jpg","The image depicts a kitchen space with cooking facilities and cabinetry."
"Water of Coyle, Drongan","Water of Coyle, Drongan development gallery","","https://www.hayhilldevelopments.co.uk/development/water-of-coyle-drongan/","images/b477438c90939dc9a9cefdb7c25d3ac0150df0e0f615d61e2de8ada651acfcf5.jpg","https://www.hayhilldevelopments.co.uk/wp-content/uploads/2025/03/BP-Office-260x260.jpg","The room is furnished as a study or home office."
"Water of Coyle, Drongan","Water of Coyle, Drongan development gallery","","https://www.hayhilldevelopments.co.uk/development/water-of-coyle-drongan/","images/48f820764369237a212465379e5f8b11aa7acff3e0c801179d78799c14bd2109.jpg","https://www.hayhilldevelopments.co.uk/wp-content/uploads/2024/10/Lochlea-Kitchen-Closeup-260x260.jpg","The image shows part of a kitchen interior."
"Water of Coyle, Drongan","Water of Coyle, Drongan development gallery","","https://www.hayhilldevelopments.co.uk/development/water-of-coyle-drongan/","images/daebb1320b795bae6c8057241b2a7f8bf19a4e0512c6961d05122e7796f647ef.jpg","https://www.hayhilldevelopments.co.uk/wp-content/uploads/2024/09/Drongan-Showhome-Office-260x260.jpg","The room is set up as a home office or study."
"Water of Coyle, Drongan","Water of Coyle, Drongan development gallery","","https://www.hayhilldevelopments.co.uk/development/water-of-coyle-drongan/","images/01d0fefbfeed20c8bbaeda5625ca09fa4195b059141694581c91341ecd8e3d54.jpg","https://www.hayhilldevelopments.co.uk/wp-content/uploads/2024/10/Lochlea-Exterior-260x260.jpg","This is an exterior view of a house."
"Water of Coyle, Drongan","Water of Coyle, Drongan development gallery","","https://www.hayhilldevelopments.co.uk/development/water-of-coyle-drongan/","images/78e6bffb4f56786ad02e81cd129592cd90bf2fbfefcff4d3b59a9fc71403f42a.jpg","https://www.hayhilldevelopments.co.uk/wp-content/uploads/2025/10/Drongan-Showhome-DETAILS-14-260x260.jpg","This is a photograph of a dining room table setting."
"Water of Coyle, Drongan","Water of Coyle, Drongan development gallery","","https://www.hayhilldevelopments.co.uk/development/water-of-coyle-drongan/","images/81d70287c1d45114371efc3718429cd99a1f1548d3bc5c55990dd2b99834194a.jpg","https://www.hayhilldevelopments.co.uk/wp-content/uploads/2024/10/DR-Highfield.jpg","This is an exterior view of a house."
"Water of Coyle, Drongan","Water of Coyle, Drongan development gallery","","https://www.hayhilldevelopments.co.uk/development/water-of-coyle-drongan/","images/ae003871a9c0f5a81dcc5885153974df3b3e59cafe11ec76b2aaeef767839d84.jpg","https://www.hayhilldevelopments.co.uk/wp-content/uploads/2024/09/DR-Development.jpg","This is an exterior view of a residential property development."
"Water of Coyle, Drongan","Water of Coyle, Drongan development gallery","","https://www.hayhilldevelopments.co.uk/development/water-of-coyle-drongan/","images/196636b74dd3ec828599c256c9f763068f0c77f2b35405a3785f9e8715bbc357.jpg","https://www.hayhilldevelopments.co.uk/wp-content/uploads/2024/09/DR-Landscape.jpg","This is an exterior landscape view."
"Water of Coyle, Drongan","Water of Coyle, Drongan development gallery","","https://www.hayhilldevelopments.co.uk/development/water-of-coyle-drongan/","images/5ce1bda0885c596467cdbb81d27f5b18ade28b9b619c96ab5debc16c06fa486f.jpg","https://www.hayhilldevelopments.co.uk/wp-content/uploads/2025/10/Portnellan-VR-Tour-scaled.jpg","This is a photograph or render of the exterior of a property."
"Water of Coyle, Drongan","Water of Coyle, Drongan development gallery","","https://www.hayhilldevelopments.co.uk/development/water-of-coyle-drongan/","images/ceef168b436236e7c622e45ae44b09c57ebd122e6cf39394d44f8b531790e1bc.jpg","https://www.hayhilldevelopments.co.uk/wp-content/uploads/2025/10/Highfield-VR-Tour-New-scaled.jpg","This is a photograph or render of the exterior of a property."
"Water of Coyle, Drongan","Water of Coyle, Drongan development gallery","","https://www.hayhilldevelopments.co.uk/development/water-of-coyle-drongan/","images/cf40a865bbb207afea1a35f87fba0ec56a4811d07495cab4e2e35624c70e07f9.jpg","https://www.hayhilldevelopments.co.uk/wp-content/uploads/2025/10/Eglington-VR-Tour-New-scaled.jpg","This is an exterior photograph of a residential property."
"Water of Coyle, Drongan","Water of Coyle, Drongan development gallery","","https://www.hayhilldevelopments.co.uk/development/water-of-coyle-drongan/","images/eec249932bc75e0de03c0a59e7ecde4c0e033f9fa3a5a24926b61acaff28691b.jpg","https://www.hayhilldevelopments.co.uk/wp-content/uploads/2025/10/Longlands-VR-Tour-New-scaled.jpg","This is an exterior photograph of a residential property."
"Water of Coyle, Drongan","Water of Coyle, Drongan development gallery","","https://www.hayhilldevelopments.co.uk/development/water-of-coyle-drongan/","images/3a75d146fc64ccdc2eb0c82f22a396dcad527690bbbd4c08dd9150f8b54d9944.jpg","https://www.hayhilldevelopments.co.uk/wp-content/uploads/2025/10/Wellwood-VR-Tour-scaled.jpg","This is an exterior photograph of residential properties."
"Water of Coyle, Drongan","Water of Coyle, Drongan development gallery","","https://www.hayhilldevelopments.co.uk/development/water-of-coyle-drongan/","images/d7351257f87719c140bf7874890a34d20d528a3e4cc0e7dad1671e129884418d.jpg","https://www.hayhilldevelopments.co.uk/wp-content/uploads/2024/09/Drongan-Showhome-DiningArea-1024x683.jpg","This is a photograph of a dining room."
"Water of Coyle, Drongan","Water of Coyle, Drongan development gallery","","https://www.hayhilldevelopments.co.uk/development/water-of-coyle-drongan/","images/a71e49c9e240e421237fe0c9621e6348cdab5eb9cd0f811cca8e4e5549027c33.jpg","https://www.hayhilldevelopments.co.uk/wp-content/uploads/2024/09/Drongan-Showhome-Master-Bedroom-1024x683.jpg","This is a bedroom interior."
"Water of Coyle, Drongan","Water of Coyle, Drongan development gallery","","https://www.hayhilldevelopments.co.uk/development/water-of-coyle-drongan/","images/71ef4cb464ec9d0c9265319caca9151ab143329e2dd02e13ebf16394f7e0a224.jpg","https://www.hayhilldevelopments.co.uk/wp-content/uploads/2024/09/Drongan-Showhome-Bedroom-2-1024x683.jpg","This is a bedroom interior."
"Water of Coyle, Drongan","Water of Coyle, Drongan development gallery","","https://www.hayhilldevelopments.co.uk/development/water-of-coyle-drongan/","images/2277c46a887d4544ed20406c17f82c744ab4f0eac848121fbc2eedaf0e528238.jpg","https://www.hayhilldevelopments.co.uk/wp-content/uploads/2024/09/Drongan-Showhome-Bath-1024x683.jpg","This is a photograph of a functional bathroom in a residential property."