"development","house_type","bedrooms","price","url","plots","images","matched_images"
"Alder Heights","Radleigh · Plot 198","4","329995","https://www.barratthomes.co.uk/new-homes/dev002681-alder-heights/plot-198-h8902198/","198","10","10"
"Heathfield Nook","Otmoor · Plot 144","3","339000","https://www.barratthomes.co.uk/new-homes/dev001978-heathfield-nook/plot-144-h7739144/","144","10","10"
"Heathfield Nook","Hopton · Plot 148","3","363000","https://www.barratthomes.co.uk/new-homes/dev001978-heathfield-nook/plot-148-h7739148/","148","9","9"
"Heathfield Nook","Wallasea · Plot 150","4","419000","https://www.barratthomes.co.uk/new-homes/dev001978-heathfield-nook/plot-150-h7739150/","150","10","10"
"Heathfield Nook","Wallasea · Plot 145","4","420000","https://www.barratthomes.co.uk/new-homes/dev001978-heathfield-nook/plot-145-h7739145/","145","10","10"
"Hilliers Heights","Maidstone · Plot 48","3","352995","https://www.barratthomes.co.uk/new-homes/dev002989-hilliers-heights/plot-48-h837848/","48","7","7"
"Hilliers Heights","Moresby · Plot 47","3","362995","https://www.barratthomes.co.uk/new-homes/dev002989-hilliers-heights/plot-47-h837847/","47","8","8"
"Hilliers Heights","Denford · Plot 44","2","","https://www.barratthomes.co.uk/new-homes/dev002989-hilliers-heights/plot-44-h837844/","44","7","7"
"Hilliers Heights","Norbury · Plot 49","3","","https://www.barratthomes.co.uk/new-homes/dev002989-hilliers-heights/plot-49-h837849/","49","8","8"
"Hilliers Heights","Alfreton · Plot 1","4","","https://www.barratthomes.co.uk/new-homes/dev002989-hilliers-heights/plot-1-h83781/","1","10","10"
"Hilliers Heights","Kingsley · Plot 52","4","","https://www.barratthomes.co.uk/new-homes/dev002989-hilliers-heights/plot-52-h837852/","52","9","9"
"Hilliers Heights","Lamberton · Plot 51","5","","https://www.barratthomes.co.uk/new-homes/dev002989-hilliers-heights/plot-51-h837851/","51","10","10"
"Hilliers Heights","Lamberton · Plot 2","5","","https://www.barratthomes.co.uk/new-homes/dev002989-hilliers-heights/plot-2-h83782/","2","10","10"
"Hilliers Heights","Maidstone · Plot 3","3","","https://www.barratthomes.co.uk/new-homes/dev002989-hilliers-heights/plot-3-h83783/","3","7","7"
"Afon Las @ Plasdŵr","Maidstone · Plot 179","3","359000","https://www.barratthomes.co.uk/new-homes/dev002848-afon-las-@-plasd%C5%B5r/plot-179-h8644179/","179","9","9"
"Afon Las @ Plasdŵr","Maidstone · Plot 180","3","359000","https://www.barratthomes.co.uk/new-homes/dev002848-afon-las-@-plasd%C5%B5r/plot-180-h8644180/","180","9","9"
"Afon Las @ Plasdŵr","Kingsville · Plot 84","3","412000","https://www.barratthomes.co.uk/new-homes/dev002848-afon-las-@-plasd%C5%B5r/plot-84-h864484/","84","10","10"
"Afon Las @ Plasdŵr","Kingsville · Plot 83","3","412000","https://www.barratthomes.co.uk/new-homes/dev002848-afon-las-@-plasd%C5%B5r/plot-83-h864483/","83","10","10"
"Afon Las @ Plasdŵr","Chester · Plot 182","4","436000","https://www.barratthomes.co.uk/new-homes/dev002848-afon-las-@-plasd%C5%B5r/plot-182-h8644182/","182","10","10"
"Afon Las @ Plasdŵr","Kingsley · Plot 181","4","482000","https://www.barratthomes.co.uk/new-homes/dev002848-afon-las-@-plasd%C5%B5r/plot-181-h8644181/","181","10","10"
"Afon Las @ Plasdŵr","Kingsley · Plot 176","4","482000","https://www.barratthomes.co.uk/new-homes/dev002848-afon-las-@-plasd%C5%B5r/plot-176-h8644176/","176","10","10"
"Afon Las @ Plasdŵr","ALDERNEY · Plot 217","4","523000","https://www.barratthomes.co.uk/new-homes/dev002848-afon-las-@-plasd%C5%B5r/plot-217-h8644217/","217","10","10"
"Afon Las @ Plasdŵr","Radleigh · Plot 108","4","","https://www.barratthomes.co.uk/new-homes/dev002848-afon-las-@-plasd%C5%B5r/plot-108-h8644108/","108","10","10"
"Monaveen Gardens","Holywell · Plot 36","2","319000","https://www.barratthomes.co.uk/new-homes/dev003171-monaveen-gardens/plot-36-h939036/","36","7","7"
"Monaveen Gardens","Nene · Plot 44","2","319000","https://www.barratthomes.co.uk/new-homes/dev003171-monaveen-gardens/plot-44-h939044/","44","6","6"
"Monaveen Gardens","Holywell · Plot 35","2","319000","https://www.barratthomes.co.uk/new-homes/dev003171-monaveen-gardens/plot-35-h939035/","35","7","7"
"Monaveen Gardens","Nene · Plot 43","2","319000","https://www.barratthomes.co.uk/new-homes/dev003171-monaveen-gardens/plot-43-h939043/","43","7","7"
"Monaveen Gardens","Martham · Plot 30","2","415000","https://www.barratthomes.co.uk/new-homes/dev003171-monaveen-gardens/plot-30-h939030/","30","8","8"
"Monaveen Gardens","Marwood · Plot 33","3","420000","https://www.barratthomes.co.uk/new-homes/dev003171-monaveen-gardens/plot-33-h939033/","33","9","9"
"Monaveen Gardens","Martham · Plot 37","2","420000","https://www.barratthomes.co.uk/new-homes/dev003171-monaveen-gardens/plot-37-h939037/","37","6","6"
"Monaveen Gardens","Cattawade · Plot 34","4","612000","https://www.barratthomes.co.uk/new-homes/dev003171-monaveen-gardens/plot-34-h939034/","34","10","10"
"Kings Court","Ramsey · Plot 94","2","259000","https://www.barratthomes.co.uk/new-homes/dev003077-kings-court/plot-94-ha37994/","94","7","7"
"Kings Court","Ramsey · Plot 95","2","263000","https://www.barratthomes.co.uk/new-homes/dev003077-kings-court/plot-95-ha37995/","95","6","6"
"Kings Court","Moresby · Plot 79","3","315000","https://www.barratthomes.co.uk/new-homes/dev003077-kings-court/plot-79-ha37979/","79","8","8"
"Kings Court","Mildenhall · Plot 97","3","325000","https://www.barratthomes.co.uk/new-homes/dev003077-kings-court/plot-97-ha37997/","97","8","8"
"Kings Court","Mildenhall · Plot 98","3","335000","https://www.barratthomes.co.uk/new-homes/dev003077-kings-court/plot-98-ha37998/","98","8","8"
"Kings Court","Tudeley · Plot 81","4","405000","https://www.barratthomes.co.uk/new-homes/dev003077-kings-court/plot-81-ha37981/","81","8","8"
"Kings Court","Ashburton · Plot 89","4","465000","https://www.barratthomes.co.uk/new-homes/dev003077-kings-court/plot-89-ha37989/","89","7","7"
"Kings Court","Ashburton · Plot 90","4","477500","https://www.barratthomes.co.uk/new-homes/dev003077-kings-court/plot-90-ha37990/","90","10","10"
"Kings Court","Alfreton · Plot 80","4","500000","https://www.barratthomes.co.uk/new-homes/dev003077-kings-court/plot-80-ha37980/","80","7","7"
"Kings Court","Mildenhall · Plot 91","3","","https://www.barratthomes.co.uk/new-homes/dev003077-kings-court/plot-91-ha37991/","91","8","8"
"Kings Court","Alfreton · Plot 93","4","","https://www.barratthomes.co.uk/new-homes/dev003077-kings-court/plot-93-ha37993/","93","10","10"
"Laurel Chase","Maidstone · Plot 15","3","284995","https://www.barratthomes.co.uk/new-homes/dev002951-laurel-chase/plot-15-h873415/","15","8","8"
"Laurel Chase","Maidstone · Plot 18","3","284995","https://www.barratthomes.co.uk/new-homes/dev002951-laurel-chase/plot-18-h873418/","18","8","8"
"Laurel Chase","Maidstone · Plot 17","3","284995","https://www.barratthomes.co.uk/new-homes/dev002951-laurel-chase/plot-17-h873417/","17","8","8"
"Laurel Chase","Moresby · Plot 45","3","321995","https://www.barratthomes.co.uk/new-homes/dev002951-laurel-chase/plot-45-h873445/","45","10","10"
"Laurel Chase","Lockton · Plot 24","3","332995","https://www.barratthomes.co.uk/new-homes/dev002951-laurel-chase/plot-24-h873424/","24","7","7"
"Laurel Chase","Lockton · Plot 23","3","332995","https://www.barratthomes.co.uk/new-homes/dev002951-laurel-chase/plot-23-h873423/","23","7","7"
"Laurel Chase","Kingsley · Plot 41","4","384995","https://www.barratthomes.co.uk/new-homes/dev002951-laurel-chase/plot-41-h873441/","41","10","10"
"Laurel Chase","Kingsley · Plot 20","4","387995","https://www.barratthomes.co.uk/new-homes/dev002951-laurel-chase/plot-20-h873420/","20","10","10"
"Laurel Chase","Alderney · Plot 44","4","427995","https://www.barratthomes.co.uk/new-homes/dev002951-laurel-chase/plot-44-h873444/","44","8","8"
"Laurel Chase","Riggit · Plot 21","4","429995","https://www.barratthomes.co.uk/new-homes/dev002951-laurel-chase/plot-21-h873421/","21","10","10"
"Laurel Chase","Radleigh · Plot 22","4","469995","https://www.barratthomes.co.uk/new-homes/dev002951-laurel-chase/plot-22-h873422/","22","9","9"
"Laurel Chase","Radleigh · Plot 25","4","471995","https://www.barratthomes.co.uk/new-homes/dev002951-laurel-chase/plot-25-h873425/","25","9","9"
"Laurel Chase","Radleigh · Plot 13","4","474995","https://www.barratthomes.co.uk/new-homes/dev002951-laurel-chase/plot-13-h873413/","13","10","10"
"Laurel Chase","Fallow · Plot 8","5","529995","https://www.barratthomes.co.uk/new-homes/dev002951-laurel-chase/plot-8-h87348/","8","9","9"
"Laurel Chase","Marlowe · Plot 1","5","","https://www.barratthomes.co.uk/new-homes/dev002951-laurel-chase/plot-1-h87341/","1","10","10"
"Laurel Chase","Radleigh · Plot 2","4","","https://www.barratthomes.co.uk/new-homes/dev002951-laurel-chase/plot-2-h87342/","2","10","10"
"Old Durham Gate","Kittiwake · Plot 190","3","244995","https://www.barratthomes.co.uk/new-homes/dev002581-old-durham-gate/plot-190-h8533190/","190","5","5"
"Old Durham Gate","Texel · Plot 186","4","304995","https://www.barratthomes.co.uk/new-homes/dev002581-old-durham-gate/plot-186-h8533186/","186","6","6"
"Old Durham Gate","Brambling · Plot 197","5","419995","https://www.barratthomes.co.uk/new-homes/dev002581-old-durham-gate/plot-197-h8533197/","197","10","10"
"Old Durham Gate","Maidstone · Plot 15","3","232995","https://www.barratthomes.co.uk/new-homes/dev002581-old-durham-gate/plot-15-h853315/","15","8","8"
"Old Durham Gate","Maidstone · Plot 12","3","236995","https://www.barratthomes.co.uk/new-homes/dev002581-old-durham-gate/plot-12-h853312/","12","7","7"
"Old Durham Gate","Starling · Plot 29","3","294995","https://www.barratthomes.co.uk/new-homes/dev002581-old-durham-gate/plot-29-h853329/","29","6","6"
"Old Durham Gate","Starling · Plot 28","3","299995","https://www.barratthomes.co.uk/new-homes/dev002581-old-durham-gate/plot-28-h853328/","28","6","6"
"Old Durham Gate","Blackbird · Plot 114","4","312995","https://www.barratthomes.co.uk/new-homes/dev002581-old-durham-gate/plot-114-h8533114/","114","6","6"
"Old Durham Gate","Texel · Plot 120","4","324995","https://www.barratthomes.co.uk/new-homes/dev002581-old-durham-gate/plot-120-h8533120/","120","6","6"
"Old Durham Gate","Nightjar · Plot 11","4","339995","https://www.barratthomes.co.uk/new-homes/dev002581-old-durham-gate/plot-11-h853311/","11","7","7"
"Old Durham Gate","Kestral · Plot 10","4","389995","https://www.barratthomes.co.uk/new-homes/dev002581-old-durham-gate/plot-10-h853310/","10","8","8"
"Old Durham Gate","Brambling · Plot 115","5","429995","https://www.barratthomes.co.uk/new-homes/dev002581-old-durham-gate/plot-115-h8533115/","115","10","10"
"Old Durham Gate","Fallow · Plot 122","5","434995","https://www.barratthomes.co.uk/new-homes/dev002581-old-durham-gate/plot-122-h8533122/","122","9","9"
"Old Durham Gate","Brambling · Plot 125","5","434995","https://www.barratthomes.co.uk/new-homes/dev002581-old-durham-gate/plot-125-h8533125/","125","10","10"
"Old Durham Gate","Brambling · Plot 126","5","435995","https://www.barratthomes.co.uk/new-homes/dev002581-old-durham-gate/plot-126-h8533126/","126","10","10"
"Old Durham Gate","Brambling · Plot 129","5","437995","https://www.barratthomes.co.uk/new-homes/dev002581-old-durham-gate/plot-129-h8533129/","129","8","8"
"Old Durham Gate","Brambling · Plot 128","5","438995","https://www.barratthomes.co.uk/new-homes/dev002581-old-durham-gate/plot-128-h8533128/","128","9","9"
"Old Durham Gate","Brambling · Plot 123","5","439995","https://www.barratthomes.co.uk/new-homes/dev002581-old-durham-gate/plot-123-h8533123/","123","9","9"
"Old Durham Gate","Riggit · Plot 1","4","","https://www.barratthomes.co.uk/new-homes/dev002581-old-durham-gate/plot-1-h85331/","1","10","10"
"Old Durham Gate","Fallow · Plot 2","5","","https://www.barratthomes.co.uk/new-homes/dev002581-old-durham-gate/plot-2-h85332/","2","10","10"
"Old Durham Gate","Brambling · Plot 132","5","","https://www.barratthomes.co.uk/new-homes/dev002581-old-durham-gate/plot-132-h8533132/","132","10","10"
"Anvil Place","Kenley · Plot 43","2","249995","https://www.barratthomes.co.uk/new-homes/dev-002592-anvil-place/plot-43-h866543/","43","10","10"
"Anvil Place","Denford · Plot 47","2","249995","https://www.barratthomes.co.uk/new-homes/dev-002592-anvil-place/plot-47-h866547/","47","8","8"
"Anvil Place","Denford · Plot 46","2","249999","https://www.barratthomes.co.uk/new-homes/dev-002592-anvil-place/plot-46-h866546/","46","8","8"
"Anvil Place","Kingsville · Plot 19","3","340000","https://www.barratthomes.co.uk/new-homes/dev-002592-anvil-place/plot-19-h866519/","19","8","8"
"Anvil Place","Moresby · Plot 25","3","340995","https://www.barratthomes.co.uk/new-homes/dev-002592-anvil-place/plot-25-h866525/","25","9","9"
"Anvil Place","Kingsville · Plot 23","3","345000","https://www.barratthomes.co.uk/new-homes/dev-002592-anvil-place/plot-23-h866523/","23","10","10"
"Anvil Place","Kingsville · Plot 22","3","345000","https://www.barratthomes.co.uk/new-homes/dev-002592-anvil-place/plot-22-h866522/","22","10","10"
"Anvil Place","Kingsley · Plot 45","4","394995","https://www.barratthomes.co.uk/new-homes/dev-002592-anvil-place/plot-45-h866545/","45","10","10"
"Anvil Place","Kingsville · Plot 3","3","","https://www.barratthomes.co.uk/new-homes/dev-002592-anvil-place/plot-3-h86653/","3","10","10"
"Anvil Place","Moresby · Plot 4","3","","https://www.barratthomes.co.uk/new-homes/dev-002592-anvil-place/plot-4-h86654/","4","10","10"
"Pebble Walk","Denford · Plot 100","2","299000","https://www.barratthomes.co.uk/new-homes/dev001985-pebble-walk/plot-100-h7396100/","100","6","6"
"Pebble Walk","Ellerton · Plot 69","3","349000","https://www.barratthomes.co.uk/new-homes/dev001985-pebble-walk/plot-69-h739669/","69","8","8"
"Pebble Walk","Ellerton · Plot 67","3","360000","https://www.barratthomes.co.uk/new-homes/dev001985-pebble-walk/plot-67-h739667/","67","8","8"
"Pebble Walk","Moresby · Plot 66","3","375000","https://www.barratthomes.co.uk/new-homes/dev001985-pebble-walk/plot-66-h739666/","66","7","7"
"Pebble Walk","Maidstone · Plot 97","3","380000","https://www.barratthomes.co.uk/new-homes/dev001985-pebble-walk/plot-97-h739697/","97","8","8"
"Pebble Walk","Moresby · Plot 110","3","380000","https://www.barratthomes.co.uk/new-homes/dev001985-pebble-walk/plot-110-h7396110/","110","8","8"
"Pebble Walk","Maidstone · Plot 98","3","380000","https://www.barratthomes.co.uk/new-homes/dev001985-pebble-walk/plot-98-h739698/","98","8","8"
"Pebble Walk","Chester · Plot 63","4","430000","https://www.barratthomes.co.uk/new-homes/dev001985-pebble-walk/plot-63-h739663/","63","9","9"
"Pebble Walk","Chester · Plot 64","4","430000","https://www.barratthomes.co.uk/new-homes/dev001985-pebble-walk/plot-64-h739664/","64","9","9"
"Pebble Walk","Kingsley · Plot 68","4","470000","https://www.barratthomes.co.uk/new-homes/dev001985-pebble-walk/plot-68-h739668/","68","10","10"
"Pebble Walk","Kingsley · Plot 71","4","485000","https://www.barratthomes.co.uk/new-homes/dev001985-pebble-walk/plot-71-h739671/","71","10","10"
"Pebble Walk","Kingsville · Plot 4","3","","https://www.barratthomes.co.uk/new-homes/dev001985-pebble-walk/plot-4-h73964/","4","10","10"
"Pebble Walk","Moresby · Plot 3","3","","https://www.barratthomes.co.uk/new-homes/dev001985-pebble-walk/plot-3-h73963/","3","9","9"
"Thornberry Gardens","Ellerton · Plot 81","3","249995","https://www.barratthomes.co.uk/new-homes/dev-002590-thornberry-gardens/plot-81-h822181/","81","8","8"
"Thornberry Gardens","Maidstone · Plot 85","3","249995","https://www.barratthomes.co.uk/new-homes/dev-002590-thornberry-gardens/plot-85-h822185/","85","8","8"
"Thornberry Gardens","Maidstone · Plot 88","3","249995","https://www.barratthomes.co.uk/new-homes/dev-002590-thornberry-gardens/plot-88-h822188/","88","8","8"
"Thornberry Gardens","Maidstone · Plot 86","3","249995","https://www.barratthomes.co.uk/new-homes/dev-002590-thornberry-gardens/plot-86-h822186/","86","7","7"
"Thornberry Gardens","Maidstone · Plot 89","3","254995","https://www.barratthomes.co.uk/new-homes/dev-002590-thornberry-gardens/plot-89-h822189/","89","8","8"
"Thornberry Gardens","Moresby · Plot 91","3","279995","https://www.barratthomes.co.uk/new-homes/dev-002590-thornberry-gardens/plot-91-h822191/","91","8","8"
"Thornberry Gardens","Kingsley · Plot 87","4","334995","https://www.barratthomes.co.uk/new-homes/dev-002590-thornberry-gardens/plot-87-h822187/","87","8","8"
"Thornberry Gardens","RIPON · Plot 101","4","349995","https://www.barratthomes.co.uk/new-homes/dev-002590-thornberry-gardens/plot-101-h8221101/","101","8","8"
"Thornberry Gardens","WINDERMERE · Plot 6","4","","https://www.barratthomes.co.uk/new-homes/dev-002590-thornberry-gardens/plot-6-h82216/","6","10","10"
"Thornberry Gardens","ELLERTON · Plot 5","3","","https://www.barratthomes.co.uk/new-homes/dev-002590-thornberry-gardens/plot-5-h82215/","5","10","10"
"Okement Park","Ellerton · Plot 41","3","272500","https://www.barratthomes.co.uk/new-homes/dev001011-okement-park/plot-41-h857341/","41","8","8"
"Okement Park","Moresby · Plot 40","3","294995","https://www.barratthomes.co.uk/new-homes/dev001011-okement-park/plot-40-h857340/","40","7","7"
"Okement Park","Moresby · Plot 180","3","299995","https://www.barratthomes.co.uk/new-homes/dev001011-okement-park/plot-180-h8219180/","180","8","8"
"Okement Park","Denby · Plot 51","3","334995","https://www.barratthomes.co.uk/new-homes/dev001011-okement-park/plot-51-h857351/","51","7","7"
"Okement Park","Chester · Plot 186","4","349995","https://www.barratthomes.co.uk/new-homes/dev001011-okement-park/plot-186-h8219186/","186","9","9"
"Okement Park","Chester · Plot 184","4","354995","https://www.barratthomes.co.uk/new-homes/dev001011-okement-park/plot-184-h8219184/","184","9","9"
"Okement Park","Windermere · Plot 50","4","359995","https://www.barratthomes.co.uk/new-homes/dev001011-okement-park/plot-50-h857350/","50","9","9"
"Okement Park","Chester · Plot 185","4","360995","https://www.barratthomes.co.uk/new-homes/dev001011-okement-park/plot-185-h8219185/","185","8","8"
"Okement Park","Radleigh · Plot 183","4","415995","https://www.barratthomes.co.uk/new-homes/dev001011-okement-park/plot-183-h8219183/","183","10","10"
"Okement Park","Kenley · Plot 3","2","","https://www.barratthomes.co.uk/new-homes/dev001011-okement-park/plot-3-h82193/","3","7","7"
"Okement Park","Ellerton · Plot 4","3","","https://www.barratthomes.co.uk/new-homes/dev001011-okement-park/plot-4-h82194/","4","8","8"
"Okement Park","Chester · Plot 2","4","","https://www.barratthomes.co.uk/new-homes/dev001011-okement-park/plot-2-h82192/","2","9","9"
"Languard View","Cavendish · Plot 227","2","255000","https://www.barratthomes.co.uk/new-homes/dev-002599-languard-view/plot-227-h8768227/","227","7","7"
"Languard View","Cavendish · Plot 250","2","265000","https://www.barratthomes.co.uk/new-homes/dev-002599-languard-view/plot-250-h8768250/","250","9","9"
"Languard View","Hoy · Plot 243","3","325000","https://www.barratthomes.co.uk/new-homes/dev-002599-languard-view/plot-243-h8768243/","243","10","10"
"Languard View","Hoy · Plot 261","3","330000","https://www.barratthomes.co.uk/new-homes/dev-002599-languard-view/plot-261-h8768261/","261","10","10"
"Languard View","Hoy · Plot 262","3","330000","https://www.barratthomes.co.uk/new-homes/dev-002599-languard-view/plot-262-h8768262/","262","10","10"
"Languard View","Redgrave · Plot 245","3","345000","https://www.barratthomes.co.uk/new-homes/dev-002599-languard-view/plot-245-h8768245/","245","8","8"
"Languard View","Redgrave · Plot 249","3","345000","https://www.barratthomes.co.uk/new-homes/dev-002599-languard-view/plot-249-h8768249/","249","9","9"
"Languard View","Bewdley · Plot 242","3","365000","https://www.barratthomes.co.uk/new-homes/dev-002599-languard-view/plot-242-h8768242/","242","9","9"
"Languard View","Kingsley · Plot 263","4","400000","https://www.barratthomes.co.uk/new-homes/dev-002599-languard-view/plot-263-h8768263/","263","9","9"
"Languard View","Alderney · Plot 246","4","425000","https://www.barratthomes.co.uk/new-homes/dev-002599-languard-view/plot-246-h8768246/","246","10","10"
"Languard View","Radleigh · Plot 247","4","440000","https://www.barratthomes.co.uk/new-homes/dev-002599-languard-view/plot-247-h8768247/","247","10","10"
"Languard View","Radleigh · Plot 260","4","450000","https://www.barratthomes.co.uk/new-homes/dev-002599-languard-view/plot-260-h8768260/","260","10","10"
"Languard View","Kingsley · Plot 296","4","","https://www.barratthomes.co.uk/new-homes/dev-002599-languard-view/plot-296-h8768296/","296","8","8"
"Languard View","Redgrave · Plot 297","3","","https://www.barratthomes.co.uk/new-homes/dev-002599-languard-view/plot-297-h8768297/","297","7","7"
"Stonebridge Fields","Haversham · Plot 305","3","249995","https://www.barratthomes.co.uk/new-homes/dev002577-stonebridge-fields/plot-305-h8064305/","305","8","8"
"Lockwood Fields","Maidstone · Plot 216","3","275000","https://www.barratthomes.co.uk/new-homes/dev-001092-lockwood-fields/plot-216-h6590216/","216","10","10"
"Lockwood Fields","FULWOOD · Plot 219","3","280000","https://www.barratthomes.co.uk/new-homes/dev-001092-lockwood-fields/plot-219-h6590219/","219","10","10"
"Lockwood Fields","Maidstone · Plot 214","3","280000","https://www.barratthomes.co.uk/new-homes/dev-001092-lockwood-fields/plot-214-h6590214/","214","10","10"
"Lockwood Fields","FULWOOD · Plot 217","3","285000","https://www.barratthomes.co.uk/new-homes/dev-001092-lockwood-fields/plot-217-h6590217/","217","7","7"
"Lockwood Fields","FULWOOD · Plot 221","3","290000","https://www.barratthomes.co.uk/new-homes/dev-001092-lockwood-fields/plot-221-h6590221/","221","10","10"
"Lockwood Fields","Fulwood · Plot 167","3","315000","https://www.barratthomes.co.uk/new-homes/dev-001092-lockwood-fields/plot-167-h6590167/","167","10","10"
"Lockwood Fields","Kingsville · Plot 164","3","325000","https://www.barratthomes.co.uk/new-homes/dev-001092-lockwood-fields/plot-164-h6590164/","164","10","10"
"Lockwood Fields","Denby · Plot 247","3","340000","https://www.barratthomes.co.uk/new-homes/dev-001092-lockwood-fields/plot-247-h6590247/","247","10","10"
"Lockwood Fields","Brentford · Plot 163","3","350000","https://www.barratthomes.co.uk/new-homes/dev-001092-lockwood-fields/plot-163-h6590163/","163","9","9"
"Lockwood Fields","Denby · Plot 249","3","350000","https://www.barratthomes.co.uk/new-homes/dev-001092-lockwood-fields/plot-249-h6590249/","249","10","10"
"Lockwood Fields","Denby · Plot 166","3","360000","https://www.barratthomes.co.uk/new-homes/dev-001092-lockwood-fields/plot-166-h6590166/","166","10","10"
"Lockwood Fields","Moresby · Plot 213","3","","https://www.barratthomes.co.uk/new-homes/dev-001092-lockwood-fields/plot-213-h6590213/","213","10","10"
"Stirling Park","Alfreton · Plot 78","4","400000","https://www.barratthomes.co.uk/new-homes/dev002669-stirling-park/plot-78-h852778/","78","10","10"
"Foxglove Park","Craigend · Plot 13","3","314995","https://www.barratthomes.co.uk/new-homes/dev003070-foxglove-park/plot-13-ha50613/","13","10","10"
"Foxglove Park","Craigend · Plot 14","3","314995","https://www.barratthomes.co.uk/new-homes/dev003070-foxglove-park/plot-14-ha50614/","14","9","9"
"Foxglove Park","Balloch · Plot 17","4","393995","https://www.barratthomes.co.uk/new-homes/dev003070-foxglove-park/plot-17-ha50617/","17","10","10"
"Foxglove Park","Balloch · Plot 21","4","395995","https://www.barratthomes.co.uk/new-homes/dev003070-foxglove-park/plot-21-ha50621/","21","10","10"
"Foxglove Park","Campbell · Plot 9","4","396995","https://www.barratthomes.co.uk/new-homes/dev003070-foxglove-park/plot-9-ha5069/","9","9","9"
"Foxglove Park","Campbell · Plot 11","4","397995","https://www.barratthomes.co.uk/new-homes/dev003070-foxglove-park/plot-11-ha50611/","11","10","10"
"Foxglove Park","Stobo · Plot 23","4","405995","https://www.barratthomes.co.uk/new-homes/dev003070-foxglove-park/plot-23-ha50623/","23","9","9"
"Foxglove Park","Ballathie · Plot 24","5","435995","https://www.barratthomes.co.uk/new-homes/dev003070-foxglove-park/plot-24-ha50624/","24","10","10"
"Barratt Homes @ Lakewood Meadows","Maidstone · Plot 300","3","269995","https://www.barratthomes.co.uk/new-homes/dev003161-barratt-homes-@-lakewood-meadows/plot-300-ha034300/","300","8","8"
"Barratt Homes @ Lakewood Meadows","Ellerton · Plot 301","3","269995","https://www.barratthomes.co.uk/new-homes/dev003161-barratt-homes-@-lakewood-meadows/plot-301-ha034301/","301","9","9"
"Barratt Homes @ Lakewood Meadows","Maidstone · Plot 89","3","281995","https://www.barratthomes.co.uk/new-homes/dev003161-barratt-homes-@-lakewood-meadows/plot-89-ha03489/","89","9","9"
"Barratt Homes @ Lakewood Meadows","Ellerton · Plot 92","3","281995","https://www.barratthomes.co.uk/new-homes/dev003161-barratt-homes-@-lakewood-meadows/plot-92-ha03492/","92","8","8"
"Barratt Homes @ Lakewood Meadows","Ennerdale · Plot 8","3","304995","https://www.barratthomes.co.uk/new-homes/dev003161-barratt-homes-@-lakewood-meadows/plot-8-ha0348/","8","8","8"
"Barratt Homes @ Lakewood Meadows","Ennerdale · Plot 52","3","325995","https://www.barratthomes.co.uk/new-homes/dev003161-barratt-homes-@-lakewood-meadows/plot-52-ha03452/","52","8","8"
"Barratt Homes @ Lakewood Meadows","Haversham · Plot 12","3","354995","https://www.barratthomes.co.uk/new-homes/dev003161-barratt-homes-@-lakewood-meadows/plot-12-ha03412/","12","9","9"
"Barratt Homes @ Lakewood Meadows","Stambourne · Plot 15","3","360995","https://www.barratthomes.co.uk/new-homes/dev003161-barratt-homes-@-lakewood-meadows/plot-15-ha03415/","15","8","8"
"Barratt Homes @ Lakewood Meadows","Hesketh · Plot 79","4","409995","https://www.barratthomes.co.uk/new-homes/dev003161-barratt-homes-@-lakewood-meadows/plot-79-ha03479/","79","8","8"
"Barratt Homes @ Lakewood Meadows","Kingsley · Plot 78","4","","https://www.barratthomes.co.uk/new-homes/dev003161-barratt-homes-@-lakewood-meadows/plot-78-ha03478/","78","10","10"
"Barratt Homes @ Lakewood Meadows","Stambourne · Plot 76","3","","https://www.barratthomes.co.uk/new-homes/dev003161-barratt-homes-@-lakewood-meadows/plot-76-ha03476/","76","8","8"
"Knights View","Knight · Plot 82","3","182660","https://www.barratthomes.co.uk/new-homes/dev002569-knights-view/plot-82-h852282/","82","6","6"
"Knights View","Knight · Plot 72","3","182900","https://www.barratthomes.co.uk/new-homes/dev002569-knights-view/plot-72-h852272/","72","6","6"
"Knights View","Ellerton · Plot 89","3","219995","https://www.barratthomes.co.uk/new-homes/dev002569-knights-view/plot-89-h852289/","89","7","7"
"Knights View","Maidstone · Plot 86","3","219995","https://www.barratthomes.co.uk/new-homes/dev002569-knights-view/plot-86-h852286/","86","8","8"
"Knights View","Moresby · Plot 277","3","249995","https://www.barratthomes.co.uk/new-homes/dev002569-knights-view/plot-277-h8522277/","277","7","7"
"Knights View","Moresby · Plot 296","3","264995","https://www.barratthomes.co.uk/new-homes/dev002569-knights-view/plot-296-h8522296/","296","7","7"
"Knights View","Kingsley · Plot 252","4","324995","https://www.barratthomes.co.uk/new-homes/dev002569-knights-view/plot-252-h8522252/","252","9","9"
"Knights View","ALDERNEY · Plot 249","4","344995","https://www.barratthomes.co.uk/new-homes/dev002569-knights-view/plot-249-h8522249/","249","10","10"
"Knights View","Radleigh · Plot 292","4","367995","https://www.barratthomes.co.uk/new-homes/dev002569-knights-view/plot-292-h8522292/","292","9","9"
"Knights View","DENBY · Plot 4","3","","https://www.barratthomes.co.uk/new-homes/dev002569-knights-view/plot-4-h85224/","4","9","9"
"Knights View","KINGSLEY · Plot 2","4","","https://www.barratthomes.co.uk/new-homes/dev002569-knights-view/plot-2-h85222/","2","10","10"
"Knights View","HEMSWORTH · Plot 3","4","","https://www.barratthomes.co.uk/new-homes/dev002569-knights-view/plot-3-h85223/","3","9","9"
"Eaglesham View","Thurso · Plot 252","3","288995","https://www.barratthomes.co.uk/new-homes/dev003095-eaglesham-view/plot-252-h8597252/","252","9","9"
"Eaglesham View","Thurso · Plot 251","3","292995","https://www.barratthomes.co.uk/new-homes/dev003095-eaglesham-view/plot-251-h8597251/","251","9","9"
"Eaglesham View","Craigend · Plot 254","3","299995","https://www.barratthomes.co.uk/new-homes/dev003095-eaglesham-view/plot-254-h8597254/","254","9","9"
"Eaglesham View","Craigend · Plot 257","3","299995","https://www.barratthomes.co.uk/new-homes/dev003095-eaglesham-view/plot-257-h8597257/","257","9","9"
"Eaglesham View","Dean · Plot 227","4","397995","https://www.barratthomes.co.uk/new-homes/dev003095-eaglesham-view/plot-227-h8597227/","227","10","10"
"Eaglesham View","Balloch · Plot 230","4","429995","https://www.barratthomes.co.uk/new-homes/dev003095-eaglesham-view/plot-230-h8597230/","230","10","10"
"Eaglesham View","Balloch · Plot 229","4","429995","https://www.barratthomes.co.uk/new-homes/dev003095-eaglesham-view/plot-229-h8597229/","229","10","10"
"Eaglesham View","Crombie · Plot 231","4","434995","https://www.barratthomes.co.uk/new-homes/dev003095-eaglesham-view/plot-231-h8597231/","231","10","10"
"Eaglesham View","Crombie · Plot 228","4","434995","https://www.barratthomes.co.uk/new-homes/dev003095-eaglesham-view/plot-228-h8597228/","228","10","10"
"Cuckoo Fields Barratt Homes","Radleigh · Plot 355","4","450000","https://www.barratthomes.co.uk/new-homes/dev002684-cuckoo-fields-barratt-homes/plot-355-h8452355/","355","10","10"
"Cuckoo Fields Barratt Homes","Radleigh · Plot 293","4","465000","https://www.barratthomes.co.uk/new-homes/dev002684-cuckoo-fields-barratt-homes/plot-293-h8452293/","293","10","10"
"Cuckoo Fields Barratt Homes","Maidstone · Plot 248","3","340000","https://www.barratthomes.co.uk/new-homes/dev002684-cuckoo-fields-barratt-homes/plot-248-h8452248/","248","8","8"
"Cuckoo Fields Barratt Homes","Maidstone · Plot 247","3","340000","https://www.barratthomes.co.uk/new-homes/dev002684-cuckoo-fields-barratt-homes/plot-247-h8452247/","247","8","8"
"Cuckoo Fields Barratt Homes","Moresby · Plot 249","3","355000","https://www.barratthomes.co.uk/new-homes/dev002684-cuckoo-fields-barratt-homes/plot-249-h8452249/","249","7","7"
"Cuckoo Fields Barratt Homes","Kingsley · Plot 258","4","390000","https://www.barratthomes.co.uk/new-homes/dev002684-cuckoo-fields-barratt-homes/plot-258-h8452258/","258","8","8"
"Cuckoo Fields Barratt Homes","ALDERNEY · Plot 257","4","445000","https://www.barratthomes.co.uk/new-homes/dev002684-cuckoo-fields-barratt-homes/plot-257-h8452257/","257","9","9"
"Cuckoo Fields Barratt Homes","Lamberton · Plot 256","5","525000","https://www.barratthomes.co.uk/new-homes/dev002684-cuckoo-fields-barratt-homes/plot-256-h8452256/","256","10","10"
"Cuckoo Fields Barratt Homes","Kingsley · Plot 368","4","","https://www.barratthomes.co.uk/new-homes/dev002684-cuckoo-fields-barratt-homes/plot-368-h8452368/","368","9","9"
"Cuckoo Fields Barratt Homes","Alfreton · Plot 367","4","","https://www.barratthomes.co.uk/new-homes/dev002684-cuckoo-fields-barratt-homes/plot-367-h8452367/","367","10","10"
"Barratt Homes at Linmere","Moresby · Plot 166","3","420000","https://www.barratthomes.co.uk/new-homes/dev000965-barratt-homes-at-linmere/plot-166-h8711166/","166","8","8"
"Barratt Homes at Linmere","Haversham · Plot 178","4","430000","https://www.barratthomes.co.uk/new-homes/dev000965-barratt-homes-at-linmere/plot-178-h8711178/","178","8","8"
"Barratt Homes at Linmere","Norbury · Plot 171","3","415000","https://www.barratthomes.co.uk/new-homes/dev000965-barratt-homes-at-linmere/plot-171-h8711171/","171","10","10"
"Barratt Homes at Linmere","Norbury · Plot 83","3","420000","https://www.barratthomes.co.uk/new-homes/dev000965-barratt-homes-at-linmere/plot-83-h871183/","83","9","9"
"Barratt Homes at Linmere","Haversham · Plot 174","4","425000","https://www.barratthomes.co.uk/new-homes/dev000965-barratt-homes-at-linmere/plot-174-h8711174/","174","8","8"
"Barratt Homes at Linmere","Norbury · Plot 86","3","427500","https://www.barratthomes.co.uk/new-homes/dev000965-barratt-homes-at-linmere/plot-86-h871186/","86","10","10"
"Barratt Homes at Linmere","Brentford · Plot 72","3","455000","https://www.barratthomes.co.uk/new-homes/dev000965-barratt-homes-at-linmere/plot-72-h871172/","72","7","7"
"Barratt Homes at Linmere","Haversham Special · Plot 62","5","490500","https://www.barratthomes.co.uk/new-homes/dev000965-barratt-homes-at-linmere/plot-62-h871162/","62","9","9"
"Barratt Homes at Linmere","Brentford · Plot 91","3","","https://www.barratthomes.co.uk/new-homes/dev000965-barratt-homes-at-linmere/plot-91-h871191/","91","7","7"
"Barratt Homes at Linmere","Haversham · Plot 92","4","","https://www.barratthomes.co.uk/new-homes/dev000965-barratt-homes-at-linmere/plot-92-h871192/","92","8","8"
"Barratt Homes at Linmere","Norbury · Plot 177","3","","https://www.barratthomes.co.uk/new-homes/dev000965-barratt-homes-at-linmere/plot-177-h8711177/","177","10","10"
"Barratt Homes at Linmere","Haversham Special · Plot 150","5","","https://www.barratthomes.co.uk/new-homes/dev000965-barratt-homes-at-linmere/plot-150-h8711150/","150","10","10"
"Cot Hill Rise","Maidstone · Plot 26","3","316000","https://www.barratthomes.co.uk/new-homes/dev003180-cot-hill-rise/plot-26-ha61726/","26","9","9"
"Cot Hill Rise","Ellerton · Plot 47","3","318000","https://www.barratthomes.co.uk/new-homes/dev003180-cot-hill-rise/plot-47-ha61747/","47","9","9"
"Cot Hill Rise","Moresby · Plot 13","3","336000","https://www.barratthomes.co.uk/new-homes/dev003180-cot-hill-rise/plot-13-ha61713/","13","9","9"
"Cot Hill Rise","Moresby · Plot 43","3","344000","https://www.barratthomes.co.uk/new-homes/dev003180-cot-hill-rise/plot-43-ha61743/","43","10","10"
"Cot Hill Rise","Bewdley · Plot 39","3","370000","https://www.barratthomes.co.uk/new-homes/dev003180-cot-hill-rise/plot-39-ha61739/","39","9","9"
"Cot Hill Rise","Kingsley · Plot 16","4","399000","https://www.barratthomes.co.uk/new-homes/dev003180-cot-hill-rise/plot-16-ha61716/","16","10","10"
"Cot Hill Rise","Kingsley · Plot 31","4","402000","https://www.barratthomes.co.uk/new-homes/dev003180-cot-hill-rise/plot-31-ha61731/","31","10","10"
"Cot Hill Rise","ALDERNEY · Plot 17","4","425000","https://www.barratthomes.co.uk/new-homes/dev003180-cot-hill-rise/plot-17-ha61717/","17","10","10"
"Cot Hill Rise","Maidstone · Plot 14","3","","https://www.barratthomes.co.uk/new-homes/dev003180-cot-hill-rise/plot-14-ha61714/","14","9","9"
"Cot Hill Rise","Kingsley · Plot 15","4","","https://www.barratthomes.co.uk/new-homes/dev003180-cot-hill-rise/plot-15-ha61715/","15","10","10"
"Kingslaw Gait","Glamis · Plot 68","4","292995","https://www.barratthomes.co.uk/new-homes/dev000171-kingslaw-gait/plot-68-h788268/","68","10","10"
"Kingslaw Gait","Corgarff · Plot 55","4","310995","https://www.barratthomes.co.uk/new-homes/dev000171-kingslaw-gait/plot-55-h788255/","55","10","10"
"Kingslaw Gait","Corgarff · Plot 72","4","312995","https://www.barratthomes.co.uk/new-homes/dev000171-kingslaw-gait/plot-72-h788272/","72","10","10"
"Kingslaw Gait","Inverness · Plot 70","4","319995","https://www.barratthomes.co.uk/new-homes/dev000171-kingslaw-gait/plot-70-h788270/","70","9","9"
"Kingslaw Gait","Inverness · Plot 65","4","321995","https://www.barratthomes.co.uk/new-homes/dev000171-kingslaw-gait/plot-65-h788265/","65","9","9"
"Kingslaw Gait","Birkhill · Plot 66","4","361995","https://www.barratthomes.co.uk/new-homes/dev000171-kingslaw-gait/plot-66-h788266/","66","10","10"
"Kingslaw Gait","Birkhill · Plot 64","4","362995","https://www.barratthomes.co.uk/new-homes/dev000171-kingslaw-gait/plot-64-h788264/","64","10","10"
"Kingslaw Gait","Inveraray · Plot 168","4","","https://www.barratthomes.co.uk/new-homes/dev000171-kingslaw-gait/plot-168-h7882168/","168","10","10"
"Kingslaw Gait","Balmoral · Plot 169","4","","https://www.barratthomes.co.uk/new-homes/dev000171-kingslaw-gait/plot-169-h7882169/","169","10","10"
"Aston Grange","Kenley · Plot 106","2","299995","https://www.barratthomes.co.uk/new-homes/dev000446-aston-grange/plot-106-h8230106/","106","6","6"
"Aston Grange","Kenley · Plot 105","2","299995","https://www.barratthomes.co.uk/new-homes/dev000446-aston-grange/plot-105-h8230105/","105","6","6"
"Aston Grange","Ellerton · Plot 94","3","347995","https://www.barratthomes.co.uk/new-homes/dev000446-aston-grange/plot-94-h823094/","94","10","10"
"Aston Grange","Ellerton · Plot 97","3","349995","https://www.barratthomes.co.uk/new-homes/dev000446-aston-grange/plot-97-h823097/","97","10","10"
"Aston Grange","Collaton · Plot 96","3","389995","https://www.barratthomes.co.uk/new-homes/dev000446-aston-grange/plot-96-h823096/","96","8","8"
"Aston Grange","Lutterworth · Plot 76","3","399995","https://www.barratthomes.co.uk/new-homes/dev000446-aston-grange/plot-76-h823076/","76","10","10"
"Aston Grange","Hythie · Plot 61","4","445995","https://www.barratthomes.co.uk/new-homes/dev000446-aston-grange/plot-61-h823061/","61","10","10"
"Aston Grange","Alfreton · Plot 74","4","550000","https://www.barratthomes.co.uk/new-homes/dev000446-aston-grange/plot-74-h823074/","74","10","10"
"Aston Grange","Alfreton · Plot 109","4","550000","https://www.barratthomes.co.uk/new-homes/dev000446-aston-grange/plot-109-h8230109/","109","10","10"
"Aston Grange","Lamberton · Plot 90","5","599995","https://www.barratthomes.co.uk/new-homes/dev000446-aston-grange/plot-90-h823090/","90","10","10"
"Aston Grange","Hythie · Plot 134","4","","https://www.barratthomes.co.uk/new-homes/dev000446-aston-grange/plot-134-h8230134/","134","10","10"
"Aston Grange","Kenley · Plot 2","2","","https://www.barratthomes.co.uk/new-homes/dev000446-aston-grange/plot-2-h82312/","2","8","8"
"Aston Grange","Ennerdale · Plot 1","3","","https://www.barratthomes.co.uk/new-homes/dev000446-aston-grange/plot-1-h82311/","1","10","10"
"Aston Grange","Kingsley · Plot 3","4","","https://www.barratthomes.co.uk/new-homes/dev000446-aston-grange/plot-3-h82313/","3","10","10"
"Sandy Shores","Cupar · Plot 51","3","262995","https://www.barratthomes.co.uk/new-homes/dev003019-sandy-shores/plot-51-h895151/","51","10","10"
"Sandy Shores","Craigend · Plot 13","3","280995","https://www.barratthomes.co.uk/new-homes/dev003019-sandy-shores/plot-13-h895113/","13","9","9"
"Sandy Shores","Craigend · Plot 49","3","282995","https://www.barratthomes.co.uk/new-homes/dev003019-sandy-shores/plot-49-h895149/","49","9","9"
"Sandy Shores","Ravenscraig · Plot 31","3","301995","https://www.barratthomes.co.uk/new-homes/dev003019-sandy-shores/plot-31-h895131/","31","9","9"
"Sandy Shores","Glamis · Plot 34","4","324995","https://www.barratthomes.co.uk/new-homes/dev003019-sandy-shores/plot-34-h895134/","34","9","9"
"Sandy Shores","Glamis · Plot 29","4","325995","https://www.barratthomes.co.uk/new-homes/dev003019-sandy-shores/plot-29-h895129/","29","9","9"
"Sandy Shores","Fenton · Plot 35","4","338995","https://www.barratthomes.co.uk/new-homes/dev003019-sandy-shores/plot-35-h895135/","35","10","10"
"Sandy Shores","Mey · Plot 53","4","349995","https://www.barratthomes.co.uk/new-homes/dev003019-sandy-shores/plot-53-h895153/","53","9","9"
"Sandy Shores","Balloch · Plot 36","4","379995","https://www.barratthomes.co.uk/new-homes/dev003019-sandy-shores/plot-36-h895136/","36","9","9"
"Sandy Shores","Balloch · Plot 37","4","391995","https://www.barratthomes.co.uk/new-homes/dev003019-sandy-shores/plot-37-h895137/","37","10","10"
"Sandy Shores","Fenton · Plot 4","4","","https://www.barratthomes.co.uk/new-homes/dev003019-sandy-shores/plot-4-h89514/","4","9","9"
"Sandy Shores","Mey · Plot 3","4","","https://www.barratthomes.co.uk/new-homes/dev003019-sandy-shores/plot-3-h89513/","3","9","9"
"The Spires","Denford · Plot 143","2","209995","https://www.barratthomes.co.uk/new-homes/dev002568-the-spires/plot-143-h8751143/","143","7","7"
"The Spires","Ellerton · Plot 140","3","249995","https://www.barratthomes.co.uk/new-homes/dev002568-the-spires/plot-140-h8751140/","140","8","8"
"The Spires","Maidstone · Plot 144","3","254995","https://www.barratthomes.co.uk/new-homes/dev002568-the-spires/plot-144-h8751144/","144","8","8"
"The Spires","Kingsville · Plot 105","3","289995","https://www.barratthomes.co.uk/new-homes/dev002568-the-spires/plot-105-h8751105/","105","9","9"
"The Spires","Denby · Plot 115","3","314995","https://www.barratthomes.co.uk/new-homes/dev002568-the-spires/plot-115-h8751115/","115","8","8"
"The Spires","Kingsley · Plot 185","4","339995","https://www.barratthomes.co.uk/new-homes/dev002568-the-spires/plot-185-h8751185/","185","9","9"
"The Spires","Kennford · Plot 107","4","359995","https://www.barratthomes.co.uk/new-homes/dev002568-the-spires/plot-107-h8751107/","107","8","8"
"The Spires","Hale · Plot 135","4","369995","https://www.barratthomes.co.uk/new-homes/dev002568-the-spires/plot-135-h8751135/","135","8","8"
"The Spires","Hale · Plot 136","4","380765","https://www.barratthomes.co.uk/new-homes/dev002568-the-spires/plot-136-h8751136/","136","9","9"
"The Spires","Alfreton · Plot 134","4","449445","https://www.barratthomes.co.uk/new-homes/dev002568-the-spires/plot-134-h8751134/","134","10","10"
"The Spires","Alfreton · Plot 137","4","457995","https://www.barratthomes.co.uk/new-homes/dev002568-the-spires/plot-137-h8751137/","137","10","10"
"The Spires","ALFRETON · Plot 3","4","","https://www.barratthomes.co.uk/new-homes/dev002568-the-spires/plot-3-h87513/","3","10","10"
"The Spires","HAVERSHAM · Plot 2","4","","https://www.barratthomes.co.uk/new-homes/dev002568-the-spires/plot-2-h87512/","2","10","10"
"Findrassie","Cupar · Plot 72","3","234995","https://www.barratthomes.co.uk/new-homes/dev-001009-findrassie/plot-72-h825572/","72","10","10"
"Findrassie","Cupar · Plot 70","3","234995","https://www.barratthomes.co.uk/new-homes/dev-001009-findrassie/plot-70-h825570/","70","10","10"
"Findrassie","Thurso · Plot 93","3","259995","https://www.barratthomes.co.uk/new-homes/dev-001009-findrassie/plot-93-h825593/","93","10","10"
"Findrassie","Thurso · Plot 94","3","267995","https://www.barratthomes.co.uk/new-homes/dev-001009-findrassie/plot-94-h825594/","94","10","10"
"Findrassie","Craigend · Plot 84","3","280995","https://www.barratthomes.co.uk/new-homes/dev-001009-findrassie/plot-84-h825584/","84","5","5"
"Findrassie","Craigend · Plot 62","3","281995","https://www.barratthomes.co.uk/new-homes/dev-001009-findrassie/plot-62-h825562/","62","5","5"
"Findrassie","Campbell · Plot 86","4","373995","https://www.barratthomes.co.uk/new-homes/dev-001009-findrassie/plot-86-h825586/","86","1","1"
"Findrassie","Balloch · Plot 65","4","379995","https://www.barratthomes.co.uk/new-homes/dev-001009-findrassie/plot-65-h825565/","65","10","10"
"Findrassie","Campbell · Plot 1","4","","https://www.barratthomes.co.uk/new-homes/dev-001009-findrassie/plot-1-h77301/","1","9","9"
"Findrassie","BALMORAL · Plot 2","4","","https://www.barratthomes.co.uk/new-homes/dev-001009-findrassie/plot-2-h77302/","2","9","9"
"De Lacy Mews","Mewstone · Plot 5","3","270000","https://www.barratthomes.co.uk/new-homes/dev002871-de-lacy-mews/plot-5-h93485/","5","10","10"
"De Lacy Mews","Mewstone · Plot 2","3","270000","https://www.barratthomes.co.uk/new-homes/dev002871-de-lacy-mews/plot-2-h93482/","2","10","10"
"De Lacy Mews","Mewstone · Plot 12","3","280000","https://www.barratthomes.co.uk/new-homes/dev002871-de-lacy-mews/plot-12-h934812/","12","10","10"
"De Lacy Mews","Sommerleyton · Plot 21","4","376000","https://www.barratthomes.co.uk/new-homes/dev002871-de-lacy-mews/plot-21-h934821/","21","10","10"
"De Lacy Mews","Barnack · Plot 66","4","425000","https://www.barratthomes.co.uk/new-homes/dev002871-de-lacy-mews/plot-66-h934866/","66","10","10"
"De Lacy Mews","Barnack · Plot 22","4","425000","https://www.barratthomes.co.uk/new-homes/dev002871-de-lacy-mews/plot-22-h934822/","22","10","10"
"De Lacy Mews","Rowan · Plot 68","4","440000","https://www.barratthomes.co.uk/new-homes/dev002871-de-lacy-mews/plot-68-h934868/","68","10","10"
"De Lacy Mews","Rowan · Plot 67","4","440000","https://www.barratthomes.co.uk/new-homes/dev002871-de-lacy-mews/plot-67-h934867/","67","10","10"
"De Lacy Mews","Rowan · Plot 61","4","451000","https://www.barratthomes.co.uk/new-homes/dev002871-de-lacy-mews/plot-61-h934861/","61","10","10"
"De Lacy Mews","Barnack · Plot 7","4","","https://www.barratthomes.co.uk/new-homes/dev002871-de-lacy-mews/plot-7-h93487/","7","10","10"
"The Skylarks","Wagtail · Plot 126","2","211200","https://www.barratthomes.co.uk/new-homes/dev002807-the-skylarks/plot-126-h9148126/","126","8","8"
"The Skylarks","Starling · Plot 37","3","390000","https://www.barratthomes.co.uk/new-homes/dev002807-the-skylarks/plot-37-h914837/","37","10","10"
"The Skylarks","Starling · Plot 94","3","392000","https://www.barratthomes.co.uk/new-homes/dev002807-the-skylarks/plot-94-h914894/","94","10","10"
"The Skylarks","Redshank · Plot 39","3","400000","https://www.barratthomes.co.uk/new-homes/dev002807-the-skylarks/plot-39-h914839/","39","10","10"
"The Skylarks","Kite · Plot 99","4","425000","https://www.barratthomes.co.uk/new-homes/dev002807-the-skylarks/plot-99-h914899/","99","10","10"
"The Skylarks","Kite · Plot 101","4","427000","https://www.barratthomes.co.uk/new-homes/dev002807-the-skylarks/plot-101-h9148101/","101","10","10"
"The Skylarks","Nightjar · Plot 31","4","435000","https://www.barratthomes.co.uk/new-homes/dev002807-the-skylarks/plot-31-h914831/","31","10","10"
"The Skylarks","Nightjar · Plot 102","4","440000","https://www.barratthomes.co.uk/new-homes/dev002807-the-skylarks/plot-102-h9148102/","102","10","10"
"The Skylarks","Soay · Plot 96","4","475000","https://www.barratthomes.co.uk/new-homes/dev002807-the-skylarks/plot-96-h914896/","96","10","10"
"The Skylarks","Soay · Plot 97","4","475000","https://www.barratthomes.co.uk/new-homes/dev002807-the-skylarks/plot-97-h914897/","97","10","10"
"The Skylarks","Kestrel · Plot 100","4","520000","https://www.barratthomes.co.uk/new-homes/dev002807-the-skylarks/plot-100-h9148100/","100","10","10"
"The Skylarks","Kestrel · Plot 1","4","","https://www.barratthomes.co.uk/new-homes/dev002807-the-skylarks/plot-1-h91481/","1","10","10"
"The Skylarks","Starling · Plot 2","3","","https://www.barratthomes.co.uk/new-homes/dev002807-the-skylarks/plot-2-h91482/","2","10","10"
"The Skylarks","Kite · Plot 3","4","","https://www.barratthomes.co.uk/new-homes/dev002807-the-skylarks/plot-3-h91483/","3","10","10"
"Barratt at Overstone Gate","Woodcote · Plot 83","4","369995","https://www.barratthomes.co.uk/new-homes/dev002200-barratt-at-overstone-gate/plot-83-h830483/","83","9","9"
"Barratt at Overstone Gate","Woodcote · Plot 82","4","369995","https://www.barratthomes.co.uk/new-homes/dev002200-barratt-at-overstone-gate/plot-82-h830482/","82","10","10"
"Barratt at Overstone Gate","Windermere · Plot 97","4","409995","https://www.barratthomes.co.uk/new-homes/dev002200-barratt-at-overstone-gate/plot-97-h830497/","97","8","8"
"Barratt at Overstone Gate","Hesketh · Plot 44","4","414995","https://www.barratthomes.co.uk/new-homes/dev002200-barratt-at-overstone-gate/plot-44-h830444/","44","8","8"
"Barratt at Overstone Gate","RIPON · Plot 92","4","420995","https://www.barratthomes.co.uk/new-homes/dev002200-barratt-at-overstone-gate/plot-92-h830492/","92","9","9"
"Barratt at Overstone Gate","RIPON · Plot 91","4","427995","https://www.barratthomes.co.uk/new-homes/dev002200-barratt-at-overstone-gate/plot-91-h830491/","91","9","9"
"Barratt at Overstone Gate","Radleigh · Plot 105","4","459995","https://www.barratthomes.co.uk/new-homes/dev002200-barratt-at-overstone-gate/plot-105-h8304105/","105","10","10"
"Barratt at Overstone Gate","Radleigh · Plot 89","4","469995","https://www.barratthomes.co.uk/new-homes/dev002200-barratt-at-overstone-gate/plot-89-h830489/","89","10","10"
"Barratt at Overstone Gate","Alfreton · Plot 104","4","484995","https://www.barratthomes.co.uk/new-homes/dev002200-barratt-at-overstone-gate/plot-104-h8304104/","104","10","10"
"Barratt at Overstone Gate","Alfreton · Plot 90","4","495995","https://www.barratthomes.co.uk/new-homes/dev002200-barratt-at-overstone-gate/plot-90-h830490/","90","10","10"
"Barratt at Overstone Gate","Lamberton · Plot 84","5","514995","https://www.barratthomes.co.uk/new-homes/dev002200-barratt-at-overstone-gate/plot-84-h830484/","84","9","9"
"Barratt at Overstone Gate","Lamberton · Plot 85","5","519995","https://www.barratthomes.co.uk/new-homes/dev002200-barratt-at-overstone-gate/plot-85-h830485/","85","10","10"
"Barratt at Overstone Gate","Malvern · Plot 88","5","544995","https://www.barratthomes.co.uk/new-homes/dev002200-barratt-at-overstone-gate/plot-88-h830488/","88","10","10"
"Barratt at Overstone Gate","Malvern · Plot 86","5","546995","https://www.barratthomes.co.uk/new-homes/dev002200-barratt-at-overstone-gate/plot-86-h830486/","86","10","10"
"Barratt at Overstone Gate","Marlowe · Plot 47","5","594995","https://www.barratthomes.co.uk/new-homes/dev002200-barratt-at-overstone-gate/plot-47-h830447/","47","10","10"
"Barratt at Overstone Gate","Marlowe · Plot 87","5","599995","https://www.barratthomes.co.uk/new-homes/dev002200-barratt-at-overstone-gate/plot-87-h830487/","87","10","10"
"Barratt at Overstone Gate","Norbury · Plot 365","3","","https://www.barratthomes.co.uk/new-homes/dev002200-barratt-at-overstone-gate/plot-365-h7419365/","365","9","9"
"Barratt at Overstone Gate","Hesketh · Plot 364","4","","https://www.barratthomes.co.uk/new-homes/dev002200-barratt-at-overstone-gate/plot-364-h7419364/","364","9","9"
"Barratt at Overstone Gate","Radleigh · Plot 366","4","","https://www.barratthomes.co.uk/new-homes/dev002200-barratt-at-overstone-gate/plot-366-h7419366/","366","10","10"
"Centurion Village","ALDERNEY · Plot 262","4","374000","https://www.barratthomes.co.uk/new-homes/dev001197-centurion-village/plot-262-h8920262/","262","10","10"
"Centurion Village","Ellerton · Plot 283","3","253000","https://www.barratthomes.co.uk/new-homes/dev001197-centurion-village/plot-283-h8920283/","283","10","10"
"Centurion Village","Ellerton · Plot 282","3","253000","https://www.barratthomes.co.uk/new-homes/dev001197-centurion-village/plot-282-h8920282/","282","10","10"
"Centurion Village","Maidstone · Plot 288","3","254000","https://www.barratthomes.co.uk/new-homes/dev001197-centurion-village/plot-288-h8920288/","288","9","9"
"Centurion Village","Maidstone · Plot 493","3","254000","https://www.barratthomes.co.uk/new-homes/dev001197-centurion-village/plot-493-h8919493/","493","8","8"
"Centurion Village","Maidstone · Plot 497","3","255000","https://www.barratthomes.co.uk/new-homes/dev001197-centurion-village/plot-497-h8919497/","497","8","8"
"Centurion Village","Ellerton · Plot 488","3","260000","https://www.barratthomes.co.uk/new-homes/dev001197-centurion-village/plot-488-h8919488/","488","9","9"
"Centurion Village","Moresby · Plot 498","3","264000","https://www.barratthomes.co.uk/new-homes/dev001197-centurion-village/plot-498-h8919498/","498","7","7"
"Centurion Village","Moresby · Plot 494","3","265000","https://www.barratthomes.co.uk/new-homes/dev001197-centurion-village/plot-494-h8919494/","494","7","7"
"Centurion Village","Moresby · Plot 292","3","269000","https://www.barratthomes.co.uk/new-homes/dev001197-centurion-village/plot-292-h8920292/","292","8","8"
"Centurion Village","Kingsville · Plot 491","3","271000","https://www.barratthomes.co.uk/new-homes/dev001197-centurion-village/plot-491-h8919491/","491","10","10"
"Centurion Village","Kingsville · Plot 492","3","275000","https://www.barratthomes.co.uk/new-homes/dev001197-centurion-village/plot-492-h8919492/","492","10","10"
"Centurion Village","Kingsville · Plot 490","3","275000","https://www.barratthomes.co.uk/new-homes/dev001197-centurion-village/plot-490-h8919490/","490","10","10"
"Centurion Village","Kingsville · Plot 504","3","279000","https://www.barratthomes.co.uk/new-homes/dev001197-centurion-village/plot-504-h8919504/","504","10","10"
"Centurion Village","Kingsville · Plot 272","3","280000","https://www.barratthomes.co.uk/new-homes/dev001197-centurion-village/plot-272-h8920272/","272","10","10"
"Centurion Village","Moresby · Plot 284","3","283000","https://www.barratthomes.co.uk/new-homes/dev001197-centurion-village/plot-284-h8920284/","284","9","9"
"Centurion Village","Kingsville · Plot 279","3","283000","https://www.barratthomes.co.uk/new-homes/dev001197-centurion-village/plot-279-h8920279/","279","10","10"
"Centurion Village","Woodcote · Plot 595","4","297000","https://www.barratthomes.co.uk/new-homes/dev001197-centurion-village/plot-595-h8919595/","595","10","10"
"Centurion Village","Woodcote · Plot 486","4","300000","https://www.barratthomes.co.uk/new-homes/dev001197-centurion-village/plot-486-h8919486/","486","10","10"
"Centurion Village","Lutterworth · Plot 265","3","300000","https://www.barratthomes.co.uk/new-homes/dev001197-centurion-village/plot-265-h8920265/","265","8","8"
"Centurion Village","Chester · Plot 485","4","326000","https://www.barratthomes.co.uk/new-homes/dev001197-centurion-village/plot-485-h8919485/","485","9","9"
"Centurion Village","Kennford · Plot 281","4","336000","https://www.barratthomes.co.uk/new-homes/dev001197-centurion-village/plot-281-h8920281/","281","8","8"
"Centurion Village","Thornton · Plot 482","4","376000","https://www.barratthomes.co.uk/new-homes/dev001197-centurion-village/plot-482-h8919482/","482","9","9"
"Centurion Village","Ellerton · Plot 3","3","","https://www.barratthomes.co.uk/new-homes/dev001197-centurion-village/plot-3-h86373/","3","10","10"
"Centurion Village","Kingsville · Plot 2","4","","https://www.barratthomes.co.uk/new-homes/dev001197-centurion-village/plot-2-h86372/","2","10","10"
"Centurion Village","ALDERNEY · Plot 1","4","","https://www.barratthomes.co.uk/new-homes/dev001197-centurion-village/plot-1-h86371/","1","9","9"
"The Hawthorns","Moresby · Plot 121","3","259995","https://www.barratthomes.co.uk/new-homes/dev-002602-the-hawthorns/plot-121-h8426121/","121","8","8"
"The Hawthorns","Denby · Plot 120","3","289995","https://www.barratthomes.co.uk/new-homes/dev-002602-the-hawthorns/plot-120-h8426120/","120","9","9"
"The Hawthorns","Kennford · Plot 97","4","319995","https://www.barratthomes.co.uk/new-homes/dev-002602-the-hawthorns/plot-97-h842697/","97","7","7"
"Ashbourne Airfield","Denford · Plot 196","2","239995","https://www.barratthomes.co.uk/new-homes/dev002924-ashbourne-airfield/plot-196-h8516196/","196","7","7"
"Ashbourne Airfield","Denford · Plot 170","2","249995","https://www.barratthomes.co.uk/new-homes/dev002924-ashbourne-airfield/plot-170-h8516170/","170","6","6"
"Ashbourne Airfield","Maidstone · Plot 198","3","264995","https://www.barratthomes.co.uk/new-homes/dev002924-ashbourne-airfield/plot-198-h8516198/","198","7","7"
"Ashbourne Airfield","Ellerton · Plot 199","3","269995","https://www.barratthomes.co.uk/new-homes/dev002924-ashbourne-airfield/plot-199-h8516199/","199","8","8"
"Ashbourne Airfield","Ellerton · Plot 200","3","274995","https://www.barratthomes.co.uk/new-homes/dev002924-ashbourne-airfield/plot-200-h8516200/","200","8","8"
"Ashbourne Airfield","Maidstone · Plot 197","3","279995","https://www.barratthomes.co.uk/new-homes/dev002924-ashbourne-airfield/plot-197-h8516197/","197","7","7"
"Ashbourne Airfield","Moresby · Plot 202","3","299995","https://www.barratthomes.co.uk/new-homes/dev002924-ashbourne-airfield/plot-202-h8516202/","202","7","7"
"Ashbourne Airfield","Tayport · Plot 163","4","373695","https://www.barratthomes.co.uk/new-homes/dev002924-ashbourne-airfield/plot-163-h8516163/","163","8","8"
"Ashbourne Airfield","Tayport · Plot 164","4","379995","https://www.barratthomes.co.uk/new-homes/dev002924-ashbourne-airfield/plot-164-h8516164/","164","8","8"
"Ashbourne Airfield","Alfreton · Plot 161","4","479995","https://www.barratthomes.co.uk/new-homes/dev002924-ashbourne-airfield/plot-161-h8516161/","161","9","9"
"Ashbourne Airfield","Alfreton · Plot 223","4","489995","https://www.barratthomes.co.uk/new-homes/dev002924-ashbourne-airfield/plot-223-h8516223/","223","10","10"
"Ashbourne Airfield","Kingsley · Plot 142","4","","https://www.barratthomes.co.uk/new-homes/dev002924-ashbourne-airfield/plot-142-h8516142/","142","9","9"
"Ashbourne Airfield","Radleigh · Plot 143","4","","https://www.barratthomes.co.uk/new-homes/dev002924-ashbourne-airfield/plot-143-h8516143/","143","10","10"
"Glenvale Park","Kew · Plot 233","2","283500","https://www.barratthomes.co.uk/new-homes/dev002136-glenvale-park/plot-233-h8772233/","233","6","6"
"Glenvale Park","Oakley · Plot 60","3","339995","https://www.barratthomes.co.uk/new-homes/dev002136-glenvale-park/plot-60-h732860/","60","9","9"
"Glenvale Park","Shakespeare · Plot 61","3","345000","https://www.barratthomes.co.uk/new-homes/dev002136-glenvale-park/plot-61-h732861/","61","8","8"
"Glenvale Park","Goldsmith · Plot 62","3","364500","https://www.barratthomes.co.uk/new-homes/dev002136-glenvale-park/plot-62-h732862/","62","7","7"
"Glenvale Park","Charnwood · Plot 228","4","377500","https://www.barratthomes.co.uk/new-homes/dev002136-glenvale-park/plot-228-h8772228/","228","7","7"
"Glenvale Park","Allerthorpe · Plot 252","4","425000","https://www.barratthomes.co.uk/new-homes/dev002136-glenvale-park/plot-252-h8772252/","252","8","8"
"Glenvale Park","Booth · Plot 231","4","436000","https://www.barratthomes.co.uk/new-homes/dev002136-glenvale-park/plot-231-h8772231/","231","8","8"
"Barratt Homes at Priors Hall Park","Wincham 2 · Plot 145","2","230000","https://www.barratthomes.co.uk/new-homes/dev-002613-barratt-homes-at-priors-hall-park/plot-145-h8703145/","145","7","7"
"Barratt Homes at Priors Hall Park","Kenley · Plot 170","2","237500","https://www.barratthomes.co.uk/new-homes/dev-002613-barratt-homes-at-priors-hall-park/plot-170-h8703170/","170","8","8"
"Barratt Homes at Priors Hall Park","Kenley · Plot 169","2","240000","https://www.barratthomes.co.uk/new-homes/dev-002613-barratt-homes-at-priors-hall-park/plot-169-h8703169/","169","7","7"
"Barratt Homes at Priors Hall Park","Denford · Plot 168","2","243000","https://www.barratthomes.co.uk/new-homes/dev-002613-barratt-homes-at-priors-hall-park/plot-168-h8703168/","168","7","7"
"Barratt Homes at Priors Hall Park","Ellerton · Plot 139","3","277795","https://www.barratthomes.co.uk/new-homes/dev-002613-barratt-homes-at-priors-hall-park/plot-139-h8703139/","139","9","9"
"Barratt Homes at Priors Hall Park","Ellerton · Plot 141","3","279795","https://www.barratthomes.co.uk/new-homes/dev-002613-barratt-homes-at-priors-hall-park/plot-141-h8703141/","141","10","10"
"Barratt Homes at Priors Hall Park","Moresby · Plot 144","3","302995","https://www.barratthomes.co.uk/new-homes/dev-002613-barratt-homes-at-priors-hall-park/plot-144-h8703144/","144","9","9"
"Barratt Homes at Priors Hall Park","Norbury · Plot 135","3","312995","https://www.barratthomes.co.uk/new-homes/dev-002613-barratt-homes-at-priors-hall-park/plot-135-h8703135/","135","10","10"
"Barratt Homes at Priors Hall Park","Norbury · Plot 136","3","322995","https://www.barratthomes.co.uk/new-homes/dev-002613-barratt-homes-at-priors-hall-park/plot-136-h8703136/","136","10","10"
"Barratt Homes at Priors Hall Park","Hesketh · Plot 129","4","353500","https://www.barratthomes.co.uk/new-homes/dev-002613-barratt-homes-at-priors-hall-park/plot-129-h8703129/","129","9","9"
"Barratt Homes at Priors Hall Park","Windsor · Plot 142","4","368500","https://www.barratthomes.co.uk/new-homes/dev-002613-barratt-homes-at-priors-hall-park/plot-142-h8703142/","142","9","9"
"Barratt Homes at Priors Hall Park","Hesketh · Plot 172","4","369995","https://www.barratthomes.co.uk/new-homes/dev-002613-barratt-homes-at-priors-hall-park/plot-172-h8703172/","172","9","9"
"Barratt Homes at Priors Hall Park","Weldon · Plot 174","1","","https://www.barratthomes.co.uk/new-homes/dev-002613-barratt-homes-at-priors-hall-park/plot-174-h8703174/","174","4","4"
"Barratt Homes at Priors Hall Park","Higham · Plot 176","2","","https://www.barratthomes.co.uk/new-homes/dev-002613-barratt-homes-at-priors-hall-park/plot-176-h8703176/","176","6","6"
"Barratt Homes at Priors Hall Park","Higham · Plot 177","2","","https://www.barratthomes.co.uk/new-homes/dev-002613-barratt-homes-at-priors-hall-park/plot-177-h8703177/","177","6","6"
"Barratt Homes at Priors Hall Park","Maidstone · Plot 126","3","","https://www.barratthomes.co.uk/new-homes/dev-002613-barratt-homes-at-priors-hall-park/plot-126-h8703126/","126","10","10"
"Barratt Homes at Priors Hall Park","Hesketh · Plot 128","4","","https://www.barratthomes.co.uk/new-homes/dev-002613-barratt-homes-at-priors-hall-park/plot-128-h8703128/","128","9","9"
"Barratt Homes at Priors Hall Park","Radleigh · Plot 127","4","","https://www.barratthomes.co.uk/new-homes/dev-002613-barratt-homes-at-priors-hall-park/plot-127-h8703127/","127","10","10"
"Wintringham","Alverton · Plot 291","2","311995","https://www.barratthomes.co.uk/new-homes/dev-001177-wintringham/plot-291-h8543291/","291","6","6"
"Wintringham","Ellerton · Plot 168","3","384995","https://www.barratthomes.co.uk/new-homes/dev-001177-wintringham/plot-168-h8543168/","168","7","7"
"Wintringham","Maidstone · Plot 235","3","387995","https://www.barratthomes.co.uk/new-homes/dev-001177-wintringham/plot-235-h8543235/","235","10","10"
"Wintringham","Kingsville · Plot 277","4","414995","https://www.barratthomes.co.uk/new-homes/dev-001177-wintringham/plot-277-h8543277/","277","10","10"
"Wintringham","Brentford · Plot 276","4","437995","https://www.barratthomes.co.uk/new-homes/dev-001177-wintringham/plot-276-h8543276/","276","8","8"
"Wintringham","Maidstone · Plot 279","3","","https://www.barratthomes.co.uk/new-homes/dev-001177-wintringham/plot-279-h8543279/","279","8","8"
"Wintringham","Kingsville · Plot 275","4","","https://www.barratthomes.co.uk/new-homes/dev-001177-wintringham/plot-275-h8543275/","275","10","10"
"Wintringham","Radleigh · Plot 236","4","","https://www.barratthomes.co.uk/new-homes/dev-001177-wintringham/plot-236-h8543236/","236","10","10"
"Barratt Homes at Roman Gardens","Ramsey · Plot 16","2","380000","https://www.barratthomes.co.uk/new-homes/dev003124-barratt-homes-at-roman-gardens/plot-16-h936516/","16","8","8"
"Barratt Homes at Roman Gardens","Hopton · Plot 3","3","450000","https://www.barratthomes.co.uk/new-homes/dev003124-barratt-homes-at-roman-gardens/plot-3-h93653/","3","10","10"
"Barratt Homes at Roman Gardens","Hopton · Plot 45","3","475000","https://www.barratthomes.co.uk/new-homes/dev003124-barratt-homes-at-roman-gardens/plot-45-h936545/","45","9","9"
"Barratt Homes at Roman Gardens","Hopton · Plot 48","3","475000","https://www.barratthomes.co.uk/new-homes/dev003124-barratt-homes-at-roman-gardens/plot-48-h936548/","48","10","10"
"Barratt Homes at Roman Gardens","Calthorpe · Plot 6","3","515000","https://www.barratthomes.co.uk/new-homes/dev003124-barratt-homes-at-roman-gardens/plot-6-h93656/","6","10","10"
"Barratt Homes at Roman Gardens","Calthorpe · Plot 5","3","515000","https://www.barratthomes.co.uk/new-homes/dev003124-barratt-homes-at-roman-gardens/plot-5-h93655/","5","10","10"
"Barratt Homes at Roman Gardens","Tudeley · Plot 4","4","545000","https://www.barratthomes.co.uk/new-homes/dev003124-barratt-homes-at-roman-gardens/plot-4-h93654/","4","10","10"
"Barratt Homes at Roman Gardens","Dearne · Plot 47","4","625000","https://www.barratthomes.co.uk/new-homes/dev003124-barratt-homes-at-roman-gardens/plot-47-h936547/","47","10","10"
"Barratt Homes at Roman Gardens","Dearne · Plot 46","4","625000","https://www.barratthomes.co.uk/new-homes/dev003124-barratt-homes-at-roman-gardens/plot-46-h936546/","46","10","10"
"Barratt Homes at Roman Gardens","Tudeley · Plot 1","4","","https://www.barratthomes.co.uk/new-homes/dev003124-barratt-homes-at-roman-gardens/plot-1-h93651/","1","10","10"
"Barratt Homes at Roman Gardens","Ramsey · Plot 2","2","","https://www.barratthomes.co.uk/new-homes/dev003124-barratt-homes-at-roman-gardens/plot-2-h93652/","2","7","7"
"Kensington Gate","Ellerton · Plot 136","3","","https://www.barratthomes.co.uk/new-homes/dev003000-kensington-gate/plot-136-ha409136/","136","10","10"
"Kensington Gate","Kingsley · Plot 135","4","","https://www.barratthomes.co.uk/new-homes/dev003000-kensington-gate/plot-135-ha409135/","135","10","10"
"Foundry Lea","Alverton · Plot 22","2","245000","https://www.barratthomes.co.uk/new-homes/dev002706-foundry-lea/plot-22-h852022/","22","6","6"
"Foundry Lea","Alverton · Plot 81","2","260000","https://www.barratthomes.co.uk/new-homes/dev002706-foundry-lea/plot-81-h852081/","81","6","6"
"Foundry Lea","Moresby · Plot 82","3","375000","https://www.barratthomes.co.uk/new-homes/dev002706-foundry-lea/plot-82-h852082/","82","9","9"
"Foundry Lea","Milfield · Plot 79","4","450000","https://www.barratthomes.co.uk/new-homes/dev002706-foundry-lea/plot-79-h852079/","79","10","10"
"Foundry Lea","Alfreton · Plot 80","4","550000","https://www.barratthomes.co.uk/new-homes/dev002706-foundry-lea/plot-80-h852080/","80","10","10"
"Foundry Lea","Maidstone · Plot 4","3","","https://www.barratthomes.co.uk/new-homes/dev002706-foundry-lea/plot-4-h85204/","4","10","10"
"Foundry Lea","Moresby · Plot 5","3","","https://www.barratthomes.co.uk/new-homes/dev002706-foundry-lea/plot-5-h85205/","5","9","9"
"Foundry Lea","Milfield · Plot 3","4","","https://www.barratthomes.co.uk/new-homes/dev002706-foundry-lea/plot-3-h85203/","3","10","10"
"Talbot Place","Holywell · Plot 455","2","247995","https://www.barratthomes.co.uk/new-homes/dev-002633-talbot-place/plot-455-h8949455/","455","6","5"
"Talbot Place","Mewstone · Plot 441","3","294995","https://www.barratthomes.co.uk/new-homes/dev-002633-talbot-place/plot-441-h8949441/","441","10","9"
"Talbot Place","Mewstone · Plot 475","3","294995","https://www.barratthomes.co.uk/new-homes/dev-002633-talbot-place/plot-475-h8949475/","475","10","10"
"Talbot Place","Ennerdale · Plot 416","3","304995","https://www.barratthomes.co.uk/new-homes/dev-002633-talbot-place/plot-416-h8949416/","416","8","8"
"Talbot Place","Woodcote · Plot 429","4","305995","https://www.barratthomes.co.uk/new-homes/dev-002633-talbot-place/plot-429-h8949429/","429","10","10"
"Talbot Place","Woodcote · Plot 430","4","305995","https://www.barratthomes.co.uk/new-homes/dev-002633-talbot-place/plot-430-h8949430/","430","10","10"
"Talbot Place","Ennerdale · Plot 467","3","309995","https://www.barratthomes.co.uk/new-homes/dev-002633-talbot-place/plot-467-h8949467/","467","8","8"
"Talbot Place","Kennisham · Plot 479","4","349995","https://www.barratthomes.co.uk/new-homes/dev-002633-talbot-place/plot-479-h8949479/","479","10","10"
"Talbot Place","Kelling · Plot 431","4","356995","https://www.barratthomes.co.uk/new-homes/dev-002633-talbot-place/plot-431-h8949431/","431","10","10"
"Talbot Place","Kelling · Plot 439","4","356995","https://www.barratthomes.co.uk/new-homes/dev-002633-talbot-place/plot-439-h8949439/","439","10","10"
"Talbot Place","Mewstone · Plot 324","3","","https://www.barratthomes.co.uk/new-homes/dev-002633-talbot-place/plot-324-h8949324/","324","10","9"
"Talbot Place","Alderney · Plot 325","4","","https://www.barratthomes.co.uk/new-homes/dev-002633-talbot-place/plot-325-h8949325/","325","10","10"
"Pen Bethan","Denford · Plot 82","2","285995","https://www.barratthomes.co.uk/new-homes/dev001987-pen-bethan/plot-82-h816982/","82","6","6"
"Pen Bethan","Kenley · Plot 77","2","285995","https://www.barratthomes.co.uk/new-homes/dev001987-pen-bethan/plot-77-h816977/","77","6","6"
"Pen Bethan","Maidstone · Plot 120","3","345995","https://www.barratthomes.co.uk/new-homes/dev001987-pen-bethan/plot-120-h8169120/","120","7","7"
"Pen Bethan","Moresby · Plot 129","3","384995","https://www.barratthomes.co.uk/new-homes/dev001987-pen-bethan/plot-129-h8169129/","129","8","8"
"Pen Bethan","Moresby · Plot 83","3","389995","https://www.barratthomes.co.uk/new-homes/dev001987-pen-bethan/plot-83-h816983/","83","8","8"
"Pen Bethan","Chester · Plot 69","4","450995","https://www.barratthomes.co.uk/new-homes/dev001987-pen-bethan/plot-69-h816969/","69","9","9"
"Pen Bethan","Chester · Plot 70","4","450995","https://www.barratthomes.co.uk/new-homes/dev001987-pen-bethan/plot-70-h816970/","70","9","9"
"Pen Bethan","Kingsley · Plot 72","4","470995","https://www.barratthomes.co.uk/new-homes/dev001987-pen-bethan/plot-72-h816972/","72","8","8"
"Pen Bethan","Kingsley · Plot 73","4","470995","https://www.barratthomes.co.uk/new-homes/dev001987-pen-bethan/plot-73-h816973/","73","9","9"
"Pen Bethan","Denford · Plot 4","2","","https://www.barratthomes.co.uk/new-homes/dev001987-pen-bethan/plot-4-h81694/","4","6","6"
"Pen Bethan","Moresby · Plot 5","3","","https://www.barratthomes.co.uk/new-homes/dev001987-pen-bethan/plot-5-h81695/","5","8","8"
"St Peters Chase","Redford · Plot 13","3","335995","https://www.barratthomes.co.uk/new-homes/dev002983-st-peters-chase/plot-13-ha02113/","13","8","8"
"St Peters Chase","Kew · Plot 66","2","249995","https://www.barratthomes.co.uk/new-homes/dev002983-st-peters-chase/plot-66-ha02166/","66","8","8"
"St Peters Chase","Nene · Plot 70","2","252995","https://www.barratthomes.co.uk/new-homes/dev002983-st-peters-chase/plot-70-ha02170/","70","8","8"
"St Peters Chase","Kew · Plot 67","2","252995","https://www.barratthomes.co.uk/new-homes/dev002983-st-peters-chase/plot-67-ha02167/","67","10","10"
"St Peters Chase","Nene · Plot 69","2","254995","https://www.barratthomes.co.uk/new-homes/dev002983-st-peters-chase/plot-69-ha02169/","69","8","8"
"St Peters Chase","Mewstone · Plot 41","3","339995","https://www.barratthomes.co.uk/new-homes/dev002983-st-peters-chase/plot-41-ha02141/","41","7","7"
"St Peters Chase","Holwick · Plot 33","3","342995","https://www.barratthomes.co.uk/new-homes/dev002983-st-peters-chase/plot-33-ha02133/","33","6","6"
"St Peters Chase","Holwick · Plot 32","3","342995","https://www.barratthomes.co.uk/new-homes/dev002983-st-peters-chase/plot-32-ha02132/","32","7","7"
"St Peters Chase","Redford · Plot 60","3","349995","https://www.barratthomes.co.uk/new-homes/dev002983-st-peters-chase/plot-60-ha02160/","60","8","8"
"St Peters Chase","Martham · Plot 34","3","354995","https://www.barratthomes.co.uk/new-homes/dev002983-st-peters-chase/plot-34-ha02134/","34","10","10"
"St Peters Chase","Martham · Plot 35","3","372995","https://www.barratthomes.co.uk/new-homes/dev002983-st-peters-chase/plot-35-ha02135/","35","8","8"
"St Peters Chase","Martham · Plot 42","3","372995","https://www.barratthomes.co.uk/new-homes/dev002983-st-peters-chase/plot-42-ha02142/","42","8","8"
"St Peters Chase","Allerthorpe · Plot 1","3","","https://www.barratthomes.co.uk/new-homes/dev002983-st-peters-chase/plot-1-ha0211/","1","9","9"
"St Peters Chase","Martham · Plot 2","3","","https://www.barratthomes.co.uk/new-homes/dev002983-st-peters-chase/plot-2-ha0212/","2","9","9"
"Lennox Gardens","Coull · Plot 75","3","259995","https://www.barratthomes.co.uk/new-homes/dev002973-lennox-gardens/plot-75-h932375/","75","9","9"
"Lennox Gardens","Coull · Plot 74","3","259995","https://www.barratthomes.co.uk/new-homes/dev002973-lennox-gardens/plot-74-h932374/","74","8","8"
"Lennox Gardens","Craigend · Plot 24","3","299995","https://www.barratthomes.co.uk/new-homes/dev002973-lennox-gardens/plot-24-h932324/","24","10","10"
"Lennox Gardens","Kinloch · Plot 82","4","349995","https://www.barratthomes.co.uk/new-homes/dev002973-lennox-gardens/plot-82-h932382/","82","10","10"
"Lennox Gardens","Kinloch · Plot 41","4","354995","https://www.barratthomes.co.uk/new-homes/dev002973-lennox-gardens/plot-41-h932341/","41","10","10"
"Lennox Gardens","Dean · Plot 43","4","374995","https://www.barratthomes.co.uk/new-homes/dev002973-lennox-gardens/plot-43-h932343/","43","10","10"
"Lennox Gardens","Dean · Plot 40","4","374995","https://www.barratthomes.co.uk/new-homes/dev002973-lennox-gardens/plot-40-h932340/","40","10","10"
"Lennox Gardens","Crombie · Plot 42","4","406995","https://www.barratthomes.co.uk/new-homes/dev002973-lennox-gardens/plot-42-h932342/","42","10","10"
"Lennox Gardens","Crombie · Plot 39","4","406995","https://www.barratthomes.co.uk/new-homes/dev002973-lennox-gardens/plot-39-h932339/","39","10","10"
"Lennox Gardens","Crombie · Plot 68","4","","https://www.barratthomes.co.uk/new-homes/dev002973-lennox-gardens/plot-68-h932368/","68","10","10"
"Lennox Gardens","Dean · Plot 69","4","","https://www.barratthomes.co.uk/new-homes/dev002973-lennox-gardens/plot-69-h932369/","69","10","10"
"Carrick Meadows","Glamis · Plot 99","4","357995","https://www.barratthomes.co.uk/new-homes/dev002851-carrick-meadows/plot-99-h808799/","99","10","10"
"Carrick Meadows","Fenton · Plot 98","4","374995","https://www.barratthomes.co.uk/new-homes/dev002851-carrick-meadows/plot-98-h808798/","98","10","10"
"Carrick Meadows","Fenton · Plot 24","4","377995","https://www.barratthomes.co.uk/new-homes/dev002851-carrick-meadows/plot-24-h808724/","24","10","10"
"Carrick Meadows","Kinloch · Plot 38","4","384995","https://www.barratthomes.co.uk/new-homes/dev002851-carrick-meadows/plot-38-h808738/","38","10","10"
"Carrick Meadows","Kinloch · Plot 43","4","384995","https://www.barratthomes.co.uk/new-homes/dev002851-carrick-meadows/plot-43-h808743/","43","10","10"
"Carrick Meadows","Dean · Plot 94","4","402995","https://www.barratthomes.co.uk/new-homes/dev002851-carrick-meadows/plot-94-h808794/","94","9","9"
"Carrick Meadows","Campbell · Plot 27","4","421995","https://www.barratthomes.co.uk/new-homes/dev002851-carrick-meadows/plot-27-h808727/","27","10","10"
"Carrick Meadows","Balloch · Plot 25","4","439995","https://www.barratthomes.co.uk/new-homes/dev002851-carrick-meadows/plot-25-h808725/","25","10","10"
"Carrick Meadows","Balloch · Plot 26","4","439995","https://www.barratthomes.co.uk/new-homes/dev002851-carrick-meadows/plot-26-h808726/","26","10","10"
"Carrick Meadows","Balloch · Plot 56","4","","https://www.barratthomes.co.uk/new-homes/dev002851-carrick-meadows/plot-56-h808756/","56","10","10"
"Highgrove","Hambrook · Plot 181","1","225000","https://www.barratthomes.co.uk/new-homes/dev002715-highgrove/plot-181-h6300181/","181","4","4"
"Highgrove","Hambrook · Plot 203","1","225000","https://www.barratthomes.co.uk/new-homes/dev002715-highgrove/plot-203-h6300203/","203","4","4"
"Highgrove","Ellerton · Plot 158","3","379000","https://www.barratthomes.co.uk/new-homes/dev002715-highgrove/plot-158-h6300158/","158","8","8"
"Highgrove","Folkestone · Plot 174","3","397000","https://www.barratthomes.co.uk/new-homes/dev002715-highgrove/plot-174-h6300174/","174","7","7"
"Highgrove","Folkestone · Plot 173","3","399000","https://www.barratthomes.co.uk/new-homes/dev002715-highgrove/plot-173-h6300173/","173","7","7"
"Highgrove","Ellerton · Plot 22","3","399000","https://www.barratthomes.co.uk/new-homes/dev002715-highgrove/plot-22-h630022/","22","8","8"
"Highgrove","Kingsville · Plot 19","3","432500","https://www.barratthomes.co.uk/new-homes/dev002715-highgrove/plot-19-h630019/","19","8","8"
"Highgrove","Moresby · Plot 157","3","435000","https://www.barratthomes.co.uk/new-homes/dev002715-highgrove/plot-157-h6300157/","157","8","8"
"Highgrove","Kingsville · Plot 171","3","449000","https://www.barratthomes.co.uk/new-homes/dev002715-highgrove/plot-171-h6300171/","171","9","9"
"Highgrove","Radleigh · Plot 16","4","569000","https://www.barratthomes.co.uk/new-homes/dev002715-highgrove/plot-16-h630016/","16","10","10"
"Highgrove","Radleigh · Plot 17","4","575000","https://www.barratthomes.co.uk/new-homes/dev002715-highgrove/plot-17-h630017/","17","10","10"
"Highgrove","Alfreton · Plot 214","4","610000","https://www.barratthomes.co.uk/new-homes/dev002715-highgrove/plot-214-h6300214/","214","10","10"
"Highgrove","Alderney · Plot 1","4","","https://www.barratthomes.co.uk/new-homes/dev002715-highgrove/plot-1-h63001/","1","10","10"
"Highgrove","Kingsley · Plot 2","4","","https://www.barratthomes.co.uk/new-homes/dev002715-highgrove/plot-2-h63002/","2","10","10"
"Pickford Gate","Moresby · Plot 325","3","355000","https://www.barratthomes.co.uk/new-homes/dev002978-pickford-gate/plot-325-h9336325/","325","9","9"
"Pickford Gate","Kingsville · Plot 318","3","359995","https://www.barratthomes.co.uk/new-homes/dev002978-pickford-gate/plot-318-h9336318/","318","10","10"
"Pickford Gate","Norbury · Plot 348","3","365000","https://www.barratthomes.co.uk/new-homes/dev002978-pickford-gate/plot-348-h9336348/","348","9","9"
"Pickford Gate","Norbury · Plot 349","3","365000","https://www.barratthomes.co.uk/new-homes/dev002978-pickford-gate/plot-349-h9336349/","349","9","9"
"Pickford Gate","Haversham · Plot 355","3","394995","https://www.barratthomes.co.uk/new-homes/dev002978-pickford-gate/plot-355-h9336355/","355","10","10"
"Pickford Gate","Haversham · Plot 354","3","399995","https://www.barratthomes.co.uk/new-homes/dev002978-pickford-gate/plot-354-h9336354/","354","9","9"
"Pickford Gate","Brentford · Plot 321","3","399995","https://www.barratthomes.co.uk/new-homes/dev002978-pickford-gate/plot-321-h9336321/","321","7","7"
"Pickford Gate","Haversham · Plot 352","3","405995","https://www.barratthomes.co.uk/new-homes/dev002978-pickford-gate/plot-352-h9336352/","352","9","9"
"Pickford Gate","Chester · Plot 347","4","417995","https://www.barratthomes.co.uk/new-homes/dev002978-pickford-gate/plot-347-h9336347/","347","10","10"
"Pickford Gate","Kingsley · Plot 326","4","435995","https://www.barratthomes.co.uk/new-homes/dev002978-pickford-gate/plot-326-h9336326/","326","9","9"
"Pickford Gate","Hesketh · Plot 351","4","464995","https://www.barratthomes.co.uk/new-homes/dev002978-pickford-gate/plot-351-h9336351/","351","7","7"
"Pickford Gate","Alderney · Plot 331","4","469995","https://www.barratthomes.co.uk/new-homes/dev002978-pickford-gate/plot-331-h9336331/","331","10","10"
"Pickford Gate","Denford · Plot 3","2","","https://www.barratthomes.co.uk/new-homes/dev002978-pickford-gate/plot-3-h93363/","3","9","9"
"Pickford Gate","Ellerton · Plot 2","3","","https://www.barratthomes.co.uk/new-homes/dev002978-pickford-gate/plot-2-h93362/","2","10","10"
"Pickford Gate","Hesketh · Plot 1","4","","https://www.barratthomes.co.uk/new-homes/dev002978-pickford-gate/plot-1-h93361/","1","10","10"
"Stewarts Reach","Alderney · Plot 179","4","425000","https://www.barratthomes.co.uk/new-homes/dev-002621-stewarts-reach/plot-179-h8828179/","179","8","8"
"Stewarts Reach","Radleigh · Plot 180","4","430000","https://www.barratthomes.co.uk/new-homes/dev-002621-stewarts-reach/plot-180-h8828180/","180","9","9"
"Stewarts Reach","Kingsville · Plot 185","3","310000","https://www.barratthomes.co.uk/new-homes/dev-002621-stewarts-reach/plot-185-h8828185/","185","10","10"
"Stewarts Reach","Kingsville · Plot 184","3","310000","https://www.barratthomes.co.uk/new-homes/dev-002621-stewarts-reach/plot-184-h8828184/","184","9","9"
"Stewarts Reach","Kingsville · Plot 186","3","310000","https://www.barratthomes.co.uk/new-homes/dev-002621-stewarts-reach/plot-186-h8828186/","186","9","9"
"Stewarts Reach","Kingsville · Plot 187","3","310000","https://www.barratthomes.co.uk/new-homes/dev-002621-stewarts-reach/plot-187-h8828187/","187","10","10"
"Stewarts Reach","Denby · Plot 217","3","345000","https://www.barratthomes.co.uk/new-homes/dev-002621-stewarts-reach/plot-217-h8828217/","217","8","8"
"Stewarts Reach","Halton · Plot 218","4","405000","https://www.barratthomes.co.uk/new-homes/dev-002621-stewarts-reach/plot-218-h8828218/","218","9","9"
"Stewarts Reach","Radleigh · Plot 189","4","435000","https://www.barratthomes.co.uk/new-homes/dev-002621-stewarts-reach/plot-189-h8828189/","189","10","10"
"Stewarts Reach","Ascot · Plot 219","4","445000","https://www.barratthomes.co.uk/new-homes/dev-002621-stewarts-reach/plot-219-h8828219/","219","9","9"
"Stewarts Reach","Ascot · Plot 190","4","450000","https://www.barratthomes.co.uk/new-homes/dev-002621-stewarts-reach/plot-190-h8828190/","190","8","8"
"Stewarts Reach","Ascot · Plot 191","4","450000","https://www.barratthomes.co.uk/new-homes/dev-002621-stewarts-reach/plot-191-h8828191/","191","9","9"
"Stewarts Reach","Kingsville · Plot 372","3","","https://www.barratthomes.co.uk/new-homes/dev-002621-stewarts-reach/plot-372-h8828372/","372","10","10"
"Stewarts Reach","Radleigh · Plot 354","4","","https://www.barratthomes.co.uk/new-homes/dev-002621-stewarts-reach/plot-354-h8828354/","354","10","10"
"Barratt @ Lairds Gait","Coull · Plot 110","3","229995","https://www.barratthomes.co.uk/new-homes/dev-002650-barratt-@-lairds-gait/plot-110-h8459110/","110","10","10"
"Barratt @ Lairds Gait","Thurso · Plot 116","3","259995","https://www.barratthomes.co.uk/new-homes/dev-002650-barratt-@-lairds-gait/plot-116-h8459116/","116","10","10"
"Barratt @ Lairds Gait","Craigend · Plot 129","3","277995","https://www.barratthomes.co.uk/new-homes/dev-002650-barratt-@-lairds-gait/plot-129-h8459129/","129","9","9"
"Barratt @ Lairds Gait","Fenton · Plot 133","4","306995","https://www.barratthomes.co.uk/new-homes/dev-002650-barratt-@-lairds-gait/plot-133-h8459133/","133","10","10"
"Barratt @ Lairds Gait","Kinloch · Plot 127","4","321995","https://www.barratthomes.co.uk/new-homes/dev-002650-barratt-@-lairds-gait/plot-127-h8459127/","127","10","10"
"Barratt @ Lairds Gait","Dean · Plot 118","4","334995","https://www.barratthomes.co.uk/new-homes/dev-002650-barratt-@-lairds-gait/plot-118-h8459118/","118","10","10"
"Barratt @ Lairds Gait","Campbell · Plot 233","4","349995","https://www.barratthomes.co.uk/new-homes/dev-002650-barratt-@-lairds-gait/plot-233-h8459233/","233","10","10"
"Barratt @ Lairds Gait","Stobo · Plot 113","4","359995","https://www.barratthomes.co.uk/new-homes/dev-002650-barratt-@-lairds-gait/plot-113-h8459113/","113","10","10"
"Barratt @ Lairds Gait","Stobo · Plot 234","4","364995","https://www.barratthomes.co.uk/new-homes/dev-002650-barratt-@-lairds-gait/plot-234-h8459234/","234","10","10"
"Barratt @ Lairds Gait","Balloch · Plot 131","4","369995","https://www.barratthomes.co.uk/new-homes/dev-002650-barratt-@-lairds-gait/plot-131-h8459131/","131","10","10"
"Barratt @ Lairds Gait","Dean · Plot 61","4","","https://www.barratthomes.co.uk/new-homes/dev-002650-barratt-@-lairds-gait/plot-61-h845961/","61","10","10"
"Barratt @ Lairds Gait","Fenton · Plot 60","4","","https://www.barratthomes.co.uk/new-homes/dev-002650-barratt-@-lairds-gait/plot-60-h845960/","60","10","10"
"Sycamore Gardens","Ballathie · Plot 83","5","409995","https://www.barratthomes.co.uk/new-homes/dev002825-sycamore-gardens/plot-83-h942283/","83","10","10"
"Sycamore Gardens","Craigend · Plot 111","3","321995","https://www.barratthomes.co.uk/new-homes/dev002825-sycamore-gardens/plot-111-h9422111/","111","10","10"
"Sycamore Gardens","Craigend · Plot 110","3","321995","https://www.barratthomes.co.uk/new-homes/dev002825-sycamore-gardens/plot-110-h9422110/","110","9","9"
"Sycamore Gardens","Inverness · Plot 92","4","390995","https://www.barratthomes.co.uk/new-homes/dev002825-sycamore-gardens/plot-92-h942292/","92","8","8"
"Sycamore Gardens","Stobo · Plot 86","4","417995","https://www.barratthomes.co.uk/new-homes/dev002825-sycamore-gardens/plot-86-h942286/","86","9","9"
"Sycamore Gardens","Stobo · Plot 91","4","418995","https://www.barratthomes.co.uk/new-homes/dev002825-sycamore-gardens/plot-91-h942291/","91","9","9"
"Sycamore Gardens","Birkhill · Plot 35","4","419995","https://www.barratthomes.co.uk/new-homes/dev002825-sycamore-gardens/plot-35-h942235/","35","10","10"
"Sycamore Gardens","Balloch · Plot 85","4","426995","https://www.barratthomes.co.uk/new-homes/dev002825-sycamore-gardens/plot-85-h942285/","85","10","10"
"Sycamore Gardens","Balloch · Plot 112","4","430995","https://www.barratthomes.co.uk/new-homes/dev002825-sycamore-gardens/plot-112-h9422112/","112","10","10"
"Sycamore Gardens","Birkhill · Plot 88","4","441995","https://www.barratthomes.co.uk/new-homes/dev002825-sycamore-gardens/plot-88-h942288/","88","9","9"
"Sycamore Gardens","Ballathie · Plot 87","5","447995","https://www.barratthomes.co.uk/new-homes/dev002825-sycamore-gardens/plot-87-h942287/","87","9","9"
"Sycamore Gardens","Birkhill · Plot 2","4","","https://www.barratthomes.co.uk/new-homes/dev002825-sycamore-gardens/plot-2-h94222/","2","10","10"
"Sycamore Gardens","Inverness · Plot 1","4","","https://www.barratthomes.co.uk/new-homes/dev002825-sycamore-gardens/plot-1-h94221/","1","8","8"
"The Watchmakers","Kingsville · Plot 47","3","365000","https://www.barratthomes.co.uk/new-homes/dev002692-the-watchmakers/plot-47-h865247/","47","9","9"
"The Watchmakers","Kingsville · Plot 46","3","365000","https://www.barratthomes.co.uk/new-homes/dev002692-the-watchmakers/plot-46-h865246/","46","9","9"
"The Watchmakers","Kingsville · Plot 73","3","365000","https://www.barratthomes.co.uk/new-homes/dev002692-the-watchmakers/plot-73-h865273/","73","9","9"
"The Watchmakers","Kingsville · Plot 72","3","365000","https://www.barratthomes.co.uk/new-homes/dev002692-the-watchmakers/plot-72-h865272/","72","9","9"
"The Watchmakers","Kingsville · Plot 75","3","365000","https://www.barratthomes.co.uk/new-homes/dev002692-the-watchmakers/plot-75-h865275/","75","9","9"
"The Watchmakers","Kingsville · Plot 1","3","365000","https://www.barratthomes.co.uk/new-homes/dev002692-the-watchmakers/plot-1-h86521/","1","9","9"
"The Watchmakers","Moresby · Plot 3","3","","https://www.barratthomes.co.uk/new-homes/dev002692-the-watchmakers/plot-3-h86523/","3","10","10"
"The Watchmakers","Kingsville · Plot 2","3","","https://www.barratthomes.co.uk/new-homes/dev002692-the-watchmakers/plot-2-h86522/","2","10","10"
"Hollygate Green","Maidstone · Plot 71","3","289995","https://www.barratthomes.co.uk/new-homes/dev002687-hollygate-green/plot-71-h533371/","71","8","8"
"Hollygate Green","Maidstone · Plot 72","3","299995","https://www.barratthomes.co.uk/new-homes/dev002687-hollygate-green/plot-72-h533372/","72","8","8"
"Hollygate Green","Hemsworth · Plot 107","4","389995","https://www.barratthomes.co.uk/new-homes/dev002687-hollygate-green/plot-107-h5333107/","107","9","9"
"Hollygate Green","Hemsworth · Plot 26","4","414995","https://www.barratthomes.co.uk/new-homes/dev002687-hollygate-green/plot-26-h533326/","26","9","9"
"Hollygate Green","HALE · Plot 20","4","424995","https://www.barratthomes.co.uk/new-homes/dev002687-hollygate-green/plot-20-h533320/","20","8","8"
"Hollygate Green","Malvern · Plot 29","5","539995","https://www.barratthomes.co.uk/new-homes/dev002687-hollygate-green/plot-29-h533329/","29","9","9"
"Hollygate Green","Bedale · Plot 74","2","239995","https://www.barratthomes.co.uk/new-homes/dev002687-hollygate-green/plot-74-h533374/","74","6","6"
"Hollygate Green","Denford · Plot 63","2","244995","https://www.barratthomes.co.uk/new-homes/dev002687-hollygate-green/plot-63-h533363/","63","7","7"
"Hollygate Green","Kenley · Plot 77","2","249995","https://www.barratthomes.co.uk/new-homes/dev002687-hollygate-green/plot-77-h533377/","77","5","5"
"Hollygate Green","Bedale · Plot 75","2","249995","https://www.barratthomes.co.uk/new-homes/dev002687-hollygate-green/plot-75-h533375/","75","6","6"
"Hollygate Green","Kenley · Plot 76","2","252995","https://www.barratthomes.co.uk/new-homes/dev002687-hollygate-green/plot-76-h533376/","76","6","6"
"Hollygate Green","Maidstone · Plot 61","3","309995","https://www.barratthomes.co.uk/new-homes/dev002687-hollygate-green/plot-61-h533361/","61","7","7"
"Hollygate Green","Ellerton · Plot 66","3","309995","https://www.barratthomes.co.uk/new-homes/dev002687-hollygate-green/plot-66-h533366/","66","7","7"
"Hollygate Green","Denby · Plot 62","3","359995","https://www.barratthomes.co.uk/new-homes/dev002687-hollygate-green/plot-62-h533362/","62","8","8"
"Hollygate Green","Hemsworth · Plot 30","4","429995","https://www.barratthomes.co.uk/new-homes/dev002687-hollygate-green/plot-30-h533330/","30","9","9"
"Hollygate Green","Hemsworth · Plot 32","4","437995","https://www.barratthomes.co.uk/new-homes/dev002687-hollygate-green/plot-32-h533332/","32","9","9"
"Hollygate Green","Hale · Plot 31","4","444995","https://www.barratthomes.co.uk/new-homes/dev002687-hollygate-green/plot-31-h533331/","31","8","8"
"Hollygate Green","Radleigh · Plot 33","4","449995","https://www.barratthomes.co.uk/new-homes/dev002687-hollygate-green/plot-33-h533333/","33","9","9"
"Hollygate Green","Radleigh · Plot 34","4","459995","https://www.barratthomes.co.uk/new-homes/dev002687-hollygate-green/plot-34-h533334/","34","9","9"
"Hollygate Green","ELLERTON · Plot 2","3","","https://www.barratthomes.co.uk/new-homes/dev002687-hollygate-green/plot-2-h53332/","2","8","8"
"Hollygate Green","ALFRETON · Plot 3","4","","https://www.barratthomes.co.uk/new-homes/dev002687-hollygate-green/plot-3-h53333/","3","10","10"
"Hollygate Green","MORESBY · Plot 1","3","","https://www.barratthomes.co.uk/new-homes/dev002687-hollygate-green/plot-1-h53331/","1","8","8"
"Whittlesey Lakeside","Ellerton · Plot 1","3","274500","https://www.barratthomes.co.uk/new-homes/dev-001158-whittlesey-lakeside/plot-1-h85041/","1","9","9"
"Whittlesey Lakeside","Moresby · Plot 116","3","310070","https://www.barratthomes.co.uk/new-homes/dev-001158-whittlesey-lakeside/plot-116-h8504116/","116","7","7"
"Whittlesey Lakeside","Moresby · Plot 194","3","311070","https://www.barratthomes.co.uk/new-homes/dev-001158-whittlesey-lakeside/plot-194-h8504194/","194","9","9"
"Whittlesey Lakeside","Kingsville V1 · Plot 172","3","319000","https://www.barratthomes.co.uk/new-homes/dev-001158-whittlesey-lakeside/plot-172-h8504172/","172","10","10"
"Whittlesey Lakeside","Kingsville V1 · Plot 173","3","325995","https://www.barratthomes.co.uk/new-homes/dev-001158-whittlesey-lakeside/plot-173-h8504173/","173","10","10"
"Whittlesey Lakeside","Alderney · Plot 193","4","406995","https://www.barratthomes.co.uk/new-homes/dev-001158-whittlesey-lakeside/plot-193-h8504193/","193","9","9"
"Whittlesey Lakeside","Radleigh · Plot 2","4","","https://www.barratthomes.co.uk/new-homes/dev-001158-whittlesey-lakeside/plot-2-h85042/","2","9","9"
"Barratt Homes at Towcester Grange","Plumstead · Plot 255","3","397390","https://www.barratthomes.co.uk/new-homes/dev002802-barratt-homes-at-towcester-grange/plot-255-h9387255/","255","8","8"
"Barratt Homes at Towcester Grange","Hesketh · Plot 257","4","464500","https://www.barratthomes.co.uk/new-homes/dev002802-barratt-homes-at-towcester-grange/plot-257-h9387257/","257","9","9"
"Barratt Homes at Towcester Grange","Denford · Plot 315","2","304000","https://www.barratthomes.co.uk/new-homes/dev002802-barratt-homes-at-towcester-grange/plot-315-h9387315/","315","7","7"
"Barratt Homes at Towcester Grange","RICHMOND · Plot 314","2","329995","https://www.barratthomes.co.uk/new-homes/dev002802-barratt-homes-at-towcester-grange/plot-314-h9387314/","314","9","9"
"Barratt Homes at Towcester Grange","Ellerton · Plot 259","3","377995","https://www.barratthomes.co.uk/new-homes/dev002802-barratt-homes-at-towcester-grange/plot-259-h9387259/","259","10","10"
"Barratt Homes at Towcester Grange","Ellerton · Plot 268","3","378495","https://www.barratthomes.co.uk/new-homes/dev002802-barratt-homes-at-towcester-grange/plot-268-h9387268/","268","9","9"
"Barratt Homes at Towcester Grange","Maidstone · Plot 297","3","380995","https://www.barratthomes.co.uk/new-homes/dev002802-barratt-homes-at-towcester-grange/plot-297-h9387297/","297","8","8"
"Barratt Homes at Towcester Grange","Maidstone · Plot 329","3","381495","https://www.barratthomes.co.uk/new-homes/dev002802-barratt-homes-at-towcester-grange/plot-329-h9387329/","329","8","8"
"Barratt Homes at Towcester Grange","Moresby · Plot 327","3","407995","https://www.barratthomes.co.uk/new-homes/dev002802-barratt-homes-at-towcester-grange/plot-327-h9387327/","327","7","7"
"Barratt Homes at Towcester Grange","Buchanan · Plot 326","3","409995","https://www.barratthomes.co.uk/new-homes/dev002802-barratt-homes-at-towcester-grange/plot-326-h9387326/","326","9","9"
"Barratt Homes at Towcester Grange","Plumstead · Plot 256","3","423995","https://www.barratthomes.co.uk/new-homes/dev002802-barratt-homes-at-towcester-grange/plot-256-h9387256/","256","9","9"
"Barratt Homes at Towcester Grange","Hesketh · Plot 263","4","475995","https://www.barratthomes.co.uk/new-homes/dev002802-barratt-homes-at-towcester-grange/plot-263-h9387263/","263","9","9"
"Barratt Homes at Towcester Grange","Alderney · Plot 267","4","488000","https://www.barratthomes.co.uk/new-homes/dev002802-barratt-homes-at-towcester-grange/plot-267-h9387267/","267","10","10"
"Barratt Homes at Towcester Grange","Radleigh · Plot 299","4","539995","https://www.barratthomes.co.uk/new-homes/dev002802-barratt-homes-at-towcester-grange/plot-299-h9387299/","299","10","10"
"Barratt Homes at Towcester Grange","Oakley · Plot 202","3","","https://www.barratthomes.co.uk/new-homes/dev002802-barratt-homes-at-towcester-grange/plot-202-h9387202/","202","10","10"
"Barratt Homes at Towcester Grange","Alderney · Plot 201","4","","https://www.barratthomes.co.uk/new-homes/dev002802-barratt-homes-at-towcester-grange/plot-201-h9387201/","201","9","9"
"Chatteris Gate","Ellerton · Plot 63","3","279995","https://www.barratthomes.co.uk/new-homes/dev002800-chatteris-gate/plot-63-h919863/","63","9","9"
"Chatteris Gate","Moresby · Plot 30","3","310000","https://www.barratthomes.co.uk/new-homes/dev002800-chatteris-gate/plot-30-h919830/","30","8","8"
"Chatteris Gate","Kingsville · Plot 8","3","310995","https://www.barratthomes.co.uk/new-homes/dev002800-chatteris-gate/plot-8-h91988/","8","10","10"
"Chatteris Gate","Kingsville · Plot 9","3","310995","https://www.barratthomes.co.uk/new-homes/dev002800-chatteris-gate/plot-9-h91989/","9","8","8"
"Chatteris Gate","Kingsville · Plot 26","3","312995","https://www.barratthomes.co.uk/new-homes/dev002800-chatteris-gate/plot-26-h919826/","26","10","10"
"Chatteris Gate","Kingsley · Plot 100","4","349995","https://www.barratthomes.co.uk/new-homes/dev002800-chatteris-gate/plot-100-h9198100/","100","10","10"
"Chatteris Gate","Bewdley · Plot 29","3","359995","https://www.barratthomes.co.uk/new-homes/dev002800-chatteris-gate/plot-29-h919829/","29","9","9"
"Chatteris Gate","Hesketh · Plot 15","4","399995","https://www.barratthomes.co.uk/new-homes/dev002800-chatteris-gate/plot-15-h919815/","15","8","8"
"Chatteris Gate","Radleigh · Plot 31","4","469995","https://www.barratthomes.co.uk/new-homes/dev002800-chatteris-gate/plot-31-h919831/","31","10","10"
"Chatteris Gate","Alfreton · Plot 99","4","470000","https://www.barratthomes.co.uk/new-homes/dev002800-chatteris-gate/plot-99-h919899/","99","10","10"
"Chatteris Gate","Alderney · Plot 32","4","","https://www.barratthomes.co.uk/new-homes/dev002800-chatteris-gate/plot-32-h919832/","32","9","9"
"Chatteris Gate","Kingsley · Plot 4","4","","https://www.barratthomes.co.uk/new-homes/dev002800-chatteris-gate/plot-4-ha4174/","4","10","10"
"Chatteris Gate","Kingsville · Plot 3","3","","https://www.barratthomes.co.uk/new-homes/dev002800-chatteris-gate/plot-3-ha4173/","3","10","10"
"Barratt Homes at Harlestone Grange","Kenley · Plot 30","2","265000","https://www.barratthomes.co.uk/new-homes/dev002803-barratt-homes-at-harlestone-grange/plot-30-ha02630/","30","7","7"
"Barratt Homes at Harlestone Grange","Kenley · Plot 31","2","275000","https://www.barratthomes.co.uk/new-homes/dev002803-barratt-homes-at-harlestone-grange/plot-31-ha02631/","31","7","7"
"Barratt Homes at Harlestone Grange","Maidstone · Plot 42","3","326000","https://www.barratthomes.co.uk/new-homes/dev002803-barratt-homes-at-harlestone-grange/plot-42-ha02642/","42","9","9"
"Barratt Homes at Harlestone Grange","Moresby · Plot 54","3","347000","https://www.barratthomes.co.uk/new-homes/dev002803-barratt-homes-at-harlestone-grange/plot-54-ha02654/","54","9","9"
"Barratt Homes at Harlestone Grange","Lutterworth · Plot 66","3","379995","https://www.barratthomes.co.uk/new-homes/dev002803-barratt-homes-at-harlestone-grange/plot-66-ha02666/","66","8","8"
"Barratt Homes at Harlestone Grange","Kingsley · Plot 33","4","410000","https://www.barratthomes.co.uk/new-homes/dev002803-barratt-homes-at-harlestone-grange/plot-33-ha02633/","33","10","10"
"Barratt Homes at Harlestone Grange","Kingsley · Plot 48","4","425675","https://www.barratthomes.co.uk/new-homes/dev002803-barratt-homes-at-harlestone-grange/plot-48-ha02648/","48","10","10"
"Barratt Homes at Harlestone Grange","RIPON · Plot 63","4","430000","https://www.barratthomes.co.uk/new-homes/dev002803-barratt-homes-at-harlestone-grange/plot-63-ha02663/","63","10","10"
"Barratt Homes at Harlestone Grange","Alderney · Plot 44","4","445000","https://www.barratthomes.co.uk/new-homes/dev002803-barratt-homes-at-harlestone-grange/plot-44-ha02644/","44","10","10"
"Barratt Homes at Harlestone Grange","Radleigh · Plot 34","4","458000","https://www.barratthomes.co.uk/new-homes/dev002803-barratt-homes-at-harlestone-grange/plot-34-ha02634/","34","10","10"
"Barratt Homes at Harlestone Grange","Radleigh · Plot 45","4","492350","https://www.barratthomes.co.uk/new-homes/dev002803-barratt-homes-at-harlestone-grange/plot-45-ha02645/","45","9","9"
"Barratt Homes at Harlestone Grange","Kenley · Plot 38","2","","https://www.barratthomes.co.uk/new-homes/dev002803-barratt-homes-at-harlestone-grange/plot-38-ha02638/","38","8","8"
"Barratt Homes at Harlestone Grange","Radleigh · Plot 2","4","","https://www.barratthomes.co.uk/new-homes/dev002803-barratt-homes-at-harlestone-grange/plot-2-ha0522/","2","10","10"
"Barratt Homes at Harlestone Grange","Maidstone · Plot 3","3","","https://www.barratthomes.co.uk/new-homes/dev002803-barratt-homes-at-harlestone-grange/plot-3-ha0523/","3","9","9"
"Barratt Homes at Harlestone Grange","Alderney · Plot 1","4","","https://www.barratthomes.co.uk/new-homes/dev002803-barratt-homes-at-harlestone-grange/plot-1-ha0261/","1","8","8"
"The Lilies","Maidstone · Plot 224","3","293000","https://www.barratthomes.co.uk/new-homes/dev001809-the-lilies/plot-224-h8582224/","224","9","9"
"The Lilies","Maidstone · Plot 208","3","294000","https://www.barratthomes.co.uk/new-homes/dev001809-the-lilies/plot-208-h8582208/","208","9","9"
"The Lilies","Maidstone · Plot 223","3","295000","https://www.barratthomes.co.uk/new-homes/dev001809-the-lilies/plot-223-h8582223/","223","9","9"
"The Lilies","Kingsville · Plot 189","3","319995","https://www.barratthomes.co.uk/new-homes/dev001809-the-lilies/plot-189-h8582189/","189","10","10"
"The Lilies","Kingsville · Plot 212","3","330995","https://www.barratthomes.co.uk/new-homes/dev001809-the-lilies/plot-212-h8582212/","212","10","10"
"The Lilies","Ennerdale · Plot 226","3","346995","https://www.barratthomes.co.uk/new-homes/dev001809-the-lilies/plot-226-h8582226/","226","9","9"
"The Lilies","Ennerdale · Plot 214","3","346995","https://www.barratthomes.co.uk/new-homes/dev001809-the-lilies/plot-214-h8582214/","214","9","9"
"The Lilies","Alfreton · Plot 186","4","499995","https://www.barratthomes.co.uk/new-homes/dev001809-the-lilies/plot-186-h8582186/","186","10","10"
"The Lilies","Ellerton · Plot 327","3","","https://www.barratthomes.co.uk/new-homes/dev001809-the-lilies/plot-327-h7405327/","327","10","10"
"The Lilies","Alderney · Plot 340","4","","https://www.barratthomes.co.uk/new-homes/dev001809-the-lilies/plot-340-h7405340/","340","10","10"
"Ladden Garden Village","Maidstone · Plot 77","3","374995","https://www.barratthomes.co.uk/new-homes/dev001144-ladden-garden-village/plot-77-h772777/","77","7","7"
"Ladden Garden Village","Woodcote · Plot 82","4","419995","https://www.barratthomes.co.uk/new-homes/dev001144-ladden-garden-village/plot-82-h772782/","82","8","8"
"Ladden Garden Village","Woodcote · Plot 79","4","434995","https://www.barratthomes.co.uk/new-homes/dev001144-ladden-garden-village/plot-79-h772779/","79","8","8"
"The Pearls","Alverton · Plot 233","2","219995","https://www.barratthomes.co.uk/new-homes/dev001306-the-pearls/plot-233-h7081233/","233","6","6"
"The Pearls","Alverton · Plot 229","2","222995","https://www.barratthomes.co.uk/new-homes/dev001306-the-pearls/plot-229-h7081229/","229","8","8"
"The Pearls","Roseberry · Plot 45","2","238995","https://www.barratthomes.co.uk/new-homes/dev001306-the-pearls/plot-45-h925145/","45","10","10"
"The Pearls","Roseberry · Plot 44","2","243995","https://www.barratthomes.co.uk/new-homes/dev001306-the-pearls/plot-44-h925144/","44","10","10"
"The Pearls","Roseberry · Plot 31","2","250000","https://www.barratthomes.co.uk/new-homes/dev001306-the-pearls/plot-31-h925131/","31","10","10"
"The Pearls","Maidstone · Plot 53","3","275995","https://www.barratthomes.co.uk/new-homes/dev001306-the-pearls/plot-53-h925153/","53","9","9"
"The Pearls","Maidstone · Plot 54","3","282995","https://www.barratthomes.co.uk/new-homes/dev001306-the-pearls/plot-54-h925154/","54","9","9"
"The Pearls","Ellerton · Plot 214","3","290000","https://www.barratthomes.co.uk/new-homes/dev001306-the-pearls/plot-214-h7081214/","214","8","8"
"The Pearls","Moresby · Plot 23","3","320995","https://www.barratthomes.co.uk/new-homes/dev001306-the-pearls/plot-23-h925123/","23","10","10"
"The Pearls","Collaton · Plot 199","3","325000","https://www.barratthomes.co.uk/new-homes/dev001306-the-pearls/plot-199-h7081199/","199","10","10"
"The Pearls","Kingsville · Plot 235","3","325000","https://www.barratthomes.co.uk/new-homes/dev001306-the-pearls/plot-235-h7081235/","235","9","9"
"The Pearls","Ennerdale · Plot 228","3","335000","https://www.barratthomes.co.uk/new-homes/dev001306-the-pearls/plot-228-h7081228/","228","10","10"
"The Pearls","Ennerdale · Plot 227","3","335000","https://www.barratthomes.co.uk/new-homes/dev001306-the-pearls/plot-227-h7081227/","227","10","10"
"The Pearls","Hemlock · Plot 88","3","369995","https://www.barratthomes.co.uk/new-homes/dev001306-the-pearls/plot-88-h925188/","88","7","7"
"The Pearls","Hemlock · Plot 28","3","371995","https://www.barratthomes.co.uk/new-homes/dev001306-the-pearls/plot-28-h925128/","28","6","6"
"The Pearls","Bewdley · Plot 83","3","376995","https://www.barratthomes.co.uk/new-homes/dev001306-the-pearls/plot-83-h925183/","83","9","9"
"The Pearls","Kingsley · Plot 226","4","399995","https://www.barratthomes.co.uk/new-homes/dev001306-the-pearls/plot-226-h7081226/","226","10","10"
"The Pearls","Ennerdale · Plot 259","3","","https://www.barratthomes.co.uk/new-homes/dev001306-the-pearls/plot-259-h7081259/","259","10","10"
"The Pearls","Kingsville · Plot 258","3","","https://www.barratthomes.co.uk/new-homes/dev001306-the-pearls/plot-258-h7081258/","258","10","10"
"Honeymans Helm","Matlock · Plot 68","3","372000","https://www.barratthomes.co.uk/new-homes/dev002689-honeymans-helm/plot-68-h902168/","68","9","9"
"Honeymans Helm","Marwood · Plot 102","3","370000","https://www.barratthomes.co.uk/new-homes/dev002689-honeymans-helm/plot-102-h9021102/","102","9","9"
"Honeymans Helm","Elsdon · Plot 217","3","380000","https://www.barratthomes.co.uk/new-homes/dev002689-honeymans-helm/plot-217-h9021217/","217","9","9"
"Honeymans Helm","Marwood · Plot 211","3","385000","https://www.barratthomes.co.uk/new-homes/dev002689-honeymans-helm/plot-211-h9021211/","211","9","9"
"Honeymans Helm","Plumstead · Plot 218","3","390000","https://www.barratthomes.co.uk/new-homes/dev002689-honeymans-helm/plot-218-h9021218/","218","10","10"
"Honeymans Helm","Birtley · Plot 101","3","395000","https://www.barratthomes.co.uk/new-homes/dev002689-honeymans-helm/plot-101-h9021101/","101","8","8"
"Honeymans Helm","Birtley · Plot 219","3","400000","https://www.barratthomes.co.uk/new-homes/dev002689-honeymans-helm/plot-219-h9021219/","219","8","8"
"Honeymans Helm","Matlock · Plot 36","3","","https://www.barratthomes.co.uk/new-homes/dev002689-honeymans-helm/plot-36-h902136/","36","9","9"
"Honeymans Helm","Marwood · Plot 37","3","","https://www.barratthomes.co.uk/new-homes/dev002689-honeymans-helm/plot-37-h902137/","37","9","9"
"Russet Park","Moresby · Plot 27","3","360000","https://www.barratthomes.co.uk/new-homes/dev002697-russet-park/plot-27-h668527/","27","7","7"
"Russet Park","Lamberton · Plot 53","5","620000","https://www.barratthomes.co.uk/new-homes/dev002697-russet-park/plot-53-h668553/","53","8","8"
"Russet Park","Oakwood · Plot 30","1","230000","https://www.barratthomes.co.uk/new-homes/dev002697-russet-park/plot-30-h668530/","30","4","4"
"Russet Park","Denford · Plot 45","2","280000","https://www.barratthomes.co.uk/new-homes/dev002697-russet-park/plot-45-h668545/","45","5","5"
"Russet Park","Denford · Plot 44","2","285000","https://www.barratthomes.co.uk/new-homes/dev002697-russet-park/plot-44-h668544/","44","6","6"
"Russet Park","TULIP · Plot 31","2","285000","https://www.barratthomes.co.uk/new-homes/dev002697-russet-park/plot-31-h668531/","31","4","4"
"Russet Park","Denford · Plot 36","2","290000","https://www.barratthomes.co.uk/new-homes/dev002697-russet-park/plot-36-h668536/","36","6","6"
"Russet Park","Maidstone · Plot 73","3","340000","https://www.barratthomes.co.uk/new-homes/dev002697-russet-park/plot-73-h668573/","73","8","8"
"Russet Park","Maidstone · Plot 48","3","345000","https://www.barratthomes.co.uk/new-homes/dev002697-russet-park/plot-48-h668548/","48","8","8"
"Russet Park","Maidstone · Plot 52","3","350000","https://www.barratthomes.co.uk/new-homes/dev002697-russet-park/plot-52-h668552/","52","8","8"
"Russet Park","Maidstone · Plot 64","3","350000","https://www.barratthomes.co.uk/new-homes/dev002697-russet-park/plot-64-h668564/","64","7","7"
"Russet Park","Moresby · Plot 47","3","380000","https://www.barratthomes.co.uk/new-homes/dev002697-russet-park/plot-47-h668547/","47","7","7"
"Russet Park","Moresby · Plot 58","3","390000","https://www.barratthomes.co.uk/new-homes/dev002697-russet-park/plot-58-h668558/","58","7","7"
"Russet Park","Moresby · Plot 49","3","400000","https://www.barratthomes.co.uk/new-homes/dev002697-russet-park/plot-49-h668549/","49","7","7"
"Russet Park","Windermere · Plot 41","4","435000","https://www.barratthomes.co.uk/new-homes/dev002697-russet-park/plot-41-h668541/","41","10","10"
"Russet Park","Windermere · Plot 40","4","435000","https://www.barratthomes.co.uk/new-homes/dev002697-russet-park/plot-40-h668540/","40","10","10"
"Russet Park","Lamberton · Plot 12","5","675000","https://www.barratthomes.co.uk/new-homes/dev002697-russet-park/plot-12-h668512/","12","10","10"
"Russet Park","Moresby · Plot 11","3","","https://www.barratthomes.co.uk/new-homes/dev002697-russet-park/plot-11-h668511/","11","8","8"
"Canal Quarter at Kingsbrook","Chester · Plot 66","4","455000","https://www.barratthomes.co.uk/new-homes/dev001701-canal-quarter-at-kingsbrook/plot-66-h671166/","66","8","8"
"Canal Quarter at Kingsbrook","Chester · Plot 81","4","465000","https://www.barratthomes.co.uk/new-homes/dev001701-canal-quarter-at-kingsbrook/plot-81-h763381/","81","8","8"
"Canal Quarter at Kingsbrook","Ellerton · Plot 31","3","395000","https://www.barratthomes.co.uk/new-homes/dev001701-canal-quarter-at-kingsbrook/plot-31-h671131/","31","9","9"
"Canal Quarter at Kingsbrook","Ellerton · Plot 58","3","397500","https://www.barratthomes.co.uk/new-homes/dev001701-canal-quarter-at-kingsbrook/plot-58-h671158/","58","7","7"
"Canal Quarter at Kingsbrook","Moresby · Plot 60","3","430000","https://www.barratthomes.co.uk/new-homes/dev001701-canal-quarter-at-kingsbrook/plot-60-h671160/","60","9","9"
"Canal Quarter at Kingsbrook","Norbury · Plot 19","3","435000","https://www.barratthomes.co.uk/new-homes/dev001701-canal-quarter-at-kingsbrook/plot-19-h763319/","19","7","7"
"Canal Quarter at Kingsbrook","Kingsville · Plot 22","4","450000","https://www.barratthomes.co.uk/new-homes/dev001701-canal-quarter-at-kingsbrook/plot-22-h763322/","22","10","10"
"Canal Quarter at Kingsbrook","Brentford · Plot 18","3","465000","https://www.barratthomes.co.uk/new-homes/dev001701-canal-quarter-at-kingsbrook/plot-18-h763318/","18","9","9"
"Canal Quarter at Kingsbrook","ALDERNEY · Plot 29","4","565000","https://www.barratthomes.co.uk/new-homes/dev001701-canal-quarter-at-kingsbrook/plot-29-h671129/","29","8","8"
"Canal Quarter at Kingsbrook","Radleigh · Plot 28","4","600000","https://www.barratthomes.co.uk/new-homes/dev001701-canal-quarter-at-kingsbrook/plot-28-h671128/","28","9","9"
"Canal Quarter at Kingsbrook","Radleigh · Plot 62","4","615000","https://www.barratthomes.co.uk/new-homes/dev001701-canal-quarter-at-kingsbrook/plot-62-h671162/","62","10","10"
"Wigston Meadows at Kilby Bridge","Queensbury · Plot 32","3","389995","https://www.barratthomes.co.uk/new-homes/dev003147-wigston-meadows-at-kilby-bridge/plot-32-ha04632/","32","9","9"
"Wigston Meadows at Kilby Bridge","Radleigh · Plot 9","4","449995","https://www.barratthomes.co.uk/new-homes/dev003147-wigston-meadows-at-kilby-bridge/plot-9-ha0469/","9","10","10"
"Wigston Meadows at Kilby Bridge","Fallow · Plot 30","5","499995","https://www.barratthomes.co.uk/new-homes/dev003147-wigston-meadows-at-kilby-bridge/plot-30-ha04630/","30","9","9"
"Wigston Meadows at Kilby Bridge","Hemsworth · Plot 11","4","389995","https://www.barratthomes.co.uk/new-homes/dev003147-wigston-meadows-at-kilby-bridge/plot-11-ha04611/","11","8","8"
"Wigston Meadows at Kilby Bridge","Hemsworth · Plot 12","4","389995","https://www.barratthomes.co.uk/new-homes/dev003147-wigston-meadows-at-kilby-bridge/plot-12-ha04612/","12","8","8"
"Wigston Meadows at Kilby Bridge","Kennford · Plot 36","4","394995","https://www.barratthomes.co.uk/new-homes/dev003147-wigston-meadows-at-kilby-bridge/plot-36-ha04636/","36","9","9"
"Wigston Meadows at Kilby Bridge","Queensbury · Plot 39","3","399995","https://www.barratthomes.co.uk/new-homes/dev003147-wigston-meadows-at-kilby-bridge/plot-39-ha04639/","39","9","9"
"Wigston Meadows at Kilby Bridge","Radleigh · Plot 38","4","469695","https://www.barratthomes.co.uk/new-homes/dev003147-wigston-meadows-at-kilby-bridge/plot-38-ha04638/","38","8","8"
"Wigston Meadows at Kilby Bridge","Radleigh · Plot 116","4","469995","https://www.barratthomes.co.uk/new-homes/dev003147-wigston-meadows-at-kilby-bridge/plot-116-ha046116/","116","10","10"
"Wigston Meadows at Kilby Bridge","Alfreton · Plot 115","4","499995","https://www.barratthomes.co.uk/new-homes/dev003147-wigston-meadows-at-kilby-bridge/plot-115-ha046115/","115","10","10"
"Wigston Meadows at Kilby Bridge","Alfreton · Plot 129","4","509995","https://www.barratthomes.co.uk/new-homes/dev003147-wigston-meadows-at-kilby-bridge/plot-129-ha046129/","129","10","10"
"Wigston Meadows at Kilby Bridge","Fallow · Plot 135","5","539995","https://www.barratthomes.co.uk/new-homes/dev003147-wigston-meadows-at-kilby-bridge/plot-135-ha046135/","135","9","9"
"Wigston Meadows at Kilby Bridge","Radleigh · Plot 2","4","","https://www.barratthomes.co.uk/new-homes/dev003147-wigston-meadows-at-kilby-bridge/plot-2-ha0462/","2","10","10"
"Wigston Meadows at Kilby Bridge","Alfreton · Plot 3","4","","https://www.barratthomes.co.uk/new-homes/dev003147-wigston-meadows-at-kilby-bridge/plot-3-ha0463/","3","10","10"
"Wigston Meadows","Kingsville · Plot 287","3","344995","https://www.barratthomes.co.uk/new-homes/dev002824-wigston-meadows/plot-287-h8177287/","287","9","9"
"Wigston Meadows","Kingsville · Plot 289","3","339995","https://www.barratthomes.co.uk/new-homes/dev002824-wigston-meadows/plot-289-h8177289/","289","9","9"
"Wigston Meadows","Ennerdale · Plot 365","3","349995","https://www.barratthomes.co.uk/new-homes/dev002824-wigston-meadows/plot-365-h8177365/","365","8","8"
"Wigston Meadows","Kingsville · Plot 290","3","349995","https://www.barratthomes.co.uk/new-homes/dev002824-wigston-meadows/plot-290-h8177290/","290","9","9"
"Wigston Meadows","Alfreton · Plot 368","4","509995","https://www.barratthomes.co.uk/new-homes/dev002824-wigston-meadows/plot-368-h8177368/","368","10","10"
"Wigston Meadows","KINGSVILLE · Plot 298","3","","https://www.barratthomes.co.uk/new-homes/dev002824-wigston-meadows/plot-298-h8177298/","298","9","9"
"Barratt at Hampton Beach","Ellerton · Plot 430","3","299995","https://www.barratthomes.co.uk/new-homes/dev-001168-barratt-at-hampton-beach/plot-430-h8813430/","430","8","8"
"Barratt at Hampton Beach","Maidstone · Plot 366","3","305995","https://www.barratthomes.co.uk/new-homes/dev-001168-barratt-at-hampton-beach/plot-366-h8813366/","366","8","8"
"Barratt at Hampton Beach","Ellerton · Plot 407","3","305995","https://www.barratthomes.co.uk/new-homes/dev-001168-barratt-at-hampton-beach/plot-407-h8813407/","407","9","9"
"Barratt at Hampton Beach","Maidstone · Plot 404","3","312995","https://www.barratthomes.co.uk/new-homes/dev-001168-barratt-at-hampton-beach/plot-404-h8813404/","404","10","10"
"Wembley Park Gardens","Stephenson House · Plot 245","1","434000","https://www.barratthomes.co.uk/new-homes/dev-002593-wembley-park-gardens/plot-245-h9290245/","245","0","0"
"Wembley Park Gardens","Stephenson House · Plot 244","1","434000","https://www.barratthomes.co.uk/new-homes/dev-002593-wembley-park-gardens/plot-244-h9290244/","244","0","0"
"Wembley Park Gardens","Stephenson House · Plot 267","1","435000","https://www.barratthomes.co.uk/new-homes/dev-002593-wembley-park-gardens/plot-267-h9290267/","267","0","0"
"Wembley Park Gardens","Stephenson House · Plot 210","1","477000","https://www.barratthomes.co.uk/new-homes/dev-002593-wembley-park-gardens/plot-210-h9290210/","210","0","0"
"Wembley Park Gardens","Stephenson House · Plot 215","2","552000","https://www.barratthomes.co.uk/new-homes/dev-002593-wembley-park-gardens/plot-215-h9290215/","215","0","0"
"Wembley Park Gardens","Stephenson House · Plot 224","2","555000","https://www.barratthomes.co.uk/new-homes/dev-002593-wembley-park-gardens/plot-224-h9290224/","224","0","0"
"Wembley Park Gardens","Stephenson House · Plot 242","2","561000","https://www.barratthomes.co.uk/new-homes/dev-002593-wembley-park-gardens/plot-242-h9290242/","242","0","0"
"Wembley Park Gardens","Stephenson House · Plot 225","2","603000","https://www.barratthomes.co.uk/new-homes/dev-002593-wembley-park-gardens/plot-225-h9290225/","225","0","0"
"Lightmakers","Newton Court · Plot 2","1","350000","https://www.barratthomes.co.uk/new-homes/dev002949-lightmakers/plot-2-h86102/","2","0","0"
"Lightmakers","Newton Court · Plot 5","1","353000","https://www.barratthomes.co.uk/new-homes/dev002949-lightmakers/plot-5-h86105/","5","0","0"
"Lightmakers","Newton Court · Plot 14","1","356000","https://www.barratthomes.co.uk/new-homes/dev002949-lightmakers/plot-14-h861014/","14","0","0"
"Lightmakers","Newton Court · Plot 1","1","358000","https://www.barratthomes.co.uk/new-homes/dev002949-lightmakers/plot-1-h86101/","1","0","0"
"Lightmakers","Newton Court · Plot 10","1","362000","https://www.barratthomes.co.uk/new-homes/dev002949-lightmakers/plot-10-h861010/","10","0","0"
"Lightmakers","Newton Court · Plot 3","2","460000","https://www.barratthomes.co.uk/new-homes/dev002949-lightmakers/plot-3-h86103/","3","0","0"
"Lightmakers","Newton Court · Plot 12","2","481000","https://www.barratthomes.co.uk/new-homes/dev002949-lightmakers/plot-12-h861012/","12","0","0"
"Lightmakers","Newton Court · Plot 30","3","555000","https://www.barratthomes.co.uk/new-homes/dev002949-lightmakers/plot-30-h861030/","30","0","0"
"Hayes Village","Sheardown Apartments · Plot 172","","310000","https://www.barratthomes.co.uk/new-homes/dev002062-hayes-village/plot-172-h7945172/","172","0","0"
"Hayes Village","Sheardown Apartments · Plot 515","","315000","https://www.barratthomes.co.uk/new-homes/dev002062-hayes-village/plot-515-h7945515/","515","0","0"
"Hayes Village","Berg Apartments · Plot 18","1","325000","https://www.barratthomes.co.uk/new-homes/dev002062-hayes-village/plot-18-h794518/","18","0","0"
"Hayes Village","Menier Apartments · Plot 117","1","333000","https://www.barratthomes.co.uk/new-homes/dev002062-hayes-village/plot-117-h7945117/","117","0","0"
"Hayes Village","Menier Apartments · Plot 123","1","410000","https://www.barratthomes.co.uk/new-homes/dev002062-hayes-village/plot-123-h7945123/","123","0","0"
"Hayes Village","Menier Apartments · Plot 128","2","450000","https://www.barratthomes.co.uk/new-homes/dev002062-hayes-village/plot-128-h7945128/","128","0","0"
"Hayes Village","Waterway Apartments · Plot 489","2","460000","https://www.barratthomes.co.uk/new-homes/dev002062-hayes-village/plot-489-h7945489/","489","0","0"
"Hayes Village","Berg Apartments · Plot 21","2","475000","https://www.barratthomes.co.uk/new-homes/dev002062-hayes-village/plot-21-h794521/","21","0","0"
"Streatham Common Junction","Harrison Court · Plot 15","1","350000","https://www.barratthomes.co.uk/new-homes/dev002987-streatham-common-junction/plot-15-ha37515/","15","0","0"
"Streatham Common Junction","Harrison Court · Plot 45","1","370000","https://www.barratthomes.co.uk/new-homes/dev002987-streatham-common-junction/plot-45-ha37545/","45","0","0"
"Streatham Common Junction","Harrison Court · Plot 19","1","450000","https://www.barratthomes.co.uk/new-homes/dev002987-streatham-common-junction/plot-19-ha37519/","19","0","0"
"Streatham Common Junction","Harrison Court · Plot 46","1","471000","https://www.barratthomes.co.uk/new-homes/dev002987-streatham-common-junction/plot-46-ha37546/","46","0","0"
"Streatham Common Junction","Harrison Court · Plot 17","2","565000","https://www.barratthomes.co.uk/new-homes/dev002987-streatham-common-junction/plot-17-ha37517/","17","0","0"
"Streatham Common Junction","Harrison Court · Plot 62","2","595000","https://www.barratthomes.co.uk/new-homes/dev002987-streatham-common-junction/plot-62-ha37562/","62","0","0"
"The Lanes","The Glade · Plot 14","1","378000","https://www.barratthomes.co.uk/new-homes/dev002828-the-lanes/plot-14-h871914/","14","0","0"
"The Lanes","The Glade · Plot 69","1","461000","https://www.barratthomes.co.uk/new-homes/dev002828-the-lanes/plot-69-h871969/","69","0","0"
"The Lanes","The Glade · Plot 76","1","465000","https://www.barratthomes.co.uk/new-homes/dev002828-the-lanes/plot-76-h871976/","76","0","0"
"The Lanes","The Glade · Plot 74","1","486000","https://www.barratthomes.co.uk/new-homes/dev002828-the-lanes/plot-74-h871974/","74","0","0"
"The Lanes","The Glade · Plot 79","2","536000","https://www.barratthomes.co.uk/new-homes/dev002828-the-lanes/plot-79-h871979/","79","0","0"
"The Lanes","The Glade · Plot 75","2","567000","https://www.barratthomes.co.uk/new-homes/dev002828-the-lanes/plot-75-h871975/","75","0","0"
"The Lanes","The Glade · Plot 63","3","659000","https://www.barratthomes.co.uk/new-homes/dev002828-the-lanes/plot-63-h871963/","63","0","0"
"Royal Gateway","Marquise Residences · Plot 137","1","470000","https://www.barratthomes.co.uk/new-homes/dev002672-royal-gateway/plot-137-h8630137/","137","0","0"
"Royal Gateway","Marquise Residences · Plot 119","1","515000","https://www.barratthomes.co.uk/new-homes/dev002672-royal-gateway/plot-119-h8630119/","119","0","0"
"Royal Gateway","Marquise Residences · Plot 70","2","605000","https://www.barratthomes.co.uk/new-homes/dev002672-royal-gateway/plot-70-h863070/","70","0","0"
"Royal Gateway","Marquise Residences · Plot 139","2","635000","https://www.barratthomes.co.uk/new-homes/dev002672-royal-gateway/plot-139-h8630139/","139","0","0"
"Royal Gateway","Peruzzi Residences · Plot 217","2","695000","https://www.barratthomes.co.uk/new-homes/dev002672-royal-gateway/plot-217-h8630217/","217","0","0"
"Royal Gateway","Peruzzi Residences · Plot 231","2","705000","https://www.barratthomes.co.uk/new-homes/dev002672-royal-gateway/plot-231-h8630231/","231","0","0"
"Bermondsey Heights","Bermondsey Heights · Plot 182","1","431000","https://www.barratthomes.co.uk/new-homes/dev002578-bermondsey-heights/plot-182-h8609182/","182","0","0"
"Bermondsey Heights","Bermondsey Heights · Plot 189","1","433000","https://www.barratthomes.co.uk/new-homes/dev002578-bermondsey-heights/plot-189-h8609189/","189","0","0"
"Bermondsey Heights","Bermondsey Heights · Plot 104","2","495000","https://www.barratthomes.co.uk/new-homes/dev002578-bermondsey-heights/plot-104-h8609104/","104","0","0"
"Bermondsey Heights","Bermondsey Heights · Plot 107","2","535000","https://www.barratthomes.co.uk/new-homes/dev002578-bermondsey-heights/plot-107-h8609107/","107","0","0"
"Bermondsey Heights","Bermondsey Heights · Plot 123","2","545000","https://www.barratthomes.co.uk/new-homes/dev002578-bermondsey-heights/plot-123-h8609123/","123","0","0"
"Bermondsey Heights","Bermondsey Heights · Plot 172","2","550000","https://www.barratthomes.co.uk/new-homes/dev002578-bermondsey-heights/plot-172-h8609172/","172","0","0"
"Bermondsey Heights","Bermondsey Heights · Plot 171","2","550000","https://www.barratthomes.co.uk/new-homes/dev002578-bermondsey-heights/plot-171-h8609171/","171","0","0"
"Sterling Place","Wilkinson Apartments · Plot 114","1","375000","https://www.barratthomes.co.uk/new-homes/dev-002612-sterling-place/plot-114-h8499114/","114","0","0"
"Sterling Place","Bradbury Apartments · Plot 288","1","380000","https://www.barratthomes.co.uk/new-homes/dev-002612-sterling-place/plot-288-h8499288/","288","0","0"
"Sterling Place","Wilkinson Apartments · Plot 151","1","410000","https://www.barratthomes.co.uk/new-homes/dev-002612-sterling-place/plot-151-h8499151/","151","0","0"
"Sterling Place","Bradbury Apartments · Plot 266","2","490000","https://www.barratthomes.co.uk/new-homes/dev-002612-sterling-place/plot-266-h8499266/","266","0","0"
"Sterling Place","Brookside Apartments · Plot 50","2","505000","https://www.barratthomes.co.uk/new-homes/dev-002612-sterling-place/plot-50-h849950/","50","0","0"
"Sterling Place","Brookside Apartments · Plot 77","2","525000","https://www.barratthomes.co.uk/new-homes/dev-002612-sterling-place/plot-77-h849977/","77","0","0"
"Sterling Place","Brookside Apartments · Plot 11","2","535000","https://www.barratthomes.co.uk/new-homes/dev-002612-sterling-place/plot-11-h849911/","11","0","0"
"Sterling Place","Wilkinson Apartments · Plot 171","3","1300000","https://www.barratthomes.co.uk/new-homes/dev-002612-sterling-place/plot-171-h8499171/","171","0","0"
"Hendon Waterside","Magnolia Apartments · Plot 273","1","350000","https://www.barratthomes.co.uk/new-homes/dev000147-hendon-waterside/plot-273-h4422273/","273","0","0"
"Hendon Waterside","Orchid Apartments · Plot 100","1","385000","https://www.barratthomes.co.uk/new-homes/dev000147-hendon-waterside/plot-100-h4422100/","100","0","0"
"Hendon Waterside","Magnolia Apartments · Plot 269","2","500000","https://www.barratthomes.co.uk/new-homes/dev000147-hendon-waterside/plot-269-h4422269/","269","0","0"
"Hendon Waterside","Orchid Apartments · Plot 117","2","540000","https://www.barratthomes.co.uk/new-homes/dev000147-hendon-waterside/plot-117-h4422117/","117","0","0"
"Hendon Waterside","Beech Apartments · Plot 205","2","550000","https://www.barratthomes.co.uk/new-homes/dev000147-hendon-waterside/plot-205-h4422205/","205","0","0"
"Hendon Waterside","Orchid Apartments · Plot 95","3","570000","https://www.barratthomes.co.uk/new-homes/dev000147-hendon-waterside/plot-95-h442295/","95","0","0"
"Hendon Waterside","Orchid Apartments · Plot 118","3","570000","https://www.barratthomes.co.uk/new-homes/dev000147-hendon-waterside/plot-118-h4422118/","118","0","0"
"Eastman Village","Robertson Apartments · Plot 3","1","340000","https://www.barratthomes.co.uk/new-homes/dev002159-eastman-village/plot-3-h78713/","3","0","0"
"Eastman Village","Barton Apartments · Plot 99","1","350000","https://www.barratthomes.co.uk/new-homes/dev002159-eastman-village/plot-99-h787199/","99","0","0"
"Eastman Village","Block J4 · Plot 216","1","355000","https://www.barratthomes.co.uk/new-homes/dev002159-eastman-village/plot-216-h7561216/","216","0","0"
"Eastman Village","Avedon Apartments · Plot 220","2","425000","https://www.barratthomes.co.uk/new-homes/dev002159-eastman-village/plot-220-h7561220/","220","0","0"
"Eastman Village","Block J4 · Plot 217","2","450000","https://www.barratthomes.co.uk/new-homes/dev002159-eastman-village/plot-217-h7561217/","217","0","0"
"Eastman Village","Fenton Apartments · Plot 1","3","575000","https://www.barratthomes.co.uk/new-homes/dev002159-eastman-village/plot-1-h75611/","1","0","0"
"Eastman Village","Fenton Apartments · Plot 3","3","650000","https://www.barratthomes.co.uk/new-homes/dev002159-eastman-village/plot-3-h75613/","3","0","0"
"Eastman Village","Florence Apartments · Plot 255","1","271000","https://www.barratthomes.co.uk/new-homes/dev002159-eastman-village/plot-255-h7561255/","255","0","0"
"Eastman Village","Florence Apartments · Plot 262","1","279000","https://www.barratthomes.co.uk/new-homes/dev002159-eastman-village/plot-262-h7561262/","262","0","0"
"Eastman Village","Florence Apartments · Plot 253","1","280000","https://www.barratthomes.co.uk/new-homes/dev002159-eastman-village/plot-253-h7561253/","253","0","0"
"Eastman Village","Florence Apartments · Plot 388","2","376000","https://www.barratthomes.co.uk/new-homes/dev002159-eastman-village/plot-388-h7561388/","388","0","0"
"Eastman Village","Florence Apartments · Plot 399","3","452000","https://www.barratthomes.co.uk/new-homes/dev002159-eastman-village/plot-399-h7561399/","399","0","0"
"Barratt at Hampton Beach","Brancaster · Plot 369","3","318000","https://www.barratthomes.co.uk/new-homes/dev-001168-barratt-at-hampton-beach/plot-369-h8813369/","369","7","7"
"Barratt at Hampton Beach","Brancaster · Plot 368","3","322000","https://www.barratthomes.co.uk/new-homes/dev-001168-barratt-at-hampton-beach/plot-368-h8813368/","368","7","7"
"Barratt at Hampton Beach","Ennerdale · Plot 378","3","323995","https://www.barratthomes.co.uk/new-homes/dev-001168-barratt-at-hampton-beach/plot-378-h8813378/","378","9","9"
"Barratt at Hampton Beach","Ennerdale · Plot 357","3","333995","https://www.barratthomes.co.uk/new-homes/dev-001168-barratt-at-hampton-beach/plot-357-h8813357/","357","9","9"
"Barratt at Hampton Beach","Lutterworth · Plot 408","3","354995","https://www.barratthomes.co.uk/new-homes/dev-001168-barratt-at-hampton-beach/plot-408-h8813408/","408","7","7"
"Barratt at Hampton Beach","Salthome · Plot 371","3","365995","https://www.barratthomes.co.uk/new-homes/dev-001168-barratt-at-hampton-beach/plot-371-h8813371/","371","9","9"
"Barratt at Hampton Beach","Salthome · Plot 372","3","367995","https://www.barratthomes.co.uk/new-homes/dev-001168-barratt-at-hampton-beach/plot-372-h8813372/","372","9","9"
"Barratt at Hampton Beach","Chester · Plot 150","4","","https://www.barratthomes.co.uk/new-homes/dev-001168-barratt-at-hampton-beach/plot-150-h8119150/","150","10","10"
"Barratt at Hampton Beach","Hesketh · Plot 151","4","","https://www.barratthomes.co.uk/new-homes/dev-001168-barratt-at-hampton-beach/plot-151-h8119151/","151","10","10"
"Barratt at Hampton Beach","Brancaster · Plot 152","3","","https://www.barratthomes.co.uk/new-homes/dev-001168-barratt-at-hampton-beach/plot-152-h8119152/","152","9","9"
"Winnycroft","Ellerton · Plot 316","3","296995","https://www.barratthomes.co.uk/new-homes/dev002466-winnycroft/plot-316-h7922316/","316","7","7"
"Winnycroft","Maidstone · Plot 318","3","306995","https://www.barratthomes.co.uk/new-homes/dev002466-winnycroft/plot-318-h7922318/","318","8","8"
"Winnycroft","Maidstone · Plot 315","3","306995","https://www.barratthomes.co.uk/new-homes/dev002466-winnycroft/plot-315-h7922315/","315","8","8"
"Winnycroft","Ennerdale · Plot 321","3","345995","https://www.barratthomes.co.uk/new-homes/dev002466-winnycroft/plot-321-h7922321/","321","7","7"
"Winnycroft","Andover · Plot 324","3","356995","https://www.barratthomes.co.uk/new-homes/dev002466-winnycroft/plot-324-h7922324/","324","8","8"
"Winnycroft","Hemsworth · Plot 323","4","396995","https://www.barratthomes.co.uk/new-homes/dev002466-winnycroft/plot-323-h7922323/","323","8","8"
"Winnycroft","Radleigh · Plot 326","4","433995","https://www.barratthomes.co.uk/new-homes/dev002466-winnycroft/plot-326-h7922326/","326","9","9"
"Winnycroft","Radleigh · Plot 329","4","433995","https://www.barratthomes.co.uk/new-homes/dev002466-winnycroft/plot-329-h7922329/","329","10","10"
"Winnycroft","Roseberry · Plot 2","2","","https://www.barratthomes.co.uk/new-homes/dev002466-winnycroft/plot-2-h79222/","2","6","6"
"Winnycroft","Maidstone · Plot 3","3","","https://www.barratthomes.co.uk/new-homes/dev002466-winnycroft/plot-3-h79223/","3","7","7"
"Winnycroft","Chester · Plot 1","4","","https://www.barratthomes.co.uk/new-homes/dev002466-winnycroft/plot-1-h79221/","1","8","8"
"Winnycroft","Woodcote · Plot 4","4","","https://www.barratthomes.co.uk/new-homes/dev002466-winnycroft/plot-4-h79224/","4","8","8"
"Waldmers Wood","Ellerton · Plot 131","3","328000","https://www.barratthomes.co.uk/new-homes/dev001390-waldmers-wood/plot-131-h7973131/","131","10","10"
"Waldmers Wood","Ellerton · Plot 116","3","335000","https://www.barratthomes.co.uk/new-homes/dev001390-waldmers-wood/plot-116-h7973116/","116","10","10"
"Waldmers Wood","Ellerton · Plot 120","3","335000","https://www.barratthomes.co.uk/new-homes/dev001390-waldmers-wood/plot-120-h7973120/","120","10","10"
"Waldmers Wood","Ellerton · Plot 117","3","335000","https://www.barratthomes.co.uk/new-homes/dev001390-waldmers-wood/plot-117-h7973117/","117","10","10"
"Waldmers Wood","Ellerton · Plot 119","3","335000","https://www.barratthomes.co.uk/new-homes/dev001390-waldmers-wood/plot-119-h7973119/","119","10","10"
"Waldmers Wood","Ellerton · Plot 84","3","335000","https://www.barratthomes.co.uk/new-homes/dev001390-waldmers-wood/plot-84-h797384/","84","10","10"
"Waldmers Wood","Ellerton · Plot 74","3","335000","https://www.barratthomes.co.uk/new-homes/dev001390-waldmers-wood/plot-74-h797374/","74","9","9"
"Waldmers Wood","Ellerton · Plot 75","3","335000","https://www.barratthomes.co.uk/new-homes/dev001390-waldmers-wood/plot-75-h797375/","75","9","9"
"Waldmers Wood","Ellerton · Plot 85","3","335000","https://www.barratthomes.co.uk/new-homes/dev001390-waldmers-wood/plot-85-h797385/","85","10","10"
"Waldmers Wood","Ellerton · Plot 125","3","339000","https://www.barratthomes.co.uk/new-homes/dev001390-waldmers-wood/plot-125-h7973125/","125","10","10"
"Waldmers Wood","Moresby · Plot 124","3","344000","https://www.barratthomes.co.uk/new-homes/dev001390-waldmers-wood/plot-124-h7973124/","124","10","10"
"Waldmers Wood","Moresby · Plot 92","3","354000","https://www.barratthomes.co.uk/new-homes/dev001390-waldmers-wood/plot-92-h797392/","92","7","7"
"Waldmers Wood","Kingsville · Plot 129","3","359000","https://www.barratthomes.co.uk/new-homes/dev001390-waldmers-wood/plot-129-h7973129/","129","10","10"
"Waldmers Wood","Kingsville · Plot 128","3","359000","https://www.barratthomes.co.uk/new-homes/dev001390-waldmers-wood/plot-128-h7973128/","128","10","10"
"Waldmers Wood","Kingsville · Plot 114","3","359000","https://www.barratthomes.co.uk/new-homes/dev001390-waldmers-wood/plot-114-h7973114/","114","10","10"
"Waldmers Wood","Kingsville · Plot 122","3","364000","https://www.barratthomes.co.uk/new-homes/dev001390-waldmers-wood/plot-122-h7973122/","122","10","10"
"Waldmers Wood","Kingsville · Plot 121","3","364000","https://www.barratthomes.co.uk/new-homes/dev001390-waldmers-wood/plot-121-h7973121/","121","10","10"
"Waldmers Wood","Kingsville · Plot 87","3","364000","https://www.barratthomes.co.uk/new-homes/dev001390-waldmers-wood/plot-87-h797387/","87","10","10"
"Waldmers Wood","Kingsville · Plot 86","3","364000","https://www.barratthomes.co.uk/new-homes/dev001390-waldmers-wood/plot-86-h797386/","86","10","10"
"Waldmers Wood","Kingsville · Plot 79","3","364000","https://www.barratthomes.co.uk/new-homes/dev001390-waldmers-wood/plot-79-h797379/","79","10","10"
"Waldmers Wood","Kingsville · Plot 78","3","364000","https://www.barratthomes.co.uk/new-homes/dev001390-waldmers-wood/plot-78-h797378/","78","10","10"
"Waldmers Wood","Kingsville · Plot 77","3","364000","https://www.barratthomes.co.uk/new-homes/dev001390-waldmers-wood/plot-77-h797377/","77","10","10"
"Waldmers Wood","Kingsville · Plot 76","3","364000","https://www.barratthomes.co.uk/new-homes/dev001390-waldmers-wood/plot-76-h797376/","76","10","10"
"Waldmers Wood","Lutterworth · Plot 123","3","382000","https://www.barratthomes.co.uk/new-homes/dev001390-waldmers-wood/plot-123-h7973123/","123","8","8"
"Waldmers Wood","Windermere · Plot 93","4","403000","https://www.barratthomes.co.uk/new-homes/dev001390-waldmers-wood/plot-93-h797393/","93","10","10"
"Waldmers Wood","Windermere · Plot 115","4","404000","https://www.barratthomes.co.uk/new-homes/dev001390-waldmers-wood/plot-115-h7973115/","115","10","10"
"Waldmers Wood","Windermere · Plot 72","4","405000","https://www.barratthomes.co.uk/new-homes/dev001390-waldmers-wood/plot-72-h797372/","72","10","10"
"Waldmers Wood","Windermere · Plot 73","4","406000","https://www.barratthomes.co.uk/new-homes/dev001390-waldmers-wood/plot-73-h797373/","73","10","10"
"Waldmers Wood","Thornton · Plot 127","4","455000","https://www.barratthomes.co.uk/new-homes/dev001390-waldmers-wood/plot-127-h7973127/","127","9","9"
"Waldmers Wood","Thornton · Plot 126","4","455000","https://www.barratthomes.co.uk/new-homes/dev001390-waldmers-wood/plot-126-h7973126/","126","9","9"
"Waldmers Wood","Kingsville · Plot 145","4","","https://www.barratthomes.co.uk/new-homes/dev001390-waldmers-wood/plot-145-h7973145/","145","10","10"
"Waldmers Wood","Ellerton · Plot 144","3","","https://www.barratthomes.co.uk/new-homes/dev001390-waldmers-wood/plot-144-h7973144/","144","9","9"
"Platinum Place","Maidstone · Plot 37","3","314995","https://www.barratthomes.co.uk/new-homes/dev002693-platinum-place/plot-37-h740937/","37","7","7"
"Platinum Place","Ellerton · Plot 81","3","314995","https://www.barratthomes.co.uk/new-homes/dev002693-platinum-place/plot-81-h740981/","81","7","7"
"Platinum Place","Maidstone · Plot 38","3","314995","https://www.barratthomes.co.uk/new-homes/dev002693-platinum-place/plot-38-h740938/","38","7","7"
"Platinum Place","Kenley · Plot 94","2","272995","https://www.barratthomes.co.uk/new-homes/dev002693-platinum-place/plot-94-h740994/","94","6","6"
"Platinum Place","Kenley · Plot 93","2","279995","https://www.barratthomes.co.uk/new-homes/dev002693-platinum-place/plot-93-h740993/","93","6","6"
"Platinum Place","Ellerton · Plot 52","3","319995","https://www.barratthomes.co.uk/new-homes/dev002693-platinum-place/plot-52-h740952/","52","7","7"
"Platinum Place","Moresby · Plot 56","3","337995","https://www.barratthomes.co.uk/new-homes/dev002693-platinum-place/plot-56-h740956/","56","7","7"
"Platinum Place","Woodcote · Plot 53","4","384995","https://www.barratthomes.co.uk/new-homes/dev002693-platinum-place/plot-53-h740953/","53","8","8"
"Platinum Place","Bewdley · Plot 92","3","389995","https://www.barratthomes.co.uk/new-homes/dev002693-platinum-place/plot-92-h740992/","92","8","8"
"Platinum Place","Bewdley · Plot 62","3","391995","https://www.barratthomes.co.uk/new-homes/dev002693-platinum-place/plot-62-h740962/","62","8","8"
"Platinum Place","Kingsley · Plot 61","4","404995","https://www.barratthomes.co.uk/new-homes/dev002693-platinum-place/plot-61-h740961/","61","9","9"
"Platinum Place","Denford · Plot 63","2","","https://www.barratthomes.co.uk/new-homes/dev002693-platinum-place/plot-63-h740963/","63","6","6"
"Platinum Place","Denford · Plot 3","2","","https://www.barratthomes.co.uk/new-homes/dev002693-platinum-place/plot-3-h74093/","3","6","6"
"Platinum Place","Ennerdale · Plot 36","3","","https://www.barratthomes.co.uk/new-homes/dev002693-platinum-place/plot-36-h740936/","36","8","8"
"Platinum Place","Ellerton · Plot 2","3","","https://www.barratthomes.co.uk/new-homes/dev002693-platinum-place/plot-2-h74092/","2","8","8"
"Platinum Place","Woodcote · Plot 7","4","","https://www.barratthomes.co.uk/new-homes/dev002693-platinum-place/plot-7-h74097/","7","8","8"
"Barratt Homes @ Alconbury Weald","Maidstone · Plot 89","3","329995","https://www.barratthomes.co.uk/new-homes/dev002690-barratt-homes-@-alconbury-weald/plot-89-h898689/","89","8","8"
"Barratt Homes @ Alconbury Weald","Maidstone · Plot 97","3","329995","https://www.barratthomes.co.uk/new-homes/dev002690-barratt-homes-@-alconbury-weald/plot-97-h898697/","97","8","8"
"Barratt Homes @ Alconbury Weald","Chester · Plot 83","4","407995","https://www.barratthomes.co.uk/new-homes/dev002690-barratt-homes-@-alconbury-weald/plot-83-h898683/","83","9","9"
"Barratt Homes @ Alconbury Weald","Chester · Plot 41","4","410995","https://www.barratthomes.co.uk/new-homes/dev002690-barratt-homes-@-alconbury-weald/plot-41-h898641/","41","10","10"
"Barratt Homes @ Alconbury Weald","Hesketh · Plot 40","4","447995","https://www.barratthomes.co.uk/new-homes/dev002690-barratt-homes-@-alconbury-weald/plot-40-h898640/","40","8","8"
"Barratt Homes @ Alconbury Weald","Alfreton · Plot 39","4","","https://www.barratthomes.co.uk/new-homes/dev002690-barratt-homes-@-alconbury-weald/plot-39-h898639/","39","9","9"
"Clipstone Park","Kingsville · Plot 88","4","","https://www.barratthomes.co.uk/new-homes/dev002161-clipstone-park/plot-88-h799688/","88","10","10"
"Century Gardens","Knightwood · Plot 46","3","430000","https://www.barratthomes.co.uk/new-homes/dev002968-century-gardens/plot-46-h883946/","46","8","8"
"Century Gardens","Hopton · Plot 29","3","450000","https://www.barratthomes.co.uk/new-homes/dev002968-century-gardens/plot-29-h883929/","29","7","7"
"Century Gardens","Knightwood · Plot 51","3","457500","https://www.barratthomes.co.uk/new-homes/dev002968-century-gardens/plot-51-h883951/","51","8","8"
"Century Gardens","Kennisham · Plot 28","3","475000","https://www.barratthomes.co.uk/new-homes/dev002968-century-gardens/plot-28-h883928/","28","8","8"
"Century Gardens","Sheringham · Plot 53","4","475000","https://www.barratthomes.co.uk/new-homes/dev002968-century-gardens/plot-53-h883953/","53","6","6"
"Century Gardens","Tudeley · Plot 25","4","485000","https://www.barratthomes.co.uk/new-homes/dev002968-century-gardens/plot-25-h883925/","25","9","9"
"Century Gardens","Montrose · Plot 48","4","495000","https://www.barratthomes.co.uk/new-homes/dev002968-century-gardens/plot-48-h883948/","48","8","8"
"Century Gardens","Winchat · Plot 23","4","615000","https://www.barratthomes.co.uk/new-homes/dev002968-century-gardens/plot-23-h883923/","23","8","8"
"Century Gardens","Cattawade · Plot 44","4","625000","https://www.barratthomes.co.uk/new-homes/dev002968-century-gardens/plot-44-h883944/","44","9","9"
"Century Gardens","Lamberton · Plot 43","5","640000","https://www.barratthomes.co.uk/new-homes/dev002968-century-gardens/plot-43-h883943/","43","9","9"
"Century Gardens","Cattawade · Plot 1","4","","https://www.barratthomes.co.uk/new-homes/dev002968-century-gardens/plot-1-h88391/","1","10","10"
"Century Gardens","Mewstone · Plot 2","3","","https://www.barratthomes.co.uk/new-homes/dev002968-century-gardens/plot-2-h88392/","2","10","10"
"Queens Court","Chudleigh · Plot 445","1","145000","https://www.barratthomes.co.uk/new-homes/dev001623-queens-court/plot-445-h8515445/","445","2","2"
"The Cedars @ Ledsham Garden Village","Collaton · Plot 14","3","304000","https://www.barratthomes.co.uk/new-homes/dev003132-the-cedars-@-ledsham-garden-village/plot-14-ha90714/","14","8","8"
"The Cedars @ Ledsham Garden Village","Kennford · Plot 19","4","375000","https://www.barratthomes.co.uk/new-homes/dev003132-the-cedars-@-ledsham-garden-village/plot-19-ha90719/","19","7","7"
"The Cedars @ Ledsham Garden Village","Kingsley · Plot 17","4","380000","https://www.barratthomes.co.uk/new-homes/dev003132-the-cedars-@-ledsham-garden-village/plot-17-ha90717/","17","10","10"
"The Cedars @ Ledsham Garden Village","Kingsley · Plot 18","4","380000","https://www.barratthomes.co.uk/new-homes/dev003132-the-cedars-@-ledsham-garden-village/plot-18-ha90718/","18","10","10"
"The Cedars @ Ledsham Garden Village","Hale · Plot 11","4","415000","https://www.barratthomes.co.uk/new-homes/dev003132-the-cedars-@-ledsham-garden-village/plot-11-ha90711/","11","9","9"
"The Cedars @ Ledsham Garden Village","Hale · Plot 12","4","415000","https://www.barratthomes.co.uk/new-homes/dev003132-the-cedars-@-ledsham-garden-village/plot-12-ha90712/","12","9","9"
"The Cedars @ Ledsham Garden Village","Collaton · Plot 2","3","","https://www.barratthomes.co.uk/new-homes/dev003132-the-cedars-@-ledsham-garden-village/plot-2-ha9072/","2","10","10"
"The Cedars @ Ledsham Garden Village","ALDERNEY · Plot 1","4","","https://www.barratthomes.co.uk/new-homes/dev003132-the-cedars-@-ledsham-garden-village/plot-1-ha9071/","1","10","10"
"Mortimer Park","Kingsville · Plot 362","3","230000","https://www.barratthomes.co.uk/new-homes/dev001688-mortimer-park/plot-362-h8035362/","362","9","9"
"Mortimer Park","Brentford · Plot 360","3","254000","https://www.barratthomes.co.uk/new-homes/dev001688-mortimer-park/plot-360-h8035360/","360","6","6"
"Mortimer Park","Denford · Plot 370","2","170000","https://www.barratthomes.co.uk/new-homes/dev001688-mortimer-park/plot-370-h8847370/","370","7","7"
"Mortimer Park","Denford · Plot 368","2","177000","https://www.barratthomes.co.uk/new-homes/dev001688-mortimer-park/plot-368-h8847368/","368","6","6"
"Mortimer Park","Denford · Plot 367","2","185000","https://www.barratthomes.co.uk/new-homes/dev001688-mortimer-park/plot-367-h8847367/","367","5","5"
"Mortimer Park","Maidstone · Plot 425","3","220000","https://www.barratthomes.co.uk/new-homes/dev001688-mortimer-park/plot-425-h8847425/","425","7","7"
"Mortimer Park","Maidstone · Plot 424","3","225000","https://www.barratthomes.co.uk/new-homes/dev001688-mortimer-park/plot-424-h8847424/","424","7","7"
"Mortimer Park","Maidstone · Plot 426","3","230000","https://www.barratthomes.co.uk/new-homes/dev001688-mortimer-park/plot-426-h8847426/","426","8","8"
"Mortimer Park","Moresby · Plot 372","3","245000","https://www.barratthomes.co.uk/new-homes/dev001688-mortimer-park/plot-372-h8847372/","372","7","7"
"Mortimer Park","Chester · Plot 421","4","280000","https://www.barratthomes.co.uk/new-homes/dev001688-mortimer-park/plot-421-h8847421/","421","9","9"
"Mortimer Park","Halton · Plot 422","4","320000","https://www.barratthomes.co.uk/new-homes/dev001688-mortimer-park/plot-422-h8847422/","422","8","8"
"Mortimer Park","Halton · Plot 419","4","323000","https://www.barratthomes.co.uk/new-homes/dev001688-mortimer-park/plot-419-h8847419/","419","8","8"
"Mortimer Park","Radleigh · Plot 420","4","350000","https://www.barratthomes.co.uk/new-homes/dev001688-mortimer-park/plot-420-h8847420/","420","8","8"
"Mortimer Park","Chester · Plot 162","4","","https://www.barratthomes.co.uk/new-homes/dev001688-mortimer-park/plot-162-h8035162/","162","9","9"
"Quarter Jack Park","Denford · Plot 3","2","317000","https://www.barratthomes.co.uk/new-homes/dev001647-quarter-jack-park/plot-3-h84563/","3","6","6"
"Quarter Jack Park","Denford · Plot 4","2","325000","https://www.barratthomes.co.uk/new-homes/dev001647-quarter-jack-park/plot-4-h84564/","4","6","6"
"Quarter Jack Park","RICHMOND · Plot 2","2","330000","https://www.barratthomes.co.uk/new-homes/dev001647-quarter-jack-park/plot-2-h84562/","2","6","6"
"Quarter Jack Park","RICHMOND · Plot 1","2","332500","https://www.barratthomes.co.uk/new-homes/dev001647-quarter-jack-park/plot-1-h84561/","1","7","7"
"Quarter Jack Park","Buchanan · Plot 102","3","399000","https://www.barratthomes.co.uk/new-homes/dev001647-quarter-jack-park/plot-102-h8456102/","102","8","8"
"Quarter Jack Park","Buchanan · Plot 93","3","399000","https://www.barratthomes.co.uk/new-homes/dev001647-quarter-jack-park/plot-93-h845693/","93","8","8"
"Quarter Jack Park","Ellerton · Plot 110","3","399000","https://www.barratthomes.co.uk/new-homes/dev001647-quarter-jack-park/plot-110-h8456110/","110","8","8"
"Quarter Jack Park","Moresby · Plot 76","3","402500","https://www.barratthomes.co.uk/new-homes/dev001647-quarter-jack-park/plot-76-h845676/","76","8","8"
"Quarter Jack Park","Kingsville · Plot 89","4","410000","https://www.barratthomes.co.uk/new-homes/dev001647-quarter-jack-park/plot-89-h845689/","89","9","9"
"Quarter Jack Park","Ellerton · Plot 111","3","410000","https://www.barratthomes.co.uk/new-homes/dev001647-quarter-jack-park/plot-111-h8456111/","111","8","8"
"Quarter Jack Park","Moresby · Plot 109","3","420000","https://www.barratthomes.co.uk/new-homes/dev001647-quarter-jack-park/plot-109-h8456109/","109","7","7"
"Quarter Jack Park","Kingsville · Plot 97","4","425000","https://www.barratthomes.co.uk/new-homes/dev001647-quarter-jack-park/plot-97-h845697/","97","9","9"
"Quarter Jack Park","Chester · Plot 8","4","499000","https://www.barratthomes.co.uk/new-homes/dev001647-quarter-jack-park/plot-8-h84568/","8","9","9"
"Quarter Jack Park","Chester · Plot 113","4","525000","https://www.barratthomes.co.uk/new-homes/dev001647-quarter-jack-park/plot-113-h8456113/","113","9","9"
"Quarter Jack Park","ALDERNEY · Plot 9","4","535000","https://www.barratthomes.co.uk/new-homes/dev001647-quarter-jack-park/plot-9-h84569/","9","10","10"
"Quarter Jack Park","ALDERNEY · Plot 7","4","550000","https://www.barratthomes.co.uk/new-homes/dev001647-quarter-jack-park/plot-7-h84567/","7","7","7"
"Quarter Jack Park","Kingsville · Plot 41","4","","https://www.barratthomes.co.uk/new-homes/dev001647-quarter-jack-park/plot-41-h768741/","41","10","10"
"Quarter Jack Park","Moresby · Plot 40","3","","https://www.barratthomes.co.uk/new-homes/dev001647-quarter-jack-park/plot-40-h768740/","40","10","8"
"Highgrove at Wynyard Park","Kenley · Plot 118","2","168000","https://www.barratthomes.co.uk/new-homes/dev-001099-highgrove-at-wynyard-park/plot-118-h8011118/","118","7","7"
"Highgrove at Wynyard Park","Kenley · Plot 139","2","168000","https://www.barratthomes.co.uk/new-homes/dev-001099-highgrove-at-wynyard-park/plot-139-h8011139/","139","8","8"
"Highgrove at Wynyard Park","Kenley · Plot 140","2","168000","https://www.barratthomes.co.uk/new-homes/dev-001099-highgrove-at-wynyard-park/plot-140-h8011140/","140","7","7"
"Highgrove at Wynyard Park","Ellerton · Plot 143","3","229995","https://www.barratthomes.co.uk/new-homes/dev-001099-highgrove-at-wynyard-park/plot-143-h8011143/","143","8","8"
"Highgrove at Wynyard Park","Kennford · Plot 142","4","299995","https://www.barratthomes.co.uk/new-homes/dev-001099-highgrove-at-wynyard-park/plot-142-h8011142/","142","9","9"
"Highgrove at Wynyard Park","Kennford · Plot 126","4","299995","https://www.barratthomes.co.uk/new-homes/dev-001099-highgrove-at-wynyard-park/plot-126-h8011126/","126","7","7"
"Highgrove at Wynyard Park","Alderney · Plot 1","4","359995","https://www.barratthomes.co.uk/new-homes/dev-001099-highgrove-at-wynyard-park/plot-1-h80111/","1","8","8"
"Highgrove at Wynyard Park","Ellerton · Plot 2","3","","https://www.barratthomes.co.uk/new-homes/dev-001099-highgrove-at-wynyard-park/plot-2-h80112/","2","7","7"
"Affinity","Ellerton · Plot 177","3","275000","https://www.barratthomes.co.uk/new-homes/dev-002634-affinity/plot-177-h8860177/","177","10","10"
"Affinity","Kenley · Plot 390","2","125000","https://www.barratthomes.co.uk/new-homes/dev-002634-affinity/plot-390-ha059390/","390","10","10"
"Affinity","Kenley · Plot 389","2","128000","https://www.barratthomes.co.uk/new-homes/dev-002634-affinity/plot-389-ha059389/","389","10","10"
"Affinity","Ellerton · Plot 188","3","275000","https://www.barratthomes.co.uk/new-homes/dev-002634-affinity/plot-188-h8860188/","188","10","10"
"Affinity","Maidstone · Plot 146","3","290000","https://www.barratthomes.co.uk/new-homes/dev-002634-affinity/plot-146-h8860146/","146","10","10"
"Affinity","Ellerton · Plot 392","3","295000","https://www.barratthomes.co.uk/new-homes/dev-002634-affinity/plot-392-h8860392/","392","10","10"
"Affinity","Ellerton · Plot 391","3","295000","https://www.barratthomes.co.uk/new-homes/dev-002634-affinity/plot-391-h8860391/","391","10","10"
"Affinity","Moresby · Plot 386","3","345000","https://www.barratthomes.co.uk/new-homes/dev-002634-affinity/plot-386-h8860386/","386","10","10"
"Affinity","Denby · Plot 369","3","356000","https://www.barratthomes.co.uk/new-homes/dev-002634-affinity/plot-369-h8860369/","369","10","10"
"Affinity","Denby · Plot 368","3","356000","https://www.barratthomes.co.uk/new-homes/dev-002634-affinity/plot-368-h8860368/","368","10","10"
"Affinity","Moresby · Plot 278","3","","https://www.barratthomes.co.uk/new-homes/dev-002634-affinity/plot-278-h8860278/","278","10","10"
"Affinity","Woodcote · Plot 276","4","","https://www.barratthomes.co.uk/new-homes/dev-002634-affinity/plot-276-h8860276/","276","7","2"
"Affinity","Ellerton · Plot 277","3","","https://www.barratthomes.co.uk/new-homes/dev-002634-affinity/plot-277-h8860277/","277","10","10"
"Affinity","Windermere · Plot 275","4","","https://www.barratthomes.co.uk/new-homes/dev-002634-affinity/plot-275-h8860275/","275","10","10"
"Hopecroft View","Cupar · Plot 153","3","229995","https://www.barratthomes.co.uk/new-homes/dev-002606-hopecroft-view/plot-153-h8280153/","153","8","8"
"Hopecroft View","Cupar · Plot 152","3","234995","https://www.barratthomes.co.uk/new-homes/dev-002606-hopecroft-view/plot-152-h8280152/","152","10","10"
"Hopecroft View","Craigend · Plot 150","3","269995","https://www.barratthomes.co.uk/new-homes/dev-002606-hopecroft-view/plot-150-h8280150/","150","10","10"
"Hopecroft View","Craigend · Plot 146","3","274995","https://www.barratthomes.co.uk/new-homes/dev-002606-hopecroft-view/plot-146-h8280146/","146","10","10"
"Hopecroft View","Fenton · Plot 144","4","309995","https://www.barratthomes.co.uk/new-homes/dev-002606-hopecroft-view/plot-144-h8280144/","144","10","10"
"Hopecroft View","Dean · Plot 145","4","334995","https://www.barratthomes.co.uk/new-homes/dev-002606-hopecroft-view/plot-145-h8280145/","145","10","10"
"Hopecroft View","Campbell · Plot 101","4","339995","https://www.barratthomes.co.uk/new-homes/dev-002606-hopecroft-view/plot-101-h8280101/","101","10","10"
"Hopecroft View","Campbell · Plot 143","4","344995","https://www.barratthomes.co.uk/new-homes/dev-002606-hopecroft-view/plot-143-h8280143/","143","10","10"
"Hopecroft View","Crombie · Plot 99","4","354995","https://www.barratthomes.co.uk/new-homes/dev-002606-hopecroft-view/plot-99-h828099/","99","10","10"
"Hopecroft View","Balloch · Plot 100","4","354995","https://www.barratthomes.co.uk/new-homes/dev-002606-hopecroft-view/plot-100-h8280100/","100","10","10"
"Hopecroft View","Harris · Plot 81","4","404995","https://www.barratthomes.co.uk/new-homes/dev-002606-hopecroft-view/plot-81-h828081/","81","10","10"
"Hopecroft View","Thurso · Plot 2","3","","https://www.barratthomes.co.uk/new-homes/dev-002606-hopecroft-view/plot-2-h82802/","2","10","10"
"Hopecroft View","Campbell · Plot 1","4","","https://www.barratthomes.co.uk/new-homes/dev-002606-hopecroft-view/plot-1-h82801/","1","10","10"
"Keiller's Rise","Cupar · Plot 152","3","249995","https://www.barratthomes.co.uk/new-homes/dev-002586-keiller's-rise/plot-152-h8020152/","152","10","10"
"Keiller's Rise","Cupar · Plot 151","3","259995","https://www.barratthomes.co.uk/new-homes/dev-002586-keiller's-rise/plot-151-h8020151/","151","10","10"
"Keiller's Rise","Ravenscraig · Plot 140","3","294995","https://www.barratthomes.co.uk/new-homes/dev-002586-keiller's-rise/plot-140-h8020140/","140","10","10"
"Keiller's Rise","Ravenscraig · Plot 139","3","294995","https://www.barratthomes.co.uk/new-homes/dev-002586-keiller's-rise/plot-139-h8020139/","139","10","10"
"Keiller's Rise","Glamis · Plot 166","4","319995","https://www.barratthomes.co.uk/new-homes/dev-002586-keiller's-rise/plot-166-h8020166/","166","10","10"
"Keiller's Rise","Glamis · Plot 163","4","319995","https://www.barratthomes.co.uk/new-homes/dev-002586-keiller's-rise/plot-163-h8020163/","163","10","10"
"Keiller's Rise","Fenton · Plot 164","4","329995","https://www.barratthomes.co.uk/new-homes/dev-002586-keiller's-rise/plot-164-h8020164/","164","9","9"
"Keiller's Rise","Fenton · Plot 165","4","329995","https://www.barratthomes.co.uk/new-homes/dev-002586-keiller's-rise/plot-165-h8020165/","165","10","10"
"Keiller's Rise","Glamis · Plot 2","4","","https://www.barratthomes.co.uk/new-homes/dev-002586-keiller's-rise/plot-2-h80202/","2","10","10"
"Keiller's Rise","Dean · Plot 1","4","","https://www.barratthomes.co.uk/new-homes/dev-002586-keiller's-rise/plot-1-h80201/","1","10","10"
"Barratt @ West Craigs","Coull · Plot 34","3","359995","https://www.barratthomes.co.uk/new-homes/dev-001117-barratt-@-west-craigs/plot-34-h867334/","34","8","8"
"Barratt @ West Craigs","Coull · Plot 42","3","366995","https://www.barratthomes.co.uk/new-homes/dev-001117-barratt-@-west-craigs/plot-42-h867342/","42","8","8"
"Barratt @ West Craigs","Thurso · Plot 31","3","384995","https://www.barratthomes.co.uk/new-homes/dev-001117-barratt-@-west-craigs/plot-31-h867331/","31","10","10"
"Barratt @ West Craigs","Thurso · Plot 30","3","384995","https://www.barratthomes.co.uk/new-homes/dev-001117-barratt-@-west-craigs/plot-30-h867330/","30","10","10"
"Barratt @ West Craigs","Glamis · Plot 74","4","475995","https://www.barratthomes.co.uk/new-homes/dev-001117-barratt-@-west-craigs/plot-74-h867374/","74","10","10"
"Barratt @ West Craigs","Fenton · Plot 72","4","498995","https://www.barratthomes.co.uk/new-homes/dev-001117-barratt-@-west-craigs/plot-72-h867372/","72","10","10"
"Barratt @ West Craigs","Stobo · Plot 132","4","539995","https://www.barratthomes.co.uk/new-homes/dev-001117-barratt-@-west-craigs/plot-132-h8673132/","132","10","10"
"Barratt @ West Craigs","Campbell · Plot 128","4","548995","https://www.barratthomes.co.uk/new-homes/dev-001117-barratt-@-west-craigs/plot-128-h8673128/","128","10","10"
"Barratt @ West Craigs","Crombie · Plot 133","4","559995","https://www.barratthomes.co.uk/new-homes/dev-001117-barratt-@-west-craigs/plot-133-h8673133/","133","9","8"
"Barratt @ West Craigs","Campbell · Plot 230","4","","https://www.barratthomes.co.uk/new-homes/dev-001117-barratt-@-west-craigs/plot-230-h8673230/","230","10","10"
"Barratt @ West Craigs","Crombie · Plot 229","4","","https://www.barratthomes.co.uk/new-homes/dev-001117-barratt-@-west-craigs/plot-229-h8673229/","229","10","10"
"Barratt Homes @ Treledan","Denford · Plot 92","2","237500","https://www.barratthomes.co.uk/new-homes/dev001391-barratt-homes-@-treledan/plot-92-h808992/","92","6","6"
"Barratt Homes @ Treledan","Ellerton · Plot 98","3","282500","https://www.barratthomes.co.uk/new-homes/dev001391-barratt-homes-@-treledan/plot-98-h808998/","98","8","8"
"Barratt Homes @ Treledan","Denford · Plot 1","2","","https://www.barratthomes.co.uk/new-homes/dev001391-barratt-homes-@-treledan/plot-1-h80891/","1","7","7"
"Barratt Homes @ Treledan","Maidstone · Plot 2","3","","https://www.barratthomes.co.uk/new-homes/dev001391-barratt-homes-@-treledan/plot-2-h80892/","2","8","8"
"Barratt Homes @ Treledan","Kingsley · Plot 3","4","","https://www.barratthomes.co.uk/new-homes/dev001391-barratt-homes-@-treledan/plot-3-h80893/","3","9","9"
"Franklin Gardens at Darwin Green","Noble House · Plot 261","2","360000","https://www.barratthomes.co.uk/new-homes/dev-002587-franklin-gardens-at-darwin-green/plot-261-h7102261/","261","6","6"
"Franklin Gardens at Darwin Green","Noble House · Plot 264","2","370000","https://www.barratthomes.co.uk/new-homes/dev-002587-franklin-gardens-at-darwin-green/plot-264-h7102264/","264","6","6"
"Franklin Gardens at Darwin Green","Brentford · Plot 278","3","550000","https://www.barratthomes.co.uk/new-homes/dev-002587-franklin-gardens-at-darwin-green/plot-278-h7102278/","278","9","9"
"Franklin Gardens at Darwin Green","Brentford · Plot 280","3","580000","https://www.barratthomes.co.uk/new-homes/dev-002587-franklin-gardens-at-darwin-green/plot-280-h7102280/","280","9","9"
"Franklin Gardens at Darwin Green","Hughes · Plot 242","4","625000","https://www.barratthomes.co.uk/new-homes/dev-002587-franklin-gardens-at-darwin-green/plot-242-h7102242/","242","8","8"
"Franklin Gardens at Darwin Green","Richmond · Plot 327","2","475000","https://www.barratthomes.co.uk/new-homes/dev-002587-franklin-gardens-at-darwin-green/plot-327-h7102327/","327","7","7"
"Franklin Gardens at Darwin Green","Richmond · Plot 326","2","475000","https://www.barratthomes.co.uk/new-homes/dev-002587-franklin-gardens-at-darwin-green/plot-326-h7102326/","326","7","7"
"Franklin Gardens at Darwin Green","Hesketh · Plot 289","4","560000","https://www.barratthomes.co.uk/new-homes/dev-002587-franklin-gardens-at-darwin-green/plot-289-h7102289/","289","9","9"
"Franklin Gardens at Darwin Green","Hesketh · Plot 291","4","560000","https://www.barratthomes.co.uk/new-homes/dev-002587-franklin-gardens-at-darwin-green/plot-291-h7102291/","291","9","9"
"Franklin Gardens at Darwin Green","Newman · Plot 241","4","625000","https://www.barratthomes.co.uk/new-homes/dev-002587-franklin-gardens-at-darwin-green/plot-241-h7102241/","241","10","10"
"Franklin Gardens at Darwin Green","Pembroke · Plot 244","4","625000","https://www.barratthomes.co.uk/new-homes/dev-002587-franklin-gardens-at-darwin-green/plot-244-h7102244/","244","9","9"
"Franklin Gardens at Darwin Green","Newman · Plot 302","4","635000","https://www.barratthomes.co.uk/new-homes/dev-002587-franklin-gardens-at-darwin-green/plot-302-h7102302/","302","10","10"
"Franklin Gardens at Darwin Green","Pembroke · Plot 339","4","675000","https://www.barratthomes.co.uk/new-homes/dev-002587-franklin-gardens-at-darwin-green/plot-339-h7102339/","339","10","10"
"Franklin Gardens at Darwin Green","Fitzwilliam · Plot 304","4","675000","https://www.barratthomes.co.uk/new-homes/dev-002587-franklin-gardens-at-darwin-green/plot-304-h7102304/","304","10","10"
"Franklin Gardens at Darwin Green","Hughes · Plot 340","4","675000","https://www.barratthomes.co.uk/new-homes/dev-002587-franklin-gardens-at-darwin-green/plot-340-h7102340/","340","10","10"
"Franklin Gardens at Darwin Green","Malvern · Plot 296","5","840000","https://www.barratthomes.co.uk/new-homes/dev-002587-franklin-gardens-at-darwin-green/plot-296-h7102296/","296","9","9"
"Franklin Gardens at Darwin Green","Marlowe · Plot 306","5","895000","https://www.barratthomes.co.uk/new-homes/dev-002587-franklin-gardens-at-darwin-green/plot-306-h7102306/","306","10","10"
"Franklin Gardens at Darwin Green","Newman · Plot 189","4","","https://www.barratthomes.co.uk/new-homes/dev-002587-franklin-gardens-at-darwin-green/plot-189-h7102189/","189","10","10"
"Cornhill Village","Craigend · Plot 186","3","309995","https://www.barratthomes.co.uk/new-homes/dev002663-cornhill-village/plot-186-h9104186/","186","10","10"
"Cornhill Village","Glamis · Plot 203","4","316995","https://www.barratthomes.co.uk/new-homes/dev002663-cornhill-village/plot-203-h9104203/","203","10","10"
"Cornhill Village","Fenton · Plot 221","4","326995","https://www.barratthomes.co.uk/new-homes/dev002663-cornhill-village/plot-221-h9104221/","221","10","10"
"Cornhill Village","Kinloch · Plot 204","4","347995","https://www.barratthomes.co.uk/new-homes/dev002663-cornhill-village/plot-204-h9104204/","204","10","10"
"Cornhill Village","Dean · Plot 216","4","354995","https://www.barratthomes.co.uk/new-homes/dev002663-cornhill-village/plot-216-h9104216/","216","9","9"
"Cornhill Village","Dean · Plot 201","4","354995","https://www.barratthomes.co.uk/new-homes/dev002663-cornhill-village/plot-201-h9104201/","201","10","10"
"Cornhill Village","Balloch · Plot 224","4","385995","https://www.barratthomes.co.uk/new-homes/dev002663-cornhill-village/plot-224-h9104224/","224","10","10"
"Cornhill Village","Crombie · Plot 222","4","389995","https://www.barratthomes.co.uk/new-homes/dev002663-cornhill-village/plot-222-h9104222/","222","10","10"
"Cornhill Village","Fenton · Plot 83","4","","https://www.barratthomes.co.uk/new-homes/dev002663-cornhill-village/plot-83-h910483/","83","10","10"
"Cornhill Village","Balloch · Plot 84","4","","https://www.barratthomes.co.uk/new-homes/dev002663-cornhill-village/plot-84-h910484/","84","10","10"
"Cornhill Village","Kinloch · Plot 82","4","","https://www.barratthomes.co.uk/new-homes/dev002663-cornhill-village/plot-82-h910482/","82","10","10"
"Cherry Meadows at Applegate Park","ALDERNEY · Plot 146","4","469995","https://www.barratthomes.co.uk/new-homes/dev-001091-cherry-meadows-at-applegate-park/plot-146-h7655146/","146","10","10"
"Cherry Meadows at Applegate Park","Maidstone · Plot 296","3","359995","https://www.barratthomes.co.uk/new-homes/dev-001091-cherry-meadows-at-applegate-park/plot-296-h7656296/","296","8","8"
"Cherry Meadows at Applegate Park","Maidstone · Plot 297","3","359995","https://www.barratthomes.co.uk/new-homes/dev-001091-cherry-meadows-at-applegate-park/plot-297-h7656297/","297","7","7"
"Cherry Meadows at Applegate Park","Woodcote · Plot 303","4","434995","https://www.barratthomes.co.uk/new-homes/dev-001091-cherry-meadows-at-applegate-park/plot-303-h7656303/","303","8","8"
"Cherry Meadows at Applegate Park","Woodcote · Plot 304","4","436995","https://www.barratthomes.co.uk/new-homes/dev-001091-cherry-meadows-at-applegate-park/plot-304-h7656304/","304","9","9"
"Cherry Meadows at Applegate Park","HESKETH · Plot 295","4","449995","https://www.barratthomes.co.uk/new-homes/dev-001091-cherry-meadows-at-applegate-park/plot-295-h7656295/","295","9","9"
"Cherry Meadows at Applegate Park","ALDERNEY · Plot 145","4","469995","https://www.barratthomes.co.uk/new-homes/dev-001091-cherry-meadows-at-applegate-park/plot-145-h7655145/","145","10","10"
"Cherry Meadows at Applegate Park","Ennerdale · Plot 298","3","","https://www.barratthomes.co.uk/new-homes/dev-001091-cherry-meadows-at-applegate-park/plot-298-h7656298/","298","9","9"
"Cherry Meadows at Applegate Park","Radleigh · Plot 124","4","","https://www.barratthomes.co.uk/new-homes/dev-001091-cherry-meadows-at-applegate-park/plot-124-h7655124/","124","10","10"
"Cherry Meadows at Applegate Park","ALDERNEY · Plot 123","4","","https://www.barratthomes.co.uk/new-homes/dev-001091-cherry-meadows-at-applegate-park/plot-123-h7655123/","123","10","10"
"Riverside Quarter","Tweed · Plot 157","1","139995","https://www.barratthomes.co.uk/new-homes/dev001066-riverside-quarter/plot-157-h7353157/","157","4","4"
"Riverside Quarter","Don · Plot 147","2","152995","https://www.barratthomes.co.uk/new-homes/dev001066-riverside-quarter/plot-147-h7353147/","147","6","6"
"Riverside Quarter","Deveron · Plot 143","2","154995","https://www.barratthomes.co.uk/new-homes/dev001066-riverside-quarter/plot-143-h7353143/","143","6","6"
"Riverside Quarter","Almond · Plot 139","2","189995","https://www.barratthomes.co.uk/new-homes/dev001066-riverside-quarter/plot-139-h7353139/","139","5","5"
"Riverside Quarter","Cupar · Plot 30","3","224995","https://www.barratthomes.co.uk/new-homes/dev001066-riverside-quarter/plot-30-h735630/","30","10","10"
"Riverside Quarter","Abergeldie · Plot 16","3","249995","https://www.barratthomes.co.uk/new-homes/dev001066-riverside-quarter/plot-16-h735616/","16","10","10"
"Riverside Quarter","Abergeldie · Plot 13","3","249995","https://www.barratthomes.co.uk/new-homes/dev001066-riverside-quarter/plot-13-h735613/","13","10","10"
"Riverside Quarter","Thurso · Plot 12","3","259995","https://www.barratthomes.co.uk/new-homes/dev001066-riverside-quarter/plot-12-h735612/","12","8","8"
"Riverside Quarter","Thurso · Plot 37","3","259995","https://www.barratthomes.co.uk/new-homes/dev001066-riverside-quarter/plot-37-h735637/","37","10","10"
"Riverside Quarter","Craigend · Plot 18","3","274995","https://www.barratthomes.co.uk/new-homes/dev001066-riverside-quarter/plot-18-h735618/","18","10","10"
"Riverside Quarter","Dalmore · Plot 25","4","274995","https://www.barratthomes.co.uk/new-homes/dev001066-riverside-quarter/plot-25-h735625/","25","10","10"
"Riverside Quarter","Cupar · Plot 103","3","","https://www.barratthomes.co.uk/new-homes/dev001066-riverside-quarter/plot-103-h7356103/","103","10","10"
"Barratt Homes at Sholden Meadows","Kingsley · Plot 152","4","397995","https://www.barratthomes.co.uk/new-homes/dev002971-barratt-homes-at-sholden-meadows/plot-152-h9377152/","152","10","10"
"Barratt Homes at Sholden Meadows","Kingsley · Plot 155","4","399995","https://www.barratthomes.co.uk/new-homes/dev002971-barratt-homes-at-sholden-meadows/plot-155-h9377155/","155","9","9"
"Barratt Homes at Sholden Meadows","Alfreton · Plot 112","4","499995","https://www.barratthomes.co.uk/new-homes/dev002971-barratt-homes-at-sholden-meadows/plot-112-h9377112/","112","10","10"
"Barratt Homes at Sholden Meadows","Lamberton · Plot 137","5","544995","https://www.barratthomes.co.uk/new-homes/dev002971-barratt-homes-at-sholden-meadows/plot-137-h9377137/","137","10","10"
"Barratt Homes at Sholden Meadows","Lamberton · Plot 3","5","","https://www.barratthomes.co.uk/new-homes/dev002971-barratt-homes-at-sholden-meadows/plot-3-h87923/","3","10","10"
"Barratt Homes at Sholden Meadows","Alfreton · Plot 4","4","","https://www.barratthomes.co.uk/new-homes/dev002971-barratt-homes-at-sholden-meadows/plot-4-h87924/","4","10","10"
"Orchards View @ Wichelstowe","The Holly · Plot 47","4","408995","https://www.barratthomes.co.uk/new-homes/dev002550-orchards-view-@-wichelstowe/plot-47-h874647/","47","8","8"
"Orchards View @ Wichelstowe","The Ash · Plot 135","1","172995","https://www.barratthomes.co.uk/new-homes/dev002550-orchards-view-@-wichelstowe/plot-135-h8746135/","135","5","5"
"Orchards View @ Wichelstowe","The Pine · Plot 136","2","226500","https://www.barratthomes.co.uk/new-homes/dev002550-orchards-view-@-wichelstowe/plot-136-h8746136/","136","6","6"
"Orchards View @ Wichelstowe","The Magnolia · Plot 137","2","226500","https://www.barratthomes.co.uk/new-homes/dev002550-orchards-view-@-wichelstowe/plot-137-h8746137/","137","7","7"
"Orchards View @ Wichelstowe","The Magnolia · Plot 140","2","230500","https://www.barratthomes.co.uk/new-homes/dev002550-orchards-view-@-wichelstowe/plot-140-h8746140/","140","6","6"
"Orchards View @ Wichelstowe","The Pine · Plot 139","2","232500","https://www.barratthomes.co.uk/new-homes/dev002550-orchards-view-@-wichelstowe/plot-139-h8746139/","139","6","6"
"Orchards View @ Wichelstowe","The Aspen · Plot 118","2","296995","https://www.barratthomes.co.uk/new-homes/dev002550-orchards-view-@-wichelstowe/plot-118-h8746118/","118","7","7"
"Orchards View @ Wichelstowe","The Aspen · Plot 119","2","304995","https://www.barratthomes.co.uk/new-homes/dev002550-orchards-view-@-wichelstowe/plot-119-h8746119/","119","6","6"
"Orchards View @ Wichelstowe","The Aspen · Plot 117","2","304995","https://www.barratthomes.co.uk/new-homes/dev002550-orchards-view-@-wichelstowe/plot-117-h8746117/","117","6","6"
"Orchards View @ Wichelstowe","The Elder · Plot 124","3","371995","https://www.barratthomes.co.uk/new-homes/dev002550-orchards-view-@-wichelstowe/plot-124-h8746124/","124","7","7"
"Orchards View @ Wichelstowe","The Elder · Plot 125","3","371995","https://www.barratthomes.co.uk/new-homes/dev002550-orchards-view-@-wichelstowe/plot-125-h8746125/","125","8","8"
"Orchards View @ Wichelstowe","Haversham Extra · Plot 11","4","408995","https://www.barratthomes.co.uk/new-homes/dev002550-orchards-view-@-wichelstowe/plot-11-h843111/","11","8","8"
"Orchards View @ Wichelstowe","The Hazel · Plot 13","4","443995","https://www.barratthomes.co.uk/new-homes/dev002550-orchards-view-@-wichelstowe/plot-13-h843113/","13","8","8"
"Orchards View @ Wichelstowe","The Willow · Plot 35","4","446995","https://www.barratthomes.co.uk/new-homes/dev002550-orchards-view-@-wichelstowe/plot-35-h874635/","35","9","9"
"Orchards View @ Wichelstowe","The Elm · Plot 126","4","469995","https://www.barratthomes.co.uk/new-homes/dev002550-orchards-view-@-wichelstowe/plot-126-h8746126/","126","9","9"
"Orchards View @ Wichelstowe","The Holly · Plot 12","4","","https://www.barratthomes.co.uk/new-homes/dev002550-orchards-view-@-wichelstowe/plot-12-h843112/","12","9","9"
"Abbey View","Kingsville · Plot 171","4","259995","https://www.barratthomes.co.uk/new-homes/dev-001124-abbey-view/plot-171-h8551171/","171","10","10"
"Abbey View","Kingsville · Plot 172","4","259995","https://www.barratthomes.co.uk/new-homes/dev-001124-abbey-view/plot-172-h8551172/","172","7","7"
"Abbey View","Alderney · Plot 1","4","","https://www.barratthomes.co.uk/new-homes/dev-001124-abbey-view/plot-1-h85511/","1","10","10"
"Abbey View","Radleigh · Plot 2","4","","https://www.barratthomes.co.uk/new-homes/dev-001124-abbey-view/plot-2-h85512/","2","10","10"
"Woodland Gait","Cupar · Plot 56","3","247995","https://www.barratthomes.co.uk/new-homes/dev002674-woodland-gait/plot-56-h866856/","56","9","9"
"Woodland Gait","Abergeldie · Plot 62","3","299995","https://www.barratthomes.co.uk/new-homes/dev002674-woodland-gait/plot-62-h866862/","62","10","10"
"Woodland Gait","Craigend · Plot 92","3","327995","https://www.barratthomes.co.uk/new-homes/dev002674-woodland-gait/plot-92-h866892/","92","10","10"
"Woodland Gait","Craigend · Plot 108","3","332995","https://www.barratthomes.co.uk/new-homes/dev002674-woodland-gait/plot-108-h8668108/","108","10","10"
"Woodland Gait","Dean · Plot 119","4","393995","https://www.barratthomes.co.uk/new-homes/dev002674-woodland-gait/plot-119-h8668119/","119","10","10"
"Woodland Gait","Dean · Plot 120","4","393995","https://www.barratthomes.co.uk/new-homes/dev002674-woodland-gait/plot-120-h8668120/","120","10","10"
"Woodland Gait","Stobo · Plot 94","4","399995","https://www.barratthomes.co.uk/new-homes/dev002674-woodland-gait/plot-94-h866894/","94","10","10"
"Woodland Gait","Stobo · Plot 104","4","404995","https://www.barratthomes.co.uk/new-homes/dev002674-woodland-gait/plot-104-h8668104/","104","10","10"
"Woodland Gait","Crombie · Plot 97","4","410995","https://www.barratthomes.co.uk/new-homes/dev002674-woodland-gait/plot-97-h866897/","97","10","10"
"Woodland Gait","Balloch · Plot 98","4","424995","https://www.barratthomes.co.uk/new-homes/dev002674-woodland-gait/plot-98-h866898/","98","10","10"
"Woodland Gait","Harris · Plot 132","4","","https://www.barratthomes.co.uk/new-homes/dev002674-woodland-gait/plot-132-h8668132/","132","10","10"
"Martello Lakes","Norbury · Plot 316","3","359995","https://www.barratthomes.co.uk/new-homes/dev000521-martello-lakes/plot-316-h8348316/","316","9","9"
"Martello Lakes","Brentford · Plot 301","3","359995","https://www.barratthomes.co.uk/new-homes/dev000521-martello-lakes/plot-301-h8347301/","301","8","8"
"Martello Lakes","Brentford · Plot 349","3","369995","https://www.barratthomes.co.uk/new-homes/dev000521-martello-lakes/plot-349-h8348349/","349","8","8"
"Martello Lakes","Norbury · Plot 329","3","352995","https://www.barratthomes.co.uk/new-homes/dev000521-martello-lakes/plot-329-h8348329/","329","9","9"
"Martello Lakes","STAMBOURNE · Plot 327","3","364995","https://www.barratthomes.co.uk/new-homes/dev000521-martello-lakes/plot-327-h8348327/","327","8","8"
"Martello Lakes","STAMBOURNE · Plot 326","3","369995","https://www.barratthomes.co.uk/new-homes/dev000521-martello-lakes/plot-326-h8348326/","326","7","7"
"Martello Lakes","Norbury · Plot 221","3","","https://www.barratthomes.co.uk/new-homes/dev000521-martello-lakes/plot-221-h8348221/","221","9","9"
"Barratt Homes at Henley Gate","Mildenhall · Plot 8","3","340000","https://www.barratthomes.co.uk/new-homes/dev002870-barratt-homes-at-henley-gate/plot-8-h88648/","8","9","9"
"Barratt Homes at Henley Gate","Mildenhall · Plot 9","3","350000","https://www.barratthomes.co.uk/new-homes/dev002870-barratt-homes-at-henley-gate/plot-9-h88649/","9","9","9"
"Barratt Homes at Henley Gate","Hopton · Plot 19","3","380000","https://www.barratthomes.co.uk/new-homes/dev002870-barratt-homes-at-henley-gate/plot-19-h886419/","19","10","10"
"Barratt Homes at Henley Gate","Barnack · Plot 20","4","465000","https://www.barratthomes.co.uk/new-homes/dev002870-barratt-homes-at-henley-gate/plot-20-h886420/","20","10","10"
"Barratt Homes at Henley Gate","Barnack · Plot 10","4","495000","https://www.barratthomes.co.uk/new-homes/dev002870-barratt-homes-at-henley-gate/plot-10-h886410/","10","10","10"
"Barratt Homes at Henley Gate","Langley · Plot 7","4","545000","https://www.barratthomes.co.uk/new-homes/dev002870-barratt-homes-at-henley-gate/plot-7-h88647/","7","10","10"
"Barratt Homes at Henley Gate","Cattawade · Plot 28","4","560000","https://www.barratthomes.co.uk/new-homes/dev002870-barratt-homes-at-henley-gate/plot-28-h886428/","28","10","10"
"Barratt Homes at Henley Gate","Mildenhall · Plot 92","3","","https://www.barratthomes.co.uk/new-homes/dev002870-barratt-homes-at-henley-gate/plot-92-h886492/","92","10","10"
"Barratt Homes at Henley Gate","Lakenheath · Plot 90","4","","https://www.barratthomes.co.uk/new-homes/dev002870-barratt-homes-at-henley-gate/plot-90-h886490/","90","10","10"
"Barratt Homes at Henley Gate","Langley · Plot 93","4","","https://www.barratthomes.co.uk/new-homes/dev002870-barratt-homes-at-henley-gate/plot-93-h886493/","93","10","10"
"Curborough Fields","Linstead · Plot 2","2","279999","https://www.barratthomes.co.uk/new-homes/dev002999-curborough-fields/plot-2-ha4082/","2","10","10"
"Curborough Fields","Linstead · Plot 69","2","309995","https://www.barratthomes.co.uk/new-homes/dev002999-curborough-fields/plot-69-ha40869/","69","10","10"
"Curborough Fields","Linstead · Plot 70","2","309995","https://www.barratthomes.co.uk/new-homes/dev002999-curborough-fields/plot-70-ha40870/","70","10","10"
"Curborough Fields","Linstead · Plot 52","2","309995","https://www.barratthomes.co.uk/new-homes/dev002999-curborough-fields/plot-52-ha40852/","52","10","10"
"Curborough Fields","Mewstone · Plot 13","3","359995","https://www.barratthomes.co.uk/new-homes/dev002999-curborough-fields/plot-13-ha40813/","13","10","10"
"Curborough Fields","Mewstone · Plot 17","3","369995","https://www.barratthomes.co.uk/new-homes/dev002999-curborough-fields/plot-17-ha40817/","17","10","10"
"Curborough Fields","Mewstone · Plot 18","3","372995","https://www.barratthomes.co.uk/new-homes/dev002999-curborough-fields/plot-18-ha40818/","18","10","10"
"Curborough Fields","Mewstone · Plot 19","3","374995","https://www.barratthomes.co.uk/new-homes/dev002999-curborough-fields/plot-19-ha40819/","19","10","10"
"Curborough Fields","Mewstone · Plot 27","3","374995","https://www.barratthomes.co.uk/new-homes/dev002999-curborough-fields/plot-27-ha40827/","27","10","10"
"Curborough Fields","Mewstone · Plot 49","3","375995","https://www.barratthomes.co.uk/new-homes/dev002999-curborough-fields/plot-49-ha40849/","49","10","10"
"Curborough Fields","Kennisham · Plot 73","3","435995","https://www.barratthomes.co.uk/new-homes/dev002999-curborough-fields/plot-73-ha40873/","73","10","10"
"Curborough Fields","Radstock · Plot 22","4","548000","https://www.barratthomes.co.uk/new-homes/dev002999-curborough-fields/plot-22-ha40822/","22","10","10"
"Curborough Fields","Radstock · Plot 47","4","550000","https://www.barratthomes.co.uk/new-homes/dev002999-curborough-fields/plot-47-ha40847/","47","10","10"
"Curborough Fields","Linstock · Plot 72","4","565995","https://www.barratthomes.co.uk/new-homes/dev002999-curborough-fields/plot-72-ha40872/","72","10","10"
"Curborough Fields","Lavenham · Plot 48","4","570995","https://www.barratthomes.co.uk/new-homes/dev002999-curborough-fields/plot-48-ha40848/","48","10","10"
"Curborough Fields","Linstead · Plot 9","2","","https://www.barratthomes.co.uk/new-homes/dev002999-curborough-fields/plot-9-ha4089/","9","10","10"
"Curborough Fields","Brancaster · Plot 10","3","","https://www.barratthomes.co.uk/new-homes/dev002999-curborough-fields/plot-10-ha40810/","10","9","9"
"Barratt @ Almond Valley","Cupar · Plot 13","3","249995","https://www.barratthomes.co.uk/new-homes/dev003046-barratt-@-almond-valley/plot-13-ha40513/","13","10","10"
"Barratt @ Almond Valley","Craigend · Plot 36","3","289995","https://www.barratthomes.co.uk/new-homes/dev003046-barratt-@-almond-valley/plot-36-ha40536/","36","10","10"
"Barratt @ Almond Valley","Lauriston · Plot 29","3","293995","https://www.barratthomes.co.uk/new-homes/dev003046-barratt-@-almond-valley/plot-29-ha40529/","29","8","8"
"Barratt @ Almond Valley","Dalmore · Plot 9","4","304995","https://www.barratthomes.co.uk/new-homes/dev003046-barratt-@-almond-valley/plot-9-ha4059/","9","10","10"
"Barratt @ Almond Valley","Lauriston · Plot 28","3","309995","https://www.barratthomes.co.uk/new-homes/dev003046-barratt-@-almond-valley/plot-28-ha40528/","28","9","9"
"Barratt @ Almond Valley","Dalmore · Plot 7","4","319995","https://www.barratthomes.co.uk/new-homes/dev003046-barratt-@-almond-valley/plot-7-ha4057/","7","10","10"
"Barratt @ Almond Valley","Glamis · Plot 33","4","324995","https://www.barratthomes.co.uk/new-homes/dev003046-barratt-@-almond-valley/plot-33-ha40533/","33","9","9"
"Barratt @ Almond Valley","Fenton · Plot 34","4","335995","https://www.barratthomes.co.uk/new-homes/dev003046-barratt-@-almond-valley/plot-34-ha40534/","34","10","10"
"Somer Meadows","Ellerton · Plot 109","3","341995","https://www.barratthomes.co.uk/new-homes/dev002665-somer-meadows/plot-109-h8807109/","109","7","7"
"Somer Meadows","Maidstone · Plot 108","3","341995","https://www.barratthomes.co.uk/new-homes/dev002665-somer-meadows/plot-108-h8807108/","108","8","8"
"Somer Meadows","Ennerdale · Plot 63","3","379995","https://www.barratthomes.co.uk/new-homes/dev002665-somer-meadows/plot-63-h880763/","63","8","8"
"Somer Meadows","Woodcote · Plot 106","4","382995","https://www.barratthomes.co.uk/new-homes/dev002665-somer-meadows/plot-106-h8807106/","106","8","8"
"Somer Meadows","Kingsley · Plot 64","4","431995","https://www.barratthomes.co.uk/new-homes/dev002665-somer-meadows/plot-64-h880764/","64","9","9"
"Somer Meadows","Alfreton · Plot 58","4","519995","https://www.barratthomes.co.uk/new-homes/dev002665-somer-meadows/plot-58-h880758/","58","10","10"
"Somer Meadows","Maidstone · Plot 3","3","","https://www.barratthomes.co.uk/new-homes/dev002665-somer-meadows/plot-3-h88073/","3","8","8"
"Somer Meadows","Alfreton · Plot 26","4","","https://www.barratthomes.co.uk/new-homes/dev002665-somer-meadows/plot-26-h880726/","26","10","10"
"Somer Meadows","Lamberton · Plot 1","5","","https://www.barratthomes.co.uk/new-homes/dev002665-somer-meadows/plot-1-h88071/","1","10","10"
"King's Meadow","Kennford · Plot 95","4","339995","https://www.barratthomes.co.uk/new-homes/dev-001093-king's-meadow/plot-95-h768395/","95","7","7"
"King's Meadow","Maidstone · Plot 235","3","259995","https://www.barratthomes.co.uk/new-homes/dev-001093-king's-meadow/plot-235-h7683235/","235","8","8"
"King's Meadow","Kingsville · Plot 61","3","279995","https://www.barratthomes.co.uk/new-homes/dev-001093-king's-meadow/plot-61-h768361/","61","9","9"
"King's Meadow","Kingsville · Plot 60","3","289995","https://www.barratthomes.co.uk/new-homes/dev-001093-king's-meadow/plot-60-h768360/","60","9","9"
"King's Meadow","Kingsville · Plot 62","3","299995","https://www.barratthomes.co.uk/new-homes/dev-001093-king's-meadow/plot-62-h768362/","62","8","8"
"King's Meadow","Moresby · Plot 236","3","299995","https://www.barratthomes.co.uk/new-homes/dev-001093-king's-meadow/plot-236-h7683236/","236","8","8"
"King's Meadow","Ennerdale · Plot 215","3","309995","https://www.barratthomes.co.uk/new-homes/dev-001093-king's-meadow/plot-215-h7683215/","215","7","7"
"King's Meadow","Haversham · Plot 65","3","323195","https://www.barratthomes.co.uk/new-homes/dev-001093-king's-meadow/plot-65-h768365/","65","10","9"
"King's Meadow","Haversham · Plot 64","4","324995","https://www.barratthomes.co.uk/new-homes/dev-001093-king's-meadow/plot-64-h768364/","64","9","8"
"King's Meadow","Denby · Plot 232","3","329995","https://www.barratthomes.co.uk/new-homes/dev-001093-king's-meadow/plot-232-h7683232/","232","8","8"
"King's Meadow","Kingsley · Plot 96","4","334995","https://www.barratthomes.co.uk/new-homes/dev-001093-king's-meadow/plot-96-h768396/","96","9","9"
"King's Meadow","Hale · Plot 231","4","384995","https://www.barratthomes.co.uk/new-homes/dev-001093-king's-meadow/plot-231-h7683231/","231","8","8"
"King's Meadow","Radleigh · Plot 219","4","389995","https://www.barratthomes.co.uk/new-homes/dev-001093-king's-meadow/plot-219-h7683219/","219","10","10"
"King's Meadow","Hale · Plot 228","4","389995","https://www.barratthomes.co.uk/new-homes/dev-001093-king's-meadow/plot-228-h7683228/","228","8","8"
"King's Meadow","Radleigh · Plot 218","4","419145","https://www.barratthomes.co.uk/new-homes/dev-001093-king's-meadow/plot-218-h7683218/","218","10","10"
"King's Meadow","Radleigh · Plot 217","4","424195","https://www.barratthomes.co.uk/new-homes/dev-001093-king's-meadow/plot-217-h7683217/","217","10","10"
"King's Meadow","Marlowe · Plot 233","5","549995","https://www.barratthomes.co.uk/new-homes/dev-001093-king's-meadow/plot-233-h7683233/","233","10","10"
"King's Meadow","Marlowe · Plot 59","5","559995","https://www.barratthomes.co.uk/new-homes/dev-001093-king's-meadow/plot-59-h768359/","59","10","10"
"King's Meadow","KINGSVILLE · Plot 2","3","","https://www.barratthomes.co.uk/new-homes/dev-001093-king's-meadow/plot-2-h76832/","2","9","9"
"King's Meadow","ALNMOUTH · Plot 1","4","","https://www.barratthomes.co.uk/new-homes/dev-001093-king's-meadow/plot-1-h76831/","1","10","10"
"King's Meadow","MAIDSTONE · Plot 3","3","","https://www.barratthomes.co.uk/new-homes/dev-001093-king's-meadow/plot-3-h76833/","3","8","8"
"Spitfire Green","Gloster I · Plot 335","1","160000","https://www.barratthomes.co.uk/new-homes/dev-001134-spitfire-green/plot-335-h8799335/","335","4","4"
"Spitfire Green","Tewkesbury · Plot 438","2","180000","https://www.barratthomes.co.uk/new-homes/dev-001134-spitfire-green/plot-438-h8799438/","438","7","7"
"Spitfire Green","Tewksbury · Plot 425","2","180000","https://www.barratthomes.co.uk/new-homes/dev-001134-spitfire-green/plot-425-h8799425/","425","9","9"
"Spitfire Green","Curtis · Plot 333","2","212000","https://www.barratthomes.co.uk/new-homes/dev-001134-spitfire-green/plot-333-h8799333/","333","6","6"
"Spitfire Green","Matlock · Plot 342","3","280000","https://www.barratthomes.co.uk/new-homes/dev-001134-spitfire-green/plot-342-h8799342/","342","7","7"
"Spitfire Green","Norbury · Plot 114","3","","https://www.barratthomes.co.uk/new-homes/dev-001134-spitfire-green/plot-114-h8710114/","114","10","10"
"Spitfire Green","Maidstone · Plot 112","3","","https://www.barratthomes.co.uk/new-homes/dev-001134-spitfire-green/plot-112-h8710112/","112","10","10"
"Spitfire Green","Tewkesbury · Plot 135","2","","https://www.barratthomes.co.uk/new-homes/dev-001134-spitfire-green/plot-135-h8710135/","135","7","7"
"Sandy Gate View","Holywell · Plot 129","2","255000","https://www.barratthomes.co.uk/new-homes/dev002873-sandy-gate-view/plot-129-h6899129/","129","10","10"
"Sandy Gate View","Holm · Plot 115","2","288000","https://www.barratthomes.co.uk/new-homes/dev002873-sandy-gate-view/plot-115-h6899115/","115","6","6"
"Sandy Gate View","Martham · Plot 125","3","305000","https://www.barratthomes.co.uk/new-homes/dev002873-sandy-gate-view/plot-125-h6899125/","125","10","10"
"Sandy Gate View","Mewstone · Plot 137","3","325000","https://www.barratthomes.co.uk/new-homes/dev002873-sandy-gate-view/plot-137-h6899137/","137","10","10"
"Sandy Gate View","Martham · Plot 128","3","335000","https://www.barratthomes.co.uk/new-homes/dev002873-sandy-gate-view/plot-128-h6899128/","128","10","10"
"Sandy Gate View","Martham · Plot 113","3","352000","https://www.barratthomes.co.uk/new-homes/dev002873-sandy-gate-view/plot-113-h6899113/","113","10","10"
"Sandy Gate View","Holkham · Plot 108","3","360000","https://www.barratthomes.co.uk/new-homes/dev002873-sandy-gate-view/plot-108-h6899108/","108","10","10"
"Sandy Gate View","Kennisham · Plot 127","4","400000","https://www.barratthomes.co.uk/new-homes/dev002873-sandy-gate-view/plot-127-h6899127/","127","10","10"
"Sandy Gate View","Kennisham · Plot 109","4","405000","https://www.barratthomes.co.uk/new-homes/dev002873-sandy-gate-view/plot-109-h6899109/","109","10","10"
"Sandy Gate View","Allerthorpe · Plot 143","4","415000","https://www.barratthomes.co.uk/new-homes/dev002873-sandy-gate-view/plot-143-h6899143/","143","10","10"
"Sandy Gate View","Rowan · Plot 120","4","450000","https://www.barratthomes.co.uk/new-homes/dev002873-sandy-gate-view/plot-120-h6899120/","120","10","10"
"Sandy Gate View","Rowan · Plot 142","4","460000","https://www.barratthomes.co.uk/new-homes/dev002873-sandy-gate-view/plot-142-h6899142/","142","9","9"
"Sandy Gate View","Matlock · Plot 124","3","","https://www.barratthomes.co.uk/new-homes/dev002873-sandy-gate-view/plot-124-h6899124/","124","10","10"
"Sandy Gate View","Somerleyton · Plot 123","4","","https://www.barratthomes.co.uk/new-homes/dev002873-sandy-gate-view/plot-123-h6899123/","123","10","10"
"Sandy Gate View","Holkham · Plot 122","3","","https://www.barratthomes.co.uk/new-homes/dev002873-sandy-gate-view/plot-122-h6899122/","122","10","10"
"Carleton Chase","Ellerton · Plot 36","3","283000","https://www.barratthomes.co.uk/new-homes/dev002700-carleton-chase/plot-36-h828436/","36","9","9"
"Carleton Chase","Lutterworth · Plot 29","3","338000","https://www.barratthomes.co.uk/new-homes/dev002700-carleton-chase/plot-29-h828429/","29","8","8"
"Carleton Chase","ALDERNEY · Plot 22","4","396000","https://www.barratthomes.co.uk/new-homes/dev002700-carleton-chase/plot-22-h828422/","22","10","10"
"Carleton Chase","Halton · Plot 31","4","399000","https://www.barratthomes.co.uk/new-homes/dev002700-carleton-chase/plot-31-h828431/","31","9","9"
"Carleton Chase","Halton · Plot 34","4","400000","https://www.barratthomes.co.uk/new-homes/dev002700-carleton-chase/plot-34-h828434/","34","9","9"
"Carleton Chase","Radleigh · Plot 58","4","419000","https://www.barratthomes.co.uk/new-homes/dev002700-carleton-chase/plot-58-h828458/","58","10","10"
"Carleton Chase","Ascot · Plot 32","4","425000","https://www.barratthomes.co.uk/new-homes/dev002700-carleton-chase/plot-32-h828432/","32","10","10"
"Carleton Chase","Ascot · Plot 24","4","425000","https://www.barratthomes.co.uk/new-homes/dev002700-carleton-chase/plot-24-h828424/","24","10","10"
"Carleton Chase","Radleigh · Plot 57","4","428000","https://www.barratthomes.co.uk/new-homes/dev002700-carleton-chase/plot-57-h828457/","57","10","10"
"Carleton Chase","Radleigh · Plot 27","4","430000","https://www.barratthomes.co.uk/new-homes/dev002700-carleton-chase/plot-27-h828427/","27","10","10"
"Carleton Chase","Alfreton · Plot 26","4","484000","https://www.barratthomes.co.uk/new-homes/dev002700-carleton-chase/plot-26-h828426/","26","10","10"
"Carleton Chase","Alfreton · Plot 33","4","488000","https://www.barratthomes.co.uk/new-homes/dev002700-carleton-chase/plot-33-h828433/","33","10","10"
"Carleton Chase","ALDERNEY · Plot 1","4","","https://www.barratthomes.co.uk/new-homes/dev002700-carleton-chase/plot-1-h82841/","1","10","10"
"Carleton Chase","Ellerton · Plot 2","3","","https://www.barratthomes.co.uk/new-homes/dev002700-carleton-chase/plot-2-h82842/","2","10","10"
"Kingfisher Park","Martham · Plot 102","3","525000","https://www.barratthomes.co.uk/new-homes/dev003034-kingfisher-park/plot-102-h7490102/","102","8","8"
"Kingfisher Park","Loughton · Plot 99","1","250000","https://www.barratthomes.co.uk/new-homes/dev003034-kingfisher-park/plot-99-h749099/","99","5","5"
"Kingfisher Park","Kestrel · Plot 181","1","250000","https://www.barratthomes.co.uk/new-homes/dev003034-kingfisher-park/plot-181-h7490181/","181","5","5"
"Kingfisher Park","Kestrel · Plot 180","1","250000","https://www.barratthomes.co.uk/new-homes/dev003034-kingfisher-park/plot-180-h7490180/","180","4","4"
"Kingfisher Park","Coleford · Plot 92","2","295000","https://www.barratthomes.co.uk/new-homes/dev003034-kingfisher-park/plot-92-h749092/","92","6","6"
"Kingfisher Park","Coleford · Plot 98","2","310000","https://www.barratthomes.co.uk/new-homes/dev003034-kingfisher-park/plot-98-h749098/","98","8","8"
"Kingfisher Park","Kew · Plot 176","2","415000","https://www.barratthomes.co.uk/new-homes/dev003034-kingfisher-park/plot-176-h7490176/","176","7","7"
"Kingfisher Park","Matlock · Plot 186","3","510000","https://www.barratthomes.co.uk/new-homes/dev003034-kingfisher-park/plot-186-h7490186/","186","8","8"
"Kingfisher Park","Matlock · Plot 187","3","527500","https://www.barratthomes.co.uk/new-homes/dev003034-kingfisher-park/plot-187-h7490187/","187","7","7"
"Kingfisher Park","Kew · Plot 103","2","","https://www.barratthomes.co.uk/new-homes/dev003034-kingfisher-park/plot-103-h7490103/","103","8","8"
"Kingfisher Park","Charnwood · Plot 104","4","","https://www.barratthomes.co.uk/new-homes/dev003034-kingfisher-park/plot-104-h7490104/","104","10","10"
"Monkton Gardens","Ellerton · Plot 120","3","","https://www.barratthomes.co.uk/new-homes/dev-002642-monkton-gardens/plot-120-h8136120/","120","8","8"
"Monkton Gardens","Moresby · Plot 2","3","","https://www.barratthomes.co.uk/new-homes/dev-002642-monkton-gardens/plot-2-h81362/","2","8","8"
"Monkton Gardens","Hale · Plot 1","4","","https://www.barratthomes.co.uk/new-homes/dev-002642-monkton-gardens/plot-1-h81361/","1","9","9"
"Orchard Green @ Kingsbrook","Padstow · Plot 3","3","","https://www.barratthomes.co.uk/new-homes/dev001612-orchard-green-@-kingsbrook/plot-3-h67013/","3","8","8"
"Orchard Green @ Kingsbrook","Barwick · Plot 2","3","","https://www.barratthomes.co.uk/new-homes/dev001612-orchard-green-@-kingsbrook/plot-2-h67012/","2","8","8"
"West End Green","Ellerton · Plot 11","3","275000","https://www.barratthomes.co.uk/new-homes/dev002808-west-end-green/plot-11-h862111/","11","10","10"
"West End Green","Ellerton · Plot 14","3","277000","https://www.barratthomes.co.uk/new-homes/dev002808-west-end-green/plot-14-h862114/","14","10","10"
"West End Green","Ellerton · Plot 30","3","282000","https://www.barratthomes.co.uk/new-homes/dev002808-west-end-green/plot-30-h862130/","30","10","10"
"West End Green","Moresby · Plot 32","3","329000","https://www.barratthomes.co.uk/new-homes/dev002808-west-end-green/plot-32-h862132/","32","8","8"
"West End Green","Soay · Plot 13","4","405000","https://www.barratthomes.co.uk/new-homes/dev002808-west-end-green/plot-13-h862113/","13","10","10"
"West End Green","Soay · Plot 12","4","405000","https://www.barratthomes.co.uk/new-homes/dev002808-west-end-green/plot-12-h862112/","12","10","10"
"West End Green","Kite · Plot 69","4","","https://www.barratthomes.co.uk/new-homes/dev002808-west-end-green/plot-69-h862169/","69","10","10"
"West End Green","Ellerton · Plot 70","3","","https://www.barratthomes.co.uk/new-homes/dev002808-west-end-green/plot-70-h862170/","70","10","10"
"Fairway Gardens","Kenley · Plot 117","2","345000","https://www.barratthomes.co.uk/new-homes/dev-002628-fairway-gardens/plot-117-h8151117/","117","6","6"
"Fairway Gardens","Kenley · Plot 127","2","345000","https://www.barratthomes.co.uk/new-homes/dev-002628-fairway-gardens/plot-127-h8151127/","127","6","6"
"Fairway Gardens","Ellerton · Plot 120","3","385000","https://www.barratthomes.co.uk/new-homes/dev-002628-fairway-gardens/plot-120-h8151120/","120","8","8"
"Fairway Gardens","Ellerton · Plot 121","3","400000","https://www.barratthomes.co.uk/new-homes/dev-002628-fairway-gardens/plot-121-h8151121/","121","7","7"
"Fairway Gardens","Moresby · Plot 118","3","425000","https://www.barratthomes.co.uk/new-homes/dev-002628-fairway-gardens/plot-118-h8151118/","118","7","7"
"Fairway Gardens","Norbury · Plot 123","3","445000","https://www.barratthomes.co.uk/new-homes/dev-002628-fairway-gardens/plot-123-h8151123/","123","9","9"
"Fairway Gardens","Norbury · Plot 122","3","450000","https://www.barratthomes.co.uk/new-homes/dev-002628-fairway-gardens/plot-122-h8151122/","122","9","9"
"Fairway Gardens","Woodcroft · Plot 47","4","485000","https://www.barratthomes.co.uk/new-homes/dev-002628-fairway-gardens/plot-47-h815147/","47","10","10"
"Fairway Gardens","Norbury · Plot 2","3","","https://www.barratthomes.co.uk/new-homes/dev-002628-fairway-gardens/plot-2-h81512/","2","9","9"
"Fairway Gardens","Alderney · Plot 1","4","","https://www.barratthomes.co.uk/new-homes/dev-002628-fairway-gardens/plot-1-h81511/","1","9","9"
"Brookside Meadows","Ridgeway House · Plot 85","1","140000","https://www.barratthomes.co.uk/new-homes/dev-002639-brookside-meadows/plot-85-h871485/","85","4","4"
"Brookside Meadows","Ridgeway House · Plot 84","1","147000","https://www.barratthomes.co.uk/new-homes/dev-002639-brookside-meadows/plot-84-h871484/","84","4","4"
"Brookside Meadows","Collins House · Plot 92","2","173600","https://www.barratthomes.co.uk/new-homes/dev-002639-brookside-meadows/plot-92-h871492/","92","5","5"
"Brookside Meadows","Ridgeway House · Plot 88","2","175000","https://www.barratthomes.co.uk/new-homes/dev-002639-brookside-meadows/plot-88-h871488/","88","5","5"
"Brookside Meadows","Palmerston · Plot 193","3","348000","https://www.barratthomes.co.uk/new-homes/dev-002639-brookside-meadows/plot-193-ha037193/","193","9","9"
"Brookside Meadows","Maidstone · Plot 233","3","375000","https://www.barratthomes.co.uk/new-homes/dev-002639-brookside-meadows/plot-233-ha037233/","233","9","9"
"Brookside Meadows","Collaton · Plot 236","3","395000","https://www.barratthomes.co.uk/new-homes/dev-002639-brookside-meadows/plot-236-ha037236/","236","8","8"
"Brookside Meadows","Kingsville · Plot 240","3","410000","https://www.barratthomes.co.uk/new-homes/dev-002639-brookside-meadows/plot-240-ha037240/","240","9","9"
"Brookside Meadows","Kingsville · Plot 181","3","417000","https://www.barratthomes.co.uk/new-homes/dev-002639-brookside-meadows/plot-181-ha037181/","181","10","10"
"Brookside Meadows","Heron · Plot 184","3","425000","https://www.barratthomes.co.uk/new-homes/dev-002639-brookside-meadows/plot-184-ha037184/","184","8","8"
"Brookside Meadows","Hesketh · Plot 183","4","475000","https://www.barratthomes.co.uk/new-homes/dev-002639-brookside-meadows/plot-183-ha037183/","183","10","10"
"Brookside Meadows","Kingsley · Plot 187","4","490000","https://www.barratthomes.co.uk/new-homes/dev-002639-brookside-meadows/plot-187-ha037187/","187","9","9"
"Brookside Meadows","Radleigh · Plot 188","4","545000","https://www.barratthomes.co.uk/new-homes/dev-002639-brookside-meadows/plot-188-ha037188/","188","10","10"
"Brookside Meadows","Lamberton · Plot 189","5","600000","https://www.barratthomes.co.uk/new-homes/dev-002639-brookside-meadows/plot-189-ha037189/","189","9","9"
"Brookside Meadows","Maidstone · Plot 7","3","","https://www.barratthomes.co.uk/new-homes/dev-002639-brookside-meadows/plot-7-h87137/","7","8","8"
"Brookside Meadows","Alderney · Plot 6","4","","https://www.barratthomes.co.uk/new-homes/dev-002639-brookside-meadows/plot-6-h87136/","6","10","10"
"Gilmerton Heights","Glamis · Plot 254","4","402995","https://www.barratthomes.co.uk/new-homes/dev001909-gilmerton-heights/plot-254-h7594254/","254","8","8"
"Gilmerton Heights","Fenton · Plot 177","4","419995","https://www.barratthomes.co.uk/new-homes/dev001909-gilmerton-heights/plot-177-h7594177/","177","8","8"
"Gilmerton Heights","Dean · Plot 259","4","439995","https://www.barratthomes.co.uk/new-homes/dev001909-gilmerton-heights/plot-259-h7594259/","259","10","10"
"Gilmerton Heights","Tantallon · Plot 190","5","449995","https://www.barratthomes.co.uk/new-homes/dev001909-gilmerton-heights/plot-190-h7594190/","190","10","10"
"Gilmerton Heights","Craigston · Plot 201","4","450995","https://www.barratthomes.co.uk/new-homes/dev001909-gilmerton-heights/plot-201-h7594201/","201","8","8"
"Gilmerton Heights","Dean · Plot 255","4","454995","https://www.barratthomes.co.uk/new-homes/dev001909-gilmerton-heights/plot-255-h7594255/","255","10","10"
"Gilmerton Heights","Campbell · Plot 203","4","456995","https://www.barratthomes.co.uk/new-homes/dev001909-gilmerton-heights/plot-203-h7594203/","203","10","10"
"Gilmerton Heights","Balloch · Plot 208","4","474995","https://www.barratthomes.co.uk/new-homes/dev001909-gilmerton-heights/plot-208-h7594208/","208","10","10"
"Gilmerton Heights","Harris · Plot 22","4","","https://www.barratthomes.co.uk/new-homes/dev001909-gilmerton-heights/plot-22-h759422/","22","10","10"
"Burnbrae Meadow","Craigend · Plot 167","3","314995","https://www.barratthomes.co.uk/new-homes/dev002676-burnbrae-meadow/plot-167-h8970167/","167","8","8"
"Burnbrae Meadow","Craigend · Plot 170","3","314995","https://www.barratthomes.co.uk/new-homes/dev002676-burnbrae-meadow/plot-170-h8970170/","170","10","10"
"Burnbrae Meadow","Fenton · Plot 165","4","375995","https://www.barratthomes.co.uk/new-homes/dev002676-burnbrae-meadow/plot-165-h8970165/","165","10","10"
"Burnbrae Meadow","Dean · Plot 164","4","415995","https://www.barratthomes.co.uk/new-homes/dev002676-burnbrae-meadow/plot-164-h8970164/","164","8","8"
"Burnbrae Meadow","Stobo · Plot 94","4","424995","https://www.barratthomes.co.uk/new-homes/dev002676-burnbrae-meadow/plot-94-h897094/","94","8","8"
"Burnbrae Meadow","Stobo · Plot 97","4","424995","https://www.barratthomes.co.uk/new-homes/dev002676-burnbrae-meadow/plot-97-h897097/","97","8","8"
"Burnbrae Meadow","Crombie · Plot 96","4","429995","https://www.barratthomes.co.uk/new-homes/dev002676-burnbrae-meadow/plot-96-h897096/","96","10","10"
"Burnbrae Meadow","Crombie · Plot 95","4","429995","https://www.barratthomes.co.uk/new-homes/dev002676-burnbrae-meadow/plot-95-h897095/","95","10","10"
"Burnbrae Meadow","Balloch · Plot 157","4","445995","https://www.barratthomes.co.uk/new-homes/dev002676-burnbrae-meadow/plot-157-h8970157/","157","9","9"
"Burnbrae Meadow","Harris · Plot 160","4","474995","https://www.barratthomes.co.uk/new-homes/dev002676-burnbrae-meadow/plot-160-h8970160/","160","10","10"
"Burnbrae Meadow","Balloch · Plot 135","4","","https://www.barratthomes.co.uk/new-homes/dev002676-burnbrae-meadow/plot-135-h8970135/","135","10","10"
"Hawthorn Grove","Kew · Plot 291","2","320000","https://www.barratthomes.co.uk/new-homes/dev002662-hawthorn-grove/plot-291-h8843291/","291","6","6"
"Hawthorn Grove","Matlock · Plot 235","3","335000","https://www.barratthomes.co.uk/new-homes/dev002662-hawthorn-grove/plot-235-h8843235/","235","9","9"
"Hawthorn Grove","Kelling · Plot 317","4","475000","https://www.barratthomes.co.uk/new-homes/dev002662-hawthorn-grove/plot-317-h8843317/","317","9","8"
"Hawthorn Grove","Lavenham · Plot 299","4","535000","https://www.barratthomes.co.uk/new-homes/dev002662-hawthorn-grove/plot-299-h8843299/","299","10","10"
"Hawthorn Grove","Lavenham · Plot 318","4","","https://www.barratthomes.co.uk/new-homes/dev002662-hawthorn-grove/plot-318-h8843318/","318","10","10"
"Barratt Homes at Thoresby Vale","Kenley · Plot 63","2","194995","https://www.barratthomes.co.uk/new-homes/dev002702-barratt-homes-at-thoresby-vale/plot-63-h885663/","63","7","7"
"Barratt Homes at Thoresby Vale","LAMBERTON · Plot 1","5","419995","https://www.barratthomes.co.uk/new-homes/dev002702-barratt-homes-at-thoresby-vale/plot-1-h88561/","1","10","10"
"Barratt Homes at Thoresby Vale","Alfreton · Plot 48","4","429995","https://www.barratthomes.co.uk/new-homes/dev002702-barratt-homes-at-thoresby-vale/plot-48-h885648/","48","10","10"
"Barratt Homes at Thoresby Vale","Moresby · Plot 60","3","314995","https://www.barratthomes.co.uk/new-homes/dev002702-barratt-homes-at-thoresby-vale/plot-60-h885660/","60","8","8"
"Barratt Homes at Thoresby Vale","QUEENSBURY · Plot 72","3","354995","https://www.barratthomes.co.uk/new-homes/dev002702-barratt-homes-at-thoresby-vale/plot-72-h885672/","72","9","9"
"Barratt Homes at Thoresby Vale","Radleigh · Plot 58","4","439995","https://www.barratthomes.co.uk/new-homes/dev002702-barratt-homes-at-thoresby-vale/plot-58-h885658/","58","9","9"
"Barratt Homes at Thoresby Vale","Alfreton · Plot 52","4","464995","https://www.barratthomes.co.uk/new-homes/dev002702-barratt-homes-at-thoresby-vale/plot-52-h885652/","52","10","10"
"Barratt Homes at Thoresby Vale","Lamberton · Plot 70","5","479995","https://www.barratthomes.co.uk/new-homes/dev002702-barratt-homes-at-thoresby-vale/plot-70-h885670/","70","10","10"
"Barratt Homes at Thoresby Vale","Alfreton · Plot 54","4","484995","https://www.barratthomes.co.uk/new-homes/dev002702-barratt-homes-at-thoresby-vale/plot-54-h885654/","54","9","9"
"Barratt Homes at Thoresby Vale","MAIDSTONE · Plot 11","3","","https://www.barratthomes.co.uk/new-homes/dev002702-barratt-homes-at-thoresby-vale/plot-11-h885611/","11","8","8"
"Barratt Homes at Thoresby Vale","ALFRETON · Plot 12","4","","https://www.barratthomes.co.uk/new-homes/dev002702-barratt-homes-at-thoresby-vale/plot-12-h885612/","12","10","10"
"Darwin Green","Avenue Apartments · Plot 1","3","469995","https://www.barratthomes.co.uk/new-homes/dev002089-darwin-green/plot-1-h77701/","1","5","5"
"Darwin Green","Oakington · Plot 10","3","599995","https://www.barratthomes.co.uk/new-homes/dev002089-darwin-green/plot-10-h776810/","10","9","9"
"Darwin Green","Avenue Apartments · Plot 2","2","324995","https://www.barratthomes.co.uk/new-homes/dev002089-darwin-green/plot-2-h77702/","2","4","4"
"Darwin Green","Avenue Apartments · Plot 14","2","359995","https://www.barratthomes.co.uk/new-homes/dev002089-darwin-green/plot-14-h777014/","14","4","4"
"Darwin Green","Avenue Apartments · Plot 3","3","424995","https://www.barratthomes.co.uk/new-homes/dev002089-darwin-green/plot-3-h77703/","3","10","10"
"Darwin Green","Burwell · Plot 34","2","462995","https://www.barratthomes.co.uk/new-homes/dev002089-darwin-green/plot-34-h776834/","34","6","6"
"Darwin Green","Haversham · Plot 210","3","559995","https://www.barratthomes.co.uk/new-homes/dev002089-darwin-green/plot-210-h7768210/","210","8","8"
"Darwin Green","Histon · Plot 33","3","579995","https://www.barratthomes.co.uk/new-homes/dev002089-darwin-green/plot-33-h776833/","33","5","5"
"Darwin Green","Haversham · Plot 154","3","589995","https://www.barratthomes.co.uk/new-homes/dev002089-darwin-green/plot-154-h7768154/","154","8","8"
"Darwin Green","Oakington · Plot 103","3","609995","https://www.barratthomes.co.uk/new-homes/dev002089-darwin-green/plot-103-h7768103/","103","7","7"
"Darwin Green","Williamsburg · Plot 163","4","619995","https://www.barratthomes.co.uk/new-homes/dev002089-darwin-green/plot-163-h7770163/","163","5","5"
"Darwin Green","Williamsburg · Plot 165","4","644995","https://www.barratthomes.co.uk/new-homes/dev002089-darwin-green/plot-165-h7770165/","165","6","6"
"Darwin Green","Fitzwilliam · Plot 71","2","","https://www.barratthomes.co.uk/new-homes/dev002089-darwin-green/plot-71-h776671/","71","8","8"
"Osprey Heights","Abergeldie · Plot 141","3","239995","https://www.barratthomes.co.uk/new-homes/dev000667-osprey-heights/plot-141-h7149141/","141","8","8"
"Osprey Heights","Craigend · Plot 146","3","259995","https://www.barratthomes.co.uk/new-homes/dev000667-osprey-heights/plot-146-h7149146/","146","10","10"
"Osprey Heights","Fenton · Plot 188","4","289995","https://www.barratthomes.co.uk/new-homes/dev000667-osprey-heights/plot-188-h7149188/","188","10","10"
"Osprey Heights","Glamis · Plot 192","4","299995","https://www.barratthomes.co.uk/new-homes/dev000667-osprey-heights/plot-192-h7149192/","192","10","10"
"Osprey Heights","Glamis · Plot 647","4","305995","https://www.barratthomes.co.uk/new-homes/dev000667-osprey-heights/plot-647-h7149647/","647","10","10"
"Osprey Heights","Kinloch · Plot 244","4","314995","https://www.barratthomes.co.uk/new-homes/dev000667-osprey-heights/plot-244-h7149244/","244","10","10"
"Osprey Heights","Dean · Plot 187","4","314995","https://www.barratthomes.co.uk/new-homes/dev000667-osprey-heights/plot-187-h7149187/","187","9","9"
"Osprey Heights","Fenton · Plot 161","4","","https://www.barratthomes.co.uk/new-homes/dev000667-osprey-heights/plot-161-h7149161/","161","10","10"
"Silkin Meadows","Kew · Plot 34","2","250000","https://www.barratthomes.co.uk/new-homes/dev-002649-silkin-meadows/plot-34-h889334/","34","6","6"
"Silkin Meadows","Mewstone · Plot 65","3","310000","https://www.barratthomes.co.uk/new-homes/dev-002649-silkin-meadows/plot-65-h889365/","65","9","9"
"Silkin Meadows","Knightwood · Plot 9","3","329995","https://www.barratthomes.co.uk/new-homes/dev-002649-silkin-meadows/plot-9-h88939/","9","8","8"
"Silkin Meadows","Martham · Plot 62","3","350000","https://www.barratthomes.co.uk/new-homes/dev-002649-silkin-meadows/plot-62-h889362/","62","8","8"
"Silkin Meadows","Kennisham · Plot 16","4","364995","https://www.barratthomes.co.uk/new-homes/dev-002649-silkin-meadows/plot-16-h889316/","16","10","10"
"Silkin Meadows","Kennisham · Plot 63","4","369995","https://www.barratthomes.co.uk/new-homes/dev-002649-silkin-meadows/plot-63-h889363/","63","9","9"
"Silkin Meadows","Rowan · Plot 8","4","445995","https://www.barratthomes.co.uk/new-homes/dev-002649-silkin-meadows/plot-8-h88938/","8","7","7"
"Silkin Meadows","Radstock · Plot 64","4","464995","https://www.barratthomes.co.uk/new-homes/dev-002649-silkin-meadows/plot-64-h889364/","64","10","10"
"Silkin Meadows","Radstock · Plot 15","4","479995","https://www.barratthomes.co.uk/new-homes/dev-002649-silkin-meadows/plot-15-h889315/","15","10","10"
"Silkin Meadows","Martham · Plot 1","3","","https://www.barratthomes.co.uk/new-homes/dev-002649-silkin-meadows/plot-1-h88931/","1","10","10"
"Silkin Meadows","Knightwood · Plot 2","3","","https://www.barratthomes.co.uk/new-homes/dev-002649-silkin-meadows/plot-2-h88932/","2","10","10"
"Castle Reach","Kenley · Plot 76","2","252995","https://www.barratthomes.co.uk/new-homes/dev002986-castle-reach/plot-76-h930876/","76","8","8"
"Castle Reach","Maidstone · Plot 13","3","279995","https://www.barratthomes.co.uk/new-homes/dev002986-castle-reach/plot-13-h930813/","13","9","9"
"Castle Reach","Buchanan · Plot 5","3","304995","https://www.barratthomes.co.uk/new-homes/dev002986-castle-reach/plot-5-h93085/","5","9","9"
"Castle Reach","Cedar · Plot 82","3","339995","https://www.barratthomes.co.uk/new-homes/dev002986-castle-reach/plot-82-h930882/","82","9","9"
"Castle Reach","Kingford · Plot 4","3","340995","https://www.barratthomes.co.uk/new-homes/dev002986-castle-reach/plot-4-h93084/","4","9","9"
"Castle Reach","Cedar · Plot 74","3","354995","https://www.barratthomes.co.uk/new-homes/dev002986-castle-reach/plot-74-h930874/","74","9","9"
"Castle Reach","Kingford · Plot 73","3","357995","https://www.barratthomes.co.uk/new-homes/dev002986-castle-reach/plot-73-h930873/","73","8","8"
"Castle Reach","ALDERNEY · Plot 78","4","409995","https://www.barratthomes.co.uk/new-homes/dev002986-castle-reach/plot-78-h930878/","78","10","10"
"Castle Reach","Radleigh · Plot 6","4","436995","https://www.barratthomes.co.uk/new-homes/dev002986-castle-reach/plot-6-h93086/","6","10","10"
"Castle Reach","Radleigh · Plot 79","4","458995","https://www.barratthomes.co.uk/new-homes/dev002986-castle-reach/plot-79-h930879/","79","10","10"
"Castle Reach","Maidstone · Plot 2","3","","https://www.barratthomes.co.uk/new-homes/dev002986-castle-reach/plot-2-h93082/","2","10","10"
"Castle Reach","Radleigh · Plot 1","4","","https://www.barratthomes.co.uk/new-homes/dev002986-castle-reach/plot-1-h93081/","1","10","10"
"Wigmore Park","Ellerton · Plot 218","3","195000","https://www.barratthomes.co.uk/new-homes/dev001811-wigmore-park/plot-218-h8070218/","218","7","7"
"Wigmore Park","Maidstone · Plot 208","3","197000","https://www.barratthomes.co.uk/new-homes/dev001811-wigmore-park/plot-208-h8070208/","208","7","7"
"Wigmore Park","Maidstone · Plot 207","3","200000","https://www.barratthomes.co.uk/new-homes/dev001811-wigmore-park/plot-207-h8070207/","207","7","7"
"Wigmore Park","Ellerton · Plot 217","3","200000","https://www.barratthomes.co.uk/new-homes/dev001811-wigmore-park/plot-217-h8070217/","217","7","7"
"Wigmore Park","Maidstone · Plot 213","3","210000","https://www.barratthomes.co.uk/new-homes/dev001811-wigmore-park/plot-213-h8070213/","213","7","7"
"Wigmore Park","Moresby · Plot 157","3","210000","https://www.barratthomes.co.uk/new-homes/dev001811-wigmore-park/plot-157-h8070157/","157","7","7"
"Wigmore Park","Moresby · Plot 220","3","235000","https://www.barratthomes.co.uk/new-homes/dev001811-wigmore-park/plot-220-h8070220/","220","8","8"
"Wigmore Park","Windermere · Plot 215","4","267000","https://www.barratthomes.co.uk/new-homes/dev001811-wigmore-park/plot-215-h8070215/","215","9","9"
"Wigmore Park","Windermere · Plot 206","4","267000","https://www.barratthomes.co.uk/new-homes/dev001811-wigmore-park/plot-206-h8070206/","206","9","9"
"Wigmore Park","Ripon · Plot 205","4","275000","https://www.barratthomes.co.uk/new-homes/dev001811-wigmore-park/plot-205-h8070205/","205","10","10"
"Wigmore Park","Windermere · Plot 225","4","280000","https://www.barratthomes.co.uk/new-homes/dev001811-wigmore-park/plot-225-h8070225/","225","7","7"
"Wigmore Park","Ripon · Plot 222","4","295000","https://www.barratthomes.co.uk/new-homes/dev001811-wigmore-park/plot-222-h8070222/","222","9","9"
"Wigmore Park","Ripon · Plot 221","4","295000","https://www.barratthomes.co.uk/new-homes/dev001811-wigmore-park/plot-221-h8070221/","221","8","8"
"Wigmore Park","Radleigh · Plot 224","4","330000","https://www.barratthomes.co.uk/new-homes/dev001811-wigmore-park/plot-224-h8070224/","224","9","9"
"Wigmore Park","Radleigh · Plot 223","4","330000","https://www.barratthomes.co.uk/new-homes/dev001811-wigmore-park/plot-223-h8070223/","223","10","10"
"Wigmore Park","Radleigh · Plot 226","4","345000","https://www.barratthomes.co.uk/new-homes/dev001811-wigmore-park/plot-226-h8070226/","226","10","10"
"Wigmore Park","Moresby · Plot 3","3","","https://www.barratthomes.co.uk/new-homes/dev001811-wigmore-park/plot-3-h80703/","3","8","8"
"Wigmore Park","Windermere · Plot 2","4","","https://www.barratthomes.co.uk/new-homes/dev001811-wigmore-park/plot-2-h80702/","2","10","10"
"Wigmore Park","Alderney · Plot 1","4","","https://www.barratthomes.co.uk/new-homes/dev001811-wigmore-park/plot-1-h80701/","1","10","10"
"Chaulden Meadows","Ambersham · Plot 50","2","320000","https://www.barratthomes.co.uk/new-homes/dev003049-chaulden-meadows/plot-50-h934050/","50","6","6"
"Chaulden Meadows","Ambersham · Plot 58","2","325000","https://www.barratthomes.co.uk/new-homes/dev003049-chaulden-meadows/plot-58-h934058/","58","5","5"
"Chaulden Meadows","Maldon · Plot 49","2","345000","https://www.barratthomes.co.uk/new-homes/dev003049-chaulden-meadows/plot-49-h934049/","49","6","6"
"Chaulden Meadows","Maldon · Plot 59","2","360000","https://www.barratthomes.co.uk/new-homes/dev003049-chaulden-meadows/plot-59-h934059/","59","6","6"
"Chaulden Meadows","Hesketh · Plot 16","4","","https://www.barratthomes.co.uk/new-homes/dev003049-chaulden-meadows/plot-16-h934016/","16","10","10"
"Chaulden Meadows","Radleigh · Plot 17","4","","https://www.barratthomes.co.uk/new-homes/dev003049-chaulden-meadows/plot-17-h934017/","17","10","10"
"Barratt Homes at Bourne","Kenley · Plot 384","2","222500","https://www.barratthomes.co.uk/new-homes/dev002554-barratt-homes-at-bourne/plot-384-h8065384/","384","9","9"
"Barratt Homes at Bourne","Moresby · Plot 382","3","275995","https://www.barratthomes.co.uk/new-homes/dev002554-barratt-homes-at-bourne/plot-382-h8065382/","382","9","9"
"Barratt Homes at Bourne","Denby · Plot 86","3","309995","https://www.barratthomes.co.uk/new-homes/dev002554-barratt-homes-at-bourne/plot-86-h806586/","86","7","7"
"Barratt Homes at Bourne","Denford · Plot 57","2","213000","https://www.barratthomes.co.uk/new-homes/dev002554-barratt-homes-at-bourne/plot-57-h806557/","57","8","8"
"Barratt Homes at Bourne","Kenley · Plot 52","2","220000","https://www.barratthomes.co.uk/new-homes/dev002554-barratt-homes-at-bourne/plot-52-h806552/","52","9","9"
"Barratt Homes at Bourne","Ellerton · Plot 82","3","256535","https://www.barratthomes.co.uk/new-homes/dev002554-barratt-homes-at-bourne/plot-82-h806582/","82","8","8"
"Barratt Homes at Bourne","Ellerton · Plot 79","3","256535","https://www.barratthomes.co.uk/new-homes/dev002554-barratt-homes-at-bourne/plot-79-h806579/","79","10","10"
"Barratt Homes at Bourne","Maidstone · Plot 2","3","275995","https://www.barratthomes.co.uk/new-homes/dev002554-barratt-homes-at-bourne/plot-2-h80652/","2","9","9"
"Barratt Homes at Bourne","Moresby · Plot 77","3","281255","https://www.barratthomes.co.uk/new-homes/dev002554-barratt-homes-at-bourne/plot-77-h806577/","77","9","9"
"Barratt Homes at Bourne","Alderney · Plot 1","4","397500","https://www.barratthomes.co.uk/new-homes/dev002554-barratt-homes-at-bourne/plot-1-h80651/","1","10","10"
"Penning Fold","Maidstone · Plot 113","3","285000","https://www.barratthomes.co.uk/new-homes/dev-001146-penning-fold/plot-113-h8275113/","113","10","10"
"Penning Fold","Maidstone · Plot 116","3","295000","https://www.barratthomes.co.uk/new-homes/dev-001146-penning-fold/plot-116-h8275116/","116","10","10"
"Penning Fold","Ellerton · Plot 119","3","295000","https://www.barratthomes.co.uk/new-homes/dev-001146-penning-fold/plot-119-h8275119/","119","10","10"
"Penning Fold","Ellerton · Plot 120","3","300000","https://www.barratthomes.co.uk/new-homes/dev-001146-penning-fold/plot-120-h8275120/","120","10","10"
"Penning Fold","Maidstone · Plot 117","3","300000","https://www.barratthomes.co.uk/new-homes/dev-001146-penning-fold/plot-117-h8275117/","117","10","10"
"Penning Fold","Kingsville · Plot 311","4","350000","https://www.barratthomes.co.uk/new-homes/dev-001146-penning-fold/plot-311-h8275311/","311","10","10"
"Penning Fold","Denby · Plot 118","3","365000","https://www.barratthomes.co.uk/new-homes/dev-001146-penning-fold/plot-118-h8275118/","118","10","10"
"Penning Fold","Denby · Plot 115","3","365000","https://www.barratthomes.co.uk/new-homes/dev-001146-penning-fold/plot-115-h8275115/","115","10","10"
"Penning Fold","Woodcote · Plot 314","4","374000","https://www.barratthomes.co.uk/new-homes/dev-001146-penning-fold/plot-314-h8275314/","314","9","9"
"Penning Fold","Brentford · Plot 310","3","380000","https://www.barratthomes.co.uk/new-homes/dev-001146-penning-fold/plot-310-h8275310/","310","10","10"
"Penning Fold","Brentford · Plot 318","3","380000","https://www.barratthomes.co.uk/new-homes/dev-001146-penning-fold/plot-318-h8275318/","318","10","10"
"Penning Fold","Woodcote · Plot 320","4","382000","https://www.barratthomes.co.uk/new-homes/dev-001146-penning-fold/plot-320-h8275320/","320","10","10"
"Penning Fold","Woodcote · Plot 319","4","385000","https://www.barratthomes.co.uk/new-homes/dev-001146-penning-fold/plot-319-h8275319/","319","10","10"
"Penning Fold","Windermere · Plot 188","4","","https://www.barratthomes.co.uk/new-homes/dev-001146-penning-fold/plot-188-h8275188/","188","10","10"
"Scarlet View","Kenley · Plot 213","2","226995","https://www.barratthomes.co.uk/new-homes/dev-002601-scarlet-view/plot-213-h7845213/","213","9","9"
"Scarlet View","Kenley · Plot 214","2","226995","https://www.barratthomes.co.uk/new-homes/dev-002601-scarlet-view/plot-214-h7845214/","214","9","9"
"Scarlet View","Ellerton · Plot 207","3","275995","https://www.barratthomes.co.uk/new-homes/dev-002601-scarlet-view/plot-207-h7845207/","207","10","10"
"Scarlet View","Maidstone · Plot 173","3","281995","https://www.barratthomes.co.uk/new-homes/dev-002601-scarlet-view/plot-173-h7845173/","173","9","9"
"Scarlet View","Maidstone · Plot 172","3","281995","https://www.barratthomes.co.uk/new-homes/dev-002601-scarlet-view/plot-172-h7845172/","172","9","9"
"Scarlet View","Ennerdale · Plot 184","3","299995","https://www.barratthomes.co.uk/new-homes/dev-002601-scarlet-view/plot-184-h7845184/","184","9","9"
"Scarlet View","Ennerdale · Plot 217","3","302995","https://www.barratthomes.co.uk/new-homes/dev-002601-scarlet-view/plot-217-h7845217/","217","9","9"
"Scarlet View","Kingsville · Plot 183","3","307995","https://www.barratthomes.co.uk/new-homes/dev-002601-scarlet-view/plot-183-h7845183/","183","10","10"
"Scarlet View","Kingsville · Plot 182","3","309995","https://www.barratthomes.co.uk/new-homes/dev-002601-scarlet-view/plot-182-h7845182/","182","10","10"
"Scarlet View","Bewdley · Plot 209","3","348995","https://www.barratthomes.co.uk/new-homes/dev-002601-scarlet-view/plot-209-h7845209/","209","9","9"
"Scarlet View","Kennford · Plot 215","4","380995","https://www.barratthomes.co.uk/new-homes/dev-002601-scarlet-view/plot-215-h7845215/","215","9","9"
"Scarlet View","Kennford · Plot 216","4","380995","https://www.barratthomes.co.uk/new-homes/dev-002601-scarlet-view/plot-216-h7845216/","216","9","9"
"Scarlet View","Hale · Plot 204","4","423995","https://www.barratthomes.co.uk/new-homes/dev-002601-scarlet-view/plot-204-h7845204/","204","10","10"
"Scarlet View","Ennerdale · Plot 1","3","","https://www.barratthomes.co.uk/new-homes/dev-002601-scarlet-view/plot-1-h78451/","1","9","9"
"Scarlet View","Kingsville · Plot 3","3","","https://www.barratthomes.co.uk/new-homes/dev-002601-scarlet-view/plot-3-h78453/","3","10","10"
"Barratt Homes at Richmond Park","Norbury · Plot 317","3","364995","https://www.barratthomes.co.uk/new-homes/dev002468-barratt-homes-at-richmond-park/plot-317-ha061317/","317","9","9"
"Barratt Homes at Richmond Park","Milfield · Plot 328","4","459995","https://www.barratthomes.co.uk/new-homes/dev002468-barratt-homes-at-richmond-park/plot-328-ha061328/","328","8","8"
"Barratt Homes at Richmond Park","TAMERTON · Plot 342","4","474995","https://www.barratthomes.co.uk/new-homes/dev002468-barratt-homes-at-richmond-park/plot-342-ha061342/","342","10","10"
"Barratt Homes at Richmond Park","Chester · Plot 344","4","","https://www.barratthomes.co.uk/new-homes/dev002468-barratt-homes-at-richmond-park/plot-344-ha061344/","344","10","10"
"Barratt Homes at Richmond Park","Moresby · Plot 1","3","","https://www.barratthomes.co.uk/new-homes/dev002468-barratt-homes-at-richmond-park/plot-1-h82701/","1","10","10"
"Barratt Homes at Richmond Park","Maidstone · Plot 2","3","","https://www.barratthomes.co.uk/new-homes/dev002468-barratt-homes-at-richmond-park/plot-2-h82702/","2","8","8"
"Auchinleck Village","Glamis · Plot 136","4","339995","https://www.barratthomes.co.uk/new-homes/dev002673-auchinleck-village/plot-136-h8570136/","136","10","10"
"Auchinleck Village","Fenton · Plot 202","4","362995","https://www.barratthomes.co.uk/new-homes/dev002673-auchinleck-village/plot-202-h8570202/","202","10","10"
"Auchinleck Village","Kinloch · Plot 137","4","373995","https://www.barratthomes.co.uk/new-homes/dev002673-auchinleck-village/plot-137-h8570137/","137","10","10"
"Auchinleck Village","Balloch · Plot 120","4","411995","https://www.barratthomes.co.uk/new-homes/dev002673-auchinleck-village/plot-120-h8570120/","120","10","10"
"Auchinleck Village","Crombie · Plot 138","4","414995","https://www.barratthomes.co.uk/new-homes/dev002673-auchinleck-village/plot-138-h8570138/","138","10","10"
"Auchinleck Village","Balloch · Plot 129","4","414995","https://www.barratthomes.co.uk/new-homes/dev002673-auchinleck-village/plot-129-h8570129/","129","10","10"
"Auchinleck Village","Kinloch · Plot 228","4","","https://www.barratthomes.co.uk/new-homes/dev002673-auchinleck-village/plot-228-h8819228/","228","8","8"
"Auchinleck Village","Dean · Plot 229","4","","https://www.barratthomes.co.uk/new-homes/dev002673-auchinleck-village/plot-229-h8819229/","229","10","10"
"New Lubbesthorpe","Marlowe · Plot 387","5","599995","https://www.barratthomes.co.uk/new-homes/dev002954-new-lubbesthorpe/plot-387-h9344387/","387","10","10"
"New Lubbesthorpe","Bedale · Plot 399","2","259995","https://www.barratthomes.co.uk/new-homes/dev002954-new-lubbesthorpe/plot-399-h9344399/","399","6","6"
"New Lubbesthorpe","Denford · Plot 398","2","259995","https://www.barratthomes.co.uk/new-homes/dev002954-new-lubbesthorpe/plot-398-h9344398/","398","7","7"
"New Lubbesthorpe","Denford · Plot 397","2","259995","https://www.barratthomes.co.uk/new-homes/dev002954-new-lubbesthorpe/plot-397-h9344397/","397","7","7"
"New Lubbesthorpe","Ellerton · Plot 392","3","314995","https://www.barratthomes.co.uk/new-homes/dev002954-new-lubbesthorpe/plot-392-h9344392/","392","8","8"
"New Lubbesthorpe","Kingsville · Plot 424","3","344995","https://www.barratthomes.co.uk/new-homes/dev002954-new-lubbesthorpe/plot-424-h9344424/","424","9","9"
"New Lubbesthorpe","Kingsville · Plot 425","3","349995","https://www.barratthomes.co.uk/new-homes/dev002954-new-lubbesthorpe/plot-425-h9344425/","425","9","9"
"New Lubbesthorpe","Kingsville · Plot 393","3","359995","https://www.barratthomes.co.uk/new-homes/dev002954-new-lubbesthorpe/plot-393-h9344393/","393","9","9"
"New Lubbesthorpe","Queensbury · Plot 395","3","414995","https://www.barratthomes.co.uk/new-homes/dev002954-new-lubbesthorpe/plot-395-h9344395/","395","9","9"
"New Lubbesthorpe","Queensbury · Plot 396","3","414995","https://www.barratthomes.co.uk/new-homes/dev002954-new-lubbesthorpe/plot-396-h9344396/","396","9","9"
"New Lubbesthorpe","Radleigh · Plot 384","4","499995","https://www.barratthomes.co.uk/new-homes/dev002954-new-lubbesthorpe/plot-384-h9344384/","384","9","9"
"New Lubbesthorpe","Fallow · Plot 382","5","564995","https://www.barratthomes.co.uk/new-homes/dev002954-new-lubbesthorpe/plot-382-h9344382/","382","9","9"
"New Lubbesthorpe","Marlowe · Plot 328","5","","https://www.barratthomes.co.uk/new-homes/dev002954-new-lubbesthorpe/plot-328-h9344328/","328","10","10"
"Waterside","Palmerston · Plot 209","3","281000","https://www.barratthomes.co.uk/new-homes/dev000740-waterside/plot-209-h6836209/","209","9","9"
"Waterside","Ellerton · Plot 218","3","297000","https://www.barratthomes.co.uk/new-homes/dev000740-waterside/plot-218-h6836218/","218","10","10"
"Waterside","Ellerton · Plot 146","3","299000","https://www.barratthomes.co.uk/new-homes/dev000740-waterside/plot-146-h6836146/","146","10","10"
"Waterside","Maidstone · Plot 216","3","302000","https://www.barratthomes.co.uk/new-homes/dev000740-waterside/plot-216-h6836216/","216","9","9"
"Waterside","Maidstone · Plot 217","3","302000","https://www.barratthomes.co.uk/new-homes/dev000740-waterside/plot-217-h6836217/","217","9","9"
"Waterside","Ellerton · Plot 156","3","303000","https://www.barratthomes.co.uk/new-homes/dev000740-waterside/plot-156-h6836156/","156","10","10"
"Waterside","Ellerton · Plot 152","3","306000","https://www.barratthomes.co.uk/new-homes/dev000740-waterside/plot-152-h6836152/","152","10","10"
"Waterside","Moresby · Plot 213","3","309000","https://www.barratthomes.co.uk/new-homes/dev000740-waterside/plot-213-h6836213/","213","9","9"
"Waterside","Moresby · Plot 151","3","315000","https://www.barratthomes.co.uk/new-homes/dev000740-waterside/plot-151-h6836151/","151","7","7"
"Waterside","STAMBOURNE · Plot 147","3","316000","https://www.barratthomes.co.uk/new-homes/dev000740-waterside/plot-147-h6836147/","147","10","10"
"Waterside","Norbury · Plot 150","3","316000","https://www.barratthomes.co.uk/new-homes/dev000740-waterside/plot-150-h6836150/","150","10","10"
"Waterside","STAMBOURNE · Plot 148","3","320000","https://www.barratthomes.co.uk/new-homes/dev000740-waterside/plot-148-h6836148/","148","9","9"
"Waterside","Buchanan · Plot 154","3","346000","https://www.barratthomes.co.uk/new-homes/dev000740-waterside/plot-154-h6836154/","154","9","9"
"Waterside","Lutterworth · Plot 155","3","356000","https://www.barratthomes.co.uk/new-homes/dev000740-waterside/plot-155-h6836155/","155","8","8"
"Waterside","Lutterworth · Plot 153","3","369000","https://www.barratthomes.co.uk/new-homes/dev000740-waterside/plot-153-h6836153/","153","8","8"
"Waterside","Alderney · Plot 206","4","436000","https://www.barratthomes.co.uk/new-homes/dev000740-waterside/plot-206-h6836206/","206","10","10"
"Waterside","Maidstone · Plot 44","3","","https://www.barratthomes.co.uk/new-homes/dev000740-waterside/plot-44-h683644/","44","9","9"
"Waterside","Norbury · Plot 43","3","","https://www.barratthomes.co.uk/new-homes/dev000740-waterside/plot-43-h683643/","43","10","10"
"The Meadows","Ellerton · Plot 116","3","256995","https://www.barratthomes.co.uk/new-homes/dev-002652-the-meadows/plot-116-h8810116/","116","8","8"
"The Meadows","Maidstone · Plot 67","3","256995","https://www.barratthomes.co.uk/new-homes/dev-002652-the-meadows/plot-67-h881067/","67","8","8"
"The Meadows","Moresby · Plot 115","3","269995","https://www.barratthomes.co.uk/new-homes/dev-002652-the-meadows/plot-115-h8810115/","115","7","7"
"The Meadows","Moresby · Plot 114","3","274995","https://www.barratthomes.co.uk/new-homes/dev-002652-the-meadows/plot-114-h8810114/","114","8","8"
"The Meadows","Collaton · Plot 120","3","274995","https://www.barratthomes.co.uk/new-homes/dev-002652-the-meadows/plot-120-h8810120/","120","7","7"
"The Meadows","Collaton · Plot 109","3","279995","https://www.barratthomes.co.uk/new-homes/dev-002652-the-meadows/plot-109-h8810109/","109","7","7"
"The Meadows","Collaton · Plot 119","3","279995","https://www.barratthomes.co.uk/new-homes/dev-002652-the-meadows/plot-119-h8810119/","119","7","7"
"The Meadows","Lutterworth · Plot 105","3","309995","https://www.barratthomes.co.uk/new-homes/dev-002652-the-meadows/plot-105-h8810105/","105","8","8"
"The Meadows","Lutterworth · Plot 66","3","314995","https://www.barratthomes.co.uk/new-homes/dev-002652-the-meadows/plot-66-h881066/","66","8","8"
"The Meadows","Kingsley · Plot 118","4","324995","https://www.barratthomes.co.uk/new-homes/dev-002652-the-meadows/plot-118-h8810118/","118","8","8"
"The Meadows","Kestral · Plot 103","4","384995","https://www.barratthomes.co.uk/new-homes/dev-002652-the-meadows/plot-103-h8810103/","103","10","10"
"The Meadows","Kestral · Plot 123","4","394995","https://www.barratthomes.co.uk/new-homes/dev-002652-the-meadows/plot-123-h8810123/","123","10","10"
"The Meadows","Radleigh · Plot 111","4","404995","https://www.barratthomes.co.uk/new-homes/dev-002652-the-meadows/plot-111-h8810111/","111","10","10"
"The Meadows","Bittern · Plot 124","4","433995","https://www.barratthomes.co.uk/new-homes/dev-002652-the-meadows/plot-124-h8810124/","124","10","10"
"The Meadows","Bittern · Plot 108","4","434995","https://www.barratthomes.co.uk/new-homes/dev-002652-the-meadows/plot-108-h8810108/","108","9","9"
"The Meadows","Bittern · Plot 106","4","434995","https://www.barratthomes.co.uk/new-homes/dev-002652-the-meadows/plot-106-h8810106/","106","10","10"
"The Meadows","Bittern · Plot 117","4","444995","https://www.barratthomes.co.uk/new-homes/dev-002652-the-meadows/plot-117-h8810117/","117","10","10"
"The Meadows","Brimstone · Plot 110","5","509995","https://www.barratthomes.co.uk/new-homes/dev-002652-the-meadows/plot-110-h8810110/","110","10","10"
"The Meadows","Brimstone · Plot 121","5","514995","https://www.barratthomes.co.uk/new-homes/dev-002652-the-meadows/plot-121-h8810121/","121","10","10"
"The Meadows","MORESBY · Plot 1","3","","https://www.barratthomes.co.uk/new-homes/dev-002652-the-meadows/plot-1-h88101/","1","8","8"
"The Meadows","MAIDSTONE · Plot 2","3","","https://www.barratthomes.co.uk/new-homes/dev-002652-the-meadows/plot-2-h88102/","2","8","8"
"The Meadows","KESTREL · Plot 3","4","","https://www.barratthomes.co.uk/new-homes/dev-002652-the-meadows/plot-3-h88103/","3","10","10"
"King's Gallop","Cupar · Plot 183","3","237995","https://www.barratthomes.co.uk/new-homes/dev-001167-king's-gallop/plot-183-h8496183/","183","10","10"
"King's Gallop","Abergeldie · Plot 214","3","264995","https://www.barratthomes.co.uk/new-homes/dev-001167-king's-gallop/plot-214-h8496214/","214","10","10"
"King's Gallop","Craigend · Plot 181","3","269995","https://www.barratthomes.co.uk/new-homes/dev-001167-king's-gallop/plot-181-h8496181/","181","10","10"
"King's Gallop","Craigend · Plot 216","3","274995","https://www.barratthomes.co.uk/new-homes/dev-001167-king's-gallop/plot-216-h8496216/","216","10","10"
"King's Gallop","Mey · Plot 218","4","329995","https://www.barratthomes.co.uk/new-homes/dev-001167-king's-gallop/plot-218-h8496218/","218","9","9"
"King's Gallop","Fenton · Plot 179","4","329995","https://www.barratthomes.co.uk/new-homes/dev-001167-king's-gallop/plot-179-h8496179/","179","10","10"
"King's Gallop","Campbell · Plot 175","4","339995","https://www.barratthomes.co.uk/new-homes/dev-001167-king's-gallop/plot-175-h8496175/","175","9","9"
"King's Gallop","Dean · Plot 176","4","359995","https://www.barratthomes.co.uk/new-homes/dev-001167-king's-gallop/plot-176-h8496176/","176","10","10"
"King's Gallop","Fenton · Plot 74","4","","https://www.barratthomes.co.uk/new-homes/dev-001167-king's-gallop/plot-74-h849674/","74","10","10"
"King's Gallop","Glamis · Plot 75","4","","https://www.barratthomes.co.uk/new-homes/dev-001167-king's-gallop/plot-75-h849675/","75","10","10"
"Lancaster Gardens","Ellerton · Plot 320","3","210000","https://www.barratthomes.co.uk/new-homes/dev-002648-lancaster-gardens/plot-320-h8756320/","320","7","7"
"Lancaster Gardens","Kingsley · Plot 433","4","300000","https://www.barratthomes.co.uk/new-homes/dev-002648-lancaster-gardens/plot-433-h8756433/","433","9","9"
"Lancaster Gardens","Ellerton · Plot 468","3","215000","https://www.barratthomes.co.uk/new-homes/dev-002648-lancaster-gardens/plot-468-h8756468/","468","8","8"
"Lancaster Gardens","Moresby · Plot 420","3","245000","https://www.barratthomes.co.uk/new-homes/dev-002648-lancaster-gardens/plot-420-h8756420/","420","7","7"
"Lancaster Gardens","Moresby · Plot 493","3","250000","https://www.barratthomes.co.uk/new-homes/dev-002648-lancaster-gardens/plot-493-h8756493/","493","8","8"
"Lancaster Gardens","Moresby · Plot 496","3","250000","https://www.barratthomes.co.uk/new-homes/dev-002648-lancaster-gardens/plot-496-h8756496/","496","7","7"
"Lancaster Gardens","Denby · Plot 498","3","265000","https://www.barratthomes.co.uk/new-homes/dev-002648-lancaster-gardens/plot-498-h8756498/","498","8","8"
"Lancaster Gardens","Denby · Plot 509","3","267000","https://www.barratthomes.co.uk/new-homes/dev-002648-lancaster-gardens/plot-509-h8756509/","509","9","9"
"Lancaster Gardens","Denby · Plot 513","3","267000","https://www.barratthomes.co.uk/new-homes/dev-002648-lancaster-gardens/plot-513-h8756513/","513","8","8"
"Lancaster Gardens","Windermere · Plot 464","4","285000","https://www.barratthomes.co.uk/new-homes/dev-002648-lancaster-gardens/plot-464-h8756464/","464","10","10"
"Lancaster Gardens","Windermere · Plot 322","4","285000","https://www.barratthomes.co.uk/new-homes/dev-002648-lancaster-gardens/plot-322-h8756322/","322","7","7"
"Lancaster Gardens","Windermere · Plot 510","4","290000","https://www.barratthomes.co.uk/new-homes/dev-002648-lancaster-gardens/plot-510-h8756510/","510","9","9"
"Lancaster Gardens","Ripon · Plot 437","4","295000","https://www.barratthomes.co.uk/new-homes/dev-002648-lancaster-gardens/plot-437-h8756437/","437","8","8"
"Lancaster Gardens","Ripon · Plot 323","4","295000","https://www.barratthomes.co.uk/new-homes/dev-002648-lancaster-gardens/plot-323-h8756323/","323","9","9"
"Lancaster Gardens","Ripon · Plot 324","4","295000","https://www.barratthomes.co.uk/new-homes/dev-002648-lancaster-gardens/plot-324-h8756324/","324","9","9"
"Lancaster Gardens","Kingsley · Plot 512","4","305000","https://www.barratthomes.co.uk/new-homes/dev-002648-lancaster-gardens/plot-512-h8756512/","512","8","8"
"Wichel Fields @ Wichelstowe","The Alder · Plot 87","1","168995","https://www.barratthomes.co.uk/new-homes/dev000220-wichel-fields-@-wichelstowe/plot-87-h874587/","87","4","4"
"Wichel Fields @ Wichelstowe","The Alder · Plot 90","1","171995","https://www.barratthomes.co.uk/new-homes/dev000220-wichel-fields-@-wichelstowe/plot-90-h874590/","90","4","4"
"Wichel Fields @ Wichelstowe","The Alder · Plot 101","1","183995","https://www.barratthomes.co.uk/new-homes/dev000220-wichel-fields-@-wichelstowe/plot-101-h8745101/","101","4","4"
"Wichel Fields @ Wichelstowe","The Birch · Plot 88","2","224995","https://www.barratthomes.co.uk/new-homes/dev000220-wichel-fields-@-wichelstowe/plot-88-h874588/","88","6","6"
"Wichel Fields @ Wichelstowe","The Cedar · Plot 89","2","229995","https://www.barratthomes.co.uk/new-homes/dev000220-wichel-fields-@-wichelstowe/plot-89-h874589/","89","6","6"
"Wichel Fields @ Wichelstowe","The Cedar · Plot 105","2","237995","https://www.barratthomes.co.uk/new-homes/dev000220-wichel-fields-@-wichelstowe/plot-105-h8745105/","105","6","6"
"Wichel Fields @ Wichelstowe","The Cedar · Plot 108","2","244995","https://www.barratthomes.co.uk/new-homes/dev000220-wichel-fields-@-wichelstowe/plot-108-h8745108/","108","6","6"
"Wichel Fields @ Wichelstowe","The Holly · Plot 84","4","408995","https://www.barratthomes.co.uk/new-homes/dev000220-wichel-fields-@-wichelstowe/plot-84-h874584/","84","8","8"
"Wichel Fields @ Wichelstowe","The Holly · Plot 119","4","418995","https://www.barratthomes.co.uk/new-homes/dev000220-wichel-fields-@-wichelstowe/plot-119-h8745119/","119","9","9"
"Wichel Fields @ Wichelstowe","The Oak · Plot 115","4","459995","https://www.barratthomes.co.uk/new-homes/dev000220-wichel-fields-@-wichelstowe/plot-115-h8745115/","115","6","6"
"Wichel Fields @ Wichelstowe","The Oak · Plot 86","4","464995","https://www.barratthomes.co.uk/new-homes/dev000220-wichel-fields-@-wichelstowe/plot-86-h874586/","86","6","6"
"Wichel Fields @ Wichelstowe","The Mulberry · Plot 22","3","","https://www.barratthomes.co.uk/new-homes/dev000220-wichel-fields-@-wichelstowe/plot-22-h837522/","22","8","8"
"Wichel Fields @ Wichelstowe","The Holly · Plot 24","4","","https://www.barratthomes.co.uk/new-homes/dev000220-wichel-fields-@-wichelstowe/plot-24-h837524/","24","8","8"
"Knights Gate","Loughton · Plot 153","","190000","https://www.barratthomes.co.uk/new-homes/dev002767-knights-gate/plot-153-ha002153/","153","5","5"
"Knights Gate","Hornsea · Plot 160","2","270000","https://www.barratthomes.co.uk/new-homes/dev002767-knights-gate/plot-160-ha002160/","160","8","8"
"Knights Gate","Coleford · Plot 155","2","275000","https://www.barratthomes.co.uk/new-homes/dev002767-knights-gate/plot-155-ha002155/","155","5","5"
"Knights Gate","Denford · Plot 251","2","288000","https://www.barratthomes.co.uk/new-homes/dev002767-knights-gate/plot-251-ha002251/","251","6","6"
"Knights Gate","Denford · Plot 257","2","288000","https://www.barratthomes.co.uk/new-homes/dev002767-knights-gate/plot-257-ha002257/","257","5","5"
"Knights Gate","Denford · Plot 266","2","290000","https://www.barratthomes.co.uk/new-homes/dev002767-knights-gate/plot-266-ha002266/","266","5","5"
"Knights Gate","TULIP · Plot 268","2","335000","https://www.barratthomes.co.uk/new-homes/dev002767-knights-gate/plot-268-ha002268/","268","4","4"
"Knights Gate","Ellerton · Plot 274","3","365000","https://www.barratthomes.co.uk/new-homes/dev002767-knights-gate/plot-274-ha002274/","274","8","8"
"Knights Gate","Moresby · Plot 275","3","395000","https://www.barratthomes.co.uk/new-homes/dev002767-knights-gate/plot-275-ha002275/","275","7","7"
"Knights Gate","Haversham · Plot 207","3","416000","https://www.barratthomes.co.uk/new-homes/dev002767-knights-gate/plot-207-ha002207/","207","8","8"
"Knights Gate","Denby · Plot 248","3","420000","https://www.barratthomes.co.uk/new-homes/dev002767-knights-gate/plot-248-ha002248/","248","9","9"
"Knights Gate","Haversham · Plot 277","3","420000","https://www.barratthomes.co.uk/new-homes/dev002767-knights-gate/plot-277-ha002277/","277","7","7"
"Knights Gate","Brentford · Plot 211","3","430000","https://www.barratthomes.co.uk/new-homes/dev002767-knights-gate/plot-211-ha002211/","211","6","6"
"Knights Gate","Brentford · Plot 276","3","430000","https://www.barratthomes.co.uk/new-homes/dev002767-knights-gate/plot-276-ha002276/","276","6","6"
"Knights Gate","Windermere · Plot 244","4","475000","https://www.barratthomes.co.uk/new-homes/dev002767-knights-gate/plot-244-ha002244/","244","7","7"
"Knights Gate","Radleigh · Plot 243","4","570000","https://www.barratthomes.co.uk/new-homes/dev002767-knights-gate/plot-243-ha002243/","243","7","7"
"Knights Gate","Moresby · Plot 139","3","","https://www.barratthomes.co.uk/new-homes/dev002767-knights-gate/plot-139-ha002139/","139","8","8"
"Knights Gate","Kingsley · Plot 141","4","","https://www.barratthomes.co.uk/new-homes/dev002767-knights-gate/plot-141-ha002141/","141","8","8"
"Barratt @ Bangour Village","Thurso · Plot 126","3","299995","https://www.barratthomes.co.uk/new-homes/dev002785-barratt-@-bangour-village/plot-126-h9326126/","126","8","8"
"Barratt @ Bangour Village","Abergeldie · Plot 89","3","299995","https://www.barratthomes.co.uk/new-homes/dev002785-barratt-@-bangour-village/plot-89-h932689/","89","7","7"
"Barratt @ Bangour Village","Craigend · Plot 87","3","315995","https://www.barratthomes.co.uk/new-homes/dev002785-barratt-@-bangour-village/plot-87-h932687/","87","7","7"
"Barratt @ Bangour Village","Craigend · Plot 88","3","316995","https://www.barratthomes.co.uk/new-homes/dev002785-barratt-@-bangour-village/plot-88-h932688/","88","8","8"
"Barratt @ Bangour Village","Stenton · Plot 129","4","394995","https://www.barratthomes.co.uk/new-homes/dev002785-barratt-@-bangour-village/plot-129-h9326129/","129","8","8"
"Barratt @ Bangour Village","Balloch · Plot 128","4","436995","https://www.barratthomes.co.uk/new-homes/dev002785-barratt-@-bangour-village/plot-128-h9326128/","128","9","9"
"Barratt @ Bangour Village","Crombie · Plot 66","4","","https://www.barratthomes.co.uk/new-homes/dev002785-barratt-@-bangour-village/plot-66-h932666/","66","10","10"
"Fiddington Fields","Denford · Plot 128","2","249995","https://www.barratthomes.co.uk/new-homes/dev002682-fiddington-fields/plot-128-h9045128/","128","9","9"
"Fiddington Fields","Ennerdale · Plot 103","3","345000","https://www.barratthomes.co.uk/new-homes/dev002682-fiddington-fields/plot-103-h9045103/","103","10","10"
"Fiddington Fields","Kingsley · Plot 101","4","399995","https://www.barratthomes.co.uk/new-homes/dev002682-fiddington-fields/plot-101-h9045101/","101","10","10"
"Fiddington Fields","Kingsley · Plot 113","4","419995","https://www.barratthomes.co.uk/new-homes/dev002682-fiddington-fields/plot-113-h9045113/","113","10","10"
"Fiddington Fields","Radleigh · Plot 72","4","482995","https://www.barratthomes.co.uk/new-homes/dev002682-fiddington-fields/plot-72-h904572/","72","10","10"
"Fiddington Fields","Radleigh · Plot 51","4","489995","https://www.barratthomes.co.uk/new-homes/dev002682-fiddington-fields/plot-51-h904551/","51","10","10"
"Fiddington Fields","Radleigh · Plot 71","4","489995","https://www.barratthomes.co.uk/new-homes/dev002682-fiddington-fields/plot-71-h904571/","71","10","10"
"Fiddington Fields","Alfreton · Plot 73","4","492995","https://www.barratthomes.co.uk/new-homes/dev002682-fiddington-fields/plot-73-h904573/","73","10","10"
"Fiddington Fields","Alfreton · Plot 70","4","499995","https://www.barratthomes.co.uk/new-homes/dev002682-fiddington-fields/plot-70-h904570/","70","10","10"
"Fiddington Fields","Alfreton · Plot 136","4","499995","https://www.barratthomes.co.uk/new-homes/dev002682-fiddington-fields/plot-136-h9045136/","136","10","10"
"Fiddington Fields","Alfreton · Plot 55","4","499995","https://www.barratthomes.co.uk/new-homes/dev002682-fiddington-fields/plot-55-h904555/","55","10","10"
"Fiddington Fields","Maidstone · Plot 2","3","","https://www.barratthomes.co.uk/new-homes/dev002682-fiddington-fields/plot-2-h90452/","2","7","7"
"Fiddington Fields","Radleigh · Plot 1","4","","https://www.barratthomes.co.uk/new-homes/dev002682-fiddington-fields/plot-1-h90451/","1","8","8"
"Willow Grove","Ellerton · Plot 470","3","376995","https://www.barratthomes.co.uk/new-homes/dev001355-willow-grove/plot-470-h8834470/","470","9","9"
"Willow Grove","Alverton · Plot 255","2","289995","https://www.barratthomes.co.uk/new-homes/dev001355-willow-grove/plot-255-h8832255/","255","6","6"
"Willow Grove","Denford · Plot 218","2","326995","https://www.barratthomes.co.uk/new-homes/dev001355-willow-grove/plot-218-h7519218/","218","7","7"
"Willow Grove","Denford · Plot 217","2","338345","https://www.barratthomes.co.uk/new-homes/dev001355-willow-grove/plot-217-h7519217/","217","8","8"
"Willow Grove","Ellerton · Plot 471","3","376995","https://www.barratthomes.co.uk/new-homes/dev001355-willow-grove/plot-471-h8834471/","471","8","8"
"Willow Grove","Maidstone · Plot 216","3","379995","https://www.barratthomes.co.uk/new-homes/dev001355-willow-grove/plot-216-h7519216/","216","9","9"
"Willow Grove","Maidstone · Plot 215","3","380995","https://www.barratthomes.co.uk/new-homes/dev001355-willow-grove/plot-215-h7519215/","215","7","7"
"Willow Grove","Norbury · Plot 476","3","424995","https://www.barratthomes.co.uk/new-homes/dev001355-willow-grove/plot-476-h8834476/","476","9","9"
"Willow Grove","Woodcote · Plot 518","4","425995","https://www.barratthomes.co.uk/new-homes/dev001355-willow-grove/plot-518-h8832518/","518","10","10"
"Willow Grove","Woodcote · Plot 517","4","444995","https://www.barratthomes.co.uk/new-homes/dev001355-willow-grove/plot-517-h8832517/","517","9","9"
"Willow Grove","Kingsley · Plot 474","4","477995","https://www.barratthomes.co.uk/new-homes/dev001355-willow-grove/plot-474-h8834474/","474","10","10"
"Willow Grove","Marlowe · Plot 205","5","684995","https://www.barratthomes.co.uk/new-homes/dev001355-willow-grove/plot-205-h7519205/","205","9","9"
"Willow Grove","Queensville · Plot 318","4","","https://www.barratthomes.co.uk/new-homes/dev001355-willow-grove/plot-318-h7514318/","318","9","9"
"Willow Grove","Brentford · Plot 317","3","","https://www.barratthomes.co.uk/new-homes/dev001355-willow-grove/plot-317-h7514317/","317","9","9"
"Willow Grove","Camberley · Plot 321","4","","https://www.barratthomes.co.uk/new-homes/dev001355-willow-grove/plot-321-h7514321/","321","9","9"
"Church Fields","Moresby · Plot 158","3","284995","https://www.barratthomes.co.uk/new-homes/dev002392-church-fields/plot-158-h6443158/","158","10","10"
"Church Fields","Denby · Plot 164","3","309995","https://www.barratthomes.co.uk/new-homes/dev002392-church-fields/plot-164-h6443164/","164","10","10"
"Church Fields","Kingsley · Plot 131","4","354995","https://www.barratthomes.co.uk/new-homes/dev002392-church-fields/plot-131-h6443131/","131","10","10"
"Church Fields","Kingsley · Plot 148","4","359995","https://www.barratthomes.co.uk/new-homes/dev002392-church-fields/plot-148-h6443148/","148","9","9"
"Church Fields","Kingsley · Plot 151","4","359995","https://www.barratthomes.co.uk/new-homes/dev002392-church-fields/plot-151-h6443151/","151","9","9"
"Church Fields","Kingsley · Plot 150","4","359995","https://www.barratthomes.co.uk/new-homes/dev002392-church-fields/plot-150-h6443150/","150","10","10"
"Church Fields","Kingsley · Plot 176","4","362995","https://www.barratthomes.co.uk/new-homes/dev002392-church-fields/plot-176-h6443176/","176","10","10"
"Church Fields","Kingsley · Plot 172","4","364995","https://www.barratthomes.co.uk/new-homes/dev002392-church-fields/plot-172-h6443172/","172","10","10"
"Church Fields","ALDERNEY · Plot 175","4","404995","https://www.barratthomes.co.uk/new-homes/dev002392-church-fields/plot-175-h6443175/","175","10","10"
"Church Fields","Radleigh · Plot 152","4","414995","https://www.barratthomes.co.uk/new-homes/dev002392-church-fields/plot-152-h6443152/","152","10","10"
"Church Fields","Radleigh · Plot 173","4","419995","https://www.barratthomes.co.uk/new-homes/dev002392-church-fields/plot-173-h6443173/","173","10","10"
"Church Fields","Radleigh · Plot 174","4","424995","https://www.barratthomes.co.uk/new-homes/dev002392-church-fields/plot-174-h6443174/","174","10","10"
"Church Fields","Alderney · Plot 284","4","","https://www.barratthomes.co.uk/new-homes/dev002392-church-fields/plot-284-h6443284/","284","9","9"
"Church Fields","Denby · Plot 237","3","","https://www.barratthomes.co.uk/new-homes/dev002392-church-fields/plot-237-h6443237/","237","10","10"
"The Poppies - Barratt Homes","Kingsley · Plot 313","4","487500","https://www.barratthomes.co.uk/new-homes/dev-002651-the-poppies---barratt-homes/plot-313-h9206313/","313","7","7"
"The Poppies - Barratt Homes","Kingsley · Plot 312","4","490000","https://www.barratthomes.co.uk/new-homes/dev-002651-the-poppies---barratt-homes/plot-312-h9206312/","312","7","7"
"The Poppies - Barratt Homes","Maidstone · Plot 332","3","405000","https://www.barratthomes.co.uk/new-homes/dev-002651-the-poppies---barratt-homes/plot-332-h9206332/","332","7","7"
"The Poppies - Barratt Homes","Norbury · Plot 334","3","440000","https://www.barratthomes.co.uk/new-homes/dev-002651-the-poppies---barratt-homes/plot-334-h9206334/","334","9","9"
"The Poppies - Barratt Homes","ALDERNEY · Plot 337","4","535000","https://www.barratthomes.co.uk/new-homes/dev-002651-the-poppies---barratt-homes/plot-337-h9206337/","337","8","8"
"The Poppies - Barratt Homes","ALDERNEY · Plot 336","4","540000","https://www.barratthomes.co.uk/new-homes/dev-002651-the-poppies---barratt-homes/plot-336-h9206336/","336","9","9"
"The Poppies - Barratt Homes","Alfreton · Plot 341","4","620000","https://www.barratthomes.co.uk/new-homes/dev-002651-the-poppies---barratt-homes/plot-341-h9206341/","341","10","10"
"The Poppies - Barratt Homes","Lamberton · Plot 342","5","645000","https://www.barratthomes.co.uk/new-homes/dev-002651-the-poppies---barratt-homes/plot-342-h9206342/","342","9","9"
"The Poppies - Barratt Homes","Hesketh · Plot 53","4","","https://www.barratthomes.co.uk/new-homes/dev-002651-the-poppies---barratt-homes/plot-53-h866753/","53","8","8"
"The Poppies - Barratt Homes","Norbury · Plot 51","3","","https://www.barratthomes.co.uk/new-homes/dev-002651-the-poppies---barratt-homes/plot-51-h866751/","51","9","9"
"The Poppies - Barratt Homes","Alderney · Plot 50","4","","https://www.barratthomes.co.uk/new-homes/dev-002651-the-poppies---barratt-homes/plot-50-h866750/","50","10","10"
"The Sands","Howden · Plot 566","3","210000","https://www.barratthomes.co.uk/new-homes/dev-002597-the-sands/plot-566-h8845566/","566","6","6"
"The Sands","Kingsville · Plot 630","3","230000","https://www.barratthomes.co.uk/new-homes/dev-002597-the-sands/plot-630-h8845630/","630","7","7"
"The Sands","Knaresborough · Plot 568","4","275000","https://www.barratthomes.co.uk/new-homes/dev-002597-the-sands/plot-568-h8845568/","568","7","7"
"The Sands","Abby · Plot 545","2","152000","https://www.barratthomes.co.uk/new-homes/dev-002597-the-sands/plot-545-h8845545/","545","4","4"
"The Sands","Denford · Plot 544","2","180000","https://www.barratthomes.co.uk/new-homes/dev-002597-the-sands/plot-544-h8845544/","544","6","6"
"The Sands","Denford · Plot 533","2","185000","https://www.barratthomes.co.uk/new-homes/dev-002597-the-sands/plot-533-h8845533/","533","6","6"
"The Sands","Howden · Plot 636","3","215000","https://www.barratthomes.co.uk/new-homes/dev-002597-the-sands/plot-636-h8845636/","636","6","6"
"The Sands","Howden · Plot 637","3","215000","https://www.barratthomes.co.uk/new-homes/dev-002597-the-sands/plot-637-h8845637/","637","8","8"
"The Sands","Moresby · Plot 537","3","235000","https://www.barratthomes.co.uk/new-homes/dev-002597-the-sands/plot-537-h8845537/","537","7","7"
"The Sands","Kingsville · Plot 542","3","240000","https://www.barratthomes.co.uk/new-homes/dev-002597-the-sands/plot-542-h8845542/","542","9","9"
"The Sands","Knaresborough · Plot 547","4","275000","https://www.barratthomes.co.uk/new-homes/dev-002597-the-sands/plot-547-h8845547/","547","7","7"
"The Sands","Windermere · Plot 635","4","285000","https://www.barratthomes.co.uk/new-homes/dev-002597-the-sands/plot-635-h8845635/","635","8","8"
"The Sands","Knaresborough · Plot 639","4","285000","https://www.barratthomes.co.uk/new-homes/dev-002597-the-sands/plot-639-h8845639/","639","7","7"
"The Sands","Windermere · Plot 543","4","300000","https://www.barratthomes.co.uk/new-homes/dev-002597-the-sands/plot-543-h8845543/","543","8","8"
"The Sands","Kingsley · Plot 549","4","310000","https://www.barratthomes.co.uk/new-homes/dev-002597-the-sands/plot-549-h8845549/","549","8","8"
"The Sands","Kingsley · Plot 595","4","","https://www.barratthomes.co.uk/new-homes/dev-002597-the-sands/plot-595-h8845595/","595","10","10"
"The Sands","Denby · Plot 596","3","","https://www.barratthomes.co.uk/new-homes/dev-002597-the-sands/plot-596-h8845596/","596","8","8"
"The Sands","Kingsville · Plot 524","3","","https://www.barratthomes.co.uk/new-homes/dev-002597-the-sands/plot-524-h8845524/","524","10","10"
"Bernets Nook","Ellerton · Plot 100","3","255000","https://www.barratthomes.co.uk/new-homes/dev-001136-bernets-nook/plot-100-h8600100/","100","9","9"
"Bernets Nook","Ellerton · Plot 113","3","244000","https://www.barratthomes.co.uk/new-homes/dev-001136-bernets-nook/plot-113-h8600113/","113","9","9"
"Bernets Nook","Ellerton · Plot 114","3","251000","https://www.barratthomes.co.uk/new-homes/dev-001136-bernets-nook/plot-114-h8600114/","114","10","10"
"Bernets Nook","Kingsville · Plot 92","3","283000","https://www.barratthomes.co.uk/new-homes/dev-001136-bernets-nook/plot-92-h860092/","92","10","10"
"Bernets Nook","Kingsville · Plot 103","3","283000","https://www.barratthomes.co.uk/new-homes/dev-001136-bernets-nook/plot-103-h8600103/","103","10","10"
"Bernets Nook","Woodcote · Plot 91","4","299000","https://www.barratthomes.co.uk/new-homes/dev-001136-bernets-nook/plot-91-h860091/","91","10","10"
"Bernets Nook","Woodcote · Plot 90","4","299000","https://www.barratthomes.co.uk/new-homes/dev-001136-bernets-nook/plot-90-h860090/","90","10","10"
"Bernets Nook","Lamberton · Plot 106","5","399000","https://www.barratthomes.co.uk/new-homes/dev-001136-bernets-nook/plot-106-h8600106/","106","10","10"
"Bernets Nook","Lamberton · Plot 88","5","399000","https://www.barratthomes.co.uk/new-homes/dev-001136-bernets-nook/plot-88-h860088/","88","10","10"
"Bernets Nook","Alfreton · Plot 115","4","420000","https://www.barratthomes.co.uk/new-homes/dev-001136-bernets-nook/plot-115-h8600115/","115","10","10"
"Bernets Nook","Ellerton · Plot 5","3","","https://www.barratthomes.co.uk/new-homes/dev-001136-bernets-nook/plot-5-h86005/","5","10","10"
"Bernets Nook","Alderney · Plot 6","4","","https://www.barratthomes.co.uk/new-homes/dev-001136-bernets-nook/plot-6-h86006/","6","10","10"
"Fernwood Village","Kingsville · Plot 167","3","284995","https://www.barratthomes.co.uk/new-homes/dev002374-fernwood-village/plot-167-h8174167/","167","9","9"
"Fernwood Village","Kingsville · Plot 166","3","289995","https://www.barratthomes.co.uk/new-homes/dev002374-fernwood-village/plot-166-h8174166/","166","9","9"
"Fernwood Village","Woodcote · Plot 444","4","294995","https://www.barratthomes.co.uk/new-homes/dev002374-fernwood-village/plot-444-h8174444/","444","7","7"
"Fernwood Village","Woodcote · Plot 445","4","294995","https://www.barratthomes.co.uk/new-homes/dev002374-fernwood-village/plot-445-h8174445/","445","8","8"
"Fernwood Village","Woodcote · Plot 446","4","294995","https://www.barratthomes.co.uk/new-homes/dev002374-fernwood-village/plot-446-h8174446/","446","8","8"
"Fernwood Village","Lutterworth · Plot 117","3","299995","https://www.barratthomes.co.uk/new-homes/dev002374-fernwood-village/plot-117-h8174117/","117","7","7"
"Fernwood Village","Denby · Plot 442","3","299995","https://www.barratthomes.co.uk/new-homes/dev002374-fernwood-village/plot-442-h8174442/","442","8","8"
"Fernwood Village","Lutterworth · Plot 116","3","309995","https://www.barratthomes.co.uk/new-homes/dev002374-fernwood-village/plot-116-h8174116/","116","8","8"
"Fernwood Village","Kennford · Plot 440","4","334995","https://www.barratthomes.co.uk/new-homes/dev002374-fernwood-village/plot-440-h8174440/","440","8","8"
"Fernwood Village","Hemsworth · Plot 421","4","339995","https://www.barratthomes.co.uk/new-homes/dev002374-fernwood-village/plot-421-h8174421/","421","9","9"
"Fernwood Village","Alderney · Plot 420","4","364995","https://www.barratthomes.co.uk/new-homes/dev002374-fernwood-village/plot-420-h8174420/","420","10","10"
"Fernwood Village","MAIDSTONE · Plot 3","3","","https://www.barratthomes.co.uk/new-homes/dev002374-fernwood-village/plot-3-h59503/","3","8","8"
"Fernwood Village","KINGSVILLE · Plot 2","4","","https://www.barratthomes.co.uk/new-homes/dev002374-fernwood-village/plot-2-h59502/","2","9","9"
"Fernwood Village","Moresby · Plot 395","3","","https://www.barratthomes.co.uk/new-homes/dev002374-fernwood-village/plot-395-h8174395/","395","8","8"