"development","house_type","bedrooms","property_url","image_file","image_url","reason"
"Deva Green","The Ascot","4","https://www.anwylhomes.co.uk/our-developments/deva-green/ascot/","images/c984077ca3bf668d04ec258283a555db0b191b67fabbd774151e036544a9f869.jpg","https://www.anwylhomes.co.uk/app/uploads/2023/11/7170.jpg","Staged showhome interior space."
"Deva Green","The Ascot","4","https://www.anwylhomes.co.uk/our-developments/deva-green/ascot/","images/b62115198cc354efdc115fb9c2d76b81cc4f3dd58dc3b1e8f4c0538586c5b982.jpg","https://www.anwylhomes.co.uk/app/uploads/2024/01/Plot_001_Ascot_Grand_Mirror_RenderFrontView_Front_2x1_152.jpg","Staged showhome interior space."
"Deva Green","The Ascot","4","https://www.anwylhomes.co.uk/our-developments/deva-green/ascot/","images/33ce5709b619277b8b3e487a48d528f35b463b6d86028c766264e366db394598.jpg","https://www.anwylhomes.co.uk/app/uploads/2023/11/7295.jpg","Staged showhome interior space."
"Deva Green","The Ascot","4","https://www.anwylhomes.co.uk/our-developments/deva-green/ascot/","images/af182b5f9c3c2341e07b5df2f0d30563cf9c75a0be41d56abd8d351365645711.jpg","https://www.anwylhomes.co.uk/app/uploads/2023/11/7203.jpg","Staged showhome interior space."
"Deva Green","The Ascot","4","https://www.anwylhomes.co.uk/our-developments/deva-green/ascot/","images/7d0efad613fb7f711a2d7190d8ac7a316dae154ebb9ea32de43bf3e7c61b5544.jpg","https://www.anwylhomes.co.uk/app/uploads/2023/11/7217.jpg","Staged showhome interior space."
"Deva Green","The Ascot","4","https://www.anwylhomes.co.uk/our-developments/deva-green/ascot/","images/0fc64442898ba3c0e6e02b19dd1548b52159df21feef8fb7ec5fec20c98cfbe8.jpg","https://www.anwylhomes.co.uk/app/uploads/2023/11/7136.jpg","Staged showhome interior space."
"Deva Green","The Ascot","4","https://www.anwylhomes.co.uk/our-developments/deva-green/ascot/","images/fcb5a169120a289ff4923662ae5332f68466a5f529aad91b008ddc0d1c9915fa.jpg","https://www.anwylhomes.co.uk/app/uploads/2023/11/7490.jpg","Staged showhome interior space."
"Deva Green","The Ascot","4","https://www.anwylhomes.co.uk/our-developments/deva-green/ascot/","images/bf43e5600827995bf27760dfd9da36380ea3d5c11d9210950e3728a440abbb7a.jpg","https://www.anwylhomes.co.uk/app/uploads/2023/11/7374.jpg","Staged showhome interior space."
"Deva Green","The Ascot","4","https://www.anwylhomes.co.uk/our-developments/deva-green/ascot/","images/f08e050a8dd520bfa75f966f046bfe68de327589944470be91f2ec0570c1291c.jpg","https://www.anwylhomes.co.uk/app/uploads/2023/11/7333.jpg","Staged showhome interior space."
"Deva Green","The Ascot","4","https://www.anwylhomes.co.uk/our-developments/deva-green/ascot/","images/2f22c81eb7e6102255b83b2e2ac1cd25accda088a7ae2e8b986de488e2a75974.jpg","https://www.anwylhomes.co.uk/app/uploads/2023/11/7315.jpg","Staged showhome interior space."
"Deva Green","The Bunbury","3","https://www.anwylhomes.co.uk/our-developments/deva-green/bunbury/","images/4bbedc79847dc0cb0db5bbc15d16f37952842c76f102ba210060d61c5137473f.png","https://www.anwylhomes.co.uk/app/uploads/2024/01/7859.png","Staged showhome interior space."
"Deva Green","The Bunbury","3","https://www.anwylhomes.co.uk/our-developments/deva-green/bunbury/","images/19d7d8f3d57d3606676f7cdad1652ab4161f8e0f41b2ac66550c59d0b5d28ad3.jpg","https://www.anwylhomes.co.uk/app/uploads/2023/11/Plot_002_Bunbury_MirrorFrontView_Front_2x1_152.jpg","Staged showhome interior space."
"Deva Green","The Bunbury","3","https://www.anwylhomes.co.uk/our-developments/deva-green/bunbury/","images/773bccb1f1dac27110a4041b07e81699d0cf2cf9000d17c2cd5e39c595756d5a.png","https://www.anwylhomes.co.uk/app/uploads/2024/01/7564.png","Staged showhome interior space."
"Deva Green","The Bunbury","3","https://www.anwylhomes.co.uk/our-developments/deva-green/bunbury/","images/e12ed802e9be752d07d38b3cfac80ea1604b09ae8c9ab5d90521c5d936a06e93.png","https://www.anwylhomes.co.uk/app/uploads/2024/01/7843.png","Staged showhome interior space."
"Deva Green","The Bunbury","3","https://www.anwylhomes.co.uk/our-developments/deva-green/bunbury/","images/6e9f8dc06deced2bcee444940cfb6001e08f3a67f4395b7b37e2339fb245d60c.png","https://www.anwylhomes.co.uk/app/uploads/2024/01/7878.png","Staged showhome interior space."
"Deva Green","The Bunbury","3","https://www.anwylhomes.co.uk/our-developments/deva-green/bunbury/","images/91f13018b06217ebd1aa28556b9012c755d31cbe68c4dd12aa36fef67294b084.png","https://www.anwylhomes.co.uk/app/uploads/2024/01/7634.png","Staged showhome interior space."
"Deva Green","The Bunbury","3","https://www.anwylhomes.co.uk/our-developments/deva-green/bunbury/","images/570017c1388e9862f37cd2aaa0cc03bf8ee4b2d1aa69dd9af4531716573a8ad7.png","https://www.anwylhomes.co.uk/app/uploads/2024/01/7690.png","Staged showhome interior space."
"Deva Green","The Bunbury","3","https://www.anwylhomes.co.uk/our-developments/deva-green/bunbury/","images/ee7c8ffcdaa9c50b235ceaec53118ba305d99fd9cc580e2728129b67a698ed23.png","https://www.anwylhomes.co.uk/app/uploads/2024/01/7763.png","Staged showhome interior space."
"Deva Green","The Bunbury","3","https://www.anwylhomes.co.uk/our-developments/deva-green/bunbury/","images/48ac6a6e5fdb87d67f96bfcf4851a8b9ddbc101de9dfb1d599b81ec800432945.png","https://www.anwylhomes.co.uk/app/uploads/2024/01/7791.png","Staged showhome interior space."
"Deva Green","The Bunbury","3","https://www.anwylhomes.co.uk/our-developments/deva-green/bunbury/","images/cffbdf6a5ffef56aa23e21cc5cf1c1b6ecc39dae29035bfa93132c5c3365f83a.png","https://www.anwylhomes.co.uk/app/uploads/2024/01/7721.png","Staged showhome interior space."
"Deva Green","The Farndon","4","https://www.anwylhomes.co.uk/our-developments/deva-green/farndon/","images/e931fd25225f63b03edce62adc00eb2233bb2ad0b109cabe22c2e63de9c06aa5.jpg","https://www.anwylhomes.co.uk/app/uploads/2023/11/Anwyl-Alexandra-Gardens-5284-scaled.jpg","Staged showhome interior space."
"Deva Green","The Farndon","4","https://www.anwylhomes.co.uk/our-developments/deva-green/farndon/","images/ba853c63822281bd4ec7c7eb1a0f7a6f4944087ce32e38835c014ffb0e5c7cb2.jpg","https://www.anwylhomes.co.uk/app/uploads/2023/11/Plot_132_Farndon_MirrorFrontView_Front_2x1_152.jpg","Staged showhome interior space."
"Deva Green","The Farndon","4","https://www.anwylhomes.co.uk/our-developments/deva-green/farndon/","images/7bc6ed0a7e6b7d2c842a6552d3e7e8f2a430aa0ca242a5609688aa569889dfa4.jpg","https://www.anwylhomes.co.uk/app/uploads/2023/11/Anwyl-Alexandra-Gardens-5298-scaled.jpg","Staged showhome interior space."
"Deva Green","The Farndon","4","https://www.anwylhomes.co.uk/our-developments/deva-green/farndon/","images/d92d301b064d50e261289dd7b97fc346b3f2af6253ae33797a834ecd1d035cc1.jpg","https://www.anwylhomes.co.uk/app/uploads/2023/11/Anwyl-Alexandra-Gardens-5232-scaled.jpg","Staged showhome interior space."
"Deva Green","The Farndon","4","https://www.anwylhomes.co.uk/our-developments/deva-green/farndon/","images/58d9eaed2d020050088e687e978a3f039a7f7e55d1bc171a6d39562b73cfdf21.jpg","https://www.anwylhomes.co.uk/app/uploads/2023/11/Anwyl-Alexandra-Gardens-5361-scaled.jpg","Staged showhome interior space."
"Deva Green","The Farndon","4","https://www.anwylhomes.co.uk/our-developments/deva-green/farndon/","images/29ca90bc22964fff481873a5980aeb628277f56b3575395a544d0f102c5e694f.jpg","https://www.anwylhomes.co.uk/app/uploads/2023/11/Anwyl-Alexandra-Gardens-5495-scaled.jpg","Staged showhome interior space."
"Deva Green","The Farndon","4","https://www.anwylhomes.co.uk/our-developments/deva-green/farndon/","images/f71cd91b6464c2fb816e1309119aa05fbc504b1f4b8d06df4b060f0c5c6f510d.jpg","https://www.anwylhomes.co.uk/app/uploads/2023/11/Anwyl-Alexandra-Gardens-5418-scaled.jpg","Staged showhome interior space."
"Deva Green","The Farndon","4","https://www.anwylhomes.co.uk/our-developments/deva-green/farndon/","images/a8f70976da7b12304c7817ef8328565219e47d1f0a888abd8c0ad711741af0e0.jpg","https://www.anwylhomes.co.uk/app/uploads/2023/11/Anwyl-Alexandra-Gardens-5464-scaled.jpg","Staged showhome interior space."
"Deva Green","The Farndon","4","https://www.anwylhomes.co.uk/our-developments/deva-green/farndon/","images/ec382365e9fcc66128fcccab7961a4c98c1db45fefca7054d0d6d522171587a0.jpg","https://www.anwylhomes.co.uk/app/uploads/2023/11/Anwyl-Alexandra-Gardens-5440-scaled.jpg","Staged showhome interior space."
"Deva Green","The Farndon","4","https://www.anwylhomes.co.uk/our-developments/deva-green/farndon/","images/7e9110d211a05f2edd81a9e674d05ae7796896232f0b363b9ad397889b56423b.jpg","https://www.anwylhomes.co.uk/app/uploads/2023/11/Anwyl-Alexandra-Gardens-5374-scaled.jpg","Staged showhome interior space."
"Deva Green","The Appleton","3","https://www.anwylhomes.co.uk/our-developments/deva-green/appleton/","images/63158f6240e39d5b50ad5a35689d2d80d5d16a63ba387ec6d01b25f8acea187f.jpg","https://www.anwylhomes.co.uk/app/uploads/2023/11/5385-scaled.jpg","Staged showhome interior space."
"Deva Green","The Appleton","3","https://www.anwylhomes.co.uk/our-developments/deva-green/appleton/","images/5f47030ad6a970dce57764eb6e6e179237c050af78656982848f0b616d7867a1.jpg","https://www.anwylhomes.co.uk/app/uploads/2023/11/Plot_030_Appleton_FrontView000.jpg","Staged showhome interior space."
"Deva Green","The Appleton","3","https://www.anwylhomes.co.uk/our-developments/deva-green/appleton/","images/c233b9cb8e52acb14e8c14d7983e40bc6c34d3e5410edaef82d7478b377a2d53.jpg","https://www.anwylhomes.co.uk/app/uploads/2023/11/5468-scaled.jpg","Staged showhome interior space."
"Deva Green","The Appleton","3","https://www.anwylhomes.co.uk/our-developments/deva-green/appleton/","images/d79e9aa5695dd07299eb417dea21849b50980512084079c654c6f7eecfdde07d.jpg","https://www.anwylhomes.co.uk/app/uploads/2023/11/5342-scaled.jpg","Staged showhome interior space."
"Deva Green","The Appleton","3","https://www.anwylhomes.co.uk/our-developments/deva-green/appleton/","images/578d27c7529794863307745345541154230ede7815ee7da02358c5a4f6ee5851.jpg","https://www.anwylhomes.co.uk/app/uploads/2023/11/5505-scaled.jpg","Staged showhome interior space."
"Deva Green","The Appleton","3","https://www.anwylhomes.co.uk/our-developments/deva-green/appleton/","images/e1673c138dd8855cdc1c35f4aff86dcc5227a7429850cd9656b2c9e3e53e854e.jpg","https://www.anwylhomes.co.uk/app/uploads/2023/11/5522-scaled.jpg","Staged showhome interior space."
"Deva Green","The Appleton","3","https://www.anwylhomes.co.uk/our-developments/deva-green/appleton/","images/3149cbc7d5f01f63fd46b3e6bf13b11f8d74773398165c9e6a76116a62d1db30.jpg","https://www.anwylhomes.co.uk/app/uploads/2023/11/5620-scaled.jpg","Staged showhome interior space."
"Deva Green","The Appleton","3","https://www.anwylhomes.co.uk/our-developments/deva-green/appleton/","images/ea4a83fe524c19c501ea07a5089d4fba760f2e5a4251b4e638232270c131910a.jpg","https://www.anwylhomes.co.uk/app/uploads/2023/11/5644-scaled.jpg","Staged showhome interior space."
"Deva Green","The Appleton","3","https://www.anwylhomes.co.uk/our-developments/deva-green/appleton/","images/62d3bd7f30fa1238f15a785eb72619896c3a4282392392eb1312ca980a7b9a04.jpg","https://www.anwylhomes.co.uk/app/uploads/2023/11/5667-scaled.jpg","Staged showhome interior space."
"Deva Green","The Appleton","3","https://www.anwylhomes.co.uk/our-developments/deva-green/appleton/","images/efc2f07f5ad138a501e0875d949c9cc641474ea8573a42ccae583fc7697a13fa.jpg","https://www.anwylhomes.co.uk/app/uploads/2023/11/5677-scaled.jpg","Staged showhome interior space."
"Deva Green","The Appleton","3","https://www.anwylhomes.co.uk/our-developments/deva-green/appleton/","images/901d8981f1e75df0b9954edfe8fdc4cef742f0a97ab7eb8344448d3a976b15ec.jpg","https://www.anwylhomes.co.uk/app/uploads/2023/11/5562-scaled.jpg","Staged showhome interior space."
"Deva Green","The Appleton","3","https://www.anwylhomes.co.uk/our-developments/deva-green/appleton/","images/353339a5736b0a8da18a5e7261c99374ffb52297b295f5a38e5b9cc50094807c.jpg","https://www.anwylhomes.co.uk/app/uploads/2023/11/5717-scaled.jpg","Staged showhome interior space."
"Deva Green","The Coxley","2","https://www.anwylhomes.co.uk/our-developments/deva-green/coxley/","images/3c61e982176a8453694d729f9e38e9170489f3765b5602dc4c78dd08d2824cb9.png","https://www.anwylhomes.co.uk/app/uploads/2024/01/Plot_006_CoxleyFrontView_Front_2x1_152-1.png","Staged showhome interior space."
"Deva Green","The Coxley","2","https://www.anwylhomes.co.uk/our-developments/deva-green/coxley/","images/cee705b00f937fb711917a930471ae88bef4bed8d7c8c822a7138df9a8248d09.jpg","https://www.anwylhomes.co.uk/app/uploads/2024/01/Coxley_2_Kitchen-1.jpg","Staged showhome interior space."
"Deva Green","The Coxley","2","https://www.anwylhomes.co.uk/our-developments/deva-green/coxley/","images/6f18dc648a1b6d8bf3362c605b21382f4394e7d1922f645c0dfb4dc1ee5670ac.jpg","https://www.anwylhomes.co.uk/app/uploads/2024/01/Coxley_3_LivingRoom-1.jpg","Staged showhome interior space."
"Deva Green","The Coxley","2","https://www.anwylhomes.co.uk/our-developments/deva-green/coxley/","images/5d6d15e79499fb9217cceee5aff67ced7e1462589265f0e83c7cec4e00889a62.jpg","https://www.anwylhomes.co.uk/app/uploads/2024/01/Coxley_1_Bedroom.jpg","Staged showhome interior space."
"Deva Green","The Coxley","2","https://www.anwylhomes.co.uk/our-developments/deva-green/coxley/","images/af8ff0846d7d39bf4c1352fbb0c6e8b779bd82ddde96d90a3f4685b6d7a5c12b.jpg","https://www.anwylhomes.co.uk/app/uploads/2024/01/Coxley_4_Bedroom2.jpg","Staged showhome interior space."
"Deva Green","The Coxley","2","https://www.anwylhomes.co.uk/our-developments/deva-green/coxley/","images/6e41f2c0fc63d01f7bd21437e7f27d1040d2831f164cf0dd7716622e2fc4f228.jpg","https://www.anwylhomes.co.uk/app/uploads/2024/01/Coxley_5_Bathroom.jpg","Staged showhome interior space."
"Deva Green","The Henley","4","https://www.anwylhomes.co.uk/our-developments/deva-green/henley/","images/6b68a275d1dda1a6ba6061716edf6d132ce5a3ad276736a7e3e31e427f2dacde.jpg","https://www.anwylhomes.co.uk/app/uploads/2023/11/0707.jpg","Staged showhome interior space."
"Deva Green","The Henley","4","https://www.anwylhomes.co.uk/our-developments/deva-green/henley/","images/bba70e25bd29bb5050a2a66d1d822e91769bec9c9bff942e2af08b6be31aab62.jpg","https://www.anwylhomes.co.uk/app/uploads/2023/11/Plot_011_Henley_GrandFrontView_Front_2x1_152.jpg","Staged showhome interior space."
"Deva Green","The Henley","4","https://www.anwylhomes.co.uk/our-developments/deva-green/henley/","images/b2b7142e94840c9d35144c4ad688dc78d750baf017336cb506855f3a74c89bad.jpg","https://www.anwylhomes.co.uk/app/uploads/2023/11/0805.jpg","Staged showhome interior space."
"Deva Green","The Henley","4","https://www.anwylhomes.co.uk/our-developments/deva-green/henley/","images/1692af19e2fed69f22dd654f1f2c772c1ec963b5efc52fdd1b2792d5f6d14532.jpg","https://www.anwylhomes.co.uk/app/uploads/2023/11/0728.jpg","Staged showhome interior space."
"Deva Green","The Henley","4","https://www.anwylhomes.co.uk/our-developments/deva-green/henley/","images/fb95b71eda411cb5204ac933e3093ba26c20baa1a819d977510ceb8453a2bb97.jpg","https://www.anwylhomes.co.uk/app/uploads/2023/11/0754.jpg","Staged showhome interior space."
"Deva Green","The Henley","4","https://www.anwylhomes.co.uk/our-developments/deva-green/henley/","images/d51e7fdf4bdd3f164508e0d888c41cadf3c707f9cc00fbc0f80101cdd1b75b1f.jpg","https://www.anwylhomes.co.uk/app/uploads/2023/11/0685.jpg","Staged showhome interior space."
"Deva Green","The Henley","4","https://www.anwylhomes.co.uk/our-developments/deva-green/henley/","images/85cb22726c0877e1855212f804c5f79b8f4959950c8b8f086f8354f0d301cbe4.jpg","https://www.anwylhomes.co.uk/app/uploads/2023/11/0946.jpg","Staged showhome interior space."
"Deva Green","The Henley","4","https://www.anwylhomes.co.uk/our-developments/deva-green/henley/","images/78e2ad1dcb01365fbd7ae8ea42cf5ae18ddf6f8d1a76ea386671bb964e6877c2.jpg","https://www.anwylhomes.co.uk/app/uploads/2023/11/0885.jpg","Staged showhome interior space."
"Deva Green","The Henley","4","https://www.anwylhomes.co.uk/our-developments/deva-green/henley/","images/5ba23491ec06375e31d7fb39baf3582d6dcfe28cffe1127d3cfb93dad51412c4.jpg","https://www.anwylhomes.co.uk/app/uploads/2023/11/0916.jpg","Staged showhome interior space."
"Deva Green","The Henley","4","https://www.anwylhomes.co.uk/our-developments/deva-green/henley/","images/bab963d4cedccfb091a5064786813554fe70d8fd5dffc13923e6747c0a816129.jpg","https://www.anwylhomes.co.uk/app/uploads/2023/11/0859.jpg","Staged showhome interior space."
"Deva Green","The Henley","4","https://www.anwylhomes.co.uk/our-developments/deva-green/henley/","images/17c154bcd64c3aa30671ce3aff706520bc9274ada20a5739d87d759beb5bcef8.jpg","https://www.anwylhomes.co.uk/app/uploads/2023/11/0977.jpg","Staged showhome interior space."
"Deva Green","The Lymm","4","https://www.anwylhomes.co.uk/our-developments/deva-green/lymm/","images/5643d50a3074a0269f31becee182d31163861b6d218f6d00ffab7b5ae6a6507a.jpg","https://www.anwylhomes.co.uk/app/uploads/2023/11/200421-The-Lymm-8-1-scaled.jpg","Staged showhome interior space."
"Deva Green","The Lymm","4","https://www.anwylhomes.co.uk/our-developments/deva-green/lymm/","images/72672d7f62ef9f41632a5adaf1f96f4087787163b62a2604eacfa408167f9995.jpg","https://www.anwylhomes.co.uk/app/uploads/2023/11/Plot_078_Lymm_Grand_RenderFrontView_Front_2x1_152.jpg","Staged showhome interior space."
"Deva Green","The Lymm","4","https://www.anwylhomes.co.uk/our-developments/deva-green/lymm/","images/bad45cfa86fd79c0dbc41622d1b26e1ce5145490825841dd405343f8ca76f1d1.jpg","https://www.anwylhomes.co.uk/app/uploads/2023/11/200421-The-Lymm-6.jpg","Staged showhome interior space."
"Deva Green","The Lymm","4","https://www.anwylhomes.co.uk/our-developments/deva-green/lymm/","images/ed68bb4ee6f68af49e0d41c5144564d6c4a02ee6953644c2b97c01b8c68ef8ed.jpg","https://www.anwylhomes.co.uk/app/uploads/2023/11/200421-The-Lymm-2.jpg","Staged showhome interior space."
"Deva Green","The Lymm","4","https://www.anwylhomes.co.uk/our-developments/deva-green/lymm/","images/9b3d3c816f6f4a99cff3b4701e74d3704c27e343ce6cd775935867ffc0b3cfb5.jpg","https://www.anwylhomes.co.uk/app/uploads/2023/11/200421-The-Lymm-22.jpg","Staged showhome interior space."
"Deva Green","The Lymm","4","https://www.anwylhomes.co.uk/our-developments/deva-green/lymm/","images/bec1eea0e83aeac9fafaf1fd402c27de36c4ec056571295a8554d68c099ee024.jpg","https://www.anwylhomes.co.uk/app/uploads/2023/11/200421-The-Lymm-38.jpg","Staged showhome interior space."
"Deva Green","The Lymm","4","https://www.anwylhomes.co.uk/our-developments/deva-green/lymm/","images/dca5e67411e7c4b0486b8bce8cf50db300053ec7cae13d81ef20c7ffc855a379.jpg","https://www.anwylhomes.co.uk/app/uploads/2023/11/071021-The-Lymm-35.jpg","Staged showhome interior space."
"Deva Green","The Lymm","4","https://www.anwylhomes.co.uk/our-developments/deva-green/lymm/","images/c749a0f393c631414ff592557e04b3d76ab41be805ea637509caa5be6cbaef1d.jpg","https://www.anwylhomes.co.uk/app/uploads/2023/11/200421-The-Lymm-33.jpg","Staged showhome interior space."
"Deva Green","The Lymm","4","https://www.anwylhomes.co.uk/our-developments/deva-green/lymm/","images/3e051a380432579f3dade982f262eec8a8809c6d36b8d9c33faab1be9a018066.jpg","https://www.anwylhomes.co.uk/app/uploads/2023/11/200421-The-Lymm-23-scaled.jpg","Staged showhome interior space."
"Deva Green","The Lymm","4","https://www.anwylhomes.co.uk/our-developments/deva-green/lymm/","images/c71a021ac7e87132ce1d8745b3ffe342ce925bb2dd57dd3e1ef87634db7a61a5.jpg","https://www.anwylhomes.co.uk/app/uploads/2023/11/200421-The-Lymm-31.jpg","Staged showhome interior space."
"Deva Green","The Lymm","4","https://www.anwylhomes.co.uk/our-developments/deva-green/lymm/","images/b50f55080a0513826d8f812f789fdb6a64acc3dcbefbac5eb8d0c7a2a01c69c8.jpg","https://www.anwylhomes.co.uk/app/uploads/2023/11/200421-The-Lymm-46.jpg","Staged showhome interior space."
"Deva Green","The Bretton","3","https://www.anwylhomes.co.uk/our-developments/deva-green/bretton/","images/ed2991835d49dff662934fbeee7cb8d1296d1ba30ffb2883dcbb582f50909fe9.jpg","https://www.anwylhomes.co.uk/app/uploads/2024/01/6779-scaled.jpg","Staged showhome interior space."
"Deva Green","The Bretton","3","https://www.anwylhomes.co.uk/our-developments/deva-green/bretton/","images/c0e1bcdcec7c14d02c6abf545feb899586dfae10597dd7a3fa9d28e4a8f21245.png","https://www.anwylhomes.co.uk/app/uploads/2024/01/Plot_091_Bretton_Mirror_RenderFrontView_Front_2x1_152-1.png","Staged showhome interior space."
"Deva Green","The Bretton","3","https://www.anwylhomes.co.uk/our-developments/deva-green/bretton/","images/d54e0a3bb42140f6ac8a67d0a9ddf20c2888d2589b411ad498f9447afab5bafe.jpg","https://www.anwylhomes.co.uk/app/uploads/2024/01/6803-scaled.jpg","Staged showhome interior space."
"Deva Green","The Bretton","3","https://www.anwylhomes.co.uk/our-developments/deva-green/bretton/","images/707767af16489597f184071416f5640834bc9d89869acc3be1ae8f70d00f6ed0.jpg","https://www.anwylhomes.co.uk/app/uploads/2024/01/6878-scaled.jpg","Staged showhome interior space."
"Deva Green","The Bretton","3","https://www.anwylhomes.co.uk/our-developments/deva-green/bretton/","images/be33eb58ec489b65bb1475968dc12ca9050b80b7425973550c325d14326aca63.jpg","https://www.anwylhomes.co.uk/app/uploads/2024/01/6833-scaled.jpg","Staged showhome interior space."
"Deva Green","The Bretton","3","https://www.anwylhomes.co.uk/our-developments/deva-green/bretton/","images/7cc7118851b65de8c9f044c6f25139305985b09bb0e03257d73dc782d96107e3.jpg","https://www.anwylhomes.co.uk/app/uploads/2024/01/6919-scaled.jpg","Staged showhome interior space."
"Deva Green","The Bretton","3","https://www.anwylhomes.co.uk/our-developments/deva-green/bretton/","images/f55d9b76460ff2c7b68eb78255cb2b0e3d097f99ab8532566c3e109711e3070c.jpg","https://www.anwylhomes.co.uk/app/uploads/2024/01/6935-scaled.jpg","Staged showhome interior space."
"Deva Green","The Bretton","3","https://www.anwylhomes.co.uk/our-developments/deva-green/bretton/","images/d9515e19d716730c9dfdf1782cc873d889ad2688ed7c43fe9703a3f03254ff03.jpg","https://www.anwylhomes.co.uk/app/uploads/2024/01/6944-scaled.jpg","Staged showhome interior space."
"Deva Green","The Bretton","3","https://www.anwylhomes.co.uk/our-developments/deva-green/bretton/","images/0a55128be94a6c5315e16e1deebc82f244eb53801ff1589c147505aa9ef8c462.jpg","https://www.anwylhomes.co.uk/app/uploads/2024/01/6987-scaled.jpg","Staged showhome interior space."
"Deva Green","The Bretton","3","https://www.anwylhomes.co.uk/our-developments/deva-green/bretton/","images/e798255760f94adc108f3c5b310724dbe12e0d8bf65c97d1d8d5f1491b95f96b.jpg","https://www.anwylhomes.co.uk/app/uploads/2024/01/6956-scaled.jpg","Staged showhome interior space."
"Deva Green","The Bretton","3","https://www.anwylhomes.co.uk/our-developments/deva-green/bretton/","images/adf833a4c394539c94efce78ad82c98bb4f918be58b4da4f4dda271d9369c3fb.jpg","https://www.anwylhomes.co.uk/app/uploads/2024/01/6907-scaled.jpg","Staged showhome interior space."
"Deva Green","The Bretton","3","https://www.anwylhomes.co.uk/our-developments/deva-green/bretton/","images/9eca1ecee3535f6bc6826d04ef72d1d6210ed7394cd4c681a005a5d67b22ceb5.jpg","https://www.anwylhomes.co.uk/app/uploads/2024/01/6949-scaled.jpg","Staged showhome interior space."
"Deva Green","The Snowdon","3","https://www.anwylhomes.co.uk/our-developments/deva-green/snowdon/","images/c14bd455af70cdae6aa1c56ec97a674fca7997740993c67b6140dc099668d76f.jpg","https://www.anwylhomes.co.uk/app/uploads/2024/01/Plot_046_Snowdon_MirrorFrontView_Front_2x1_152.jpg","Staged showhome interior space."
"Deva Green","The Snowdon","3","https://www.anwylhomes.co.uk/our-developments/deva-green/snowdon/","images/cc63b35a9b65a18ef55cc36a86466fe8c2dbc4dc338ad93e5bbbf9f2e182d793.jpg","https://www.anwylhomes.co.uk/app/uploads/2024/02/VictoriaMills-Plot61-33-scaled.jpg","Staged showhome interior space."
"Deva Green","The Snowdon","3","https://www.anwylhomes.co.uk/our-developments/deva-green/snowdon/","images/116c1fce58d0e78905c6cfe47ff4f4009ec692c6a26dfbf4d49eabfdb1b32ade.jpg","https://www.anwylhomes.co.uk/app/uploads/2024/02/VictoriaMills-Plot61-26-scaled.jpg","Staged showhome interior space."
"Deva Green","The Snowdon","3","https://www.anwylhomes.co.uk/our-developments/deva-green/snowdon/","images/e4282bdb7818ad8c835a25b184b2916ec38b08cf82adc3c88632d299384c9d49.jpg","https://www.anwylhomes.co.uk/app/uploads/2024/02/VictoriaMills-Plot61-27-min-scaled.jpg","Staged showhome interior space."
"Deva Green","The Snowdon","3","https://www.anwylhomes.co.uk/our-developments/deva-green/snowdon/","images/07ef866e44a472e5f7043cbb48e0be1bd0ead4cf4b0ece24886036b5213329a6.jpg","https://www.anwylhomes.co.uk/app/uploads/2024/02/VictoriaMills-Plot61-44-scaled.jpg","Staged showhome interior space."
"Deva Green","The Snowdon","3","https://www.anwylhomes.co.uk/our-developments/deva-green/snowdon/","images/22bf2405670b470fdfef205fc9af909c07d2db319925042e82c9a7c0732c4cbd.jpg","https://www.anwylhomes.co.uk/app/uploads/2024/02/VictoriaMills-Plot61-45-scaled.jpg","Staged showhome interior space."
"Deva Green","The Snowdon","3","https://www.anwylhomes.co.uk/our-developments/deva-green/snowdon/","images/dea3ce04e1f609ce4ca20e4ca1403310758feb8fdcf8909f8be9ecfee1cef64d.jpg","https://www.anwylhomes.co.uk/app/uploads/2024/02/VictoriaMills-Plot61-48-scaled.jpg","Staged showhome interior space."
"Deva Green","The Snowdon","3","https://www.anwylhomes.co.uk/our-developments/deva-green/snowdon/","images/ada15345635a757df0c7aa846d3c53f62f627ec45f61ebb41b02be458882fbdc.jpg","https://www.anwylhomes.co.uk/app/uploads/2024/02/VictoriaMills-Plot61-46-min-scaled.jpg","Staged showhome interior space."
"Deva Green","The Snowdon","3","https://www.anwylhomes.co.uk/our-developments/deva-green/snowdon/","images/26224effe1d71e70bc1d75fbe66f2328de80821d324ddec2f015609121be3292.jpg","https://www.anwylhomes.co.uk/app/uploads/2024/02/VictoriaMills-Plot61-43-min-scaled.jpg","Staged showhome interior space."
"Deva Green","The Snowdon","3","https://www.anwylhomes.co.uk/our-developments/deva-green/snowdon/","images/4f9b4e092ef3685f494714bb05fe1172d40f7cd010e3c129d844aa5492168776.jpg","https://www.anwylhomes.co.uk/app/uploads/2023/11/Snowdon_3_Bed2.jpg","Staged showhome interior space."
"Deva Green","The Snowdon","3","https://www.anwylhomes.co.uk/our-developments/deva-green/snowdon/","images/9b395ff4b0bf73e45afd7d2a6d2e0233ce71190e876135573c3406fb6d8dfd4a.jpg","https://www.anwylhomes.co.uk/app/uploads/2024/02/VictoriaMills-Plot61-39-scaled.jpg","Staged showhome interior space."
"Deva Green","The Evesham","4","https://www.anwylhomes.co.uk/our-developments/deva-green/evesham/","images/8a0c4e74c9f5bc0b579ef2ba4ec81fcb05890ca4a462750319899ea2b03e58d5.png","https://www.anwylhomes.co.uk/app/uploads/2023/11/Evesham_2_Kitchen.png","Staged showhome interior space."
"Deva Green","The Evesham","4","https://www.anwylhomes.co.uk/our-developments/deva-green/evesham/","images/ec94379ca1230a4ecd164c8ca24eafe762bbc420a3c025b9efe150f4399d2dc4.jpg","https://www.anwylhomes.co.uk/app/uploads/2023/11/Plot_073_Evesham_RenderFrontView_Front_2x1_152.jpg","Staged showhome interior space."
"Deva Green","The Evesham","4","https://www.anwylhomes.co.uk/our-developments/deva-green/evesham/","images/57615402cb45a5755f0a7d6359c67f92a210894f59ec8059d71301c5d8a0b4f4.png","https://www.anwylhomes.co.uk/app/uploads/2023/11/Evesham_1_LivingRoom.png","Staged showhome interior space."
"Deva Green","The Evesham","4","https://www.anwylhomes.co.uk/our-developments/deva-green/evesham/","images/a22887c241d72ef28d88bbd00f7391a1219bafe32e33239c72d03ec9b0eb50d5.png","https://www.anwylhomes.co.uk/app/uploads/2023/11/Evesham_3_Bedroom2.png","Staged showhome interior space."
"Deva Green","The Evesham","4","https://www.anwylhomes.co.uk/our-developments/deva-green/evesham/","images/ee2fd42aed3985f014b912e46342b6a5eecda98adb087ebec81d762d8ea347b4.png","https://www.anwylhomes.co.uk/app/uploads/2023/11/Evesham_4_Bedroom1.png","Staged showhome interior space."
"Deva Green","The Evesham","4","https://www.anwylhomes.co.uk/our-developments/deva-green/evesham/","images/4880cf907e356b194e238f5802400ecdee179eb7ebb5dc0e60f2daf18dedfa34.png","https://www.anwylhomes.co.uk/app/uploads/2023/11/Evesham_5_Bathroom-1.png","Staged showhome interior space."
"Deva Green","The Stratford","4","https://www.anwylhomes.co.uk/our-developments/deva-green/stratford/","images/c95fe1d76a39618c3c81f3eb5263b33423793cebdfddbd3c54d90b95d6e90893.png","https://www.anwylhomes.co.uk/app/uploads/2023/11/StratfordC_2_Kitchen.png","Staged showhome interior space."
"Deva Green","The Stratford","4","https://www.anwylhomes.co.uk/our-developments/deva-green/stratford/","images/f465ceb0ec488a3f84b31d45f0697c6c0a7290b5b951f092869c603773224dc4.jpg","https://www.anwylhomes.co.uk/app/uploads/2023/11/Plot_129_StratfordFrontView_Front_2x1_152.jpg","Staged showhome interior space."
"Deva Green","The Stratford","4","https://www.anwylhomes.co.uk/our-developments/deva-green/stratford/","images/552c0f07a02c79d0e4e5aa2581a13afbc4c541499f86d10979ab89d4d818177c.png","https://www.anwylhomes.co.uk/app/uploads/2023/11/StratfordC_1_Living.png","Staged showhome interior space."
"Deva Green","The Stratford","4","https://www.anwylhomes.co.uk/our-developments/deva-green/stratford/","images/05f577d00a04b16edc75fa819c7259353975f502d535558d3107727cf4f7121c.png","https://www.anwylhomes.co.uk/app/uploads/2023/11/StratfordC_3_Bed2.png","Staged showhome interior space."
"Deva Green","The Stratford","4","https://www.anwylhomes.co.uk/our-developments/deva-green/stratford/","images/3f7d64c98a45d1916dabbfa88619f5c6682e38d45cbb8ffe0a6e2354adb0f1b3.png","https://www.anwylhomes.co.uk/app/uploads/2023/11/StratfordC_5_Bathroom.png","Staged showhome interior space."
"Deva Green","The Stratford","4","https://www.anwylhomes.co.uk/our-developments/deva-green/stratford/","images/aeb94fd83e37455be03c892390456d80c5418e25f4e690cbd3a64e63f7627fec.png","https://www.anwylhomes.co.uk/app/uploads/2023/11/StratfordC_4_Bed1.png","Staged showhome interior space."
"Deva Green","The Birkdale","3","https://www.anwylhomes.co.uk/our-developments/deva-green/birkdale-4/","images/ca432cea191a29311fdefcf367f7e916d60b995c44d8e1df621e03d8352622f2.png","https://www.anwylhomes.co.uk/app/uploads/2024/08/Plot_038_Birkdale_FrontView000-min.png","Staged showhome interior space."
"Deva Green","The Birkdale","3","https://www.anwylhomes.co.uk/our-developments/deva-green/birkdale-4/","images/5ac6d233edc1a87f28f572de96803f9458f5d8268967182d89c2071b82ecffe6.jpg","https://www.anwylhomes.co.uk/app/uploads/2024/08/TSC_AnwylHomes_SE161024-80-2.jpg","Staged showhome interior space."
"Deva Green","The Birkdale","3","https://www.anwylhomes.co.uk/our-developments/deva-green/birkdale-4/","images/7633e0c6586edbac6d971492abc99788de3a8b3bac02746ed4919486062f51ba.jpg","https://www.anwylhomes.co.uk/app/uploads/2024/08/TSC_AnwylHomes_SE161024-82.jpg","Staged showhome interior space."
"Deva Green","The Birkdale","3","https://www.anwylhomes.co.uk/our-developments/deva-green/birkdale-4/","images/e3f6bc07706d4708bcae9e4e9a29a18c9a8064ba3c2bae9151f819019034ac78.jpg","https://www.anwylhomes.co.uk/app/uploads/2024/08/TSC_AnwylHomes_SE161024-81.jpg","Staged showhome interior space."
"Deva Green","The Birkdale","3","https://www.anwylhomes.co.uk/our-developments/deva-green/birkdale-4/","images/dff6853a04438422939cdad118ad955105810abf625af4acb40de524ba16d9d4.jpg","https://www.anwylhomes.co.uk/app/uploads/2024/08/TSC_AnwylHomes_SE161024-170-3.jpg","Staged showhome interior space."
"Deva Green","The Birkdale","3","https://www.anwylhomes.co.uk/our-developments/deva-green/birkdale-4/","images/5ce58ba89dad8e85b8dd17d4dea8793e52c6e913dc5942beed3c69e862753c57.jpg","https://www.anwylhomes.co.uk/app/uploads/2024/08/TSC_AnwylHomes_SE161024-76.jpg","Staged showhome interior space."
"Deva Green","The Birkdale","3","https://www.anwylhomes.co.uk/our-developments/deva-green/birkdale-4/","images/2a8e9089be6d99b4fa425c5c916f02685adc1ba7666794914a107ba85b6cc9e0.jpg","https://www.anwylhomes.co.uk/app/uploads/2024/08/TSC_AnwylHomes_SE161024-92-2.jpg","Staged showhome interior space."
"Deva Green","The Birkdale","3","https://www.anwylhomes.co.uk/our-developments/deva-green/birkdale-4/","images/b1d672e81ee9bda27b2d285d9e03d3aeaa8ddd5e92e49bfcebf6f247e57f1ddd.jpg","https://www.anwylhomes.co.uk/app/uploads/2024/08/TSC_AnwylHomes_SE161024-97-2.jpg","Staged showhome interior space."
"Deva Green","The Birkdale","3","https://www.anwylhomes.co.uk/our-developments/deva-green/birkdale-4/","images/c01425ade601976abcda9db71fe8946454eb97f0d51b81f769bc311ca0a9605f.jpg","https://www.anwylhomes.co.uk/app/uploads/2024/08/TSC_AnwylHomes_SE161024-102.jpg","Staged showhome interior space."
"Summers Bridge","The Styal","1","https://www.anwylhomes.co.uk/our-developments/summers-bridge/styal-4/","images/c9f9b071f9259c887e0779f8c98db872323960daec8367924c4a71c26ef7a829.jpg","https://www.anwylhomes.co.uk/app/uploads/2023/11/Kitchen-living.jpg","Staged showhome kitchen."
"Summers Bridge","The Styal","1","https://www.anwylhomes.co.uk/our-developments/summers-bridge/styal-4/","images/8527787693b5d3d6e22b106b60af0481979940a5991415c491e9241d67617d77.jpg","https://www.anwylhomes.co.uk/app/uploads/2025/12/Styal_Plot_174-scaled.jpg","Staged showhome interior space."
"Summers Bridge","The Styal","1","https://www.anwylhomes.co.uk/our-developments/summers-bridge/styal-4/","images/4d35a99ece0b8bc0e3cc35f81ef5161e85c44426738b61841ad90c2bd3b5a370.jpg","https://www.anwylhomes.co.uk/app/uploads/2023/11/Kitchen-2.jpg","Staged showhome kitchen."
"Summers Bridge","The Styal","1","https://www.anwylhomes.co.uk/our-developments/summers-bridge/styal-4/","images/8b718af0f9418958844c65d769c1e318201433b4cab9bf0dd35e39db7c81db4d.jpg","https://www.anwylhomes.co.uk/app/uploads/2023/11/Bedroom-2.jpg","Staged showhome bedroom."
"Summers Bridge","The Styal","1","https://www.anwylhomes.co.uk/our-developments/summers-bridge/styal-4/","images/e536689780d6f7e8eb3f0505ba286a3a3d2b5ff53f45bfb44cee1e745db311c9.jpg","https://www.anwylhomes.co.uk/app/uploads/2023/11/Bathroom.jpg","Staged showhome bathroom."
"Summers Bridge","The Styal","1","https://www.anwylhomes.co.uk/our-developments/summers-bridge/styal-4/","images/8a0dc8f7b0723528c0aa0e39f433397b2b7d5f8a371be50a80f468c8766f67a3.jpg","https://www.anwylhomes.co.uk/app/uploads/2023/11/Bedroom.jpg","Staged showhome bedroom."
"Summers Bridge","The Carmarthen","2","https://www.anwylhomes.co.uk/our-developments/summers-bridge/carmarthen/","images/cee705b00f937fb711917a930471ae88bef4bed8d7c8c822a7138df9a8248d09.jpg","https://www.anwylhomes.co.uk/app/uploads/2024/01/Coxley_2_Kitchen-1.jpg","Staged showhome interior space."
"Summers Bridge","The Carmarthen","2","https://www.anwylhomes.co.uk/our-developments/summers-bridge/carmarthen/","images/f8fa44fa6d96d0c0ce8bd71dcc810f5059b94feceecf16cb80b2ba2da989fac6.jpg","https://www.anwylhomes.co.uk/app/uploads/2025/12/Carmathen_Plot_177-scaled.jpg","Staged showhome interior space."
"Summers Bridge","The Carmarthen","2","https://www.anwylhomes.co.uk/our-developments/summers-bridge/carmarthen/","images/6f18dc648a1b6d8bf3362c605b21382f4394e7d1922f645c0dfb4dc1ee5670ac.jpg","https://www.anwylhomes.co.uk/app/uploads/2024/01/Coxley_3_LivingRoom-1.jpg","Staged showhome interior space."
"Summers Bridge","The Carmarthen","2","https://www.anwylhomes.co.uk/our-developments/summers-bridge/carmarthen/","images/5d6d15e79499fb9217cceee5aff67ced7e1462589265f0e83c7cec4e00889a62.jpg","https://www.anwylhomes.co.uk/app/uploads/2024/01/Coxley_1_Bedroom.jpg","Staged showhome interior space."
"Summers Bridge","The Carmarthen","2","https://www.anwylhomes.co.uk/our-developments/summers-bridge/carmarthen/","images/af8ff0846d7d39bf4c1352fbb0c6e8b779bd82ddde96d90a3f4685b6d7a5c12b.jpg","https://www.anwylhomes.co.uk/app/uploads/2024/01/Coxley_4_Bedroom2.jpg","Staged showhome interior space."
"Summers Bridge","The Carmarthen","2","https://www.anwylhomes.co.uk/our-developments/summers-bridge/carmarthen/","images/6e41f2c0fc63d01f7bd21437e7f27d1040d2831f164cf0dd7716622e2fc4f228.jpg","https://www.anwylhomes.co.uk/app/uploads/2024/01/Coxley_5_Bathroom.jpg","Staged showhome interior space."
"Summers Bridge","The Kinnerton","3","https://www.anwylhomes.co.uk/our-developments/summers-bridge/kinnerton/","images/770e7545aef59c01a79e953c47131f9d66fb76c56290b0fb8eae38222cf54b55.jpg","https://www.anwylhomes.co.uk/app/uploads/2024/01/Kinnerton_2_Kitchen.jpg","Staged showhome interior space."
"Summers Bridge","The Kinnerton","3","https://www.anwylhomes.co.uk/our-developments/summers-bridge/kinnerton/","images/cf3452ded7289b7c9109c9b2d20e8a1a36b1b474d5a3912b2f7391096312299a.jpg","https://www.anwylhomes.co.uk/app/uploads/2025/12/Kinnerton_Plot_134-scaled.jpg","Staged showhome interior space."
"Summers Bridge","The Kinnerton","3","https://www.anwylhomes.co.uk/our-developments/summers-bridge/kinnerton/","images/352d75d6f7f2a10e292fd6138b6b92b35e0f50a37f31074f0e404fa0454f869f.jpg","https://www.anwylhomes.co.uk/app/uploads/2024/01/AH_SB_Kinnerton_7.jpg","Staged showhome interior space."
"Summers Bridge","The Kinnerton","3","https://www.anwylhomes.co.uk/our-developments/summers-bridge/kinnerton/","images/e19cf170b532f8628d61eb4f3ebf965b00811b2e29da072dbc99c5a90e4e47ea.jpg","https://www.anwylhomes.co.uk/app/uploads/2024/01/Kinnerton_1_Living.jpg","Staged showhome interior space."
"Summers Bridge","The Kinnerton","3","https://www.anwylhomes.co.uk/our-developments/summers-bridge/kinnerton/","images/56c892747888c18e96199edb6642b319742ddecf5ee53e811dcdd7707d624cef.jpg","https://www.anwylhomes.co.uk/app/uploads/2024/01/Kinnerton_3_Bed2.jpg","Staged showhome interior space."
"Summers Bridge","The Kinnerton","3","https://www.anwylhomes.co.uk/our-developments/summers-bridge/kinnerton/","images/598a1b331d88e1e8b2bd594038a0294a0c88332b018a40434503c614ce068f78.jpg","https://www.anwylhomes.co.uk/app/uploads/2024/01/Kinnerton_4_Bed1.jpg","Staged showhome interior space."
"Summers Bridge","The Kinnerton","3","https://www.anwylhomes.co.uk/our-developments/summers-bridge/kinnerton/","images/4becf10f8c7b35f77628e4d116710b08f51cfc01352bfb16cc7689905fbd1398.jpg","https://www.anwylhomes.co.uk/app/uploads/2024/01/AH_SB_Kinnerton_6.jpg","Staged showhome interior space."
"Summers Bridge","The Kinnerton","3","https://www.anwylhomes.co.uk/our-developments/summers-bridge/kinnerton/","images/7fc7428ae6902a05777b93e82cfeddde1e22a2aa61654955332812cf7192fb08.jpg","https://www.anwylhomes.co.uk/app/uploads/2024/01/Kinnerton_5_Bathroom.jpg","Staged showhome interior space."
"Summers Bridge","The Bretton","3","https://www.anwylhomes.co.uk/our-developments/summers-bridge/bretton-2/","images/d54e0a3bb42140f6ac8a67d0a9ddf20c2888d2589b411ad498f9447afab5bafe.jpg","https://www.anwylhomes.co.uk/app/uploads/2024/01/6803-scaled.jpg","Staged showhome interior space."
"Summers Bridge","The Bretton","3","https://www.anwylhomes.co.uk/our-developments/summers-bridge/bretton-2/","images/41851422a47fed48a2a969e6e7817754c3538b7f86fa94e6a8483d70e6bf1bf7.jpg","https://www.anwylhomes.co.uk/app/uploads/2025/12/Bretton_Plot_122-scaled.jpg","Staged showhome interior space."
"Summers Bridge","The Bretton","3","https://www.anwylhomes.co.uk/our-developments/summers-bridge/bretton-2/","images/ed2991835d49dff662934fbeee7cb8d1296d1ba30ffb2883dcbb582f50909fe9.jpg","https://www.anwylhomes.co.uk/app/uploads/2024/01/6779-scaled.jpg","Staged showhome interior space."
"Summers Bridge","The Bretton","3","https://www.anwylhomes.co.uk/our-developments/summers-bridge/bretton-2/","images/707767af16489597f184071416f5640834bc9d89869acc3be1ae8f70d00f6ed0.jpg","https://www.anwylhomes.co.uk/app/uploads/2024/01/6878-scaled.jpg","Staged showhome interior space."
"Summers Bridge","The Bretton","3","https://www.anwylhomes.co.uk/our-developments/summers-bridge/bretton-2/","images/be33eb58ec489b65bb1475968dc12ca9050b80b7425973550c325d14326aca63.jpg","https://www.anwylhomes.co.uk/app/uploads/2024/01/6833-scaled.jpg","Staged showhome interior space."
"Summers Bridge","The Bretton","3","https://www.anwylhomes.co.uk/our-developments/summers-bridge/bretton-2/","images/7cc7118851b65de8c9f044c6f25139305985b09bb0e03257d73dc782d96107e3.jpg","https://www.anwylhomes.co.uk/app/uploads/2024/01/6919-scaled.jpg","Staged showhome interior space."
"Summers Bridge","The Bretton","3","https://www.anwylhomes.co.uk/our-developments/summers-bridge/bretton-2/","images/f55d9b76460ff2c7b68eb78255cb2b0e3d097f99ab8532566c3e109711e3070c.jpg","https://www.anwylhomes.co.uk/app/uploads/2024/01/6935-scaled.jpg","Staged showhome interior space."
"Summers Bridge","The Bretton","3","https://www.anwylhomes.co.uk/our-developments/summers-bridge/bretton-2/","images/d9515e19d716730c9dfdf1782cc873d889ad2688ed7c43fe9703a3f03254ff03.jpg","https://www.anwylhomes.co.uk/app/uploads/2024/01/6944-scaled.jpg","Staged showhome interior space."
"Summers Bridge","The Bretton","3","https://www.anwylhomes.co.uk/our-developments/summers-bridge/bretton-2/","images/0a55128be94a6c5315e16e1deebc82f244eb53801ff1589c147505aa9ef8c462.jpg","https://www.anwylhomes.co.uk/app/uploads/2024/01/6987-scaled.jpg","Staged showhome interior space."
"Summers Bridge","The Bretton","3","https://www.anwylhomes.co.uk/our-developments/summers-bridge/bretton-2/","images/e798255760f94adc108f3c5b310724dbe12e0d8bf65c97d1d8d5f1491b95f96b.jpg","https://www.anwylhomes.co.uk/app/uploads/2024/01/6956-scaled.jpg","Staged showhome interior space."
"Summers Bridge","The Bretton","3","https://www.anwylhomes.co.uk/our-developments/summers-bridge/bretton-2/","images/adf833a4c394539c94efce78ad82c98bb4f918be58b4da4f4dda271d9369c3fb.jpg","https://www.anwylhomes.co.uk/app/uploads/2024/01/6907-scaled.jpg","Staged showhome interior space."
"Summers Bridge","The Bretton","3","https://www.anwylhomes.co.uk/our-developments/summers-bridge/bretton-2/","images/9eca1ecee3535f6bc6826d04ef72d1d6210ed7394cd4c681a005a5d67b22ceb5.jpg","https://www.anwylhomes.co.uk/app/uploads/2024/01/6949-scaled.jpg","Staged showhome interior space."
"Summers Bridge","The Birkdale","3","https://www.anwylhomes.co.uk/our-developments/summers-bridge/birkdale-6/","images/b44ab00f93f74572ce80c2b0cb0b5f9f1d341f78274448784759c6309b618b85.jpg","https://www.anwylhomes.co.uk/app/uploads/2025/12/Birkdale_Plot_117-scaled.jpg","Staged showhome interior space."
"Summers Bridge","The Birkdale","3","https://www.anwylhomes.co.uk/our-developments/summers-bridge/birkdale-6/","images/5ac6d233edc1a87f28f572de96803f9458f5d8268967182d89c2071b82ecffe6.jpg","https://www.anwylhomes.co.uk/app/uploads/2024/08/TSC_AnwylHomes_SE161024-80-2.jpg","Staged showhome interior space."
"Summers Bridge","The Birkdale","3","https://www.anwylhomes.co.uk/our-developments/summers-bridge/birkdale-6/","images/e3f6bc07706d4708bcae9e4e9a29a18c9a8064ba3c2bae9151f819019034ac78.jpg","https://www.anwylhomes.co.uk/app/uploads/2024/08/TSC_AnwylHomes_SE161024-81.jpg","Staged showhome interior space."
"Summers Bridge","The Birkdale","3","https://www.anwylhomes.co.uk/our-developments/summers-bridge/birkdale-6/","images/7633e0c6586edbac6d971492abc99788de3a8b3bac02746ed4919486062f51ba.jpg","https://www.anwylhomes.co.uk/app/uploads/2024/08/TSC_AnwylHomes_SE161024-82.jpg","Staged showhome interior space."
"Summers Bridge","The Birkdale","3","https://www.anwylhomes.co.uk/our-developments/summers-bridge/birkdale-6/","images/5ce58ba89dad8e85b8dd17d4dea8793e52c6e913dc5942beed3c69e862753c57.jpg","https://www.anwylhomes.co.uk/app/uploads/2024/08/TSC_AnwylHomes_SE161024-76.jpg","Staged showhome interior space."
"Summers Bridge","The Birkdale","3","https://www.anwylhomes.co.uk/our-developments/summers-bridge/birkdale-6/","images/b1d672e81ee9bda27b2d285d9e03d3aeaa8ddd5e92e49bfcebf6f247e57f1ddd.jpg","https://www.anwylhomes.co.uk/app/uploads/2024/08/TSC_AnwylHomes_SE161024-97-2.jpg","Staged showhome interior space."
"Summers Bridge","The Birkdale","3","https://www.anwylhomes.co.uk/our-developments/summers-bridge/birkdale-6/","images/2a8e9089be6d99b4fa425c5c916f02685adc1ba7666794914a107ba85b6cc9e0.jpg","https://www.anwylhomes.co.uk/app/uploads/2024/08/TSC_AnwylHomes_SE161024-92-2.jpg","Staged showhome interior space."
"Summers Bridge","The Birkdale","3","https://www.anwylhomes.co.uk/our-developments/summers-bridge/birkdale-6/","images/c01425ade601976abcda9db71fe8946454eb97f0d51b81f769bc311ca0a9605f.jpg","https://www.anwylhomes.co.uk/app/uploads/2024/08/TSC_AnwylHomes_SE161024-102.jpg","Staged showhome interior space."
"Summers Bridge","The Appleton","3","https://www.anwylhomes.co.uk/our-developments/summers-bridge/appleton-2/","images/63158f6240e39d5b50ad5a35689d2d80d5d16a63ba387ec6d01b25f8acea187f.jpg","https://www.anwylhomes.co.uk/app/uploads/2023/11/5385-scaled.jpg","Staged showhome interior space."
"Summers Bridge","The Appleton","3","https://www.anwylhomes.co.uk/our-developments/summers-bridge/appleton-2/","images/3c9cddc637b44c5d956a86dbcfb2df775200064139e0638575ac8d217074a904.jpg","https://www.anwylhomes.co.uk/app/uploads/2025/12/Appleton_Plot_115--scaled.jpg","Staged showhome interior space."
"Summers Bridge","The Appleton","3","https://www.anwylhomes.co.uk/our-developments/summers-bridge/appleton-2/","images/c233b9cb8e52acb14e8c14d7983e40bc6c34d3e5410edaef82d7478b377a2d53.jpg","https://www.anwylhomes.co.uk/app/uploads/2023/11/5468-scaled.jpg","Staged showhome interior space."
"Summers Bridge","The Appleton","3","https://www.anwylhomes.co.uk/our-developments/summers-bridge/appleton-2/","images/d79e9aa5695dd07299eb417dea21849b50980512084079c654c6f7eecfdde07d.jpg","https://www.anwylhomes.co.uk/app/uploads/2023/11/5342-scaled.jpg","Staged showhome interior space."
"Summers Bridge","The Appleton","3","https://www.anwylhomes.co.uk/our-developments/summers-bridge/appleton-2/","images/578d27c7529794863307745345541154230ede7815ee7da02358c5a4f6ee5851.jpg","https://www.anwylhomes.co.uk/app/uploads/2023/11/5505-scaled.jpg","Staged showhome interior space."
"Summers Bridge","The Appleton","3","https://www.anwylhomes.co.uk/our-developments/summers-bridge/appleton-2/","images/e1673c138dd8855cdc1c35f4aff86dcc5227a7429850cd9656b2c9e3e53e854e.jpg","https://www.anwylhomes.co.uk/app/uploads/2023/11/5522-scaled.jpg","Staged showhome interior space."
"Summers Bridge","The Appleton","3","https://www.anwylhomes.co.uk/our-developments/summers-bridge/appleton-2/","images/3149cbc7d5f01f63fd46b3e6bf13b11f8d74773398165c9e6a76116a62d1db30.jpg","https://www.anwylhomes.co.uk/app/uploads/2023/11/5620-scaled.jpg","Staged showhome interior space."
"Summers Bridge","The Appleton","3","https://www.anwylhomes.co.uk/our-developments/summers-bridge/appleton-2/","images/ea4a83fe524c19c501ea07a5089d4fba760f2e5a4251b4e638232270c131910a.jpg","https://www.anwylhomes.co.uk/app/uploads/2023/11/5644-scaled.jpg","Staged showhome interior space."
"Summers Bridge","The Appleton","3","https://www.anwylhomes.co.uk/our-developments/summers-bridge/appleton-2/","images/62d3bd7f30fa1238f15a785eb72619896c3a4282392392eb1312ca980a7b9a04.jpg","https://www.anwylhomes.co.uk/app/uploads/2023/11/5667-scaled.jpg","Staged showhome interior space."
"Summers Bridge","The Appleton","3","https://www.anwylhomes.co.uk/our-developments/summers-bridge/appleton-2/","images/efc2f07f5ad138a501e0875d949c9cc641474ea8573a42ccae583fc7697a13fa.jpg","https://www.anwylhomes.co.uk/app/uploads/2023/11/5677-scaled.jpg","Staged showhome interior space."
"Summers Bridge","The Appleton","3","https://www.anwylhomes.co.uk/our-developments/summers-bridge/appleton-2/","images/901d8981f1e75df0b9954edfe8fdc4cef742f0a97ab7eb8344448d3a976b15ec.jpg","https://www.anwylhomes.co.uk/app/uploads/2023/11/5562-scaled.jpg","Staged showhome interior space."
"Summers Bridge","The Appleton","3","https://www.anwylhomes.co.uk/our-developments/summers-bridge/appleton-2/","images/353339a5736b0a8da18a5e7261c99374ffb52297b295f5a38e5b9cc50094807c.jpg","https://www.anwylhomes.co.uk/app/uploads/2023/11/5717-scaled.jpg","Staged showhome interior space."
"Summers Bridge","The Farndon","4","https://www.anwylhomes.co.uk/our-developments/summers-bridge/farndon-2/","images/c0afe084de25058f0811ebeccb128a651e07be63310aee87cb3c3716fff21873.jpg","https://www.anwylhomes.co.uk/app/uploads/2023/11/6487-scaled.jpg","Staged showhome interior space."
"Summers Bridge","The Farndon","4","https://www.anwylhomes.co.uk/our-developments/summers-bridge/farndon-2/","images/f8007bb3ae4af34df2de38be5a9a714b2b63830f6c1d0a74a74e8c82e50dee63.jpg","https://www.anwylhomes.co.uk/app/uploads/2025/12/Farndon_Plot_125-scaled.jpg","Staged showhome interior space."
"Summers Bridge","The Farndon","4","https://www.anwylhomes.co.uk/our-developments/summers-bridge/farndon-2/","images/4959747dd12f1a5c2fd8f6cda72bec6f1f3c4ef31dfa212b0ec81d30ae8182df.jpg","https://www.anwylhomes.co.uk/app/uploads/2023/11/6458-scaled.jpg","Staged showhome interior space."
"Summers Bridge","The Farndon","4","https://www.anwylhomes.co.uk/our-developments/summers-bridge/farndon-2/","images/9f2663c76ec250625498f79cc51f36730c27a0235956c8c50bfdd94ad272e815.jpg","https://www.anwylhomes.co.uk/app/uploads/2023/11/6430-1-scaled.jpg","Staged showhome interior space."
"Summers Bridge","The Farndon","4","https://www.anwylhomes.co.uk/our-developments/summers-bridge/farndon-2/","images/a36df2f2df97e2b9d9f22a776be72329a72079415a172825ad2bad9f5e71b42c.jpg","https://www.anwylhomes.co.uk/app/uploads/2023/11/6403-scaled.jpg","Staged showhome interior space."
"Summers Bridge","The Farndon","4","https://www.anwylhomes.co.uk/our-developments/summers-bridge/farndon-2/","images/8926fa3d2b6d07700113aaec98872978bc732531d527a5463a810807c948d52a.jpg","https://www.anwylhomes.co.uk/app/uploads/2023/11/6373-scaled.jpg","Staged showhome interior space."
"Summers Bridge","The Farndon","4","https://www.anwylhomes.co.uk/our-developments/summers-bridge/farndon-2/","images/4813aa7a6c212345a46496fe0a431a05f9535f0efe9ff49cc39ee4290daa13df.jpg","https://www.anwylhomes.co.uk/app/uploads/2023/11/6522-1-scaled.jpg","Staged showhome interior space."
"Summers Bridge","The Farndon","4","https://www.anwylhomes.co.uk/our-developments/summers-bridge/farndon-2/","images/70c08e87c52c6241ba956ab03ad4c34ba56075ea5d6ee8b9ae694881ad2f714e.jpg","https://www.anwylhomes.co.uk/app/uploads/2023/11/6529-scaled.jpg","Staged showhome interior space."
"Summers Bridge","The Farndon","4","https://www.anwylhomes.co.uk/our-developments/summers-bridge/farndon-2/","images/d6db44b35dae470f61e926a7de62112f92b610c455e4dd49a68d0f3c4ecaf837.jpg","https://www.anwylhomes.co.uk/app/uploads/2023/11/6578-1-scaled.jpg","Staged showhome interior space."
"Summers Bridge","The Farndon","4","https://www.anwylhomes.co.uk/our-developments/summers-bridge/farndon-2/","images/426b0296517d786782427a83a8753e84e4b35719a770f0f67bed6e6b0d4a1888.jpg","https://www.anwylhomes.co.uk/app/uploads/2023/11/6511-1-scaled.jpg","Staged showhome interior space."
"Summers Bridge","The Farndon","4","https://www.anwylhomes.co.uk/our-developments/summers-bridge/farndon-2/","images/9a534466e7d12030f5e9b92a5cc74035b812b13aa858ed93a3ccc9fbb5552edb.jpg","https://www.anwylhomes.co.uk/app/uploads/2023/11/6626-scaled.jpg","Staged showhome interior space."
"Summers Bridge","The Ascot","4","https://www.anwylhomes.co.uk/our-developments/summers-bridge/ascot-2/","images/d99fb3823ab5a98d807deeebcb0b2aa5c5654e99035cad0f9eed189f0acc4b07.jpg","https://www.anwylhomes.co.uk/app/uploads/2025/12/Ascot_Plot_129-scaled.jpg","Staged showhome interior space."
"Summers Bridge","The Ascot","4","https://www.anwylhomes.co.uk/our-developments/summers-bridge/ascot-2/","images/c984077ca3bf668d04ec258283a555db0b191b67fabbd774151e036544a9f869.jpg","https://www.anwylhomes.co.uk/app/uploads/2023/11/7170.jpg","Staged showhome interior space."
"Summers Bridge","The Ascot","4","https://www.anwylhomes.co.uk/our-developments/summers-bridge/ascot-2/","images/7d0efad613fb7f711a2d7190d8ac7a316dae154ebb9ea32de43bf3e7c61b5544.jpg","https://www.anwylhomes.co.uk/app/uploads/2023/11/7217.jpg","Staged showhome interior space."
"Summers Bridge","The Ascot","4","https://www.anwylhomes.co.uk/our-developments/summers-bridge/ascot-2/","images/0fc64442898ba3c0e6e02b19dd1548b52159df21feef8fb7ec5fec20c98cfbe8.jpg","https://www.anwylhomes.co.uk/app/uploads/2023/11/7136.jpg","Staged showhome interior space."
"Summers Bridge","The Ascot","4","https://www.anwylhomes.co.uk/our-developments/summers-bridge/ascot-2/","images/f94dd20935e369857f6e8a9322d7c424afa1572ff342324c1a131465f3fb4070.jpg","https://www.anwylhomes.co.uk/app/uploads/2023/11/7235a-2.jpg","Staged showhome interior space."
"Summers Bridge","The Ascot","4","https://www.anwylhomes.co.uk/our-developments/summers-bridge/ascot-2/","images/33ce5709b619277b8b3e487a48d528f35b463b6d86028c766264e366db394598.jpg","https://www.anwylhomes.co.uk/app/uploads/2023/11/7295.jpg","Staged showhome interior space."
"Summers Bridge","The Ascot","4","https://www.anwylhomes.co.uk/our-developments/summers-bridge/ascot-2/","images/fcb5a169120a289ff4923662ae5332f68466a5f529aad91b008ddc0d1c9915fa.jpg","https://www.anwylhomes.co.uk/app/uploads/2023/11/7490.jpg","Staged showhome interior space."
"Summers Bridge","The Ascot","4","https://www.anwylhomes.co.uk/our-developments/summers-bridge/ascot-2/","images/f08e050a8dd520bfa75f966f046bfe68de327589944470be91f2ec0570c1291c.jpg","https://www.anwylhomes.co.uk/app/uploads/2023/11/7333.jpg","Staged showhome interior space."
"Summers Bridge","The Ascot","4","https://www.anwylhomes.co.uk/our-developments/summers-bridge/ascot-2/","images/bf43e5600827995bf27760dfd9da36380ea3d5c11d9210950e3728a440abbb7a.jpg","https://www.anwylhomes.co.uk/app/uploads/2023/11/7374.jpg","Staged showhome interior space."
"Summers Bridge","The Ascot","4","https://www.anwylhomes.co.uk/our-developments/summers-bridge/ascot-2/","images/2f22c81eb7e6102255b83b2e2ac1cd25accda088a7ae2e8b986de488e2a75974.jpg","https://www.anwylhomes.co.uk/app/uploads/2023/11/7315.jpg","Staged showhome interior space."
"Summers Bridge","The Evesham","4","https://www.anwylhomes.co.uk/our-developments/summers-bridge/evesham-2/","images/df2698bd9b2ff9f155431d5c0004e4f54396549860bd8cf3752081a002804a49.jpg","https://www.anwylhomes.co.uk/app/uploads/2025/12/Evesham_Plot_114-scaled.jpg","Staged showhome interior space."
"Summers Bridge","The Evesham","4","https://www.anwylhomes.co.uk/our-developments/summers-bridge/evesham-2/","images/3960fe0baaff5818e73685fd13f3649d80d31fc099a0434138a34095c78b2637.jpg","https://www.anwylhomes.co.uk/app/uploads/2023/11/Evesham-Summers-Bridge-kitchen-diner-family-area-scaled.jpg","Staged showhome kitchen."
"Summers Bridge","The Evesham","4","https://www.anwylhomes.co.uk/our-developments/summers-bridge/evesham-2/","images/2befe484c0594eae046531d7073966562f8db779c1f64258ffa91184780a5ecf.jpg","https://www.anwylhomes.co.uk/app/uploads/2023/11/Evesham-Summers-Bridge-kitchen-scaled.jpg","Staged showhome kitchen."
"Summers Bridge","The Evesham","4","https://www.anwylhomes.co.uk/our-developments/summers-bridge/evesham-2/","images/17013c25621b9dff02d211207cfd2ea3ce1f8e787e42c7289c751e635a16d400.jpg","https://www.anwylhomes.co.uk/app/uploads/2023/11/Eveshham-summers-bridge-kitchen-diner-scaled.jpg","Staged showhome kitchen."
"Summers Bridge","The Evesham","4","https://www.anwylhomes.co.uk/our-developments/summers-bridge/evesham-2/","images/325f3ff1fd93945eb276525bf9115ababd73165499d4b340cb412fd80973b667.jpg","https://www.anwylhomes.co.uk/app/uploads/2024/03/Evesham-Summers-Bridge-living-room-min.jpg","Staged showhome living room."
"Summers Bridge","The Evesham","4","https://www.anwylhomes.co.uk/our-developments/summers-bridge/evesham-2/","images/b025d3a6abb6b9de73a4a92bcbbe1f48d9d8b8cc29e03ff5fbfdd8acbb9e47c6.jpg","https://www.anwylhomes.co.uk/app/uploads/2023/11/Evesham-Summers-Bridge-Bedroom-1-shot-2-scaled.jpg","Staged showhome bedroom."
"Summers Bridge","The Evesham","4","https://www.anwylhomes.co.uk/our-developments/summers-bridge/evesham-2/","images/ca6dd0533a946e77afdf3640666b70e7a0bc13e50a14d64906648ce712501c3c.jpg","https://www.anwylhomes.co.uk/app/uploads/2023/11/Evesham-Summers-Bridge-ensuite-scaled.jpg","Staged showhome bathroom."
"Summers Bridge","The Evesham","4","https://www.anwylhomes.co.uk/our-developments/summers-bridge/evesham-2/","images/11a73eb2bdb0fd9812e5f3b6cc99a68b8fd752a9ae140cc108e9b3807ebcb910.jpg","https://www.anwylhomes.co.uk/app/uploads/2023/11/Bedroom-3-2-scaled.jpg","Staged showhome bedroom."
"Summers Bridge","The Evesham","4","https://www.anwylhomes.co.uk/our-developments/summers-bridge/evesham-2/","images/d8bf2f1a91d8cec0c19b2bfd1c5ca1840adb6c391e6526a1aad68a7e02f2fd3b.jpg","https://www.anwylhomes.co.uk/app/uploads/2023/11/Bedroom-2-_5_.jpg","Staged showhome bedroom."
"Summers Bridge","The Evesham","4","https://www.anwylhomes.co.uk/our-developments/summers-bridge/evesham-2/","images/51216d0973bc04e47d9f39d69df6f751269027da47b08e9cdfc51a2a5841f104.jpg","https://www.anwylhomes.co.uk/app/uploads/2023/11/200421-The-Henley-39.jpg","Staged showhome interior space."
"Summers Bridge","The Evesham","4","https://www.anwylhomes.co.uk/our-developments/summers-bridge/evesham-2/","images/614e1564c57935acad6b6b7b50596c174de70a2506ae3c9b891b79264f7d3b3a.jpg","https://www.anwylhomes.co.uk/app/uploads/2023/11/Evesham-Summers-Bridge-Bathroom-scaled.jpg","Staged showhome bathroom."
"Summers Bridge","The Evesham","4","https://www.anwylhomes.co.uk/our-developments/summers-bridge/evesham-2/","images/21c895b9658bf92ba4c7e20807b3f672a60f6419f209b695ee71cf3899130494.jpg","https://www.anwylhomes.co.uk/app/uploads/2023/11/Evesham-Summers-Bridge-Bathroom-shot-2-scaled.jpg","Staged showhome bathroom."
"Summers Bridge","The Bunbury","3","https://www.anwylhomes.co.uk/our-developments/summers-bridge/bunbury-2/","images/7aae122a9740f15c3ad7da53a69535d1419f88f011066e7e55f2fc89421dfbf3.jpg","https://www.anwylhomes.co.uk/app/uploads/2025/12/Bunbury_Plot_118_CGI_HR-2-scaled.jpg","Staged showhome interior space."
"Summers Bridge","The Bunbury","3","https://www.anwylhomes.co.uk/our-developments/summers-bridge/bunbury-2/","images/4bbedc79847dc0cb0db5bbc15d16f37952842c76f102ba210060d61c5137473f.png","https://www.anwylhomes.co.uk/app/uploads/2024/01/7859.png","Staged showhome interior space."
"Summers Bridge","The Bunbury","3","https://www.anwylhomes.co.uk/our-developments/summers-bridge/bunbury-2/","images/773bccb1f1dac27110a4041b07e81699d0cf2cf9000d17c2cd5e39c595756d5a.png","https://www.anwylhomes.co.uk/app/uploads/2024/01/7564.png","Staged showhome interior space."
"Summers Bridge","The Bunbury","3","https://www.anwylhomes.co.uk/our-developments/summers-bridge/bunbury-2/","images/e12ed802e9be752d07d38b3cfac80ea1604b09ae8c9ab5d90521c5d936a06e93.png","https://www.anwylhomes.co.uk/app/uploads/2024/01/7843.png","Staged showhome interior space."
"Summers Bridge","The Bunbury","3","https://www.anwylhomes.co.uk/our-developments/summers-bridge/bunbury-2/","images/6e9f8dc06deced2bcee444940cfb6001e08f3a67f4395b7b37e2339fb245d60c.png","https://www.anwylhomes.co.uk/app/uploads/2024/01/7878.png","Staged showhome interior space."
"Summers Bridge","The Bunbury","3","https://www.anwylhomes.co.uk/our-developments/summers-bridge/bunbury-2/","images/91f13018b06217ebd1aa28556b9012c755d31cbe68c4dd12aa36fef67294b084.png","https://www.anwylhomes.co.uk/app/uploads/2024/01/7634.png","Staged showhome interior space."
"Summers Bridge","The Bunbury","3","https://www.anwylhomes.co.uk/our-developments/summers-bridge/bunbury-2/","images/570017c1388e9862f37cd2aaa0cc03bf8ee4b2d1aa69dd9af4531716573a8ad7.png","https://www.anwylhomes.co.uk/app/uploads/2024/01/7690.png","Staged showhome interior space."
"Summers Bridge","The Bunbury","3","https://www.anwylhomes.co.uk/our-developments/summers-bridge/bunbury-2/","images/ee7c8ffcdaa9c50b235ceaec53118ba305d99fd9cc580e2728129b67a698ed23.png","https://www.anwylhomes.co.uk/app/uploads/2024/01/7763.png","Staged showhome interior space."
"Summers Bridge","The Bunbury","3","https://www.anwylhomes.co.uk/our-developments/summers-bridge/bunbury-2/","images/48ac6a6e5fdb87d67f96bfcf4851a8b9ddbc101de9dfb1d599b81ec800432945.png","https://www.anwylhomes.co.uk/app/uploads/2024/01/7791.png","Staged showhome interior space."
"Summers Bridge","The Bunbury","3","https://www.anwylhomes.co.uk/our-developments/summers-bridge/bunbury-2/","images/cffbdf6a5ffef56aa23e21cc5cf1c1b6ecc39dae29035bfa93132c5c3365f83a.png","https://www.anwylhomes.co.uk/app/uploads/2024/01/7721.png","Staged showhome interior space."
"Summers Bridge","The Henley","4","https://www.anwylhomes.co.uk/our-developments/summers-bridge/henley-2/","images/fd85edc7a479d87c74e8b5e9d64c47f62ca7be1a5779fefa9946c0daeb92afac.jpg","https://www.anwylhomes.co.uk/app/uploads/2025/12/Henley_Plot_116-scaled.jpg","Staged showhome interior space."
"Summers Bridge","The Henley","4","https://www.anwylhomes.co.uk/our-developments/summers-bridge/henley-2/","images/6b68a275d1dda1a6ba6061716edf6d132ce5a3ad276736a7e3e31e427f2dacde.jpg","https://www.anwylhomes.co.uk/app/uploads/2023/11/0707.jpg","Staged showhome interior space."
"Summers Bridge","The Henley","4","https://www.anwylhomes.co.uk/our-developments/summers-bridge/henley-2/","images/b2b7142e94840c9d35144c4ad688dc78d750baf017336cb506855f3a74c89bad.jpg","https://www.anwylhomes.co.uk/app/uploads/2023/11/0805.jpg","Staged showhome interior space."
"Summers Bridge","The Henley","4","https://www.anwylhomes.co.uk/our-developments/summers-bridge/henley-2/","images/1692af19e2fed69f22dd654f1f2c772c1ec963b5efc52fdd1b2792d5f6d14532.jpg","https://www.anwylhomes.co.uk/app/uploads/2023/11/0728.jpg","Staged showhome interior space."
"Summers Bridge","The Henley","4","https://www.anwylhomes.co.uk/our-developments/summers-bridge/henley-2/","images/fb95b71eda411cb5204ac933e3093ba26c20baa1a819d977510ceb8453a2bb97.jpg","https://www.anwylhomes.co.uk/app/uploads/2023/11/0754.jpg","Staged showhome interior space."
"Summers Bridge","The Henley","4","https://www.anwylhomes.co.uk/our-developments/summers-bridge/henley-2/","images/d51e7fdf4bdd3f164508e0d888c41cadf3c707f9cc00fbc0f80101cdd1b75b1f.jpg","https://www.anwylhomes.co.uk/app/uploads/2023/11/0685.jpg","Staged showhome interior space."
"Summers Bridge","The Henley","4","https://www.anwylhomes.co.uk/our-developments/summers-bridge/henley-2/","images/85cb22726c0877e1855212f804c5f79b8f4959950c8b8f086f8354f0d301cbe4.jpg","https://www.anwylhomes.co.uk/app/uploads/2023/11/0946.jpg","Staged showhome interior space."
"Summers Bridge","The Henley","4","https://www.anwylhomes.co.uk/our-developments/summers-bridge/henley-2/","images/78e2ad1dcb01365fbd7ae8ea42cf5ae18ddf6f8d1a76ea386671bb964e6877c2.jpg","https://www.anwylhomes.co.uk/app/uploads/2023/11/0885.jpg","Staged showhome interior space."
"Summers Bridge","The Henley","4","https://www.anwylhomes.co.uk/our-developments/summers-bridge/henley-2/","images/5ba23491ec06375e31d7fb39baf3582d6dcfe28cffe1127d3cfb93dad51412c4.jpg","https://www.anwylhomes.co.uk/app/uploads/2023/11/0916.jpg","Staged showhome interior space."
"Summers Bridge","The Henley","4","https://www.anwylhomes.co.uk/our-developments/summers-bridge/henley-2/","images/bab963d4cedccfb091a5064786813554fe70d8fd5dffc13923e6747c0a816129.jpg","https://www.anwylhomes.co.uk/app/uploads/2023/11/0859.jpg","Staged showhome interior space."
"Summers Bridge","The Henley","4","https://www.anwylhomes.co.uk/our-developments/summers-bridge/henley-2/","images/17c154bcd64c3aa30671ce3aff706520bc9274ada20a5739d87d759beb5bcef8.jpg","https://www.anwylhomes.co.uk/app/uploads/2023/11/0977.jpg","Staged showhome interior space."
"Summers Bridge","The Epsom","3","https://www.anwylhomes.co.uk/our-developments/summers-bridge/epsom/","images/ee1a0795d698152184004dd7d3130cfdb59d724dfceda8c742056cd6bf3504c1.png","https://www.anwylhomes.co.uk/app/uploads/2023/11/AH_CF_Epsom_6_Kitchen.png","Staged showhome interior space."
"Summers Bridge","The Epsom","3","https://www.anwylhomes.co.uk/our-developments/summers-bridge/epsom/","images/83accaef73458c4bcb32321a727bc54dcd91d3f951c42a3fda563a5c668437cf.jpg","https://www.anwylhomes.co.uk/app/uploads/2025/12/Epsom_Plot_120-scaled.jpg","Staged showhome interior space."
"Summers Bridge","The Epsom","3","https://www.anwylhomes.co.uk/our-developments/summers-bridge/epsom/","images/6ca4650fc6bdc97dea8d8dfb7e3ef5005d2002e8fcffbfeb3fdf52e8715fb753.png","https://www.anwylhomes.co.uk/app/uploads/2023/11/AH_CF_Epsom_10_LivingRoom.png","Staged showhome interior space."
"Summers Bridge","The Epsom","3","https://www.anwylhomes.co.uk/our-developments/summers-bridge/epsom/","images/b06a3b1b9745cb6a5d33dfad2f55cdd049d2888533e2d55cb61d97c4c8dce1a3.png","https://www.anwylhomes.co.uk/app/uploads/2023/11/AH_CF_Epsom_7_Kitchen.png","Staged showhome interior space."
"Summers Bridge","The Epsom","3","https://www.anwylhomes.co.uk/our-developments/summers-bridge/epsom/","images/d0fd5a620ea1e2f5128f64d8acde495c1c536928e191043f7d55c8deb6571d3c.png","https://www.anwylhomes.co.uk/app/uploads/2023/11/AH_CF_Epsom_1_Bedroom2.png","Staged showhome interior space."
"Summers Bridge","The Epsom","3","https://www.anwylhomes.co.uk/our-developments/summers-bridge/epsom/","images/10767f3add4620803509b0692f265e32f508455d617778d99a81d6cf8a026255.png","https://www.anwylhomes.co.uk/app/uploads/2023/11/AH_CF_Epsom_13_MasterBedroom.png","Staged showhome interior space."
"Summers Bridge","The Epsom","3","https://www.anwylhomes.co.uk/our-developments/summers-bridge/epsom/","images/d64a0b9ce9bcf9f50f4eb0303908ffa441172c18bd80881302a660bfe7141cd8.png","https://www.anwylhomes.co.uk/app/uploads/2023/11/AH_CF_Epsom_2_Bathroom.png","Staged showhome interior space."
"Summers Bridge","The Epsom","3","https://www.anwylhomes.co.uk/our-developments/summers-bridge/epsom/","images/906eb6810745f4b7d5235ed076cf7054bd7588d063e57bb07530caf74e23f9c8.png","https://www.anwylhomes.co.uk/app/uploads/2023/11/AH_CF_Epsom_3_Bedroom3.png","Staged showhome interior space."
"Summers Bridge","The Burton","2","https://www.anwylhomes.co.uk/our-developments/summers-bridge/burton/","images/401532223f6bd1937e839433130a33ba6034a7a78b656840453a3fc828dd8b33.png","https://www.anwylhomes.co.uk/app/uploads/2023/11/Burton_3_Kitchen.png","Staged showhome interior space."
"Summers Bridge","The Burton","2","https://www.anwylhomes.co.uk/our-developments/summers-bridge/burton/","images/8ba6f3d04d48d2835765c9d44e5fd4ee66a9b735175ce76acc7360b49f9a4cdd.jpg","https://www.anwylhomes.co.uk/app/uploads/2025/12/Burton_Plot_135-scaled.jpg","Staged showhome interior space."
"Summers Bridge","The Burton","2","https://www.anwylhomes.co.uk/our-developments/summers-bridge/burton/","images/2918cb7f2a22248b742029f428cbb6bafd2a032510dac74fa2d444428449057e.png","https://www.anwylhomes.co.uk/app/uploads/2023/11/Burton_1_Living.png","Staged showhome interior space."
"Summers Bridge","The Burton","2","https://www.anwylhomes.co.uk/our-developments/summers-bridge/burton/","images/cb468ebc7fd980d412d1a68013cdbb794822fef88316920ae069459ca7c6b220.png","https://www.anwylhomes.co.uk/app/uploads/2023/11/Burton_2_Kitchen2.png","Staged showhome interior space."
"Summers Bridge","The Burton","2","https://www.anwylhomes.co.uk/our-developments/summers-bridge/burton/","images/a8f5b2e58fd3cb26e921eae407f4322044fd543e3025ac5e29e5040aa70052b2.png","https://www.anwylhomes.co.uk/app/uploads/2023/11/Burton_4_Bed2.png","Staged showhome interior space."
"Summers Bridge","The Burton","2","https://www.anwylhomes.co.uk/our-developments/summers-bridge/burton/","images/41685247149239a0d0b11a0837d8b6fe29c822b0e13c06e4fb170b8de0c1d775.png","https://www.anwylhomes.co.uk/app/uploads/2023/11/Burton_5_Bed1.png","Staged showhome interior space."
"Summers Bridge","The Burton","2","https://www.anwylhomes.co.uk/our-developments/summers-bridge/burton/","images/c5a5e4fd3f393c3666543d98c848b6295ef1d234785f259cf168225067e156b1.png","https://www.anwylhomes.co.uk/app/uploads/2023/11/Burton_6_Bathroom.png","Staged showhome interior space."
"Parc Bodafon","The Cheltenham","4","https://www.anwylhomes.co.uk/our-developments/parc-bodafon/cheltenham/","images/df90e04792494d4b0e3c5c9cb7b8aa2cedf836c7f65436e9a7db451e0d766e9a.jpg","https://www.anwylhomes.co.uk/app/uploads/2024/01/Cheltenham-kitchen-diner-family-scaled.jpg","Staged showhome kitchen."
"Parc Bodafon","The Cheltenham","4","https://www.anwylhomes.co.uk/our-developments/parc-bodafon/cheltenham/","images/7f0a3eb5aaab4903eca06e026b8aa3e6ca1f7550f4a1bf0b75f1a192f07b9aea.jpg","https://www.anwylhomes.co.uk/app/uploads/2024/01/CGI-Cheltenham-group-v1-scaled.jpg","Staged showhome interior space."
"Parc Bodafon","The Cheltenham","4","https://www.anwylhomes.co.uk/our-developments/parc-bodafon/cheltenham/","images/60429002235ecfd2163aade6ba3866939f4a570a368a624d2d21d2accbcc10ff.jpg","https://www.anwylhomes.co.uk/app/uploads/2024/01/Cheltenham-kitchen-diner-2-scaled.jpg","Staged showhome kitchen."
"Parc Bodafon","The Cheltenham","4","https://www.anwylhomes.co.uk/our-developments/parc-bodafon/cheltenham/","images/b8736e1f497b51f590ceca953669f0388e4bf24248d6508657d1f169dcac8371.jpg","https://www.anwylhomes.co.uk/app/uploads/2024/01/Cheltenham-kitchen-diner-scaled.jpg","Staged showhome kitchen."
"Parc Bodafon","The Cheltenham","4","https://www.anwylhomes.co.uk/our-developments/parc-bodafon/cheltenham/","images/fa6012ca37f3e4be56a424df4c62cf8dd1524eac0990d87eb6971fd123e42ce7.jpg","https://www.anwylhomes.co.uk/app/uploads/2024/01/Cheltenham-living-room-1-scaled.jpg","Staged showhome living room."
"Parc Bodafon","The Cheltenham","4","https://www.anwylhomes.co.uk/our-developments/parc-bodafon/cheltenham/","images/a044a65609d4f8f2a225d32fef17e71e5e88f994bbe48bbebc68131a5109cfae.jpg","https://www.anwylhomes.co.uk/app/uploads/2024/01/Cheltenham-living-room-scaled.jpg","Staged showhome living room."
"Parc Bodafon","The Cheltenham","4","https://www.anwylhomes.co.uk/our-developments/parc-bodafon/cheltenham/","images/5cb9c0d3a5f905735640e377f016b52b275a97f3a72b5ce27c2cba0e00f3692d.jpg","https://www.anwylhomes.co.uk/app/uploads/2024/01/Cheltenham-bedroom-one-scaled.jpg","Staged showhome bedroom."
"Parc Bodafon","The Cheltenham","4","https://www.anwylhomes.co.uk/our-developments/parc-bodafon/cheltenham/","images/dab25be1660ec0f779a90529ee889b1937293c5ee6153db306286a3dbcd8efa1.jpg","https://www.anwylhomes.co.uk/app/uploads/2024/01/Cheltenham-bedroom-one-angle-two-scaled.jpg","Staged showhome bedroom."
"Parc Bodafon","The Cheltenham","4","https://www.anwylhomes.co.uk/our-developments/parc-bodafon/cheltenham/","images/cbde1dc52b4601275755190c79678be76e4e6c6e1f2a2185d25fe22cbee5f9ed.jpg","https://www.anwylhomes.co.uk/app/uploads/2024/01/Cheltenham-ensuite-bed-one-scaled.jpg","Staged showhome bedroom."
"Parc Bodafon","The Cheltenham","4","https://www.anwylhomes.co.uk/our-developments/parc-bodafon/cheltenham/","images/881b23fd283868f250795f52cd3562df979c1c086e2c9ea7328d59b321fc0ec4.jpg","https://www.anwylhomes.co.uk/app/uploads/2024/01/Cheltenham-bedroom-one-ensuite-scaled.jpg","Staged showhome bedroom."
"Parc Bodafon","The Cheltenham","4","https://www.anwylhomes.co.uk/our-developments/parc-bodafon/cheltenham/","images/931303eeeb5370e32d4a39e08ea132aef153ff547795fa00e08d1b1f8866c0d2.jpg","https://www.anwylhomes.co.uk/app/uploads/2024/01/Cheltenham-Bedroom-two-scaled.jpg","Staged showhome bedroom."
"Parc Bodafon","The Cheltenham","4","https://www.anwylhomes.co.uk/our-developments/parc-bodafon/cheltenham/","images/fa9e534752e59dec02388e76f136ec2003dcd02a9db50cdb9141b8c7bed6f155.jpg","https://www.anwylhomes.co.uk/app/uploads/2024/01/Cheltenham-ensuite-bed-two-scaled.jpg","Staged showhome bedroom."
"Parc Bodafon","The Cheltenham","4","https://www.anwylhomes.co.uk/our-developments/parc-bodafon/cheltenham/","images/43380658b1e1384241a5a4d3f34a90b43bd1c23fd23422000021cdfe40f5562c.jpg","https://www.anwylhomes.co.uk/app/uploads/2024/01/Cheltenham-bedroom-three-1-scaled.jpg","Staged showhome bedroom."
"Parc Bodafon","The Cheltenham","4","https://www.anwylhomes.co.uk/our-developments/parc-bodafon/cheltenham/","images/6d0201debe3a6605dc4a1c1eafad7d4c54d8d3381d2339f54510cd231b8fde55.jpg","https://www.anwylhomes.co.uk/app/uploads/2024/01/Cheltenham-Bedroom-four-scaled.jpg","Staged showhome bedroom."
"Parc Bodafon","The Cheltenham","4","https://www.anwylhomes.co.uk/our-developments/parc-bodafon/cheltenham/","images/7e357e1b89a1dcbcd2272a5fa10c36186086b099f7921c0ebf7131d68d992898.jpg","https://www.anwylhomes.co.uk/app/uploads/2024/01/Cheltenham-bathroom-scaled.jpg","Staged showhome bathroom."
"Parc Bodafon","The Cheltenham","4","https://www.anwylhomes.co.uk/our-developments/parc-bodafon/cheltenham/","images/4fa2cda16d1317d5af015b97bb0a8f0b3b5d5336cf385429ca4092651bbeed40.jpg","https://www.anwylhomes.co.uk/app/uploads/2024/01/Cheltenham-cloaks-scaled.jpg","Staged showhome interior space."
"Parc Bodafon","The Orme","4","https://www.anwylhomes.co.uk/our-developments/parc-bodafon/orme/","images/2bd2b822d1c3299b7df9d32dff4b84939ca7deb97bf900d965295042fcacb062.jpg","https://www.anwylhomes.co.uk/app/uploads/2023/11/Anwyl-Park-Bodafon-The-Orme-Showhome-17-scaled.jpg","Staged showhome interior space."
"Parc Bodafon","The Orme","4","https://www.anwylhomes.co.uk/our-developments/parc-bodafon/orme/","images/066cdfc94a9945ed9d30b94c1c7e1fbed5d736b9863b5c0e46fecb4aa5680ec2.jpg","https://www.anwylhomes.co.uk/app/uploads/2023/11/Anwyl-Park-Bodafon-The-Orme-Showhome-133-min-scaled.jpg","Staged showhome interior space."
"Parc Bodafon","The Orme","4","https://www.anwylhomes.co.uk/our-developments/parc-bodafon/orme/","images/685db65be63a37e42368e9d06667a3d9243b96bb208a939fd6aef9e305c8ffe4.jpg","https://www.anwylhomes.co.uk/app/uploads/2023/11/Anwyl-Park-Bodafon-The-Orme-Showhome-77-min-scaled.jpg","Staged showhome interior space."
"Parc Bodafon","The Orme","4","https://www.anwylhomes.co.uk/our-developments/parc-bodafon/orme/","images/fdd0753ee14426e591dc2b3a41661b8b99130b76239fea40bddbbda619b30918.jpg","https://www.anwylhomes.co.uk/app/uploads/2023/11/Anwyl-Park-Bodafon-The-Orme-Showhome-107-min-scaled.jpg","Staged showhome interior space."
"Parc Bodafon","The Orme","4","https://www.anwylhomes.co.uk/our-developments/parc-bodafon/orme/","images/30bb7381d9fd8b0eb2b3d9f05de79d51571758bb37a746ebce322c807fbd282a.jpg","https://www.anwylhomes.co.uk/app/uploads/2023/11/Anwyl-Park-Bodafon-The-Orme-Showhome-135-min-scaled.jpg","Staged showhome interior space."
"Parc Bodafon","The Orme","4","https://www.anwylhomes.co.uk/our-developments/parc-bodafon/orme/","images/81fbdc51b9cc6fd09ba492122a50e7be2c5af83e2038f859e115ea199fc8966b.jpg","https://www.anwylhomes.co.uk/app/uploads/2023/11/Anwyl-Park-Bodafon-The-Orme-Showhome-108-min-scaled.jpg","Staged showhome interior space."
"Parc Bodafon","The Orme","4","https://www.anwylhomes.co.uk/our-developments/parc-bodafon/orme/","images/4a23b63d96cb394e0bb2d6b02a9602663df65df144a1a3219672076826b22546.jpg","https://www.anwylhomes.co.uk/app/uploads/2023/11/Anwyl-Park-Bodafon-The-Orme-Showhome-65-min-scaled.jpg","Staged showhome interior space."
"Parc Bodafon","The Orme","4","https://www.anwylhomes.co.uk/our-developments/parc-bodafon/orme/","images/5f8f7e1616430f5779f86626c7561f910f845c9ad98e335fce45283b58d34f18.jpg","https://www.anwylhomes.co.uk/app/uploads/2023/11/Anwyl-Park-Bodafon-The-Orme-Showhome-73-min-scaled.jpg","Staged showhome interior space."
"Parc Bodafon","The Orme","4","https://www.anwylhomes.co.uk/our-developments/parc-bodafon/orme/","images/34c966c7eae32090475858c6cf8897ebe29ca01dd7ed702af018298811b143f0.jpg","https://www.anwylhomes.co.uk/app/uploads/2023/11/Anwyl-Park-Bodafon-The-Orme-Showhome-70-min-scaled.jpg","Staged showhome interior space."
"Parc Bodafon","The Orme","4","https://www.anwylhomes.co.uk/our-developments/parc-bodafon/orme/","images/d560a41a5956695060b574ba3525ecbd9b07e2b0d03bb7aab5fa9e7807feb533.jpg","https://www.anwylhomes.co.uk/app/uploads/2023/11/Anwyl-Park-Bodafon-The-Orme-Showhome-68-min-scaled.jpg","Staged showhome interior space."
"Parc Bodafon","The Orme","4","https://www.anwylhomes.co.uk/our-developments/parc-bodafon/orme/","images/aeea52749d102b29d76a6e5e9ae7fb54a23d91a06fbb5577f2e322291ad86cae.jpg","https://www.anwylhomes.co.uk/app/uploads/2023/11/Anwyl-Park-Bodafon-The-Orme-Showhome-128-min-scaled.jpg","Staged showhome interior space."
"Parc Bodafon","The Orme","4","https://www.anwylhomes.co.uk/our-developments/parc-bodafon/orme/","images/9c8959902b921954bd7bc0d0f210f44c465ae4afdda152d1a7d75667978faa91.jpg","https://www.anwylhomes.co.uk/app/uploads/2023/11/Anwyl-Park-Bodafon-The-Orme-Showhome-127-min-scaled.jpg","Staged showhome interior space."
"Parc Bodafon","The Orme","4","https://www.anwylhomes.co.uk/our-developments/parc-bodafon/orme/","images/49a18cc9ceb23bca6bc9e480876d26f5f88429c3b47c46140b1cf649cd36989d.jpg","https://www.anwylhomes.co.uk/app/uploads/2023/11/Anwyl-Park-Bodafon-The-Orme-Showhome-129-min-scaled.jpg","Staged showhome interior space."
"Parc Bodafon","The Orme","4","https://www.anwylhomes.co.uk/our-developments/parc-bodafon/orme/","images/f1dd4b96ea3ee5e87655232492d3068a48631de35ad0030008b02ea66c7c184d.jpg","https://www.anwylhomes.co.uk/app/uploads/2023/11/Anwyl-Park-Bodafon-The-Orme-Showhome-130-min-scaled.jpg","Staged showhome interior space."
"Parc Bodafon","The Orme","4","https://www.anwylhomes.co.uk/our-developments/parc-bodafon/orme/","images/1e29074d18fc25e380d48fa707ca916a6985175b0a3cc40451f79c169eb558d7.jpg","https://www.anwylhomes.co.uk/app/uploads/2023/11/Anwyl-Park-Bodafon-The-Orme-Showhome-120-min-scaled.jpg","Staged showhome interior space."
"Parc Bodafon","The Orme","4","https://www.anwylhomes.co.uk/our-developments/parc-bodafon/orme/","images/816b0b77879d9bf615d522d9b53e1f31cb6f0d214b44a187c893a98826f59cd4.jpg","https://www.anwylhomes.co.uk/app/uploads/2023/11/Anwyl-Park-Bodafon-The-Orme-Showhome-124-min-scaled.jpg","Staged showhome interior space."
"Parc Bodafon","The Orme","4","https://www.anwylhomes.co.uk/our-developments/parc-bodafon/orme/","images/01c10cf9df8ba628f124fd7ffb47f1c8136f02334e4b5ba06c83cc7d3428f826.jpg","https://www.anwylhomes.co.uk/app/uploads/2023/11/Anwyl-Park-Bodafon-The-Orme-Showhome-52-min-scaled.jpg","Staged showhome interior space."
"Parc Bodafon","The Orme","4","https://www.anwylhomes.co.uk/our-developments/parc-bodafon/orme/","images/5c1e39540d7577600e57d26447e6554fedecbe5aa0740e61c3d52f75a4e2a9ed.jpg","https://www.anwylhomes.co.uk/app/uploads/2023/11/Anwyl-Park-Bodafon-The-Orme-Showhome-114-min-scaled.jpg","Staged showhome interior space."
"Parc Bodafon","The Orme","4","https://www.anwylhomes.co.uk/our-developments/parc-bodafon/orme/","images/6be76a4fc3a18cfa8b84b7e59bab335f1a0b2d708ccdc0523adc296b8e39744b.jpg","https://www.anwylhomes.co.uk/app/uploads/2023/11/Anwyl-Park-Bodafon-The-Orme-Showhome-93-min-scaled.jpg","Staged showhome interior space."
"Parc Bodafon","The Orme","4","https://www.anwylhomes.co.uk/our-developments/parc-bodafon/orme/","images/9bd725027d3c1b0582791fcae06b724c2d0b1c26d0d91daeee191f9f23eb2fc0.jpg","https://www.anwylhomes.co.uk/app/uploads/2023/11/Anwyl-Park-Bodafon-The-Orme-Showhome-87-min-scaled.jpg","Staged showhome interior space."
"Parc Bodafon","The Orme","4","https://www.anwylhomes.co.uk/our-developments/parc-bodafon/orme/","images/f5c416718c430d15b19b668ca1a77707ab88502936e42a26a3bd84422cd6a948.jpg","https://www.anwylhomes.co.uk/app/uploads/2023/11/Anwyl-Park-Bodafon-The-Orme-Showhome-97-min-scaled.jpg","Staged showhome interior space."
"Parc Bodafon","The Orme","4","https://www.anwylhomes.co.uk/our-developments/parc-bodafon/orme/","images/850599ac8a1142385a3320afb9979d9e2bfc7dad275f7085095e78830b37575c.jpg","https://www.anwylhomes.co.uk/app/uploads/2023/11/Anwyl-Park-Bodafon-The-Orme-Showhome-80-min-scaled.jpg","Staged showhome interior space."
"Parc Bodafon","The Orme","4","https://www.anwylhomes.co.uk/our-developments/parc-bodafon/orme/","images/8b019844d802dc01d9de4395a8a200f63678b622fe5a0e904d67c563add66fcf.jpg","https://www.anwylhomes.co.uk/app/uploads/2023/11/Anwyl-Park-Bodafon-The-Orme-Showhome-79-min-scaled.jpg","Staged showhome interior space."
"Parc Bodafon","The Orme","4","https://www.anwylhomes.co.uk/our-developments/parc-bodafon/orme/","images/f5f9ec9192faa02d68f29f8aabd736981d3d8df7727b1844fe2039e9727d405d.jpg","https://www.anwylhomes.co.uk/app/uploads/2023/11/Anwyl-Park-Bodafon-The-Orme-Showhome-84-min-scaled.jpg","Staged showhome interior space."
"Parc Bodafon","The Orme","4","https://www.anwylhomes.co.uk/our-developments/parc-bodafon/orme/","images/25930a53d96a3d52b1dfe32c40d4a03e11be35fc4c7091d95aabbabb7bbfbc58.jpg","https://www.anwylhomes.co.uk/app/uploads/2023/11/Anwyl-Park-Bodafon-The-Orme-Showhome-117-min-scaled.jpg","Staged showhome interior space."
"Parc Bodafon","The Farndon","4","https://www.anwylhomes.co.uk/our-developments/parc-bodafon/farndon-4/","images/bd997c6b4923795446798fe447edb505d55015e994170024acef25038295da93.jpg","https://www.anwylhomes.co.uk/app/uploads/2023/11/6498.jpg","Staged showhome interior space."
"Parc Bodafon","The Farndon","4","https://www.anwylhomes.co.uk/our-developments/parc-bodafon/farndon-4/","images/8a596d2973c6b6a4eb1a76ab4032ccf440be9ed209b05dc6b8329e8240d8f0f4.jpg","https://www.anwylhomes.co.uk/app/uploads/2024/02/Farndon-scaled.jpg","Staged showhome interior space."
"Parc Bodafon","The Farndon","4","https://www.anwylhomes.co.uk/our-developments/parc-bodafon/farndon-4/","images/7bc4f067c63b788a3c323ca4106cd5df36d74c4652b04af22cd623bd189e6271.jpg","https://www.anwylhomes.co.uk/app/uploads/2023/11/6480.jpg","Staged showhome interior space."
"Parc Bodafon","The Farndon","4","https://www.anwylhomes.co.uk/our-developments/parc-bodafon/farndon-4/","images/5c8f821633519e457d6777c9cd6cb6806647fa919a4944ec2e7f19b52f451780.jpg","https://www.anwylhomes.co.uk/app/uploads/2023/11/6426.jpg","Staged showhome interior space."
"Parc Bodafon","The Farndon","4","https://www.anwylhomes.co.uk/our-developments/parc-bodafon/farndon-4/","images/623aca5f6eeba04936bb856f91a05f81864caa41da67b501e3018cd9a0363d54.jpg","https://www.anwylhomes.co.uk/app/uploads/2023/11/6557.jpg","Staged showhome interior space."
"Parc Bodafon","The Farndon","4","https://www.anwylhomes.co.uk/our-developments/parc-bodafon/farndon-4/","images/4affb6e470c0316f3000cb203edc7e68ebf964f84b191cb50ba853a7d4b6f1ac.jpg","https://www.anwylhomes.co.uk/app/uploads/2023/11/6522.jpg","Staged showhome interior space."
"Parc Bodafon","The Farndon","4","https://www.anwylhomes.co.uk/our-developments/parc-bodafon/farndon-4/","images/d62705a6872a572aa9521ce22fed17559ceb7d45271e396b9e4c8b7e61dd9f4c.jpg","https://www.anwylhomes.co.uk/app/uploads/2023/11/6511.jpg","Staged showhome interior space."
"Parc Bodafon","The Farndon","4","https://www.anwylhomes.co.uk/our-developments/parc-bodafon/farndon-4/","images/bcc116f933410ab021aa94ed4528228958b1e13eaeb032f1a4f3dbea1881c074.jpg","https://www.anwylhomes.co.uk/app/uploads/2023/11/6649.jpg","Staged showhome interior space."
"Parc Bodafon","The Farndon","4","https://www.anwylhomes.co.uk/our-developments/parc-bodafon/farndon-4/","images/f853fc93bf9ee5219211f9f50cb3e55d4d1e1f4044883db67ff1adc33f637bc9.jpg","https://www.anwylhomes.co.uk/app/uploads/2023/11/6538a.jpg","Staged showhome interior space."
"Parc Bodafon","The Burton","2","https://www.anwylhomes.co.uk/our-developments/parc-bodafon/burton-3/","images/401532223f6bd1937e839433130a33ba6034a7a78b656840453a3fc828dd8b33.png","https://www.anwylhomes.co.uk/app/uploads/2023/11/Burton_3_Kitchen.png","Staged showhome interior space."
"Parc Bodafon","The Burton","2","https://www.anwylhomes.co.uk/our-developments/parc-bodafon/burton-3/","images/be6ca9c359d334221f01e9b5e4feb495bb02e0175e01e5ecdd64dc7505dfa6db.jpg","https://www.anwylhomes.co.uk/app/uploads/2023/11/Burton-Gable-scaled.jpg","Staged showhome interior space."
"Parc Bodafon","The Burton","2","https://www.anwylhomes.co.uk/our-developments/parc-bodafon/burton-3/","images/2918cb7f2a22248b742029f428cbb6bafd2a032510dac74fa2d444428449057e.png","https://www.anwylhomes.co.uk/app/uploads/2023/11/Burton_1_Living.png","Staged showhome interior space."
"Parc Bodafon","The Burton","2","https://www.anwylhomes.co.uk/our-developments/parc-bodafon/burton-3/","images/cb468ebc7fd980d412d1a68013cdbb794822fef88316920ae069459ca7c6b220.png","https://www.anwylhomes.co.uk/app/uploads/2023/11/Burton_2_Kitchen2.png","Staged showhome interior space."
"Parc Bodafon","The Burton","2","https://www.anwylhomes.co.uk/our-developments/parc-bodafon/burton-3/","images/a8f5b2e58fd3cb26e921eae407f4322044fd543e3025ac5e29e5040aa70052b2.png","https://www.anwylhomes.co.uk/app/uploads/2023/11/Burton_4_Bed2.png","Staged showhome interior space."
"Parc Bodafon","The Burton","2","https://www.anwylhomes.co.uk/our-developments/parc-bodafon/burton-3/","images/41685247149239a0d0b11a0837d8b6fe29c822b0e13c06e4fb170b8de0c1d775.png","https://www.anwylhomes.co.uk/app/uploads/2023/11/Burton_5_Bed1.png","Staged showhome interior space."
"Parc Bodafon","The Burton","2","https://www.anwylhomes.co.uk/our-developments/parc-bodafon/burton-3/","images/c5a5e4fd3f393c3666543d98c848b6295ef1d234785f259cf168225067e156b1.png","https://www.anwylhomes.co.uk/app/uploads/2023/11/Burton_6_Bathroom.png","Staged showhome interior space."
"Parc Bodafon","The Styal","1","https://www.anwylhomes.co.uk/our-developments/parc-bodafon/styal-2/","images/c9f9b071f9259c887e0779f8c98db872323960daec8367924c4a71c26ef7a829.jpg","https://www.anwylhomes.co.uk/app/uploads/2023/11/Kitchen-living.jpg","Staged showhome kitchen."
"Parc Bodafon","The Styal","1","https://www.anwylhomes.co.uk/our-developments/parc-bodafon/styal-2/","images/bc47b953eb8cc1edc22d62dc8b5ab5203d45327e0c265c2041bf987af6aaf022.jpg","https://www.anwylhomes.co.uk/app/uploads/2023/11/Styal-scaled.jpg","Staged showhome interior space."
"Parc Bodafon","The Styal","1","https://www.anwylhomes.co.uk/our-developments/parc-bodafon/styal-2/","images/4d35a99ece0b8bc0e3cc35f81ef5161e85c44426738b61841ad90c2bd3b5a370.jpg","https://www.anwylhomes.co.uk/app/uploads/2023/11/Kitchen-2.jpg","Staged showhome kitchen."
"Parc Bodafon","The Styal","1","https://www.anwylhomes.co.uk/our-developments/parc-bodafon/styal-2/","images/8b718af0f9418958844c65d769c1e318201433b4cab9bf0dd35e39db7c81db4d.jpg","https://www.anwylhomes.co.uk/app/uploads/2023/11/Bedroom-2.jpg","Staged showhome bedroom."
"Parc Bodafon","The Styal","1","https://www.anwylhomes.co.uk/our-developments/parc-bodafon/styal-2/","images/e536689780d6f7e8eb3f0505ba286a3a3d2b5ff53f45bfb44cee1e745db311c9.jpg","https://www.anwylhomes.co.uk/app/uploads/2023/11/Bathroom.jpg","Staged showhome bathroom."
"Parc Bodafon","The Styal","1","https://www.anwylhomes.co.uk/our-developments/parc-bodafon/styal-2/","images/8a0dc8f7b0723528c0aa0e39f433397b2b7d5f8a371be50a80f468c8766f67a3.jpg","https://www.anwylhomes.co.uk/app/uploads/2023/11/Bedroom.jpg","Staged showhome bedroom."
"Parc Bodafon","The Snowdon","3","https://www.anwylhomes.co.uk/our-developments/parc-bodafon/snowdon-2/","images/f0c6e974517e0cb530233a24f8e1082840e4dbc964810b3801aeadb0a94a3fb7.jpg","https://www.anwylhomes.co.uk/app/uploads/2023/11/4382-scaled.jpg","Staged showhome interior space."
"Parc Bodafon","The Snowdon","3","https://www.anwylhomes.co.uk/our-developments/parc-bodafon/snowdon-2/","images/fb9daacefa610338a917b6d42ec99677e230ac7ae615dd92b2e29d2d794938e3.jpg","https://www.anwylhomes.co.uk/app/uploads/2023/11/Snowdon-at-Parc-Bodafon-cropped-scaled.jpg","Staged showhome interior space."
"Parc Bodafon","The Snowdon","3","https://www.anwylhomes.co.uk/our-developments/parc-bodafon/snowdon-2/","images/636e7ae96e58b120e149e6fdaea5f50aef4b12eb1cf97eb1e30bac289c33b872.jpg","https://www.anwylhomes.co.uk/app/uploads/2023/11/4400-scaled.jpg","Staged showhome interior space."
"Parc Bodafon","The Snowdon","3","https://www.anwylhomes.co.uk/our-developments/parc-bodafon/snowdon-2/","images/84b14a48000e37a415ea259fc271b5fa1e4fa5a4a9f4112bc55134f29c128adc.jpg","https://www.anwylhomes.co.uk/app/uploads/2023/11/4372-1-scaled.jpg","Staged showhome interior space."
"Parc Bodafon","The Snowdon","3","https://www.anwylhomes.co.uk/our-developments/parc-bodafon/snowdon-2/","images/445dca6af03597b01327a6fa59d94895ea7a97a5c1da11e322bbea5f1e7d8121.jpg","https://www.anwylhomes.co.uk/app/uploads/2023/11/4432-scaled.jpg","Staged showhome interior space."
"Parc Bodafon","The Snowdon","3","https://www.anwylhomes.co.uk/our-developments/parc-bodafon/snowdon-2/","images/22bf2405670b470fdfef205fc9af909c07d2db319925042e82c9a7c0732c4cbd.jpg","https://www.anwylhomes.co.uk/app/uploads/2024/02/VictoriaMills-Plot61-45-scaled.jpg","Staged showhome interior space."
"Parc Bodafon","The Snowdon","3","https://www.anwylhomes.co.uk/our-developments/parc-bodafon/snowdon-2/","images/245a0252f271da9788fd6adb23285226dbf3341e0775c74fea927098ae61c1c1.jpg","https://www.anwylhomes.co.uk/app/uploads/2023/11/4420-scaled.jpg","Staged showhome interior space."
"Parc Bodafon","The Snowdon","3","https://www.anwylhomes.co.uk/our-developments/parc-bodafon/snowdon-2/","images/dea3ce04e1f609ce4ca20e4ca1403310758feb8fdcf8909f8be9ecfee1cef64d.jpg","https://www.anwylhomes.co.uk/app/uploads/2024/02/VictoriaMills-Plot61-48-scaled.jpg","Staged showhome interior space."
"Parc Bodafon","The Snowdon","3","https://www.anwylhomes.co.uk/our-developments/parc-bodafon/snowdon-2/","images/efc2f07f5ad138a501e0875d949c9cc641474ea8573a42ccae583fc7697a13fa.jpg","https://www.anwylhomes.co.uk/app/uploads/2023/11/5677-scaled.jpg","Staged showhome interior space."
"Parc Bodafon","The Snowdon","3","https://www.anwylhomes.co.uk/our-developments/parc-bodafon/snowdon-2/","images/6f1714c5cb90753190fccfc36ad13baeaa29d4f8c74f4e92de683e6469df758c.jpg","https://www.anwylhomes.co.uk/app/uploads/2023/11/VictoriaMills-Plot61-41-min-scaled.jpg","Staged showhome interior space."
"Parc Bodafon","The Snowdon","3","https://www.anwylhomes.co.uk/our-developments/parc-bodafon/snowdon-2/","images/e2cd37594b4ad6a4ba4e7bf88b60b16edfc79f5cca65e2a1a18efe261ef77c02.jpg","https://www.anwylhomes.co.uk/app/uploads/2023/11/4453-scaled.jpg","Staged showhome interior space."
"Parc Bodafon","The Snowdon","3","https://www.anwylhomes.co.uk/our-developments/parc-bodafon/snowdon-2/","images/b4a232b380eeccfc06d65899bc159b2fb9520014f036a7515a577020e4f22952.jpg","https://www.anwylhomes.co.uk/app/uploads/2023/11/4465-scaled.jpg","Staged showhome interior space."
"Parc Bodafon","The Downham","4","https://www.anwylhomes.co.uk/our-developments/parc-bodafon/downham/","images/d7f4633015e857dfbd2d3f4029e9c5ec64266729c96ff4d9d1be171bd32524cf.jpg","https://www.anwylhomes.co.uk/app/uploads/2024/01/AH_Downham_KitchenCG_4_1000x800.jpg","Staged showhome interior space."
"Parc Bodafon","The Downham","4","https://www.anwylhomes.co.uk/our-developments/parc-bodafon/downham/","images/c6ca5cc3457f2e0590e19fd7a1adb8e311bc7695d331c8407e49d2fe8240c5d5.jpg","https://www.anwylhomes.co.uk/app/uploads/2023/11/Plot_001_The_Downham_FrontView_2500x1250_001-e1754575549345.jpg","Staged showhome interior space."
"Parc Bodafon","The Downham","4","https://www.anwylhomes.co.uk/our-developments/parc-bodafon/downham/","images/a75b19b07ef039a0710723d366c0c12e98b1be9b989725056c0a5adb5b0bead0.jpg","https://www.anwylhomes.co.uk/app/uploads/2024/01/AH_Downham_KitchenCG_1_1000x800.jpg","Staged showhome interior space."
"Parc Bodafon","The Downham","4","https://www.anwylhomes.co.uk/our-developments/parc-bodafon/downham/","images/82e34a5fe0e2d5a8191c23c5fc82208b89c9f152dd49daa8e2e6b7642dd70042.jpg","https://www.anwylhomes.co.uk/app/uploads/2024/01/AH_Downham_KitchenCG_3_1000x800.jpg","Staged showhome interior space."
"Parc Bodafon","The Downham","4","https://www.anwylhomes.co.uk/our-developments/parc-bodafon/downham/","images/f278202a9b59b7c1fcf21e865b91090205550f10f3a913c01ca25cce2920e420.png","https://www.anwylhomes.co.uk/app/uploads/2024/01/Downham_GP_Utility_CG.png","Staged showhome interior space."
"Parc Bodafon","The Downham","4","https://www.anwylhomes.co.uk/our-developments/parc-bodafon/downham/","images/871a0d303f9d71182bfbdf6c0398d8a9b5d60b59039160df2221e76320810bfc.png","https://www.anwylhomes.co.uk/app/uploads/2024/01/Downham_GP_LivingRoom_CG2.png","Staged showhome interior space."
"Parc Bodafon","The Downham","4","https://www.anwylhomes.co.uk/our-developments/parc-bodafon/downham/","images/5ceef9368109467ae07f5eec3ae02e0e9229f5ab83112be12967337b6edfcf5d.png","https://www.anwylhomes.co.uk/app/uploads/2024/01/Downham_GP_LivingRoom_CG.png","Staged showhome interior space."
"Parc Bodafon","The Downham","4","https://www.anwylhomes.co.uk/our-developments/parc-bodafon/downham/","images/3d1f9b56cf86a3703ba09d7738da3fbdb87b3b77af172d50071a3f8707902a9c.png","https://www.anwylhomes.co.uk/app/uploads/2024/01/Downham_GP_MasterBedroom_CG.png","Staged showhome interior space."
"Parc Bodafon","The Downham","4","https://www.anwylhomes.co.uk/our-developments/parc-bodafon/downham/","images/254ef864f6e1798afc3fa1647a7883d76d540fec73a9af0265120632c4343b4e.png","https://www.anwylhomes.co.uk/app/uploads/2024/01/Downham_GP_MasterBedroom_CG2.png","Staged showhome interior space."
"Parc Bodafon","The Downham","4","https://www.anwylhomes.co.uk/our-developments/parc-bodafon/downham/","images/4b0d7a28cc56c5c51e35de84b2e15bd772b5a336ac149a00c0f50ea47de80959.png","https://www.anwylhomes.co.uk/app/uploads/2024/01/Downham_GP_EnSuite_CG.png","Staged showhome interior space."
"Parc Bodafon","The Downham","4","https://www.anwylhomes.co.uk/our-developments/parc-bodafon/downham/","images/894e6332b9da6c4f0f6b0c2122f1922d40b11a433334ab2e2e351f1b0504cb58.png","https://www.anwylhomes.co.uk/app/uploads/2024/01/Downham_GP_Bedroom2_CG.png","Staged showhome interior space."
"Parc Bodafon","The Downham","4","https://www.anwylhomes.co.uk/our-developments/parc-bodafon/downham/","images/90b8d39b9d3264e2916355a365e5a04d5b42655a270862408e79af0bcae92478.png","https://www.anwylhomes.co.uk/app/uploads/2024/01/Downham_GP_Bedroom3_CG.png","Staged showhome interior space."
"Parc Bodafon","The Downham","4","https://www.anwylhomes.co.uk/our-developments/parc-bodafon/downham/","images/ec739e69b340ceb74a643c1579759ea52e36f36515a486f6988a5c0ebe98c05a.png","https://www.anwylhomes.co.uk/app/uploads/2024/01/Downham_GP_Bedroom4_CG.png","Staged showhome interior space."
"Parc Bodafon","The Downham","4","https://www.anwylhomes.co.uk/our-developments/parc-bodafon/downham/","images/d9897e860ce0ff18cc96a0529c39dac23d6f34b733f440d4326b04604f120f1c.png","https://www.anwylhomes.co.uk/app/uploads/2024/01/Downham_GP_Bathroom_CG.png","Staged showhome interior space."
"Parc Bodafon","The Downham","4","https://www.anwylhomes.co.uk/our-developments/parc-bodafon/downham/","images/c592c16aece742460cc0b5dad3b4821b0034d726765f7e700bd046b1a13353fd.png","https://www.anwylhomes.co.uk/app/uploads/2024/01/Downham_GP_MediaRoom_CG2.png","Staged showhome interior space."
"Parc Bodafon","The Downham","4","https://www.anwylhomes.co.uk/our-developments/parc-bodafon/downham/","images/c6a2c4c13332298009898f325e45691fcf9d9a586360b801d950613047961290.png","https://www.anwylhomes.co.uk/app/uploads/2024/01/Downham_GP_MediaRoom_CG.png","Staged showhome interior space."
"Parc Bodafon","The Downham","4","https://www.anwylhomes.co.uk/our-developments/parc-bodafon/downham/","images/f2c68ebf5a4983a84801b8d1051f159bfd2221c64e3fcaa1d49351a24db3ddb3.png","https://www.anwylhomes.co.uk/app/uploads/2024/01/Downham_GP_WC_CG.png","Staged showhome interior space."
"Parc Bodafon","The Downham","4","https://www.anwylhomes.co.uk/our-developments/parc-bodafon/downham/","images/a4e2cd760b4c503a373ffefdc5036b7016c9accf0e25a64d42c2eab36e29f76c.png","https://www.anwylhomes.co.uk/app/uploads/2024/01/Downham_GP_Hallway_CG.png","Staged showhome interior space."
"Parc Bodafon","The Downham","4","https://www.anwylhomes.co.uk/our-developments/parc-bodafon/downham/","images/50dddee203f5bb9d964671e0796b38e05488b63d029ec06c04d9eb28bc08fe6a.png","https://www.anwylhomes.co.uk/app/uploads/2024/01/Downham_GP_Landing_CG.png","Staged showhome interior space."
"Parc Bodafon","The Bowdon","5","https://www.anwylhomes.co.uk/our-developments/parc-bodafon/bowdon/","images/11fcd116a64f39d3c7bf49d4965e5792bc0cf6dff92de25ad4f2680cea890e52.jpg","https://www.anwylhomes.co.uk/app/uploads/2024/01/Bowdon-scaled.jpg","Staged showhome interior space."
"Parc Bodafon","The Bowdon","5","https://www.anwylhomes.co.uk/our-developments/parc-bodafon/bowdon/","images/5e52bb50819013623b4e4423c74d285899aec6eda7ffbbe7b21e0c0385813587.jpg","https://www.anwylhomes.co.uk/app/uploads/2023/11/CD_03.24-111-1.jpg","Staged showhome interior space."
"Parc Bodafon","The Bowdon","5","https://www.anwylhomes.co.uk/our-developments/parc-bodafon/bowdon/","images/416968400c325d3fd04ea9a4af0a5a4c7ff6ebb5cd631c27a9cde14bf7af6ae0.jpg","https://www.anwylhomes.co.uk/app/uploads/2023/11/CD_03.24-81.jpg","Staged showhome interior space."
"Parc Bodafon","The Bowdon","5","https://www.anwylhomes.co.uk/our-developments/parc-bodafon/bowdon/","images/860988a5d76d761e26bdaf2d54017ca8d48da87409774ad2b0d10762fefb8874.jpg","https://www.anwylhomes.co.uk/app/uploads/2023/11/CD_03.24-82-1.jpg","Staged showhome interior space."
"Parc Bodafon","The Bowdon","5","https://www.anwylhomes.co.uk/our-developments/parc-bodafon/bowdon/","images/31727d422fcafc63568132100051008dffeebcd016cd1d07b78c1f7cdbcc1dc3.jpg","https://www.anwylhomes.co.uk/app/uploads/2023/11/6634-1.jpg","Staged showhome interior space."
"Parc Bodafon","The Bowdon","5","https://www.anwylhomes.co.uk/our-developments/parc-bodafon/bowdon/","images/557e1f4c2f82ea0d7d2a2840d1f81a037ab342284918d2913d327ee7b6f10a4f.jpg","https://www.anwylhomes.co.uk/app/uploads/2023/11/6646-scaled.jpg","Staged showhome interior space."
"Parc Bodafon","The Bowdon","5","https://www.anwylhomes.co.uk/our-developments/parc-bodafon/bowdon/","images/c8ec4c15b8606a9dfaad6093867612e5dd7bff363b59f8b84b7c03b047c72ed8.jpg","https://www.anwylhomes.co.uk/app/uploads/2023/11/CD_03.24-73-1.jpg","Staged showhome interior space."
"Parc Bodafon","The Bowdon","5","https://www.anwylhomes.co.uk/our-developments/parc-bodafon/bowdon/","images/15ffe845dfe37862320f737c96c9639370187f1ebfcf2907679c01fe349a983a.jpg","https://www.anwylhomes.co.uk/app/uploads/2023/11/CD_03.24-74-1.jpg","Staged showhome interior space."
"Parc Bodafon","The Bowdon","5","https://www.anwylhomes.co.uk/our-developments/parc-bodafon/bowdon/","images/ebda87cb5365222dabd3ed3990e24bc22d8d939d1eb5e9f6ecd831c9ba2b4f8d.jpg","https://www.anwylhomes.co.uk/app/uploads/2023/11/6657-scaled.jpg","Staged showhome interior space."
"Parc Bodafon","The Bowdon","5","https://www.anwylhomes.co.uk/our-developments/parc-bodafon/bowdon/","images/826dc2208804b8df0da5934b56d65172fe636b84bf2fdc5e1a46f02c26bbef33.jpg","https://www.anwylhomes.co.uk/app/uploads/2023/11/6703-scaled.jpg","Staged showhome interior space."
"Parc Bodafon","The Bowdon","5","https://www.anwylhomes.co.uk/our-developments/parc-bodafon/bowdon/","images/ac19ca8ca13986738967dfb5a3bb0acb5b245950fd85b321d34b6a9b891e69cd.jpg","https://www.anwylhomes.co.uk/app/uploads/2023/11/CD_03.24-105-1.jpg","Staged showhome interior space."
"Parc Bodafon","The Bowdon","5","https://www.anwylhomes.co.uk/our-developments/parc-bodafon/bowdon/","images/cf8c7c886843f4de9d0f83593d03c3283efe8ac4ec6f97809867db1aeb930731.jpg","https://www.anwylhomes.co.uk/app/uploads/2023/11/CD_03.24-88-1.jpg","Staged showhome interior space."
"Parc Bodafon","The Bowdon","5","https://www.anwylhomes.co.uk/our-developments/parc-bodafon/bowdon/","images/3ccbd70b3e6098f83626320c64fe27f4ef8d64c63244bd7ed54d75219002e369.jpg","https://www.anwylhomes.co.uk/app/uploads/2023/11/CD_03.24-106-1.jpg","Staged showhome interior space."
"Parc Bodafon","The Bowdon","5","https://www.anwylhomes.co.uk/our-developments/parc-bodafon/bowdon/","images/c9f8b50f683f90db5edbc8b7a704bc30b0072605411fbe30fb89bce095114dfc.jpg","https://www.anwylhomes.co.uk/app/uploads/2023/11/CD_03.24-91-1.jpg","Staged showhome interior space."
"Queen’s Meadow","The Evesham","4","https://www.anwylhomes.co.uk/our-developments/queens-meadow/evesham-3/","images/3960fe0baaff5818e73685fd13f3649d80d31fc099a0434138a34095c78b2637.jpg","https://www.anwylhomes.co.uk/app/uploads/2023/11/Evesham-Summers-Bridge-kitchen-diner-family-area-scaled.jpg","Staged showhome kitchen."
"Queen’s Meadow","The Evesham","4","https://www.anwylhomes.co.uk/our-developments/queens-meadow/evesham-3/","images/8f0f9ebd3f2e2b8fe633e1a99b3fcb7db031ef4e06598d6a5bc9b5f273dad47f.jpg","https://www.anwylhomes.co.uk/app/uploads/2025/09/Plot_053_Evesham_FrontView000.jpg","Staged showhome interior space."
"Queen’s Meadow","The Evesham","4","https://www.anwylhomes.co.uk/our-developments/queens-meadow/evesham-3/","images/17013c25621b9dff02d211207cfd2ea3ce1f8e787e42c7289c751e635a16d400.jpg","https://www.anwylhomes.co.uk/app/uploads/2023/11/Eveshham-summers-bridge-kitchen-diner-scaled.jpg","Staged showhome kitchen."
"Queen’s Meadow","The Evesham","4","https://www.anwylhomes.co.uk/our-developments/queens-meadow/evesham-3/","images/2befe484c0594eae046531d7073966562f8db779c1f64258ffa91184780a5ecf.jpg","https://www.anwylhomes.co.uk/app/uploads/2023/11/Evesham-Summers-Bridge-kitchen-scaled.jpg","Staged showhome kitchen."
"Queen’s Meadow","The Evesham","4","https://www.anwylhomes.co.uk/our-developments/queens-meadow/evesham-3/","images/325f3ff1fd93945eb276525bf9115ababd73165499d4b340cb412fd80973b667.jpg","https://www.anwylhomes.co.uk/app/uploads/2024/03/Evesham-Summers-Bridge-living-room-min.jpg","Staged showhome living room."
"Queen’s Meadow","The Evesham","4","https://www.anwylhomes.co.uk/our-developments/queens-meadow/evesham-3/","images/0475ecc7dd0d4f1211413289847086a83c6798e8aff29b0f68ef6071f2ea5b75.jpg","https://www.anwylhomes.co.uk/app/uploads/2023/11/Evesham-Summers-Bridge-hallway-scaled.jpg","Staged showhome hallway."
"Queen’s Meadow","The Evesham","4","https://www.anwylhomes.co.uk/our-developments/queens-meadow/evesham-3/","images/b025d3a6abb6b9de73a4a92bcbbe1f48d9d8b8cc29e03ff5fbfdd8acbb9e47c6.jpg","https://www.anwylhomes.co.uk/app/uploads/2023/11/Evesham-Summers-Bridge-Bedroom-1-shot-2-scaled.jpg","Staged showhome bedroom."
"Queen’s Meadow","The Evesham","4","https://www.anwylhomes.co.uk/our-developments/queens-meadow/evesham-3/","images/0c1ea09c3218cb3b81b6639be49f472f64bed8962cd1e32a72c16231c39b48af.jpg","https://www.anwylhomes.co.uk/app/uploads/2023/11/Evesham-Summers-Bridge-bedroom-1-scaled.jpg","Staged showhome bedroom."
"Queen’s Meadow","The Evesham","4","https://www.anwylhomes.co.uk/our-developments/queens-meadow/evesham-3/","images/ca6dd0533a946e77afdf3640666b70e7a0bc13e50a14d64906648ce712501c3c.jpg","https://www.anwylhomes.co.uk/app/uploads/2023/11/Evesham-Summers-Bridge-ensuite-scaled.jpg","Staged showhome bathroom."
"Queen’s Meadow","The Evesham","4","https://www.anwylhomes.co.uk/our-developments/queens-meadow/evesham-3/","images/d8bf2f1a91d8cec0c19b2bfd1c5ca1840adb6c391e6526a1aad68a7e02f2fd3b.jpg","https://www.anwylhomes.co.uk/app/uploads/2023/11/Bedroom-2-_5_.jpg","Staged showhome bedroom."
"Queen’s Meadow","The Evesham","4","https://www.anwylhomes.co.uk/our-developments/queens-meadow/evesham-3/","images/51216d0973bc04e47d9f39d69df6f751269027da47b08e9cdfc51a2a5841f104.jpg","https://www.anwylhomes.co.uk/app/uploads/2023/11/200421-The-Henley-39.jpg","Staged showhome interior space."
"Queen’s Meadow","The Evesham","4","https://www.anwylhomes.co.uk/our-developments/queens-meadow/evesham-3/","images/614e1564c57935acad6b6b7b50596c174de70a2506ae3c9b891b79264f7d3b3a.jpg","https://www.anwylhomes.co.uk/app/uploads/2023/11/Evesham-Summers-Bridge-Bathroom-scaled.jpg","Staged showhome bathroom."
"Queen’s Meadow","The Cheltenham","4","https://www.anwylhomes.co.uk/our-developments/queens-meadow/cheltenham-2/","images/a8646e377d999ca7015859da25bb54745587e7610448391f428e81bd31db36f5.jpg","https://www.anwylhomes.co.uk/app/uploads/2023/11/TSC_AnwylHomes_SE040125-6-1.jpg","Staged showhome interior space."
"Queen’s Meadow","The Cheltenham","4","https://www.anwylhomes.co.uk/our-developments/queens-meadow/cheltenham-2/","images/1576610a08717e8124fbaca983ab1485483256b45241f3ae488b61547fc7da2f.jpg","https://www.anwylhomes.co.uk/app/uploads/2023/11/Plot_067_Cheltenham_FrontView000.jpg","Staged showhome interior space."
"Queen’s Meadow","The Cheltenham","4","https://www.anwylhomes.co.uk/our-developments/queens-meadow/cheltenham-2/","images/282b4b4f135a56fbd26c4c77ef708707975cd9bbb8c456e55a84371a46f92ff0.jpg","https://www.anwylhomes.co.uk/app/uploads/2023/11/TSC_AnwylHomes_SE040125-8120.jpg","Staged showhome interior space."
"Queen’s Meadow","The Cheltenham","4","https://www.anwylhomes.co.uk/our-developments/queens-meadow/cheltenham-2/","images/eefb58f1758390d1c30966aef22f0fddc13cfd9991f1ab8dc1405635bf1f9e6a.jpg","https://www.anwylhomes.co.uk/app/uploads/2023/11/TSC_AnwylHomes_SE040125-8177.jpg","Staged showhome interior space."
"Queen’s Meadow","The Cheltenham","4","https://www.anwylhomes.co.uk/our-developments/queens-meadow/cheltenham-2/","images/f981baa27e7c24a2f858669447047821fde8c2588407f2e1f8792303d6873a06.jpg","https://www.anwylhomes.co.uk/app/uploads/2023/11/TSC_AnwylHomes_SE040125-11.jpg","Staged showhome interior space."
"Queen’s Meadow","The Cheltenham","4","https://www.anwylhomes.co.uk/our-developments/queens-meadow/cheltenham-2/","images/d1b14325a1d96b35fa8fc29af125b9f9991101cfe63a001c96dfcb3a8d9dd5ba.jpg","https://www.anwylhomes.co.uk/app/uploads/2023/11/TSC_AnwylHomes_SE040125-9.jpg","Staged showhome interior space."
"Queen’s Meadow","The Cheltenham","4","https://www.anwylhomes.co.uk/our-developments/queens-meadow/cheltenham-2/","images/931303eeeb5370e32d4a39e08ea132aef153ff547795fa00e08d1b1f8866c0d2.jpg","https://www.anwylhomes.co.uk/app/uploads/2024/01/Cheltenham-Bedroom-two-scaled.jpg","Staged showhome bedroom."
"Queen’s Meadow","The Cheltenham","4","https://www.anwylhomes.co.uk/our-developments/queens-meadow/cheltenham-2/","images/43380658b1e1384241a5a4d3f34a90b43bd1c23fd23422000021cdfe40f5562c.jpg","https://www.anwylhomes.co.uk/app/uploads/2024/01/Cheltenham-bedroom-three-1-scaled.jpg","Staged showhome bedroom."
"Queen’s Meadow","The Cheltenham","4","https://www.anwylhomes.co.uk/our-developments/queens-meadow/cheltenham-2/","images/6d0201debe3a6605dc4a1c1eafad7d4c54d8d3381d2339f54510cd231b8fde55.jpg","https://www.anwylhomes.co.uk/app/uploads/2024/01/Cheltenham-Bedroom-four-scaled.jpg","Staged showhome bedroom."
"Queen’s Meadow","The Cheltenham","4","https://www.anwylhomes.co.uk/our-developments/queens-meadow/cheltenham-2/","images/8c4bc11917ac109ab0a1b2ea593e99944ab5c68a4392e40fc8e698c132e0dae0.jpg","https://www.anwylhomes.co.uk/app/uploads/2023/11/TSC_AnwylHomes_SE040125-8176.jpg","Staged showhome interior space."
"Queen’s Meadow","The Eccleston","3","https://www.anwylhomes.co.uk/our-developments/queens-meadow/eccleston/","images/9248241639e4fbc325c8d500b3c9e589b8175a5d985a0acd4ef2f1b04024106a.jpg","https://www.anwylhomes.co.uk/app/uploads/2023/11/Eccleston_4_GP_Kitchen_CG_1000x800-art-scale-1_00x.jpg","Staged showhome interior space."
"Queen’s Meadow","The Eccleston","3","https://www.anwylhomes.co.uk/our-developments/queens-meadow/eccleston/","images/666c4c56b55ea4aa3993506caa37d8866d2d19bc9278e9ca1abc0f12c8b4b77f.jpg","https://www.anwylhomes.co.uk/app/uploads/2023/11/Plot_021_Eccleston_FrontView000.jpg","Staged showhome interior space."
"Queen’s Meadow","The Eccleston","3","https://www.anwylhomes.co.uk/our-developments/queens-meadow/eccleston/","images/c6fdaa441c8a6352c82236cddd77787799d918ca8470affa963ed3835a362746.jpg","https://www.anwylhomes.co.uk/app/uploads/2023/11/Eccleston_5_GP_LivingRoom_CG_1000x800-art-scale-1_00x.jpg","Staged showhome interior space."
"Queen’s Meadow","The Eccleston","3","https://www.anwylhomes.co.uk/our-developments/queens-meadow/eccleston/","images/eb7bae32c8029a7ddee290cba0f76ff449c9a889fae5568b7363ef9ff7f5bc9f.jpg","https://www.anwylhomes.co.uk/app/uploads/2023/11/Eccleston_1_GP_Bed1_CG_1000x800-art-scale-1_00x.jpg","Staged showhome interior space."
"Queen’s Meadow","The Eccleston","3","https://www.anwylhomes.co.uk/our-developments/queens-meadow/eccleston/","images/f9aff183dbd6489075aa99727a838af9eccfab76dcbc13fc00e18fe1c69597cb.jpg","https://www.anwylhomes.co.uk/app/uploads/2023/11/Eccleston_2_GP_Bathroom_CG_1000x800-art-scale-1_00x.jpg","Staged showhome interior space."
"Queen’s Meadow","The Eccleston","3","https://www.anwylhomes.co.uk/our-developments/queens-meadow/eccleston/","images/aa938d326a5b62846e8803cb0893466d051eaef2c32d99d2d0ac04135d3ab6ac.jpg","https://www.anwylhomes.co.uk/app/uploads/2023/11/Eccleston_3_GP_Bed2_CG_1000x800-art-scale-1_00x.jpg","Staged showhome interior space."
"Queen’s Meadow","The Farndon","4","https://www.anwylhomes.co.uk/our-developments/queens-meadow/farndon-5/","images/e931fd25225f63b03edce62adc00eb2233bb2ad0b109cabe22c2e63de9c06aa5.jpg","https://www.anwylhomes.co.uk/app/uploads/2023/11/Anwyl-Alexandra-Gardens-5284-scaled.jpg","Staged showhome interior space."
"Queen’s Meadow","The Farndon","4","https://www.anwylhomes.co.uk/our-developments/queens-meadow/farndon-5/","images/acd484ff4a1a99f34fa9f659d84d40d60fbccdb92d24ad33e507d835fc9d425c.jpg","https://www.anwylhomes.co.uk/app/uploads/2023/11/Plot_078_Farndon_FrontView000.jpg","Staged showhome interior space."
"Queen’s Meadow","The Farndon","4","https://www.anwylhomes.co.uk/our-developments/queens-meadow/farndon-5/","images/7bc6ed0a7e6b7d2c842a6552d3e7e8f2a430aa0ca242a5609688aa569889dfa4.jpg","https://www.anwylhomes.co.uk/app/uploads/2023/11/Anwyl-Alexandra-Gardens-5298-scaled.jpg","Staged showhome interior space."
"Queen’s Meadow","The Farndon","4","https://www.anwylhomes.co.uk/our-developments/queens-meadow/farndon-5/","images/d92d301b064d50e261289dd7b97fc346b3f2af6253ae33797a834ecd1d035cc1.jpg","https://www.anwylhomes.co.uk/app/uploads/2023/11/Anwyl-Alexandra-Gardens-5232-scaled.jpg","Staged showhome interior space."
"Queen’s Meadow","The Farndon","4","https://www.anwylhomes.co.uk/our-developments/queens-meadow/farndon-5/","images/58d9eaed2d020050088e687e978a3f039a7f7e55d1bc171a6d39562b73cfdf21.jpg","https://www.anwylhomes.co.uk/app/uploads/2023/11/Anwyl-Alexandra-Gardens-5361-scaled.jpg","Staged showhome interior space."
"Queen’s Meadow","The Farndon","4","https://www.anwylhomes.co.uk/our-developments/queens-meadow/farndon-5/","images/29ca90bc22964fff481873a5980aeb628277f56b3575395a544d0f102c5e694f.jpg","https://www.anwylhomes.co.uk/app/uploads/2023/11/Anwyl-Alexandra-Gardens-5495-scaled.jpg","Staged showhome interior space."
"Queen’s Meadow","The Farndon","4","https://www.anwylhomes.co.uk/our-developments/queens-meadow/farndon-5/","images/f71cd91b6464c2fb816e1309119aa05fbc504b1f4b8d06df4b060f0c5c6f510d.jpg","https://www.anwylhomes.co.uk/app/uploads/2023/11/Anwyl-Alexandra-Gardens-5418-scaled.jpg","Staged showhome interior space."
"Queen’s Meadow","The Farndon","4","https://www.anwylhomes.co.uk/our-developments/queens-meadow/farndon-5/","images/a8f70976da7b12304c7817ef8328565219e47d1f0a888abd8c0ad711741af0e0.jpg","https://www.anwylhomes.co.uk/app/uploads/2023/11/Anwyl-Alexandra-Gardens-5464-scaled.jpg","Staged showhome interior space."
"Queen’s Meadow","The Farndon","4","https://www.anwylhomes.co.uk/our-developments/queens-meadow/farndon-5/","images/ec382365e9fcc66128fcccab7961a4c98c1db45fefca7054d0d6d522171587a0.jpg","https://www.anwylhomes.co.uk/app/uploads/2023/11/Anwyl-Alexandra-Gardens-5440-scaled.jpg","Staged showhome interior space."
"Queen’s Meadow","The Farndon","4","https://www.anwylhomes.co.uk/our-developments/queens-meadow/farndon-5/","images/7e9110d211a05f2edd81a9e674d05ae7796896232f0b363b9ad397889b56423b.jpg","https://www.anwylhomes.co.uk/app/uploads/2023/11/Anwyl-Alexandra-Gardens-5374-scaled.jpg","Staged showhome interior space."
"Queen’s Meadow","The Birkdale","3","https://www.anwylhomes.co.uk/our-developments/queens-meadow/birkdale/","images/5ac6d233edc1a87f28f572de96803f9458f5d8268967182d89c2071b82ecffe6.jpg","https://www.anwylhomes.co.uk/app/uploads/2024/08/TSC_AnwylHomes_SE161024-80-2.jpg","Staged showhome interior space."
"Queen’s Meadow","The Birkdale","3","https://www.anwylhomes.co.uk/our-developments/queens-meadow/birkdale/","images/1a370b6ff2b8c6716521b7498caae3f9db85949d851ecd63ae068dc3f12dc96f.jpg","https://www.anwylhomes.co.uk/app/uploads/2023/11/Plot_019_Birkdale_FrontView000.jpg","Staged showhome interior space."
"Queen’s Meadow","The Birkdale","3","https://www.anwylhomes.co.uk/our-developments/queens-meadow/birkdale/","images/e3f6bc07706d4708bcae9e4e9a29a18c9a8064ba3c2bae9151f819019034ac78.jpg","https://www.anwylhomes.co.uk/app/uploads/2024/08/TSC_AnwylHomes_SE161024-81.jpg","Staged showhome interior space."
"Queen’s Meadow","The Birkdale","3","https://www.anwylhomes.co.uk/our-developments/queens-meadow/birkdale/","images/7633e0c6586edbac6d971492abc99788de3a8b3bac02746ed4919486062f51ba.jpg","https://www.anwylhomes.co.uk/app/uploads/2024/08/TSC_AnwylHomes_SE161024-82.jpg","Staged showhome interior space."
"Queen’s Meadow","The Birkdale","3","https://www.anwylhomes.co.uk/our-developments/queens-meadow/birkdale/","images/dff6853a04438422939cdad118ad955105810abf625af4acb40de524ba16d9d4.jpg","https://www.anwylhomes.co.uk/app/uploads/2024/08/TSC_AnwylHomes_SE161024-170-3.jpg","Staged showhome interior space."
"Queen’s Meadow","The Birkdale","3","https://www.anwylhomes.co.uk/our-developments/queens-meadow/birkdale/","images/fa25e14ae5d09a63f9be157baea2d17c211ba24a986a96abea0c2a437b995268.jpg","https://www.anwylhomes.co.uk/app/uploads/2023/11/TSC_AnwylHomes_SE161024-90-1-scaled.jpg","Staged showhome interior space."
"Queen’s Meadow","The Birkdale","3","https://www.anwylhomes.co.uk/our-developments/queens-meadow/birkdale/","images/2a8e9089be6d99b4fa425c5c916f02685adc1ba7666794914a107ba85b6cc9e0.jpg","https://www.anwylhomes.co.uk/app/uploads/2024/08/TSC_AnwylHomes_SE161024-92-2.jpg","Staged showhome interior space."
"Queen’s Meadow","The Birkdale","3","https://www.anwylhomes.co.uk/our-developments/queens-meadow/birkdale/","images/c01425ade601976abcda9db71fe8946454eb97f0d51b81f769bc311ca0a9605f.jpg","https://www.anwylhomes.co.uk/app/uploads/2024/08/TSC_AnwylHomes_SE161024-102.jpg","Staged showhome interior space."
"Queen’s Meadow","The Birkdale","3","https://www.anwylhomes.co.uk/our-developments/queens-meadow/birkdale/","images/b1d672e81ee9bda27b2d285d9e03d3aeaa8ddd5e92e49bfcebf6f247e57f1ddd.jpg","https://www.anwylhomes.co.uk/app/uploads/2024/08/TSC_AnwylHomes_SE161024-97-2.jpg","Staged showhome interior space."
"Queen’s Meadow","The Birkdale","3","https://www.anwylhomes.co.uk/our-developments/queens-meadow/birkdale/","images/94bd221a5accf308ac4a370c70f5a09363f5a2d275d80b343cc0a637e09b8276.jpg","https://www.anwylhomes.co.uk/app/uploads/2023/11/TSC_AnwylHomes_SE161024-91-2.jpg","Staged showhome interior space."
"Queen’s Meadow","The Birkdale","3","https://www.anwylhomes.co.uk/our-developments/queens-meadow/birkdale/","images/13626e1fce755afe5dc9bbfca136c03f4d63f7d3d0e8557caf5bb2a612d1358a.jpg","https://www.anwylhomes.co.uk/app/uploads/2023/11/TSC_AnwylHomes_SE161024-95-2.jpg","Staged showhome interior space."
"Queen’s Meadow","The Oakmere","4","https://www.anwylhomes.co.uk/our-developments/queens-meadow/oakmere/","images/958d35b4499ec9baf67db642ce92845917b31dbd12b938a45b69b9d88b050f14.jpg","https://www.anwylhomes.co.uk/app/uploads/2023/11/Plot_039_Oakmere_FrontView000.jpg","Staged showhome interior space."
"Queen’s Meadow","The Oakmere","4","https://www.anwylhomes.co.uk/our-developments/queens-meadow/oakmere/","images/cb618a66a3d8547ec0e3dc1cbcaeb457664a88a6a98df1985c4a304220d57d20.jpg","https://www.anwylhomes.co.uk/app/uploads/2023/11/TSC_Anwyl_Day1_SE260624-15-scaled.jpg","Staged showhome interior space."
"Queen’s Meadow","The Oakmere","4","https://www.anwylhomes.co.uk/our-developments/queens-meadow/oakmere/","images/98d2fd24c0ba6bc0637be885c1bc4672959c0a70284ee3b3104b8cc966f1de1a.jpg","https://www.anwylhomes.co.uk/app/uploads/2023/11/TSC_Anwyl_Day1_SE260624-16-1-scaled.jpg","Staged showhome interior space."
"Queen’s Meadow","The Oakmere","4","https://www.anwylhomes.co.uk/our-developments/queens-meadow/oakmere/","images/8e017a7cc62065915f145e3cbdab32e9c20fec2f8454ca21c685cc9594d63b8b.jpg","https://www.anwylhomes.co.uk/app/uploads/2023/11/TSC_Anwyl_Day1_SE260624-37.jpg","Staged showhome interior space."
"Queen’s Meadow","The Oakmere","4","https://www.anwylhomes.co.uk/our-developments/queens-meadow/oakmere/","images/5a6fb217f1d1a8657479da7a8ab544ebadbd3ba4988de467d630218045acbbf7.jpg","https://www.anwylhomes.co.uk/app/uploads/2023/11/TSC_Anwyl_Day1_SE260624-31-1.jpg","Staged showhome interior space."
"Queen’s Meadow","The Oakmere","4","https://www.anwylhomes.co.uk/our-developments/queens-meadow/oakmere/","images/4112700e592edc1009ce00251526670b05a2803e8449f83b2c4e67264254b07c.jpg","https://www.anwylhomes.co.uk/app/uploads/2023/11/TSC_Anwyl_Day1_SE260624-34-min.jpg","Staged showhome interior space."
"Queen’s Meadow","The Oakmere","4","https://www.anwylhomes.co.uk/our-developments/queens-meadow/oakmere/","images/0c2f2d268f75a8e01350134e1885cf4ce56db3b6bf01256c2cb180d0cff43fa2.jpg","https://www.anwylhomes.co.uk/app/uploads/2023/11/TSC_Anwyl_Day1_SE260624-26.jpg","Staged showhome interior space."
"Queen’s Meadow","The Burton","2","https://www.anwylhomes.co.uk/our-developments/queens-meadow/burton-4/","images/401532223f6bd1937e839433130a33ba6034a7a78b656840453a3fc828dd8b33.png","https://www.anwylhomes.co.uk/app/uploads/2023/11/Burton_3_Kitchen.png","Staged showhome interior space."
"Queen’s Meadow","The Burton","2","https://www.anwylhomes.co.uk/our-developments/queens-meadow/burton-4/","images/690ddebaf4ee1f3f60f8d005233bcb5cc73548d9fca000eb31abd835b1b21bb9.jpg","https://www.anwylhomes.co.uk/app/uploads/2023/11/Plot_023_Burton_FrontView000-1.jpg","Staged showhome interior space."
"Queen’s Meadow","The Burton","2","https://www.anwylhomes.co.uk/our-developments/queens-meadow/burton-4/","images/cb468ebc7fd980d412d1a68013cdbb794822fef88316920ae069459ca7c6b220.png","https://www.anwylhomes.co.uk/app/uploads/2023/11/Burton_2_Kitchen2.png","Staged showhome interior space."
"Queen’s Meadow","The Burton","2","https://www.anwylhomes.co.uk/our-developments/queens-meadow/burton-4/","images/2918cb7f2a22248b742029f428cbb6bafd2a032510dac74fa2d444428449057e.png","https://www.anwylhomes.co.uk/app/uploads/2023/11/Burton_1_Living.png","Staged showhome interior space."
"Queen’s Meadow","The Burton","2","https://www.anwylhomes.co.uk/our-developments/queens-meadow/burton-4/","images/a8f5b2e58fd3cb26e921eae407f4322044fd543e3025ac5e29e5040aa70052b2.png","https://www.anwylhomes.co.uk/app/uploads/2023/11/Burton_4_Bed2.png","Staged showhome interior space."
"Queen’s Meadow","The Burton","2","https://www.anwylhomes.co.uk/our-developments/queens-meadow/burton-4/","images/41685247149239a0d0b11a0837d8b6fe29c822b0e13c06e4fb170b8de0c1d775.png","https://www.anwylhomes.co.uk/app/uploads/2023/11/Burton_5_Bed1.png","Staged showhome interior space."
"Queen’s Meadow","The Burton","2","https://www.anwylhomes.co.uk/our-developments/queens-meadow/burton-4/","images/c5a5e4fd3f393c3666543d98c848b6295ef1d234785f259cf168225067e156b1.png","https://www.anwylhomes.co.uk/app/uploads/2023/11/Burton_6_Bathroom.png","Staged showhome interior space."
"Queen’s Meadow","The Downham","4","https://www.anwylhomes.co.uk/our-developments/queens-meadow/downham-2/","images/d7f4633015e857dfbd2d3f4029e9c5ec64266729c96ff4d9d1be171bd32524cf.jpg","https://www.anwylhomes.co.uk/app/uploads/2024/01/AH_Downham_KitchenCG_4_1000x800.jpg","Staged showhome interior space."
"Queen’s Meadow","The Downham","4","https://www.anwylhomes.co.uk/our-developments/queens-meadow/downham-2/","images/f6522f205a988206a7070158dd17c19049b262471a3f338e74803e420ebaf003.jpg","https://www.anwylhomes.co.uk/app/uploads/2023/11/Plot_027_Downham_FrontView000.jpg","Staged showhome interior space."
"Queen’s Meadow","The Downham","4","https://www.anwylhomes.co.uk/our-developments/queens-meadow/downham-2/","images/a75b19b07ef039a0710723d366c0c12e98b1be9b989725056c0a5adb5b0bead0.jpg","https://www.anwylhomes.co.uk/app/uploads/2024/01/AH_Downham_KitchenCG_1_1000x800.jpg","Staged showhome interior space."
"Queen’s Meadow","The Downham","4","https://www.anwylhomes.co.uk/our-developments/queens-meadow/downham-2/","images/82e34a5fe0e2d5a8191c23c5fc82208b89c9f152dd49daa8e2e6b7642dd70042.jpg","https://www.anwylhomes.co.uk/app/uploads/2024/01/AH_Downham_KitchenCG_3_1000x800.jpg","Staged showhome interior space."
"Queen’s Meadow","The Downham","4","https://www.anwylhomes.co.uk/our-developments/queens-meadow/downham-2/","images/f278202a9b59b7c1fcf21e865b91090205550f10f3a913c01ca25cce2920e420.png","https://www.anwylhomes.co.uk/app/uploads/2024/01/Downham_GP_Utility_CG.png","Staged showhome interior space."
"Queen’s Meadow","The Downham","4","https://www.anwylhomes.co.uk/our-developments/queens-meadow/downham-2/","images/871a0d303f9d71182bfbdf6c0398d8a9b5d60b59039160df2221e76320810bfc.png","https://www.anwylhomes.co.uk/app/uploads/2024/01/Downham_GP_LivingRoom_CG2.png","Staged showhome interior space."
"Queen’s Meadow","The Downham","4","https://www.anwylhomes.co.uk/our-developments/queens-meadow/downham-2/","images/5ceef9368109467ae07f5eec3ae02e0e9229f5ab83112be12967337b6edfcf5d.png","https://www.anwylhomes.co.uk/app/uploads/2024/01/Downham_GP_LivingRoom_CG.png","Staged showhome interior space."
"Queen’s Meadow","The Downham","4","https://www.anwylhomes.co.uk/our-developments/queens-meadow/downham-2/","images/3d1f9b56cf86a3703ba09d7738da3fbdb87b3b77af172d50071a3f8707902a9c.png","https://www.anwylhomes.co.uk/app/uploads/2024/01/Downham_GP_MasterBedroom_CG.png","Staged showhome interior space."
"Queen’s Meadow","The Downham","4","https://www.anwylhomes.co.uk/our-developments/queens-meadow/downham-2/","images/254ef864f6e1798afc3fa1647a7883d76d540fec73a9af0265120632c4343b4e.png","https://www.anwylhomes.co.uk/app/uploads/2024/01/Downham_GP_MasterBedroom_CG2.png","Staged showhome interior space."
"Queen’s Meadow","The Downham","4","https://www.anwylhomes.co.uk/our-developments/queens-meadow/downham-2/","images/4b0d7a28cc56c5c51e35de84b2e15bd772b5a336ac149a00c0f50ea47de80959.png","https://www.anwylhomes.co.uk/app/uploads/2024/01/Downham_GP_EnSuite_CG.png","Staged showhome interior space."
"Queen’s Meadow","The Downham","4","https://www.anwylhomes.co.uk/our-developments/queens-meadow/downham-2/","images/894e6332b9da6c4f0f6b0c2122f1922d40b11a433334ab2e2e351f1b0504cb58.png","https://www.anwylhomes.co.uk/app/uploads/2024/01/Downham_GP_Bedroom2_CG.png","Staged showhome interior space."
"Queen’s Meadow","The Downham","4","https://www.anwylhomes.co.uk/our-developments/queens-meadow/downham-2/","images/90b8d39b9d3264e2916355a365e5a04d5b42655a270862408e79af0bcae92478.png","https://www.anwylhomes.co.uk/app/uploads/2024/01/Downham_GP_Bedroom3_CG.png","Staged showhome interior space."
"Queen’s Meadow","The Downham","4","https://www.anwylhomes.co.uk/our-developments/queens-meadow/downham-2/","images/ec739e69b340ceb74a643c1579759ea52e36f36515a486f6988a5c0ebe98c05a.png","https://www.anwylhomes.co.uk/app/uploads/2024/01/Downham_GP_Bedroom4_CG.png","Staged showhome interior space."
"Queen’s Meadow","The Downham","4","https://www.anwylhomes.co.uk/our-developments/queens-meadow/downham-2/","images/d9897e860ce0ff18cc96a0529c39dac23d6f34b733f440d4326b04604f120f1c.png","https://www.anwylhomes.co.uk/app/uploads/2024/01/Downham_GP_Bathroom_CG.png","Staged showhome interior space."
"Queen’s Meadow","The Downham","4","https://www.anwylhomes.co.uk/our-developments/queens-meadow/downham-2/","images/c592c16aece742460cc0b5dad3b4821b0034d726765f7e700bd046b1a13353fd.png","https://www.anwylhomes.co.uk/app/uploads/2024/01/Downham_GP_MediaRoom_CG2.png","Staged showhome interior space."
"Queen’s Meadow","The Downham","4","https://www.anwylhomes.co.uk/our-developments/queens-meadow/downham-2/","images/c6a2c4c13332298009898f325e45691fcf9d9a586360b801d950613047961290.png","https://www.anwylhomes.co.uk/app/uploads/2024/01/Downham_GP_MediaRoom_CG.png","Staged showhome interior space."
"Queen’s Meadow","The Downham","4","https://www.anwylhomes.co.uk/our-developments/queens-meadow/downham-2/","images/f2c68ebf5a4983a84801b8d1051f159bfd2221c64e3fcaa1d49351a24db3ddb3.png","https://www.anwylhomes.co.uk/app/uploads/2024/01/Downham_GP_WC_CG.png","Staged showhome interior space."
"Queen’s Meadow","The Downham","4","https://www.anwylhomes.co.uk/our-developments/queens-meadow/downham-2/","images/a4e2cd760b4c503a373ffefdc5036b7016c9accf0e25a64d42c2eab36e29f76c.png","https://www.anwylhomes.co.uk/app/uploads/2024/01/Downham_GP_Hallway_CG.png","Staged showhome interior space."
"Queen’s Meadow","The Downham","4","https://www.anwylhomes.co.uk/our-developments/queens-meadow/downham-2/","images/50dddee203f5bb9d964671e0796b38e05488b63d029ec06c04d9eb28bc08fe6a.png","https://www.anwylhomes.co.uk/app/uploads/2024/01/Downham_GP_Landing_CG.png","Staged showhome interior space."
"Queen’s Meadow","The Hawarden","2","https://www.anwylhomes.co.uk/our-developments/queens-meadow/hawarden/","images/438a2990c4ea902525aceda385ebc68001c866a39977f574e618be7a1c3c1b42.jpg","https://www.anwylhomes.co.uk/app/uploads/2024/01/AH_QM_Hawarden_3.jpg","Staged showhome interior space."
"Queen’s Meadow","The Hawarden","2","https://www.anwylhomes.co.uk/our-developments/queens-meadow/hawarden/","images/2a0e9d738927c8050ae2ea2d15f3520bf7519f0b77f3aad04e73d36431fef145.jpg","https://www.anwylhomes.co.uk/app/uploads/2024/01/Plot_046_Hawarden_FrontView000.jpg","Staged showhome interior space."
"Queen’s Meadow","The Hawarden","2","https://www.anwylhomes.co.uk/our-developments/queens-meadow/hawarden/","images/6e538602984b8face49971f6d85a662efef480234601011699b08b820115af90.jpg","https://www.anwylhomes.co.uk/app/uploads/2024/01/AH_QM_Hawarden_2.jpg","Staged showhome interior space."
"Queen’s Meadow","The Hawarden","2","https://www.anwylhomes.co.uk/our-developments/queens-meadow/hawarden/","images/aa3b27e12c0849bd1fbcd4cf928a4d7e0c57e500d03728436aaae59ca4654eab.jpg","https://www.anwylhomes.co.uk/app/uploads/2024/01/Hawarden_1_GP_Bed1_CG_1000x800-art-scale-1_00x.jpg","Staged showhome interior space."
"Queen’s Meadow","The Hawarden","2","https://www.anwylhomes.co.uk/our-developments/queens-meadow/hawarden/","images/f574da97e651d19c9bc7156e14c07e636cfa2f51c1b5495a4e174d7bcd44940a.jpg","https://www.anwylhomes.co.uk/app/uploads/2024/01/Hawarden_5_GP_Bed2_CG_1000x800-art-scale-1_00x.jpg","Staged showhome interior space."
"Queen’s Meadow","The Hawarden","2","https://www.anwylhomes.co.uk/our-developments/queens-meadow/hawarden/","images/ea81913f361b8efb5ae37587a298e93dafe3648c20503dc8bc08335e0bb48460.jpg","https://www.anwylhomes.co.uk/app/uploads/2024/01/Hawarden_4_GP_Bathroom_CG_1000x800-art-scale-1_00x.jpg","Staged showhome interior space."
"Queen’s Meadow","The Snowdon","3","https://www.anwylhomes.co.uk/our-developments/queens-meadow/snowdon-3/","images/98163e206c516c13a75999260ec764f64a7a608c513d21594df6153faa1791a8.jpg","https://www.anwylhomes.co.uk/app/uploads/2025/09/Anwyl-The-Snowdon-Home-60-scaled.jpg","Staged showhome interior space."
"Queen’s Meadow","The Snowdon","3","https://www.anwylhomes.co.uk/our-developments/queens-meadow/snowdon-3/","images/1860f0523b659b869ccea381aee6dea0c25551bff7f12e3961abf7c11989cab9.jpg","https://www.anwylhomes.co.uk/app/uploads/2025/09/Plot_060_Snowdon_FrontView000.jpg","Staged showhome interior space."
"Queen’s Meadow","The Snowdon","3","https://www.anwylhomes.co.uk/our-developments/queens-meadow/snowdon-3/","images/53e3d18a10be63afa16f75e0a9a36252bc99d4ecb14d0e9649722413ce92c3fa.jpg","https://www.anwylhomes.co.uk/app/uploads/2025/09/Anwyl-The-Snowdon-Home-61-scaled.jpg","Staged showhome interior space."
"Queen’s Meadow","The Snowdon","3","https://www.anwylhomes.co.uk/our-developments/queens-meadow/snowdon-3/","images/69ab486b75df4c00cacb4500ab59c7cb5874ccd71bc8ff3536c68e5a3de41b5f.jpg","https://www.anwylhomes.co.uk/app/uploads/2025/09/Anwyl-The-Snowdon-Home-67-scaled.jpg","Staged showhome interior space."
"Queen’s Meadow","The Snowdon","3","https://www.anwylhomes.co.uk/our-developments/queens-meadow/snowdon-3/","images/e3548aaa4a37ac4e3f99ad07e598d41ada41c754501a6e39408d64c078d9eea9.jpg","https://www.anwylhomes.co.uk/app/uploads/2025/09/Anwyl-The-Snowdon-Home-63-scaled.jpg","Staged showhome interior space."
"Queen’s Meadow","The Snowdon","3","https://www.anwylhomes.co.uk/our-developments/queens-meadow/snowdon-3/","images/f80c5399c5ba3da724b377e49d02739752227aa67d077dc4e9bf4f2b36801cc8.jpg","https://www.anwylhomes.co.uk/app/uploads/2025/09/Anwyl-The-Snowdon-Home-80-scaled.jpg","Staged showhome interior space."
"Queen’s Meadow","The Snowdon","3","https://www.anwylhomes.co.uk/our-developments/queens-meadow/snowdon-3/","images/01b5d832e7b38ebdebecda9094c32a5d008c2cef44893b2ba995419366ad9324.jpg","https://www.anwylhomes.co.uk/app/uploads/2025/09/Anwyl-The-Snowdon-Home-83-scaled.jpg","Staged showhome interior space."
"Queen’s Meadow","The Snowdon","3","https://www.anwylhomes.co.uk/our-developments/queens-meadow/snowdon-3/","images/dea3ce04e1f609ce4ca20e4ca1403310758feb8fdcf8909f8be9ecfee1cef64d.jpg","https://www.anwylhomes.co.uk/app/uploads/2024/02/VictoriaMills-Plot61-48-scaled.jpg","Staged showhome interior space."
"Queen’s Meadow","The Snowdon","3","https://www.anwylhomes.co.uk/our-developments/queens-meadow/snowdon-3/","images/79c5331b7c4fd50f1f92e598b3c055db496ed7eff54ffeab1b15c2de739255ef.jpg","https://www.anwylhomes.co.uk/app/uploads/2025/09/Anwyl-The-Snowdon-Home-88-scaled.jpg","Staged showhome interior space."
"Queen’s Meadow","The Snowdon","3","https://www.anwylhomes.co.uk/our-developments/queens-meadow/snowdon-3/","images/3bb633db67eb4c85795bf079a1044e89318309a316e62a8b39a521cc933cceea.jpg","https://www.anwylhomes.co.uk/app/uploads/2025/09/Anwyl-The-Snowdon-Home-73-scaled.jpg","Staged showhome interior space."
"Queen’s Meadow","The Cartmel","4","https://www.anwylhomes.co.uk/our-developments/queens-meadow/cartmel/","images/5a724c91960177f1ac803c9de783c697985a738e21ebd2d8a8877457d75e888b.jpg","https://www.anwylhomes.co.uk/app/uploads/2023/11/Plot_066_Cartwright_FrontView000-1.jpg","Staged showhome interior space."
"Queen’s Meadow","The Cartmel","4","https://www.anwylhomes.co.uk/our-developments/queens-meadow/cartmel/","images/e5647112820a92276dd4e230aaf91a43e82329f122fb2845ca55fdbf6c207f9a.jpg","https://www.anwylhomes.co.uk/app/uploads/2023/11/AH_QM_Cartmel_1.jpg","Staged showhome interior space."
"Queen’s Meadow","The Cartmel","4","https://www.anwylhomes.co.uk/our-developments/queens-meadow/cartmel/","images/49162fb8e714ad8a27cdeb07ca3b9ab017eeaa9e0757d84625a29e8e7ff3a5a5.jpg","https://www.anwylhomes.co.uk/app/uploads/2023/11/Cartmel_2_GP_LivingRoom_CG_1000x800.jpg","Staged showhome interior space."
"Queen’s Meadow","The Cartmel","4","https://www.anwylhomes.co.uk/our-developments/queens-meadow/cartmel/","images/683f1004ee9f075ab3c21e2460cc47ef96c7cecb9530bfa7c4d229aa4958461c.jpg","https://www.anwylhomes.co.uk/app/uploads/2023/11/Cartmel_3_GP_MasterBed_CG_1000x800.jpg","Staged showhome interior space."
"Queen’s Meadow","The Cartmel","4","https://www.anwylhomes.co.uk/our-developments/queens-meadow/cartmel/","images/28ec23225da497d0eb074bb6c7bdf9d4c0884ea151dc2c94d5f9899657753ce7.jpg","https://www.anwylhomes.co.uk/app/uploads/2023/11/Cartmel_4_GP_Bathroom_CG_1000x800.jpg","Staged showhome interior space."
"Queen’s Meadow","The Cartmel","4","https://www.anwylhomes.co.uk/our-developments/queens-meadow/cartmel/","images/1c3ad67367b0052005eb13979b04f2529c9aeff15f6894210c08e284d31ecd0a.jpg","https://www.anwylhomes.co.uk/app/uploads/2023/11/Cartmel_5_GP_Bed2_CG2_1000x800.jpg","Staged showhome interior space."
"Five Oaks","The Burton","2","https://www.anwylhomes.co.uk/our-developments/five-oaks/burton-9/","images/401532223f6bd1937e839433130a33ba6034a7a78b656840453a3fc828dd8b33.png","https://www.anwylhomes.co.uk/app/uploads/2023/11/Burton_3_Kitchen.png","Staged showhome interior space."
"Five Oaks","The Burton","2","https://www.anwylhomes.co.uk/our-developments/five-oaks/burton-9/","images/9d07ccebcd2bc45fe1db75f652edc9a04ac307f039c4c0928693649c9e3c1ad3.jpg","https://www.anwylhomes.co.uk/app/uploads/2024/03/Plot_21-scaled.jpg","Staged showhome interior space."
"Five Oaks","The Burton","2","https://www.anwylhomes.co.uk/our-developments/five-oaks/burton-9/","images/cb468ebc7fd980d412d1a68013cdbb794822fef88316920ae069459ca7c6b220.png","https://www.anwylhomes.co.uk/app/uploads/2023/11/Burton_2_Kitchen2.png","Staged showhome interior space."
"Five Oaks","The Burton","2","https://www.anwylhomes.co.uk/our-developments/five-oaks/burton-9/","images/2918cb7f2a22248b742029f428cbb6bafd2a032510dac74fa2d444428449057e.png","https://www.anwylhomes.co.uk/app/uploads/2023/11/Burton_1_Living.png","Staged showhome interior space."
"Five Oaks","The Burton","2","https://www.anwylhomes.co.uk/our-developments/five-oaks/burton-9/","images/a8f5b2e58fd3cb26e921eae407f4322044fd543e3025ac5e29e5040aa70052b2.png","https://www.anwylhomes.co.uk/app/uploads/2023/11/Burton_4_Bed2.png","Staged showhome interior space."
"Five Oaks","The Burton","2","https://www.anwylhomes.co.uk/our-developments/five-oaks/burton-9/","images/41685247149239a0d0b11a0837d8b6fe29c822b0e13c06e4fb170b8de0c1d775.png","https://www.anwylhomes.co.uk/app/uploads/2023/11/Burton_5_Bed1.png","Staged showhome interior space."
"Five Oaks","The Burton","2","https://www.anwylhomes.co.uk/our-developments/five-oaks/burton-9/","images/c5a5e4fd3f393c3666543d98c848b6295ef1d234785f259cf168225067e156b1.png","https://www.anwylhomes.co.uk/app/uploads/2023/11/Burton_6_Bathroom.png","Staged showhome interior space."
"Five Oaks","The Birkdale","3","https://www.anwylhomes.co.uk/our-developments/five-oaks/birkdale-2/","images/e5c831d638c11ff269b4be9cbc6d3ede72752255cd04d6ab18f8b77fc7765e0a.jpg","https://www.anwylhomes.co.uk/app/uploads/2024/03/Plot_35-scaled.jpg","Staged showhome interior space."
"Five Oaks","The Birkdale","3","https://www.anwylhomes.co.uk/our-developments/five-oaks/birkdale-2/","images/5ac6d233edc1a87f28f572de96803f9458f5d8268967182d89c2071b82ecffe6.jpg","https://www.anwylhomes.co.uk/app/uploads/2024/08/TSC_AnwylHomes_SE161024-80-2.jpg","Staged showhome interior space."
"Five Oaks","The Birkdale","3","https://www.anwylhomes.co.uk/our-developments/five-oaks/birkdale-2/","images/e3f6bc07706d4708bcae9e4e9a29a18c9a8064ba3c2bae9151f819019034ac78.jpg","https://www.anwylhomes.co.uk/app/uploads/2024/08/TSC_AnwylHomes_SE161024-81.jpg","Staged showhome interior space."
"Five Oaks","The Birkdale","3","https://www.anwylhomes.co.uk/our-developments/five-oaks/birkdale-2/","images/7633e0c6586edbac6d971492abc99788de3a8b3bac02746ed4919486062f51ba.jpg","https://www.anwylhomes.co.uk/app/uploads/2024/08/TSC_AnwylHomes_SE161024-82.jpg","Staged showhome interior space."
"Five Oaks","The Birkdale","3","https://www.anwylhomes.co.uk/our-developments/five-oaks/birkdale-2/","images/5ce58ba89dad8e85b8dd17d4dea8793e52c6e913dc5942beed3c69e862753c57.jpg","https://www.anwylhomes.co.uk/app/uploads/2024/08/TSC_AnwylHomes_SE161024-76.jpg","Staged showhome interior space."
"Five Oaks","The Birkdale","3","https://www.anwylhomes.co.uk/our-developments/five-oaks/birkdale-2/","images/b1d672e81ee9bda27b2d285d9e03d3aeaa8ddd5e92e49bfcebf6f247e57f1ddd.jpg","https://www.anwylhomes.co.uk/app/uploads/2024/08/TSC_AnwylHomes_SE161024-97-2.jpg","Staged showhome interior space."
"Five Oaks","The Birkdale","3","https://www.anwylhomes.co.uk/our-developments/five-oaks/birkdale-2/","images/2a8e9089be6d99b4fa425c5c916f02685adc1ba7666794914a107ba85b6cc9e0.jpg","https://www.anwylhomes.co.uk/app/uploads/2024/08/TSC_AnwylHomes_SE161024-92-2.jpg","Staged showhome interior space."
"Five Oaks","The Birkdale","3","https://www.anwylhomes.co.uk/our-developments/five-oaks/birkdale-2/","images/c01425ade601976abcda9db71fe8946454eb97f0d51b81f769bc311ca0a9605f.jpg","https://www.anwylhomes.co.uk/app/uploads/2024/08/TSC_AnwylHomes_SE161024-102.jpg","Staged showhome interior space."
"Five Oaks","The Eccleston","3","https://www.anwylhomes.co.uk/our-developments/five-oaks/eccleston-5/","images/9248241639e4fbc325c8d500b3c9e589b8175a5d985a0acd4ef2f1b04024106a.jpg","https://www.anwylhomes.co.uk/app/uploads/2023/11/Eccleston_4_GP_Kitchen_CG_1000x800-art-scale-1_00x.jpg","Staged showhome interior space."
"Five Oaks","The Eccleston","3","https://www.anwylhomes.co.uk/our-developments/five-oaks/eccleston-5/","images/ce145d47582c31bc23ac7f16d8e7dbaa9260a49f8afe88649a4341af081a84e1.jpg","https://www.anwylhomes.co.uk/app/uploads/2024/03/Plot_17-scaled.jpg","Staged showhome interior space."
"Five Oaks","The Eccleston","3","https://www.anwylhomes.co.uk/our-developments/five-oaks/eccleston-5/","images/c6fdaa441c8a6352c82236cddd77787799d918ca8470affa963ed3835a362746.jpg","https://www.anwylhomes.co.uk/app/uploads/2023/11/Eccleston_5_GP_LivingRoom_CG_1000x800-art-scale-1_00x.jpg","Staged showhome interior space."
"Five Oaks","The Eccleston","3","https://www.anwylhomes.co.uk/our-developments/five-oaks/eccleston-5/","images/eb7bae32c8029a7ddee290cba0f76ff449c9a889fae5568b7363ef9ff7f5bc9f.jpg","https://www.anwylhomes.co.uk/app/uploads/2023/11/Eccleston_1_GP_Bed1_CG_1000x800-art-scale-1_00x.jpg","Staged showhome interior space."
"Five Oaks","The Eccleston","3","https://www.anwylhomes.co.uk/our-developments/five-oaks/eccleston-5/","images/f9aff183dbd6489075aa99727a838af9eccfab76dcbc13fc00e18fe1c69597cb.jpg","https://www.anwylhomes.co.uk/app/uploads/2023/11/Eccleston_2_GP_Bathroom_CG_1000x800-art-scale-1_00x.jpg","Staged showhome interior space."
"Five Oaks","The Eccleston","3","https://www.anwylhomes.co.uk/our-developments/five-oaks/eccleston-5/","images/aa938d326a5b62846e8803cb0893466d051eaef2c32d99d2d0ac04135d3ab6ac.jpg","https://www.anwylhomes.co.uk/app/uploads/2023/11/Eccleston_3_GP_Bed2_CG_1000x800-art-scale-1_00x.jpg","Staged showhome interior space."
"Five Oaks","The Evesham","4","https://www.anwylhomes.co.uk/our-developments/five-oaks/evesham-9/","images/b944751333c8efcadaa9e3632853a600cadfeb1292e1869852e80032bbdd6cd4.jpg","https://www.anwylhomes.co.uk/app/uploads/2024/03/Plot_42-scaled.jpg","Staged showhome interior space."
"Five Oaks","The Evesham","4","https://www.anwylhomes.co.uk/our-developments/five-oaks/evesham-9/","images/3960fe0baaff5818e73685fd13f3649d80d31fc099a0434138a34095c78b2637.jpg","https://www.anwylhomes.co.uk/app/uploads/2023/11/Evesham-Summers-Bridge-kitchen-diner-family-area-scaled.jpg","Staged showhome kitchen."
"Five Oaks","The Evesham","4","https://www.anwylhomes.co.uk/our-developments/five-oaks/evesham-9/","images/2befe484c0594eae046531d7073966562f8db779c1f64258ffa91184780a5ecf.jpg","https://www.anwylhomes.co.uk/app/uploads/2023/11/Evesham-Summers-Bridge-kitchen-scaled.jpg","Staged showhome kitchen."
"Five Oaks","The Evesham","4","https://www.anwylhomes.co.uk/our-developments/five-oaks/evesham-9/","images/17013c25621b9dff02d211207cfd2ea3ce1f8e787e42c7289c751e635a16d400.jpg","https://www.anwylhomes.co.uk/app/uploads/2023/11/Eveshham-summers-bridge-kitchen-diner-scaled.jpg","Staged showhome kitchen."
"Five Oaks","The Evesham","4","https://www.anwylhomes.co.uk/our-developments/five-oaks/evesham-9/","images/325f3ff1fd93945eb276525bf9115ababd73165499d4b340cb412fd80973b667.jpg","https://www.anwylhomes.co.uk/app/uploads/2024/03/Evesham-Summers-Bridge-living-room-min.jpg","Staged showhome living room."
"Five Oaks","The Evesham","4","https://www.anwylhomes.co.uk/our-developments/five-oaks/evesham-9/","images/b025d3a6abb6b9de73a4a92bcbbe1f48d9d8b8cc29e03ff5fbfdd8acbb9e47c6.jpg","https://www.anwylhomes.co.uk/app/uploads/2023/11/Evesham-Summers-Bridge-Bedroom-1-shot-2-scaled.jpg","Staged showhome bedroom."
"Five Oaks","The Evesham","4","https://www.anwylhomes.co.uk/our-developments/five-oaks/evesham-9/","images/0c1ea09c3218cb3b81b6639be49f472f64bed8962cd1e32a72c16231c39b48af.jpg","https://www.anwylhomes.co.uk/app/uploads/2023/11/Evesham-Summers-Bridge-bedroom-1-scaled.jpg","Staged showhome bedroom."
"Five Oaks","The Evesham","4","https://www.anwylhomes.co.uk/our-developments/five-oaks/evesham-9/","images/ca6dd0533a946e77afdf3640666b70e7a0bc13e50a14d64906648ce712501c3c.jpg","https://www.anwylhomes.co.uk/app/uploads/2023/11/Evesham-Summers-Bridge-ensuite-scaled.jpg","Staged showhome bathroom."
"Five Oaks","The Evesham","4","https://www.anwylhomes.co.uk/our-developments/five-oaks/evesham-9/","images/a22887c241d72ef28d88bbd00f7391a1219bafe32e33239c72d03ec9b0eb50d5.png","https://www.anwylhomes.co.uk/app/uploads/2023/11/Evesham_3_Bedroom2.png","Staged showhome interior space."
"Five Oaks","The Evesham","4","https://www.anwylhomes.co.uk/our-developments/five-oaks/evesham-9/","images/ee2fd42aed3985f014b912e46342b6a5eecda98adb087ebec81d762d8ea347b4.png","https://www.anwylhomes.co.uk/app/uploads/2023/11/Evesham_4_Bedroom1.png","Staged showhome interior space."
"Five Oaks","The Evesham","4","https://www.anwylhomes.co.uk/our-developments/five-oaks/evesham-9/","images/614e1564c57935acad6b6b7b50596c174de70a2506ae3c9b891b79264f7d3b3a.jpg","https://www.anwylhomes.co.uk/app/uploads/2023/11/Evesham-Summers-Bridge-Bathroom-scaled.jpg","Staged showhome bathroom."
"Five Oaks","The Evesham","4","https://www.anwylhomes.co.uk/our-developments/five-oaks/evesham-9/","images/21c895b9658bf92ba4c7e20807b3f672a60f6419f209b695ee71cf3899130494.jpg","https://www.anwylhomes.co.uk/app/uploads/2023/11/Evesham-Summers-Bridge-Bathroom-shot-2-scaled.jpg","Staged showhome bathroom."
"Five Oaks","The Evesham","4","https://www.anwylhomes.co.uk/our-developments/five-oaks/evesham-9/","images/0475ecc7dd0d4f1211413289847086a83c6798e8aff29b0f68ef6071f2ea5b75.jpg","https://www.anwylhomes.co.uk/app/uploads/2023/11/Evesham-Summers-Bridge-hallway-scaled.jpg","Staged showhome hallway."
"Five Oaks","The Ascot","4","https://www.anwylhomes.co.uk/our-developments/five-oaks/ascot-14/","images/d181eb469808fd4f51d9030191e1752ae9846b3ea3ff842bd2d5fb72adf98c7d.jpg","https://www.anwylhomes.co.uk/app/uploads/2024/03/Plot_54-scaled.jpg","Staged showhome interior space."
"Five Oaks","The Ascot","4","https://www.anwylhomes.co.uk/our-developments/five-oaks/ascot-14/","images/28825e2ecf937baa3dfdba2a9c5bb50a7423c4984bfb09d3b04315e2ac37e1db.jpg","https://www.anwylhomes.co.uk/app/uploads/2024/03/TSC_AnwylHomes_SE161024-114.jpg","Staged showhome interior space."
"Five Oaks","The Ascot","4","https://www.anwylhomes.co.uk/our-developments/five-oaks/ascot-14/","images/958500fa7bea274d330a5cd5bc3489bf28db68829c1341ecc9fb5ba4e1d2c9dd.jpg","https://www.anwylhomes.co.uk/app/uploads/2024/03/TSC_AnwylHomes_SE161024-113-1-min.jpg","Staged showhome interior space."
"Five Oaks","The Ascot","4","https://www.anwylhomes.co.uk/our-developments/five-oaks/ascot-14/","images/07c7e7433b3b14dbb0130ef2735fe0cd605be0a3c4c54576314eb95dd87a4e6b.jpg","https://www.anwylhomes.co.uk/app/uploads/2024/03/TSC_AnwylHomes_SE161024-106-min.jpg","Staged showhome interior space."
"Five Oaks","The Ascot","4","https://www.anwylhomes.co.uk/our-developments/five-oaks/ascot-14/","images/f8c796c8f61fc7cfa685cb7c1f7333bb5ec86fae3dfe90e836c32e40f6b31e68.jpg","https://www.anwylhomes.co.uk/app/uploads/2024/03/TSC_AnwylHomes_SE161024-108-2.jpg","Staged showhome interior space."
"Five Oaks","The Ascot","4","https://www.anwylhomes.co.uk/our-developments/five-oaks/ascot-14/","images/6f9e1ebaa6eba075d2c95a1e4b91348d89b108131db69f7d8620d186d7bbd9f5.jpg","https://www.anwylhomes.co.uk/app/uploads/2024/03/TSC_AnwylHomes_SE161024-134.jpg","Staged showhome interior space."
"Five Oaks","The Ascot","4","https://www.anwylhomes.co.uk/our-developments/five-oaks/ascot-14/","images/1662a86db03b524e5b4eff5f482770494659596a00079290ca892d830618cac3.jpg","https://www.anwylhomes.co.uk/app/uploads/2024/03/TSC_AnwylHomes_SE161024-119-3-min.jpg","Staged showhome interior space."
"Five Oaks","The Ascot","4","https://www.anwylhomes.co.uk/our-developments/five-oaks/ascot-14/","images/34c99bf03e0c4b7257858c7f210c80af7cb1c7fb383c9f9eb1a59a75814d8513.jpg","https://www.anwylhomes.co.uk/app/uploads/2024/03/TSC_AnwylHomes_SE161024-120-min.jpg","Staged showhome interior space."
"Five Oaks","The Ascot","4","https://www.anwylhomes.co.uk/our-developments/five-oaks/ascot-14/","images/65d97d07b9447ef995aa7f224012c27c0fd2a6d6292a3ea5bd51811c8e2eb4c0.jpg","https://www.anwylhomes.co.uk/app/uploads/2024/03/TSC_AnwylHomes_SE161024-125-1.jpg","Staged showhome interior space."
"Five Oaks","The Ascot","4","https://www.anwylhomes.co.uk/our-developments/five-oaks/ascot-14/","images/c3bb62f331571eb675c81aac70b7a271eb117565fafd9f7f9d3897ec9551cc67.png","https://www.anwylhomes.co.uk/app/uploads/2024/03/Screenshot-2025-08-01-140743.png","Staged showhome interior space."
"Five Oaks","The Ascot","4","https://www.anwylhomes.co.uk/our-developments/five-oaks/ascot-14/","images/41b78b76ad1ec86e7306981ad731d039da32b8d26e707e416a7aae0e46fbd680.png","https://www.anwylhomes.co.uk/app/uploads/2024/03/Screenshot-2025-08-01-140726.png","Staged showhome interior space."
"Five Oaks","The Cheltenham","4","https://www.anwylhomes.co.uk/our-developments/five-oaks/cheltenham-7/","images/a31d6726b95e40f8d8dde0bd09e6eba836c4770081f61fbed0830d59d063a1a5.jpg","https://www.anwylhomes.co.uk/app/uploads/2024/03/Plot_47-scaled.jpg","Staged showhome interior space."
"Five Oaks","The Cheltenham","4","https://www.anwylhomes.co.uk/our-developments/five-oaks/cheltenham-7/","images/5a3e516693ee7f06024d55ca27f18b8622f48fdeb3db7164f996a724cce97b40.jpg","https://www.anwylhomes.co.uk/app/uploads/2023/11/TSC_AnwylHomes_July25_SE-6.jpg","Staged showhome interior space."
"Five Oaks","The Cheltenham","4","https://www.anwylhomes.co.uk/our-developments/five-oaks/cheltenham-7/","images/91fb01221073b4f296696920eb2155f7c66e18de48316f12d5577c74fb558a33.jpg","https://www.anwylhomes.co.uk/app/uploads/2025/01/TSC_AnwylHomes_July25_SE-9.jpg","Staged showhome interior space."
"Five Oaks","The Cheltenham","4","https://www.anwylhomes.co.uk/our-developments/five-oaks/cheltenham-7/","images/fb0dff47c785317e1e1cf43c392c0fd1a4fcee2dc8da4cb5ded7372356bd5f90.jpg","https://www.anwylhomes.co.uk/app/uploads/2024/03/TSC_AnwylHomes_July25_SE-1-1.jpg","Staged showhome interior space."
"Five Oaks","The Cheltenham","4","https://www.anwylhomes.co.uk/our-developments/five-oaks/cheltenham-7/","images/0712145c6c28a6844defd3edb3049a72da4fd052dd14c7948b3f41c8964d867d.jpg","https://www.anwylhomes.co.uk/app/uploads/2023/11/TSC_AnwylHomes_July25_SE-2.jpg","Staged showhome interior space."
"Five Oaks","The Cheltenham","4","https://www.anwylhomes.co.uk/our-developments/five-oaks/cheltenham-7/","images/4c854a169fddb969d68abb2e5da893f7f2b095f620069e40587bfad2e9261cc5.jpg","https://www.anwylhomes.co.uk/app/uploads/2023/11/TSC_AnwylHomes_July25_SE-24.jpg","Staged showhome interior space."
"Five Oaks","The Cheltenham","4","https://www.anwylhomes.co.uk/our-developments/five-oaks/cheltenham-7/","images/cfab3d3b92156f52dfbf540b62d66b9bf64ca68a259e186206afe25bb2395472.jpg","https://www.anwylhomes.co.uk/app/uploads/2023/11/TSC_AnwylHomes_July25_SE-25.jpg","Staged showhome interior space."
"Five Oaks","The Cheltenham","4","https://www.anwylhomes.co.uk/our-developments/five-oaks/cheltenham-7/","images/f7e19240004e17d4010e590481b88e4cb767c7fbea1dfb7b3e4d79930c7520ab.jpg","https://www.anwylhomes.co.uk/app/uploads/2024/03/TSC_AnwylHomes_July25_SE-22-1.jpg","Staged showhome interior space."
"Five Oaks","The Cheltenham","4","https://www.anwylhomes.co.uk/our-developments/five-oaks/cheltenham-7/","images/36fa61175611f0615884edabb1e60c7e83520c89724f4d15e2cda5340125009b.jpg","https://www.anwylhomes.co.uk/app/uploads/2023/11/TSC_AnwylHomes_July25_SE-26.jpg","Staged showhome interior space."
"Five Oaks","The Cheltenham","4","https://www.anwylhomes.co.uk/our-developments/five-oaks/cheltenham-7/","images/890e3af39e241b241509ed450708dfef3d1438f02e5654a0cf54cec7fefe8968.jpg","https://www.anwylhomes.co.uk/app/uploads/2023/11/TSC_AnwylHomes_July25_SE-19.jpg","Staged showhome interior space."
"Five Oaks","The Cheltenham","4","https://www.anwylhomes.co.uk/our-developments/five-oaks/cheltenham-7/","images/d193f70d6cca342f759d85e3806921900f9a0b9ac9f04dec2fe6cb0ce81fc311.jpg","https://www.anwylhomes.co.uk/app/uploads/2025/01/TSC_AnwylHomes_July25_SE-13.jpg","Staged showhome interior space."
"Five Oaks","The Cheltenham","4","https://www.anwylhomes.co.uk/our-developments/five-oaks/cheltenham-7/","images/926592d321593032b3d2abe3a3b8f71f91dbe89fa4cd30bbaeff138c957ddedc.jpg","https://www.anwylhomes.co.uk/app/uploads/2023/11/TSC_AnwylHomes_July25_SE-14.jpg","Staged showhome interior space."
"Five Oaks","The Cheltenham","4","https://www.anwylhomes.co.uk/our-developments/five-oaks/cheltenham-7/","images/6297fdcf7c1e0494f3ec8a856941649d9b97155fd98f42be1f70a0d68c2314f1.jpg","https://www.anwylhomes.co.uk/app/uploads/2023/11/TSC_AnwylHomes_July25_SE-16.jpg","Staged showhome interior space."
"Five Oaks","The Cheltenham","4","https://www.anwylhomes.co.uk/our-developments/five-oaks/cheltenham-7/","images/f923e202310677980e279ce1959615708d05b7bbbe03663d77ee4ace1f546210.jpg","https://www.anwylhomes.co.uk/app/uploads/2023/11/TSC_AnwylHomes_July25_SE-15.jpg","Staged showhome interior space."
"Five Oaks","The Oakmere","4","https://www.anwylhomes.co.uk/our-developments/five-oaks/oakmere-7/","images/8f4f10e4960a0d82e798b07a2bc7fc131470fdf6cbcd05a4507ccee7efab3e7a.jpg","https://www.anwylhomes.co.uk/app/uploads/2024/03/Plot_33-scaled-e1757585060801.jpg","Staged showhome interior space."
"Five Oaks","The Oakmere","4","https://www.anwylhomes.co.uk/our-developments/five-oaks/oakmere-7/","images/5c1a4d084e1bbaa2dcbde3d3393065cbe4ba50f7683c7603bbb661f327d6f705.jpg","https://www.anwylhomes.co.uk/app/uploads/2023/11/TSC_Anwyl_Day1_SE260624-20.jpg","Staged showhome interior space."
"Five Oaks","The Oakmere","4","https://www.anwylhomes.co.uk/our-developments/five-oaks/oakmere-7/","images/f0ed1a8ae92bdde8e3dbea8447efd609b18b8ac63f8258be0b9fad78bf2c9b59.jpg","https://www.anwylhomes.co.uk/app/uploads/2023/11/TSC_Anwyl_Day1_SE260624-21.jpg","Staged showhome interior space."
"Five Oaks","The Oakmere","4","https://www.anwylhomes.co.uk/our-developments/five-oaks/oakmere-7/","images/f946c55358499b93f81674e95c053ef0a2b86dfce10a1c7aff516a9505b9803f.jpg","https://www.anwylhomes.co.uk/app/uploads/2023/11/TSC_Anwyl_Day1_SE260624-18.jpg","Staged showhome interior space."
"Five Oaks","The Oakmere","4","https://www.anwylhomes.co.uk/our-developments/five-oaks/oakmere-7/","images/eb05e49662c6fb9703f5405ac387681d92803f073eab477024308614e6d413db.jpg","https://www.anwylhomes.co.uk/app/uploads/2023/11/TSC_Anwyl_Day1_SE260624-19.jpg","Staged showhome interior space."
"Five Oaks","The Oakmere","4","https://www.anwylhomes.co.uk/our-developments/five-oaks/oakmere-7/","images/fe8caece7651615062a1afa40cfd4d600585bb4d4da5107848eb54b3a6797615.jpg","https://www.anwylhomes.co.uk/app/uploads/2023/11/TSC_Anwyl_Day1_SE260624-17.jpg","Staged showhome interior space."
"Five Oaks","The Oakmere","4","https://www.anwylhomes.co.uk/our-developments/five-oaks/oakmere-7/","images/f54af3ba95f908524c1be6403008f01d25b6c683a40347f1dc438713f65d3b00.jpg","https://www.anwylhomes.co.uk/app/uploads/2023/11/TSC_Anwyl_Day1_SE260624-12.jpg","Staged showhome interior space."
"Five Oaks","The Oakmere","4","https://www.anwylhomes.co.uk/our-developments/five-oaks/oakmere-7/","images/536f31e370fa93dad5fcc2309804a54e6117063b7124d57783e09e1e0b90239f.jpg","https://www.anwylhomes.co.uk/app/uploads/2024/03/TSC_Anwyl_Day1_SE260624-14.jpg","Staged showhome interior space."
"Five Oaks","The Oakmere","4","https://www.anwylhomes.co.uk/our-developments/five-oaks/oakmere-7/","images/8e017a7cc62065915f145e3cbdab32e9c20fec2f8454ca21c685cc9594d63b8b.jpg","https://www.anwylhomes.co.uk/app/uploads/2023/11/TSC_Anwyl_Day1_SE260624-37.jpg","Staged showhome interior space."
"Five Oaks","The Oakmere","4","https://www.anwylhomes.co.uk/our-developments/five-oaks/oakmere-7/","images/b4b5426786b80f224d6dc9c1f9deaf27f3a54cb124b21299d7e62febac3b6bb9.jpg","https://www.anwylhomes.co.uk/app/uploads/2024/03/TSC_Anwyl_Day1_SE260624-42-scaled.jpg","Staged showhome interior space."
"Five Oaks","The Oakmere","4","https://www.anwylhomes.co.uk/our-developments/five-oaks/oakmere-7/","images/4112700e592edc1009ce00251526670b05a2803e8449f83b2c4e67264254b07c.jpg","https://www.anwylhomes.co.uk/app/uploads/2023/11/TSC_Anwyl_Day1_SE260624-34-min.jpg","Staged showhome interior space."
"Five Oaks","The Oakmere","4","https://www.anwylhomes.co.uk/our-developments/five-oaks/oakmere-7/","images/7fdbd8c9897a8c957b14502c060409b2f2fce574a36b30d8799e7b4830909a54.jpg","https://www.anwylhomes.co.uk/app/uploads/2023/11/TSC_Anwyl_Day1_SE260624-30.jpg","Staged showhome interior space."
"Five Oaks","The Oakmere","4","https://www.anwylhomes.co.uk/our-developments/five-oaks/oakmere-7/","images/0c2f2d268f75a8e01350134e1885cf4ce56db3b6bf01256c2cb180d0cff43fa2.jpg","https://www.anwylhomes.co.uk/app/uploads/2023/11/TSC_Anwyl_Day1_SE260624-26.jpg","Staged showhome interior space."
"Five Oaks","The Oakmere","4","https://www.anwylhomes.co.uk/our-developments/five-oaks/oakmere-7/","images/7babacf1570935980296fbf3dcb5ccf6d32a47e3454c7f2f7b10249f16c2c31e.jpg","https://www.anwylhomes.co.uk/app/uploads/2023/11/TSC_Anwyl_Day1_SE260624-28.jpg","Staged showhome interior space."
"Five Oaks","The Hartford","4","https://www.anwylhomes.co.uk/our-developments/five-oaks/hartford-7/","images/e2df3e208c9085d8afe3522afbe0f4a2f1a169f20d0709f8a61391a21dd97754.jpg","https://www.anwylhomes.co.uk/app/uploads/2024/03/7963-edited-scaled.jpg","Staged showhome interior space."
"Five Oaks","The Hartford","4","https://www.anwylhomes.co.uk/our-developments/five-oaks/hartford-7/","images/9c367266f39bc0341a8dd5a3aa992132b61a29ddafd7212b7cbb3a5868748582.jpg","https://www.anwylhomes.co.uk/app/uploads/2024/03/Plot_88-scaled-e1757583469245.jpg","Staged showhome interior space."
"Five Oaks","The Hartford","4","https://www.anwylhomes.co.uk/our-developments/five-oaks/hartford-7/","images/f6c75821bc3b66f1ee8552bec0566e732572639392b00548d50296d2061f5f8b.jpg","https://www.anwylhomes.co.uk/app/uploads/2024/03/8067-1-scaled.jpg","Staged showhome interior space."
"Five Oaks","The Hartford","4","https://www.anwylhomes.co.uk/our-developments/five-oaks/hartford-7/","images/8c2f4893ff62d1c684bb520494d044e4c3d420ca5541fc30273350d89ea52a9c.jpg","https://www.anwylhomes.co.uk/app/uploads/2023/11/8139.jpg","Staged showhome interior space."
"Five Oaks","The Hartford","4","https://www.anwylhomes.co.uk/our-developments/five-oaks/hartford-7/","images/938077bd3eb124a28344b5e5db6998c7943ce6b06657f310a4e81592486a2d01.jpg","https://www.anwylhomes.co.uk/app/uploads/2023/11/8190.jpg","Staged showhome interior space."
"Five Oaks","The Hartford","4","https://www.anwylhomes.co.uk/our-developments/five-oaks/hartford-7/","images/8673db966447034970f61bc8b5c33643bfb1c1cc9cdbf28a75f8c2f2fe67ea8c.jpg","https://www.anwylhomes.co.uk/app/uploads/2023/11/8236.jpg","Staged showhome interior space."
"Five Oaks","The Hartford","4","https://www.anwylhomes.co.uk/our-developments/five-oaks/hartford-7/","images/72321b8d42ba52f8b7c20f8232de6fa93247682deb747b9ed3865886c99a49cc.jpg","https://www.anwylhomes.co.uk/app/uploads/2023/11/8292.jpg","Staged showhome interior space."
"Five Oaks","The Hartford","4","https://www.anwylhomes.co.uk/our-developments/five-oaks/hartford-7/","images/c20ef278a3ec1153b9ee126185f795d691fe646a54dd4734f5289a7d6337199e.jpg","https://www.anwylhomes.co.uk/app/uploads/2023/11/8317.jpg","Staged showhome interior space."
"Five Oaks","The Hartford","4","https://www.anwylhomes.co.uk/our-developments/five-oaks/hartford-7/","images/42168001b5cee08fc6a1443ea0de6f2a44d9de5b2b27c6fb35f6775431480ed6.jpg","https://www.anwylhomes.co.uk/app/uploads/2024/03/7409-scaled.jpg","Staged showhome interior space."
"Five Oaks","The Downham","4","https://www.anwylhomes.co.uk/our-developments/five-oaks/downham-4/","images/d7f4633015e857dfbd2d3f4029e9c5ec64266729c96ff4d9d1be171bd32524cf.jpg","https://www.anwylhomes.co.uk/app/uploads/2024/01/AH_Downham_KitchenCG_4_1000x800.jpg","Staged showhome interior space."
"Five Oaks","The Downham","4","https://www.anwylhomes.co.uk/our-developments/five-oaks/downham-4/","images/9c614172b14eb2e1819b7df716b6ab68e4f8f9720834e67f002ae1eba6ec86e6.jpg","https://www.anwylhomes.co.uk/app/uploads/2024/03/Plot_43-scaled-e1757585488649.jpg","Staged showhome interior space."
"Five Oaks","The Downham","4","https://www.anwylhomes.co.uk/our-developments/five-oaks/downham-4/","images/a75b19b07ef039a0710723d366c0c12e98b1be9b989725056c0a5adb5b0bead0.jpg","https://www.anwylhomes.co.uk/app/uploads/2024/01/AH_Downham_KitchenCG_1_1000x800.jpg","Staged showhome interior space."
"Five Oaks","The Downham","4","https://www.anwylhomes.co.uk/our-developments/five-oaks/downham-4/","images/82e34a5fe0e2d5a8191c23c5fc82208b89c9f152dd49daa8e2e6b7642dd70042.jpg","https://www.anwylhomes.co.uk/app/uploads/2024/01/AH_Downham_KitchenCG_3_1000x800.jpg","Staged showhome interior space."
"Five Oaks","The Downham","4","https://www.anwylhomes.co.uk/our-developments/five-oaks/downham-4/","images/f278202a9b59b7c1fcf21e865b91090205550f10f3a913c01ca25cce2920e420.png","https://www.anwylhomes.co.uk/app/uploads/2024/01/Downham_GP_Utility_CG.png","Staged showhome interior space."
"Five Oaks","The Downham","4","https://www.anwylhomes.co.uk/our-developments/five-oaks/downham-4/","images/871a0d303f9d71182bfbdf6c0398d8a9b5d60b59039160df2221e76320810bfc.png","https://www.anwylhomes.co.uk/app/uploads/2024/01/Downham_GP_LivingRoom_CG2.png","Staged showhome interior space."
"Five Oaks","The Downham","4","https://www.anwylhomes.co.uk/our-developments/five-oaks/downham-4/","images/5ceef9368109467ae07f5eec3ae02e0e9229f5ab83112be12967337b6edfcf5d.png","https://www.anwylhomes.co.uk/app/uploads/2024/01/Downham_GP_LivingRoom_CG.png","Staged showhome interior space."
"Five Oaks","The Downham","4","https://www.anwylhomes.co.uk/our-developments/five-oaks/downham-4/","images/3d1f9b56cf86a3703ba09d7738da3fbdb87b3b77af172d50071a3f8707902a9c.png","https://www.anwylhomes.co.uk/app/uploads/2024/01/Downham_GP_MasterBedroom_CG.png","Staged showhome interior space."
"Five Oaks","The Downham","4","https://www.anwylhomes.co.uk/our-developments/five-oaks/downham-4/","images/254ef864f6e1798afc3fa1647a7883d76d540fec73a9af0265120632c4343b4e.png","https://www.anwylhomes.co.uk/app/uploads/2024/01/Downham_GP_MasterBedroom_CG2.png","Staged showhome interior space."
"Five Oaks","The Downham","4","https://www.anwylhomes.co.uk/our-developments/five-oaks/downham-4/","images/4b0d7a28cc56c5c51e35de84b2e15bd772b5a336ac149a00c0f50ea47de80959.png","https://www.anwylhomes.co.uk/app/uploads/2024/01/Downham_GP_EnSuite_CG.png","Staged showhome interior space."
"Five Oaks","The Downham","4","https://www.anwylhomes.co.uk/our-developments/five-oaks/downham-4/","images/894e6332b9da6c4f0f6b0c2122f1922d40b11a433334ab2e2e351f1b0504cb58.png","https://www.anwylhomes.co.uk/app/uploads/2024/01/Downham_GP_Bedroom2_CG.png","Staged showhome interior space."
"Five Oaks","The Downham","4","https://www.anwylhomes.co.uk/our-developments/five-oaks/downham-4/","images/90b8d39b9d3264e2916355a365e5a04d5b42655a270862408e79af0bcae92478.png","https://www.anwylhomes.co.uk/app/uploads/2024/01/Downham_GP_Bedroom3_CG.png","Staged showhome interior space."
"Five Oaks","The Downham","4","https://www.anwylhomes.co.uk/our-developments/five-oaks/downham-4/","images/ec739e69b340ceb74a643c1579759ea52e36f36515a486f6988a5c0ebe98c05a.png","https://www.anwylhomes.co.uk/app/uploads/2024/01/Downham_GP_Bedroom4_CG.png","Staged showhome interior space."
"Five Oaks","The Downham","4","https://www.anwylhomes.co.uk/our-developments/five-oaks/downham-4/","images/d9897e860ce0ff18cc96a0529c39dac23d6f34b733f440d4326b04604f120f1c.png","https://www.anwylhomes.co.uk/app/uploads/2024/01/Downham_GP_Bathroom_CG.png","Staged showhome interior space."
"Five Oaks","The Downham","4","https://www.anwylhomes.co.uk/our-developments/five-oaks/downham-4/","images/c592c16aece742460cc0b5dad3b4821b0034d726765f7e700bd046b1a13353fd.png","https://www.anwylhomes.co.uk/app/uploads/2024/01/Downham_GP_MediaRoom_CG2.png","Staged showhome interior space."
"Five Oaks","The Downham","4","https://www.anwylhomes.co.uk/our-developments/five-oaks/downham-4/","images/c6a2c4c13332298009898f325e45691fcf9d9a586360b801d950613047961290.png","https://www.anwylhomes.co.uk/app/uploads/2024/01/Downham_GP_MediaRoom_CG.png","Staged showhome interior space."
"Five Oaks","The Downham","4","https://www.anwylhomes.co.uk/our-developments/five-oaks/downham-4/","images/f2c68ebf5a4983a84801b8d1051f159bfd2221c64e3fcaa1d49351a24db3ddb3.png","https://www.anwylhomes.co.uk/app/uploads/2024/01/Downham_GP_WC_CG.png","Staged showhome interior space."
"Five Oaks","The Downham","4","https://www.anwylhomes.co.uk/our-developments/five-oaks/downham-4/","images/a4e2cd760b4c503a373ffefdc5036b7016c9accf0e25a64d42c2eab36e29f76c.png","https://www.anwylhomes.co.uk/app/uploads/2024/01/Downham_GP_Hallway_CG.png","Staged showhome interior space."
"Five Oaks","The Downham","4","https://www.anwylhomes.co.uk/our-developments/five-oaks/downham-4/","images/50dddee203f5bb9d964671e0796b38e05488b63d029ec06c04d9eb28bc08fe6a.png","https://www.anwylhomes.co.uk/app/uploads/2024/01/Downham_GP_Landing_CG.png","Staged showhome interior space."
"Five Oaks","The Bretton","3","https://www.anwylhomes.co.uk/our-developments/five-oaks/bretton-14/","images/ed2991835d49dff662934fbeee7cb8d1296d1ba30ffb2883dcbb582f50909fe9.jpg","https://www.anwylhomes.co.uk/app/uploads/2024/01/6779-scaled.jpg","Staged showhome interior space."
"Five Oaks","The Bretton","3","https://www.anwylhomes.co.uk/our-developments/five-oaks/bretton-14/","images/3341bd364a17d01f548f8b0af3d88879c459a0ce4153e9cc474be518dcff2e45.jpg","https://www.anwylhomes.co.uk/app/uploads/2024/03/Plot_84-scaled-e1757582785637.jpg","Staged showhome interior space."
"Five Oaks","The Bretton","3","https://www.anwylhomes.co.uk/our-developments/five-oaks/bretton-14/","images/d54e0a3bb42140f6ac8a67d0a9ddf20c2888d2589b411ad498f9447afab5bafe.jpg","https://www.anwylhomes.co.uk/app/uploads/2024/01/6803-scaled.jpg","Staged showhome interior space."
"Five Oaks","The Bretton","3","https://www.anwylhomes.co.uk/our-developments/five-oaks/bretton-14/","images/707767af16489597f184071416f5640834bc9d89869acc3be1ae8f70d00f6ed0.jpg","https://www.anwylhomes.co.uk/app/uploads/2024/01/6878-scaled.jpg","Staged showhome interior space."
"Five Oaks","The Bretton","3","https://www.anwylhomes.co.uk/our-developments/five-oaks/bretton-14/","images/be33eb58ec489b65bb1475968dc12ca9050b80b7425973550c325d14326aca63.jpg","https://www.anwylhomes.co.uk/app/uploads/2024/01/6833-scaled.jpg","Staged showhome interior space."
"Five Oaks","The Bretton","3","https://www.anwylhomes.co.uk/our-developments/five-oaks/bretton-14/","images/7cc7118851b65de8c9f044c6f25139305985b09bb0e03257d73dc782d96107e3.jpg","https://www.anwylhomes.co.uk/app/uploads/2024/01/6919-scaled.jpg","Staged showhome interior space."
"Five Oaks","The Bretton","3","https://www.anwylhomes.co.uk/our-developments/five-oaks/bretton-14/","images/f55d9b76460ff2c7b68eb78255cb2b0e3d097f99ab8532566c3e109711e3070c.jpg","https://www.anwylhomes.co.uk/app/uploads/2024/01/6935-scaled.jpg","Staged showhome interior space."
"Five Oaks","The Bretton","3","https://www.anwylhomes.co.uk/our-developments/five-oaks/bretton-14/","images/d9515e19d716730c9dfdf1782cc873d889ad2688ed7c43fe9703a3f03254ff03.jpg","https://www.anwylhomes.co.uk/app/uploads/2024/01/6944-scaled.jpg","Staged showhome interior space."
"Five Oaks","The Bretton","3","https://www.anwylhomes.co.uk/our-developments/five-oaks/bretton-14/","images/0a55128be94a6c5315e16e1deebc82f244eb53801ff1589c147505aa9ef8c462.jpg","https://www.anwylhomes.co.uk/app/uploads/2024/01/6987-scaled.jpg","Staged showhome interior space."
"Five Oaks","The Bretton","3","https://www.anwylhomes.co.uk/our-developments/five-oaks/bretton-14/","images/e798255760f94adc108f3c5b310724dbe12e0d8bf65c97d1d8d5f1491b95f96b.jpg","https://www.anwylhomes.co.uk/app/uploads/2024/01/6956-scaled.jpg","Staged showhome interior space."
"Five Oaks","The Bretton","3","https://www.anwylhomes.co.uk/our-developments/five-oaks/bretton-14/","images/adf833a4c394539c94efce78ad82c98bb4f918be58b4da4f4dda271d9369c3fb.jpg","https://www.anwylhomes.co.uk/app/uploads/2024/01/6907-scaled.jpg","Staged showhome interior space."
"Five Oaks","The Bretton","3","https://www.anwylhomes.co.uk/our-developments/five-oaks/bretton-14/","images/9eca1ecee3535f6bc6826d04ef72d1d6210ed7394cd4c681a005a5d67b22ceb5.jpg","https://www.anwylhomes.co.uk/app/uploads/2024/01/6949-scaled.jpg","Staged showhome interior space."
"Dalton Fields","The Euxton","4","https://www.anwylhomes.co.uk/our-developments/dalton-fields/euxton-3-2/","images/bef651fe8cdc307011bd7484914160e6b2b7ee5b39c52c93869aca2642508034.jpg","https://www.anwylhomes.co.uk/app/uploads/2025/01/06150-05_living-scaled.jpg","Staged showhome interior space."
"Dalton Fields","The Euxton","4","https://www.anwylhomes.co.uk/our-developments/dalton-fields/euxton-3-2/","images/96cdd5628f58f4fa8ee2e0301d980d291e75016c3024722274a04d89407df10e.jpg","https://www.anwylhomes.co.uk/app/uploads/2025/01/Plot_17-scaled.jpg","Staged showhome interior space."
"Dalton Fields","The Euxton","4","https://www.anwylhomes.co.uk/our-developments/dalton-fields/euxton-3-2/","images/941d35ec207a3e5d3f82c8ddc79691192fa54e7e2fd85d4f333ee6bfc6608c01.jpg","https://www.anwylhomes.co.uk/app/uploads/2025/01/06150-05_kitchen-scaled.jpg","Staged showhome interior space."
"Dalton Fields","The Euxton","4","https://www.anwylhomes.co.uk/our-developments/dalton-fields/euxton-3-2/","images/88382d2b68f895f63bf359edfa511c8fbad35cc9373fbd60ba2a78779b7d6fc6.jpg","https://www.anwylhomes.co.uk/app/uploads/2025/01/06150-05_bed1-scaled.jpg","Staged showhome interior space."
"Dalton Fields","The Euxton","4","https://www.anwylhomes.co.uk/our-developments/dalton-fields/euxton-3-2/","images/2c8c98a3b420f7c544aa524e15c806c4e5e9b2c62c121140548e9c72a19b606e.jpg","https://www.anwylhomes.co.uk/app/uploads/2025/01/06150-05_ensuite-scaled.jpg","Staged showhome interior space."
"Dalton Fields","The Euxton","4","https://www.anwylhomes.co.uk/our-developments/dalton-fields/euxton-3-2/","images/3b40ad9e392bae03a83ce150142c78dbabbaf5e23ee238d5d92936cc4a3f96f7.jpg","https://www.anwylhomes.co.uk/app/uploads/2025/01/06150-05_bed2-scaled.jpg","Staged showhome interior space."
"Dalton Fields","The Euxton","4","https://www.anwylhomes.co.uk/our-developments/dalton-fields/euxton-3-2/","images/eea88823604e53b8d69308cc33b4aa7b9db34a349c8344f63fef6211e09e85c6.jpg","https://www.anwylhomes.co.uk/app/uploads/2025/01/06150-05_bathroom-scaled.jpg","Staged showhome interior space."
"Dalton Fields","The Birkdale","3","https://www.anwylhomes.co.uk/our-developments/dalton-fields/birkdale-5/","images/0c3f5d66d59c252f615d5808c7501119b3b13c028563eb9012b8bde7a79d7d5b.jpg","https://www.anwylhomes.co.uk/app/uploads/2025/01/Plot_15-scaled.jpg","Staged showhome interior space."
"Dalton Fields","The Birkdale","3","https://www.anwylhomes.co.uk/our-developments/dalton-fields/birkdale-5/","images/02260e979d3c07b77615100106b755c6daca61553572b0101ef6cfe5f94fed9c.jpg","https://www.anwylhomes.co.uk/app/uploads/2025/06/SOCO_AnwylHomes_March_SE-5.jpg","Staged showhome interior space."
"Dalton Fields","The Birkdale","3","https://www.anwylhomes.co.uk/our-developments/dalton-fields/birkdale-5/","images/2174678cdd74320792e5f28a5819d7b0e50d6210900348761b76e42b6160c0c6.jpg","https://www.anwylhomes.co.uk/app/uploads/2025/06/SOCO_AnwylHomes_March_SE-6.jpg","Staged showhome interior space."
"Dalton Fields","The Birkdale","3","https://www.anwylhomes.co.uk/our-developments/dalton-fields/birkdale-5/","images/0000ecc0c3ce13c9fa9813dba094de303fefff1e9cfaf17ad86c68648c701106.jpg","https://www.anwylhomes.co.uk/app/uploads/2025/06/SOCO_AnwylHomes_March_SE-2.jpg","Staged showhome interior space."
"Dalton Fields","The Birkdale","3","https://www.anwylhomes.co.uk/our-developments/dalton-fields/birkdale-5/","images/b9cd834aa38979d41faf320541fedfccdad4187ee9d86d0a47c41da241f1b93e.jpg","https://www.anwylhomes.co.uk/app/uploads/2025/06/SOCO_AnwylHomes_March_SE-3.jpg","Staged showhome interior space."
"Dalton Fields","The Birkdale","3","https://www.anwylhomes.co.uk/our-developments/dalton-fields/birkdale-5/","images/c523eb2aed2cad92744be8a91c063747d2ba2b65abcc98c6b594ead3a840d8df.jpg","https://www.anwylhomes.co.uk/app/uploads/2025/06/SOCO_AnwylHomes_March_SE-26.jpg","Staged showhome interior space."
"Dalton Fields","The Birkdale","3","https://www.anwylhomes.co.uk/our-developments/dalton-fields/birkdale-5/","images/577616d3435fea5793789a41b780933052923f9a3b16adcda0b7e08e36556e4a.jpg","https://www.anwylhomes.co.uk/app/uploads/2025/06/SOCO_AnwylHomes_March_SE-30.jpg","Staged showhome interior space."
"Dalton Fields","The Birkdale","3","https://www.anwylhomes.co.uk/our-developments/dalton-fields/birkdale-5/","images/f3e193712e8f269a9bf22bddaa8c355b67e2173afec795a34539153ad2a12962.jpg","https://www.anwylhomes.co.uk/app/uploads/2025/06/SOCO_AnwylHomes_March_SE-28.jpg","Staged showhome interior space."
"Dalton Fields","The Birkdale","3","https://www.anwylhomes.co.uk/our-developments/dalton-fields/birkdale-5/","images/5eecc4c75fc3f7f84b016ce4778225141921ff940fe75a0b66688b85f3f62369.jpg","https://www.anwylhomes.co.uk/app/uploads/2025/06/SOCO_AnwylHomes_March_SE-22.jpg","Staged showhome interior space."
"Dalton Fields","The Birkdale","3","https://www.anwylhomes.co.uk/our-developments/dalton-fields/birkdale-5/","images/79976fd0b3b1ad87cdb6257bf683acde8ee16ad25bb88ec6ec9d545abc2146af.jpg","https://www.anwylhomes.co.uk/app/uploads/2025/06/SOCO_AnwylHomes_March_SE-24.jpg","Staged showhome interior space."
"Dalton Fields","The Birkdale","3","https://www.anwylhomes.co.uk/our-developments/dalton-fields/birkdale-5/","images/db8d7daae05a864efa52ca30bbbb932f2d1504088ab43d92b3490025a4d30744.jpg","https://www.anwylhomes.co.uk/app/uploads/2025/06/SOCO_AnwylHomes_March_SE-25.jpg","Staged showhome interior space."
"Dalton Fields","The Huxley","4","https://www.anwylhomes.co.uk/our-developments/dalton-fields/huxley/","images/c4f270370ff050b8765124cdc67ef980e816f7ec6385824eb47638204348d7be.jpg","https://www.anwylhomes.co.uk/app/uploads/2025/11/Kitchen-and-Dining-scaled.jpg","Staged showhome kitchen."
"Dalton Fields","The Huxley","4","https://www.anwylhomes.co.uk/our-developments/dalton-fields/huxley/","images/ba8006f6c2c4594aad9208a3e2b3c989aa1d6dc68eb034e3c61fce951f04f940.jpg","https://www.anwylhomes.co.uk/app/uploads/2025/01/Plot_57-scaled.jpg","Staged showhome interior space."
"Dalton Fields","The Huxley","4","https://www.anwylhomes.co.uk/our-developments/dalton-fields/huxley/","images/aceedb603bd2022581c76f5a374be56641556427526bff978c713d51706ac95a.jpg","https://www.anwylhomes.co.uk/app/uploads/2025/11/Livingroom-scaled.jpg","Staged showhome interior space."
"Dalton Fields","The Huxley","4","https://www.anwylhomes.co.uk/our-developments/dalton-fields/huxley/","images/4d5dd7f3c53608d01638045a7845515616206f36eb492a2fe1768505bcbd7e26.jpg","https://www.anwylhomes.co.uk/app/uploads/2025/11/Bedroom-1-scaled.jpg","Staged showhome bedroom."
"Dalton Fields","The Huxley","4","https://www.anwylhomes.co.uk/our-developments/dalton-fields/huxley/","images/d82d079a84e0abda6a2f4d3ad52c425eaa875e352ed67cb4637a813e97155372.jpg","https://www.anwylhomes.co.uk/app/uploads/2025/11/Bedrrom-2-scaled.jpg","Staged showhome interior space."
"Dalton Fields","The Huxley","4","https://www.anwylhomes.co.uk/our-developments/dalton-fields/huxley/","images/29fbdea0ddbc34a2f8536f6f8fe50d55666941b0475eb5eb413c3da10120f28c.jpg","https://www.anwylhomes.co.uk/app/uploads/2025/11/Bathroom-scaled.jpg","Staged showhome bathroom."
"Dalton Fields","The Evesham","4","https://www.anwylhomes.co.uk/our-developments/dalton-fields/evesham-12/","images/faf32f52250144cf72e76a38dec01872bfc55456e4153cdbe951b641ac790fab.jpg","https://www.anwylhomes.co.uk/app/uploads/2025/01/Plot_54-scaled.jpg","Staged showhome interior space."
"Dalton Fields","The Evesham","4","https://www.anwylhomes.co.uk/our-developments/dalton-fields/evesham-12/","images/2d070f2b1353727b14a653f9afd95effaf61e62c7a4ac2ffab5ddc3763dff8ab.jpg","https://www.anwylhomes.co.uk/app/uploads/2025/01/Plot36TheEveshamSummersBridge-10-scaled.jpg","Staged showhome interior space."
"Dalton Fields","The Evesham","4","https://www.anwylhomes.co.uk/our-developments/dalton-fields/evesham-12/","images/136638ffd14e30049e99a09595e2a5e6d8522efa4642acbc5d25070d73161c04.jpg","https://www.anwylhomes.co.uk/app/uploads/2025/01/Plot36TheEveshamSummersBridge-11-scaled.jpg","Staged showhome interior space."
"Dalton Fields","The Evesham","4","https://www.anwylhomes.co.uk/our-developments/dalton-fields/evesham-12/","images/622daaa160ee32b6619243558cccf716086a1560586a2327c3815c4162047966.jpg","https://www.anwylhomes.co.uk/app/uploads/2025/01/Plot36TheEveshamSummersBridge-13-scaled.jpg","Staged showhome interior space."
"Dalton Fields","The Evesham","4","https://www.anwylhomes.co.uk/our-developments/dalton-fields/evesham-12/","images/48c7799e03aa0624a6761a49957586a989b3b8c31951c6a0aff2027c7ab721c6.jpg","https://www.anwylhomes.co.uk/app/uploads/2025/01/Plot36TheEveshamSummersBridge-7-scaled.jpg","Staged showhome interior space."
"Dalton Fields","The Evesham","4","https://www.anwylhomes.co.uk/our-developments/dalton-fields/evesham-12/","images/fe8caece7651615062a1afa40cfd4d600585bb4d4da5107848eb54b3a6797615.jpg","https://www.anwylhomes.co.uk/app/uploads/2023/11/TSC_Anwyl_Day1_SE260624-17.jpg","Staged showhome interior space."
"Dalton Fields","The Evesham","4","https://www.anwylhomes.co.uk/our-developments/dalton-fields/evesham-12/","images/7bd39575584467788d1da7edf8f2a169c2c86b954404c2e575a39dd87cd83e82.jpg","https://www.anwylhomes.co.uk/app/uploads/2025/01/Plot36TheEveshamSummersBridge-21-scaled.jpg","Staged showhome interior space."
"Dalton Fields","The Evesham","4","https://www.anwylhomes.co.uk/our-developments/dalton-fields/evesham-12/","images/c7fe1b6d545efe18e18b74d8d5c5993a03bc3d851d43fa4ef60857858ce1c8fc.jpg","https://www.anwylhomes.co.uk/app/uploads/2025/01/Plot36TheEveshamSummersBridge-24-scaled.jpg","Staged showhome interior space."
"Dalton Fields","The Evesham","4","https://www.anwylhomes.co.uk/our-developments/dalton-fields/evesham-12/","images/3cdbb89ec3b771a2c711a8af6413086537a5399e5304348d96e8223cdde98e0d.jpg","https://www.anwylhomes.co.uk/app/uploads/2025/01/Plot36TheEveshamSummersBridge-17-scaled.jpg","Staged showhome interior space."
"Dalton Fields","The Evesham","4","https://www.anwylhomes.co.uk/our-developments/dalton-fields/evesham-12/","images/4be42f1ab6815f223875dbc61c14a8861c3e1b8c2064bb6f81f699aa58ac1c91.jpg","https://www.anwylhomes.co.uk/app/uploads/2025/01/Plot36TheEveshamSummersBridge-27-scaled.jpg","Staged showhome interior space."
"Dalton Fields","The Cartmel","4","https://www.anwylhomes.co.uk/our-developments/dalton-fields/cartmel-2/","images/eaeabad95abb34ed2db18b153a90e7199d41bf403aebbd852d9515d4f58c16a5.jpg","https://www.anwylhomes.co.uk/app/uploads/2025/01/Plot_47-scaled.jpg","Staged showhome interior space."
"Dalton Fields","The Cartmel","4","https://www.anwylhomes.co.uk/our-developments/dalton-fields/cartmel-2/","images/b91e7431de94ef669d450afb839015908faab6c00ffdd430e4eed31583145ec6.jpg","https://www.anwylhomes.co.uk/app/uploads/2025/06/SOCO_AnwylHomes_March_SE-60.jpg","Staged showhome interior space."
"Dalton Fields","The Cartmel","4","https://www.anwylhomes.co.uk/our-developments/dalton-fields/cartmel-2/","images/e14aeec01c590762c99b06ed8d01232ee41c6f83ea4ea7ed40c73e583ae3aa90.jpg","https://www.anwylhomes.co.uk/app/uploads/2025/06/SOCO_AnwylHomes_March_SE-63.jpg","Staged showhome interior space."
"Dalton Fields","The Cartmel","4","https://www.anwylhomes.co.uk/our-developments/dalton-fields/cartmel-2/","images/87052baa7e4c13a0e78b30b0038d9f6a22ce9bce8e454c66efc18039dead6548.png","https://www.anwylhomes.co.uk/app/uploads/2025/06/Screenshot-2026-09-24-125617.png","Staged showhome interior space."
"Dalton Fields","The Cartmel","4","https://www.anwylhomes.co.uk/our-developments/dalton-fields/cartmel-2/","images/421912a3a7c18827f4c17ddb5fa4bce4b857c3d982b256a6b83b1d4f4b292459.png","https://www.anwylhomes.co.uk/app/uploads/2025/06/Screenshot-2026-09-24-130407.png","Staged showhome interior space."
"Dalton Fields","The Cartmel","4","https://www.anwylhomes.co.uk/our-developments/dalton-fields/cartmel-2/","images/6185413cd8b53c538b02d6a46ea3e2a5f4f3eee6eb32c5272e1a206a0740e01b.jpg","https://www.anwylhomes.co.uk/app/uploads/2023/11/SOCO_AnwylHomes_March_SE-55.jpg","Staged showhome interior space."
"Dalton Fields","The Cartmel","4","https://www.anwylhomes.co.uk/our-developments/dalton-fields/cartmel-2/","images/4e4853fb45b9dc80d5d938f1936cb8f6dd65d20e9d0700b785271a11e5e403fe.jpg","https://www.anwylhomes.co.uk/app/uploads/2023/11/SOCO_AnwylHomes_March_SE-56.jpg","Staged showhome interior space."
"Dalton Fields","The Cartmel","4","https://www.anwylhomes.co.uk/our-developments/dalton-fields/cartmel-2/","images/9e6897c8b6b4f1ed9962b75b9b18ba0a75fa99b9fc5091de427e20b974ac9416.jpg","https://www.anwylhomes.co.uk/app/uploads/2025/06/SOCO_AnwylHomes_March_SE-82-2.jpg","Staged showhome interior space."
"Dalton Fields","The Cartmel","4","https://www.anwylhomes.co.uk/our-developments/dalton-fields/cartmel-2/","images/a592b295986eefa6e77cfc4475df5f12334c389e09e781f9bde983b72be698ee.png","https://www.anwylhomes.co.uk/app/uploads/2025/06/Screenshot-2026-09-24-125601.png","Staged showhome interior space."
"Dalton Fields","The Cartmel","4","https://www.anwylhomes.co.uk/our-developments/dalton-fields/cartmel-2/","images/f3db3fdc6df8562b099de817ee516fb508edc20e783a5a6f96c126e9839682b9.png","https://www.anwylhomes.co.uk/app/uploads/2025/06/Screenshot-2026-09-24-130456.png","Staged showhome interior space."
"Dalton Fields","The Cartmel","4","https://www.anwylhomes.co.uk/our-developments/dalton-fields/cartmel-2/","images/3c9b174bcbed1b04b8c1859bb8c88650625d0323e1cdf499d650172cecaf6faf.png","https://www.anwylhomes.co.uk/app/uploads/2025/06/Screenshot-2026-09-24-130505.png","Staged showhome interior space."
"Dalton Fields","The Cartmel","4","https://www.anwylhomes.co.uk/our-developments/dalton-fields/cartmel-2/","images/942c999797589e38f79caa8ceee18a14f201da4b1e64505816cb54f95e428412.png","https://www.anwylhomes.co.uk/app/uploads/2025/06/Screenshot-2026-09-24-125610.png","Staged showhome interior space."
"Dalton Fields","The Cartmel","4","https://www.anwylhomes.co.uk/our-developments/dalton-fields/cartmel-2/","images/8acd57d1bf68a66045ce10d421fa1e2c9d3764f4089f96d3fdbeaf93c3fa263c.png","https://www.anwylhomes.co.uk/app/uploads/2025/06/Screenshot-2026-09-24-130535.png","Staged showhome interior space."
"Dalton Fields","The Cheltenham","4","https://www.anwylhomes.co.uk/our-developments/dalton-fields/cheltenham-8/","images/30787f360fee64e87a0eaf2d5da4b4f23b80fad6193a2b605eefeb15f78a5e05.jpg","https://www.anwylhomes.co.uk/app/uploads/2025/01/Plot_41-scaled.jpg","Staged showhome interior space."
"Dalton Fields","The Cheltenham","4","https://www.anwylhomes.co.uk/our-developments/dalton-fields/cheltenham-8/","images/91fb01221073b4f296696920eb2155f7c66e18de48316f12d5577c74fb558a33.jpg","https://www.anwylhomes.co.uk/app/uploads/2025/01/TSC_AnwylHomes_July25_SE-9.jpg","Staged showhome interior space."
"Dalton Fields","The Cheltenham","4","https://www.anwylhomes.co.uk/our-developments/dalton-fields/cheltenham-8/","images/fb0dff47c785317e1e1cf43c392c0fd1a4fcee2dc8da4cb5ded7372356bd5f90.jpg","https://www.anwylhomes.co.uk/app/uploads/2024/03/TSC_AnwylHomes_July25_SE-1-1.jpg","Staged showhome interior space."
"Dalton Fields","The Cheltenham","4","https://www.anwylhomes.co.uk/our-developments/dalton-fields/cheltenham-8/","images/36fa61175611f0615884edabb1e60c7e83520c89724f4d15e2cda5340125009b.jpg","https://www.anwylhomes.co.uk/app/uploads/2023/11/TSC_AnwylHomes_July25_SE-26.jpg","Staged showhome interior space."
"Dalton Fields","The Cheltenham","4","https://www.anwylhomes.co.uk/our-developments/dalton-fields/cheltenham-8/","images/d193f70d6cca342f759d85e3806921900f9a0b9ac9f04dec2fe6cb0ce81fc311.jpg","https://www.anwylhomes.co.uk/app/uploads/2025/01/TSC_AnwylHomes_July25_SE-13.jpg","Staged showhome interior space."
"Lottie Gardens","The Styal","1","https://www.anwylhomes.co.uk/our-developments/lottie-gardens/styal-6/","images/7ce174b0a8cf4acf72281b4982327893eb6e6bc88012e8b3186e71461cecfeb8.jpg","https://www.anwylhomes.co.uk/app/uploads/2025/09/TSC_AnwylHomes_SE161024-76-scaled.jpg","Staged showhome interior space."
"Lottie Gardens","The Styal","1","https://www.anwylhomes.co.uk/our-developments/lottie-gardens/styal-6/","images/b12312ad8dda0a5ede5ccca36deab8f5c5af3891f04dc558880759318addd017.jpg","https://www.anwylhomes.co.uk/app/uploads/2025/09/Anwyl_Lottie_Gardens_Styal_CGI_CGI_LR.jpg","Staged showhome interior space."
"Lottie Gardens","The Styal","1","https://www.anwylhomes.co.uk/our-developments/lottie-gardens/styal-6/","images/d4b85eedcd8971be2987c2b0ca847375be0dac0c6c85aac58023c2a69122aa49.jpg","https://www.anwylhomes.co.uk/app/uploads/2025/09/6811-cropped-scaled.jpg","Staged showhome interior space."
"Lottie Gardens","The Styal","1","https://www.anwylhomes.co.uk/our-developments/lottie-gardens/styal-6/","images/7cc7118851b65de8c9f044c6f25139305985b09bb0e03257d73dc782d96107e3.jpg","https://www.anwylhomes.co.uk/app/uploads/2024/01/6919-scaled.jpg","Staged showhome interior space."
"Lottie Gardens","The Styal","1","https://www.anwylhomes.co.uk/our-developments/lottie-gardens/styal-6/","images/38fda346e294e1a5e0de3131b4a090a0d0904feeb8ef5524570edbc5780242d7.jpg","https://www.anwylhomes.co.uk/app/uploads/2025/09/Plot36TheEveshamSummersBridge-27-scaled.jpg","Staged showhome interior space."
"Lottie Gardens","The Bunbury","3","https://www.anwylhomes.co.uk/our-developments/lottie-gardens/bunbury-8/","images/10d67c79e46daf225ac2fb265d33c96827d17bc21f2ce026a3b432968544e2f6.jpg","https://www.anwylhomes.co.uk/app/uploads/2025/08/lottie-gardens_web_CGI_plot68.jpg","Staged showhome interior space."
"Lottie Gardens","The Bunbury","3","https://www.anwylhomes.co.uk/our-developments/lottie-gardens/bunbury-8/","images/5c64c85e8a68288f0f7301ef8df55714f81345676062f30cb52d298d8efa3305.jpg","https://www.anwylhomes.co.uk/app/uploads/2025/08/1077-scaled.jpg","Staged showhome interior space."
"Lottie Gardens","The Bunbury","3","https://www.anwylhomes.co.uk/our-developments/lottie-gardens/bunbury-8/","images/0e7c4b693164a8d1bc6f50ae165ea93eb1a92b0a3833fcdab219f5e33a76552d.jpg","https://www.anwylhomes.co.uk/app/uploads/2025/08/1158-scaled.jpg","Staged showhome interior space."
"Lottie Gardens","The Bunbury","3","https://www.anwylhomes.co.uk/our-developments/lottie-gardens/bunbury-8/","images/889e05e493cbb802e0fbbefbb6f4047fcdf7ad9e5bf48cb480812523d5c860ac.jpg","https://www.anwylhomes.co.uk/app/uploads/2023/11/1189-scaled.jpg","Staged showhome interior space."
"Lottie Gardens","The Bunbury","3","https://www.anwylhomes.co.uk/our-developments/lottie-gardens/bunbury-8/","images/6e9f8dc06deced2bcee444940cfb6001e08f3a67f4395b7b37e2339fb245d60c.png","https://www.anwylhomes.co.uk/app/uploads/2024/01/7878.png","Staged showhome interior space."
"Lottie Gardens","The Bunbury","3","https://www.anwylhomes.co.uk/our-developments/lottie-gardens/bunbury-8/","images/72fed6cbebfa7261843f7813b7172ae93c247c418d2eb625fa9f9ad64de96735.jpg","https://www.anwylhomes.co.uk/app/uploads/2023/11/1271-scaled.jpg","Staged showhome interior space."
"Lottie Gardens","The Bunbury","3","https://www.anwylhomes.co.uk/our-developments/lottie-gardens/bunbury-8/","images/b2c9e1e78837323fdb5ec6e5d6f6591eed240b2b43ea2419334e05297269b3f0.jpg","https://www.anwylhomes.co.uk/app/uploads/2025/08/TSC_AnwylNovemberXMAS-37.jpg","Staged showhome interior space."
"Lottie Gardens","The Bunbury","3","https://www.anwylhomes.co.uk/our-developments/lottie-gardens/bunbury-8/","images/7ea0af97c04bc31fd17c2686af59db47683781380757133265ce11f4f3ba100b.jpg","https://www.anwylhomes.co.uk/app/uploads/2025/05/TSC_AnwylNovemberXMAS-35.jpg","Staged showhome interior space."
"Lottie Gardens","The Bunbury","3","https://www.anwylhomes.co.uk/our-developments/lottie-gardens/bunbury-8/","images/41d9a6b52a3dd6e7e77c1d39860832983eaf63ed8423a3cb740190cdd90f57c0.jpg","https://www.anwylhomes.co.uk/app/uploads/2023/11/TSC_AnwylNovemberXMAS-34.jpg","Staged showhome interior space."
"Lottie Gardens","The Bunbury","3","https://www.anwylhomes.co.uk/our-developments/lottie-gardens/bunbury-8/","images/17dd7e0a577916651d83334a79f51fb64000f17b60aefb47cc54b5831200c0c3.jpg","https://www.anwylhomes.co.uk/app/uploads/2025/04/TSC_AnwylNovemberXMAS-38.jpg","Staged showhome interior space."
"Lottie Gardens","The Hulme","3","https://www.anwylhomes.co.uk/our-developments/lottie-gardens/hulme/","images/4e91968eced1cc46b50680428a089f05e6083b50b3b55d8e4d0ababb2cfc4632.jpg","https://www.anwylhomes.co.uk/app/uploads/2025/08/Anwyl-The-Snowdon-Home-60-scaled.jpg","Staged showhome interior space."
"Lottie Gardens","The Hulme","3","https://www.anwylhomes.co.uk/our-developments/lottie-gardens/hulme/","images/4038863f78c351da1c969b01a9c530c492ba21754aa00badf52c888954fd02bd.jpg","https://www.anwylhomes.co.uk/app/uploads/2025/09/Anwyl_Lottie_Gardens_Hulme_CGI_CGI_LR.jpg","Staged showhome interior space."
"Lottie Gardens","The Hulme","3","https://www.anwylhomes.co.uk/our-developments/lottie-gardens/hulme/","images/dac89d5fa06b4408cfe4783b5bb631b697988db8fecb5d45dfdb7277fb3c1b05.jpg","https://www.anwylhomes.co.uk/app/uploads/2025/08/Anwyl-The-Snowdon-Home-68-scaled.jpg","Staged showhome interior space."
"Lottie Gardens","The Hulme","3","https://www.anwylhomes.co.uk/our-developments/lottie-gardens/hulme/","images/0d3273b6bd21b34f7ecd47ebe174a1eef275e47e81c5ae7da1648512ca6a40b5.jpg","https://www.anwylhomes.co.uk/app/uploads/2025/08/Anwyl-The-Snowdon-Home-80-scaled.jpg","Staged showhome interior space."
"Lottie Gardens","The Hulme","3","https://www.anwylhomes.co.uk/our-developments/lottie-gardens/hulme/","images/c58cd036c01571800a891bbdb850ee588992fb01cff484eb7a9c4ba11674aaf0.jpg","https://www.anwylhomes.co.uk/app/uploads/2025/08/TSC_AnwylHomes_SE161024-129-1-scaled.jpg","Staged showhome interior space."
"Lottie Gardens","The Hulme","3","https://www.anwylhomes.co.uk/our-developments/lottie-gardens/hulme/","images/4f342e533fd8dd83f14670012a7d5aea0024fe39e153cfc5e4624b59fad2aeab.jpg","https://www.anwylhomes.co.uk/app/uploads/2025/08/TSC_AnwylHomes_SE161024-128-2-scaled.jpg","Staged showhome interior space."
"Lottie Gardens","The Hulme","3","https://www.anwylhomes.co.uk/our-developments/lottie-gardens/hulme/","images/acdd34cf34a249b6a083e267848813028a64e359f4f79d1e58bd3dd0da4b0ca6.jpg","https://www.anwylhomes.co.uk/app/uploads/2025/08/Anwyl-The-Snowdon-Home-73-scaled.jpg","Staged showhome interior space."
"Lottie Gardens","The Eccleston","3","https://www.anwylhomes.co.uk/our-developments/lottie-gardens/eccleston-6/","images/9248241639e4fbc325c8d500b3c9e589b8175a5d985a0acd4ef2f1b04024106a.jpg","https://www.anwylhomes.co.uk/app/uploads/2023/11/Eccleston_4_GP_Kitchen_CG_1000x800-art-scale-1_00x.jpg","Staged showhome interior space."
"Lottie Gardens","The Eccleston","3","https://www.anwylhomes.co.uk/our-developments/lottie-gardens/eccleston-6/","images/e838812d879b9244ca3b190a3bd146e455da77d0c9bc4636aef6579f73ad4941.jpg","https://www.anwylhomes.co.uk/app/uploads/2025/08/lottie-gardens_web_CGI_plot67-1.jpg","Staged showhome interior space."
"Lottie Gardens","The Eccleston","3","https://www.anwylhomes.co.uk/our-developments/lottie-gardens/eccleston-6/","images/c6fdaa441c8a6352c82236cddd77787799d918ca8470affa963ed3835a362746.jpg","https://www.anwylhomes.co.uk/app/uploads/2023/11/Eccleston_5_GP_LivingRoom_CG_1000x800-art-scale-1_00x.jpg","Staged showhome interior space."
"Lottie Gardens","The Eccleston","3","https://www.anwylhomes.co.uk/our-developments/lottie-gardens/eccleston-6/","images/eb7bae32c8029a7ddee290cba0f76ff449c9a889fae5568b7363ef9ff7f5bc9f.jpg","https://www.anwylhomes.co.uk/app/uploads/2023/11/Eccleston_1_GP_Bed1_CG_1000x800-art-scale-1_00x.jpg","Staged showhome interior space."
"Lottie Gardens","The Eccleston","3","https://www.anwylhomes.co.uk/our-developments/lottie-gardens/eccleston-6/","images/f9aff183dbd6489075aa99727a838af9eccfab76dcbc13fc00e18fe1c69597cb.jpg","https://www.anwylhomes.co.uk/app/uploads/2023/11/Eccleston_2_GP_Bathroom_CG_1000x800-art-scale-1_00x.jpg","Staged showhome interior space."
"Lottie Gardens","The Eccleston","3","https://www.anwylhomes.co.uk/our-developments/lottie-gardens/eccleston-6/","images/aa938d326a5b62846e8803cb0893466d051eaef2c32d99d2d0ac04135d3ab6ac.jpg","https://www.anwylhomes.co.uk/app/uploads/2023/11/Eccleston_3_GP_Bed2_CG_1000x800-art-scale-1_00x.jpg","Staged showhome interior space."
"Lottie Gardens","The Ellen","3","https://www.anwylhomes.co.uk/our-developments/lottie-gardens/ellen/","images/9b7f2ab3028f8e20464861151b9ffd5644d2fb92bcef4a49b1c6bb83a15732b7.jpg","https://www.anwylhomes.co.uk/app/uploads/2025/09/Anwyl_Lottie_Gardens_Ellen_CGI_CGI_LR.jpg","Staged showhome interior space."
"Lottie Gardens","The Ellen","3","https://www.anwylhomes.co.uk/our-developments/lottie-gardens/ellen/","images/8d642f206887943f97005ac32fe29a6af73891c2ed9ba85635b2475d0bec5e13.jpg","https://www.anwylhomes.co.uk/app/uploads/2025/08/Anwyl_May_26-12.jpg","Staged showhome interior space."
"Lottie Gardens","The Ellen","3","https://www.anwylhomes.co.uk/our-developments/lottie-gardens/ellen/","images/1022c1eb8b365f5b6a5b2a1a06c3810fa3f8228f2a2cf02f01a6823d14535675.jpg","https://www.anwylhomes.co.uk/app/uploads/2025/08/Anwyl_May_26-13.jpg","Staged showhome interior space."
"Lottie Gardens","The Ellen","3","https://www.anwylhomes.co.uk/our-developments/lottie-gardens/ellen/","images/e1fa74b81585b40ddce40492aff10a488c3d00fe69566919df4a4b2245c2e4d0.jpg","https://www.anwylhomes.co.uk/app/uploads/2025/08/Anwyl_May_26-16.jpg","Staged showhome interior space."
"Lottie Gardens","The Ellen","3","https://www.anwylhomes.co.uk/our-developments/lottie-gardens/ellen/","images/7bfa444e9a7487c220a255c634e85ace721fd8ed51d85cc038666f670d6d1b76.jpg","https://www.anwylhomes.co.uk/app/uploads/2025/08/Anwyl_Bathrooms-3.jpg","Staged showhome interior space."
"Lottie Gardens","The Ellen","3","https://www.anwylhomes.co.uk/our-developments/lottie-gardens/ellen/","images/1d946b2f50e82cb5a14cdb6b26d75801d02717174fe591045189654dceaf34c2.jpg","https://www.anwylhomes.co.uk/app/uploads/2025/08/Anwyl_May_26-33.jpg","Staged showhome interior space."
"Lottie Gardens","The Ellen","3","https://www.anwylhomes.co.uk/our-developments/lottie-gardens/ellen/","images/b39b6fd6f36d378cef53d67a618e7f9de70d06348d78c4065f9ca42ada5e739d.jpg","https://www.anwylhomes.co.uk/app/uploads/2025/08/Anwyl_Bathrooms-1.jpg","Staged showhome interior space."
"Lottie Gardens","The Ellen","3","https://www.anwylhomes.co.uk/our-developments/lottie-gardens/ellen/","images/e675cce1f5213ef1240c8af88bd4f04a8f4e413ad641961d49713f2bc2a276a8.jpg","https://www.anwylhomes.co.uk/app/uploads/2025/08/Anwyl_May_26-20.jpg","Staged showhome interior space."
"Lottie Gardens","The Ellen","3","https://www.anwylhomes.co.uk/our-developments/lottie-gardens/ellen/","images/fa56b05b0a37fa04935b5affcfc4b46c91ccd8aed0618c1e5cc4c7f7e4e9d15d.jpg","https://www.anwylhomes.co.uk/app/uploads/2025/08/Anwyl_May_26-27.jpg","Staged showhome interior space."
"Lottie Gardens","The Ellen","3","https://www.anwylhomes.co.uk/our-developments/lottie-gardens/ellen/","images/b677b35431690e6defd53e50bd23ee8d7271b70c2256909e4f08778bc4753cce.jpg","https://www.anwylhomes.co.uk/app/uploads/2025/08/Anwyl_May_26-31.jpg","Staged showhome interior space."
"Lottie Gardens","The Ellen","3","https://www.anwylhomes.co.uk/our-developments/lottie-gardens/ellen/","images/448a44c9a6b21f5f8bcfc96527e966ee58d15ab6b8a32c20fb2f459810b8321d.jpg","https://www.anwylhomes.co.uk/app/uploads/2025/08/Anwyl_Bathrooms__-1.jpg","Staged showhome interior space."
"Lottie Gardens","The Cheltenham","4","https://www.anwylhomes.co.uk/our-developments/lottie-gardens/cheltenham-9/","images/b4ca2e4ba9e7a58b4a48e8316453f45aa726bddfb1168df55f2ccdbf73da18ba.jpg","https://www.anwylhomes.co.uk/app/uploads/2025/08/Anwyl_May_26-58.jpg","Staged showhome interior space."
"Lottie Gardens","The Cheltenham","4","https://www.anwylhomes.co.uk/our-developments/lottie-gardens/cheltenham-9/","images/7dd31452008e876609685353cd9873ddf6bd38e11461ce42335e8356da5e2d8f.jpg","https://www.anwylhomes.co.uk/app/uploads/2025/09/Anwyl_Lottie_Gardens_Cheltenham_CGI_LR.jpg","Staged showhome interior space."
"Lottie Gardens","The Cheltenham","4","https://www.anwylhomes.co.uk/our-developments/lottie-gardens/cheltenham-9/","images/a04c44f48e30edb15b6b8cf43be4f14a2cdc74df2d9d66ce44b8727361337ec2.jpg","https://www.anwylhomes.co.uk/app/uploads/2025/08/Anwyl_May_26-59.jpg","Staged showhome interior space."
"Lottie Gardens","The Cheltenham","4","https://www.anwylhomes.co.uk/our-developments/lottie-gardens/cheltenham-9/","images/0d4565340bff91e7d1d95ae005dca6a73e82830db9ba58612a39c34401c8d807.jpg","https://www.anwylhomes.co.uk/app/uploads/2025/08/Anwyl_May_26-66.jpg","Staged showhome interior space."
"Lottie Gardens","The Cheltenham","4","https://www.anwylhomes.co.uk/our-developments/lottie-gardens/cheltenham-9/","images/d9113d24ce52e7b32fac4a497cea38902cad37c7c11395e6d98c927e5ac1d91f.jpg","https://www.anwylhomes.co.uk/app/uploads/2025/08/Anwyl_May_26-67.jpg","Staged showhome interior space."
"Lottie Gardens","The Cheltenham","4","https://www.anwylhomes.co.uk/our-developments/lottie-gardens/cheltenham-9/","images/fd00a2624a46b7d1b57fe2c6bb3da24dd347881e97d9f721a045bf219a9e6b38.jpg","https://www.anwylhomes.co.uk/app/uploads/2025/08/Anwyl_May_26-85.jpg","Staged showhome interior space."
"Lottie Gardens","The Cheltenham","4","https://www.anwylhomes.co.uk/our-developments/lottie-gardens/cheltenham-9/","images/38519bf2a8ad534b88c988e6810f91bb1e65b8633c58b92119b88f65e002895e.jpg","https://www.anwylhomes.co.uk/app/uploads/2025/08/Anwyl_May_26-86.jpg","Staged showhome interior space."
"Lottie Gardens","The Cheltenham","4","https://www.anwylhomes.co.uk/our-developments/lottie-gardens/cheltenham-9/","images/50306881284ed80f9d464e936e0925a0405f99ccb2d7f036421387fd2b2e9f1e.jpg","https://www.anwylhomes.co.uk/app/uploads/2025/08/Anwyl_May_26-89.jpg","Staged showhome interior space."
"Lottie Gardens","The Cheltenham","4","https://www.anwylhomes.co.uk/our-developments/lottie-gardens/cheltenham-9/","images/8862e659c8e1d94015c3bb8aecfa9c959c9972a2a52b5e7b5bac8d50406a5ea7.jpg","https://www.anwylhomes.co.uk/app/uploads/2025/08/Anwyl_May_26-78.jpg","Staged showhome interior space."
"Lottie Gardens","The Cheltenham","4","https://www.anwylhomes.co.uk/our-developments/lottie-gardens/cheltenham-9/","images/10523844e25321e86ffb3b46cd139c0eaee867b63729a6ca3c95aaa3173dbade.jpg","https://www.anwylhomes.co.uk/app/uploads/2025/08/Anwyl_May_26-71.jpg","Staged showhome interior space."
"Lottie Gardens","The Cheltenham","4","https://www.anwylhomes.co.uk/our-developments/lottie-gardens/cheltenham-9/","images/87929d959b01eba28555f704c56de93d212f67f6885ac6ba80de37050777eb89.jpg","https://www.anwylhomes.co.uk/app/uploads/2025/08/Anwyl_May_26-75.jpg","Staged showhome interior space."
"Lottie Gardens","The Cheltenham","4","https://www.anwylhomes.co.uk/our-developments/lottie-gardens/cheltenham-9/","images/9831d8dab4a0a035b45879650123460e2d8d56ec0bcc9627a2e8ca93c42102f8.jpg","https://www.anwylhomes.co.uk/app/uploads/2025/08/Anwyl_May_26-84.jpg","Staged showhome interior space."
"Lottie Gardens","The Evesham","4","https://www.anwylhomes.co.uk/our-developments/lottie-gardens/evesham-13/","images/b340c4822a025e53100950a21c36f2a7844d18a22458c30c2a424ab91a0baa45.jpg","https://www.anwylhomes.co.uk/app/uploads/2025/09/Anwyl_Lottie_Gardens_Evesham_CGI_CGI_LR.jpg","Staged showhome interior space."
"Lottie Gardens","The Evesham","4","https://www.anwylhomes.co.uk/our-developments/lottie-gardens/evesham-13/","images/3960fe0baaff5818e73685fd13f3649d80d31fc099a0434138a34095c78b2637.jpg","https://www.anwylhomes.co.uk/app/uploads/2023/11/Evesham-Summers-Bridge-kitchen-diner-family-area-scaled.jpg","Staged showhome kitchen."
"Lottie Gardens","The Evesham","4","https://www.anwylhomes.co.uk/our-developments/lottie-gardens/evesham-13/","images/2befe484c0594eae046531d7073966562f8db779c1f64258ffa91184780a5ecf.jpg","https://www.anwylhomes.co.uk/app/uploads/2023/11/Evesham-Summers-Bridge-kitchen-scaled.jpg","Staged showhome kitchen."
"Lottie Gardens","The Evesham","4","https://www.anwylhomes.co.uk/our-developments/lottie-gardens/evesham-13/","images/17013c25621b9dff02d211207cfd2ea3ce1f8e787e42c7289c751e635a16d400.jpg","https://www.anwylhomes.co.uk/app/uploads/2023/11/Eveshham-summers-bridge-kitchen-diner-scaled.jpg","Staged showhome kitchen."
"Lottie Gardens","The Evesham","4","https://www.anwylhomes.co.uk/our-developments/lottie-gardens/evesham-13/","images/325f3ff1fd93945eb276525bf9115ababd73165499d4b340cb412fd80973b667.jpg","https://www.anwylhomes.co.uk/app/uploads/2024/03/Evesham-Summers-Bridge-living-room-min.jpg","Staged showhome living room."
"Lottie Gardens","The Evesham","4","https://www.anwylhomes.co.uk/our-developments/lottie-gardens/evesham-13/","images/0475ecc7dd0d4f1211413289847086a83c6798e8aff29b0f68ef6071f2ea5b75.jpg","https://www.anwylhomes.co.uk/app/uploads/2023/11/Evesham-Summers-Bridge-hallway-scaled.jpg","Staged showhome hallway."
"Lottie Gardens","The Evesham","4","https://www.anwylhomes.co.uk/our-developments/lottie-gardens/evesham-13/","images/b025d3a6abb6b9de73a4a92bcbbe1f48d9d8b8cc29e03ff5fbfdd8acbb9e47c6.jpg","https://www.anwylhomes.co.uk/app/uploads/2023/11/Evesham-Summers-Bridge-Bedroom-1-shot-2-scaled.jpg","Staged showhome bedroom."
"Lottie Gardens","The Evesham","4","https://www.anwylhomes.co.uk/our-developments/lottie-gardens/evesham-13/","images/0c1ea09c3218cb3b81b6639be49f472f64bed8962cd1e32a72c16231c39b48af.jpg","https://www.anwylhomes.co.uk/app/uploads/2023/11/Evesham-Summers-Bridge-bedroom-1-scaled.jpg","Staged showhome bedroom."
"Lottie Gardens","The Evesham","4","https://www.anwylhomes.co.uk/our-developments/lottie-gardens/evesham-13/","images/ca6dd0533a946e77afdf3640666b70e7a0bc13e50a14d64906648ce712501c3c.jpg","https://www.anwylhomes.co.uk/app/uploads/2023/11/Evesham-Summers-Bridge-ensuite-scaled.jpg","Staged showhome bathroom."
"Lottie Gardens","The Evesham","4","https://www.anwylhomes.co.uk/our-developments/lottie-gardens/evesham-13/","images/a22887c241d72ef28d88bbd00f7391a1219bafe32e33239c72d03ec9b0eb50d5.png","https://www.anwylhomes.co.uk/app/uploads/2023/11/Evesham_3_Bedroom2.png","Staged showhome interior space."
"Lottie Gardens","The Evesham","4","https://www.anwylhomes.co.uk/our-developments/lottie-gardens/evesham-13/","images/ee2fd42aed3985f014b912e46342b6a5eecda98adb087ebec81d762d8ea347b4.png","https://www.anwylhomes.co.uk/app/uploads/2023/11/Evesham_4_Bedroom1.png","Staged showhome interior space."
"Lottie Gardens","The Evesham","4","https://www.anwylhomes.co.uk/our-developments/lottie-gardens/evesham-13/","images/614e1564c57935acad6b6b7b50596c174de70a2506ae3c9b891b79264f7d3b3a.jpg","https://www.anwylhomes.co.uk/app/uploads/2023/11/Evesham-Summers-Bridge-Bathroom-scaled.jpg","Staged showhome bathroom."
"Lottie Gardens","The Evesham","4","https://www.anwylhomes.co.uk/our-developments/lottie-gardens/evesham-13/","images/21c895b9658bf92ba4c7e20807b3f672a60f6419f209b695ee71cf3899130494.jpg","https://www.anwylhomes.co.uk/app/uploads/2023/11/Evesham-Summers-Bridge-Bathroom-shot-2-scaled.jpg","Staged showhome bathroom."
"Lottie Gardens","The Ascot","4","https://www.anwylhomes.co.uk/our-developments/lottie-gardens/ascot-16/","images/7b2dae38ea9e263a58e17b26d0acc7bff26a8f72c15a3144063f31ceaf778a78.jpg","https://www.anwylhomes.co.uk/app/uploads/2025/09/Anwyl_Lottie_Gardens_Ascot_CGI_CGI_LR.jpg","Staged showhome interior space."
"Lottie Gardens","The Ascot","4","https://www.anwylhomes.co.uk/our-developments/lottie-gardens/ascot-16/","images/f8c796c8f61fc7cfa685cb7c1f7333bb5ec86fae3dfe90e836c32e40f6b31e68.jpg","https://www.anwylhomes.co.uk/app/uploads/2024/03/TSC_AnwylHomes_SE161024-108-2.jpg","Staged showhome interior space."
"Lottie Gardens","The Ascot","4","https://www.anwylhomes.co.uk/our-developments/lottie-gardens/ascot-16/","images/07c7e7433b3b14dbb0130ef2735fe0cd605be0a3c4c54576314eb95dd87a4e6b.jpg","https://www.anwylhomes.co.uk/app/uploads/2024/03/TSC_AnwylHomes_SE161024-106-min.jpg","Staged showhome interior space."
"Lottie Gardens","The Ascot","4","https://www.anwylhomes.co.uk/our-developments/lottie-gardens/ascot-16/","images/17edd835df37ad7537032a4384551a603ab3263a76931c2326fb6dc8204ec57a.jpg","https://www.anwylhomes.co.uk/app/uploads/2025/08/TSC_AnwylHomes_SE161024-112-2.jpg","Staged showhome interior space."
"Lottie Gardens","The Ascot","4","https://www.anwylhomes.co.uk/our-developments/lottie-gardens/ascot-16/","images/f4680807cec09fb51eb487ad1e063a4c5cabf47b73572047b14bfa4872006891.jpg","https://www.anwylhomes.co.uk/app/uploads/2023/11/TSC_AnwylHomes_SE161024-113-1-e1739449749154.jpg","Staged showhome interior space."
"Lottie Gardens","The Ascot","4","https://www.anwylhomes.co.uk/our-developments/lottie-gardens/ascot-16/","images/1662a86db03b524e5b4eff5f482770494659596a00079290ca892d830618cac3.jpg","https://www.anwylhomes.co.uk/app/uploads/2024/03/TSC_AnwylHomes_SE161024-119-3-min.jpg","Staged showhome interior space."
"Lottie Gardens","The Ascot","4","https://www.anwylhomes.co.uk/our-developments/lottie-gardens/ascot-16/","images/65d97d07b9447ef995aa7f224012c27c0fd2a6d6292a3ea5bd51811c8e2eb4c0.jpg","https://www.anwylhomes.co.uk/app/uploads/2024/03/TSC_AnwylHomes_SE161024-125-1.jpg","Staged showhome interior space."
"Lottie Gardens","The Ascot","4","https://www.anwylhomes.co.uk/our-developments/lottie-gardens/ascot-16/","images/c3bb62f331571eb675c81aac70b7a271eb117565fafd9f7f9d3897ec9551cc67.png","https://www.anwylhomes.co.uk/app/uploads/2024/03/Screenshot-2025-08-01-140743.png","Staged showhome interior space."
"Lottie Gardens","The Ascot","4","https://www.anwylhomes.co.uk/our-developments/lottie-gardens/ascot-16/","images/41b78b76ad1ec86e7306981ad731d039da32b8d26e707e416a7aae0e46fbd680.png","https://www.anwylhomes.co.uk/app/uploads/2024/03/Screenshot-2025-08-01-140726.png","Staged showhome interior space."
"Lottie Gardens","The Lymm","4","https://www.anwylhomes.co.uk/our-developments/lottie-gardens/lymm-9/","images/5643d50a3074a0269f31becee182d31163861b6d218f6d00ffab7b5ae6a6507a.jpg","https://www.anwylhomes.co.uk/app/uploads/2023/11/200421-The-Lymm-8-1-scaled.jpg","Staged showhome interior space."
"Lottie Gardens","The Lymm","4","https://www.anwylhomes.co.uk/our-developments/lottie-gardens/lymm-9/","images/9c28bbee102b82e1d33952718bfc562918ef49468a5606b4bfee9250761eaa2f.jpg","https://www.anwylhomes.co.uk/app/uploads/2025/08/lottie-gardens_web_CGI_plot09.jpg","Staged showhome interior space."
"Lottie Gardens","The Lymm","4","https://www.anwylhomes.co.uk/our-developments/lottie-gardens/lymm-9/","images/bad45cfa86fd79c0dbc41622d1b26e1ce5145490825841dd405343f8ca76f1d1.jpg","https://www.anwylhomes.co.uk/app/uploads/2023/11/200421-The-Lymm-6.jpg","Staged showhome interior space."
"Lottie Gardens","The Lymm","4","https://www.anwylhomes.co.uk/our-developments/lottie-gardens/lymm-9/","images/ed68bb4ee6f68af49e0d41c5144564d6c4a02ee6953644c2b97c01b8c68ef8ed.jpg","https://www.anwylhomes.co.uk/app/uploads/2023/11/200421-The-Lymm-2.jpg","Staged showhome interior space."
"Lottie Gardens","The Lymm","4","https://www.anwylhomes.co.uk/our-developments/lottie-gardens/lymm-9/","images/9b3d3c816f6f4a99cff3b4701e74d3704c27e343ce6cd775935867ffc0b3cfb5.jpg","https://www.anwylhomes.co.uk/app/uploads/2023/11/200421-The-Lymm-22.jpg","Staged showhome interior space."
"Lottie Gardens","The Lymm","4","https://www.anwylhomes.co.uk/our-developments/lottie-gardens/lymm-9/","images/bec1eea0e83aeac9fafaf1fd402c27de36c4ec056571295a8554d68c099ee024.jpg","https://www.anwylhomes.co.uk/app/uploads/2023/11/200421-The-Lymm-38.jpg","Staged showhome interior space."
"Lottie Gardens","The Lymm","4","https://www.anwylhomes.co.uk/our-developments/lottie-gardens/lymm-9/","images/dca5e67411e7c4b0486b8bce8cf50db300053ec7cae13d81ef20c7ffc855a379.jpg","https://www.anwylhomes.co.uk/app/uploads/2023/11/071021-The-Lymm-35.jpg","Staged showhome interior space."
"Lottie Gardens","The Lymm","4","https://www.anwylhomes.co.uk/our-developments/lottie-gardens/lymm-9/","images/c749a0f393c631414ff592557e04b3d76ab41be805ea637509caa5be6cbaef1d.jpg","https://www.anwylhomes.co.uk/app/uploads/2023/11/200421-The-Lymm-33.jpg","Staged showhome interior space."
"Lottie Gardens","The Lymm","4","https://www.anwylhomes.co.uk/our-developments/lottie-gardens/lymm-9/","images/3e051a380432579f3dade982f262eec8a8809c6d36b8d9c33faab1be9a018066.jpg","https://www.anwylhomes.co.uk/app/uploads/2023/11/200421-The-Lymm-23-scaled.jpg","Staged showhome interior space."
"Lottie Gardens","The Lymm","4","https://www.anwylhomes.co.uk/our-developments/lottie-gardens/lymm-9/","images/c71a021ac7e87132ce1d8745b3ffe342ce925bb2dd57dd3e1ef87634db7a61a5.jpg","https://www.anwylhomes.co.uk/app/uploads/2023/11/200421-The-Lymm-31.jpg","Staged showhome interior space."
"Lottie Gardens","The Lymm","4","https://www.anwylhomes.co.uk/our-developments/lottie-gardens/lymm-9/","images/b50f55080a0513826d8f812f789fdb6a64acc3dcbefbac5eb8d0c7a2a01c69c8.jpg","https://www.anwylhomes.co.uk/app/uploads/2023/11/200421-The-Lymm-46.jpg","Staged showhome interior space."
"Elmy Fields","The Rivington","4","https://www.anwylhomes.co.uk/our-developments/elmy-fields/rivington-2/","images/adf833a4c394539c94efce78ad82c98bb4f918be58b4da4f4dda271d9369c3fb.jpg","https://www.anwylhomes.co.uk/app/uploads/2024/01/6907-scaled.jpg","Staged showhome interior space."
"Elmy Fields","The Cartmel","4","https://www.anwylhomes.co.uk/our-developments/elmy-fields/cartmel-3/","images/b91e7431de94ef669d450afb839015908faab6c00ffdd430e4eed31583145ec6.jpg","https://www.anwylhomes.co.uk/app/uploads/2025/06/SOCO_AnwylHomes_March_SE-60.jpg","Staged showhome interior space."
"Elmy Fields","The Cartmel","4","https://www.anwylhomes.co.uk/our-developments/elmy-fields/cartmel-3/","images/e14aeec01c590762c99b06ed8d01232ee41c6f83ea4ea7ed40c73e583ae3aa90.jpg","https://www.anwylhomes.co.uk/app/uploads/2025/06/SOCO_AnwylHomes_March_SE-63.jpg","Staged showhome interior space."
"Elmy Fields","The Cartmel","4","https://www.anwylhomes.co.uk/our-developments/elmy-fields/cartmel-3/","images/87052baa7e4c13a0e78b30b0038d9f6a22ce9bce8e454c66efc18039dead6548.png","https://www.anwylhomes.co.uk/app/uploads/2025/06/Screenshot-2026-09-24-125617.png","Staged showhome interior space."
"Elmy Fields","The Cartmel","4","https://www.anwylhomes.co.uk/our-developments/elmy-fields/cartmel-3/","images/421912a3a7c18827f4c17ddb5fa4bce4b857c3d982b256a6b83b1d4f4b292459.png","https://www.anwylhomes.co.uk/app/uploads/2025/06/Screenshot-2026-09-24-130407.png","Staged showhome interior space."
"Elmy Fields","The Cartmel","4","https://www.anwylhomes.co.uk/our-developments/elmy-fields/cartmel-3/","images/6185413cd8b53c538b02d6a46ea3e2a5f4f3eee6eb32c5272e1a206a0740e01b.jpg","https://www.anwylhomes.co.uk/app/uploads/2023/11/SOCO_AnwylHomes_March_SE-55.jpg","Staged showhome interior space."
"Elmy Fields","The Cartmel","4","https://www.anwylhomes.co.uk/our-developments/elmy-fields/cartmel-3/","images/4e4853fb45b9dc80d5d938f1936cb8f6dd65d20e9d0700b785271a11e5e403fe.jpg","https://www.anwylhomes.co.uk/app/uploads/2023/11/SOCO_AnwylHomes_March_SE-56.jpg","Staged showhome interior space."
"Elmy Fields","The Cartmel","4","https://www.anwylhomes.co.uk/our-developments/elmy-fields/cartmel-3/","images/9e6897c8b6b4f1ed9962b75b9b18ba0a75fa99b9fc5091de427e20b974ac9416.jpg","https://www.anwylhomes.co.uk/app/uploads/2025/06/SOCO_AnwylHomes_March_SE-82-2.jpg","Staged showhome interior space."
"Elmy Fields","The Cartmel","4","https://www.anwylhomes.co.uk/our-developments/elmy-fields/cartmel-3/","images/a592b295986eefa6e77cfc4475df5f12334c389e09e781f9bde983b72be698ee.png","https://www.anwylhomes.co.uk/app/uploads/2025/06/Screenshot-2026-09-24-125601.png","Staged showhome interior space."
"Elmy Fields","The Cartmel","4","https://www.anwylhomes.co.uk/our-developments/elmy-fields/cartmel-3/","images/f3db3fdc6df8562b099de817ee516fb508edc20e783a5a6f96c126e9839682b9.png","https://www.anwylhomes.co.uk/app/uploads/2025/06/Screenshot-2026-09-24-130456.png","Staged showhome interior space."
"Elmy Fields","The Cartmel","4","https://www.anwylhomes.co.uk/our-developments/elmy-fields/cartmel-3/","images/3c9b174bcbed1b04b8c1859bb8c88650625d0323e1cdf499d650172cecaf6faf.png","https://www.anwylhomes.co.uk/app/uploads/2025/06/Screenshot-2026-09-24-130505.png","Staged showhome interior space."
"Elmy Fields","The Cartmel","4","https://www.anwylhomes.co.uk/our-developments/elmy-fields/cartmel-3/","images/942c999797589e38f79caa8ceee18a14f201da4b1e64505816cb54f95e428412.png","https://www.anwylhomes.co.uk/app/uploads/2025/06/Screenshot-2026-09-24-125610.png","Staged showhome interior space."
"Elmy Fields","The Cartmel","4","https://www.anwylhomes.co.uk/our-developments/elmy-fields/cartmel-3/","images/8acd57d1bf68a66045ce10d421fa1e2c9d3764f4089f96d3fdbeaf93c3fa263c.png","https://www.anwylhomes.co.uk/app/uploads/2025/06/Screenshot-2026-09-24-130535.png","Staged showhome interior space."
"Elmy Fields","The Hampton","4","https://www.anwylhomes.co.uk/our-developments/elmy-fields/hampton/","images/f8c796c8f61fc7cfa685cb7c1f7333bb5ec86fae3dfe90e836c32e40f6b31e68.jpg","https://www.anwylhomes.co.uk/app/uploads/2024/03/TSC_AnwylHomes_SE161024-108-2.jpg","Staged showhome interior space."
"Elmy Fields","The Birkdale","3","https://www.anwylhomes.co.uk/our-developments/elmy-fields/birkdale-7/","images/02260e979d3c07b77615100106b755c6daca61553572b0101ef6cfe5f94fed9c.jpg","https://www.anwylhomes.co.uk/app/uploads/2025/06/SOCO_AnwylHomes_March_SE-5.jpg","Staged showhome interior space."
"Elmy Fields","The Birkdale","3","https://www.anwylhomes.co.uk/our-developments/elmy-fields/birkdale-7/","images/2174678cdd74320792e5f28a5819d7b0e50d6210900348761b76e42b6160c0c6.jpg","https://www.anwylhomes.co.uk/app/uploads/2025/06/SOCO_AnwylHomes_March_SE-6.jpg","Staged showhome interior space."
"Elmy Fields","The Birkdale","3","https://www.anwylhomes.co.uk/our-developments/elmy-fields/birkdale-7/","images/0000ecc0c3ce13c9fa9813dba094de303fefff1e9cfaf17ad86c68648c701106.jpg","https://www.anwylhomes.co.uk/app/uploads/2025/06/SOCO_AnwylHomes_March_SE-2.jpg","Staged showhome interior space."
"Elmy Fields","The Birkdale","3","https://www.anwylhomes.co.uk/our-developments/elmy-fields/birkdale-7/","images/b9cd834aa38979d41faf320541fedfccdad4187ee9d86d0a47c41da241f1b93e.jpg","https://www.anwylhomes.co.uk/app/uploads/2025/06/SOCO_AnwylHomes_March_SE-3.jpg","Staged showhome interior space."
"Elmy Fields","The Birkdale","3","https://www.anwylhomes.co.uk/our-developments/elmy-fields/birkdale-7/","images/c523eb2aed2cad92744be8a91c063747d2ba2b65abcc98c6b594ead3a840d8df.jpg","https://www.anwylhomes.co.uk/app/uploads/2025/06/SOCO_AnwylHomes_March_SE-26.jpg","Staged showhome interior space."
"Elmy Fields","The Birkdale","3","https://www.anwylhomes.co.uk/our-developments/elmy-fields/birkdale-7/","images/577616d3435fea5793789a41b780933052923f9a3b16adcda0b7e08e36556e4a.jpg","https://www.anwylhomes.co.uk/app/uploads/2025/06/SOCO_AnwylHomes_March_SE-30.jpg","Staged showhome interior space."
"Elmy Fields","The Birkdale","3","https://www.anwylhomes.co.uk/our-developments/elmy-fields/birkdale-7/","images/f3e193712e8f269a9bf22bddaa8c355b67e2173afec795a34539153ad2a12962.jpg","https://www.anwylhomes.co.uk/app/uploads/2025/06/SOCO_AnwylHomes_March_SE-28.jpg","Staged showhome interior space."
"Elmy Fields","The Birkdale","3","https://www.anwylhomes.co.uk/our-developments/elmy-fields/birkdale-7/","images/5eecc4c75fc3f7f84b016ce4778225141921ff940fe75a0b66688b85f3f62369.jpg","https://www.anwylhomes.co.uk/app/uploads/2025/06/SOCO_AnwylHomes_March_SE-22.jpg","Staged showhome interior space."
"Elmy Fields","The Birkdale","3","https://www.anwylhomes.co.uk/our-developments/elmy-fields/birkdale-7/","images/79976fd0b3b1ad87cdb6257bf683acde8ee16ad25bb88ec6ec9d545abc2146af.jpg","https://www.anwylhomes.co.uk/app/uploads/2025/06/SOCO_AnwylHomes_March_SE-24.jpg","Staged showhome interior space."
"Elmy Fields","The Birkdale","3","https://www.anwylhomes.co.uk/our-developments/elmy-fields/birkdale-7/","images/db8d7daae05a864efa52ca30bbbb932f2d1504088ab43d92b3490025a4d30744.jpg","https://www.anwylhomes.co.uk/app/uploads/2025/06/SOCO_AnwylHomes_March_SE-25.jpg","Staged showhome interior space."
"Elmy Fields","The Longford","3","https://www.anwylhomes.co.uk/our-developments/elmy-fields/longford-3/","images/17dd7e0a577916651d83334a79f51fb64000f17b60aefb47cc54b5831200c0c3.jpg","https://www.anwylhomes.co.uk/app/uploads/2025/04/TSC_AnwylNovemberXMAS-38.jpg","Staged showhome interior space."
"Elmy Fields","The Burton","2","https://www.anwylhomes.co.uk/our-developments/elmy-fields/burton-10/","images/401532223f6bd1937e839433130a33ba6034a7a78b656840453a3fc828dd8b33.png","https://www.anwylhomes.co.uk/app/uploads/2023/11/Burton_3_Kitchen.png","Staged showhome interior space."
"Elmy Fields","The Burton","2","https://www.anwylhomes.co.uk/our-developments/elmy-fields/burton-10/","images/cb468ebc7fd980d412d1a68013cdbb794822fef88316920ae069459ca7c6b220.png","https://www.anwylhomes.co.uk/app/uploads/2023/11/Burton_2_Kitchen2.png","Staged showhome interior space."
"Elmy Fields","The Burton","2","https://www.anwylhomes.co.uk/our-developments/elmy-fields/burton-10/","images/2918cb7f2a22248b742029f428cbb6bafd2a032510dac74fa2d444428449057e.png","https://www.anwylhomes.co.uk/app/uploads/2023/11/Burton_1_Living.png","Staged showhome interior space."
"Elmy Fields","The Burton","2","https://www.anwylhomes.co.uk/our-developments/elmy-fields/burton-10/","images/a8f5b2e58fd3cb26e921eae407f4322044fd543e3025ac5e29e5040aa70052b2.png","https://www.anwylhomes.co.uk/app/uploads/2023/11/Burton_4_Bed2.png","Staged showhome interior space."
"Elmy Fields","The Burton","2","https://www.anwylhomes.co.uk/our-developments/elmy-fields/burton-10/","images/41685247149239a0d0b11a0837d8b6fe29c822b0e13c06e4fb170b8de0c1d775.png","https://www.anwylhomes.co.uk/app/uploads/2023/11/Burton_5_Bed1.png","Staged showhome interior space."
"Elmy Fields","The Burton","2","https://www.anwylhomes.co.uk/our-developments/elmy-fields/burton-10/","images/c5a5e4fd3f393c3666543d98c848b6295ef1d234785f259cf168225067e156b1.png","https://www.anwylhomes.co.uk/app/uploads/2023/11/Burton_6_Bathroom.png","Staged showhome interior space."
"Elmy Fields","The Marbury","3","https://www.anwylhomes.co.uk/our-developments/elmy-fields/marbury/","images/7ea0af97c04bc31fd17c2686af59db47683781380757133265ce11f4f3ba100b.jpg","https://www.anwylhomes.co.uk/app/uploads/2025/05/TSC_AnwylNovemberXMAS-35.jpg","Staged showhome interior space."
"Elmy Fields","The Styal","1","https://www.anwylhomes.co.uk/our-developments/elmy-fields/styal-5/","images/c9f9b071f9259c887e0779f8c98db872323960daec8367924c4a71c26ef7a829.jpg","https://www.anwylhomes.co.uk/app/uploads/2023/11/Kitchen-living.jpg","Staged showhome kitchen."
"Elmy Fields","The Styal","1","https://www.anwylhomes.co.uk/our-developments/elmy-fields/styal-5/","images/4d35a99ece0b8bc0e3cc35f81ef5161e85c44426738b61841ad90c2bd3b5a370.jpg","https://www.anwylhomes.co.uk/app/uploads/2023/11/Kitchen-2.jpg","Staged showhome kitchen."
"Elmy Fields","The Styal","1","https://www.anwylhomes.co.uk/our-developments/elmy-fields/styal-5/","images/8b718af0f9418958844c65d769c1e318201433b4cab9bf0dd35e39db7c81db4d.jpg","https://www.anwylhomes.co.uk/app/uploads/2023/11/Bedroom-2.jpg","Staged showhome bedroom."
"Elmy Fields","The Styal","1","https://www.anwylhomes.co.uk/our-developments/elmy-fields/styal-5/","images/e536689780d6f7e8eb3f0505ba286a3a3d2b5ff53f45bfb44cee1e745db311c9.jpg","https://www.anwylhomes.co.uk/app/uploads/2023/11/Bathroom.jpg","Staged showhome bathroom."
"Elmy Fields","The Styal","1","https://www.anwylhomes.co.uk/our-developments/elmy-fields/styal-5/","images/8a0dc8f7b0723528c0aa0e39f433397b2b7d5f8a371be50a80f468c8766f67a3.jpg","https://www.anwylhomes.co.uk/app/uploads/2023/11/Bedroom.jpg","Staged showhome bedroom."
"Elmy Fields","The Moreton","2","https://www.anwylhomes.co.uk/our-developments/elmy-fields/moreton/","images/7ea0af97c04bc31fd17c2686af59db47683781380757133265ce11f4f3ba100b.jpg","https://www.anwylhomes.co.uk/app/uploads/2025/05/TSC_AnwylNovemberXMAS-35.jpg","Staged showhome interior space."
"Weaver Forge","The Burton","2","https://www.anwylhomes.co.uk/our-developments/weaver-forge/burton-14/","images/401532223f6bd1937e839433130a33ba6034a7a78b656840453a3fc828dd8b33.png","https://www.anwylhomes.co.uk/app/uploads/2023/11/Burton_3_Kitchen.png","Staged showhome interior space."
"Weaver Forge","The Burton","2","https://www.anwylhomes.co.uk/our-developments/weaver-forge/burton-14/","images/cb468ebc7fd980d412d1a68013cdbb794822fef88316920ae069459ca7c6b220.png","https://www.anwylhomes.co.uk/app/uploads/2023/11/Burton_2_Kitchen2.png","Staged showhome interior space."
"Weaver Forge","The Burton","2","https://www.anwylhomes.co.uk/our-developments/weaver-forge/burton-14/","images/2918cb7f2a22248b742029f428cbb6bafd2a032510dac74fa2d444428449057e.png","https://www.anwylhomes.co.uk/app/uploads/2023/11/Burton_1_Living.png","Staged showhome interior space."
"Weaver Forge","The Burton","2","https://www.anwylhomes.co.uk/our-developments/weaver-forge/burton-14/","images/a8f5b2e58fd3cb26e921eae407f4322044fd543e3025ac5e29e5040aa70052b2.png","https://www.anwylhomes.co.uk/app/uploads/2023/11/Burton_4_Bed2.png","Staged showhome interior space."
"Weaver Forge","The Burton","2","https://www.anwylhomes.co.uk/our-developments/weaver-forge/burton-14/","images/41685247149239a0d0b11a0837d8b6fe29c822b0e13c06e4fb170b8de0c1d775.png","https://www.anwylhomes.co.uk/app/uploads/2023/11/Burton_5_Bed1.png","Staged showhome interior space."
"Weaver Forge","The Burton","2","https://www.anwylhomes.co.uk/our-developments/weaver-forge/burton-14/","images/c5a5e4fd3f393c3666543d98c848b6295ef1d234785f259cf168225067e156b1.png","https://www.anwylhomes.co.uk/app/uploads/2023/11/Burton_6_Bathroom.png","Staged showhome interior space."
"Weaver Forge","The Charlton","4","https://www.anwylhomes.co.uk/our-developments/weaver-forge/charlton-2/","images/cffbdf6a5ffef56aa23e21cc5cf1c1b6ecc39dae29035bfa93132c5c3365f83a.png","https://www.anwylhomes.co.uk/app/uploads/2024/01/7721.png","Staged showhome interior space."
"Weaver Forge","The Cartmel","4","https://www.anwylhomes.co.uk/our-developments/weaver-forge/cartmel-4/","images/b91e7431de94ef669d450afb839015908faab6c00ffdd430e4eed31583145ec6.jpg","https://www.anwylhomes.co.uk/app/uploads/2025/06/SOCO_AnwylHomes_March_SE-60.jpg","Staged showhome interior space."
"Weaver Forge","The Cartmel","4","https://www.anwylhomes.co.uk/our-developments/weaver-forge/cartmel-4/","images/e14aeec01c590762c99b06ed8d01232ee41c6f83ea4ea7ed40c73e583ae3aa90.jpg","https://www.anwylhomes.co.uk/app/uploads/2025/06/SOCO_AnwylHomes_March_SE-63.jpg","Staged showhome interior space."
"Weaver Forge","The Cartmel","4","https://www.anwylhomes.co.uk/our-developments/weaver-forge/cartmel-4/","images/87052baa7e4c13a0e78b30b0038d9f6a22ce9bce8e454c66efc18039dead6548.png","https://www.anwylhomes.co.uk/app/uploads/2025/06/Screenshot-2026-09-24-125617.png","Staged showhome interior space."
"Weaver Forge","The Cartmel","4","https://www.anwylhomes.co.uk/our-developments/weaver-forge/cartmel-4/","images/421912a3a7c18827f4c17ddb5fa4bce4b857c3d982b256a6b83b1d4f4b292459.png","https://www.anwylhomes.co.uk/app/uploads/2025/06/Screenshot-2026-09-24-130407.png","Staged showhome interior space."
"Weaver Forge","The Cartmel","4","https://www.anwylhomes.co.uk/our-developments/weaver-forge/cartmel-4/","images/6185413cd8b53c538b02d6a46ea3e2a5f4f3eee6eb32c5272e1a206a0740e01b.jpg","https://www.anwylhomes.co.uk/app/uploads/2023/11/SOCO_AnwylHomes_March_SE-55.jpg","Staged showhome interior space."
"Weaver Forge","The Cartmel","4","https://www.anwylhomes.co.uk/our-developments/weaver-forge/cartmel-4/","images/4e4853fb45b9dc80d5d938f1936cb8f6dd65d20e9d0700b785271a11e5e403fe.jpg","https://www.anwylhomes.co.uk/app/uploads/2023/11/SOCO_AnwylHomes_March_SE-56.jpg","Staged showhome interior space."
"Weaver Forge","The Cartmel","4","https://www.anwylhomes.co.uk/our-developments/weaver-forge/cartmel-4/","images/9e6897c8b6b4f1ed9962b75b9b18ba0a75fa99b9fc5091de427e20b974ac9416.jpg","https://www.anwylhomes.co.uk/app/uploads/2025/06/SOCO_AnwylHomes_March_SE-82-2.jpg","Staged showhome interior space."
"Weaver Forge","The Cartmel","4","https://www.anwylhomes.co.uk/our-developments/weaver-forge/cartmel-4/","images/a592b295986eefa6e77cfc4475df5f12334c389e09e781f9bde983b72be698ee.png","https://www.anwylhomes.co.uk/app/uploads/2025/06/Screenshot-2026-09-24-125601.png","Staged showhome interior space."
"Weaver Forge","The Cartmel","4","https://www.anwylhomes.co.uk/our-developments/weaver-forge/cartmel-4/","images/f3db3fdc6df8562b099de817ee516fb508edc20e783a5a6f96c126e9839682b9.png","https://www.anwylhomes.co.uk/app/uploads/2025/06/Screenshot-2026-09-24-130456.png","Staged showhome interior space."
"Weaver Forge","The Cartmel","4","https://www.anwylhomes.co.uk/our-developments/weaver-forge/cartmel-4/","images/3c9b174bcbed1b04b8c1859bb8c88650625d0323e1cdf499d650172cecaf6faf.png","https://www.anwylhomes.co.uk/app/uploads/2025/06/Screenshot-2026-09-24-130505.png","Staged showhome interior space."
"Weaver Forge","The Cartmel","4","https://www.anwylhomes.co.uk/our-developments/weaver-forge/cartmel-4/","images/942c999797589e38f79caa8ceee18a14f201da4b1e64505816cb54f95e428412.png","https://www.anwylhomes.co.uk/app/uploads/2025/06/Screenshot-2026-09-24-125610.png","Staged showhome interior space."
"Weaver Forge","The Cartmel","4","https://www.anwylhomes.co.uk/our-developments/weaver-forge/cartmel-4/","images/8acd57d1bf68a66045ce10d421fa1e2c9d3764f4089f96d3fdbeaf93c3fa263c.png","https://www.anwylhomes.co.uk/app/uploads/2025/06/Screenshot-2026-09-24-130535.png","Staged showhome interior space."
"Weaver Forge","The Snowdon","3","https://www.anwylhomes.co.uk/our-developments/weaver-forge/snowdon-11/","images/69ab486b75df4c00cacb4500ab59c7cb5874ccd71bc8ff3536c68e5a3de41b5f.jpg","https://www.anwylhomes.co.uk/app/uploads/2025/09/Anwyl-The-Snowdon-Home-67-scaled.jpg","Staged showhome interior space."
"Weaver Forge","The Snowdon","3","https://www.anwylhomes.co.uk/our-developments/weaver-forge/snowdon-11/","images/e3548aaa4a37ac4e3f99ad07e598d41ada41c754501a6e39408d64c078d9eea9.jpg","https://www.anwylhomes.co.uk/app/uploads/2025/09/Anwyl-The-Snowdon-Home-63-scaled.jpg","Staged showhome interior space."
"Weaver Forge","The Snowdon","3","https://www.anwylhomes.co.uk/our-developments/weaver-forge/snowdon-11/","images/f80c5399c5ba3da724b377e49d02739752227aa67d077dc4e9bf4f2b36801cc8.jpg","https://www.anwylhomes.co.uk/app/uploads/2025/09/Anwyl-The-Snowdon-Home-80-scaled.jpg","Staged showhome interior space."
"Weaver Forge","The Snowdon","3","https://www.anwylhomes.co.uk/our-developments/weaver-forge/snowdon-11/","images/01b5d832e7b38ebdebecda9094c32a5d008c2cef44893b2ba995419366ad9324.jpg","https://www.anwylhomes.co.uk/app/uploads/2025/09/Anwyl-The-Snowdon-Home-83-scaled.jpg","Staged showhome interior space."
"Weaver Forge","The Snowdon","3","https://www.anwylhomes.co.uk/our-developments/weaver-forge/snowdon-11/","images/dea3ce04e1f609ce4ca20e4ca1403310758feb8fdcf8909f8be9ecfee1cef64d.jpg","https://www.anwylhomes.co.uk/app/uploads/2024/02/VictoriaMills-Plot61-48-scaled.jpg","Staged showhome interior space."
"Weaver Forge","The Snowdon","3","https://www.anwylhomes.co.uk/our-developments/weaver-forge/snowdon-11/","images/79c5331b7c4fd50f1f92e598b3c055db496ed7eff54ffeab1b15c2de739255ef.jpg","https://www.anwylhomes.co.uk/app/uploads/2025/09/Anwyl-The-Snowdon-Home-88-scaled.jpg","Staged showhome interior space."
"Weaver Forge","The Snowdon","3","https://www.anwylhomes.co.uk/our-developments/weaver-forge/snowdon-11/","images/3bb633db67eb4c85795bf079a1044e89318309a316e62a8b39a521cc933cceea.jpg","https://www.anwylhomes.co.uk/app/uploads/2025/09/Anwyl-The-Snowdon-Home-73-scaled.jpg","Staged showhome interior space."
"Weaver Forge","The Hampton","4","https://www.anwylhomes.co.uk/our-developments/weaver-forge/hampton-2/","images/f8c796c8f61fc7cfa685cb7c1f7333bb5ec86fae3dfe90e836c32e40f6b31e68.jpg","https://www.anwylhomes.co.uk/app/uploads/2024/03/TSC_AnwylHomes_SE161024-108-2.jpg","Staged showhome interior space."
"Dôl Derwen","The Bretton","3","https://www.anwylhomes.co.uk/our-developments/dol-derwen/bretton-16/","images/ed2991835d49dff662934fbeee7cb8d1296d1ba30ffb2883dcbb582f50909fe9.jpg","https://www.anwylhomes.co.uk/app/uploads/2024/01/6779-scaled.jpg","Staged showhome interior space."
"Dôl Derwen","The Bretton","3","https://www.anwylhomes.co.uk/our-developments/dol-derwen/bretton-16/","images/d54e0a3bb42140f6ac8a67d0a9ddf20c2888d2589b411ad498f9447afab5bafe.jpg","https://www.anwylhomes.co.uk/app/uploads/2024/01/6803-scaled.jpg","Staged showhome interior space."
"Dôl Derwen","The Bretton","3","https://www.anwylhomes.co.uk/our-developments/dol-derwen/bretton-16/","images/707767af16489597f184071416f5640834bc9d89869acc3be1ae8f70d00f6ed0.jpg","https://www.anwylhomes.co.uk/app/uploads/2024/01/6878-scaled.jpg","Staged showhome interior space."
"Dôl Derwen","The Bretton","3","https://www.anwylhomes.co.uk/our-developments/dol-derwen/bretton-16/","images/be33eb58ec489b65bb1475968dc12ca9050b80b7425973550c325d14326aca63.jpg","https://www.anwylhomes.co.uk/app/uploads/2024/01/6833-scaled.jpg","Staged showhome interior space."
"Dôl Derwen","The Bretton","3","https://www.anwylhomes.co.uk/our-developments/dol-derwen/bretton-16/","images/7cc7118851b65de8c9f044c6f25139305985b09bb0e03257d73dc782d96107e3.jpg","https://www.anwylhomes.co.uk/app/uploads/2024/01/6919-scaled.jpg","Staged showhome interior space."
"Dôl Derwen","The Bretton","3","https://www.anwylhomes.co.uk/our-developments/dol-derwen/bretton-16/","images/f55d9b76460ff2c7b68eb78255cb2b0e3d097f99ab8532566c3e109711e3070c.jpg","https://www.anwylhomes.co.uk/app/uploads/2024/01/6935-scaled.jpg","Staged showhome interior space."
"Dôl Derwen","The Bretton","3","https://www.anwylhomes.co.uk/our-developments/dol-derwen/bretton-16/","images/d9515e19d716730c9dfdf1782cc873d889ad2688ed7c43fe9703a3f03254ff03.jpg","https://www.anwylhomes.co.uk/app/uploads/2024/01/6944-scaled.jpg","Staged showhome interior space."
"Dôl Derwen","The Bretton","3","https://www.anwylhomes.co.uk/our-developments/dol-derwen/bretton-16/","images/0a55128be94a6c5315e16e1deebc82f244eb53801ff1589c147505aa9ef8c462.jpg","https://www.anwylhomes.co.uk/app/uploads/2024/01/6987-scaled.jpg","Staged showhome interior space."
"Dôl Derwen","The Bretton","3","https://www.anwylhomes.co.uk/our-developments/dol-derwen/bretton-16/","images/e798255760f94adc108f3c5b310724dbe12e0d8bf65c97d1d8d5f1491b95f96b.jpg","https://www.anwylhomes.co.uk/app/uploads/2024/01/6956-scaled.jpg","Staged showhome interior space."
"Dôl Derwen","The Bretton","3","https://www.anwylhomes.co.uk/our-developments/dol-derwen/bretton-16/","images/adf833a4c394539c94efce78ad82c98bb4f918be58b4da4f4dda271d9369c3fb.jpg","https://www.anwylhomes.co.uk/app/uploads/2024/01/6907-scaled.jpg","Staged showhome interior space."
"Dôl Derwen","The Bretton","3","https://www.anwylhomes.co.uk/our-developments/dol-derwen/bretton-16/","images/9eca1ecee3535f6bc6826d04ef72d1d6210ed7394cd4c681a005a5d67b22ceb5.jpg","https://www.anwylhomes.co.uk/app/uploads/2024/01/6949-scaled.jpg","Staged showhome interior space."
"Dôl Derwen","The Eccleston","3","https://www.anwylhomes.co.uk/our-developments/dol-derwen/eccleston-8/","images/9248241639e4fbc325c8d500b3c9e589b8175a5d985a0acd4ef2f1b04024106a.jpg","https://www.anwylhomes.co.uk/app/uploads/2023/11/Eccleston_4_GP_Kitchen_CG_1000x800-art-scale-1_00x.jpg","Staged showhome interior space."
"Dôl Derwen","The Eccleston","3","https://www.anwylhomes.co.uk/our-developments/dol-derwen/eccleston-8/","images/c6fdaa441c8a6352c82236cddd77787799d918ca8470affa963ed3835a362746.jpg","https://www.anwylhomes.co.uk/app/uploads/2023/11/Eccleston_5_GP_LivingRoom_CG_1000x800-art-scale-1_00x.jpg","Staged showhome interior space."
"Dôl Derwen","The Eccleston","3","https://www.anwylhomes.co.uk/our-developments/dol-derwen/eccleston-8/","images/eb7bae32c8029a7ddee290cba0f76ff449c9a889fae5568b7363ef9ff7f5bc9f.jpg","https://www.anwylhomes.co.uk/app/uploads/2023/11/Eccleston_1_GP_Bed1_CG_1000x800-art-scale-1_00x.jpg","Staged showhome interior space."
"Dôl Derwen","The Eccleston","3","https://www.anwylhomes.co.uk/our-developments/dol-derwen/eccleston-8/","images/f9aff183dbd6489075aa99727a838af9eccfab76dcbc13fc00e18fe1c69597cb.jpg","https://www.anwylhomes.co.uk/app/uploads/2023/11/Eccleston_2_GP_Bathroom_CG_1000x800-art-scale-1_00x.jpg","Staged showhome interior space."
"Dôl Derwen","The Eccleston","3","https://www.anwylhomes.co.uk/our-developments/dol-derwen/eccleston-8/","images/aa938d326a5b62846e8803cb0893466d051eaef2c32d99d2d0ac04135d3ab6ac.jpg","https://www.anwylhomes.co.uk/app/uploads/2023/11/Eccleston_3_GP_Bed2_CG_1000x800-art-scale-1_00x.jpg","Staged showhome interior space."
"Dôl Derwen","The Evesham","4","https://www.anwylhomes.co.uk/our-developments/dol-derwen/evesham-16/","images/3960fe0baaff5818e73685fd13f3649d80d31fc099a0434138a34095c78b2637.jpg","https://www.anwylhomes.co.uk/app/uploads/2023/11/Evesham-Summers-Bridge-kitchen-diner-family-area-scaled.jpg","Staged showhome kitchen."
"Dôl Derwen","The Evesham","4","https://www.anwylhomes.co.uk/our-developments/dol-derwen/evesham-16/","images/2befe484c0594eae046531d7073966562f8db779c1f64258ffa91184780a5ecf.jpg","https://www.anwylhomes.co.uk/app/uploads/2023/11/Evesham-Summers-Bridge-kitchen-scaled.jpg","Staged showhome kitchen."
"Dôl Derwen","The Evesham","4","https://www.anwylhomes.co.uk/our-developments/dol-derwen/evesham-16/","images/17013c25621b9dff02d211207cfd2ea3ce1f8e787e42c7289c751e635a16d400.jpg","https://www.anwylhomes.co.uk/app/uploads/2023/11/Eveshham-summers-bridge-kitchen-diner-scaled.jpg","Staged showhome kitchen."
"Dôl Derwen","The Evesham","4","https://www.anwylhomes.co.uk/our-developments/dol-derwen/evesham-16/","images/325f3ff1fd93945eb276525bf9115ababd73165499d4b340cb412fd80973b667.jpg","https://www.anwylhomes.co.uk/app/uploads/2024/03/Evesham-Summers-Bridge-living-room-min.jpg","Staged showhome living room."
"Dôl Derwen","The Evesham","4","https://www.anwylhomes.co.uk/our-developments/dol-derwen/evesham-16/","images/b025d3a6abb6b9de73a4a92bcbbe1f48d9d8b8cc29e03ff5fbfdd8acbb9e47c6.jpg","https://www.anwylhomes.co.uk/app/uploads/2023/11/Evesham-Summers-Bridge-Bedroom-1-shot-2-scaled.jpg","Staged showhome bedroom."
"Dôl Derwen","The Evesham","4","https://www.anwylhomes.co.uk/our-developments/dol-derwen/evesham-16/","images/ca6dd0533a946e77afdf3640666b70e7a0bc13e50a14d64906648ce712501c3c.jpg","https://www.anwylhomes.co.uk/app/uploads/2023/11/Evesham-Summers-Bridge-ensuite-scaled.jpg","Staged showhome bathroom."
"Dôl Derwen","The Evesham","4","https://www.anwylhomes.co.uk/our-developments/dol-derwen/evesham-16/","images/11a73eb2bdb0fd9812e5f3b6cc99a68b8fd752a9ae140cc108e9b3807ebcb910.jpg","https://www.anwylhomes.co.uk/app/uploads/2023/11/Bedroom-3-2-scaled.jpg","Staged showhome bedroom."
"Dôl Derwen","The Evesham","4","https://www.anwylhomes.co.uk/our-developments/dol-derwen/evesham-16/","images/d8bf2f1a91d8cec0c19b2bfd1c5ca1840adb6c391e6526a1aad68a7e02f2fd3b.jpg","https://www.anwylhomes.co.uk/app/uploads/2023/11/Bedroom-2-_5_.jpg","Staged showhome bedroom."
"Dôl Derwen","The Evesham","4","https://www.anwylhomes.co.uk/our-developments/dol-derwen/evesham-16/","images/51216d0973bc04e47d9f39d69df6f751269027da47b08e9cdfc51a2a5841f104.jpg","https://www.anwylhomes.co.uk/app/uploads/2023/11/200421-The-Henley-39.jpg","Staged showhome interior space."
"Dôl Derwen","The Evesham","4","https://www.anwylhomes.co.uk/our-developments/dol-derwen/evesham-16/","images/614e1564c57935acad6b6b7b50596c174de70a2506ae3c9b891b79264f7d3b3a.jpg","https://www.anwylhomes.co.uk/app/uploads/2023/11/Evesham-Summers-Bridge-Bathroom-scaled.jpg","Staged showhome bathroom."
"Dôl Derwen","The Evesham","4","https://www.anwylhomes.co.uk/our-developments/dol-derwen/evesham-16/","images/21c895b9658bf92ba4c7e20807b3f672a60f6419f209b695ee71cf3899130494.jpg","https://www.anwylhomes.co.uk/app/uploads/2023/11/Evesham-Summers-Bridge-Bathroom-shot-2-scaled.jpg","Staged showhome bathroom."
"Dôl Derwen","The Henley","4","https://www.anwylhomes.co.uk/our-developments/dol-derwen/henley-10/","images/6b68a275d1dda1a6ba6061716edf6d132ce5a3ad276736a7e3e31e427f2dacde.jpg","https://www.anwylhomes.co.uk/app/uploads/2023/11/0707.jpg","Staged showhome interior space."
"Dôl Derwen","The Henley","4","https://www.anwylhomes.co.uk/our-developments/dol-derwen/henley-10/","images/b2b7142e94840c9d35144c4ad688dc78d750baf017336cb506855f3a74c89bad.jpg","https://www.anwylhomes.co.uk/app/uploads/2023/11/0805.jpg","Staged showhome interior space."
"Dôl Derwen","The Henley","4","https://www.anwylhomes.co.uk/our-developments/dol-derwen/henley-10/","images/1692af19e2fed69f22dd654f1f2c772c1ec963b5efc52fdd1b2792d5f6d14532.jpg","https://www.anwylhomes.co.uk/app/uploads/2023/11/0728.jpg","Staged showhome interior space."
"Dôl Derwen","The Henley","4","https://www.anwylhomes.co.uk/our-developments/dol-derwen/henley-10/","images/fb95b71eda411cb5204ac933e3093ba26c20baa1a819d977510ceb8453a2bb97.jpg","https://www.anwylhomes.co.uk/app/uploads/2023/11/0754.jpg","Staged showhome interior space."
"Dôl Derwen","The Henley","4","https://www.anwylhomes.co.uk/our-developments/dol-derwen/henley-10/","images/d51e7fdf4bdd3f164508e0d888c41cadf3c707f9cc00fbc0f80101cdd1b75b1f.jpg","https://www.anwylhomes.co.uk/app/uploads/2023/11/0685.jpg","Staged showhome interior space."
"Dôl Derwen","The Henley","4","https://www.anwylhomes.co.uk/our-developments/dol-derwen/henley-10/","images/85cb22726c0877e1855212f804c5f79b8f4959950c8b8f086f8354f0d301cbe4.jpg","https://www.anwylhomes.co.uk/app/uploads/2023/11/0946.jpg","Staged showhome interior space."
"Dôl Derwen","The Henley","4","https://www.anwylhomes.co.uk/our-developments/dol-derwen/henley-10/","images/78e2ad1dcb01365fbd7ae8ea42cf5ae18ddf6f8d1a76ea386671bb964e6877c2.jpg","https://www.anwylhomes.co.uk/app/uploads/2023/11/0885.jpg","Staged showhome interior space."
"Dôl Derwen","The Henley","4","https://www.anwylhomes.co.uk/our-developments/dol-derwen/henley-10/","images/5ba23491ec06375e31d7fb39baf3582d6dcfe28cffe1127d3cfb93dad51412c4.jpg","https://www.anwylhomes.co.uk/app/uploads/2023/11/0916.jpg","Staged showhome interior space."
"Dôl Derwen","The Henley","4","https://www.anwylhomes.co.uk/our-developments/dol-derwen/henley-10/","images/bab963d4cedccfb091a5064786813554fe70d8fd5dffc13923e6747c0a816129.jpg","https://www.anwylhomes.co.uk/app/uploads/2023/11/0859.jpg","Staged showhome interior space."
"Dôl Derwen","The Henley","4","https://www.anwylhomes.co.uk/our-developments/dol-derwen/henley-10/","images/17c154bcd64c3aa30671ce3aff706520bc9274ada20a5739d87d759beb5bcef8.jpg","https://www.anwylhomes.co.uk/app/uploads/2023/11/0977.jpg","Staged showhome interior space."
"Dôl Derwen","The Oakmere","4","https://www.anwylhomes.co.uk/our-developments/dol-derwen/oakmere-9/","images/8e017a7cc62065915f145e3cbdab32e9c20fec2f8454ca21c685cc9594d63b8b.jpg","https://www.anwylhomes.co.uk/app/uploads/2023/11/TSC_Anwyl_Day1_SE260624-37.jpg","Staged showhome interior space."
"Dôl Derwen","The Oakmere","4","https://www.anwylhomes.co.uk/our-developments/dol-derwen/oakmere-9/","images/5a6fb217f1d1a8657479da7a8ab544ebadbd3ba4988de467d630218045acbbf7.jpg","https://www.anwylhomes.co.uk/app/uploads/2023/11/TSC_Anwyl_Day1_SE260624-31-1.jpg","Staged showhome interior space."
"Dôl Derwen","The Oakmere","4","https://www.anwylhomes.co.uk/our-developments/dol-derwen/oakmere-9/","images/4112700e592edc1009ce00251526670b05a2803e8449f83b2c4e67264254b07c.jpg","https://www.anwylhomes.co.uk/app/uploads/2023/11/TSC_Anwyl_Day1_SE260624-34-min.jpg","Staged showhome interior space."
"Dôl Derwen","The Oakmere","4","https://www.anwylhomes.co.uk/our-developments/dol-derwen/oakmere-9/","images/0c2f2d268f75a8e01350134e1885cf4ce56db3b6bf01256c2cb180d0cff43fa2.jpg","https://www.anwylhomes.co.uk/app/uploads/2023/11/TSC_Anwyl_Day1_SE260624-26.jpg","Staged showhome interior space."
"Dôl Derwen","The Downham","4","https://www.anwylhomes.co.uk/our-developments/dol-derwen/downham-5/","images/d7f4633015e857dfbd2d3f4029e9c5ec64266729c96ff4d9d1be171bd32524cf.jpg","https://www.anwylhomes.co.uk/app/uploads/2024/01/AH_Downham_KitchenCG_4_1000x800.jpg","Staged showhome interior space."
"Dôl Derwen","The Downham","4","https://www.anwylhomes.co.uk/our-developments/dol-derwen/downham-5/","images/a75b19b07ef039a0710723d366c0c12e98b1be9b989725056c0a5adb5b0bead0.jpg","https://www.anwylhomes.co.uk/app/uploads/2024/01/AH_Downham_KitchenCG_1_1000x800.jpg","Staged showhome interior space."
"Dôl Derwen","The Downham","4","https://www.anwylhomes.co.uk/our-developments/dol-derwen/downham-5/","images/82e34a5fe0e2d5a8191c23c5fc82208b89c9f152dd49daa8e2e6b7642dd70042.jpg","https://www.anwylhomes.co.uk/app/uploads/2024/01/AH_Downham_KitchenCG_3_1000x800.jpg","Staged showhome interior space."
"Dôl Derwen","The Downham","4","https://www.anwylhomes.co.uk/our-developments/dol-derwen/downham-5/","images/f278202a9b59b7c1fcf21e865b91090205550f10f3a913c01ca25cce2920e420.png","https://www.anwylhomes.co.uk/app/uploads/2024/01/Downham_GP_Utility_CG.png","Staged showhome interior space."
"Dôl Derwen","The Downham","4","https://www.anwylhomes.co.uk/our-developments/dol-derwen/downham-5/","images/871a0d303f9d71182bfbdf6c0398d8a9b5d60b59039160df2221e76320810bfc.png","https://www.anwylhomes.co.uk/app/uploads/2024/01/Downham_GP_LivingRoom_CG2.png","Staged showhome interior space."
"Dôl Derwen","The Downham","4","https://www.anwylhomes.co.uk/our-developments/dol-derwen/downham-5/","images/5ceef9368109467ae07f5eec3ae02e0e9229f5ab83112be12967337b6edfcf5d.png","https://www.anwylhomes.co.uk/app/uploads/2024/01/Downham_GP_LivingRoom_CG.png","Staged showhome interior space."
"Dôl Derwen","The Downham","4","https://www.anwylhomes.co.uk/our-developments/dol-derwen/downham-5/","images/3d1f9b56cf86a3703ba09d7738da3fbdb87b3b77af172d50071a3f8707902a9c.png","https://www.anwylhomes.co.uk/app/uploads/2024/01/Downham_GP_MasterBedroom_CG.png","Staged showhome interior space."
"Dôl Derwen","The Downham","4","https://www.anwylhomes.co.uk/our-developments/dol-derwen/downham-5/","images/254ef864f6e1798afc3fa1647a7883d76d540fec73a9af0265120632c4343b4e.png","https://www.anwylhomes.co.uk/app/uploads/2024/01/Downham_GP_MasterBedroom_CG2.png","Staged showhome interior space."
"Dôl Derwen","The Downham","4","https://www.anwylhomes.co.uk/our-developments/dol-derwen/downham-5/","images/4b0d7a28cc56c5c51e35de84b2e15bd772b5a336ac149a00c0f50ea47de80959.png","https://www.anwylhomes.co.uk/app/uploads/2024/01/Downham_GP_EnSuite_CG.png","Staged showhome interior space."
"Dôl Derwen","The Downham","4","https://www.anwylhomes.co.uk/our-developments/dol-derwen/downham-5/","images/894e6332b9da6c4f0f6b0c2122f1922d40b11a433334ab2e2e351f1b0504cb58.png","https://www.anwylhomes.co.uk/app/uploads/2024/01/Downham_GP_Bedroom2_CG.png","Staged showhome interior space."
"Dôl Derwen","The Downham","4","https://www.anwylhomes.co.uk/our-developments/dol-derwen/downham-5/","images/90b8d39b9d3264e2916355a365e5a04d5b42655a270862408e79af0bcae92478.png","https://www.anwylhomes.co.uk/app/uploads/2024/01/Downham_GP_Bedroom3_CG.png","Staged showhome interior space."
"Dôl Derwen","The Downham","4","https://www.anwylhomes.co.uk/our-developments/dol-derwen/downham-5/","images/ec739e69b340ceb74a643c1579759ea52e36f36515a486f6988a5c0ebe98c05a.png","https://www.anwylhomes.co.uk/app/uploads/2024/01/Downham_GP_Bedroom4_CG.png","Staged showhome interior space."
"Dôl Derwen","The Downham","4","https://www.anwylhomes.co.uk/our-developments/dol-derwen/downham-5/","images/d9897e860ce0ff18cc96a0529c39dac23d6f34b733f440d4326b04604f120f1c.png","https://www.anwylhomes.co.uk/app/uploads/2024/01/Downham_GP_Bathroom_CG.png","Staged showhome interior space."
"Dôl Derwen","The Downham","4","https://www.anwylhomes.co.uk/our-developments/dol-derwen/downham-5/","images/c592c16aece742460cc0b5dad3b4821b0034d726765f7e700bd046b1a13353fd.png","https://www.anwylhomes.co.uk/app/uploads/2024/01/Downham_GP_MediaRoom_CG2.png","Staged showhome interior space."
"Dôl Derwen","The Downham","4","https://www.anwylhomes.co.uk/our-developments/dol-derwen/downham-5/","images/c6a2c4c13332298009898f325e45691fcf9d9a586360b801d950613047961290.png","https://www.anwylhomes.co.uk/app/uploads/2024/01/Downham_GP_MediaRoom_CG.png","Staged showhome interior space."
"Dôl Derwen","The Downham","4","https://www.anwylhomes.co.uk/our-developments/dol-derwen/downham-5/","images/f2c68ebf5a4983a84801b8d1051f159bfd2221c64e3fcaa1d49351a24db3ddb3.png","https://www.anwylhomes.co.uk/app/uploads/2024/01/Downham_GP_WC_CG.png","Staged showhome interior space."
"Dôl Derwen","The Downham","4","https://www.anwylhomes.co.uk/our-developments/dol-derwen/downham-5/","images/a4e2cd760b4c503a373ffefdc5036b7016c9accf0e25a64d42c2eab36e29f76c.png","https://www.anwylhomes.co.uk/app/uploads/2024/01/Downham_GP_Hallway_CG.png","Staged showhome interior space."
"Dôl Derwen","The Downham","4","https://www.anwylhomes.co.uk/our-developments/dol-derwen/downham-5/","images/50dddee203f5bb9d964671e0796b38e05488b63d029ec06c04d9eb28bc08fe6a.png","https://www.anwylhomes.co.uk/app/uploads/2024/01/Downham_GP_Landing_CG.png","Staged showhome interior space."
"Dôl Derwen","The Snowdon","3","https://www.anwylhomes.co.uk/our-developments/dol-derwen/snowdon-9/","images/98163e206c516c13a75999260ec764f64a7a608c513d21594df6153faa1791a8.jpg","https://www.anwylhomes.co.uk/app/uploads/2025/09/Anwyl-The-Snowdon-Home-60-scaled.jpg","Staged showhome interior space."
"Dôl Derwen","The Snowdon","3","https://www.anwylhomes.co.uk/our-developments/dol-derwen/snowdon-9/","images/53e3d18a10be63afa16f75e0a9a36252bc99d4ecb14d0e9649722413ce92c3fa.jpg","https://www.anwylhomes.co.uk/app/uploads/2025/09/Anwyl-The-Snowdon-Home-61-scaled.jpg","Staged showhome interior space."
"Dôl Derwen","The Snowdon","3","https://www.anwylhomes.co.uk/our-developments/dol-derwen/snowdon-9/","images/69ab486b75df4c00cacb4500ab59c7cb5874ccd71bc8ff3536c68e5a3de41b5f.jpg","https://www.anwylhomes.co.uk/app/uploads/2025/09/Anwyl-The-Snowdon-Home-67-scaled.jpg","Staged showhome interior space."
"Dôl Derwen","The Snowdon","3","https://www.anwylhomes.co.uk/our-developments/dol-derwen/snowdon-9/","images/e3548aaa4a37ac4e3f99ad07e598d41ada41c754501a6e39408d64c078d9eea9.jpg","https://www.anwylhomes.co.uk/app/uploads/2025/09/Anwyl-The-Snowdon-Home-63-scaled.jpg","Staged showhome interior space."
"Dôl Derwen","The Snowdon","3","https://www.anwylhomes.co.uk/our-developments/dol-derwen/snowdon-9/","images/f80c5399c5ba3da724b377e49d02739752227aa67d077dc4e9bf4f2b36801cc8.jpg","https://www.anwylhomes.co.uk/app/uploads/2025/09/Anwyl-The-Snowdon-Home-80-scaled.jpg","Staged showhome interior space."
"Dôl Derwen","The Snowdon","3","https://www.anwylhomes.co.uk/our-developments/dol-derwen/snowdon-9/","images/01b5d832e7b38ebdebecda9094c32a5d008c2cef44893b2ba995419366ad9324.jpg","https://www.anwylhomes.co.uk/app/uploads/2025/09/Anwyl-The-Snowdon-Home-83-scaled.jpg","Staged showhome interior space."
"Dôl Derwen","The Snowdon","3","https://www.anwylhomes.co.uk/our-developments/dol-derwen/snowdon-9/","images/dea3ce04e1f609ce4ca20e4ca1403310758feb8fdcf8909f8be9ecfee1cef64d.jpg","https://www.anwylhomes.co.uk/app/uploads/2024/02/VictoriaMills-Plot61-48-scaled.jpg","Staged showhome interior space."
"Dôl Derwen","The Snowdon","3","https://www.anwylhomes.co.uk/our-developments/dol-derwen/snowdon-9/","images/79c5331b7c4fd50f1f92e598b3c055db496ed7eff54ffeab1b15c2de739255ef.jpg","https://www.anwylhomes.co.uk/app/uploads/2025/09/Anwyl-The-Snowdon-Home-88-scaled.jpg","Staged showhome interior space."
"Dôl Derwen","The Snowdon","3","https://www.anwylhomes.co.uk/our-developments/dol-derwen/snowdon-9/","images/3bb633db67eb4c85795bf079a1044e89318309a316e62a8b39a521cc933cceea.jpg","https://www.anwylhomes.co.uk/app/uploads/2025/09/Anwyl-The-Snowdon-Home-73-scaled.jpg","Staged showhome interior space."
"Dôl Derwen","The Birkdale","3","https://www.anwylhomes.co.uk/our-developments/dol-derwen/birkdale-10/","images/02260e979d3c07b77615100106b755c6daca61553572b0101ef6cfe5f94fed9c.jpg","https://www.anwylhomes.co.uk/app/uploads/2025/06/SOCO_AnwylHomes_March_SE-5.jpg","Staged showhome interior space."
"Dôl Derwen","The Birkdale","3","https://www.anwylhomes.co.uk/our-developments/dol-derwen/birkdale-10/","images/2174678cdd74320792e5f28a5819d7b0e50d6210900348761b76e42b6160c0c6.jpg","https://www.anwylhomes.co.uk/app/uploads/2025/06/SOCO_AnwylHomes_March_SE-6.jpg","Staged showhome interior space."
"Dôl Derwen","The Birkdale","3","https://www.anwylhomes.co.uk/our-developments/dol-derwen/birkdale-10/","images/0000ecc0c3ce13c9fa9813dba094de303fefff1e9cfaf17ad86c68648c701106.jpg","https://www.anwylhomes.co.uk/app/uploads/2025/06/SOCO_AnwylHomes_March_SE-2.jpg","Staged showhome interior space."
"Dôl Derwen","The Birkdale","3","https://www.anwylhomes.co.uk/our-developments/dol-derwen/birkdale-10/","images/b9cd834aa38979d41faf320541fedfccdad4187ee9d86d0a47c41da241f1b93e.jpg","https://www.anwylhomes.co.uk/app/uploads/2025/06/SOCO_AnwylHomes_March_SE-3.jpg","Staged showhome interior space."
"Dôl Derwen","The Birkdale","3","https://www.anwylhomes.co.uk/our-developments/dol-derwen/birkdale-10/","images/c523eb2aed2cad92744be8a91c063747d2ba2b65abcc98c6b594ead3a840d8df.jpg","https://www.anwylhomes.co.uk/app/uploads/2025/06/SOCO_AnwylHomes_March_SE-26.jpg","Staged showhome interior space."
"Dôl Derwen","The Birkdale","3","https://www.anwylhomes.co.uk/our-developments/dol-derwen/birkdale-10/","images/577616d3435fea5793789a41b780933052923f9a3b16adcda0b7e08e36556e4a.jpg","https://www.anwylhomes.co.uk/app/uploads/2025/06/SOCO_AnwylHomes_March_SE-30.jpg","Staged showhome interior space."
"Dôl Derwen","The Birkdale","3","https://www.anwylhomes.co.uk/our-developments/dol-derwen/birkdale-10/","images/f3e193712e8f269a9bf22bddaa8c355b67e2173afec795a34539153ad2a12962.jpg","https://www.anwylhomes.co.uk/app/uploads/2025/06/SOCO_AnwylHomes_March_SE-28.jpg","Staged showhome interior space."
"Dôl Derwen","The Birkdale","3","https://www.anwylhomes.co.uk/our-developments/dol-derwen/birkdale-10/","images/5eecc4c75fc3f7f84b016ce4778225141921ff940fe75a0b66688b85f3f62369.jpg","https://www.anwylhomes.co.uk/app/uploads/2025/06/SOCO_AnwylHomes_March_SE-22.jpg","Staged showhome interior space."
"Dôl Derwen","The Birkdale","3","https://www.anwylhomes.co.uk/our-developments/dol-derwen/birkdale-10/","images/79976fd0b3b1ad87cdb6257bf683acde8ee16ad25bb88ec6ec9d545abc2146af.jpg","https://www.anwylhomes.co.uk/app/uploads/2025/06/SOCO_AnwylHomes_March_SE-24.jpg","Staged showhome interior space."
"Dôl Derwen","The Birkdale","3","https://www.anwylhomes.co.uk/our-developments/dol-derwen/birkdale-10/","images/db8d7daae05a864efa52ca30bbbb932f2d1504088ab43d92b3490025a4d30744.jpg","https://www.anwylhomes.co.uk/app/uploads/2025/06/SOCO_AnwylHomes_March_SE-25.jpg","Staged showhome interior space."
"Dôl Derwen","The Lymm","4","https://www.anwylhomes.co.uk/our-developments/dol-derwen/lymm-12/","images/5643d50a3074a0269f31becee182d31163861b6d218f6d00ffab7b5ae6a6507a.jpg","https://www.anwylhomes.co.uk/app/uploads/2023/11/200421-The-Lymm-8-1-scaled.jpg","Staged showhome interior space."
"Dôl Derwen","The Lymm","4","https://www.anwylhomes.co.uk/our-developments/dol-derwen/lymm-12/","images/bad45cfa86fd79c0dbc41622d1b26e1ce5145490825841dd405343f8ca76f1d1.jpg","https://www.anwylhomes.co.uk/app/uploads/2023/11/200421-The-Lymm-6.jpg","Staged showhome interior space."
"Dôl Derwen","The Lymm","4","https://www.anwylhomes.co.uk/our-developments/dol-derwen/lymm-12/","images/ed68bb4ee6f68af49e0d41c5144564d6c4a02ee6953644c2b97c01b8c68ef8ed.jpg","https://www.anwylhomes.co.uk/app/uploads/2023/11/200421-The-Lymm-2.jpg","Staged showhome interior space."
"Dôl Derwen","The Lymm","4","https://www.anwylhomes.co.uk/our-developments/dol-derwen/lymm-12/","images/9b3d3c816f6f4a99cff3b4701e74d3704c27e343ce6cd775935867ffc0b3cfb5.jpg","https://www.anwylhomes.co.uk/app/uploads/2023/11/200421-The-Lymm-22.jpg","Staged showhome interior space."
"Dôl Derwen","The Lymm","4","https://www.anwylhomes.co.uk/our-developments/dol-derwen/lymm-12/","images/bec1eea0e83aeac9fafaf1fd402c27de36c4ec056571295a8554d68c099ee024.jpg","https://www.anwylhomes.co.uk/app/uploads/2023/11/200421-The-Lymm-38.jpg","Staged showhome interior space."
"Dôl Derwen","The Lymm","4","https://www.anwylhomes.co.uk/our-developments/dol-derwen/lymm-12/","images/dca5e67411e7c4b0486b8bce8cf50db300053ec7cae13d81ef20c7ffc855a379.jpg","https://www.anwylhomes.co.uk/app/uploads/2023/11/071021-The-Lymm-35.jpg","Staged showhome interior space."
"Dôl Derwen","The Lymm","4","https://www.anwylhomes.co.uk/our-developments/dol-derwen/lymm-12/","images/c749a0f393c631414ff592557e04b3d76ab41be805ea637509caa5be6cbaef1d.jpg","https://www.anwylhomes.co.uk/app/uploads/2023/11/200421-The-Lymm-33.jpg","Staged showhome interior space."
"Dôl Derwen","The Lymm","4","https://www.anwylhomes.co.uk/our-developments/dol-derwen/lymm-12/","images/3e051a380432579f3dade982f262eec8a8809c6d36b8d9c33faab1be9a018066.jpg","https://www.anwylhomes.co.uk/app/uploads/2023/11/200421-The-Lymm-23-scaled.jpg","Staged showhome interior space."
"Dôl Derwen","The Lymm","4","https://www.anwylhomes.co.uk/our-developments/dol-derwen/lymm-12/","images/c71a021ac7e87132ce1d8745b3ffe342ce925bb2dd57dd3e1ef87634db7a61a5.jpg","https://www.anwylhomes.co.uk/app/uploads/2023/11/200421-The-Lymm-31.jpg","Staged showhome interior space."
"Dôl Derwen","The Lymm","4","https://www.anwylhomes.co.uk/our-developments/dol-derwen/lymm-12/","images/b50f55080a0513826d8f812f789fdb6a64acc3dcbefbac5eb8d0c7a2a01c69c8.jpg","https://www.anwylhomes.co.uk/app/uploads/2023/11/200421-The-Lymm-46.jpg","Staged showhome interior space."
"Dôl Derwen","The Appleton","3","https://www.anwylhomes.co.uk/our-developments/dol-derwen/appleton-8/","images/63158f6240e39d5b50ad5a35689d2d80d5d16a63ba387ec6d01b25f8acea187f.jpg","https://www.anwylhomes.co.uk/app/uploads/2023/11/5385-scaled.jpg","Staged showhome interior space."
"Dôl Derwen","The Appleton","3","https://www.anwylhomes.co.uk/our-developments/dol-derwen/appleton-8/","images/c233b9cb8e52acb14e8c14d7983e40bc6c34d3e5410edaef82d7478b377a2d53.jpg","https://www.anwylhomes.co.uk/app/uploads/2023/11/5468-scaled.jpg","Staged showhome interior space."
"Dôl Derwen","The Appleton","3","https://www.anwylhomes.co.uk/our-developments/dol-derwen/appleton-8/","images/d79e9aa5695dd07299eb417dea21849b50980512084079c654c6f7eecfdde07d.jpg","https://www.anwylhomes.co.uk/app/uploads/2023/11/5342-scaled.jpg","Staged showhome interior space."
"Dôl Derwen","The Appleton","3","https://www.anwylhomes.co.uk/our-developments/dol-derwen/appleton-8/","images/578d27c7529794863307745345541154230ede7815ee7da02358c5a4f6ee5851.jpg","https://www.anwylhomes.co.uk/app/uploads/2023/11/5505-scaled.jpg","Staged showhome interior space."
"Dôl Derwen","The Appleton","3","https://www.anwylhomes.co.uk/our-developments/dol-derwen/appleton-8/","images/e1673c138dd8855cdc1c35f4aff86dcc5227a7429850cd9656b2c9e3e53e854e.jpg","https://www.anwylhomes.co.uk/app/uploads/2023/11/5522-scaled.jpg","Staged showhome interior space."
"Dôl Derwen","The Appleton","3","https://www.anwylhomes.co.uk/our-developments/dol-derwen/appleton-8/","images/3149cbc7d5f01f63fd46b3e6bf13b11f8d74773398165c9e6a76116a62d1db30.jpg","https://www.anwylhomes.co.uk/app/uploads/2023/11/5620-scaled.jpg","Staged showhome interior space."
"Dôl Derwen","The Appleton","3","https://www.anwylhomes.co.uk/our-developments/dol-derwen/appleton-8/","images/ea4a83fe524c19c501ea07a5089d4fba760f2e5a4251b4e638232270c131910a.jpg","https://www.anwylhomes.co.uk/app/uploads/2023/11/5644-scaled.jpg","Staged showhome interior space."
"Dôl Derwen","The Appleton","3","https://www.anwylhomes.co.uk/our-developments/dol-derwen/appleton-8/","images/62d3bd7f30fa1238f15a785eb72619896c3a4282392392eb1312ca980a7b9a04.jpg","https://www.anwylhomes.co.uk/app/uploads/2023/11/5667-scaled.jpg","Staged showhome interior space."
"Dôl Derwen","The Appleton","3","https://www.anwylhomes.co.uk/our-developments/dol-derwen/appleton-8/","images/efc2f07f5ad138a501e0875d949c9cc641474ea8573a42ccae583fc7697a13fa.jpg","https://www.anwylhomes.co.uk/app/uploads/2023/11/5677-scaled.jpg","Staged showhome interior space."
"Dôl Derwen","The Appleton","3","https://www.anwylhomes.co.uk/our-developments/dol-derwen/appleton-8/","images/901d8981f1e75df0b9954edfe8fdc4cef742f0a97ab7eb8344448d3a976b15ec.jpg","https://www.anwylhomes.co.uk/app/uploads/2023/11/5562-scaled.jpg","Staged showhome interior space."
"Dôl Derwen","The Appleton","3","https://www.anwylhomes.co.uk/our-developments/dol-derwen/appleton-8/","images/353339a5736b0a8da18a5e7261c99374ffb52297b295f5a38e5b9cc50094807c.jpg","https://www.anwylhomes.co.uk/app/uploads/2023/11/5717-scaled.jpg","Staged showhome interior space."
"Dôl Derwen","The Burton","2","https://www.anwylhomes.co.uk/our-developments/dol-derwen/burton-13/","images/401532223f6bd1937e839433130a33ba6034a7a78b656840453a3fc828dd8b33.png","https://www.anwylhomes.co.uk/app/uploads/2023/11/Burton_3_Kitchen.png","Staged showhome interior space."
"Dôl Derwen","The Burton","2","https://www.anwylhomes.co.uk/our-developments/dol-derwen/burton-13/","images/cb468ebc7fd980d412d1a68013cdbb794822fef88316920ae069459ca7c6b220.png","https://www.anwylhomes.co.uk/app/uploads/2023/11/Burton_2_Kitchen2.png","Staged showhome interior space."
"Dôl Derwen","The Burton","2","https://www.anwylhomes.co.uk/our-developments/dol-derwen/burton-13/","images/2918cb7f2a22248b742029f428cbb6bafd2a032510dac74fa2d444428449057e.png","https://www.anwylhomes.co.uk/app/uploads/2023/11/Burton_1_Living.png","Staged showhome interior space."
"Dôl Derwen","The Burton","2","https://www.anwylhomes.co.uk/our-developments/dol-derwen/burton-13/","images/a8f5b2e58fd3cb26e921eae407f4322044fd543e3025ac5e29e5040aa70052b2.png","https://www.anwylhomes.co.uk/app/uploads/2023/11/Burton_4_Bed2.png","Staged showhome interior space."
"Dôl Derwen","The Burton","2","https://www.anwylhomes.co.uk/our-developments/dol-derwen/burton-13/","images/41685247149239a0d0b11a0837d8b6fe29c822b0e13c06e4fb170b8de0c1d775.png","https://www.anwylhomes.co.uk/app/uploads/2023/11/Burton_5_Bed1.png","Staged showhome interior space."
"Dôl Derwen","The Burton","2","https://www.anwylhomes.co.uk/our-developments/dol-derwen/burton-13/","images/c5a5e4fd3f393c3666543d98c848b6295ef1d234785f259cf168225067e156b1.png","https://www.anwylhomes.co.uk/app/uploads/2023/11/Burton_6_Bathroom.png","Staged showhome interior space."
"Priory Gardens","The Lymm","4","https://www.anwylhomes.co.uk/our-developments/priory-gardens/lymm-3/","images/bad45cfa86fd79c0dbc41622d1b26e1ce5145490825841dd405343f8ca76f1d1.jpg","https://www.anwylhomes.co.uk/app/uploads/2023/11/200421-The-Lymm-6.jpg","Staged showhome interior space."
"Priory Gardens","The Lymm","4","https://www.anwylhomes.co.uk/our-developments/priory-gardens/lymm-3/","images/ed68bb4ee6f68af49e0d41c5144564d6c4a02ee6953644c2b97c01b8c68ef8ed.jpg","https://www.anwylhomes.co.uk/app/uploads/2023/11/200421-The-Lymm-2.jpg","Staged showhome interior space."
"Priory Gardens","The Lymm","4","https://www.anwylhomes.co.uk/our-developments/priory-gardens/lymm-3/","images/bec1eea0e83aeac9fafaf1fd402c27de36c4ec056571295a8554d68c099ee024.jpg","https://www.anwylhomes.co.uk/app/uploads/2023/11/200421-The-Lymm-38.jpg","Staged showhome interior space."
"Priory Gardens","The Lymm","4","https://www.anwylhomes.co.uk/our-developments/priory-gardens/lymm-3/","images/c749a0f393c631414ff592557e04b3d76ab41be805ea637509caa5be6cbaef1d.jpg","https://www.anwylhomes.co.uk/app/uploads/2023/11/200421-The-Lymm-33.jpg","Staged showhome interior space."
"Priory Gardens","The Lymm","4","https://www.anwylhomes.co.uk/our-developments/priory-gardens/lymm-3/","images/9b3d3c816f6f4a99cff3b4701e74d3704c27e343ce6cd775935867ffc0b3cfb5.jpg","https://www.anwylhomes.co.uk/app/uploads/2023/11/200421-The-Lymm-22.jpg","Staged showhome interior space."
"Priory Gardens","The Lymm","4","https://www.anwylhomes.co.uk/our-developments/priory-gardens/lymm-3/","images/c71a021ac7e87132ce1d8745b3ffe342ce925bb2dd57dd3e1ef87634db7a61a5.jpg","https://www.anwylhomes.co.uk/app/uploads/2023/11/200421-The-Lymm-31.jpg","Staged showhome interior space."
"Priory Gardens","The Lymm","4","https://www.anwylhomes.co.uk/our-developments/priory-gardens/lymm-3/","images/b50f55080a0513826d8f812f789fdb6a64acc3dcbefbac5eb8d0c7a2a01c69c8.jpg","https://www.anwylhomes.co.uk/app/uploads/2023/11/200421-The-Lymm-46.jpg","Staged showhome interior space."
"Priory Gardens","The Bunbury","3","https://www.anwylhomes.co.uk/our-developments/priory-gardens/bunbury-4/","images/4bbedc79847dc0cb0db5bbc15d16f37952842c76f102ba210060d61c5137473f.png","https://www.anwylhomes.co.uk/app/uploads/2024/01/7859.png","Staged showhome interior space."
"Priory Gardens","The Bunbury","3","https://www.anwylhomes.co.uk/our-developments/priory-gardens/bunbury-4/","images/e12ed802e9be752d07d38b3cfac80ea1604b09ae8c9ab5d90521c5d936a06e93.png","https://www.anwylhomes.co.uk/app/uploads/2024/01/7843.png","Staged showhome interior space."
"Priory Gardens","The Bunbury","3","https://www.anwylhomes.co.uk/our-developments/priory-gardens/bunbury-4/","images/773bccb1f1dac27110a4041b07e81699d0cf2cf9000d17c2cd5e39c595756d5a.png","https://www.anwylhomes.co.uk/app/uploads/2024/01/7564.png","Staged showhome interior space."
"Priory Gardens","The Bunbury","3","https://www.anwylhomes.co.uk/our-developments/priory-gardens/bunbury-4/","images/ee7c8ffcdaa9c50b235ceaec53118ba305d99fd9cc580e2728129b67a698ed23.png","https://www.anwylhomes.co.uk/app/uploads/2024/01/7763.png","Staged showhome interior space."
"Priory Gardens","The Bunbury","3","https://www.anwylhomes.co.uk/our-developments/priory-gardens/bunbury-4/","images/48ac6a6e5fdb87d67f96bfcf4851a8b9ddbc101de9dfb1d599b81ec800432945.png","https://www.anwylhomes.co.uk/app/uploads/2024/01/7791.png","Staged showhome interior space."
"Priory Gardens","The Bunbury","3","https://www.anwylhomes.co.uk/our-developments/priory-gardens/bunbury-4/","images/cffbdf6a5ffef56aa23e21cc5cf1c1b6ecc39dae29035bfa93132c5c3365f83a.png","https://www.anwylhomes.co.uk/app/uploads/2024/01/7721.png","Staged showhome interior space."
"Priory Gardens","The Bunbury","3","https://www.anwylhomes.co.uk/our-developments/priory-gardens/bunbury-4/","images/570017c1388e9862f37cd2aaa0cc03bf8ee4b2d1aa69dd9af4531716573a8ad7.png","https://www.anwylhomes.co.uk/app/uploads/2024/01/7690.png","Staged showhome interior space."
"Priory Gardens","The Bretton","3","https://www.anwylhomes.co.uk/our-developments/priory-gardens/bretton-4/","images/ed2991835d49dff662934fbeee7cb8d1296d1ba30ffb2883dcbb582f50909fe9.jpg","https://www.anwylhomes.co.uk/app/uploads/2024/01/6779-scaled.jpg","Staged showhome interior space."
"Priory Gardens","The Bretton","3","https://www.anwylhomes.co.uk/our-developments/priory-gardens/bretton-4/","images/c0e1bcdcec7c14d02c6abf545feb899586dfae10597dd7a3fa9d28e4a8f21245.png","https://www.anwylhomes.co.uk/app/uploads/2024/01/Plot_091_Bretton_Mirror_RenderFrontView_Front_2x1_152-1.png","Staged showhome interior space."
"Priory Gardens","The Bretton","3","https://www.anwylhomes.co.uk/our-developments/priory-gardens/bretton-4/","images/d54e0a3bb42140f6ac8a67d0a9ddf20c2888d2589b411ad498f9447afab5bafe.jpg","https://www.anwylhomes.co.uk/app/uploads/2024/01/6803-scaled.jpg","Staged showhome interior space."
"Priory Gardens","The Bretton","3","https://www.anwylhomes.co.uk/our-developments/priory-gardens/bretton-4/","images/707767af16489597f184071416f5640834bc9d89869acc3be1ae8f70d00f6ed0.jpg","https://www.anwylhomes.co.uk/app/uploads/2024/01/6878-scaled.jpg","Staged showhome interior space."
"Priory Gardens","The Bretton","3","https://www.anwylhomes.co.uk/our-developments/priory-gardens/bretton-4/","images/be33eb58ec489b65bb1475968dc12ca9050b80b7425973550c325d14326aca63.jpg","https://www.anwylhomes.co.uk/app/uploads/2024/01/6833-scaled.jpg","Staged showhome interior space."
"Priory Gardens","The Bretton","3","https://www.anwylhomes.co.uk/our-developments/priory-gardens/bretton-4/","images/7cc7118851b65de8c9f044c6f25139305985b09bb0e03257d73dc782d96107e3.jpg","https://www.anwylhomes.co.uk/app/uploads/2024/01/6919-scaled.jpg","Staged showhome interior space."
"Priory Gardens","The Bretton","3","https://www.anwylhomes.co.uk/our-developments/priory-gardens/bretton-4/","images/f55d9b76460ff2c7b68eb78255cb2b0e3d097f99ab8532566c3e109711e3070c.jpg","https://www.anwylhomes.co.uk/app/uploads/2024/01/6935-scaled.jpg","Staged showhome interior space."
"Priory Gardens","The Bretton","3","https://www.anwylhomes.co.uk/our-developments/priory-gardens/bretton-4/","images/d9515e19d716730c9dfdf1782cc873d889ad2688ed7c43fe9703a3f03254ff03.jpg","https://www.anwylhomes.co.uk/app/uploads/2024/01/6944-scaled.jpg","Staged showhome interior space."
"Priory Gardens","The Bretton","3","https://www.anwylhomes.co.uk/our-developments/priory-gardens/bretton-4/","images/0a55128be94a6c5315e16e1deebc82f244eb53801ff1589c147505aa9ef8c462.jpg","https://www.anwylhomes.co.uk/app/uploads/2024/01/6987-scaled.jpg","Staged showhome interior space."
"Priory Gardens","The Bretton","3","https://www.anwylhomes.co.uk/our-developments/priory-gardens/bretton-4/","images/e798255760f94adc108f3c5b310724dbe12e0d8bf65c97d1d8d5f1491b95f96b.jpg","https://www.anwylhomes.co.uk/app/uploads/2024/01/6956-scaled.jpg","Staged showhome interior space."
"Priory Gardens","The Bretton","3","https://www.anwylhomes.co.uk/our-developments/priory-gardens/bretton-4/","images/adf833a4c394539c94efce78ad82c98bb4f918be58b4da4f4dda271d9369c3fb.jpg","https://www.anwylhomes.co.uk/app/uploads/2024/01/6907-scaled.jpg","Staged showhome interior space."
"Priory Gardens","The Bretton","3","https://www.anwylhomes.co.uk/our-developments/priory-gardens/bretton-4/","images/9eca1ecee3535f6bc6826d04ef72d1d6210ed7394cd4c681a005a5d67b22ceb5.jpg","https://www.anwylhomes.co.uk/app/uploads/2024/01/6949-scaled.jpg","Staged showhome interior space."
"Priory Gardens","The Epsom","3","https://www.anwylhomes.co.uk/our-developments/priory-gardens/epsom-3/","images/ee1a0795d698152184004dd7d3130cfdb59d724dfceda8c742056cd6bf3504c1.png","https://www.anwylhomes.co.uk/app/uploads/2023/11/AH_CF_Epsom_6_Kitchen.png","Staged showhome interior space."
"Priory Gardens","The Epsom","3","https://www.anwylhomes.co.uk/our-developments/priory-gardens/epsom-3/","images/6ca4650fc6bdc97dea8d8dfb7e3ef5005d2002e8fcffbfeb3fdf52e8715fb753.png","https://www.anwylhomes.co.uk/app/uploads/2023/11/AH_CF_Epsom_10_LivingRoom.png","Staged showhome interior space."
"Priory Gardens","The Epsom","3","https://www.anwylhomes.co.uk/our-developments/priory-gardens/epsom-3/","images/b06a3b1b9745cb6a5d33dfad2f55cdd049d2888533e2d55cb61d97c4c8dce1a3.png","https://www.anwylhomes.co.uk/app/uploads/2023/11/AH_CF_Epsom_7_Kitchen.png","Staged showhome interior space."
"Priory Gardens","The Epsom","3","https://www.anwylhomes.co.uk/our-developments/priory-gardens/epsom-3/","images/d0fd5a620ea1e2f5128f64d8acde495c1c536928e191043f7d55c8deb6571d3c.png","https://www.anwylhomes.co.uk/app/uploads/2023/11/AH_CF_Epsom_1_Bedroom2.png","Staged showhome interior space."
"Priory Gardens","The Epsom","3","https://www.anwylhomes.co.uk/our-developments/priory-gardens/epsom-3/","images/10767f3add4620803509b0692f265e32f508455d617778d99a81d6cf8a026255.png","https://www.anwylhomes.co.uk/app/uploads/2023/11/AH_CF_Epsom_13_MasterBedroom.png","Staged showhome interior space."
"Priory Gardens","The Epsom","3","https://www.anwylhomes.co.uk/our-developments/priory-gardens/epsom-3/","images/d64a0b9ce9bcf9f50f4eb0303908ffa441172c18bd80881302a660bfe7141cd8.png","https://www.anwylhomes.co.uk/app/uploads/2023/11/AH_CF_Epsom_2_Bathroom.png","Staged showhome interior space."
"Priory Gardens","The Epsom","3","https://www.anwylhomes.co.uk/our-developments/priory-gardens/epsom-3/","images/906eb6810745f4b7d5235ed076cf7054bd7588d063e57bb07530caf74e23f9c8.png","https://www.anwylhomes.co.uk/app/uploads/2023/11/AH_CF_Epsom_3_Bedroom3.png","Staged showhome interior space."
"Priory Gardens","The Appleton","3","https://www.anwylhomes.co.uk/our-developments/priory-gardens/appleton-7/","images/63158f6240e39d5b50ad5a35689d2d80d5d16a63ba387ec6d01b25f8acea187f.jpg","https://www.anwylhomes.co.uk/app/uploads/2023/11/5385-scaled.jpg","Staged showhome interior space."
"Priory Gardens","The Appleton","3","https://www.anwylhomes.co.uk/our-developments/priory-gardens/appleton-7/","images/c233b9cb8e52acb14e8c14d7983e40bc6c34d3e5410edaef82d7478b377a2d53.jpg","https://www.anwylhomes.co.uk/app/uploads/2023/11/5468-scaled.jpg","Staged showhome interior space."
"Priory Gardens","The Appleton","3","https://www.anwylhomes.co.uk/our-developments/priory-gardens/appleton-7/","images/d79e9aa5695dd07299eb417dea21849b50980512084079c654c6f7eecfdde07d.jpg","https://www.anwylhomes.co.uk/app/uploads/2023/11/5342-scaled.jpg","Staged showhome interior space."
"Priory Gardens","The Appleton","3","https://www.anwylhomes.co.uk/our-developments/priory-gardens/appleton-7/","images/e1673c138dd8855cdc1c35f4aff86dcc5227a7429850cd9656b2c9e3e53e854e.jpg","https://www.anwylhomes.co.uk/app/uploads/2023/11/5522-scaled.jpg","Staged showhome interior space."
"Priory Gardens","The Appleton","3","https://www.anwylhomes.co.uk/our-developments/priory-gardens/appleton-7/","images/578d27c7529794863307745345541154230ede7815ee7da02358c5a4f6ee5851.jpg","https://www.anwylhomes.co.uk/app/uploads/2023/11/5505-scaled.jpg","Staged showhome interior space."
"Priory Gardens","The Appleton","3","https://www.anwylhomes.co.uk/our-developments/priory-gardens/appleton-7/","images/ea4a83fe524c19c501ea07a5089d4fba760f2e5a4251b4e638232270c131910a.jpg","https://www.anwylhomes.co.uk/app/uploads/2023/11/5644-scaled.jpg","Staged showhome interior space."
"Priory Gardens","The Appleton","3","https://www.anwylhomes.co.uk/our-developments/priory-gardens/appleton-7/","images/3149cbc7d5f01f63fd46b3e6bf13b11f8d74773398165c9e6a76116a62d1db30.jpg","https://www.anwylhomes.co.uk/app/uploads/2023/11/5620-scaled.jpg","Staged showhome interior space."
"Priory Gardens","The Appleton","3","https://www.anwylhomes.co.uk/our-developments/priory-gardens/appleton-7/","images/efc2f07f5ad138a501e0875d949c9cc641474ea8573a42ccae583fc7697a13fa.jpg","https://www.anwylhomes.co.uk/app/uploads/2023/11/5677-scaled.jpg","Staged showhome interior space."
"Priory Gardens","The Appleton","3","https://www.anwylhomes.co.uk/our-developments/priory-gardens/appleton-7/","images/901d8981f1e75df0b9954edfe8fdc4cef742f0a97ab7eb8344448d3a976b15ec.jpg","https://www.anwylhomes.co.uk/app/uploads/2023/11/5562-scaled.jpg","Staged showhome interior space."
"Priory Gardens","The Appleton","3","https://www.anwylhomes.co.uk/our-developments/priory-gardens/appleton-7/","images/353339a5736b0a8da18a5e7261c99374ffb52297b295f5a38e5b9cc50094807c.jpg","https://www.anwylhomes.co.uk/app/uploads/2023/11/5717-scaled.jpg","Staged showhome interior space."
"Priory Gardens","The Appleton","3","https://www.anwylhomes.co.uk/our-developments/priory-gardens/appleton-7/","images/62d3bd7f30fa1238f15a785eb72619896c3a4282392392eb1312ca980a7b9a04.jpg","https://www.anwylhomes.co.uk/app/uploads/2023/11/5667-scaled.jpg","Staged showhome interior space."
"Whittle Brook Park","The Tatham","4","https://www.anwylhomes.co.uk/our-developments/whittle-brook-park/tatham/","images/5c1a4d084e1bbaa2dcbde3d3393065cbe4ba50f7683c7603bbb661f327d6f705.jpg","https://www.anwylhomes.co.uk/app/uploads/2023/11/TSC_Anwyl_Day1_SE260624-20.jpg","Staged showhome interior space."
"Whittle Brook Park","The Tatham","4","https://www.anwylhomes.co.uk/our-developments/whittle-brook-park/tatham/","images/f0ed1a8ae92bdde8e3dbea8447efd609b18b8ac63f8258be0b9fad78bf2c9b59.jpg","https://www.anwylhomes.co.uk/app/uploads/2023/11/TSC_Anwyl_Day1_SE260624-21.jpg","Staged showhome interior space."
"Whittle Brook Park","The Tatham","4","https://www.anwylhomes.co.uk/our-developments/whittle-brook-park/tatham/","images/eb05e49662c6fb9703f5405ac387681d92803f073eab477024308614e6d413db.jpg","https://www.anwylhomes.co.uk/app/uploads/2023/11/TSC_Anwyl_Day1_SE260624-19.jpg","Staged showhome interior space."
"Whittle Brook Park","The Tatham","4","https://www.anwylhomes.co.uk/our-developments/whittle-brook-park/tatham/","images/f946c55358499b93f81674e95c053ef0a2b86dfce10a1c7aff516a9505b9803f.jpg","https://www.anwylhomes.co.uk/app/uploads/2023/11/TSC_Anwyl_Day1_SE260624-18.jpg","Staged showhome interior space."
"Whittle Brook Park","The Tatham","4","https://www.anwylhomes.co.uk/our-developments/whittle-brook-park/tatham/","images/f54af3ba95f908524c1be6403008f01d25b6c683a40347f1dc438713f65d3b00.jpg","https://www.anwylhomes.co.uk/app/uploads/2023/11/TSC_Anwyl_Day1_SE260624-12.jpg","Staged showhome interior space."
"Whittle Brook Park","The Tatham","4","https://www.anwylhomes.co.uk/our-developments/whittle-brook-park/tatham/","images/fe8caece7651615062a1afa40cfd4d600585bb4d4da5107848eb54b3a6797615.jpg","https://www.anwylhomes.co.uk/app/uploads/2023/11/TSC_Anwyl_Day1_SE260624-17.jpg","Staged showhome interior space."
"Whittle Brook Park","The Tatham","4","https://www.anwylhomes.co.uk/our-developments/whittle-brook-park/tatham/","images/8e017a7cc62065915f145e3cbdab32e9c20fec2f8454ca21c685cc9594d63b8b.jpg","https://www.anwylhomes.co.uk/app/uploads/2023/11/TSC_Anwyl_Day1_SE260624-37.jpg","Staged showhome interior space."
"Whittle Brook Park","The Tatham","4","https://www.anwylhomes.co.uk/our-developments/whittle-brook-park/tatham/","images/7fdbd8c9897a8c957b14502c060409b2f2fce574a36b30d8799e7b4830909a54.jpg","https://www.anwylhomes.co.uk/app/uploads/2023/11/TSC_Anwyl_Day1_SE260624-30.jpg","Staged showhome interior space."
"Whittle Brook Park","The Tatham","4","https://www.anwylhomes.co.uk/our-developments/whittle-brook-park/tatham/","images/0c2f2d268f75a8e01350134e1885cf4ce56db3b6bf01256c2cb180d0cff43fa2.jpg","https://www.anwylhomes.co.uk/app/uploads/2023/11/TSC_Anwyl_Day1_SE260624-26.jpg","Staged showhome interior space."
"Whittle Brook Park","The Tatham","4","https://www.anwylhomes.co.uk/our-developments/whittle-brook-park/tatham/","images/7babacf1570935980296fbf3dcb5ccf6d32a47e3454c7f2f7b10249f16c2c31e.jpg","https://www.anwylhomes.co.uk/app/uploads/2023/11/TSC_Anwyl_Day1_SE260624-28.jpg","Staged showhome interior space."
"Whittle Brook Park","The Hollingworth","4","https://www.anwylhomes.co.uk/our-developments/whittle-brook-park/hollingworth/","images/6b68a275d1dda1a6ba6061716edf6d132ce5a3ad276736a7e3e31e427f2dacde.jpg","https://www.anwylhomes.co.uk/app/uploads/2023/11/0707.jpg","Staged showhome interior space."
"Whittle Brook Park","The Hollingworth","4","https://www.anwylhomes.co.uk/our-developments/whittle-brook-park/hollingworth/","images/1692af19e2fed69f22dd654f1f2c772c1ec963b5efc52fdd1b2792d5f6d14532.jpg","https://www.anwylhomes.co.uk/app/uploads/2023/11/0728.jpg","Staged showhome interior space."
"Whittle Brook Park","The Hollingworth","4","https://www.anwylhomes.co.uk/our-developments/whittle-brook-park/hollingworth/","images/fb95b71eda411cb5204ac933e3093ba26c20baa1a819d977510ceb8453a2bb97.jpg","https://www.anwylhomes.co.uk/app/uploads/2023/11/0754.jpg","Staged showhome interior space."
"Whittle Brook Park","The Hollingworth","4","https://www.anwylhomes.co.uk/our-developments/whittle-brook-park/hollingworth/","images/d51e7fdf4bdd3f164508e0d888c41cadf3c707f9cc00fbc0f80101cdd1b75b1f.jpg","https://www.anwylhomes.co.uk/app/uploads/2023/11/0685.jpg","Staged showhome interior space."
"Whittle Brook Park","The Hollingworth","4","https://www.anwylhomes.co.uk/our-developments/whittle-brook-park/hollingworth/","images/b2b7142e94840c9d35144c4ad688dc78d750baf017336cb506855f3a74c89bad.jpg","https://www.anwylhomes.co.uk/app/uploads/2023/11/0805.jpg","Staged showhome interior space."
"Whittle Brook Park","The Hollingworth","4","https://www.anwylhomes.co.uk/our-developments/whittle-brook-park/hollingworth/","images/bab963d4cedccfb091a5064786813554fe70d8fd5dffc13923e6747c0a816129.jpg","https://www.anwylhomes.co.uk/app/uploads/2023/11/0859.jpg","Staged showhome interior space."
"Whittle Brook Park","The Hollingworth","4","https://www.anwylhomes.co.uk/our-developments/whittle-brook-park/hollingworth/","images/85cb22726c0877e1855212f804c5f79b8f4959950c8b8f086f8354f0d301cbe4.jpg","https://www.anwylhomes.co.uk/app/uploads/2023/11/0946.jpg","Staged showhome interior space."
"Whittle Brook Park","The Lathom","4","https://www.anwylhomes.co.uk/our-developments/whittle-brook-park/lathom/","images/f4680807cec09fb51eb487ad1e063a4c5cabf47b73572047b14bfa4872006891.jpg","https://www.anwylhomes.co.uk/app/uploads/2023/11/TSC_AnwylHomes_SE161024-113-1-e1739449749154.jpg","Staged showhome interior space."
"Eagles Green","The Woolston2+","2","https://www.anwylhomes.co.uk/our-developments/eagles-green/woolston2-2/","images/17dd7e0a577916651d83334a79f51fb64000f17b60aefb47cc54b5831200c0c3.jpg","https://www.anwylhomes.co.uk/app/uploads/2025/04/TSC_AnwylNovemberXMAS-38.jpg","Staged showhome interior space."
"Eagles Green","The Longford","3","https://www.anwylhomes.co.uk/our-developments/eagles-green/longford-2/","images/17dd7e0a577916651d83334a79f51fb64000f17b60aefb47cc54b5831200c0c3.jpg","https://www.anwylhomes.co.uk/app/uploads/2025/04/TSC_AnwylNovemberXMAS-38.jpg","Staged showhome interior space."
"Eagles Green","The Sankey","2","https://www.anwylhomes.co.uk/our-developments/eagles-green/sankey/","images/17dd7e0a577916651d83334a79f51fb64000f17b60aefb47cc54b5831200c0c3.jpg","https://www.anwylhomes.co.uk/app/uploads/2025/04/TSC_AnwylNovemberXMAS-38.jpg","Staged showhome interior space."
"Eagles Green","The Bewsey","1","https://www.anwylhomes.co.uk/our-developments/eagles-green/bewsey/","images/17dd7e0a577916651d83334a79f51fb64000f17b60aefb47cc54b5831200c0c3.jpg","https://www.anwylhomes.co.uk/app/uploads/2025/04/TSC_AnwylNovemberXMAS-38.jpg","Staged showhome interior space."
"Eagles Green","The Chapelford","3","https://www.anwylhomes.co.uk/our-developments/eagles-green/chapelford/","images/426b0296517d786782427a83a8753e84e4b35719a770f0f67bed6e6b0d4a1888.jpg","https://www.anwylhomes.co.uk/app/uploads/2023/11/6511-1-scaled.jpg","Staged showhome interior space."
"Eagles Green","The Chapelford","3","https://www.anwylhomes.co.uk/our-developments/eagles-green/chapelford/","images/17dd7e0a577916651d83334a79f51fb64000f17b60aefb47cc54b5831200c0c3.jpg","https://www.anwylhomes.co.uk/app/uploads/2025/04/TSC_AnwylNovemberXMAS-38.jpg","Staged showhome interior space."
"Walkers Glade","The Lymm","4","https://www.anwylhomes.co.uk/our-developments/walkers-glade/lymm-13/","images/bad45cfa86fd79c0dbc41622d1b26e1ce5145490825841dd405343f8ca76f1d1.jpg","https://www.anwylhomes.co.uk/app/uploads/2023/11/200421-The-Lymm-6.jpg","Staged showhome interior space."
"Walkers Glade","The Lymm","4","https://www.anwylhomes.co.uk/our-developments/walkers-glade/lymm-13/","images/ed68bb4ee6f68af49e0d41c5144564d6c4a02ee6953644c2b97c01b8c68ef8ed.jpg","https://www.anwylhomes.co.uk/app/uploads/2023/11/200421-The-Lymm-2.jpg","Staged showhome interior space."
"Walkers Glade","The Lymm","4","https://www.anwylhomes.co.uk/our-developments/walkers-glade/lymm-13/","images/9b3d3c816f6f4a99cff3b4701e74d3704c27e343ce6cd775935867ffc0b3cfb5.jpg","https://www.anwylhomes.co.uk/app/uploads/2023/11/200421-The-Lymm-22.jpg","Staged showhome interior space."
"Walkers Glade","The Lymm","4","https://www.anwylhomes.co.uk/our-developments/walkers-glade/lymm-13/","images/bec1eea0e83aeac9fafaf1fd402c27de36c4ec056571295a8554d68c099ee024.jpg","https://www.anwylhomes.co.uk/app/uploads/2023/11/200421-The-Lymm-38.jpg","Staged showhome interior space."
"Walkers Glade","The Lymm","4","https://www.anwylhomes.co.uk/our-developments/walkers-glade/lymm-13/","images/c749a0f393c631414ff592557e04b3d76ab41be805ea637509caa5be6cbaef1d.jpg","https://www.anwylhomes.co.uk/app/uploads/2023/11/200421-The-Lymm-33.jpg","Staged showhome interior space."
"Walkers Glade","The Lymm","4","https://www.anwylhomes.co.uk/our-developments/walkers-glade/lymm-13/","images/c71a021ac7e87132ce1d8745b3ffe342ce925bb2dd57dd3e1ef87634db7a61a5.jpg","https://www.anwylhomes.co.uk/app/uploads/2023/11/200421-The-Lymm-31.jpg","Staged showhome interior space."
"Walkers Glade","The Lymm","4","https://www.anwylhomes.co.uk/our-developments/walkers-glade/lymm-13/","images/b50f55080a0513826d8f812f789fdb6a64acc3dcbefbac5eb8d0c7a2a01c69c8.jpg","https://www.anwylhomes.co.uk/app/uploads/2023/11/200421-The-Lymm-46.jpg","Staged showhome interior space."
"Walkers Glade","The Hollingworth","4","https://www.anwylhomes.co.uk/our-developments/walkers-glade/hollingworth-2/","images/6b68a275d1dda1a6ba6061716edf6d132ce5a3ad276736a7e3e31e427f2dacde.jpg","https://www.anwylhomes.co.uk/app/uploads/2023/11/0707.jpg","Staged showhome interior space."
"Walkers Glade","The Hollingworth","4","https://www.anwylhomes.co.uk/our-developments/walkers-glade/hollingworth-2/","images/1692af19e2fed69f22dd654f1f2c772c1ec963b5efc52fdd1b2792d5f6d14532.jpg","https://www.anwylhomes.co.uk/app/uploads/2023/11/0728.jpg","Staged showhome interior space."
"Walkers Glade","The Hollingworth","4","https://www.anwylhomes.co.uk/our-developments/walkers-glade/hollingworth-2/","images/fb95b71eda411cb5204ac933e3093ba26c20baa1a819d977510ceb8453a2bb97.jpg","https://www.anwylhomes.co.uk/app/uploads/2023/11/0754.jpg","Staged showhome interior space."
"Walkers Glade","The Hollingworth","4","https://www.anwylhomes.co.uk/our-developments/walkers-glade/hollingworth-2/","images/d51e7fdf4bdd3f164508e0d888c41cadf3c707f9cc00fbc0f80101cdd1b75b1f.jpg","https://www.anwylhomes.co.uk/app/uploads/2023/11/0685.jpg","Staged showhome interior space."
"Walkers Glade","The Hollingworth","4","https://www.anwylhomes.co.uk/our-developments/walkers-glade/hollingworth-2/","images/b2b7142e94840c9d35144c4ad688dc78d750baf017336cb506855f3a74c89bad.jpg","https://www.anwylhomes.co.uk/app/uploads/2023/11/0805.jpg","Staged showhome interior space."
"Walkers Glade","The Hollingworth","4","https://www.anwylhomes.co.uk/our-developments/walkers-glade/hollingworth-2/","images/bab963d4cedccfb091a5064786813554fe70d8fd5dffc13923e6747c0a816129.jpg","https://www.anwylhomes.co.uk/app/uploads/2023/11/0859.jpg","Staged showhome interior space."
"Walkers Glade","The Hollingworth","4","https://www.anwylhomes.co.uk/our-developments/walkers-glade/hollingworth-2/","images/85cb22726c0877e1855212f804c5f79b8f4959950c8b8f086f8354f0d301cbe4.jpg","https://www.anwylhomes.co.uk/app/uploads/2023/11/0946.jpg","Staged showhome interior space."
"Walkers Glade","The Evesham","4","https://www.anwylhomes.co.uk/our-developments/walkers-glade/evesham-17/","images/3960fe0baaff5818e73685fd13f3649d80d31fc099a0434138a34095c78b2637.jpg","https://www.anwylhomes.co.uk/app/uploads/2023/11/Evesham-Summers-Bridge-kitchen-diner-family-area-scaled.jpg","Staged showhome kitchen."
"Walkers Glade","The Evesham","4","https://www.anwylhomes.co.uk/our-developments/walkers-glade/evesham-17/","images/2befe484c0594eae046531d7073966562f8db779c1f64258ffa91184780a5ecf.jpg","https://www.anwylhomes.co.uk/app/uploads/2023/11/Evesham-Summers-Bridge-kitchen-scaled.jpg","Staged showhome kitchen."
"Walkers Glade","The Evesham","4","https://www.anwylhomes.co.uk/our-developments/walkers-glade/evesham-17/","images/17013c25621b9dff02d211207cfd2ea3ce1f8e787e42c7289c751e635a16d400.jpg","https://www.anwylhomes.co.uk/app/uploads/2023/11/Eveshham-summers-bridge-kitchen-diner-scaled.jpg","Staged showhome kitchen."
"Walkers Glade","The Evesham","4","https://www.anwylhomes.co.uk/our-developments/walkers-glade/evesham-17/","images/325f3ff1fd93945eb276525bf9115ababd73165499d4b340cb412fd80973b667.jpg","https://www.anwylhomes.co.uk/app/uploads/2024/03/Evesham-Summers-Bridge-living-room-min.jpg","Staged showhome living room."
"Walkers Glade","The Evesham","4","https://www.anwylhomes.co.uk/our-developments/walkers-glade/evesham-17/","images/0475ecc7dd0d4f1211413289847086a83c6798e8aff29b0f68ef6071f2ea5b75.jpg","https://www.anwylhomes.co.uk/app/uploads/2023/11/Evesham-Summers-Bridge-hallway-scaled.jpg","Staged showhome hallway."
"Walkers Glade","The Evesham","4","https://www.anwylhomes.co.uk/our-developments/walkers-glade/evesham-17/","images/b025d3a6abb6b9de73a4a92bcbbe1f48d9d8b8cc29e03ff5fbfdd8acbb9e47c6.jpg","https://www.anwylhomes.co.uk/app/uploads/2023/11/Evesham-Summers-Bridge-Bedroom-1-shot-2-scaled.jpg","Staged showhome bedroom."
"Walkers Glade","The Evesham","4","https://www.anwylhomes.co.uk/our-developments/walkers-glade/evesham-17/","images/0c1ea09c3218cb3b81b6639be49f472f64bed8962cd1e32a72c16231c39b48af.jpg","https://www.anwylhomes.co.uk/app/uploads/2023/11/Evesham-Summers-Bridge-bedroom-1-scaled.jpg","Staged showhome bedroom."
"Walkers Glade","The Evesham","4","https://www.anwylhomes.co.uk/our-developments/walkers-glade/evesham-17/","images/ca6dd0533a946e77afdf3640666b70e7a0bc13e50a14d64906648ce712501c3c.jpg","https://www.anwylhomes.co.uk/app/uploads/2023/11/Evesham-Summers-Bridge-ensuite-scaled.jpg","Staged showhome bathroom."
"Walkers Glade","The Evesham","4","https://www.anwylhomes.co.uk/our-developments/walkers-glade/evesham-17/","images/a22887c241d72ef28d88bbd00f7391a1219bafe32e33239c72d03ec9b0eb50d5.png","https://www.anwylhomes.co.uk/app/uploads/2023/11/Evesham_3_Bedroom2.png","Staged showhome interior space."
"Walkers Glade","The Evesham","4","https://www.anwylhomes.co.uk/our-developments/walkers-glade/evesham-17/","images/ee2fd42aed3985f014b912e46342b6a5eecda98adb087ebec81d762d8ea347b4.png","https://www.anwylhomes.co.uk/app/uploads/2023/11/Evesham_4_Bedroom1.png","Staged showhome interior space."
"Walkers Glade","The Evesham","4","https://www.anwylhomes.co.uk/our-developments/walkers-glade/evesham-17/","images/614e1564c57935acad6b6b7b50596c174de70a2506ae3c9b891b79264f7d3b3a.jpg","https://www.anwylhomes.co.uk/app/uploads/2023/11/Evesham-Summers-Bridge-Bathroom-scaled.jpg","Staged showhome bathroom."
"Walkers Glade","The Evesham","4","https://www.anwylhomes.co.uk/our-developments/walkers-glade/evesham-17/","images/21c895b9658bf92ba4c7e20807b3f672a60f6419f209b695ee71cf3899130494.jpg","https://www.anwylhomes.co.uk/app/uploads/2023/11/Evesham-Summers-Bridge-Bathroom-shot-2-scaled.jpg","Staged showhome bathroom."
"Walkers Glade","The Epsom","3","https://www.anwylhomes.co.uk/our-developments/walkers-glade/epsom-4/","images/ee1a0795d698152184004dd7d3130cfdb59d724dfceda8c742056cd6bf3504c1.png","https://www.anwylhomes.co.uk/app/uploads/2023/11/AH_CF_Epsom_6_Kitchen.png","Staged showhome interior space."
"Walkers Glade","The Epsom","3","https://www.anwylhomes.co.uk/our-developments/walkers-glade/epsom-4/","images/b06a3b1b9745cb6a5d33dfad2f55cdd049d2888533e2d55cb61d97c4c8dce1a3.png","https://www.anwylhomes.co.uk/app/uploads/2023/11/AH_CF_Epsom_7_Kitchen.png","Staged showhome interior space."
"Walkers Glade","The Epsom","3","https://www.anwylhomes.co.uk/our-developments/walkers-glade/epsom-4/","images/6ca4650fc6bdc97dea8d8dfb7e3ef5005d2002e8fcffbfeb3fdf52e8715fb753.png","https://www.anwylhomes.co.uk/app/uploads/2023/11/AH_CF_Epsom_10_LivingRoom.png","Staged showhome interior space."
"Walkers Glade","The Epsom","3","https://www.anwylhomes.co.uk/our-developments/walkers-glade/epsom-4/","images/d0fd5a620ea1e2f5128f64d8acde495c1c536928e191043f7d55c8deb6571d3c.png","https://www.anwylhomes.co.uk/app/uploads/2023/11/AH_CF_Epsom_1_Bedroom2.png","Staged showhome interior space."
"Walkers Glade","The Epsom","3","https://www.anwylhomes.co.uk/our-developments/walkers-glade/epsom-4/","images/10767f3add4620803509b0692f265e32f508455d617778d99a81d6cf8a026255.png","https://www.anwylhomes.co.uk/app/uploads/2023/11/AH_CF_Epsom_13_MasterBedroom.png","Staged showhome interior space."
"Walkers Glade","The Epsom","3","https://www.anwylhomes.co.uk/our-developments/walkers-glade/epsom-4/","images/906eb6810745f4b7d5235ed076cf7054bd7588d063e57bb07530caf74e23f9c8.png","https://www.anwylhomes.co.uk/app/uploads/2023/11/AH_CF_Epsom_3_Bedroom3.png","Staged showhome interior space."
"Walkers Glade","The Epsom","3","https://www.anwylhomes.co.uk/our-developments/walkers-glade/epsom-4/","images/d64a0b9ce9bcf9f50f4eb0303908ffa441172c18bd80881302a660bfe7141cd8.png","https://www.anwylhomes.co.uk/app/uploads/2023/11/AH_CF_Epsom_2_Bathroom.png","Staged showhome interior space."
"Walkers Glade","The Bretton","3","https://www.anwylhomes.co.uk/our-developments/walkers-glade/bretton-17/","images/707767af16489597f184071416f5640834bc9d89869acc3be1ae8f70d00f6ed0.jpg","https://www.anwylhomes.co.uk/app/uploads/2024/01/6878-scaled.jpg","Staged showhome interior space."
"Walkers Glade","The Bretton","3","https://www.anwylhomes.co.uk/our-developments/walkers-glade/bretton-17/","images/be33eb58ec489b65bb1475968dc12ca9050b80b7425973550c325d14326aca63.jpg","https://www.anwylhomes.co.uk/app/uploads/2024/01/6833-scaled.jpg","Staged showhome interior space."
"Walkers Glade","The Bretton","3","https://www.anwylhomes.co.uk/our-developments/walkers-glade/bretton-17/","images/9eca1ecee3535f6bc6826d04ef72d1d6210ed7394cd4c681a005a5d67b22ceb5.jpg","https://www.anwylhomes.co.uk/app/uploads/2024/01/6949-scaled.jpg","Staged showhome interior space."
"Walkers Glade","The Bretton","3","https://www.anwylhomes.co.uk/our-developments/walkers-glade/bretton-17/","images/7cc7118851b65de8c9f044c6f25139305985b09bb0e03257d73dc782d96107e3.jpg","https://www.anwylhomes.co.uk/app/uploads/2024/01/6919-scaled.jpg","Staged showhome interior space."
"Walkers Glade","The Bretton","3","https://www.anwylhomes.co.uk/our-developments/walkers-glade/bretton-17/","images/f55d9b76460ff2c7b68eb78255cb2b0e3d097f99ab8532566c3e109711e3070c.jpg","https://www.anwylhomes.co.uk/app/uploads/2024/01/6935-scaled.jpg","Staged showhome interior space."
"Walkers Glade","The Bretton","3","https://www.anwylhomes.co.uk/our-developments/walkers-glade/bretton-17/","images/d9515e19d716730c9dfdf1782cc873d889ad2688ed7c43fe9703a3f03254ff03.jpg","https://www.anwylhomes.co.uk/app/uploads/2024/01/6944-scaled.jpg","Staged showhome interior space."
"Walkers Glade","The Bretton","3","https://www.anwylhomes.co.uk/our-developments/walkers-glade/bretton-17/","images/0a55128be94a6c5315e16e1deebc82f244eb53801ff1589c147505aa9ef8c462.jpg","https://www.anwylhomes.co.uk/app/uploads/2024/01/6987-scaled.jpg","Staged showhome interior space."
"Walkers Glade","The Bretton","3","https://www.anwylhomes.co.uk/our-developments/walkers-glade/bretton-17/","images/e798255760f94adc108f3c5b310724dbe12e0d8bf65c97d1d8d5f1491b95f96b.jpg","https://www.anwylhomes.co.uk/app/uploads/2024/01/6956-scaled.jpg","Staged showhome interior space."
"Walkers Glade","The Bretton","3","https://www.anwylhomes.co.uk/our-developments/walkers-glade/bretton-17/","images/adf833a4c394539c94efce78ad82c98bb4f918be58b4da4f4dda271d9369c3fb.jpg","https://www.anwylhomes.co.uk/app/uploads/2024/01/6907-scaled.jpg","Staged showhome interior space."
"Sandon Gates","The Sankey","2","https://www.anwylhomes.co.uk/our-developments/sandon-gates/sankey-2/","images/17dd7e0a577916651d83334a79f51fb64000f17b60aefb47cc54b5831200c0c3.jpg","https://www.anwylhomes.co.uk/app/uploads/2025/04/TSC_AnwylNovemberXMAS-38.jpg","Staged showhome interior space."
"Sandon Gates","The Longford","3","https://www.anwylhomes.co.uk/our-developments/sandon-gates/longford-4/","images/17dd7e0a577916651d83334a79f51fb64000f17b60aefb47cc54b5831200c0c3.jpg","https://www.anwylhomes.co.uk/app/uploads/2025/04/TSC_AnwylNovemberXMAS-38.jpg","Staged showhome interior space."
"Sandon Gates","The Chapelford","3","https://www.anwylhomes.co.uk/our-developments/sandon-gates/chapelford-2/","images/426b0296517d786782427a83a8753e84e4b35719a770f0f67bed6e6b0d4a1888.jpg","https://www.anwylhomes.co.uk/app/uploads/2023/11/6511-1-scaled.jpg","Staged showhome interior space."
"Sandon Gates","The Chapelford","3","https://www.anwylhomes.co.uk/our-developments/sandon-gates/chapelford-2/","images/17dd7e0a577916651d83334a79f51fb64000f17b60aefb47cc54b5831200c0c3.jpg","https://www.anwylhomes.co.uk/app/uploads/2025/04/TSC_AnwylNovemberXMAS-38.jpg","Staged showhome interior space."