"development","house_type","bedrooms","property_url","image_file","image_url","reason"
"Conon Woods","Tweed · Plot 128","4","https://www.tulloch-homes.com/homes-for-sale/12-conon-bridge/786-tweed","images/54eafcd7d5a08956dd4cd5797296c87b41cc7f0311f0b5f7a8b47fe4372ff7e8.jpg","https://www.tulloch-homes.com/assets/000/003/101/Tweed_Kitchen_Dining_Room_1_OPP_gallery_landscape_image.jpg?1738059689","This is a photograph of a real kitchen."
"Conon Woods","Tweed · Plot 128","4","https://www.tulloch-homes.com/homes-for-sale/12-conon-bridge/786-tweed","images/6e47e92dc187f5ca27f36108814b8eb062622807b196c0fc27385274e9cbcba8.jpg","https://www.tulloch-homes.com/assets/000/003/102/Tweed_Kitchen_Dining_Room_2_OPP_gallery_landscape_image.jpg?1769605881","This is a photograph of a real dining room."
"Conon Woods","Tweed · Plot 128","4","https://www.tulloch-homes.com/homes-for-sale/12-conon-bridge/786-tweed","images/583b9e8a0800e18e0cb6702568fe86deaab1a989a2d69b80d866882f8d4e97b4.jpg","https://www.tulloch-homes.com/assets/000/003/106/Tweed_Lounge_3_OPP_gallery_landscape_image.jpg?1769605407","This is a photograph of a real living room."
"Conon Woods","Tweed · Plot 128","4","https://www.tulloch-homes.com/homes-for-sale/12-conon-bridge/786-tweed","images/b51d5d435826ab1d2943a5e0114270c198e9be635f43c61d08bcc26dcab6dd32.jpg","https://www.tulloch-homes.com/assets/000/003/104/Tweed_Lounge__1_OPP_gallery_landscape_image.jpg?1738059652","This is a photograph of a real living room."
"Conon Woods","Tweed · Plot 128","4","https://www.tulloch-homes.com/homes-for-sale/12-conon-bridge/786-tweed","images/6e9df42cefd0e79f3f15cb0226c73aad3a62ec968a76bad4b440c78bc29e9bb1.jpg","https://www.tulloch-homes.com/assets/000/000/042/Maples_Tweed_Nobilia_Kitchen_OPP_gallery_landscape_image.jpg?1715680491","This is a photograph of a real kitchen and dining space."
"Conon Woods","Tweed · Plot 128","4","https://www.tulloch-homes.com/homes-for-sale/12-conon-bridge/786-tweed","images/559551f819cbfce3ceb0a09fe7576007d2539a6213ecb18769d3c6348e113406.jpg","https://www.tulloch-homes.com/assets/000/003/097/Tweed_Bedroom_1_OPP_gallery_landscape_image.jpg?1738059606","This is a photograph of a real bedroom."
"Conon Woods","Tweed · Plot 128","4","https://www.tulloch-homes.com/homes-for-sale/12-conon-bridge/786-tweed","images/cc3b3f5ff62a0ed81fd95be324d98bf2b70d68b47f97f2cfa34f5cbd07ae3cb8.jpg","https://www.tulloch-homes.com/assets/000/003/103/Tweed_Kitchen_Dining_Room_3_OPP_gallery_landscape_image.jpg?1738059659","This is a photograph of a real dining room."
"Conon Woods","Tweed · Plot 128","4","https://www.tulloch-homes.com/homes-for-sale/12-conon-bridge/786-tweed","images/8b5d185cb9a2054befd4cca91d3676797db7c66aa73de816cbb7203bf004735b.jpg","https://www.tulloch-homes.com/assets/000/003/105/Tweed_Lounge_2_OPP_gallery_landscape_image.jpg?1738059644","This is a photograph of a real living room."
"Conon Woods","Tweed · Plot 128","4","https://www.tulloch-homes.com/homes-for-sale/12-conon-bridge/786-tweed","images/c064240516769f2898c01aa1ae8eeec00754540baac478a17894ee076f2d9f31.jpg","https://www.tulloch-homes.com/assets/000/003/096/Tweed_Bedroom_2_OPP_gallery_landscape_image.jpg?1738059616","This is a photograph of a real bedroom."
"Conon Woods","Tweed · Plot 128","4","https://www.tulloch-homes.com/homes-for-sale/12-conon-bridge/786-tweed","images/cd36e243e0cd8f87e31e5b3a206baf879b9aeb42008c2ce3560fafe203fdc7ea.jpg","https://www.tulloch-homes.com/assets/000/003/098/Tweed_Bedroom_3_OPP_gallery_landscape_image.jpg?1738059624","This is a photograph of a real bedroom."
"Conon Woods","Tweed · Plot 128","4","https://www.tulloch-homes.com/homes-for-sale/12-conon-bridge/786-tweed","images/a27b2e68eeeb3cb7386f153933fb13c46b3af1b020c4234448fb48f35a78fa9a.jpg","https://www.tulloch-homes.com/assets/000/003/099/Tweed_Bedroom_4_OPP_gallery_landscape_image.jpg?1738059709","This is a photograph of a real study/office."
"Conon Woods","Tweed · Plot 128","4","https://www.tulloch-homes.com/homes-for-sale/12-conon-bridge/786-tweed","images/45484c2fcdf57a21f02d5260c6cafcc882bda339712180398df9a8db5f3c3c81.jpg","https://www.tulloch-homes.com/assets/000/003/094/Tweed_Bathroom_OPP_gallery_landscape_image.jpg?1738059593","This is a photograph of a real bathroom."
"Conon Woods","Lochalsh · Plot 131","4","https://www.tulloch-homes.com/homes-for-sale/12-conon-bridge/726-lochalsh","images/d2f092045d38a26acb10f82522bf217eab5f44e8257853a2cc4591eee5e9fc26.jpg","https://www.tulloch-homes.com/assets/000/001/378/Maples_Lochalsh_Nobilia_Kitchen_OPP_gallery_landscape_image.jpg?1715680198","This is a photograph-style render of a kitchen."
"Conon Woods","Lochalsh · Plot 131","4","https://www.tulloch-homes.com/homes-for-sale/12-conon-bridge/726-lochalsh","images/f84f2f55aadccac8c70cc38276ca8630f62f136bbe97fffe2b09601d7a415eb2.jpg","https://www.tulloch-homes.com/assets/000/001/382/MAPLES_C2_Lochalsh_DINING_ROOM_OPP_gallery_landscape_image.jpg?1684848225","This is a photograph-style render of a dining room."
"Conon Woods","Lochalsh · Plot 131","4","https://www.tulloch-homes.com/homes-for-sale/12-conon-bridge/726-lochalsh","images/152d2aa10a11ffbfcec96ff9df4701357f35eeea639708de7fe3439221a811df.jpg","https://www.tulloch-homes.com/assets/000/001/395/Maples_C2_Lochalsh_KITCHEN_DINER_OPP_gallery_landscape_image.jpg?1759227766","This is a photograph-style render of an open-plan living space."
"Conon Woods","Lochalsh · Plot 131","4","https://www.tulloch-homes.com/homes-for-sale/12-conon-bridge/726-lochalsh","images/64a2c822b6cb656d4ce7cc7a39084ebb087120fecf90a3dddb59f5bd00fd2795.jpg","https://www.tulloch-homes.com/assets/000/001/379/MAPLES_C2_Lochalsh_LOUNGE_OPP_gallery_landscape_image.jpg?1684848057","This is a photograph-style render of a living room."
"Conon Woods","Lochalsh · Plot 131","4","https://www.tulloch-homes.com/homes-for-sale/12-conon-bridge/726-lochalsh","images/adc26a01cb8f4ccdc4b2a635f22ae1beeeb642e6e2cb9d0e034ef7b88f31c356.jpg","https://www.tulloch-homes.com/assets/000/001/373/MAPLES_C2_Lochalsh_BED_1_AS_gallery_landscape_image.jpg?1684848086","This is a photograph of a furnished bedroom."
"Conon Woods","Lochalsh · Plot 131","4","https://www.tulloch-homes.com/homes-for-sale/12-conon-bridge/726-lochalsh","images/d737d890ceffec483673cbd84c117b38b0daee6d2d6fef64032da23e879add7e.jpg","https://www.tulloch-homes.com/assets/000/001/380/MAPLES_C2_Lochalsh_BED_2_OPP_gallery_landscape_image.jpg?1684848157","This is a photograph of a furnished bedroom."
"Conon Woods","Tweed · Plot 130","4","https://www.tulloch-homes.com/homes-for-sale/12-conon-bridge/725-tweed","images/54eafcd7d5a08956dd4cd5797296c87b41cc7f0311f0b5f7a8b47fe4372ff7e8.jpg","https://www.tulloch-homes.com/assets/000/003/101/Tweed_Kitchen_Dining_Room_1_OPP_gallery_landscape_image.jpg?1738059689","This is a photograph of a real kitchen."
"Conon Woods","Tweed · Plot 130","4","https://www.tulloch-homes.com/homes-for-sale/12-conon-bridge/725-tweed","images/6e47e92dc187f5ca27f36108814b8eb062622807b196c0fc27385274e9cbcba8.jpg","https://www.tulloch-homes.com/assets/000/003/102/Tweed_Kitchen_Dining_Room_2_OPP_gallery_landscape_image.jpg?1769605881","This is a photograph of a real dining room."
"Conon Woods","Tweed · Plot 130","4","https://www.tulloch-homes.com/homes-for-sale/12-conon-bridge/725-tweed","images/583b9e8a0800e18e0cb6702568fe86deaab1a989a2d69b80d866882f8d4e97b4.jpg","https://www.tulloch-homes.com/assets/000/003/106/Tweed_Lounge_3_OPP_gallery_landscape_image.jpg?1769605407","This is a photograph of a real living room."
"Conon Woods","Tweed · Plot 130","4","https://www.tulloch-homes.com/homes-for-sale/12-conon-bridge/725-tweed","images/b51d5d435826ab1d2943a5e0114270c198e9be635f43c61d08bcc26dcab6dd32.jpg","https://www.tulloch-homes.com/assets/000/003/104/Tweed_Lounge__1_OPP_gallery_landscape_image.jpg?1738059652","This is a photograph of a real living room."
"Conon Woods","Tweed · Plot 130","4","https://www.tulloch-homes.com/homes-for-sale/12-conon-bridge/725-tweed","images/6e9df42cefd0e79f3f15cb0226c73aad3a62ec968a76bad4b440c78bc29e9bb1.jpg","https://www.tulloch-homes.com/assets/000/000/042/Maples_Tweed_Nobilia_Kitchen_OPP_gallery_landscape_image.jpg?1715680491","This is a photograph of a real kitchen and dining space."
"Conon Woods","Tweed · Plot 130","4","https://www.tulloch-homes.com/homes-for-sale/12-conon-bridge/725-tweed","images/559551f819cbfce3ceb0a09fe7576007d2539a6213ecb18769d3c6348e113406.jpg","https://www.tulloch-homes.com/assets/000/003/097/Tweed_Bedroom_1_OPP_gallery_landscape_image.jpg?1738059606","This is a photograph of a real bedroom."
"Conon Woods","Tweed · Plot 130","4","https://www.tulloch-homes.com/homes-for-sale/12-conon-bridge/725-tweed","images/cc3b3f5ff62a0ed81fd95be324d98bf2b70d68b47f97f2cfa34f5cbd07ae3cb8.jpg","https://www.tulloch-homes.com/assets/000/003/103/Tweed_Kitchen_Dining_Room_3_OPP_gallery_landscape_image.jpg?1738059659","This is a photograph of a real dining room."
"Conon Woods","Tweed · Plot 130","4","https://www.tulloch-homes.com/homes-for-sale/12-conon-bridge/725-tweed","images/8b5d185cb9a2054befd4cca91d3676797db7c66aa73de816cbb7203bf004735b.jpg","https://www.tulloch-homes.com/assets/000/003/105/Tweed_Lounge_2_OPP_gallery_landscape_image.jpg?1738059644","This is a photograph of a real living room."
"Conon Woods","Tweed · Plot 130","4","https://www.tulloch-homes.com/homes-for-sale/12-conon-bridge/725-tweed","images/c064240516769f2898c01aa1ae8eeec00754540baac478a17894ee076f2d9f31.jpg","https://www.tulloch-homes.com/assets/000/003/096/Tweed_Bedroom_2_OPP_gallery_landscape_image.jpg?1738059616","This is a photograph of a real bedroom."
"Conon Woods","Tweed · Plot 130","4","https://www.tulloch-homes.com/homes-for-sale/12-conon-bridge/725-tweed","images/cd36e243e0cd8f87e31e5b3a206baf879b9aeb42008c2ce3560fafe203fdc7ea.jpg","https://www.tulloch-homes.com/assets/000/003/098/Tweed_Bedroom_3_OPP_gallery_landscape_image.jpg?1738059624","This is a photograph of a real bedroom."
"Conon Woods","Tweed · Plot 130","4","https://www.tulloch-homes.com/homes-for-sale/12-conon-bridge/725-tweed","images/a27b2e68eeeb3cb7386f153933fb13c46b3af1b020c4234448fb48f35a78fa9a.jpg","https://www.tulloch-homes.com/assets/000/003/099/Tweed_Bedroom_4_OPP_gallery_landscape_image.jpg?1738059709","This is a photograph of a real study/office."
"Conon Woods","Tweed · Plot 130","4","https://www.tulloch-homes.com/homes-for-sale/12-conon-bridge/725-tweed","images/45484c2fcdf57a21f02d5260c6cafcc882bda339712180398df9a8db5f3c3c81.jpg","https://www.tulloch-homes.com/assets/000/003/094/Tweed_Bathroom_OPP_gallery_landscape_image.jpg?1738059593","This is a photograph of a real bathroom."
"Conon Woods","Lochalsh · Plot 133","4","https://www.tulloch-homes.com/homes-for-sale/12-conon-bridge/728-lochalsh","images/f237b62f0cd2b180e0b62eed8066106f876146af5d80d936db104daff45190e7.jpg","https://www.tulloch-homes.com/assets/000/001/372/Maples_Lochalsh_Nobilia_Kitchen_AS_gallery_landscape_image.jpg?1715680154","This is a photograph of a furnished kitchen."
"Conon Woods","Lochalsh · Plot 133","4","https://www.tulloch-homes.com/homes-for-sale/12-conon-bridge/728-lochalsh","images/1d75dce4479b92b57ac6c7b600479d3c33b15b13083c1a4b4ae778a872535b01.jpg","https://www.tulloch-homes.com/assets/000/001/376/MAPLES_C2_Lochalsh_DINING_ROOM_AS_gallery_landscape_image.jpg?1684848179","This is a photograph of a furnished dining room."
"Conon Woods","Lochalsh · Plot 133","4","https://www.tulloch-homes.com/homes-for-sale/12-conon-bridge/728-lochalsh","images/26eb748284ef3c3f87231ff8c7ff7e02eeb676c4897a7c938bfc9a9473ccd579.jpg","https://www.tulloch-homes.com/assets/000/001/377/Maples_C2_Lochalsh_KITCHEN_DINER_AS_gallery_landscape_image.jpg?1684922547","This is a real room interior showing a combined kitchen and living space."
"Conon Woods","Lochalsh · Plot 133","4","https://www.tulloch-homes.com/homes-for-sale/12-conon-bridge/728-lochalsh","images/5b4cffd1604574bf44fbf2ddd2a001aacf45917169939eb303e8be6e4b3fe3f6.jpg","https://www.tulloch-homes.com/assets/000/001/375/MAPLES_C2_Lochalsh_LOUNGE_AS_gallery_landscape_image.jpg?1684848242","This is a real room interior showing a living room."
"Conon Woods","Lochalsh · Plot 133","4","https://www.tulloch-homes.com/homes-for-sale/12-conon-bridge/728-lochalsh","images/0c0f0f022893c9cd15b3860fe55e05f8248b31c44ac6eb50fe2b73cfd4bbcfd4.jpg","https://www.tulloch-homes.com/assets/000/001/381/MAPLES_C2_Lochalsh_BED_1_OPP_gallery_landscape_image.jpg?1684848110","This is a real room interior showing a bedroom."
"Conon Woods","Lochalsh · Plot 133","4","https://www.tulloch-homes.com/homes-for-sale/12-conon-bridge/728-lochalsh","images/4212ddd3f68eb6434710f1b020058465f0270cb71c8b5f515cf8597ec11608c6.jpg","https://www.tulloch-homes.com/assets/000/001/374/MAPLES_C2_Lochalsh_BED_2_AS_gallery_landscape_image.jpg?1684848140","This is a real room interior showing a bedroom."
"Conon Woods","Etive · Plot 135","4","https://www.tulloch-homes.com/homes-for-sale/12-conon-bridge/730-etive","images/448954151376bcec091b9540c8afe0040f93d81615c81f09840590907b6e41e1.jpg","https://www.tulloch-homes.com/assets/000/004/266/tulloch-homes-parks-view-etive-plot-313-photos-apr-26-27_gallery_landscape_image.jpg?1776784679","The image shows a furnished living area with seating and decor."
"Conon Woods","Etive · Plot 135","4","https://www.tulloch-homes.com/homes-for-sale/12-conon-bridge/730-etive","images/b00a12e1bdac15f1733e35a868b6ea648e81bf0072bb23b534e09d7ebdaf0176.jpg","https://www.tulloch-homes.com/assets/000/004/269/tulloch-homes-parks-view-etive-plot-313-photos-apr-26-33_gallery_landscape_image.jpg?1776784463","The image shows a furnished living area with seating."
"Conon Woods","Etive · Plot 135","4","https://www.tulloch-homes.com/homes-for-sale/12-conon-bridge/730-etive","images/27b8d8f1688ff7626e856b70e2f42fff7168d243dd2a850cd16260a9770950c3.jpg","https://www.tulloch-homes.com/assets/000/004/270/tulloch-homes-parks-view-etive-plot-313-photos-apr-26-39_gallery_landscape_image.jpg?1776784469","The image shows a kitchen and dining area."
"Conon Woods","Etive · Plot 135","4","https://www.tulloch-homes.com/homes-for-sale/12-conon-bridge/730-etive","images/3262db27f057ce2643f9789a495c2a0007ac84ce8650cdff70d18f821ee1c131.jpg","https://www.tulloch-homes.com/assets/000/004/271/tulloch-homes-parks-view-etive-plot-313-photos-apr-26-43_gallery_landscape_image.jpg?1776784474","The image shows a kitchen space."
"Conon Woods","Etive · Plot 135","4","https://www.tulloch-homes.com/homes-for-sale/12-conon-bridge/730-etive","images/3ef74e64de67c30b1bcfee7a1dc5a692bdf721187340d18b1b392fd00be16e0c.jpg","https://www.tulloch-homes.com/assets/000/004/274/tulloch-homes-parks-view-etive-plot-313-photos-apr-26-58_gallery_landscape_image.jpg?1776784493","The image shows a dining room setup."
"Conon Woods","Etive · Plot 135","4","https://www.tulloch-homes.com/homes-for-sale/12-conon-bridge/730-etive","images/9be91ea2fda5113f345ce09b7c241bba8e183e23e29997d4e393c5c0eaac7bad.jpg","https://www.tulloch-homes.com/assets/000/004/276/tulloch-homes-parks-view-etive-plot-313-photos-apr-26-62_gallery_landscape_image.jpg?1776784508","The image shows a utility or entrance area."
"Conon Woods","Etive · Plot 135","4","https://www.tulloch-homes.com/homes-for-sale/12-conon-bridge/730-etive","images/3d1ac9626f776b512cd27f8cd807cda221877aaff6f0b8b1599e75baedaf8997.jpg","https://www.tulloch-homes.com/assets/000/004/275/tulloch-homes-parks-view-etive-plot-313-photos-apr-26-35_gallery_landscape_image.jpg?1776784516","The image shows a residential hallway."
"Conon Woods","Etive · Plot 135","4","https://www.tulloch-homes.com/homes-for-sale/12-conon-bridge/730-etive","images/3c4bceeedcf18438b1758e4fef6e089d8f62c23caafc0bb249cf5a0b76f68beb.jpg","https://www.tulloch-homes.com/assets/000/004/281/tulloch-homes-parks-view-etive-plot-313-photos-apr-26-104_gallery_landscape_image.jpg?1776784564","The image shows a furnished bedroom."
"Conon Woods","Etive · Plot 135","4","https://www.tulloch-homes.com/homes-for-sale/12-conon-bridge/730-etive","images/affcc493d80beba3198ebb25cb702915a3aa4abbfece5122f70d168bd329f261.jpg","https://www.tulloch-homes.com/assets/000/004/282/tulloch-homes-parks-view-etive-plot-313-photos-apr-26-112_gallery_landscape_image.jpg?1776784569","This is a photograph of a furnished bedroom."
"Conon Woods","Etive · Plot 135","4","https://www.tulloch-homes.com/homes-for-sale/12-conon-bridge/730-etive","images/1e91c1ee31894628a4d5bf6ed274d9f36faa1c7fccf2667c1e97578eca043b61.jpg","https://www.tulloch-homes.com/assets/000/004/283/tulloch-homes-parks-view-etive-plot-313-photos-apr-26-113_gallery_landscape_image.jpg?1776784574","This is a photograph of a bathroom."
"Conon Woods","Etive · Plot 135","4","https://www.tulloch-homes.com/homes-for-sale/12-conon-bridge/730-etive","images/ae92086f8ae5478371e0865b317c2010fd9ecc09667fcc9bd64f2f02c0ffa812.jpg","https://www.tulloch-homes.com/assets/000/004/284/tulloch-homes-parks-view-etive-plot-313-photos-apr-26-91_gallery_landscape_image.jpg?1776784580","This is a photograph of a furnished bedroom."
"Conon Woods","Etive · Plot 135","4","https://www.tulloch-homes.com/homes-for-sale/12-conon-bridge/730-etive","images/eb9df11b08cb53f88c95c3dbf568607ce79082aa51b1ce2fb19503e015d1a14c.jpg","https://www.tulloch-homes.com/assets/000/004/287/tulloch-homes-parks-view-etive-plot-313-photos-apr-26-76_gallery_landscape_image.jpg?1776784825","This is a photograph of a bedroom that includes a desk."
"Conon Woods","Etive · Plot 135","4","https://www.tulloch-homes.com/homes-for-sale/12-conon-bridge/730-etive","images/ff29431fe83a90bcd903ec8e5f3dab05e5d7c846e508205594bc6d2e681ec856.jpg","https://www.tulloch-homes.com/assets/000/004/288/tulloch-homes-parks-view-etive-plot-313-photos-apr-26-83_gallery_landscape_image.jpg?1776784831","This is a photograph of a furnished bedroom."
"Conon Woods","Etive · Plot 135","4","https://www.tulloch-homes.com/homes-for-sale/12-conon-bridge/730-etive","images/76b0e06c018820d75d3ebdab1e5ca66b2131ef2beb740f2903e4efecd2ff8947.jpg","https://www.tulloch-homes.com/assets/000/004/289/tulloch-homes-parks-view-etive-plot-313-photos-apr-26-89_gallery_landscape_image.jpg?1776784362","This is a photograph of a bathroom."
"Conon Woods","Tarvie · Plot 136","4","https://www.tulloch-homes.com/homes-for-sale/12-conon-bridge/731-tarvie","images/29bdff87d6fb82f19e02393a15e6649062a0dad4c9eed873524c2ac66ecd3bdd.jpg","https://www.tulloch-homes.com/assets/000/004/507/Tarvie_4_AS_gallery_landscape_image.jpg?1790841468","This is a photograph of a furnished living room."
"Conon Woods","Tarvie · Plot 136","4","https://www.tulloch-homes.com/homes-for-sale/12-conon-bridge/731-tarvie","images/49e3aa11ec2bdb5d183564c9a5c998f008e628dba40a873d70e628eb5fcae07c.jpg","https://www.tulloch-homes.com/assets/000/004/488/Tarvie_10_AS_gallery_landscape_image.jpg?1790782347","This is a photograph of a dining room."
"Conon Woods","Tarvie · Plot 136","4","https://www.tulloch-homes.com/homes-for-sale/12-conon-bridge/731-tarvie","images/3ebcf32ea08dd857edf563870023b5788739468a1f03c111a7cb1fa522346d4a.jpg","https://www.tulloch-homes.com/assets/000/004/497/Tarvie_19_AS_gallery_landscape_image.jpg?1790782451","This is a photograph of a bedroom."
"Conon Woods","Tarvie · Plot 136","4","https://www.tulloch-homes.com/homes-for-sale/12-conon-bridge/731-tarvie","images/de7f5f5c2fb5756a34ddc6d0d3df3640d2783d1ca43cfcc8afa38519373dc172.jpg","https://www.tulloch-homes.com/assets/000/004/490/Tarvie_12_AS_gallery_landscape_image.jpg?1790842169","This is a photograph of a dining room."
"Conon Woods","Tarvie · Plot 136","4","https://www.tulloch-homes.com/homes-for-sale/12-conon-bridge/731-tarvie","images/88070d2a1326b61006ddc9e2ef715de77db3c52e80eb40d260dbad1f9fefabc3.jpg","https://www.tulloch-homes.com/assets/000/004/491/Tarvie_13_AS_gallery_landscape_image.jpg?1790782382","This is a photograph of a kitchen."
"Conon Woods","Tarvie · Plot 136","4","https://www.tulloch-homes.com/homes-for-sale/12-conon-bridge/731-tarvie","images/ae4a23f5fe0694b64be7bf0dcb1726da91ac7939040e9599b3720d148412abad.jpg","https://www.tulloch-homes.com/assets/000/004/489/Tarvie_11_AS_gallery_landscape_image.jpg?1790782359","This is a photograph of a dining room."
"Conon Woods","Tarvie · Plot 136","4","https://www.tulloch-homes.com/homes-for-sale/12-conon-bridge/731-tarvie","images/5bbba35bf1af230e611d81bc1bacd3f41675e4af3f17ee794f1de2283774aabb.jpg","https://www.tulloch-homes.com/assets/000/004/492/Tarvie_14_AS_gallery_landscape_image.jpg?1790782391","This is a functional bathroom/cloakroom space."
"Conon Woods","Tarvie · Plot 136","4","https://www.tulloch-homes.com/homes-for-sale/12-conon-bridge/731-tarvie","images/438ef4329bac54521256f70edba1c3ab1552b35b0748a54795158bd611bca2fd.jpg","https://www.tulloch-homes.com/assets/000/004/500/Tarvie_22_AS_gallery_landscape_image.jpg?1790782502","This is a furnished bedroom."
"Conon Woods","Tarvie · Plot 136","4","https://www.tulloch-homes.com/homes-for-sale/12-conon-bridge/731-tarvie","images/551159ae3a07dbcbb4d5520d3059a11dcab475971fd1c0cad18217ae3a026b39.jpg","https://www.tulloch-homes.com/assets/000/004/501/Tarvie_23_gallery_landscape_image.jpg?1790782523","This is a furnished bedroom."
"Conon Woods","Tarvie · Plot 136","4","https://www.tulloch-homes.com/homes-for-sale/12-conon-bridge/731-tarvie","images/0bb0e65d351bceb3b8191cf935a3acb515c6d31deb2844c05497cb24401d8297.jpg","https://www.tulloch-homes.com/assets/000/004/502/Tarvie_24_gallery_landscape_image.jpg?1790782532","This is a furnished bedroom."
"Conon Woods","Tarvie · Plot 136","4","https://www.tulloch-homes.com/homes-for-sale/12-conon-bridge/731-tarvie","images/d19d65b57978535b69169461e323c36926b4a7e56293847407b67d71b774e730.jpg","https://www.tulloch-homes.com/assets/000/004/503/Tarvie_25_AS_gallery_landscape_image.jpg?1790782540","This is a functional bathroom."
"Conon Woods","Tarvie · Plot 136","4","https://www.tulloch-homes.com/homes-for-sale/12-conon-bridge/731-tarvie","images/5dbe89a73fcf043bed5b5a6278a9f0786afecca0c1fa9c87b16c5cb27038a99c.jpg","https://www.tulloch-homes.com/assets/000/004/484/Tarvie_6_AS_gallery_landscape_image.jpg?1790782592","This is a furnished living room."
"Conon Woods","Tarvie · Plot 136","4","https://www.tulloch-homes.com/homes-for-sale/12-conon-bridge/731-tarvie","images/f313f7b313976f636ca011d8e4fa68c44df6830ff33a4b4b4a4aa23ccb980577.jpg","https://www.tulloch-homes.com/assets/000/004/487/Tarvie_9_AS_gallery_landscape_image.jpg?1790782617","This is a kitchen and dining area."
"Conon Woods","Tarvie · Plot 136","4","https://www.tulloch-homes.com/homes-for-sale/12-conon-bridge/731-tarvie","images/9db677c45c250d8aaff5ea878fade61f7c695a57ed022d90d0541d527af33c0c.jpg","https://www.tulloch-homes.com/assets/000/004/506/Tarvie_3_AS_gallery_landscape_image.jpg?1790782552","This is a residential hallway and staircase."
"Conon Woods","Etive · Plot 117","4","https://www.tulloch-homes.com/homes-for-sale/12-conon-bridge/708-etive","images/448954151376bcec091b9540c8afe0040f93d81615c81f09840590907b6e41e1.jpg","https://www.tulloch-homes.com/assets/000/004/266/tulloch-homes-parks-view-etive-plot-313-photos-apr-26-27_gallery_landscape_image.jpg?1776784679","The image shows a furnished living area with seating and decor."
"Conon Woods","Etive · Plot 117","4","https://www.tulloch-homes.com/homes-for-sale/12-conon-bridge/708-etive","images/b00a12e1bdac15f1733e35a868b6ea648e81bf0072bb23b534e09d7ebdaf0176.jpg","https://www.tulloch-homes.com/assets/000/004/269/tulloch-homes-parks-view-etive-plot-313-photos-apr-26-33_gallery_landscape_image.jpg?1776784463","The image shows a furnished living area with seating."
"Conon Woods","Etive · Plot 117","4","https://www.tulloch-homes.com/homes-for-sale/12-conon-bridge/708-etive","images/27b8d8f1688ff7626e856b70e2f42fff7168d243dd2a850cd16260a9770950c3.jpg","https://www.tulloch-homes.com/assets/000/004/270/tulloch-homes-parks-view-etive-plot-313-photos-apr-26-39_gallery_landscape_image.jpg?1776784469","The image shows a kitchen and dining area."
"Conon Woods","Etive · Plot 117","4","https://www.tulloch-homes.com/homes-for-sale/12-conon-bridge/708-etive","images/3262db27f057ce2643f9789a495c2a0007ac84ce8650cdff70d18f821ee1c131.jpg","https://www.tulloch-homes.com/assets/000/004/271/tulloch-homes-parks-view-etive-plot-313-photos-apr-26-43_gallery_landscape_image.jpg?1776784474","The image shows a kitchen space."
"Conon Woods","Etive · Plot 117","4","https://www.tulloch-homes.com/homes-for-sale/12-conon-bridge/708-etive","images/3ef74e64de67c30b1bcfee7a1dc5a692bdf721187340d18b1b392fd00be16e0c.jpg","https://www.tulloch-homes.com/assets/000/004/274/tulloch-homes-parks-view-etive-plot-313-photos-apr-26-58_gallery_landscape_image.jpg?1776784493","The image shows a dining room setup."
"Conon Woods","Etive · Plot 117","4","https://www.tulloch-homes.com/homes-for-sale/12-conon-bridge/708-etive","images/9be91ea2fda5113f345ce09b7c241bba8e183e23e29997d4e393c5c0eaac7bad.jpg","https://www.tulloch-homes.com/assets/000/004/276/tulloch-homes-parks-view-etive-plot-313-photos-apr-26-62_gallery_landscape_image.jpg?1776784508","The image shows a utility or entrance area."
"Conon Woods","Etive · Plot 117","4","https://www.tulloch-homes.com/homes-for-sale/12-conon-bridge/708-etive","images/3d1ac9626f776b512cd27f8cd807cda221877aaff6f0b8b1599e75baedaf8997.jpg","https://www.tulloch-homes.com/assets/000/004/275/tulloch-homes-parks-view-etive-plot-313-photos-apr-26-35_gallery_landscape_image.jpg?1776784516","The image shows a residential hallway."
"Conon Woods","Etive · Plot 117","4","https://www.tulloch-homes.com/homes-for-sale/12-conon-bridge/708-etive","images/3c4bceeedcf18438b1758e4fef6e089d8f62c23caafc0bb249cf5a0b76f68beb.jpg","https://www.tulloch-homes.com/assets/000/004/281/tulloch-homes-parks-view-etive-plot-313-photos-apr-26-104_gallery_landscape_image.jpg?1776784564","The image shows a furnished bedroom."
"Conon Woods","Etive · Plot 117","4","https://www.tulloch-homes.com/homes-for-sale/12-conon-bridge/708-etive","images/affcc493d80beba3198ebb25cb702915a3aa4abbfece5122f70d168bd329f261.jpg","https://www.tulloch-homes.com/assets/000/004/282/tulloch-homes-parks-view-etive-plot-313-photos-apr-26-112_gallery_landscape_image.jpg?1776784569","This is a photograph of a furnished bedroom."
"Conon Woods","Etive · Plot 117","4","https://www.tulloch-homes.com/homes-for-sale/12-conon-bridge/708-etive","images/1e91c1ee31894628a4d5bf6ed274d9f36faa1c7fccf2667c1e97578eca043b61.jpg","https://www.tulloch-homes.com/assets/000/004/283/tulloch-homes-parks-view-etive-plot-313-photos-apr-26-113_gallery_landscape_image.jpg?1776784574","This is a photograph of a bathroom."
"Conon Woods","Etive · Plot 117","4","https://www.tulloch-homes.com/homes-for-sale/12-conon-bridge/708-etive","images/ae92086f8ae5478371e0865b317c2010fd9ecc09667fcc9bd64f2f02c0ffa812.jpg","https://www.tulloch-homes.com/assets/000/004/284/tulloch-homes-parks-view-etive-plot-313-photos-apr-26-91_gallery_landscape_image.jpg?1776784580","This is a photograph of a furnished bedroom."
"Conon Woods","Etive · Plot 117","4","https://www.tulloch-homes.com/homes-for-sale/12-conon-bridge/708-etive","images/eb9df11b08cb53f88c95c3dbf568607ce79082aa51b1ce2fb19503e015d1a14c.jpg","https://www.tulloch-homes.com/assets/000/004/287/tulloch-homes-parks-view-etive-plot-313-photos-apr-26-76_gallery_landscape_image.jpg?1776784825","This is a photograph of a bedroom that includes a desk."
"Conon Woods","Etive · Plot 117","4","https://www.tulloch-homes.com/homes-for-sale/12-conon-bridge/708-etive","images/ff29431fe83a90bcd903ec8e5f3dab05e5d7c846e508205594bc6d2e681ec856.jpg","https://www.tulloch-homes.com/assets/000/004/288/tulloch-homes-parks-view-etive-plot-313-photos-apr-26-83_gallery_landscape_image.jpg?1776784831","This is a photograph of a furnished bedroom."
"Conon Woods","Etive · Plot 117","4","https://www.tulloch-homes.com/homes-for-sale/12-conon-bridge/708-etive","images/76b0e06c018820d75d3ebdab1e5ca66b2131ef2beb740f2903e4efecd2ff8947.jpg","https://www.tulloch-homes.com/assets/000/004/289/tulloch-homes-parks-view-etive-plot-313-photos-apr-26-89_gallery_landscape_image.jpg?1776784362","This is a photograph of a bathroom."
"Conon Woods","Lochalsh · Plot 126","4","https://www.tulloch-homes.com/homes-for-sale/12-conon-bridge/721-lochalsh","images/f237b62f0cd2b180e0b62eed8066106f876146af5d80d936db104daff45190e7.jpg","https://www.tulloch-homes.com/assets/000/001/372/Maples_Lochalsh_Nobilia_Kitchen_AS_gallery_landscape_image.jpg?1715680154","This is a photograph of a furnished kitchen."
"Conon Woods","Lochalsh · Plot 126","4","https://www.tulloch-homes.com/homes-for-sale/12-conon-bridge/721-lochalsh","images/1d75dce4479b92b57ac6c7b600479d3c33b15b13083c1a4b4ae778a872535b01.jpg","https://www.tulloch-homes.com/assets/000/001/376/MAPLES_C2_Lochalsh_DINING_ROOM_AS_gallery_landscape_image.jpg?1684848179","This is a photograph of a furnished dining room."
"Conon Woods","Lochalsh · Plot 126","4","https://www.tulloch-homes.com/homes-for-sale/12-conon-bridge/721-lochalsh","images/26eb748284ef3c3f87231ff8c7ff7e02eeb676c4897a7c938bfc9a9473ccd579.jpg","https://www.tulloch-homes.com/assets/000/001/377/Maples_C2_Lochalsh_KITCHEN_DINER_AS_gallery_landscape_image.jpg?1684922547","This is a real room interior showing a combined kitchen and living space."
"Conon Woods","Lochalsh · Plot 126","4","https://www.tulloch-homes.com/homes-for-sale/12-conon-bridge/721-lochalsh","images/5b4cffd1604574bf44fbf2ddd2a001aacf45917169939eb303e8be6e4b3fe3f6.jpg","https://www.tulloch-homes.com/assets/000/001/375/MAPLES_C2_Lochalsh_LOUNGE_AS_gallery_landscape_image.jpg?1684848242","This is a real room interior showing a living room."
"Conon Woods","Lochalsh · Plot 126","4","https://www.tulloch-homes.com/homes-for-sale/12-conon-bridge/721-lochalsh","images/0c0f0f022893c9cd15b3860fe55e05f8248b31c44ac6eb50fe2b73cfd4bbcfd4.jpg","https://www.tulloch-homes.com/assets/000/001/381/MAPLES_C2_Lochalsh_BED_1_OPP_gallery_landscape_image.jpg?1684848110","This is a real room interior showing a bedroom."
"Conon Woods","Lochalsh · Plot 126","4","https://www.tulloch-homes.com/homes-for-sale/12-conon-bridge/721-lochalsh","images/4212ddd3f68eb6434710f1b020058465f0270cb71c8b5f515cf8597ec11608c6.jpg","https://www.tulloch-homes.com/assets/000/001/374/MAPLES_C2_Lochalsh_BED_2_AS_gallery_landscape_image.jpg?1684848140","This is a real room interior showing a bedroom."
"Conon Woods","Lochalsh · Plot 129","4","https://www.tulloch-homes.com/homes-for-sale/12-conon-bridge/724-lochalsh","images/d2f092045d38a26acb10f82522bf217eab5f44e8257853a2cc4591eee5e9fc26.jpg","https://www.tulloch-homes.com/assets/000/001/378/Maples_Lochalsh_Nobilia_Kitchen_OPP_gallery_landscape_image.jpg?1715680198","This is a photograph-style render of a kitchen."
"Conon Woods","Lochalsh · Plot 129","4","https://www.tulloch-homes.com/homes-for-sale/12-conon-bridge/724-lochalsh","images/f84f2f55aadccac8c70cc38276ca8630f62f136bbe97fffe2b09601d7a415eb2.jpg","https://www.tulloch-homes.com/assets/000/001/382/MAPLES_C2_Lochalsh_DINING_ROOM_OPP_gallery_landscape_image.jpg?1684848225","This is a photograph-style render of a dining room."
"Conon Woods","Lochalsh · Plot 129","4","https://www.tulloch-homes.com/homes-for-sale/12-conon-bridge/724-lochalsh","images/152d2aa10a11ffbfcec96ff9df4701357f35eeea639708de7fe3439221a811df.jpg","https://www.tulloch-homes.com/assets/000/001/395/Maples_C2_Lochalsh_KITCHEN_DINER_OPP_gallery_landscape_image.jpg?1759227766","This is a photograph-style render of an open-plan living space."
"Conon Woods","Lochalsh · Plot 129","4","https://www.tulloch-homes.com/homes-for-sale/12-conon-bridge/724-lochalsh","images/64a2c822b6cb656d4ce7cc7a39084ebb087120fecf90a3dddb59f5bd00fd2795.jpg","https://www.tulloch-homes.com/assets/000/001/379/MAPLES_C2_Lochalsh_LOUNGE_OPP_gallery_landscape_image.jpg?1684848057","This is a photograph-style render of a living room."
"Conon Woods","Lochalsh · Plot 129","4","https://www.tulloch-homes.com/homes-for-sale/12-conon-bridge/724-lochalsh","images/adc26a01cb8f4ccdc4b2a635f22ae1beeeb642e6e2cb9d0e034ef7b88f31c356.jpg","https://www.tulloch-homes.com/assets/000/001/373/MAPLES_C2_Lochalsh_BED_1_AS_gallery_landscape_image.jpg?1684848086","This is a photograph of a furnished bedroom."
"Conon Woods","Lochalsh · Plot 129","4","https://www.tulloch-homes.com/homes-for-sale/12-conon-bridge/724-lochalsh","images/d737d890ceffec483673cbd84c117b38b0daee6d2d6fef64032da23e879add7e.jpg","https://www.tulloch-homes.com/assets/000/001/380/MAPLES_C2_Lochalsh_BED_2_OPP_gallery_landscape_image.jpg?1684848157","This is a photograph of a furnished bedroom."
"Conon Woods","Tarvie · Plot 127","4","https://www.tulloch-homes.com/homes-for-sale/12-conon-bridge/722-tarvie","images/29bdff87d6fb82f19e02393a15e6649062a0dad4c9eed873524c2ac66ecd3bdd.jpg","https://www.tulloch-homes.com/assets/000/004/507/Tarvie_4_AS_gallery_landscape_image.jpg?1790841468","This is a photograph of a furnished living room."
"Conon Woods","Tarvie · Plot 127","4","https://www.tulloch-homes.com/homes-for-sale/12-conon-bridge/722-tarvie","images/49e3aa11ec2bdb5d183564c9a5c998f008e628dba40a873d70e628eb5fcae07c.jpg","https://www.tulloch-homes.com/assets/000/004/488/Tarvie_10_AS_gallery_landscape_image.jpg?1790782347","This is a photograph of a dining room."
"Conon Woods","Tarvie · Plot 127","4","https://www.tulloch-homes.com/homes-for-sale/12-conon-bridge/722-tarvie","images/3ebcf32ea08dd857edf563870023b5788739468a1f03c111a7cb1fa522346d4a.jpg","https://www.tulloch-homes.com/assets/000/004/497/Tarvie_19_AS_gallery_landscape_image.jpg?1790782451","This is a photograph of a bedroom."
"Conon Woods","Tarvie · Plot 127","4","https://www.tulloch-homes.com/homes-for-sale/12-conon-bridge/722-tarvie","images/de7f5f5c2fb5756a34ddc6d0d3df3640d2783d1ca43cfcc8afa38519373dc172.jpg","https://www.tulloch-homes.com/assets/000/004/490/Tarvie_12_AS_gallery_landscape_image.jpg?1790842169","This is a photograph of a dining room."
"Conon Woods","Tarvie · Plot 127","4","https://www.tulloch-homes.com/homes-for-sale/12-conon-bridge/722-tarvie","images/88070d2a1326b61006ddc9e2ef715de77db3c52e80eb40d260dbad1f9fefabc3.jpg","https://www.tulloch-homes.com/assets/000/004/491/Tarvie_13_AS_gallery_landscape_image.jpg?1790782382","This is a photograph of a kitchen."
"Conon Woods","Tarvie · Plot 127","4","https://www.tulloch-homes.com/homes-for-sale/12-conon-bridge/722-tarvie","images/ae4a23f5fe0694b64be7bf0dcb1726da91ac7939040e9599b3720d148412abad.jpg","https://www.tulloch-homes.com/assets/000/004/489/Tarvie_11_AS_gallery_landscape_image.jpg?1790782359","This is a photograph of a dining room."
"Conon Woods","Tarvie · Plot 127","4","https://www.tulloch-homes.com/homes-for-sale/12-conon-bridge/722-tarvie","images/5bbba35bf1af230e611d81bc1bacd3f41675e4af3f17ee794f1de2283774aabb.jpg","https://www.tulloch-homes.com/assets/000/004/492/Tarvie_14_AS_gallery_landscape_image.jpg?1790782391","This is a functional bathroom/cloakroom space."
"Conon Woods","Tarvie · Plot 127","4","https://www.tulloch-homes.com/homes-for-sale/12-conon-bridge/722-tarvie","images/438ef4329bac54521256f70edba1c3ab1552b35b0748a54795158bd611bca2fd.jpg","https://www.tulloch-homes.com/assets/000/004/500/Tarvie_22_AS_gallery_landscape_image.jpg?1790782502","This is a furnished bedroom."
"Conon Woods","Tarvie · Plot 127","4","https://www.tulloch-homes.com/homes-for-sale/12-conon-bridge/722-tarvie","images/551159ae3a07dbcbb4d5520d3059a11dcab475971fd1c0cad18217ae3a026b39.jpg","https://www.tulloch-homes.com/assets/000/004/501/Tarvie_23_gallery_landscape_image.jpg?1790782523","This is a furnished bedroom."
"Conon Woods","Tarvie · Plot 127","4","https://www.tulloch-homes.com/homes-for-sale/12-conon-bridge/722-tarvie","images/0bb0e65d351bceb3b8191cf935a3acb515c6d31deb2844c05497cb24401d8297.jpg","https://www.tulloch-homes.com/assets/000/004/502/Tarvie_24_gallery_landscape_image.jpg?1790782532","This is a furnished bedroom."
"Conon Woods","Tarvie · Plot 127","4","https://www.tulloch-homes.com/homes-for-sale/12-conon-bridge/722-tarvie","images/d19d65b57978535b69169461e323c36926b4a7e56293847407b67d71b774e730.jpg","https://www.tulloch-homes.com/assets/000/004/503/Tarvie_25_AS_gallery_landscape_image.jpg?1790782540","This is a functional bathroom."
"Conon Woods","Tarvie · Plot 127","4","https://www.tulloch-homes.com/homes-for-sale/12-conon-bridge/722-tarvie","images/5dbe89a73fcf043bed5b5a6278a9f0786afecca0c1fa9c87b16c5cb27038a99c.jpg","https://www.tulloch-homes.com/assets/000/004/484/Tarvie_6_AS_gallery_landscape_image.jpg?1790782592","This is a furnished living room."
"Conon Woods","Tarvie · Plot 127","4","https://www.tulloch-homes.com/homes-for-sale/12-conon-bridge/722-tarvie","images/f313f7b313976f636ca011d8e4fa68c44df6830ff33a4b4b4a4aa23ccb980577.jpg","https://www.tulloch-homes.com/assets/000/004/487/Tarvie_9_AS_gallery_landscape_image.jpg?1790782617","This is a kitchen and dining area."
"Conon Woods","Tarvie · Plot 127","4","https://www.tulloch-homes.com/homes-for-sale/12-conon-bridge/722-tarvie","images/9db677c45c250d8aaff5ea878fade61f7c695a57ed022d90d0541d527af33c0c.jpg","https://www.tulloch-homes.com/assets/000/004/506/Tarvie_3_AS_gallery_landscape_image.jpg?1790782552","This is a residential hallway and staircase."
"Conon Woods","Etive · Plot 132","4","https://www.tulloch-homes.com/homes-for-sale/12-conon-bridge/727-etive","images/448954151376bcec091b9540c8afe0040f93d81615c81f09840590907b6e41e1.jpg","https://www.tulloch-homes.com/assets/000/004/266/tulloch-homes-parks-view-etive-plot-313-photos-apr-26-27_gallery_landscape_image.jpg?1776784679","The image shows a furnished living area with seating and decor."
"Conon Woods","Etive · Plot 132","4","https://www.tulloch-homes.com/homes-for-sale/12-conon-bridge/727-etive","images/b00a12e1bdac15f1733e35a868b6ea648e81bf0072bb23b534e09d7ebdaf0176.jpg","https://www.tulloch-homes.com/assets/000/004/269/tulloch-homes-parks-view-etive-plot-313-photos-apr-26-33_gallery_landscape_image.jpg?1776784463","The image shows a furnished living area with seating."
"Conon Woods","Etive · Plot 132","4","https://www.tulloch-homes.com/homes-for-sale/12-conon-bridge/727-etive","images/27b8d8f1688ff7626e856b70e2f42fff7168d243dd2a850cd16260a9770950c3.jpg","https://www.tulloch-homes.com/assets/000/004/270/tulloch-homes-parks-view-etive-plot-313-photos-apr-26-39_gallery_landscape_image.jpg?1776784469","The image shows a kitchen and dining area."
"Conon Woods","Etive · Plot 132","4","https://www.tulloch-homes.com/homes-for-sale/12-conon-bridge/727-etive","images/3262db27f057ce2643f9789a495c2a0007ac84ce8650cdff70d18f821ee1c131.jpg","https://www.tulloch-homes.com/assets/000/004/271/tulloch-homes-parks-view-etive-plot-313-photos-apr-26-43_gallery_landscape_image.jpg?1776784474","The image shows a kitchen space."
"Conon Woods","Etive · Plot 132","4","https://www.tulloch-homes.com/homes-for-sale/12-conon-bridge/727-etive","images/3ef74e64de67c30b1bcfee7a1dc5a692bdf721187340d18b1b392fd00be16e0c.jpg","https://www.tulloch-homes.com/assets/000/004/274/tulloch-homes-parks-view-etive-plot-313-photos-apr-26-58_gallery_landscape_image.jpg?1776784493","The image shows a dining room setup."
"Conon Woods","Etive · Plot 132","4","https://www.tulloch-homes.com/homes-for-sale/12-conon-bridge/727-etive","images/9be91ea2fda5113f345ce09b7c241bba8e183e23e29997d4e393c5c0eaac7bad.jpg","https://www.tulloch-homes.com/assets/000/004/276/tulloch-homes-parks-view-etive-plot-313-photos-apr-26-62_gallery_landscape_image.jpg?1776784508","The image shows a utility or entrance area."
"Conon Woods","Etive · Plot 132","4","https://www.tulloch-homes.com/homes-for-sale/12-conon-bridge/727-etive","images/3d1ac9626f776b512cd27f8cd807cda221877aaff6f0b8b1599e75baedaf8997.jpg","https://www.tulloch-homes.com/assets/000/004/275/tulloch-homes-parks-view-etive-plot-313-photos-apr-26-35_gallery_landscape_image.jpg?1776784516","The image shows a residential hallway."
"Conon Woods","Etive · Plot 132","4","https://www.tulloch-homes.com/homes-for-sale/12-conon-bridge/727-etive","images/3c4bceeedcf18438b1758e4fef6e089d8f62c23caafc0bb249cf5a0b76f68beb.jpg","https://www.tulloch-homes.com/assets/000/004/281/tulloch-homes-parks-view-etive-plot-313-photos-apr-26-104_gallery_landscape_image.jpg?1776784564","The image shows a furnished bedroom."
"Conon Woods","Etive · Plot 132","4","https://www.tulloch-homes.com/homes-for-sale/12-conon-bridge/727-etive","images/affcc493d80beba3198ebb25cb702915a3aa4abbfece5122f70d168bd329f261.jpg","https://www.tulloch-homes.com/assets/000/004/282/tulloch-homes-parks-view-etive-plot-313-photos-apr-26-112_gallery_landscape_image.jpg?1776784569","This is a photograph of a furnished bedroom."
"Conon Woods","Etive · Plot 132","4","https://www.tulloch-homes.com/homes-for-sale/12-conon-bridge/727-etive","images/1e91c1ee31894628a4d5bf6ed274d9f36faa1c7fccf2667c1e97578eca043b61.jpg","https://www.tulloch-homes.com/assets/000/004/283/tulloch-homes-parks-view-etive-plot-313-photos-apr-26-113_gallery_landscape_image.jpg?1776784574","This is a photograph of a bathroom."
"Conon Woods","Etive · Plot 132","4","https://www.tulloch-homes.com/homes-for-sale/12-conon-bridge/727-etive","images/ae92086f8ae5478371e0865b317c2010fd9ecc09667fcc9bd64f2f02c0ffa812.jpg","https://www.tulloch-homes.com/assets/000/004/284/tulloch-homes-parks-view-etive-plot-313-photos-apr-26-91_gallery_landscape_image.jpg?1776784580","This is a photograph of a furnished bedroom."
"Conon Woods","Etive · Plot 132","4","https://www.tulloch-homes.com/homes-for-sale/12-conon-bridge/727-etive","images/eb9df11b08cb53f88c95c3dbf568607ce79082aa51b1ce2fb19503e015d1a14c.jpg","https://www.tulloch-homes.com/assets/000/004/287/tulloch-homes-parks-view-etive-plot-313-photos-apr-26-76_gallery_landscape_image.jpg?1776784825","This is a photograph of a bedroom that includes a desk."
"Conon Woods","Etive · Plot 132","4","https://www.tulloch-homes.com/homes-for-sale/12-conon-bridge/727-etive","images/ff29431fe83a90bcd903ec8e5f3dab05e5d7c846e508205594bc6d2e681ec856.jpg","https://www.tulloch-homes.com/assets/000/004/288/tulloch-homes-parks-view-etive-plot-313-photos-apr-26-83_gallery_landscape_image.jpg?1776784831","This is a photograph of a furnished bedroom."
"Conon Woods","Etive · Plot 132","4","https://www.tulloch-homes.com/homes-for-sale/12-conon-bridge/727-etive","images/76b0e06c018820d75d3ebdab1e5ca66b2131ef2beb740f2903e4efecd2ff8947.jpg","https://www.tulloch-homes.com/assets/000/004/289/tulloch-homes-parks-view-etive-plot-313-photos-apr-26-89_gallery_landscape_image.jpg?1776784362","This is a photograph of a bathroom."
"Conon Woods","Lochy · Plot 175","3","https://www.tulloch-homes.com/homes-for-sale/12-conon-bridge/741-lochy","images/6020584a69f09154ac1ec8414b2a55c1659f9c9bdc384d12d45ba2c0b3247550.jpg","https://www.tulloch-homes.com/assets/000/001/004/WG-Lochy_lounge_2-AS_gallery_landscape_image.jpg?1683546927","This is a photograph of a furnished living room."
"Conon Woods","Lochy · Plot 175","3","https://www.tulloch-homes.com/homes-for-sale/12-conon-bridge/741-lochy","images/6539c7ab30832415fbd20404072f9de1302e9f4a186ca058dcdbbb7689403f4e.jpg","https://www.tulloch-homes.com/assets/000/003/418/Riverford_Lochy_Kitchen_AS_gallery_landscape_image.jpg?1753713921","This is a photograph of a furnished open-plan living space."
"Conon Woods","Lochy · Plot 175","3","https://www.tulloch-homes.com/homes-for-sale/12-conon-bridge/741-lochy","images/dadbb0066095615273cd614e02ef5508b59d3a62754a6d82d4584b74fd57fc1e.jpg","https://www.tulloch-homes.com/assets/000/001/005/WG_Lochy_Kitchen_AS_gallery_landscape_image.jpg?1753715234","This is a photograph of a furnished living and dining area."
"Conon Woods","Lochy · Plot 175","3","https://www.tulloch-homes.com/homes-for-sale/12-conon-bridge/741-lochy","images/d98eab33daa454ce21e95e9266a8aef7bd6b04f126698d66899e64b33da9b49f.jpg","https://www.tulloch-homes.com/assets/000/001/006/bedroom_1-_05_gallery_landscape_image.jpg?1753794657","This is a photograph of a furnished bedroom."
"Conon Woods","Lochy · Plot 175","3","https://www.tulloch-homes.com/homes-for-sale/12-conon-bridge/741-lochy","images/563d8c0607e31d8bdfe326d844e8362aa263c580f60801b8d007e1365d72cf16.jpg","https://www.tulloch-homes.com/assets/000/001/007/bedroom_2-02_gallery_landscape_image.jpg?1753795270","This is a photograph of a furnished bedroom."
"Conon Woods","Lochy · Plot 175","3","https://www.tulloch-homes.com/homes-for-sale/12-conon-bridge/741-lochy","images/0193f340da57591d11b88cddb9d8de908d8c34a7ac8c11a405805a19c031380b.jpg","https://www.tulloch-homes.com/assets/000/001/008/bedroom_3-_01_gallery_landscape_image.jpg?1753715433","This is a photograph of a furnished child's bedroom."
"Conon Woods","Cedar · Plot 172","3","https://www.tulloch-homes.com/homes-for-sale/12-conon-bridge/747-cedar","images/cd9704092d900d3c80675f4325fc4b624ee290add5d55012ce0963634f387b6b.jpg","https://www.tulloch-homes.com/assets/000/003/529/Riverford_Cedar_Kitchen_Left_gallery_landscape_image.jpg?1757592513","This is a photograph of a kitchen interior."
"Conon Woods","Cedar · Plot 172","3","https://www.tulloch-homes.com/homes-for-sale/12-conon-bridge/747-cedar","images/7fc9896d012a6c09d11e6a5004c6280ab68c5834113bb33a9cf138cbc6563746.jpg","https://www.tulloch-homes.com/assets/000/003/531/Cedar_Left_029_gallery_landscape_image.jpg?1757593831","This is a photograph of a dining room area."
"Conon Woods","Cedar · Plot 172","3","https://www.tulloch-homes.com/homes-for-sale/12-conon-bridge/747-cedar","images/30a291ff84dc65d1e5f2a6bb6d6eb93a6ebb1a38c36f961995414b82795330f2.jpg","https://www.tulloch-homes.com/assets/000/003/530/Cedar_Left_026_gallery_landscape_image.jpg?1757593858","This is a photograph of a living room."
"Conon Woods","Cedar · Plot 172","3","https://www.tulloch-homes.com/homes-for-sale/12-conon-bridge/747-cedar","images/4d76b957b4d81c8e309760c66fea9efe1bf2090a525b908d182022a6fb616ddc.jpg","https://www.tulloch-homes.com/assets/000/003/534/Cedar_Left_013_gallery_landscape_image.jpg?1757593891","This is a photograph of a bedroom."
"Conon Woods","Cedar · Plot 172","3","https://www.tulloch-homes.com/homes-for-sale/12-conon-bridge/747-cedar","images/909837bdfe001bfe855b783e9d213953b72f63e75186cfd98a1c3f828be331a2.jpg","https://www.tulloch-homes.com/assets/000/003/532/Cedar_Left_009_gallery_landscape_image.jpg?1757595163","This is a photograph of a bedroom."
"Conon Woods","Cedar · Plot 172","3","https://www.tulloch-homes.com/homes-for-sale/12-conon-bridge/747-cedar","images/0e565c4ba11ff4550ca0da42ffd0bc99fec802097e18b07c1613b7db074e45bb.jpg","https://www.tulloch-homes.com/assets/000/003/533/Cedar_Left_018_gallery_landscape_image.jpg?1757593846","This is a photograph of a bedroom."
"Conon Woods","Ness · Plot 174","3","https://www.tulloch-homes.com/homes-for-sale/12-conon-bridge/744-ness","images/25ef08ac0da177b9221af3d300e48b26efbbd605c8e2db984346a4b57f350f57.jpg","https://www.tulloch-homes.com/assets/000/003/387/CW_Riverford_Ness_Kitchen_AS_gallery_landscape_image.jpg?1752748280","This is a photograph of a real room interior."
"Conon Woods","Ness · Plot 174","3","https://www.tulloch-homes.com/homes-for-sale/12-conon-bridge/744-ness","images/be7b14ef099f980402b15e6543736e66883b15a6b332dcae6bfe18567096d0b0.jpg","https://www.tulloch-homes.com/assets/000/003/388/CW_Riverford_Ness_Lounge_AS_gallery_landscape_image.jpg?1752748376","This is a photograph of a real room interior."
"Conon Woods","Ness · Plot 174","3","https://www.tulloch-homes.com/homes-for-sale/12-conon-bridge/744-ness","images/b5aa35ff175cdb31c351021ab324fabc83114a811749397e2cfa4d9589a2d447.jpg","https://www.tulloch-homes.com/assets/000/003/386/CW_Riverford_Bedroom_AS_gallery_landscape_image.jpg?1752748302","This is a photograph of a real room interior."
"Conon Woods","Ness · Plot 174","3","https://www.tulloch-homes.com/homes-for-sale/12-conon-bridge/744-ness","images/fbd2e26539dea19c4114b3c0169b7cb661910a073c7204ed5b8885adf9763be6.jpg","https://www.tulloch-homes.com/assets/000/001/143/Woodside_Ness_Bed_2_AS_gallery_landscape_image.jpg?1683561335","This is a photograph of a real room interior."
"Conon Woods","Ness · Plot 174","3","https://www.tulloch-homes.com/homes-for-sale/12-conon-bridge/744-ness","images/9c71044e17d2f1948895ddfe1169388ee75a73c0f51ef5f242c9e8c37a78283a.jpg","https://www.tulloch-homes.com/assets/000/001/144/Woodside_Ness_Bed_3_AS_gallery_landscape_image.jpg?1683561357","This is a photograph of a real room interior."
"Conon Woods","Lochy · Plot 171","3","https://www.tulloch-homes.com/homes-for-sale/12-conon-bridge/740-lochy","images/6020584a69f09154ac1ec8414b2a55c1659f9c9bdc384d12d45ba2c0b3247550.jpg","https://www.tulloch-homes.com/assets/000/001/004/WG-Lochy_lounge_2-AS_gallery_landscape_image.jpg?1683546927","This is a photograph of a furnished living room."
"Conon Woods","Lochy · Plot 171","3","https://www.tulloch-homes.com/homes-for-sale/12-conon-bridge/740-lochy","images/97486138c75b5ac99932953a5312780aa5f24ab226682ae598fe6bcc45240319.jpg","https://www.tulloch-homes.com/assets/000/003/417/Riverford_Lochy_Kitchen_OPP_gallery_landscape_image.jpg?1753713944","This is a real room interior showing a combined kitchen and living space."
"Conon Woods","Lochy · Plot 171","3","https://www.tulloch-homes.com/homes-for-sale/12-conon-bridge/740-lochy","images/63f26f07cfc7e26bdd2ca17ac2c2c0bf9568e713611c3e916039f689e58f97dc.jpg","https://www.tulloch-homes.com/assets/000/000/736/dining-family-room-kitchen-04_gallery_landscape_image.jpg?1753718467","This is a real room interior set up as a study or home office."
"Conon Woods","Lochy · Plot 171","3","https://www.tulloch-homes.com/homes-for-sale/12-conon-bridge/740-lochy","images/86fb698c3364b020d439855827c7471f255889d1e24f94896a7e1cd1b8f6291f.jpg","https://www.tulloch-homes.com/assets/000/000/751/Lochy_HV_Bedroom_1_AS_gallery_landscape_image.jpg?1753793527","This is a real room interior showing a bedroom."
"Conon Woods","Lochy · Plot 171","3","https://www.tulloch-homes.com/homes-for-sale/12-conon-bridge/740-lochy","images/d3cee02749719810f5acfa5a712c97c0621e42d5ce2436ed72177577c1ad7133.jpg","https://www.tulloch-homes.com/assets/000/000/752/Lochy_HV_Bedroom_2_AS_gallery_landscape_image.jpg?1683204535","This is a real room interior showing a bedroom."
"Conon Woods","Lochy · Plot 171","3","https://www.tulloch-homes.com/homes-for-sale/12-conon-bridge/740-lochy","images/37af6941760190f5d42ccde353d5d37ec0b7d517ef46d4802c85024c771af9ff.jpg","https://www.tulloch-homes.com/assets/000/001/241/Lochy_HV_Bed_3_AS_gallery_landscape_image.jpg?1684323847","This is a real room interior set up as a study."
"Conon Woods","Birch · Plot 169","2","https://www.tulloch-homes.com/homes-for-sale/12-conon-bridge/742-birch","images/7c1969bfd36c6282e9a277450ccc93f797322420ad2fa159264f5b8dce476a3d.jpg","https://www.tulloch-homes.com/assets/000/003/539/Riverford_Birch_Kitchen_Left_gallery_landscape_image.jpg?1757595940","This is a real room interior showing a kitchen."
"Conon Woods","Birch · Plot 169","2","https://www.tulloch-homes.com/homes-for-sale/12-conon-bridge/742-birch","images/09bd08b75c145323c46903e5a00cd7393c82ce9415f85b6fafc3b92d52cb998c.jpg","https://www.tulloch-homes.com/assets/000/003/541/Birch_Bedroom_2_Left_%281%29_gallery_landscape_image.jpg?1757596750","This is a photograph of a furnished bedroom."
"Conon Woods","Birch · Plot 169","2","https://www.tulloch-homes.com/homes-for-sale/12-conon-bridge/742-birch","images/74d06b5ef3e0fa038f0b9c499bbce4c91f81a7783a7485d58bdc99138431dd74.jpg","https://www.tulloch-homes.com/assets/000/003/546/Birch_Bedroom_2_Left_%282%29_gallery_landscape_image.jpg?1757596769","This is a photograph of a furnished bedroom."
"Conon Woods","Birch · Plot 169","2","https://www.tulloch-homes.com/homes-for-sale/12-conon-bridge/742-birch","images/414ff5107d47f5101f785ca3fb9d92f14f712a959a7514d3e7892aa9de1c3b14.jpg","https://www.tulloch-homes.com/assets/000/003/545/Birch_Lounge_Left_%281%29_gallery_landscape_image.jpg?1757596782","This is a photograph of a furnished living room."
"Conon Woods","Birch · Plot 169","2","https://www.tulloch-homes.com/homes-for-sale/12-conon-bridge/742-birch","images/8411717e53078fb4b3843bc12005138924981ed62f0fa95800d5fe0d754e7a5a.jpg","https://www.tulloch-homes.com/assets/000/003/543/Birch_Lounge_Left_%282%29_gallery_landscape_image.jpg?1757596802","This is a photograph of a furnished living room."
"Conon Woods","Birch · Plot 169","2","https://www.tulloch-homes.com/homes-for-sale/12-conon-bridge/742-birch","images/2db4af74cbcb86225397dab4e27506562030a77e6bc01b6dcc4fad537a07c252.jpg","https://www.tulloch-homes.com/assets/000/003/544/Birch_Lounge_Left_%283%29_gallery_landscape_image.jpg?1757596812","This is a photograph of a furnished living room."
"Conon Woods","Birch · Plot 169","2","https://www.tulloch-homes.com/homes-for-sale/12-conon-bridge/742-birch","images/c58a0038c85a566d670ca5369560bc64985149fdbd790954be92e34b94b58b7e.jpg","https://www.tulloch-homes.com/assets/000/003/542/Birch_bathroom_left_gallery_landscape_image.jpg?1757596740","This is a photograph of a furnished bathroom."
"Conon Woods","Birch · Plot 169","2","https://www.tulloch-homes.com/homes-for-sale/12-conon-bridge/742-birch","images/06eb2158b5d6f65a8df716f25af64e0103624ddf2dd06b4c72ac2cb9a8fd24da.jpg","https://www.tulloch-homes.com/assets/000/000/649/Birch_Bedroom_1_HV_Left_gallery_landscape_image.jpg?1683204213","This is a photograph of a furnished bedroom."
"Conon Woods","Birch · Plot 170","2","https://www.tulloch-homes.com/homes-for-sale/12-conon-bridge/743-birch","images/1ea14e06ab6b396f7081a7da65ce6e95f399afe05832625b793015757f34371c.jpg","https://www.tulloch-homes.com/assets/000/003/540/Riverford_Birch_Kitchen_Right_gallery_landscape_image.jpg?1757595922","This is a photograph of a kitchen."
"Conon Woods","Birch · Plot 170","2","https://www.tulloch-homes.com/homes-for-sale/12-conon-bridge/743-birch","images/6d858b7da9446c23bace53776fbdbd4d5ee8bdba51b0a1ce1de8afcd191919bb.jpg","https://www.tulloch-homes.com/assets/000/003/549/Birch_Lounge_Right_%281%29_gallery_landscape_image.jpg?1757596978","This is a photograph of a living room."
"Conon Woods","Birch · Plot 170","2","https://www.tulloch-homes.com/homes-for-sale/12-conon-bridge/743-birch","images/7fbfc7ca8dfaee27449da86d3b519767e24c66323a2e645fecb79fbacfe91f7f.jpg","https://www.tulloch-homes.com/assets/000/003/551/Birch_Lounge_Right_%283%29_gallery_landscape_image.jpg?1757597005","This is a photograph of a living room."
"Conon Woods","Birch · Plot 170","2","https://www.tulloch-homes.com/homes-for-sale/12-conon-bridge/743-birch","images/f6f64b7dffb77f40ae43c7a3b328121e444bf9e654f8c7db0178506dcc13cacd.jpg","https://www.tulloch-homes.com/assets/000/000/652/Birch_Bedroom_HV_Right_gallery_landscape_image.jpg?1683204232","This is a photograph of a bedroom."
"Conon Woods","Birch · Plot 170","2","https://www.tulloch-homes.com/homes-for-sale/12-conon-bridge/743-birch","images/62169aa3569ed0271ef0a7b30eae9f669be729b7b91c419f7260309cf3f5d713.jpg","https://www.tulloch-homes.com/assets/000/003/550/Birch_Lounge_Right_%282%29_gallery_landscape_image.jpg?1757596987","This is a photograph of a living room."
"Conon Woods","Birch · Plot 170","2","https://www.tulloch-homes.com/homes-for-sale/12-conon-bridge/743-birch","images/3835231a6433a382cff2e6b066d18074f1e4c0e3bec3e50d2006c3f99cc68356.jpg","https://www.tulloch-homes.com/assets/000/003/547/Birch_Bedroom_2_Right_%281%29_gallery_landscape_image.jpg?1757596960","This is a photograph of a bedroom."
"Conon Woods","Birch · Plot 170","2","https://www.tulloch-homes.com/homes-for-sale/12-conon-bridge/743-birch","images/09c4a7c743d9bd631188aeb8ddef18b612b1b35e1b1167f92057800abdcca823.jpg","https://www.tulloch-homes.com/assets/000/003/548/Birch_Bedroom_2_Right_%282%29_gallery_landscape_image.jpg?1757596970","The image shows a furnished bedroom."
"Conon Woods","Birch · Plot 170","2","https://www.tulloch-homes.com/homes-for-sale/12-conon-bridge/743-birch","images/5ea4c953f7c0b16bf4d745daad61f50459b7cb1c5cb6e00564fade021684cb0b.jpg","https://www.tulloch-homes.com/assets/000/003/552/Birch_bathroom_Right_gallery_landscape_image.jpg?1757596916","The image shows a bathroom."
"Conon Green","Lochalsh · Plot 91","4","https://www.tulloch-homes.com/homes-for-sale/15-conon-bridge/821-lochalsh","images/d2f092045d38a26acb10f82522bf217eab5f44e8257853a2cc4591eee5e9fc26.jpg","https://www.tulloch-homes.com/assets/000/001/378/Maples_Lochalsh_Nobilia_Kitchen_OPP_gallery_landscape_image.jpg?1715680198","This is a photograph-style render of a kitchen."
"Conon Green","Lochalsh · Plot 91","4","https://www.tulloch-homes.com/homes-for-sale/15-conon-bridge/821-lochalsh","images/f84f2f55aadccac8c70cc38276ca8630f62f136bbe97fffe2b09601d7a415eb2.jpg","https://www.tulloch-homes.com/assets/000/001/382/MAPLES_C2_Lochalsh_DINING_ROOM_OPP_gallery_landscape_image.jpg?1684848225","This is a photograph-style render of a dining room."
"Conon Green","Lochalsh · Plot 91","4","https://www.tulloch-homes.com/homes-for-sale/15-conon-bridge/821-lochalsh","images/152d2aa10a11ffbfcec96ff9df4701357f35eeea639708de7fe3439221a811df.jpg","https://www.tulloch-homes.com/assets/000/001/395/Maples_C2_Lochalsh_KITCHEN_DINER_OPP_gallery_landscape_image.jpg?1759227766","This is a photograph-style render of an open-plan living space."
"Conon Green","Lochalsh · Plot 91","4","https://www.tulloch-homes.com/homes-for-sale/15-conon-bridge/821-lochalsh","images/64a2c822b6cb656d4ce7cc7a39084ebb087120fecf90a3dddb59f5bd00fd2795.jpg","https://www.tulloch-homes.com/assets/000/001/379/MAPLES_C2_Lochalsh_LOUNGE_OPP_gallery_landscape_image.jpg?1684848057","This is a photograph-style render of a living room."
"Conon Green","Lochalsh · Plot 91","4","https://www.tulloch-homes.com/homes-for-sale/15-conon-bridge/821-lochalsh","images/adc26a01cb8f4ccdc4b2a635f22ae1beeeb642e6e2cb9d0e034ef7b88f31c356.jpg","https://www.tulloch-homes.com/assets/000/001/373/MAPLES_C2_Lochalsh_BED_1_AS_gallery_landscape_image.jpg?1684848086","This is a photograph of a furnished bedroom."
"Conon Green","Lochalsh · Plot 91","4","https://www.tulloch-homes.com/homes-for-sale/15-conon-bridge/821-lochalsh","images/d737d890ceffec483673cbd84c117b38b0daee6d2d6fef64032da23e879add7e.jpg","https://www.tulloch-homes.com/assets/000/001/380/MAPLES_C2_Lochalsh_BED_2_OPP_gallery_landscape_image.jpg?1684848157","This is a photograph of a furnished bedroom."
"Conon Green","Calder · Plot 117","3","https://www.tulloch-homes.com/homes-for-sale/15-conon-bridge/832-calder","images/b382dc969e5624b28f81499eff3ddb46d57aeb997accac7fb79d312e3afcd88a.jpg","https://www.tulloch-homes.com/assets/000/002/806/Maples_Calder_Nobilia_Kitchen_AS_gallery_landscape_image.jpg?1724156458","The image shows a kitchen and dining area."
"Conon Green","Calder · Plot 117","3","https://www.tulloch-homes.com/homes-for-sale/15-conon-bridge/832-calder","images/9595bb9deac57b15961a653acc26cfd0993b9d5cd05ab597449c16f98b57b1bb.jpg","https://www.tulloch-homes.com/assets/000/000/619/Calder_Lounge_AS_gallery_landscape_image.jpg?1774882322","The image shows a furnished living room."
"Conon Green","Calder · Plot 117","3","https://www.tulloch-homes.com/homes-for-sale/15-conon-bridge/832-calder","images/5a61314978e6e682e207038f048e93a3876f6cbc8a30286b6d9c9c17786c5dd2.jpg","https://www.tulloch-homes.com/assets/000/000/615/Calder_Bedroom_1_AS_gallery_landscape_image.jpg?1774951516","This is a photograph of a furnished bedroom."
"Conon Green","Calder · Plot 117","3","https://www.tulloch-homes.com/homes-for-sale/15-conon-bridge/832-calder","images/d9b7280e4efba56fd648a565ed8f8c0bb2cbf036688c24403f0600f9adb44e49.jpg","https://www.tulloch-homes.com/assets/000/000/616/Calder_bedroom_2-_AS_gallery_landscape_image.jpg?1683205001","This is a photograph of a furnished bedroom."
"Conon Green","Calder · Plot 117","3","https://www.tulloch-homes.com/homes-for-sale/15-conon-bridge/832-calder","images/d78f42f8555f78c65f99bebe2b7c190d965a89ecd62f263fe53b3bb5ce1841ae.jpg","https://www.tulloch-homes.com/assets/000/000/617/Calder_bedroom_3-_AS_gallery_landscape_image.jpg?1683205046","This is a photograph of a furnished home office or study."
"Conon Green","Calder · Plot 117","3","https://www.tulloch-homes.com/homes-for-sale/15-conon-bridge/832-calder","images/4286e4df2910e38960e1cc8f2d0a37ecc157639e8ff1f9f62a38382a473bee89.jpg","https://www.tulloch-homes.com/assets/000/000/953/WG-Calder_bathroom-_AS_gallery_landscape_image.jpg?1683543155","This is a photograph of a furnished bathroom."
"Conon Green","Calder · Plot 117","3","https://www.tulloch-homes.com/homes-for-sale/15-conon-bridge/832-calder","images/3277d5ccd0b8fdf8ca6fab616c52da66e141d434c3f9bed91a0d62cdd65fb0e2.jpg","https://www.tulloch-homes.com/assets/000/000/957/WG-Calder_en_suite-AS_gallery_landscape_image.jpg?1683542824","This is a photograph of a furnished bathroom."
"Conon Green","Tweed · Plot 87","4","https://www.tulloch-homes.com/homes-for-sale/15-conon-bridge/834-tweed","images/54eafcd7d5a08956dd4cd5797296c87b41cc7f0311f0b5f7a8b47fe4372ff7e8.jpg","https://www.tulloch-homes.com/assets/000/003/101/Tweed_Kitchen_Dining_Room_1_OPP_gallery_landscape_image.jpg?1738059689","This is a photograph of a real kitchen."
"Conon Green","Tweed · Plot 87","4","https://www.tulloch-homes.com/homes-for-sale/15-conon-bridge/834-tweed","images/6e47e92dc187f5ca27f36108814b8eb062622807b196c0fc27385274e9cbcba8.jpg","https://www.tulloch-homes.com/assets/000/003/102/Tweed_Kitchen_Dining_Room_2_OPP_gallery_landscape_image.jpg?1769605881","This is a photograph of a real dining room."
"Conon Green","Tweed · Plot 87","4","https://www.tulloch-homes.com/homes-for-sale/15-conon-bridge/834-tweed","images/583b9e8a0800e18e0cb6702568fe86deaab1a989a2d69b80d866882f8d4e97b4.jpg","https://www.tulloch-homes.com/assets/000/003/106/Tweed_Lounge_3_OPP_gallery_landscape_image.jpg?1769605407","This is a photograph of a real living room."
"Conon Green","Tweed · Plot 87","4","https://www.tulloch-homes.com/homes-for-sale/15-conon-bridge/834-tweed","images/b51d5d435826ab1d2943a5e0114270c198e9be635f43c61d08bcc26dcab6dd32.jpg","https://www.tulloch-homes.com/assets/000/003/104/Tweed_Lounge__1_OPP_gallery_landscape_image.jpg?1738059652","This is a photograph of a real living room."
"Conon Green","Tweed · Plot 87","4","https://www.tulloch-homes.com/homes-for-sale/15-conon-bridge/834-tweed","images/6e9df42cefd0e79f3f15cb0226c73aad3a62ec968a76bad4b440c78bc29e9bb1.jpg","https://www.tulloch-homes.com/assets/000/000/042/Maples_Tweed_Nobilia_Kitchen_OPP_gallery_landscape_image.jpg?1715680491","This is a photograph of a real kitchen and dining space."
"Conon Green","Tweed · Plot 87","4","https://www.tulloch-homes.com/homes-for-sale/15-conon-bridge/834-tweed","images/559551f819cbfce3ceb0a09fe7576007d2539a6213ecb18769d3c6348e113406.jpg","https://www.tulloch-homes.com/assets/000/003/097/Tweed_Bedroom_1_OPP_gallery_landscape_image.jpg?1738059606","This is a photograph of a real bedroom."
"Conon Green","Tweed · Plot 87","4","https://www.tulloch-homes.com/homes-for-sale/15-conon-bridge/834-tweed","images/cc3b3f5ff62a0ed81fd95be324d98bf2b70d68b47f97f2cfa34f5cbd07ae3cb8.jpg","https://www.tulloch-homes.com/assets/000/003/103/Tweed_Kitchen_Dining_Room_3_OPP_gallery_landscape_image.jpg?1738059659","This is a photograph of a real dining room."
"Conon Green","Tweed · Plot 87","4","https://www.tulloch-homes.com/homes-for-sale/15-conon-bridge/834-tweed","images/8b5d185cb9a2054befd4cca91d3676797db7c66aa73de816cbb7203bf004735b.jpg","https://www.tulloch-homes.com/assets/000/003/105/Tweed_Lounge_2_OPP_gallery_landscape_image.jpg?1738059644","This is a photograph of a real living room."
"Conon Green","Tweed · Plot 87","4","https://www.tulloch-homes.com/homes-for-sale/15-conon-bridge/834-tweed","images/c064240516769f2898c01aa1ae8eeec00754540baac478a17894ee076f2d9f31.jpg","https://www.tulloch-homes.com/assets/000/003/096/Tweed_Bedroom_2_OPP_gallery_landscape_image.jpg?1738059616","This is a photograph of a real bedroom."
"Conon Green","Tweed · Plot 87","4","https://www.tulloch-homes.com/homes-for-sale/15-conon-bridge/834-tweed","images/cd36e243e0cd8f87e31e5b3a206baf879b9aeb42008c2ce3560fafe203fdc7ea.jpg","https://www.tulloch-homes.com/assets/000/003/098/Tweed_Bedroom_3_OPP_gallery_landscape_image.jpg?1738059624","This is a photograph of a real bedroom."
"Conon Green","Tweed · Plot 87","4","https://www.tulloch-homes.com/homes-for-sale/15-conon-bridge/834-tweed","images/a27b2e68eeeb3cb7386f153933fb13c46b3af1b020c4234448fb48f35a78fa9a.jpg","https://www.tulloch-homes.com/assets/000/003/099/Tweed_Bedroom_4_OPP_gallery_landscape_image.jpg?1738059709","This is a photograph of a real study/office."
"Conon Green","Tweed · Plot 87","4","https://www.tulloch-homes.com/homes-for-sale/15-conon-bridge/834-tweed","images/45484c2fcdf57a21f02d5260c6cafcc882bda339712180398df9a8db5f3c3c81.jpg","https://www.tulloch-homes.com/assets/000/003/094/Tweed_Bathroom_OPP_gallery_landscape_image.jpg?1738059593","This is a photograph of a real bathroom."
"Conon Green","Tarvie · Plot 107","4","https://www.tulloch-homes.com/homes-for-sale/15-conon-bridge/939-tarvie","images/29bdff87d6fb82f19e02393a15e6649062a0dad4c9eed873524c2ac66ecd3bdd.jpg","https://www.tulloch-homes.com/assets/000/004/507/Tarvie_4_AS_gallery_landscape_image.jpg?1790841468","This is a photograph of a furnished living room."
"Conon Green","Tarvie · Plot 107","4","https://www.tulloch-homes.com/homes-for-sale/15-conon-bridge/939-tarvie","images/49e3aa11ec2bdb5d183564c9a5c998f008e628dba40a873d70e628eb5fcae07c.jpg","https://www.tulloch-homes.com/assets/000/004/488/Tarvie_10_AS_gallery_landscape_image.jpg?1790782347","This is a photograph of a dining room."
"Conon Green","Tarvie · Plot 107","4","https://www.tulloch-homes.com/homes-for-sale/15-conon-bridge/939-tarvie","images/3ebcf32ea08dd857edf563870023b5788739468a1f03c111a7cb1fa522346d4a.jpg","https://www.tulloch-homes.com/assets/000/004/497/Tarvie_19_AS_gallery_landscape_image.jpg?1790782451","This is a photograph of a bedroom."
"Conon Green","Tarvie · Plot 107","4","https://www.tulloch-homes.com/homes-for-sale/15-conon-bridge/939-tarvie","images/de7f5f5c2fb5756a34ddc6d0d3df3640d2783d1ca43cfcc8afa38519373dc172.jpg","https://www.tulloch-homes.com/assets/000/004/490/Tarvie_12_AS_gallery_landscape_image.jpg?1790842169","This is a photograph of a dining room."
"Conon Green","Tarvie · Plot 107","4","https://www.tulloch-homes.com/homes-for-sale/15-conon-bridge/939-tarvie","images/88070d2a1326b61006ddc9e2ef715de77db3c52e80eb40d260dbad1f9fefabc3.jpg","https://www.tulloch-homes.com/assets/000/004/491/Tarvie_13_AS_gallery_landscape_image.jpg?1790782382","This is a photograph of a kitchen."
"Conon Green","Tarvie · Plot 107","4","https://www.tulloch-homes.com/homes-for-sale/15-conon-bridge/939-tarvie","images/ae4a23f5fe0694b64be7bf0dcb1726da91ac7939040e9599b3720d148412abad.jpg","https://www.tulloch-homes.com/assets/000/004/489/Tarvie_11_AS_gallery_landscape_image.jpg?1790782359","This is a photograph of a dining room."
"Conon Green","Tarvie · Plot 107","4","https://www.tulloch-homes.com/homes-for-sale/15-conon-bridge/939-tarvie","images/5bbba35bf1af230e611d81bc1bacd3f41675e4af3f17ee794f1de2283774aabb.jpg","https://www.tulloch-homes.com/assets/000/004/492/Tarvie_14_AS_gallery_landscape_image.jpg?1790782391","This is a functional bathroom/cloakroom space."
"Conon Green","Tarvie · Plot 107","4","https://www.tulloch-homes.com/homes-for-sale/15-conon-bridge/939-tarvie","images/438ef4329bac54521256f70edba1c3ab1552b35b0748a54795158bd611bca2fd.jpg","https://www.tulloch-homes.com/assets/000/004/500/Tarvie_22_AS_gallery_landscape_image.jpg?1790782502","This is a furnished bedroom."
"Conon Green","Tarvie · Plot 107","4","https://www.tulloch-homes.com/homes-for-sale/15-conon-bridge/939-tarvie","images/551159ae3a07dbcbb4d5520d3059a11dcab475971fd1c0cad18217ae3a026b39.jpg","https://www.tulloch-homes.com/assets/000/004/501/Tarvie_23_gallery_landscape_image.jpg?1790782523","This is a furnished bedroom."
"Conon Green","Tarvie · Plot 107","4","https://www.tulloch-homes.com/homes-for-sale/15-conon-bridge/939-tarvie","images/0bb0e65d351bceb3b8191cf935a3acb515c6d31deb2844c05497cb24401d8297.jpg","https://www.tulloch-homes.com/assets/000/004/502/Tarvie_24_gallery_landscape_image.jpg?1790782532","This is a furnished bedroom."
"Conon Green","Tarvie · Plot 107","4","https://www.tulloch-homes.com/homes-for-sale/15-conon-bridge/939-tarvie","images/d19d65b57978535b69169461e323c36926b4a7e56293847407b67d71b774e730.jpg","https://www.tulloch-homes.com/assets/000/004/503/Tarvie_25_AS_gallery_landscape_image.jpg?1790782540","This is a functional bathroom."
"Conon Green","Tarvie · Plot 107","4","https://www.tulloch-homes.com/homes-for-sale/15-conon-bridge/939-tarvie","images/5dbe89a73fcf043bed5b5a6278a9f0786afecca0c1fa9c87b16c5cb27038a99c.jpg","https://www.tulloch-homes.com/assets/000/004/484/Tarvie_6_AS_gallery_landscape_image.jpg?1790782592","This is a furnished living room."
"Conon Green","Tarvie · Plot 107","4","https://www.tulloch-homes.com/homes-for-sale/15-conon-bridge/939-tarvie","images/f313f7b313976f636ca011d8e4fa68c44df6830ff33a4b4b4a4aa23ccb980577.jpg","https://www.tulloch-homes.com/assets/000/004/487/Tarvie_9_AS_gallery_landscape_image.jpg?1790782617","This is a kitchen and dining area."
"Conon Green","Tarvie · Plot 107","4","https://www.tulloch-homes.com/homes-for-sale/15-conon-bridge/939-tarvie","images/9db677c45c250d8aaff5ea878fade61f7c695a57ed022d90d0541d527af33c0c.jpg","https://www.tulloch-homes.com/assets/000/004/506/Tarvie_3_AS_gallery_landscape_image.jpg?1790782552","This is a residential hallway and staircase."
"Conon Green","Willow · Plot 106","4","https://www.tulloch-homes.com/homes-for-sale/15-conon-bridge/941-willow","images/7ac397e27e1b81af14c4c8bd95bbf58f9f222ec071348542b93ca3b3070cf3a6.jpg","https://www.tulloch-homes.com/assets/000/004/401/Willow_showhome_AS_%282%29_gallery_landscape_image.jpg?1784804773","This is a photograph of a furnished dining room."
"Conon Green","Willow · Plot 106","4","https://www.tulloch-homes.com/homes-for-sale/15-conon-bridge/941-willow","images/5a83bf4bc7a316fd768a4606d7b9de6b9ddfb86fd477e9649da3054491e16680.jpg","https://www.tulloch-homes.com/assets/000/004/402/Willow_showhome_AS_%283%29_gallery_landscape_image.jpg?1784804784","This is a photograph of an open-plan kitchen and dining space."
"Conon Green","Willow · Plot 106","4","https://www.tulloch-homes.com/homes-for-sale/15-conon-bridge/941-willow","images/ef65538641b531e68aface3e31c2be9395e4775cc14de1047bb00a5ec073e0ba.jpg","https://www.tulloch-homes.com/assets/000/004/404/Willow_showhome_AS_%285%29_gallery_landscape_image.jpg?1784804831","This is a photograph of a furnished living room."
"Conon Green","Willow · Plot 106","4","https://www.tulloch-homes.com/homes-for-sale/15-conon-bridge/941-willow","images/2a7d0572f4648b59b085ac1bd03b227aebbf7fba5921ffb0a001dd946861640d.jpg","https://www.tulloch-homes.com/assets/000/004/405/Willow_showhome_AS_%286%29_gallery_landscape_image.jpg?1784804844","This is a photograph of a kitchen."
"Conon Green","Willow · Plot 106","4","https://www.tulloch-homes.com/homes-for-sale/15-conon-bridge/941-willow","images/f03e6531e731dfd25d89c4d4ec3b53f3cdb470a711465a2d7f78001aa5111a5f.jpg","https://www.tulloch-homes.com/assets/000/004/400/Willow_showhome_AS_%281%29_gallery_landscape_image.jpg?1784804669","This is a photograph of a furnished living room."
"Conon Green","Willow · Plot 106","4","https://www.tulloch-homes.com/homes-for-sale/15-conon-bridge/941-willow","images/7864754ac228eac897ae35e4c72dfe886e1f6d0460f427d6b534728556beb6c7.jpg","https://www.tulloch-homes.com/assets/000/004/406/Willow_showhome_AS_%287%29_gallery_landscape_image.jpg?1784804853","This is a photograph of an open-plan kitchen and dining space."
"Conon Green","Willow · Plot 106","4","https://www.tulloch-homes.com/homes-for-sale/15-conon-bridge/941-willow","images/8159065199804ff4ad2b41af18f02c761fbc9ecb6adfa89953ad33f1822b3dfb.jpg","https://www.tulloch-homes.com/assets/000/004/403/Willow_showhome_AS_%284%29_gallery_landscape_image.jpg?1784804801","This is a photograph of a utility room."
"Conon Green","Willow · Plot 106","4","https://www.tulloch-homes.com/homes-for-sale/15-conon-bridge/941-willow","images/76efbe6fabb6cf57fdb661a68f48ea5eabbe4b25c1495066843115e6a86faa6f.jpg","https://www.tulloch-homes.com/assets/000/004/407/Willow_showhome_AS_%288%29_gallery_landscape_image.jpg?1784804861","This is a photograph of a kitchen area."
"Conon Green","Willow · Plot 106","4","https://www.tulloch-homes.com/homes-for-sale/15-conon-bridge/941-willow","images/b66723399106c825e0b31dda17a30bbbab779ffea4ecabfa7f9c0ea2a83aa8b5.jpg","https://www.tulloch-homes.com/assets/000/004/408/Willow_showhome_AS_%289%29_gallery_landscape_image.jpg?1784804874","This is a photograph of a residential hallway."
"Conon Green","Willow · Plot 106","4","https://www.tulloch-homes.com/homes-for-sale/15-conon-bridge/941-willow","images/b3a3c37e8a02ebbe2c33126715c479564ebd80610b17b654c3578009f0e05540.jpg","https://www.tulloch-homes.com/assets/000/004/410/Willow_showhome_AS_%2811%29_gallery_landscape_image.jpg?1784804697","This is a photograph of a bedroom."
"Conon Green","Willow · Plot 106","4","https://www.tulloch-homes.com/homes-for-sale/15-conon-bridge/941-willow","images/2addd7371f4eb83af1c78c0b5de233546505e550278c4a6956e26fab46fc8252.jpg","https://www.tulloch-homes.com/assets/000/004/399/Willow_showhome_AS_%2815%29_gallery_landscape_image.jpg?1784804756","This is a photograph of a bedroom."
"Conon Green","Willow · Plot 106","4","https://www.tulloch-homes.com/homes-for-sale/15-conon-bridge/941-willow","images/1fa5c5bfe9e67ae8b91e118ff73713ab167f8f7de770f395b48e00ece12ae4a2.jpg","https://www.tulloch-homes.com/assets/000/004/409/Willow_showhome_AS_%2810%29_gallery_landscape_image.jpg?1784804686","This is a photograph of a bedroom."
"Conon Green","Willow · Plot 106","4","https://www.tulloch-homes.com/homes-for-sale/15-conon-bridge/941-willow","images/3fcc27f286b399e2eafe1f48016ae022b729776ab6a7329db8c12880928b123d.jpg","https://www.tulloch-homes.com/assets/000/004/411/Willow_showhome_AS_%2812%29_gallery_landscape_image.jpg?1784804716","This is a photograph of a bedroom."
"Conon Green","Willow · Plot 106","4","https://www.tulloch-homes.com/homes-for-sale/15-conon-bridge/941-willow","images/70331c679416d6fbebeb9f608a127ba1f6dafca3723327135fb36cdedeedd2c7.jpg","https://www.tulloch-homes.com/assets/000/004/412/Willow_showhome_AS_%2813%29_gallery_landscape_image.jpg?1784804725","This is a photograph of a bedroom."
"Conon Green","Willow · Plot 106","4","https://www.tulloch-homes.com/homes-for-sale/15-conon-bridge/941-willow","images/8603ab6d28a84ded201efb948c15afffc342ab06f6ae2c26ca09f35c9214bc20.jpg","https://www.tulloch-homes.com/assets/000/004/413/Willow_showhome_AS_%2814%29_gallery_landscape_image.jpg?1784804735","This is a photograph of a bedroom."
"Conon Green","Elm · Plot 31","3","https://www.tulloch-homes.com/homes-for-sale/15-conon-bridge/820-elm","images/7f8db8607d0b99d66870a6963815d51e99d6123deef5ebb877ef9cf1ca388715.jpg","https://www.tulloch-homes.com/assets/000/003/296/FH___CW_Elm_Kitchen_AS_gallery_landscape_image.jpg?1749124442","This is a photograph of a furnished dining room."
"Conon Green","Elm · Plot 31","3","https://www.tulloch-homes.com/homes-for-sale/15-conon-bridge/820-elm","images/a4d8903f53427e13a13ccbda39bb9195267a1d35e43cb0c2e834e8e71860e586.jpg","https://www.tulloch-homes.com/assets/000/003/295/FH___CW_Lounge_AS_gallery_landscape_image.jpg?1749124487","This is a photograph of a furnished living room."
"Conon Green","Elm · Plot 31","3","https://www.tulloch-homes.com/homes-for-sale/15-conon-bridge/820-elm","images/b628b7829d7212a920371f3d5d9f548d740e501cf0772cac55c25285ab22f8b8.jpg","https://www.tulloch-homes.com/assets/000/003/294/FH___CW_Elm_Bedroom_AS_gallery_landscape_image.jpg?1749124450","This is a photograph of a furnished bedroom."
"Conon Green","Ness · Plot 30","3","https://www.tulloch-homes.com/homes-for-sale/15-conon-bridge/819-ness","images/1a8480b6c8b5bf22976a5b93448c7cd9b1fe58f13ad419b8574fdf83eec5b916.jpg","https://www.tulloch-homes.com/assets/000/003/053/PV_Ness_Kitchen_gallery_landscape_image.jpg?1737374979","This is a photograph of a kitchen and dining area."
"Conon Green","Ness · Plot 30","3","https://www.tulloch-homes.com/homes-for-sale/15-conon-bridge/819-ness","images/6a4b0d323a4252abe82e6e41b60b0023b2191e81b3ecd232cc38ce9942aa7ced.jpg","https://www.tulloch-homes.com/assets/000/003/389/CW_Riverford_Ness_Lounge_OPP_gallery_landscape_image.jpg?1752748389","This is a photograph of a living room."
"Conon Green","Ness · Plot 30","3","https://www.tulloch-homes.com/homes-for-sale/15-conon-bridge/819-ness","images/0cffb08672da565c746ad1cf0690ee43e64194d9419f265165c4b3b69a3f00b3.jpg","https://www.tulloch-homes.com/assets/000/003/054/PV_Ness_Bedroom_OPP_gallery_landscape_image.jpg?1737374951","This is a photograph of a bedroom."
"Conon Green","Ness · Plot 30","3","https://www.tulloch-homes.com/homes-for-sale/15-conon-bridge/819-ness","images/a9ee730b875a1f0c25d0272ed63f97b36c9a837d3259b8e9d1147a6dfa65c4a7.jpg","https://www.tulloch-homes.com/assets/000/001/012/WG-Ness_bedroom_2-OPP_gallery_landscape_image.jpg?1683547733","This is a photograph of a bedroom."
"Conon Green","Ness · Plot 30","3","https://www.tulloch-homes.com/homes-for-sale/15-conon-bridge/819-ness","images/8f2c36b30f921a2c90c03cbe71c0d5ea38383cc83a6fbefb25473fb09fb5bded.jpg","https://www.tulloch-homes.com/assets/000/001/015/WG-Ness_bedroom_3-OPP_gallery_landscape_image.jpg?1683547771","This is a photograph of a child's bedroom."
"Conon Green","Willow · Plot 119","4","https://www.tulloch-homes.com/homes-for-sale/15-conon-bridge/822-willow","images/c5a2eebc1eadb0704475ed459290d12f1aec7836286c272915fd0c6764a80eaa.jpg","https://www.tulloch-homes.com/assets/000/004/416/Willow_showhome_OPP_%282%29_gallery_landscape_image.jpg?1784805903","This is a photograph of a real dining room."
"Conon Green","Willow · Plot 119","4","https://www.tulloch-homes.com/homes-for-sale/15-conon-bridge/822-willow","images/484342367ac5bd496f50405690b7aaab79f9358cd3840d0a25873491d44804fd.jpg","https://www.tulloch-homes.com/assets/000/004/417/Willow_showhome_OPP_%283%29_gallery_landscape_image.jpg?1784805920","This is a photograph of a real kitchen and dining room."
"Conon Green","Willow · Plot 119","4","https://www.tulloch-homes.com/homes-for-sale/15-conon-bridge/822-willow","images/926c7b4df8d8a815458a78572b2b49c984afd0185956ee893b4f3bb1b8e9a366.jpg","https://www.tulloch-homes.com/assets/000/004/419/Willow_showhome_OPP_%285%29_gallery_landscape_image.jpg?1784805953","This is a photograph of a real living room."
"Conon Green","Willow · Plot 119","4","https://www.tulloch-homes.com/homes-for-sale/15-conon-bridge/822-willow","images/b0e4e3586a93200f7c2ecdafb988a26d3ca07fa4fcd93b4c862a1131ca7bee69.jpg","https://www.tulloch-homes.com/assets/000/004/420/Willow_showhome_OPP_%286%29_gallery_landscape_image.jpg?1784805965","This is a photograph of a real kitchen."
"Conon Green","Willow · Plot 119","4","https://www.tulloch-homes.com/homes-for-sale/15-conon-bridge/822-willow","images/484f673bedccfb2defa5bde526e1ca81eef9cbb38a4659524712024fbf3abd01.jpg","https://www.tulloch-homes.com/assets/000/004/415/Willow_showhome_OPP_%281%29_gallery_landscape_image.jpg?1784805835","This is a photograph of a real living room."
"Conon Green","Willow · Plot 119","4","https://www.tulloch-homes.com/homes-for-sale/15-conon-bridge/822-willow","images/4e3525e83ea5e93bed2fe7158d5420b0ffa67c40e15d02ba10a55300171ddf4a.jpg","https://www.tulloch-homes.com/assets/000/004/421/Willow_showhome_OPP_%287%29_gallery_landscape_image.jpg?1784805975","This is a photograph of a real kitchen and dining room."
"Conon Green","Willow · Plot 119","4","https://www.tulloch-homes.com/homes-for-sale/15-conon-bridge/822-willow","images/58332971ba28590738ac87f77effcbbf3959ecbc87e7e8cc90a708065c6edb3a.jpg","https://www.tulloch-homes.com/assets/000/004/418/Willow_showhome_OPP_%284%29_gallery_landscape_image.jpg?1784805942","The room contains laundry appliances and a sink, typical of a utility room."
"Conon Green","Willow · Plot 119","4","https://www.tulloch-homes.com/homes-for-sale/15-conon-bridge/822-willow","images/5ec34865cf8b579425615fe8df63623df8d1da82f60f7a29bd33f73686e59829.jpg","https://www.tulloch-homes.com/assets/000/004/422/Willow_showhome_OPP_%288%29_gallery_landscape_image.jpg?1784805986","The space is a fully equipped kitchen with cabinetry, appliances, and a breakfast bar."
"Conon Green","Willow · Plot 119","4","https://www.tulloch-homes.com/homes-for-sale/15-conon-bridge/822-willow","images/dee2999691a9073c663e2ce0528204ee0ea4210a1980915e4e1aae370426a293.jpg","https://www.tulloch-homes.com/assets/000/004/423/Willow_showhome_OPP_%289%29_gallery_landscape_image.jpg?1784805993","The area serves as an entrance and circulation space with a staircase."
"Conon Green","Willow · Plot 119","4","https://www.tulloch-homes.com/homes-for-sale/15-conon-bridge/822-willow","images/28552a9f1f12f1899e4b76e9d82a406bb280cd624ea82c5cd44135de82ab8b8c.jpg","https://www.tulloch-homes.com/assets/000/004/425/Willow_showhome_OPP_%2811%29_gallery_landscape_image.jpg?1784805855","The room is furnished as a bedroom with a bed and associated furniture."
"Conon Green","Willow · Plot 119","4","https://www.tulloch-homes.com/homes-for-sale/15-conon-bridge/822-willow","images/ddb81c34687c479d81bed5e78e09b92c6a581b951ed7747362d0780bca3a288c.jpg","https://www.tulloch-homes.com/assets/000/004/414/Willow_showhome_OPP_%2815%29_gallery_landscape_image.jpg?1784805893","The room is furnished as a bedroom with a bed and associated furniture."
"Conon Green","Willow · Plot 119","4","https://www.tulloch-homes.com/homes-for-sale/15-conon-bridge/822-willow","images/358232c9f99bc871d795ec3b6f1ec6eb451d55822bbef6c7a8c887696fb25d38.jpg","https://www.tulloch-homes.com/assets/000/004/424/Willow_showhome_OPP_%2810%29_gallery_landscape_image.jpg?1784805845","The room is furnished as a bedroom with a bed and associated furniture."
"Conon Green","Willow · Plot 119","4","https://www.tulloch-homes.com/homes-for-sale/15-conon-bridge/822-willow","images/82f626a6de20624846131fa7bbab2ded4a11cdf29eb7baa43c21b58adc4b0f8e.jpg","https://www.tulloch-homes.com/assets/000/004/426/Willow_showhome_OPP_%2812%29_gallery_landscape_image.jpg?1784805864","The room is furnished as a bedroom with a bed and associated furniture."
"Conon Green","Willow · Plot 119","4","https://www.tulloch-homes.com/homes-for-sale/15-conon-bridge/822-willow","images/4d3cd952c8f95fe14cda4ce797b0f7fe93e66c753864c99869605427b7fe553b.jpg","https://www.tulloch-homes.com/assets/000/004/427/Willow_showhome_OPP_%2813%29_gallery_landscape_image.jpg?1784805874","The room is furnished as a bedroom with a bed and associated furniture."
"Conon Green","Willow · Plot 119","4","https://www.tulloch-homes.com/homes-for-sale/15-conon-bridge/822-willow","images/59453f187b3d0c52ef97bcec5abe67f4bdbadc8e66b07dad6dff8c4610af52d3.jpg","https://www.tulloch-homes.com/assets/000/004/428/Willow_showhome_OPP_%2814%29_gallery_landscape_image.jpg?1784805885","This is a photograph of a furnished bedroom."
"Conon Green","Tarvie · Plot 118","4","https://www.tulloch-homes.com/homes-for-sale/15-conon-bridge/824-tarvie","images/29bdff87d6fb82f19e02393a15e6649062a0dad4c9eed873524c2ac66ecd3bdd.jpg","https://www.tulloch-homes.com/assets/000/004/507/Tarvie_4_AS_gallery_landscape_image.jpg?1790841468","This is a photograph of a furnished living room."
"Conon Green","Tarvie · Plot 118","4","https://www.tulloch-homes.com/homes-for-sale/15-conon-bridge/824-tarvie","images/49e3aa11ec2bdb5d183564c9a5c998f008e628dba40a873d70e628eb5fcae07c.jpg","https://www.tulloch-homes.com/assets/000/004/488/Tarvie_10_AS_gallery_landscape_image.jpg?1790782347","This is a photograph of a dining room."
"Conon Green","Tarvie · Plot 118","4","https://www.tulloch-homes.com/homes-for-sale/15-conon-bridge/824-tarvie","images/3ebcf32ea08dd857edf563870023b5788739468a1f03c111a7cb1fa522346d4a.jpg","https://www.tulloch-homes.com/assets/000/004/497/Tarvie_19_AS_gallery_landscape_image.jpg?1790782451","This is a photograph of a bedroom."
"Conon Green","Tarvie · Plot 118","4","https://www.tulloch-homes.com/homes-for-sale/15-conon-bridge/824-tarvie","images/de7f5f5c2fb5756a34ddc6d0d3df3640d2783d1ca43cfcc8afa38519373dc172.jpg","https://www.tulloch-homes.com/assets/000/004/490/Tarvie_12_AS_gallery_landscape_image.jpg?1790842169","This is a photograph of a dining room."
"Conon Green","Tarvie · Plot 118","4","https://www.tulloch-homes.com/homes-for-sale/15-conon-bridge/824-tarvie","images/88070d2a1326b61006ddc9e2ef715de77db3c52e80eb40d260dbad1f9fefabc3.jpg","https://www.tulloch-homes.com/assets/000/004/491/Tarvie_13_AS_gallery_landscape_image.jpg?1790782382","This is a photograph of a kitchen."
"Conon Green","Tarvie · Plot 118","4","https://www.tulloch-homes.com/homes-for-sale/15-conon-bridge/824-tarvie","images/ae4a23f5fe0694b64be7bf0dcb1726da91ac7939040e9599b3720d148412abad.jpg","https://www.tulloch-homes.com/assets/000/004/489/Tarvie_11_AS_gallery_landscape_image.jpg?1790782359","This is a photograph of a dining room."
"Conon Green","Tarvie · Plot 118","4","https://www.tulloch-homes.com/homes-for-sale/15-conon-bridge/824-tarvie","images/5bbba35bf1af230e611d81bc1bacd3f41675e4af3f17ee794f1de2283774aabb.jpg","https://www.tulloch-homes.com/assets/000/004/492/Tarvie_14_AS_gallery_landscape_image.jpg?1790782391","This is a functional bathroom/cloakroom space."
"Conon Green","Tarvie · Plot 118","4","https://www.tulloch-homes.com/homes-for-sale/15-conon-bridge/824-tarvie","images/438ef4329bac54521256f70edba1c3ab1552b35b0748a54795158bd611bca2fd.jpg","https://www.tulloch-homes.com/assets/000/004/500/Tarvie_22_AS_gallery_landscape_image.jpg?1790782502","This is a furnished bedroom."
"Conon Green","Tarvie · Plot 118","4","https://www.tulloch-homes.com/homes-for-sale/15-conon-bridge/824-tarvie","images/551159ae3a07dbcbb4d5520d3059a11dcab475971fd1c0cad18217ae3a026b39.jpg","https://www.tulloch-homes.com/assets/000/004/501/Tarvie_23_gallery_landscape_image.jpg?1790782523","This is a furnished bedroom."
"Conon Green","Tarvie · Plot 118","4","https://www.tulloch-homes.com/homes-for-sale/15-conon-bridge/824-tarvie","images/0bb0e65d351bceb3b8191cf935a3acb515c6d31deb2844c05497cb24401d8297.jpg","https://www.tulloch-homes.com/assets/000/004/502/Tarvie_24_gallery_landscape_image.jpg?1790782532","This is a furnished bedroom."
"Conon Green","Tarvie · Plot 118","4","https://www.tulloch-homes.com/homes-for-sale/15-conon-bridge/824-tarvie","images/d19d65b57978535b69169461e323c36926b4a7e56293847407b67d71b774e730.jpg","https://www.tulloch-homes.com/assets/000/004/503/Tarvie_25_AS_gallery_landscape_image.jpg?1790782540","This is a functional bathroom."
"Conon Green","Tarvie · Plot 118","4","https://www.tulloch-homes.com/homes-for-sale/15-conon-bridge/824-tarvie","images/5dbe89a73fcf043bed5b5a6278a9f0786afecca0c1fa9c87b16c5cb27038a99c.jpg","https://www.tulloch-homes.com/assets/000/004/484/Tarvie_6_AS_gallery_landscape_image.jpg?1790782592","This is a furnished living room."
"Conon Green","Tarvie · Plot 118","4","https://www.tulloch-homes.com/homes-for-sale/15-conon-bridge/824-tarvie","images/f313f7b313976f636ca011d8e4fa68c44df6830ff33a4b4b4a4aa23ccb980577.jpg","https://www.tulloch-homes.com/assets/000/004/487/Tarvie_9_AS_gallery_landscape_image.jpg?1790782617","This is a kitchen and dining area."
"Conon Green","Tarvie · Plot 118","4","https://www.tulloch-homes.com/homes-for-sale/15-conon-bridge/824-tarvie","images/9db677c45c250d8aaff5ea878fade61f7c695a57ed022d90d0541d527af33c0c.jpg","https://www.tulloch-homes.com/assets/000/004/506/Tarvie_3_AS_gallery_landscape_image.jpg?1790782552","This is a residential hallway and staircase."
"Conon Green","Tarvie · Plot 88","4","https://www.tulloch-homes.com/homes-for-sale/15-conon-bridge/833-tarvie","images/c82d0a55fc09338d18e154bbca2cd043de7d80627626d3da807c7153043f0b17.jpg","https://www.tulloch-homes.com/assets/000/004/529/Tarvie_10_OPP_gallery_landscape_image.jpg?1790850335","This is a photograph of a furnished dining room."
"Conon Green","Tarvie · Plot 88","4","https://www.tulloch-homes.com/homes-for-sale/15-conon-bridge/833-tarvie","images/f7d9a7bdeb57b6fa4bdb83ca816b20011173f888a51b9fcf706bfaac8f3e5d66.jpg","https://www.tulloch-homes.com/assets/000/004/530/Tarvie_11_OPP_gallery_landscape_image.jpg?1790850342","This is a photograph of a furnished dining room."
"Conon Green","Tarvie · Plot 88","4","https://www.tulloch-homes.com/homes-for-sale/15-conon-bridge/833-tarvie","images/5e26043e79780016cf11c546dd629165c12c60b7bbb170907002c41acbac0a33.jpg","https://www.tulloch-homes.com/assets/000/004/531/Tarvie_12_OPP_gallery_landscape_image.jpg?1790850355","This is a photograph of a furnished dining room."
"Conon Green","Tarvie · Plot 88","4","https://www.tulloch-homes.com/homes-for-sale/15-conon-bridge/833-tarvie","images/b44e202095b640ff660a5021529fbb1bc63f9456ceaed1d7a76143bd35ca7e1f.jpg","https://www.tulloch-homes.com/assets/000/004/532/Tarvie_13_OPP_gallery_landscape_image.jpg?1790850364","The image shows a functional kitchen space with cabinetry and appliances."
"Conon Green","Tarvie · Plot 88","4","https://www.tulloch-homes.com/homes-for-sale/15-conon-bridge/833-tarvie","images/1ab0b1e9361affcfc0f8e43166cab29eeb622b0a9347d0d962f1557865cc28bc.jpg","https://www.tulloch-homes.com/assets/000/004/533/Tarvie_14_OPP_gallery_landscape_image.jpg?1790850372","The image depicts a bathroom or cloakroom with sanitary fixtures."
"Conon Green","Tarvie · Plot 88","4","https://www.tulloch-homes.com/homes-for-sale/15-conon-bridge/833-tarvie","images/c4241d0ae9924747d830cc23f5292f6d39abc84de80326a814e12e7cfab29f07.jpg","https://www.tulloch-homes.com/assets/000/004/514/Tarvie_19_OPP_gallery_landscape_image.jpg?1790850418","The image shows a furnished bedroom."
"Conon Green","Tarvie · Plot 88","4","https://www.tulloch-homes.com/homes-for-sale/15-conon-bridge/833-tarvie","images/6cfeff6a1221eb4827ae5a027129949f9ffa6c0126c8b7ffa76022f694ac841d.jpg","https://www.tulloch-homes.com/assets/000/004/516/Tarvie_22_OPP_gallery_landscape_image.jpg?1790850450","The image shows a furnished bedroom."
"Conon Green","Tarvie · Plot 88","4","https://www.tulloch-homes.com/homes-for-sale/15-conon-bridge/833-tarvie","images/61d3d15c16e9096d33ece6603b3e770fa8d88829e4b0120ed4eb6f5312366db3.jpg","https://www.tulloch-homes.com/assets/000/004/517/Tarvie_23_OPP_gallery_landscape_image.jpg?1790850476","The image shows a furnished bedroom."
"Conon Green","Tarvie · Plot 88","4","https://www.tulloch-homes.com/homes-for-sale/15-conon-bridge/833-tarvie","images/4f9ebcb5c0caa2ea311449c1be5abaa86733712b0d8dff2be641b391c362b675.jpg","https://www.tulloch-homes.com/assets/000/004/518/Tarvie_24_OPP_gallery_landscape_image.jpg?1790850494","The image shows a furnished bedroom."
"Conon Green","Tarvie · Plot 88","4","https://www.tulloch-homes.com/homes-for-sale/15-conon-bridge/833-tarvie","images/9276ec88190a9089dda36119057e8ce6a094099717a653ef8f1a6609061da9a4.jpg","https://www.tulloch-homes.com/assets/000/004/519/Tarvie_25_OPP_gallery_landscape_image.jpg?1790850506","The image shows a bathroom with sanitary fixtures."
"Conon Green","Tarvie · Plot 88","4","https://www.tulloch-homes.com/homes-for-sale/15-conon-bridge/833-tarvie","images/cb40a08be53e7e5d89879c265c3c6b2e9a9e04eb79afca36f0e407a11755608c.jpg","https://www.tulloch-homes.com/assets/000/004/523/Tarvie_4_OPP_gallery_landscape_image.jpg?1790850561","The image shows a furnished living room."
"Conon Green","Tarvie · Plot 88","4","https://www.tulloch-homes.com/homes-for-sale/15-conon-bridge/833-tarvie","images/ae40829059571fde6289108bbe15f4d52dfc0836690d82a063519f97b2245b58.jpg","https://www.tulloch-homes.com/assets/000/004/525/Tarvie_6_OPP_gallery_landscape_image.jpg?1790850584","This is a photograph of a furnished living room."
"Conon Green","Tarvie · Plot 88","4","https://www.tulloch-homes.com/homes-for-sale/15-conon-bridge/833-tarvie","images/544a63d1f32c4242b298890c40f8efa6b5ba024c5c8f2fd7ad279ae2e5ff399d.jpg","https://www.tulloch-homes.com/assets/000/004/528/Tarvie_9_OPP_gallery_landscape_image.jpg?1790850627","This is a photograph of a kitchen."
"Conon Green","Tarvie · Plot 88","4","https://www.tulloch-homes.com/homes-for-sale/15-conon-bridge/833-tarvie","images/beef7bdba18aacc69b20ac61983dba9cc9866961834f70297968b8904f22b6eb.jpg","https://www.tulloch-homes.com/assets/000/004/522/Tarvie_3_OPP_gallery_landscape_image.jpg?1790850549","This is a photograph of a hallway and staircase."
"Conon Green","Beech · Plot 75","3","https://www.tulloch-homes.com/homes-for-sale/15-conon-bridge/944-beech","images/44227614b713fab62c8707c04545eea6b9cccf09ec995f8f29e05c15e658d37d.jpg","https://www.tulloch-homes.com/assets/000/004/219/Conon_Green_Beech_Kitchen_AS_gallery_landscape_image.jpg?1774612045","This is a computer-generated image of a kitchen."
"Conon Green","Beech · Plot 75","3","https://www.tulloch-homes.com/homes-for-sale/15-conon-bridge/944-beech","images/e17df9b83bd4c5f167daa496646b8f93a1bd1b5e14f93c5adb8593579439bdb9.jpg","https://www.tulloch-homes.com/assets/000/000/636/Beech_Lounge_HV_AS_2_gallery_landscape_image.jpg?1683204166","This is a computer-generated image of a living and dining room."
"Conon Green","Beech · Plot 75","3","https://www.tulloch-homes.com/homes-for-sale/15-conon-bridge/944-beech","images/57205b42bc4c39fb157f4cfbb7c85f5cb6343f0d6f9e3345ae815328c7703139.jpg","https://www.tulloch-homes.com/assets/000/000/634/Beech_Bedroom_1_HV_AS_gallery_landscape_image.jpg?1683204014","This is a computer-generated image of a bedroom."
"Conon Green","Lochy · Plot 76","3","https://www.tulloch-homes.com/homes-for-sale/15-conon-bridge/943-lochy","images/6020584a69f09154ac1ec8414b2a55c1659f9c9bdc384d12d45ba2c0b3247550.jpg","https://www.tulloch-homes.com/assets/000/001/004/WG-Lochy_lounge_2-AS_gallery_landscape_image.jpg?1683546927","This is a photograph of a furnished living room."
"Conon Green","Lochy · Plot 76","3","https://www.tulloch-homes.com/homes-for-sale/15-conon-bridge/943-lochy","images/6539c7ab30832415fbd20404072f9de1302e9f4a186ca058dcdbbb7689403f4e.jpg","https://www.tulloch-homes.com/assets/000/003/418/Riverford_Lochy_Kitchen_AS_gallery_landscape_image.jpg?1753713921","This is a photograph of a furnished open-plan living space."
"Conon Green","Lochy · Plot 76","3","https://www.tulloch-homes.com/homes-for-sale/15-conon-bridge/943-lochy","images/dadbb0066095615273cd614e02ef5508b59d3a62754a6d82d4584b74fd57fc1e.jpg","https://www.tulloch-homes.com/assets/000/001/005/WG_Lochy_Kitchen_AS_gallery_landscape_image.jpg?1753715234","This is a photograph of a furnished living and dining area."
"Conon Green","Lochy · Plot 76","3","https://www.tulloch-homes.com/homes-for-sale/15-conon-bridge/943-lochy","images/d98eab33daa454ce21e95e9266a8aef7bd6b04f126698d66899e64b33da9b49f.jpg","https://www.tulloch-homes.com/assets/000/001/006/bedroom_1-_05_gallery_landscape_image.jpg?1753794657","This is a photograph of a furnished bedroom."
"Conon Green","Lochy · Plot 76","3","https://www.tulloch-homes.com/homes-for-sale/15-conon-bridge/943-lochy","images/563d8c0607e31d8bdfe326d844e8362aa263c580f60801b8d007e1365d72cf16.jpg","https://www.tulloch-homes.com/assets/000/001/007/bedroom_2-02_gallery_landscape_image.jpg?1753795270","This is a photograph of a furnished bedroom."
"Conon Green","Lochy · Plot 76","3","https://www.tulloch-homes.com/homes-for-sale/15-conon-bridge/943-lochy","images/0193f340da57591d11b88cddb9d8de908d8c34a7ac8c11a405805a19c031380b.jpg","https://www.tulloch-homes.com/assets/000/001/008/bedroom_3-_01_gallery_landscape_image.jpg?1753715433","This is a photograph of a furnished child's bedroom."
"The Maples","Heather · Plot 213","2","https://www.tulloch-homes.com/homes-for-sale/1-inverness-maples/754-heather","images/a10c032ecfeb1736ba77cd329b0008e0e01ac9528aa2c174ccefdd6da5e05605.jpg","https://www.tulloch-homes.com/assets/000/003/477/Maples_Heather_Lounge_-_plots_213__215__217__219_gallery_landscape_image.jpg?1756204583","This is a photograph of a furnished living room."
"The Maples","Heather · Plot 213","2","https://www.tulloch-homes.com/homes-for-sale/1-inverness-maples/754-heather","images/a7ec63414a751f525e7076736ceb571c0aa3699ab6ef4b85b0002d0d12877b0b.jpg","https://www.tulloch-homes.com/assets/000/003/480/Maples_Heather_Kitchen_1_-_plots_213__215__217__219_gallery_landscape_image.jpg?1756204566","This is a photograph of a kitchen area."
"The Maples","Heather · Plot 213","2","https://www.tulloch-homes.com/homes-for-sale/1-inverness-maples/754-heather","images/69a49a8165dc3b12c9302fd2c418dea55d39e93f5a3cf2880eab37e1c390e5a5.jpg","https://www.tulloch-homes.com/assets/000/003/479/Maples_Heather_Kitchen_2_-_plots_213__215__217__219_gallery_landscape_image.jpg?1756204576","This is a photograph of a kitchen area."
"The Maples","Heather · Plot 213","2","https://www.tulloch-homes.com/homes-for-sale/1-inverness-maples/754-heather","images/344736ab0383a77667e081c1c8aba235141bb010ab253e462ae75929b2cdbe06.jpg","https://www.tulloch-homes.com/assets/000/003/425/Bracken_and_Heather_exterior_-_rear_main_gallery_landscape_image.jpg?1755526684","This is an architectural rendering of a building exterior."
"The Maples","Bracken · Plot 214","2","https://www.tulloch-homes.com/homes-for-sale/1-inverness-maples/755-bracken","images/f6ccee4fdb5b55c55947f45b7a49e68d181282af2ecfd7dc8457344122f645d2.jpg","https://www.tulloch-homes.com/assets/000/003/358/Bracken___Heather_Exterior_Maples_gallery_landscape_image.jpg?1756813390","This is an architectural rendering of a building exterior."
"The Maples","Bracken · Plot 214","2","https://www.tulloch-homes.com/homes-for-sale/1-inverness-maples/755-bracken","images/f9ccb988f6a78147d0b2a0932d1fab1a607718ca44d2fd0ef243650f4b764b3e.jpg","https://www.tulloch-homes.com/assets/000/003/457/Bracken_kitchen_214__216__218__220_gallery_landscape_image.jpg?1756136612","This is a photograph of a kitchen and dining area."
"The Maples","Bracken · Plot 214","2","https://www.tulloch-homes.com/homes-for-sale/1-inverness-maples/755-bracken","images/9d102df4ba08b2f0a471213e6437131de1dd96f43ed73ac29c9aae4d93b523d6.jpg","https://www.tulloch-homes.com/assets/000/003/458/Bracken_214__216__218__220_gallery_landscape_image.jpg?1756815330","This is a photograph of a living room."
"The Maples","Bracken · Plot 214","2","https://www.tulloch-homes.com/homes-for-sale/1-inverness-maples/755-bracken","images/3acd8ddcbbaaadecd7094a678bdf95f0ecdccde7fb7b9a5e73733785e1b623e5.jpg","https://www.tulloch-homes.com/assets/000/003/517/Bracken_bedroom_1_yellow_-_GF_plot_214_gallery_landscape_image.jpg?1756470397","This is a photograph of a bedroom."
"The Maples","Bracken · Plot 214","2","https://www.tulloch-homes.com/homes-for-sale/1-inverness-maples/755-bracken","images/f03e05ac6f9dee2fa6921489c3ac9ab52528400f8fad83ae91eb299f34429ea6.jpg","https://www.tulloch-homes.com/assets/000/003/442/Bracken_Bedroom_2_yellow_-_plots_214__216__218__220_gallery_landscape_image.jpg?1755528846","This is a photograph of a bedroom/study."
"The Maples","Heather · Plot 215","2","https://www.tulloch-homes.com/homes-for-sale/1-inverness-maples/758-heather","images/a10c032ecfeb1736ba77cd329b0008e0e01ac9528aa2c174ccefdd6da5e05605.jpg","https://www.tulloch-homes.com/assets/000/003/477/Maples_Heather_Lounge_-_plots_213__215__217__219_gallery_landscape_image.jpg?1756204583","This is a photograph of a furnished living room."
"The Maples","Heather · Plot 215","2","https://www.tulloch-homes.com/homes-for-sale/1-inverness-maples/758-heather","images/a7ec63414a751f525e7076736ceb571c0aa3699ab6ef4b85b0002d0d12877b0b.jpg","https://www.tulloch-homes.com/assets/000/003/480/Maples_Heather_Kitchen_1_-_plots_213__215__217__219_gallery_landscape_image.jpg?1756204566","This is a photograph of a kitchen area."
"The Maples","Heather · Plot 215","2","https://www.tulloch-homes.com/homes-for-sale/1-inverness-maples/758-heather","images/69a49a8165dc3b12c9302fd2c418dea55d39e93f5a3cf2880eab37e1c390e5a5.jpg","https://www.tulloch-homes.com/assets/000/003/479/Maples_Heather_Kitchen_2_-_plots_213__215__217__219_gallery_landscape_image.jpg?1756204576","This is a photograph of a kitchen area."
"The Maples","Heather · Plot 215","2","https://www.tulloch-homes.com/homes-for-sale/1-inverness-maples/758-heather","images/344736ab0383a77667e081c1c8aba235141bb010ab253e462ae75929b2cdbe06.jpg","https://www.tulloch-homes.com/assets/000/003/425/Bracken_and_Heather_exterior_-_rear_main_gallery_landscape_image.jpg?1755526684","This is an architectural rendering of a building exterior."
"The Maples","Heather · Plot 215","2","https://www.tulloch-homes.com/homes-for-sale/1-inverness-maples/758-heather","images/fda234a2eabd8a35084b24b589f6d595505c04f399345b3e698c701409840213.jpg","https://www.tulloch-homes.com/assets/000/003/478/Maples_Heather_Bedroom_1_upper_floors__215__217__219_gallery_landscape_image.jpg?1756204553","This is a photograph of a bedroom."
"The Maples","Bracken · Plot 218","2","https://www.tulloch-homes.com/homes-for-sale/1-inverness-maples/763-bracken","images/f6ccee4fdb5b55c55947f45b7a49e68d181282af2ecfd7dc8457344122f645d2.jpg","https://www.tulloch-homes.com/assets/000/003/358/Bracken___Heather_Exterior_Maples_gallery_landscape_image.jpg?1756813390","This is an architectural rendering of a building exterior."
"The Maples","Bracken · Plot 218","2","https://www.tulloch-homes.com/homes-for-sale/1-inverness-maples/763-bracken","images/f9ccb988f6a78147d0b2a0932d1fab1a607718ca44d2fd0ef243650f4b764b3e.jpg","https://www.tulloch-homes.com/assets/000/003/457/Bracken_kitchen_214__216__218__220_gallery_landscape_image.jpg?1756136612","This is a photograph of a kitchen and dining area."
"The Maples","Bracken · Plot 218","2","https://www.tulloch-homes.com/homes-for-sale/1-inverness-maples/763-bracken","images/f7d525eaca85160eca4a93d1cc5479d4b518af2d3e58d28f0640442a9381c442.jpg","https://www.tulloch-homes.com/assets/000/003/456/Bracken_kitchen_-_upper_floors_216__218__220_gallery_landscape_image.jpg?1756136547","This is a photograph of a living room."
"The Maples","Bracken · Plot 218","2","https://www.tulloch-homes.com/homes-for-sale/1-inverness-maples/763-bracken","images/bf45a24fbc1b7b4a31ee9059023e7566e0a7426043cbf5977a0d1395589a6665.jpg","https://www.tulloch-homes.com/assets/000/003/443/Bracken_Bedroom_1_-_plots_214__216__218__220_gallery_landscape_image.jpg?1755528865","The image shows a furnished bedroom."
"The Maples","Bracken · Plot 218","2","https://www.tulloch-homes.com/homes-for-sale/1-inverness-maples/763-bracken","images/f03e05ac6f9dee2fa6921489c3ac9ab52528400f8fad83ae91eb299f34429ea6.jpg","https://www.tulloch-homes.com/assets/000/003/442/Bracken_Bedroom_2_yellow_-_plots_214__216__218__220_gallery_landscape_image.jpg?1755528846","This is a photograph of a bedroom/study."
"The Maples","Bracken · Plot 216","2","https://www.tulloch-homes.com/homes-for-sale/1-inverness-maples/759-bracken","images/f6ccee4fdb5b55c55947f45b7a49e68d181282af2ecfd7dc8457344122f645d2.jpg","https://www.tulloch-homes.com/assets/000/003/358/Bracken___Heather_Exterior_Maples_gallery_landscape_image.jpg?1756813390","This is an architectural rendering of a building exterior."
"The Maples","Bracken · Plot 216","2","https://www.tulloch-homes.com/homes-for-sale/1-inverness-maples/759-bracken","images/f9ccb988f6a78147d0b2a0932d1fab1a607718ca44d2fd0ef243650f4b764b3e.jpg","https://www.tulloch-homes.com/assets/000/003/457/Bracken_kitchen_214__216__218__220_gallery_landscape_image.jpg?1756136612","This is a photograph of a kitchen and dining area."
"The Maples","Bracken · Plot 216","2","https://www.tulloch-homes.com/homes-for-sale/1-inverness-maples/759-bracken","images/f7d525eaca85160eca4a93d1cc5479d4b518af2d3e58d28f0640442a9381c442.jpg","https://www.tulloch-homes.com/assets/000/003/456/Bracken_kitchen_-_upper_floors_216__218__220_gallery_landscape_image.jpg?1756136547","This is a photograph of a living room."
"The Maples","Bracken · Plot 216","2","https://www.tulloch-homes.com/homes-for-sale/1-inverness-maples/759-bracken","images/bf45a24fbc1b7b4a31ee9059023e7566e0a7426043cbf5977a0d1395589a6665.jpg","https://www.tulloch-homes.com/assets/000/003/443/Bracken_Bedroom_1_-_plots_214__216__218__220_gallery_landscape_image.jpg?1755528865","The image shows a furnished bedroom."
"The Maples","Bracken · Plot 216","2","https://www.tulloch-homes.com/homes-for-sale/1-inverness-maples/759-bracken","images/f03e05ac6f9dee2fa6921489c3ac9ab52528400f8fad83ae91eb299f34429ea6.jpg","https://www.tulloch-homes.com/assets/000/003/442/Bracken_Bedroom_2_yellow_-_plots_214__216__218__220_gallery_landscape_image.jpg?1755528846","This is a photograph of a bedroom/study."
"The Maples","Etive · Plot 515","4","https://www.tulloch-homes.com/homes-for-sale/1-inverness-maples/919-etive","images/448954151376bcec091b9540c8afe0040f93d81615c81f09840590907b6e41e1.jpg","https://www.tulloch-homes.com/assets/000/004/266/tulloch-homes-parks-view-etive-plot-313-photos-apr-26-27_gallery_landscape_image.jpg?1776784679","The image shows a furnished living area with seating and decor."
"The Maples","Etive · Plot 515","4","https://www.tulloch-homes.com/homes-for-sale/1-inverness-maples/919-etive","images/b00a12e1bdac15f1733e35a868b6ea648e81bf0072bb23b534e09d7ebdaf0176.jpg","https://www.tulloch-homes.com/assets/000/004/269/tulloch-homes-parks-view-etive-plot-313-photos-apr-26-33_gallery_landscape_image.jpg?1776784463","The image shows a furnished living area with seating."
"The Maples","Etive · Plot 515","4","https://www.tulloch-homes.com/homes-for-sale/1-inverness-maples/919-etive","images/27b8d8f1688ff7626e856b70e2f42fff7168d243dd2a850cd16260a9770950c3.jpg","https://www.tulloch-homes.com/assets/000/004/270/tulloch-homes-parks-view-etive-plot-313-photos-apr-26-39_gallery_landscape_image.jpg?1776784469","The image shows a kitchen and dining area."
"The Maples","Etive · Plot 515","4","https://www.tulloch-homes.com/homes-for-sale/1-inverness-maples/919-etive","images/3262db27f057ce2643f9789a495c2a0007ac84ce8650cdff70d18f821ee1c131.jpg","https://www.tulloch-homes.com/assets/000/004/271/tulloch-homes-parks-view-etive-plot-313-photos-apr-26-43_gallery_landscape_image.jpg?1776784474","The image shows a kitchen space."
"The Maples","Etive · Plot 515","4","https://www.tulloch-homes.com/homes-for-sale/1-inverness-maples/919-etive","images/3ef74e64de67c30b1bcfee7a1dc5a692bdf721187340d18b1b392fd00be16e0c.jpg","https://www.tulloch-homes.com/assets/000/004/274/tulloch-homes-parks-view-etive-plot-313-photos-apr-26-58_gallery_landscape_image.jpg?1776784493","The image shows a dining room setup."
"The Maples","Etive · Plot 515","4","https://www.tulloch-homes.com/homes-for-sale/1-inverness-maples/919-etive","images/9be91ea2fda5113f345ce09b7c241bba8e183e23e29997d4e393c5c0eaac7bad.jpg","https://www.tulloch-homes.com/assets/000/004/276/tulloch-homes-parks-view-etive-plot-313-photos-apr-26-62_gallery_landscape_image.jpg?1776784508","The image shows a utility or entrance area."
"The Maples","Etive · Plot 515","4","https://www.tulloch-homes.com/homes-for-sale/1-inverness-maples/919-etive","images/3d1ac9626f776b512cd27f8cd807cda221877aaff6f0b8b1599e75baedaf8997.jpg","https://www.tulloch-homes.com/assets/000/004/275/tulloch-homes-parks-view-etive-plot-313-photos-apr-26-35_gallery_landscape_image.jpg?1776784516","The image shows a residential hallway."
"The Maples","Etive · Plot 515","4","https://www.tulloch-homes.com/homes-for-sale/1-inverness-maples/919-etive","images/3c4bceeedcf18438b1758e4fef6e089d8f62c23caafc0bb249cf5a0b76f68beb.jpg","https://www.tulloch-homes.com/assets/000/004/281/tulloch-homes-parks-view-etive-plot-313-photos-apr-26-104_gallery_landscape_image.jpg?1776784564","The image shows a furnished bedroom."
"The Maples","Etive · Plot 515","4","https://www.tulloch-homes.com/homes-for-sale/1-inverness-maples/919-etive","images/affcc493d80beba3198ebb25cb702915a3aa4abbfece5122f70d168bd329f261.jpg","https://www.tulloch-homes.com/assets/000/004/282/tulloch-homes-parks-view-etive-plot-313-photos-apr-26-112_gallery_landscape_image.jpg?1776784569","This is a photograph of a furnished bedroom."
"The Maples","Etive · Plot 515","4","https://www.tulloch-homes.com/homes-for-sale/1-inverness-maples/919-etive","images/1e91c1ee31894628a4d5bf6ed274d9f36faa1c7fccf2667c1e97578eca043b61.jpg","https://www.tulloch-homes.com/assets/000/004/283/tulloch-homes-parks-view-etive-plot-313-photos-apr-26-113_gallery_landscape_image.jpg?1776784574","This is a photograph of a bathroom."
"The Maples","Etive · Plot 515","4","https://www.tulloch-homes.com/homes-for-sale/1-inverness-maples/919-etive","images/ae92086f8ae5478371e0865b317c2010fd9ecc09667fcc9bd64f2f02c0ffa812.jpg","https://www.tulloch-homes.com/assets/000/004/284/tulloch-homes-parks-view-etive-plot-313-photos-apr-26-91_gallery_landscape_image.jpg?1776784580","This is a photograph of a furnished bedroom."
"The Maples","Etive · Plot 515","4","https://www.tulloch-homes.com/homes-for-sale/1-inverness-maples/919-etive","images/eb9df11b08cb53f88c95c3dbf568607ce79082aa51b1ce2fb19503e015d1a14c.jpg","https://www.tulloch-homes.com/assets/000/004/287/tulloch-homes-parks-view-etive-plot-313-photos-apr-26-76_gallery_landscape_image.jpg?1776784825","This is a photograph of a bedroom that includes a desk."
"The Maples","Etive · Plot 515","4","https://www.tulloch-homes.com/homes-for-sale/1-inverness-maples/919-etive","images/ff29431fe83a90bcd903ec8e5f3dab05e5d7c846e508205594bc6d2e681ec856.jpg","https://www.tulloch-homes.com/assets/000/004/288/tulloch-homes-parks-view-etive-plot-313-photos-apr-26-83_gallery_landscape_image.jpg?1776784831","This is a photograph of a furnished bedroom."
"The Maples","Etive · Plot 515","4","https://www.tulloch-homes.com/homes-for-sale/1-inverness-maples/919-etive","images/76b0e06c018820d75d3ebdab1e5ca66b2131ef2beb740f2903e4efecd2ff8947.jpg","https://www.tulloch-homes.com/assets/000/004/289/tulloch-homes-parks-view-etive-plot-313-photos-apr-26-89_gallery_landscape_image.jpg?1776784362","This is a photograph of a bathroom."
"The Maples","Heather · Plot 217","2","https://www.tulloch-homes.com/homes-for-sale/1-inverness-maples/762-heather","images/a10c032ecfeb1736ba77cd329b0008e0e01ac9528aa2c174ccefdd6da5e05605.jpg","https://www.tulloch-homes.com/assets/000/003/477/Maples_Heather_Lounge_-_plots_213__215__217__219_gallery_landscape_image.jpg?1756204583","This is a photograph of a furnished living room."
"The Maples","Heather · Plot 217","2","https://www.tulloch-homes.com/homes-for-sale/1-inverness-maples/762-heather","images/a7ec63414a751f525e7076736ceb571c0aa3699ab6ef4b85b0002d0d12877b0b.jpg","https://www.tulloch-homes.com/assets/000/003/480/Maples_Heather_Kitchen_1_-_plots_213__215__217__219_gallery_landscape_image.jpg?1756204566","This is a photograph of a kitchen area."
"The Maples","Heather · Plot 217","2","https://www.tulloch-homes.com/homes-for-sale/1-inverness-maples/762-heather","images/69a49a8165dc3b12c9302fd2c418dea55d39e93f5a3cf2880eab37e1c390e5a5.jpg","https://www.tulloch-homes.com/assets/000/003/479/Maples_Heather_Kitchen_2_-_plots_213__215__217__219_gallery_landscape_image.jpg?1756204576","This is a photograph of a kitchen area."
"The Maples","Heather · Plot 217","2","https://www.tulloch-homes.com/homes-for-sale/1-inverness-maples/762-heather","images/344736ab0383a77667e081c1c8aba235141bb010ab253e462ae75929b2cdbe06.jpg","https://www.tulloch-homes.com/assets/000/003/425/Bracken_and_Heather_exterior_-_rear_main_gallery_landscape_image.jpg?1755526684","This is an architectural rendering of a building exterior."
"The Maples","Heather · Plot 217","2","https://www.tulloch-homes.com/homes-for-sale/1-inverness-maples/762-heather","images/fda234a2eabd8a35084b24b589f6d595505c04f399345b3e698c701409840213.jpg","https://www.tulloch-homes.com/assets/000/003/478/Maples_Heather_Bedroom_1_upper_floors__215__217__219_gallery_landscape_image.jpg?1756204553","This is a photograph of a bedroom."
"The Maples","Bracken · Plot 209","2","https://www.tulloch-homes.com/homes-for-sale/1-inverness-maples/760-bracken","images/f6ccee4fdb5b55c55947f45b7a49e68d181282af2ecfd7dc8457344122f645d2.jpg","https://www.tulloch-homes.com/assets/000/003/358/Bracken___Heather_Exterior_Maples_gallery_landscape_image.jpg?1756813390","This is an architectural rendering of a building exterior."
"The Maples","Bracken · Plot 209","2","https://www.tulloch-homes.com/homes-for-sale/1-inverness-maples/760-bracken","images/06f42720ca865b42691a206746c12a101009ec69fcfabb9a30dd0753cf437df9.jpg","https://www.tulloch-homes.com/assets/000/003/463/Bracken_Lounge_1_-_plots_205__207__209__211_gallery_landscape_image.jpg?1756136977","The image shows a furnished living and dining area."
"The Maples","Bracken · Plot 209","2","https://www.tulloch-homes.com/homes-for-sale/1-inverness-maples/760-bracken","images/e61279cd0349a27fb40f14c2b3d39e3e936e1c0dba5b81da4332ec8cbc974179.jpg","https://www.tulloch-homes.com/assets/000/003/464/Bracken_205__207__209__211_gallery_landscape_image.jpg?1756137204","The image shows a furnished open-plan living space."
"The Maples","Bracken · Plot 209","2","https://www.tulloch-homes.com/homes-for-sale/1-inverness-maples/760-bracken","images/2b9845a2228fe1fdc6df9ed196d39ff235c61cb47f13e7d219057ea6c019ec78.jpg","https://www.tulloch-homes.com/assets/000/003/432/Bracken_bedroom_1_yellow_-_plots_205__207__209__211_gallery_landscape_image.jpg?1755528889","The image shows a furnished bedroom."
"The Maples","Bracken · Plot 209","2","https://www.tulloch-homes.com/homes-for-sale/1-inverness-maples/760-bracken","images/28fd45e521ecc72a802cb3add2820d3fc299956a3048c69f1c4b8884ee2c6b57.jpg","https://www.tulloch-homes.com/assets/000/003/433/Bracken_Bedroom_2_yellow_-_plots_205__207__209__211_gallery_landscape_image.jpg?1755528881","The image shows a room furnished as both a study and a bedroom."
"The Maples","Bracken · Plot 209","2","https://www.tulloch-homes.com/homes-for-sale/1-inverness-maples/760-bracken","images/344736ab0383a77667e081c1c8aba235141bb010ab253e462ae75929b2cdbe06.jpg","https://www.tulloch-homes.com/assets/000/003/425/Bracken_and_Heather_exterior_-_rear_main_gallery_landscape_image.jpg?1755526684","This is an architectural rendering of a building exterior."
"The Maples","Heather · Plot 212","2","https://www.tulloch-homes.com/homes-for-sale/1-inverness-maples/765-heather","images/2a9263e23b024c2226ccb6ea335e8bae013d308f84dc8b7208f09e7223bcd8a4.jpg","https://www.tulloch-homes.com/assets/000/003/482/Maples_Heather_Lounge_-_plots_206__208__210__212_gallery_landscape_image.jpg?1756204754","This is a photograph of a furnished living room."
"The Maples","Heather · Plot 212","2","https://www.tulloch-homes.com/homes-for-sale/1-inverness-maples/765-heather","images/0262d48b97416f1e19e674c0135854ade2343d9b45942b11a05a914eb30a785d.jpg","https://www.tulloch-homes.com/assets/000/003/484/Maples_Heather_Kitchen_2_-_plots_206__208__210__212_gallery_landscape_image.jpg?1756204722","This is a photograph of a kitchen area."
"The Maples","Heather · Plot 212","2","https://www.tulloch-homes.com/homes-for-sale/1-inverness-maples/765-heather","images/733b213e9afca8fa6e4ca7eb0981ff8bfecfe0c55970224d5e11be66935a6446.jpg","https://www.tulloch-homes.com/assets/000/003/483/Maples_Heather_Kitchen_1_-_plots_206__208__210__212_gallery_landscape_image.jpg?1756204739","This is a photograph of a kitchen area."
"The Maples","Heather · Plot 212","2","https://www.tulloch-homes.com/homes-for-sale/1-inverness-maples/765-heather","images/344736ab0383a77667e081c1c8aba235141bb010ab253e462ae75929b2cdbe06.jpg","https://www.tulloch-homes.com/assets/000/003/425/Bracken_and_Heather_exterior_-_rear_main_gallery_landscape_image.jpg?1755526684","This is an architectural rendering of a building exterior."
"The Maples","Heather · Plot 212","2","https://www.tulloch-homes.com/homes-for-sale/1-inverness-maples/765-heather","images/34d5b58a9487f8f5e12124028df14ce5505d33ed15ef8fbc75f210b40b24a277.jpg","https://www.tulloch-homes.com/assets/000/003/481/Maples_Heather_Bedroom_1_-_upper_floor_plots_208__210__212_gallery_landscape_image.jpg?1756204779","This is a photograph of a furnished bedroom."
"The Maples","Bracken · Plot 220","2","https://www.tulloch-homes.com/homes-for-sale/1-inverness-maples/767-bracken","images/f6ccee4fdb5b55c55947f45b7a49e68d181282af2ecfd7dc8457344122f645d2.jpg","https://www.tulloch-homes.com/assets/000/003/358/Bracken___Heather_Exterior_Maples_gallery_landscape_image.jpg?1756813390","This is an architectural rendering of a building exterior."
"The Maples","Bracken · Plot 220","2","https://www.tulloch-homes.com/homes-for-sale/1-inverness-maples/767-bracken","images/f9ccb988f6a78147d0b2a0932d1fab1a607718ca44d2fd0ef243650f4b764b3e.jpg","https://www.tulloch-homes.com/assets/000/003/457/Bracken_kitchen_214__216__218__220_gallery_landscape_image.jpg?1756136612","This is a photograph of a kitchen and dining area."
"The Maples","Bracken · Plot 220","2","https://www.tulloch-homes.com/homes-for-sale/1-inverness-maples/767-bracken","images/f7d525eaca85160eca4a93d1cc5479d4b518af2d3e58d28f0640442a9381c442.jpg","https://www.tulloch-homes.com/assets/000/003/456/Bracken_kitchen_-_upper_floors_216__218__220_gallery_landscape_image.jpg?1756136547","This is a photograph of a living room."
"The Maples","Bracken · Plot 220","2","https://www.tulloch-homes.com/homes-for-sale/1-inverness-maples/767-bracken","images/bf45a24fbc1b7b4a31ee9059023e7566e0a7426043cbf5977a0d1395589a6665.jpg","https://www.tulloch-homes.com/assets/000/003/443/Bracken_Bedroom_1_-_plots_214__216__218__220_gallery_landscape_image.jpg?1755528865","The image shows a furnished bedroom."
"The Maples","Bracken · Plot 220","2","https://www.tulloch-homes.com/homes-for-sale/1-inverness-maples/767-bracken","images/f03e05ac6f9dee2fa6921489c3ac9ab52528400f8fad83ae91eb299f34429ea6.jpg","https://www.tulloch-homes.com/assets/000/003/442/Bracken_Bedroom_2_yellow_-_plots_214__216__218__220_gallery_landscape_image.jpg?1755528846","This is a photograph of a bedroom/study."
"The Maples","Tweed · Plot 528","4","https://www.tulloch-homes.com/homes-for-sale/1-inverness-maples/898-tweed","images/54eafcd7d5a08956dd4cd5797296c87b41cc7f0311f0b5f7a8b47fe4372ff7e8.jpg","https://www.tulloch-homes.com/assets/000/003/101/Tweed_Kitchen_Dining_Room_1_OPP_gallery_landscape_image.jpg?1738059689","This is a photograph of a real kitchen."
"The Maples","Tweed · Plot 528","4","https://www.tulloch-homes.com/homes-for-sale/1-inverness-maples/898-tweed","images/6e47e92dc187f5ca27f36108814b8eb062622807b196c0fc27385274e9cbcba8.jpg","https://www.tulloch-homes.com/assets/000/003/102/Tweed_Kitchen_Dining_Room_2_OPP_gallery_landscape_image.jpg?1769605881","This is a photograph of a real dining room."
"The Maples","Tweed · Plot 528","4","https://www.tulloch-homes.com/homes-for-sale/1-inverness-maples/898-tweed","images/583b9e8a0800e18e0cb6702568fe86deaab1a989a2d69b80d866882f8d4e97b4.jpg","https://www.tulloch-homes.com/assets/000/003/106/Tweed_Lounge_3_OPP_gallery_landscape_image.jpg?1769605407","This is a photograph of a real living room."
"The Maples","Tweed · Plot 528","4","https://www.tulloch-homes.com/homes-for-sale/1-inverness-maples/898-tweed","images/b51d5d435826ab1d2943a5e0114270c198e9be635f43c61d08bcc26dcab6dd32.jpg","https://www.tulloch-homes.com/assets/000/003/104/Tweed_Lounge__1_OPP_gallery_landscape_image.jpg?1738059652","This is a photograph of a real living room."
"The Maples","Tweed · Plot 528","4","https://www.tulloch-homes.com/homes-for-sale/1-inverness-maples/898-tweed","images/6e9df42cefd0e79f3f15cb0226c73aad3a62ec968a76bad4b440c78bc29e9bb1.jpg","https://www.tulloch-homes.com/assets/000/000/042/Maples_Tweed_Nobilia_Kitchen_OPP_gallery_landscape_image.jpg?1715680491","This is a photograph of a real kitchen and dining space."
"The Maples","Tweed · Plot 528","4","https://www.tulloch-homes.com/homes-for-sale/1-inverness-maples/898-tweed","images/559551f819cbfce3ceb0a09fe7576007d2539a6213ecb18769d3c6348e113406.jpg","https://www.tulloch-homes.com/assets/000/003/097/Tweed_Bedroom_1_OPP_gallery_landscape_image.jpg?1738059606","This is a photograph of a real bedroom."
"The Maples","Tweed · Plot 528","4","https://www.tulloch-homes.com/homes-for-sale/1-inverness-maples/898-tweed","images/cc3b3f5ff62a0ed81fd95be324d98bf2b70d68b47f97f2cfa34f5cbd07ae3cb8.jpg","https://www.tulloch-homes.com/assets/000/003/103/Tweed_Kitchen_Dining_Room_3_OPP_gallery_landscape_image.jpg?1738059659","This is a photograph of a real dining room."
"The Maples","Tweed · Plot 528","4","https://www.tulloch-homes.com/homes-for-sale/1-inverness-maples/898-tweed","images/8b5d185cb9a2054befd4cca91d3676797db7c66aa73de816cbb7203bf004735b.jpg","https://www.tulloch-homes.com/assets/000/003/105/Tweed_Lounge_2_OPP_gallery_landscape_image.jpg?1738059644","This is a photograph of a real living room."
"The Maples","Tweed · Plot 528","4","https://www.tulloch-homes.com/homes-for-sale/1-inverness-maples/898-tweed","images/c064240516769f2898c01aa1ae8eeec00754540baac478a17894ee076f2d9f31.jpg","https://www.tulloch-homes.com/assets/000/003/096/Tweed_Bedroom_2_OPP_gallery_landscape_image.jpg?1738059616","This is a photograph of a real bedroom."
"The Maples","Tweed · Plot 528","4","https://www.tulloch-homes.com/homes-for-sale/1-inverness-maples/898-tweed","images/cd36e243e0cd8f87e31e5b3a206baf879b9aeb42008c2ce3560fafe203fdc7ea.jpg","https://www.tulloch-homes.com/assets/000/003/098/Tweed_Bedroom_3_OPP_gallery_landscape_image.jpg?1738059624","This is a photograph of a real bedroom."
"The Maples","Tweed · Plot 528","4","https://www.tulloch-homes.com/homes-for-sale/1-inverness-maples/898-tweed","images/a27b2e68eeeb3cb7386f153933fb13c46b3af1b020c4234448fb48f35a78fa9a.jpg","https://www.tulloch-homes.com/assets/000/003/099/Tweed_Bedroom_4_OPP_gallery_landscape_image.jpg?1738059709","This is a photograph of a real study/office."
"The Maples","Tweed · Plot 528","4","https://www.tulloch-homes.com/homes-for-sale/1-inverness-maples/898-tweed","images/45484c2fcdf57a21f02d5260c6cafcc882bda339712180398df9a8db5f3c3c81.jpg","https://www.tulloch-homes.com/assets/000/003/094/Tweed_Bathroom_OPP_gallery_landscape_image.jpg?1738059593","This is a photograph of a real bathroom."
"The Maples","Corran · Plot 505","3","https://www.tulloch-homes.com/homes-for-sale/1-inverness-maples/909-corran","images/bd3f218baad960275c9ab07b100218993828211ce2f1f6145dc760c04b820297.jpg","https://www.tulloch-homes.com/assets/000/001/641/CORRAN_LOUNGE_OPP___LEFT_gallery_landscape_image.jpg?1687779890","This is a photograph of a furnished living room."
"The Maples","Corran · Plot 505","3","https://www.tulloch-homes.com/homes-for-sale/1-inverness-maples/909-corran","images/31c272f25a2c884b145aae868793702b5effab33b9721286d29be265bfba1188.jpg","https://www.tulloch-homes.com/assets/000/002/427/Maples_Corran_Nobilia_Kitchen_OPP___LEFT_gallery_landscape_image.jpg?1715678879","This is a photograph of a furnished kitchen."
"The Maples","Corran · Plot 505","3","https://www.tulloch-homes.com/homes-for-sale/1-inverness-maples/909-corran","images/70a6973068cfd8fad666993abf403e9fdf04676a68904619f9ddb5fb0ef4adb0.jpg","https://www.tulloch-homes.com/assets/000/001/639/CORRAN_BED_1_OPP___LEFT_gallery_landscape_image.jpg?1690211297","This is a photograph of a furnished bedroom."
"The Maples","Calder · Plot 516","3","https://www.tulloch-homes.com/homes-for-sale/1-inverness-maples/920-calder","images/962b9b17a4f62e622ec633ac05b7daff28ea5cfa8054b6f3a9cdb382610de1dc.jpg","https://www.tulloch-homes.com/assets/000/002/807/Maples_Calder_Nobilia_Kitchen_OPP_gallery_landscape_image.jpg?1724155889","This is a photograph of a kitchen and dining area."
"The Maples","Calder · Plot 516","3","https://www.tulloch-homes.com/homes-for-sale/1-inverness-maples/920-calder","images/9595bb9deac57b15961a653acc26cfd0993b9d5cd05ab597449c16f98b57b1bb.jpg","https://www.tulloch-homes.com/assets/000/000/619/Calder_Lounge_AS_gallery_landscape_image.jpg?1774882322","The image shows a furnished living room."
"The Maples","Calder · Plot 516","3","https://www.tulloch-homes.com/homes-for-sale/1-inverness-maples/920-calder","images/474eb508d3165b49c8e8cde89d465ac249c804056e36df63cbee5ff67e1df82d.jpg","https://www.tulloch-homes.com/assets/000/000/610/Calder_Bedroom_1_OPP_gallery_landscape_image.jpg?1774951561","This is a photograph of a bedroom."
"The Maples","Calder · Plot 516","3","https://www.tulloch-homes.com/homes-for-sale/1-inverness-maples/920-calder","images/9b1e593c18a93226ff1845893bad0668757d48f8097ef377f3e11c0ab6c50464.jpg","https://www.tulloch-homes.com/assets/000/000/611/Calder_bedroom_2-_OPP_gallery_landscape_image.jpg?1683205013","This is a photograph of a bedroom."
"The Maples","Calder · Plot 516","3","https://www.tulloch-homes.com/homes-for-sale/1-inverness-maples/920-calder","images/039c393064f17e616dca189287037f3a03cc72732e7b7f0c5d55c2ff74934672.jpg","https://www.tulloch-homes.com/assets/000/000/612/Calder_bedroom_3-_OPP_gallery_landscape_image.jpg?1686577736","This is a photograph of a study or home office."
"The Maples","Calder · Plot 516","3","https://www.tulloch-homes.com/homes-for-sale/1-inverness-maples/920-calder","images/a49ee27c8126e38f1c1390894804dd80f4b4f829735bfd613ad6ff6f5f702d56.jpg","https://www.tulloch-homes.com/assets/000/000/968/WG-Calder_bathroom-_OPP_gallery_landscape_image.jpg?1683543871","This is a photograph of a bathroom."
"The Maples","Calder · Plot 516","3","https://www.tulloch-homes.com/homes-for-sale/1-inverness-maples/920-calder","images/c2084767cf42471ea5181d2fdea079a7de2310e20d3edcdac390698d4021fa96.jpg","https://www.tulloch-homes.com/assets/000/000/972/WG-Calder_en_suite-_OPP_gallery_landscape_image.jpg?1683543674","This is a photograph of a bathroom."
"The Maples","Corran · Plot 513","3","https://www.tulloch-homes.com/homes-for-sale/1-inverness-maples/917-corran","images/ea1b264b3f683a76917183146056c42482a69d6a5f5be5c40d1093e99b9705d9.jpg","https://www.tulloch-homes.com/assets/000/001/643/CORRAN_LOUNGE_AS___RIGHT_gallery_landscape_image.jpg?1690211247","This is a realistic interior design rendering of a living room."
"The Maples","Corran · Plot 513","3","https://www.tulloch-homes.com/homes-for-sale/1-inverness-maples/917-corran","images/453b1c826b3cd96c717fe6446190ec6de908320faac8a2cda4622f9b1c82cc7e.jpg","https://www.tulloch-homes.com/assets/000/002/428/Maples_Corran_Nobilia_Kitchen_AS___Right_gallery_landscape_image.jpg?1715678861","This is a realistic interior design rendering of a kitchen."
"The Maples","Corran · Plot 513","3","https://www.tulloch-homes.com/homes-for-sale/1-inverness-maples/917-corran","images/0dfe75f41ca44d123e28d23aa5fc30ff0b13e8d590a0b62fb890c305b1aab4c6.jpg","https://www.tulloch-homes.com/assets/000/001/644/CORRAN_BED_1_AS___RIGHT_gallery_landscape_image.jpg?1687780466","This is a realistic interior design rendering of a bedroom."
"The Maples","Orrin · Plot 511","2","https://www.tulloch-homes.com/homes-for-sale/1-inverness-maples/915-orrin","images/0f66337d60bfc1cc8f4365ef1bf8fea32b147ac6655730a09a4a7564c64c306e.jpg","https://www.tulloch-homes.com/assets/000/003/032/PV_Orrin_Right_%285%29_gallery_landscape_image.jpg?1736864250","This is a photograph of a kitchen and dining room."
"The Maples","Orrin · Plot 511","2","https://www.tulloch-homes.com/homes-for-sale/1-inverness-maples/915-orrin","images/86de1bcb5607bdd607e1ab9807289dad2d8312076519e43ad60b2c0c2c24cc1a.jpg","https://www.tulloch-homes.com/assets/000/003/026/PV_Orrin_Right_%287%29_gallery_landscape_image.jpg?1736864313","This is a photograph of a living room."
"The Maples","Orrin · Plot 511","2","https://www.tulloch-homes.com/homes-for-sale/1-inverness-maples/915-orrin","images/9a73ab85749a39082959b2ed902153c62a75a2a3d46c2afceaffb519478286b1.jpg","https://www.tulloch-homes.com/assets/000/003/024/PV_Orrin_Right_%281%29_gallery_landscape_image.jpg?1736864258","This is a photograph of a bedroom."
"The Maples","Orrin · Plot 511","2","https://www.tulloch-homes.com/homes-for-sale/1-inverness-maples/915-orrin","images/7004f1c580b5144293c1887f143e7c144b60e32ec3bbb87ba698c975715194bc.jpg","https://www.tulloch-homes.com/assets/000/003/031/PV_Orrin_Right_%284%29_gallery_landscape_image.jpg?1736864293","This is a photograph of a kitchen and dining room."
"The Maples","Orrin · Plot 511","2","https://www.tulloch-homes.com/homes-for-sale/1-inverness-maples/915-orrin","images/ba53429cd97e20ea6611a74f4051535c867ec688957d252a12ad325a77db66bc.jpg","https://www.tulloch-homes.com/assets/000/003/023/PV_Orrin_Right_%282%29_gallery_landscape_image.jpg?1736864284","This is a photograph of a bedroom."
"The Maples","Orrin · Plot 511","2","https://www.tulloch-homes.com/homes-for-sale/1-inverness-maples/915-orrin","images/ef1f8d301020d2abd67c88acae3cfea7bd477d4ca975e6213e110e99da7af962.jpg","https://www.tulloch-homes.com/assets/000/003/025/PV_Orrin_Right_%286%29_gallery_landscape_image.jpg?1736864305","This is a photograph of a kitchen and dining room."
"The Maples","Orrin · Plot 511","2","https://www.tulloch-homes.com/homes-for-sale/1-inverness-maples/915-orrin","images/5345334a592601bb63c1417a71aad138be1e8176eb717fbeada7646a59fd2281.jpg","https://www.tulloch-homes.com/assets/000/003/037/PV_Orrin_Left_%286%29_gallery_landscape_image.jpg?1736864925","This is a photograph of a bedroom."
"The Maples","Orrin · Plot 511","2","https://www.tulloch-homes.com/homes-for-sale/1-inverness-maples/915-orrin","images/a66eeaacbba9220274f605841af9b5cdf90dcf6d46378f208ba593d334c06ab4.jpg","https://www.tulloch-homes.com/assets/000/003/027/PV_Orrin_Right_%288%29_gallery_landscape_image.jpg?1736864358","This is a photograph of a furnished living room area."
"The Maples","Orrin · Plot 511","2","https://www.tulloch-homes.com/homes-for-sale/1-inverness-maples/915-orrin","images/44adc41dd9471a1d9165d6584cf268365dc9323b02b05de73ccfed90d63253d3.jpg","https://www.tulloch-homes.com/assets/000/003/028/PV_Orrin_Right_%289%29_gallery_landscape_image.jpg?1736864321","This is a photograph of a bathroom."
"The Maples","Orrin · Plot 507","2","https://www.tulloch-homes.com/homes-for-sale/1-inverness-maples/911-orrin","images/5fc3ec0f4516efea7da0b339d0027c2dd9fff5c0eab9e6fd6448c1d489daa445.jpg","https://www.tulloch-homes.com/assets/000/003/041/PV_Orrin_Left_5_gallery_landscape_image.jpg?1736864913","This is a photograph of a dining area."
"The Maples","Orrin · Plot 507","2","https://www.tulloch-homes.com/homes-for-sale/1-inverness-maples/911-orrin","images/f7bfbc0171ee875a168cea1c063074f23a0d190c0636e75b9986a1804bb5196d.jpg","https://www.tulloch-homes.com/assets/000/003/033/PV_Orrin_Left_7_gallery_landscape_image.jpg?1736864971","This is a photograph of a living room."
"The Maples","Orrin · Plot 507","2","https://www.tulloch-homes.com/homes-for-sale/1-inverness-maples/911-orrin","images/1ddfa2747ff2926a0dfbab79e0c10e3b14933991afaeeb2161fcbca3ab16ba4e.jpg","https://www.tulloch-homes.com/assets/000/003/038/PV_Orrin_Left_1_gallery_landscape_image.jpg?1736864885","The image shows a furnished bedroom."
"The Maples","Orrin · Plot 507","2","https://www.tulloch-homes.com/homes-for-sale/1-inverness-maples/911-orrin","images/6e44bdffa122d99a210a0ab3e9895e92e3603a4385d0961cada00739eabf6d7d.jpg","https://www.tulloch-homes.com/assets/000/003/040/PV_Orrin_Left_4_gallery_landscape_image.jpg?1736864905","The image shows a kitchen and dining area."
"The Maples","Orrin · Plot 507","2","https://www.tulloch-homes.com/homes-for-sale/1-inverness-maples/911-orrin","images/a1d6452dbcc8424a690b52e62de7f7fd4517818cdacf01b95ebc64d4b962a4c0.jpg","https://www.tulloch-homes.com/assets/000/003/039/PV_Orrin_Left_2_gallery_landscape_image.jpg?1736864897","The image shows a bedroom interior."
"The Maples","Orrin · Plot 507","2","https://www.tulloch-homes.com/homes-for-sale/1-inverness-maples/911-orrin","images/a6525437040e9dbca8d408a6f6d0ca94307644b5aae195899b23d306bb1f3eac.jpg","https://www.tulloch-homes.com/assets/000/003/042/PV_Orrin_Left_6_gallery_landscape_image.jpg?1736864862","The image shows a kitchen and dining space."
"The Maples","Orrin · Plot 507","2","https://www.tulloch-homes.com/homes-for-sale/1-inverness-maples/911-orrin","images/5345334a592601bb63c1417a71aad138be1e8176eb717fbeada7646a59fd2281.jpg","https://www.tulloch-homes.com/assets/000/003/037/PV_Orrin_Left_%286%29_gallery_landscape_image.jpg?1736864925","This is a photograph of a bedroom."
"The Maples","Orrin · Plot 507","2","https://www.tulloch-homes.com/homes-for-sale/1-inverness-maples/911-orrin","images/24ec4a9c9f5a15a52517fb0d5f311d4252d613887677633f142870eeeadcb439.jpg","https://www.tulloch-homes.com/assets/000/003/034/PV_Orrin_Left_8_gallery_landscape_image.jpg?1736864954","The image shows a living room interior."
"The Maples","Orrin · Plot 507","2","https://www.tulloch-homes.com/homes-for-sale/1-inverness-maples/911-orrin","images/ecd1ca5bd5576d1c9095d2256c44e10f41419fee579b7da0c29f75acd0f3b1d3.jpg","https://www.tulloch-homes.com/assets/000/003/035/PV_Orrin_Left_9_gallery_landscape_image.jpg?1736864935","The image shows a bathroom interior."
"The Maples","Affric · Plot 509","3","https://www.tulloch-homes.com/homes-for-sale/1-inverness-maples/913-affric","images/cf4e2c3784c6ecadec0da3ede47f3b578c469dea6854f86ed25aab576ce16cf4.jpg","https://www.tulloch-homes.com/assets/000/001/453/Maples_Affric_Lounge_OPP_gallery_landscape_image.jpg?1744276641","This is a photograph of a furnished living room."
"The Maples","Affric · Plot 509","3","https://www.tulloch-homes.com/homes-for-sale/1-inverness-maples/913-affric","images/b0178aa5fc7c679dbc5c587273d4e7c96b350ed2d9a01575a6e4b4970cc9eaa7.jpg","https://www.tulloch-homes.com/assets/000/001/458/Affric-dining-kitchen-OPP_gallery_landscape_image.jpg?1685369294","This is a photograph of a furnished dining room."
"The Maples","Affric · Plot 509","3","https://www.tulloch-homes.com/homes-for-sale/1-inverness-maples/913-affric","images/cb8132b1b11fa2ba863bd1aa5cf976d040de45c73c796a55c357ae73e38be4a8.jpg","https://www.tulloch-homes.com/assets/000/003/235/FH___CW_Kitchen_OPP_gallery_landscape_image.jpg?1748004585","This is a photograph of a furnished kitchen and dining area."
"The Maples","Affric · Plot 509","3","https://www.tulloch-homes.com/homes-for-sale/1-inverness-maples/913-affric","images/75b1cfd462843ac382bd4cca3913cd42ca99d2701b96fdbd5418c84c8c70d451.jpg","https://www.tulloch-homes.com/assets/000/001/454/Affric_Bed_2_OPP_gallery_landscape_image.jpg?1774954146","This is a photograph of a furnished bedroom."
"The Maples","Affric · Plot 509","3","https://www.tulloch-homes.com/homes-for-sale/1-inverness-maples/913-affric","images/e387ba54c6dc7b103b8f48c4e1e19fc8c6036700c2b4912d14e1eb83b8aed812.jpg","https://www.tulloch-homes.com/assets/000/001/457/affric-bedroom-one-04_gallery_landscape_image.jpg?1688035706","This is a photograph of a furnished bedroom."
"The Maples","Affric · Plot 509","3","https://www.tulloch-homes.com/homes-for-sale/1-inverness-maples/913-affric","images/530771a001d963afbf4968c322aebfd37329e278818db95639223463ed621acd.jpg","https://www.tulloch-homes.com/assets/000/001/456/Affric-bedroom-3-OPP_gallery_landscape_image.jpg?1685369261","This is a photograph of a home gym."
"The Maples","Affric · Plot 509","3","https://www.tulloch-homes.com/homes-for-sale/1-inverness-maples/913-affric","images/b4459fcbf018dacf000a0c82d01dc53a2932848bd93452a97c350cf0b9be836d.jpg","https://www.tulloch-homes.com/assets/000/001/452/Affric_bathroom_OPP_gallery_landscape_image.jpg?1685369216","The image shows a functional bathroom interior."
"The Maples","Bracken · Plot 207","2","https://www.tulloch-homes.com/homes-for-sale/1-inverness-maples/756-bracken","images/f6ccee4fdb5b55c55947f45b7a49e68d181282af2ecfd7dc8457344122f645d2.jpg","https://www.tulloch-homes.com/assets/000/003/358/Bracken___Heather_Exterior_Maples_gallery_landscape_image.jpg?1756813390","This is an architectural rendering of a building exterior."
"The Maples","Bracken · Plot 207","2","https://www.tulloch-homes.com/homes-for-sale/1-inverness-maples/756-bracken","images/06f42720ca865b42691a206746c12a101009ec69fcfabb9a30dd0753cf437df9.jpg","https://www.tulloch-homes.com/assets/000/003/463/Bracken_Lounge_1_-_plots_205__207__209__211_gallery_landscape_image.jpg?1756136977","The image shows a furnished living and dining area."
"The Maples","Bracken · Plot 207","2","https://www.tulloch-homes.com/homes-for-sale/1-inverness-maples/756-bracken","images/e61279cd0349a27fb40f14c2b3d39e3e936e1c0dba5b81da4332ec8cbc974179.jpg","https://www.tulloch-homes.com/assets/000/003/464/Bracken_205__207__209__211_gallery_landscape_image.jpg?1756137204","The image shows a furnished open-plan living space."
"The Maples","Bracken · Plot 207","2","https://www.tulloch-homes.com/homes-for-sale/1-inverness-maples/756-bracken","images/2b9845a2228fe1fdc6df9ed196d39ff235c61cb47f13e7d219057ea6c019ec78.jpg","https://www.tulloch-homes.com/assets/000/003/432/Bracken_bedroom_1_yellow_-_plots_205__207__209__211_gallery_landscape_image.jpg?1755528889","The image shows a furnished bedroom."
"The Maples","Bracken · Plot 207","2","https://www.tulloch-homes.com/homes-for-sale/1-inverness-maples/756-bracken","images/28fd45e521ecc72a802cb3add2820d3fc299956a3048c69f1c4b8884ee2c6b57.jpg","https://www.tulloch-homes.com/assets/000/003/433/Bracken_Bedroom_2_yellow_-_plots_205__207__209__211_gallery_landscape_image.jpg?1755528881","The image shows a room furnished as both a study and a bedroom."
"The Maples","Bracken · Plot 207","2","https://www.tulloch-homes.com/homes-for-sale/1-inverness-maples/756-bracken","images/344736ab0383a77667e081c1c8aba235141bb010ab253e462ae75929b2cdbe06.jpg","https://www.tulloch-homes.com/assets/000/003/425/Bracken_and_Heather_exterior_-_rear_main_gallery_landscape_image.jpg?1755526684","This is an architectural rendering of a building exterior."
"The Maples","Heather · Plot 219","2","https://www.tulloch-homes.com/homes-for-sale/1-inverness-maples/766-heather","images/a10c032ecfeb1736ba77cd329b0008e0e01ac9528aa2c174ccefdd6da5e05605.jpg","https://www.tulloch-homes.com/assets/000/003/477/Maples_Heather_Lounge_-_plots_213__215__217__219_gallery_landscape_image.jpg?1756204583","This is a photograph of a furnished living room."
"The Maples","Heather · Plot 219","2","https://www.tulloch-homes.com/homes-for-sale/1-inverness-maples/766-heather","images/a7ec63414a751f525e7076736ceb571c0aa3699ab6ef4b85b0002d0d12877b0b.jpg","https://www.tulloch-homes.com/assets/000/003/480/Maples_Heather_Kitchen_1_-_plots_213__215__217__219_gallery_landscape_image.jpg?1756204566","This is a photograph of a kitchen area."
"The Maples","Heather · Plot 219","2","https://www.tulloch-homes.com/homes-for-sale/1-inverness-maples/766-heather","images/69a49a8165dc3b12c9302fd2c418dea55d39e93f5a3cf2880eab37e1c390e5a5.jpg","https://www.tulloch-homes.com/assets/000/003/479/Maples_Heather_Kitchen_2_-_plots_213__215__217__219_gallery_landscape_image.jpg?1756204576","This is a photograph of a kitchen area."
"The Maples","Heather · Plot 219","2","https://www.tulloch-homes.com/homes-for-sale/1-inverness-maples/766-heather","images/344736ab0383a77667e081c1c8aba235141bb010ab253e462ae75929b2cdbe06.jpg","https://www.tulloch-homes.com/assets/000/003/425/Bracken_and_Heather_exterior_-_rear_main_gallery_landscape_image.jpg?1755526684","This is an architectural rendering of a building exterior."
"The Maples","Heather · Plot 219","2","https://www.tulloch-homes.com/homes-for-sale/1-inverness-maples/766-heather","images/fda234a2eabd8a35084b24b589f6d595505c04f399345b3e698c701409840213.jpg","https://www.tulloch-homes.com/assets/000/003/478/Maples_Heather_Bedroom_1_upper_floors__215__217__219_gallery_landscape_image.jpg?1756204553","This is a photograph of a bedroom."
"The Maples","Torrin · Plot 501","3","https://www.tulloch-homes.com/homes-for-sale/1-inverness-maples/905-torrin","images/b2b4fbb6bf27a8e16809c4c8bf760b978d32719f6a56e973ca01a8496c8b121c.png","https://www.tulloch-homes.com/assets/000/003/328/Torrin_3D_GF_Right_floor_plan_gallery_image.png?1782140646","This is a 3D promotional graphic of a living space."
"The Maples","Torrin · Plot 501","3","https://www.tulloch-homes.com/homes-for-sale/1-inverness-maples/905-torrin","images/698d1f41ffc8a2d263d99a352a33ea11aefee4edd6a572f4a7d4fed6cd5ac4df.png","https://www.tulloch-homes.com/assets/000/003/326/FH___CW_Torrin_3D_FF_Right_floor_plan_gallery_image.png?1749210271","This is a 3D promotional graphic of a bedroom level."
"The Maples","Torrin · Plot 501","3","https://www.tulloch-homes.com/homes-for-sale/1-inverness-maples/905-torrin","images/72e26577703d02b4ae771e75ff8db80f9da4518046b68dd664ae77a22ceaa1a1.jpg","https://www.tulloch-homes.com/assets/000/002/803/PV_Torrin_Kitchen_Right_gallery_landscape_image.jpg?1723202949","The image shows a furnished kitchen and dining room."
"The Maples","Torrin · Plot 501","3","https://www.tulloch-homes.com/homes-for-sale/1-inverness-maples/905-torrin","images/ef3c1e2060c49f20ff54fa5399065a7ad883f13c28e2338933350871f75ddbf1.jpg","https://www.tulloch-homes.com/assets/000/000/724/tulloch-homes-living-room-vs_right_gallery_landscape_image.jpg?1688124290","The image shows a furnished living room."
"The Maples","Torrin · Plot 501","3","https://www.tulloch-homes.com/homes-for-sale/1-inverness-maples/905-torrin","images/28d258c6c2ebbd6197de4f2451cb2a44b6e14b18fe2c60398ec6010e9b5fc6ec.jpg","https://www.tulloch-homes.com/assets/000/000/718/FM-_Torrin_bedroom_1-_right_gallery_landscape_image.jpg?1683205518","The image shows a furnished bedroom."
"The Maples","Torrin · Plot 501","3","https://www.tulloch-homes.com/homes-for-sale/1-inverness-maples/905-torrin","images/6345839c6a36092f3d7176d88c84768533e62675514d16ca6c02043483fa8acd.jpg","https://www.tulloch-homes.com/assets/000/000/719/FM-_Torrin_bedroom_2_-_right_gallery_landscape_image.jpg?1683205538","The image shows a furnished bedroom."
"The Maples","Torrin · Plot 501","3","https://www.tulloch-homes.com/homes-for-sale/1-inverness-maples/905-torrin","images/5f2691316c690eb639921bad76b2b69d7aa90ca6a515c129e2c86bd87975393a.jpg","https://www.tulloch-homes.com/assets/000/000/722/FM-_Torrin_bedroom_3-_right_gallery_landscape_image.jpg?1683205566","The image shows a furnished children's bedroom."
"The Maples","Torrin · Plot 501","3","https://www.tulloch-homes.com/homes-for-sale/1-inverness-maples/905-torrin","images/46a7a0c15d51644217f5e53003a526293175dd68f061bac6032af12874936683.jpg","https://www.tulloch-homes.com/assets/000/000/721/FM-_Torrin_cloakroom-_right_gallery_landscape_image.jpg?1683205613","The image shows a bathroom."
"The Maples","Tweed · Plot 519","4","https://www.tulloch-homes.com/homes-for-sale/1-inverness-maples/902-tweed","images/54eafcd7d5a08956dd4cd5797296c87b41cc7f0311f0b5f7a8b47fe4372ff7e8.jpg","https://www.tulloch-homes.com/assets/000/003/101/Tweed_Kitchen_Dining_Room_1_OPP_gallery_landscape_image.jpg?1738059689","This is a photograph of a real kitchen."
"The Maples","Tweed · Plot 519","4","https://www.tulloch-homes.com/homes-for-sale/1-inverness-maples/902-tweed","images/6e47e92dc187f5ca27f36108814b8eb062622807b196c0fc27385274e9cbcba8.jpg","https://www.tulloch-homes.com/assets/000/003/102/Tweed_Kitchen_Dining_Room_2_OPP_gallery_landscape_image.jpg?1769605881","This is a photograph of a real dining room."
"The Maples","Tweed · Plot 519","4","https://www.tulloch-homes.com/homes-for-sale/1-inverness-maples/902-tweed","images/583b9e8a0800e18e0cb6702568fe86deaab1a989a2d69b80d866882f8d4e97b4.jpg","https://www.tulloch-homes.com/assets/000/003/106/Tweed_Lounge_3_OPP_gallery_landscape_image.jpg?1769605407","This is a photograph of a real living room."
"The Maples","Tweed · Plot 519","4","https://www.tulloch-homes.com/homes-for-sale/1-inverness-maples/902-tweed","images/b51d5d435826ab1d2943a5e0114270c198e9be635f43c61d08bcc26dcab6dd32.jpg","https://www.tulloch-homes.com/assets/000/003/104/Tweed_Lounge__1_OPP_gallery_landscape_image.jpg?1738059652","This is a photograph of a real living room."
"The Maples","Tweed · Plot 519","4","https://www.tulloch-homes.com/homes-for-sale/1-inverness-maples/902-tweed","images/6e9df42cefd0e79f3f15cb0226c73aad3a62ec968a76bad4b440c78bc29e9bb1.jpg","https://www.tulloch-homes.com/assets/000/000/042/Maples_Tweed_Nobilia_Kitchen_OPP_gallery_landscape_image.jpg?1715680491","This is a photograph of a real kitchen and dining space."
"The Maples","Tweed · Plot 519","4","https://www.tulloch-homes.com/homes-for-sale/1-inverness-maples/902-tweed","images/559551f819cbfce3ceb0a09fe7576007d2539a6213ecb18769d3c6348e113406.jpg","https://www.tulloch-homes.com/assets/000/003/097/Tweed_Bedroom_1_OPP_gallery_landscape_image.jpg?1738059606","This is a photograph of a real bedroom."
"The Maples","Tweed · Plot 519","4","https://www.tulloch-homes.com/homes-for-sale/1-inverness-maples/902-tweed","images/cc3b3f5ff62a0ed81fd95be324d98bf2b70d68b47f97f2cfa34f5cbd07ae3cb8.jpg","https://www.tulloch-homes.com/assets/000/003/103/Tweed_Kitchen_Dining_Room_3_OPP_gallery_landscape_image.jpg?1738059659","This is a photograph of a real dining room."
"The Maples","Tweed · Plot 519","4","https://www.tulloch-homes.com/homes-for-sale/1-inverness-maples/902-tweed","images/8b5d185cb9a2054befd4cca91d3676797db7c66aa73de816cbb7203bf004735b.jpg","https://www.tulloch-homes.com/assets/000/003/105/Tweed_Lounge_2_OPP_gallery_landscape_image.jpg?1738059644","This is a photograph of a real living room."
"The Maples","Tweed · Plot 519","4","https://www.tulloch-homes.com/homes-for-sale/1-inverness-maples/902-tweed","images/c064240516769f2898c01aa1ae8eeec00754540baac478a17894ee076f2d9f31.jpg","https://www.tulloch-homes.com/assets/000/003/096/Tweed_Bedroom_2_OPP_gallery_landscape_image.jpg?1738059616","This is a photograph of a real bedroom."
"The Maples","Tweed · Plot 519","4","https://www.tulloch-homes.com/homes-for-sale/1-inverness-maples/902-tweed","images/cd36e243e0cd8f87e31e5b3a206baf879b9aeb42008c2ce3560fafe203fdc7ea.jpg","https://www.tulloch-homes.com/assets/000/003/098/Tweed_Bedroom_3_OPP_gallery_landscape_image.jpg?1738059624","This is a photograph of a real bedroom."
"The Maples","Tweed · Plot 519","4","https://www.tulloch-homes.com/homes-for-sale/1-inverness-maples/902-tweed","images/a27b2e68eeeb3cb7386f153933fb13c46b3af1b020c4234448fb48f35a78fa9a.jpg","https://www.tulloch-homes.com/assets/000/003/099/Tweed_Bedroom_4_OPP_gallery_landscape_image.jpg?1738059709","This is a photograph of a real study/office."
"The Maples","Tweed · Plot 519","4","https://www.tulloch-homes.com/homes-for-sale/1-inverness-maples/902-tweed","images/45484c2fcdf57a21f02d5260c6cafcc882bda339712180398df9a8db5f3c3c81.jpg","https://www.tulloch-homes.com/assets/000/003/094/Tweed_Bathroom_OPP_gallery_landscape_image.jpg?1738059593","This is a photograph of a real bathroom."
"The Maples","Etive · Plot 520","4","https://www.tulloch-homes.com/homes-for-sale/1-inverness-maples/901-etive","images/aba23e3b1e1726fa30c17658dd08ad40ee2497aea66c46cfa889ee8c72f28fa4.jpg","https://www.tulloch-homes.com/assets/000/004/037/Etive_showhome_AS_%285%29_gallery_landscape_image.jpg?1768399515","The image shows a living room."
"The Maples","Etive · Plot 520","4","https://www.tulloch-homes.com/homes-for-sale/1-inverness-maples/901-etive","images/7a6edbf28048b9d6aad1f3553fd4cd401d95a39667755bb15f9baf1105050a76.jpg","https://www.tulloch-homes.com/assets/000/004/040/Etive_showhome_AS_%288%29_gallery_landscape_image.jpg?1769604254","The image shows a kitchen and dining area."
"The Maples","Etive · Plot 520","4","https://www.tulloch-homes.com/homes-for-sale/1-inverness-maples/901-etive","images/179eedf32501380d6f99844c63b4f63b44d487c5ab949804da602e3010557621.jpg","https://www.tulloch-homes.com/assets/000/004/035/Etive_showhome_AS_%283%29_gallery_landscape_image.jpg?1769604843","The image shows a living room."
"The Maples","Etive · Plot 520","4","https://www.tulloch-homes.com/homes-for-sale/1-inverness-maples/901-etive","images/2c3816dede56c8bc2d3836e4665ecae97cf2db7148aa96a8539d8fa340199fc3.jpg","https://www.tulloch-homes.com/assets/000/004/046/Etive_showhome_AS_%2815%29_gallery_landscape_image.jpg?1768399408","The image shows a furnished bedroom."
"The Maples","Etive · Plot 520","4","https://www.tulloch-homes.com/homes-for-sale/1-inverness-maples/901-etive","images/162ab11a64ddcfd15d6ff953535a0544675bfeb6af37b0c195602229782d445d.jpg","https://www.tulloch-homes.com/assets/000/004/039/Etive_showhome_AS_%287%29_gallery_landscape_image.jpg?1768399557","The image shows a dining area."
"The Maples","Etive · Plot 520","4","https://www.tulloch-homes.com/homes-for-sale/1-inverness-maples/901-etive","images/e4700d4f6e9dfecca6d459be4b7f109f5eb851d4c8453630fbd3ae022d74f2c5.jpg","https://www.tulloch-homes.com/assets/000/004/041/Etive_showhome_AS_%289%29_gallery_landscape_image.jpg?1768399541","This is a photograph of a kitchen area."
"The Maples","Etive · Plot 520","4","https://www.tulloch-homes.com/homes-for-sale/1-inverness-maples/901-etive","images/a82a921a885e9a5a4b5d6309bc62f97d1f1debea45556feabc8a71949c6ccca5.jpg","https://www.tulloch-homes.com/assets/000/004/036/Etive_showhome_AS_%284%29_gallery_landscape_image.jpg?1768399507","This is a photograph of a living room."
"The Maples","Etive · Plot 520","4","https://www.tulloch-homes.com/homes-for-sale/1-inverness-maples/901-etive","images/76a3e3d10548021f2d01dc18ede2d9b49d3bfd78cf57d379b745c449d13c99de.jpg","https://www.tulloch-homes.com/assets/000/004/042/Etive_showhome_AS_%2810%29_gallery_landscape_image.jpg?1768399367","This is a photograph of a kitchen area."
"The Maples","Etive · Plot 520","4","https://www.tulloch-homes.com/homes-for-sale/1-inverness-maples/901-etive","images/d69457f204fbf7e0d5c2f94e0af9a534da5908bcd49516cb358cb6a34f9c42b0.jpg","https://www.tulloch-homes.com/assets/000/004/038/Etive_showhome_AS_%286%29_gallery_landscape_image.jpg?1768399525","This is a photograph of a dining room."
"The Maples","Etive · Plot 520","4","https://www.tulloch-homes.com/homes-for-sale/1-inverness-maples/901-etive","images/a15a17f01059a94d7883e26943e8ac20e2165cffe0af6b89f5f2252352dacae5.jpg","https://www.tulloch-homes.com/assets/000/004/049/Etive_showhome_AS_%2817%29_gallery_landscape_image.jpg?1768399425","This is a photograph of a bedroom."
"The Maples","Etive · Plot 520","4","https://www.tulloch-homes.com/homes-for-sale/1-inverness-maples/901-etive","images/48344dac6daa24323059c1fb97b2d2beddaf3a75eefd2a30f48a9c823da68eca.jpg","https://www.tulloch-homes.com/assets/000/004/051/Etive_showhome_AS_%2819%29_gallery_landscape_image.jpg?1768399444","This is a photograph of a bedroom."
"The Maples","Etive · Plot 520","4","https://www.tulloch-homes.com/homes-for-sale/1-inverness-maples/901-etive","images/c53c0858f0db037c361e970ae9e1d48ccd22255746391915af5f80dff23da4f1.jpg","https://www.tulloch-homes.com/assets/000/004/054/Etive_showhome_AS_%2822%29_gallery_landscape_image.jpg?1776767115","This is a photograph of a bedroom."
"The Maples","Etive · Plot 520","4","https://www.tulloch-homes.com/homes-for-sale/1-inverness-maples/901-etive","images/25803d6805d16e704f68a925dea93986e37adf394f1b3a60ca50bc1a680ef0bd.jpg","https://www.tulloch-homes.com/assets/000/004/033/Etive_showhome_AS_%281%29_gallery_landscape_image.jpg?1768399360","This is a photograph of a living room or multi-purpose room."
"The Maples","Etive · Plot 520","4","https://www.tulloch-homes.com/homes-for-sale/1-inverness-maples/901-etive","images/f9d3479b71a71cf20353c54453f906e3faf0839ea84f7beb5d9b1354511e23d1.jpg","https://www.tulloch-homes.com/assets/000/004/053/Etive_showhome_AS_%2821%29_gallery_landscape_image.jpg?1768399481","The image shows a functional bathroom with sanitary ware and tiling."
"Parks View","Lochalsh · Plot 409","4","https://www.tulloch-homes.com/homes-for-sale/5-inverness/797-lochalsh","images/f237b62f0cd2b180e0b62eed8066106f876146af5d80d936db104daff45190e7.jpg","https://www.tulloch-homes.com/assets/000/001/372/Maples_Lochalsh_Nobilia_Kitchen_AS_gallery_landscape_image.jpg?1715680154","This is a photograph of a furnished kitchen."
"Parks View","Lochalsh · Plot 409","4","https://www.tulloch-homes.com/homes-for-sale/5-inverness/797-lochalsh","images/1d75dce4479b92b57ac6c7b600479d3c33b15b13083c1a4b4ae778a872535b01.jpg","https://www.tulloch-homes.com/assets/000/001/376/MAPLES_C2_Lochalsh_DINING_ROOM_AS_gallery_landscape_image.jpg?1684848179","This is a photograph of a furnished dining room."
"Parks View","Lochalsh · Plot 409","4","https://www.tulloch-homes.com/homes-for-sale/5-inverness/797-lochalsh","images/26eb748284ef3c3f87231ff8c7ff7e02eeb676c4897a7c938bfc9a9473ccd579.jpg","https://www.tulloch-homes.com/assets/000/001/377/Maples_C2_Lochalsh_KITCHEN_DINER_AS_gallery_landscape_image.jpg?1684922547","This is a real room interior showing a combined kitchen and living space."
"Parks View","Lochalsh · Plot 409","4","https://www.tulloch-homes.com/homes-for-sale/5-inverness/797-lochalsh","images/5b4cffd1604574bf44fbf2ddd2a001aacf45917169939eb303e8be6e4b3fe3f6.jpg","https://www.tulloch-homes.com/assets/000/001/375/MAPLES_C2_Lochalsh_LOUNGE_AS_gallery_landscape_image.jpg?1684848242","This is a real room interior showing a living room."
"Parks View","Lochalsh · Plot 409","4","https://www.tulloch-homes.com/homes-for-sale/5-inverness/797-lochalsh","images/0c0f0f022893c9cd15b3860fe55e05f8248b31c44ac6eb50fe2b73cfd4bbcfd4.jpg","https://www.tulloch-homes.com/assets/000/001/381/MAPLES_C2_Lochalsh_BED_1_OPP_gallery_landscape_image.jpg?1684848110","This is a real room interior showing a bedroom."
"Parks View","Lochalsh · Plot 409","4","https://www.tulloch-homes.com/homes-for-sale/5-inverness/797-lochalsh","images/4212ddd3f68eb6434710f1b020058465f0270cb71c8b5f515cf8597ec11608c6.jpg","https://www.tulloch-homes.com/assets/000/001/374/MAPLES_C2_Lochalsh_BED_2_AS_gallery_landscape_image.jpg?1684848140","This is a real room interior showing a bedroom."
"Parks View","Affric · Plot 408","3","https://www.tulloch-homes.com/homes-for-sale/5-inverness/796-etive","images/cf4e2c3784c6ecadec0da3ede47f3b578c469dea6854f86ed25aab576ce16cf4.jpg","https://www.tulloch-homes.com/assets/000/001/453/Maples_Affric_Lounge_OPP_gallery_landscape_image.jpg?1744276641","This is a photograph of a furnished living room."
"Parks View","Affric · Plot 408","3","https://www.tulloch-homes.com/homes-for-sale/5-inverness/796-etive","images/b0178aa5fc7c679dbc5c587273d4e7c96b350ed2d9a01575a6e4b4970cc9eaa7.jpg","https://www.tulloch-homes.com/assets/000/001/458/Affric-dining-kitchen-OPP_gallery_landscape_image.jpg?1685369294","This is a photograph of a furnished dining room."
"Parks View","Affric · Plot 408","3","https://www.tulloch-homes.com/homes-for-sale/5-inverness/796-etive","images/cb8132b1b11fa2ba863bd1aa5cf976d040de45c73c796a55c357ae73e38be4a8.jpg","https://www.tulloch-homes.com/assets/000/003/235/FH___CW_Kitchen_OPP_gallery_landscape_image.jpg?1748004585","This is a photograph of a furnished kitchen and dining area."
"Parks View","Affric · Plot 408","3","https://www.tulloch-homes.com/homes-for-sale/5-inverness/796-etive","images/75b1cfd462843ac382bd4cca3913cd42ca99d2701b96fdbd5418c84c8c70d451.jpg","https://www.tulloch-homes.com/assets/000/001/454/Affric_Bed_2_OPP_gallery_landscape_image.jpg?1774954146","This is a photograph of a furnished bedroom."
"Parks View","Affric · Plot 408","3","https://www.tulloch-homes.com/homes-for-sale/5-inverness/796-etive","images/e387ba54c6dc7b103b8f48c4e1e19fc8c6036700c2b4912d14e1eb83b8aed812.jpg","https://www.tulloch-homes.com/assets/000/001/457/affric-bedroom-one-04_gallery_landscape_image.jpg?1688035706","This is a photograph of a furnished bedroom."
"Parks View","Affric · Plot 408","3","https://www.tulloch-homes.com/homes-for-sale/5-inverness/796-etive","images/530771a001d963afbf4968c322aebfd37329e278818db95639223463ed621acd.jpg","https://www.tulloch-homes.com/assets/000/001/456/Affric-bedroom-3-OPP_gallery_landscape_image.jpg?1685369261","This is a photograph of a home gym."
"Parks View","Affric · Plot 408","3","https://www.tulloch-homes.com/homes-for-sale/5-inverness/796-etive","images/b4459fcbf018dacf000a0c82d01dc53a2932848bd93452a97c350cf0b9be836d.jpg","https://www.tulloch-homes.com/assets/000/001/452/Affric_bathroom_OPP_gallery_landscape_image.jpg?1685369216","The image shows a functional bathroom interior."
"Parks View","Burrell · Plot 330","5","https://www.tulloch-homes.com/homes-for-sale/5-inverness/782-burrell","images/bb38e9311b4921d626ded0038deca40611a478fded65654158aba92a96474b53.jpg","https://www.tulloch-homes.com/assets/000/003/886/PV_Burrell_Lounge_OPP_new_gallery_landscape_image.jpg?1766068436","The image depicts a furnished living room interior."
"Parks View","Burrell · Plot 330","5","https://www.tulloch-homes.com/homes-for-sale/5-inverness/782-burrell","images/216fe102964d3b1106e34dd45a69d69f1c25dc72c7f6de18c7a77c37b71d737d.jpg","https://www.tulloch-homes.com/assets/000/003/884/PV_Burrell_kitchen_OPP_gallery_landscape_image.jpg?1766068465","This is a photograph of a kitchen interior."
"Parks View","Burrell · Plot 330","5","https://www.tulloch-homes.com/homes-for-sale/5-inverness/782-burrell","images/10c5e7cde1dfdacf27cdc110d0deb8756c90ec61177fa76a01d7ecf09411e075.jpg","https://www.tulloch-homes.com/assets/000/003/885/PV_Burrell_Bedroom_OPP_gallery_landscape_image.jpg?1766068450","This is a photograph of a bedroom interior."
"Parks View","Carnegie · Plot 326","5","https://www.tulloch-homes.com/homes-for-sale/5-inverness/777-carnegie","images/fc3e066515a6c1462ae9a6e6cd3f58d92397dd0462f17c85b0a1af7d99f140fd.jpg","https://www.tulloch-homes.com/assets/000/004/460/Carnegie-showhome-front_gallery_landscape_image.jpg?1789637380","This is a photograph of a property exterior."
"Parks View","Carnegie · Plot 326","5","https://www.tulloch-homes.com/homes-for-sale/5-inverness/777-carnegie","images/1cccc587a5a60b30c6cb1f1e1fcfdc840d4b060be346e14854dd2904ab60463a.jpg","https://www.tulloch-homes.com/assets/000/004/479/16926_Carnegie_Showhome_0157_gallery_landscape_image.jpg?1790083712","This is a photograph of a hallway interior."
"Parks View","Carnegie · Plot 326","5","https://www.tulloch-homes.com/homes-for-sale/5-inverness/777-carnegie","images/7334f3d80078cbf671ce4c7a732f60100420cd2b1eddb4de0fcb4442f0c16c49.jpg","https://www.tulloch-homes.com/assets/000/004/480/16926_Carnegie_Showhome_0140_gallery_landscape_image.jpg?1790083755","The room is furnished as a study/home office with a desk and seating area."
"Parks View","Carnegie · Plot 326","5","https://www.tulloch-homes.com/homes-for-sale/5-inverness/777-carnegie","images/d7f6dcda48d5edd4ac7619dca1dae203c8a7f4268f50ee06244af7b8ca3925c6.jpg","https://www.tulloch-homes.com/assets/000/004/463/16926_Carnegie_Showhome_0133_gallery_landscape_image.jpg?1789641534","This is a primary living area with comfortable seating and lounge furniture."
"Parks View","Carnegie · Plot 326","5","https://www.tulloch-homes.com/homes-for-sale/5-inverness/777-carnegie","images/e2f840ec759dfa2b611610c170161562e4b2c8f15b52b45a68aa0c9f5650f949.jpg","https://www.tulloch-homes.com/assets/000/004/462/Carnegie-kitchen---edited_gallery_landscape_image.jpg?1790086163","The space contains kitchen appliances, an island, and a dining set."
"Parks View","Carnegie · Plot 326","5","https://www.tulloch-homes.com/homes-for-sale/5-inverness/777-carnegie","images/81a212769fd5d56a861d5e7e1b8d7e145954450790cd7662ab0d0bba6ab9a53e.jpg","https://www.tulloch-homes.com/assets/000/004/478/16926_Carnegie_Showhome_0135_gallery_landscape_image.jpg?1790083686","The presence of laundry appliances and a sink identifies this as a utility room."
"Parks View","Carnegie · Plot 326","5","https://www.tulloch-homes.com/homes-for-sale/5-inverness/777-carnegie","images/eaac6ecdd6c6e64b5db9646b7034c30afec6b1c3e152981b2706911a9aafa334.jpg","https://www.tulloch-homes.com/assets/000/004/472/16926_Carnegie_Showhome_0087_gallery_landscape_image.jpg?1790083359","This is a circulation space connecting different rooms in the house."
"Parks View","Carnegie · Plot 326","5","https://www.tulloch-homes.com/homes-for-sale/5-inverness/777-carnegie","images/dc4ae5f5c5d94d52b357e27274fbe5084e4b3fe0e446828f620a8bca8393bb6e.jpg","https://www.tulloch-homes.com/assets/000/004/464/16926_Carnegie_Showhome_0038_gallery_landscape_image.jpg?1789641682","The room is clearly a bedroom with a bed as the central piece of furniture."
"Parks View","Carnegie · Plot 326","5","https://www.tulloch-homes.com/homes-for-sale/5-inverness/777-carnegie","images/bc46ef039da8d1a901756b8ec44922e674c95aee702f711472e47f6186259b14.jpg","https://www.tulloch-homes.com/assets/000/004/466/16926_Carnegie_Showhome_0043_gallery_landscape_image.jpg?1790083115","The room contains standard bathroom fixtures including a tub and toilet."
"Parks View","Carnegie · Plot 326","5","https://www.tulloch-homes.com/homes-for-sale/5-inverness/777-carnegie","images/a2fd0928149fc390f7eeff5c0a870ef04df0034adac84cf8c32d5d643f52aace.jpg","https://www.tulloch-homes.com/assets/000/004/468/16926_Carnegie_Showhome_0059_gallery_landscape_image.jpg?1790083185","This is a bedroom that also includes a small desk area."
"Parks View","Carnegie · Plot 326","5","https://www.tulloch-homes.com/homes-for-sale/5-inverness/777-carnegie","images/95a354bcd18b019e7a63be882690284627c98938cf544c0b9e300e4ba4821f10.jpg","https://www.tulloch-homes.com/assets/000/004/469/16926_Carnegie_Showhome_0071_gallery_landscape_image.jpg?1790083244","The primary focus is a bathroom, with a bedroom visible in the background."
"Parks View","Carnegie · Plot 326","5","https://www.tulloch-homes.com/homes-for-sale/5-inverness/777-carnegie","images/39d53aa8785878bd3bfb42a53320438d332129ceff8f1c9aba97a31e0342a534.jpg","https://www.tulloch-homes.com/assets/000/004/471/16926_Carnegie_Showhome_0074_gallery_landscape_image.jpg?1790083327","This is a furnished bedroom."
"Parks View","Carnegie · Plot 326","5","https://www.tulloch-homes.com/homes-for-sale/5-inverness/777-carnegie","images/3172ad20880ede3ed1f62694f3864d6ec2f02f568d36da61fa3ce6b8efc6251a.jpg","https://www.tulloch-homes.com/assets/000/004/474/16926_Carnegie_Showhome_0037_gallery_landscape_image.jpg?1790083433","This is a furnished bedroom."
"Parks View","Carnegie · Plot 326","5","https://www.tulloch-homes.com/homes-for-sale/5-inverness/777-carnegie","images/b81c375c2550310487723c201007c4e3618306f600f71e348c94ef78a96c3b54.jpg","https://www.tulloch-homes.com/assets/000/004/473/16926_Carnegie_Showhome_0016_gallery_landscape_image.jpg?1790083401","This is a furnished nursery/bedroom."
"Parks View","Carnegie · Plot 326","5","https://www.tulloch-homes.com/homes-for-sale/5-inverness/777-carnegie","images/13e44ec4ca2dd53c5846e3d1ebbf62076da47c694c1131dc4e20fab28bd36947.jpg","https://www.tulloch-homes.com/assets/000/004/482/16926_Carnegie_Showhome_0005_gallery_landscape_image.jpg?1790084198","This is an exterior view of the property."
"Parks View","Tarvie · Plot 324","4","https://www.tulloch-homes.com/homes-for-sale/5-inverness/769-tarvie","images/96450750597ead6f777e4f6ed769a1cd4347a2a43a6545430f5053058f7fecd7.jpg","https://www.tulloch-homes.com/assets/000/002/987/Tarvie_Kitchen_Dining_%287%29_OPP_gallery_landscape_image.jpg?1736418117","This is a photograph of a furnished dining room."
"Parks View","Tarvie · Plot 324","4","https://www.tulloch-homes.com/homes-for-sale/5-inverness/769-tarvie","images/5f15721b7868aaf44517725fcd29577807eb99dc4fea91215b9beb7cf8762cfc.jpg","https://www.tulloch-homes.com/assets/000/002/986/Tarvie_Kitchen_Dining_%286%29_OPP_gallery_landscape_image.jpg?1736418109","This is a photograph of a furnished dining room."
"Parks View","Tarvie · Plot 324","4","https://www.tulloch-homes.com/homes-for-sale/5-inverness/769-tarvie","images/d1e2fd3d02c43caec72e99fc68c9b23db16059609a71a3c9f7b1d2be1d690532.jpg","https://www.tulloch-homes.com/assets/000/002/988/Tarvie_lounge_OPP_gallery_landscape_image.jpg?1736417989","This is a photograph of a furnished living room."
"Parks View","Tarvie · Plot 324","4","https://www.tulloch-homes.com/homes-for-sale/5-inverness/769-tarvie","images/5294a235c1fc041a669796507cd7191fb0d1d7dc075250c980aafcf52a18e562.jpg","https://www.tulloch-homes.com/assets/000/002/976/Tarvie_Bedroom_1_%282%29_OPP_gallery_landscape_image.jpg?1736419308","This is a photograph of a furnished bedroom."
"Parks View","Tarvie · Plot 324","4","https://www.tulloch-homes.com/homes-for-sale/5-inverness/769-tarvie","images/c7b1975a4fa56bf802bf3714b32f265dc44c7171fd345885846110521163a10a.jpg","https://www.tulloch-homes.com/assets/000/002/981/Tarvie_family_room_OPP_gallery_landscape_image.jpg?1736418054","This is a photograph of a furnished study/home office."
"Parks View","Tarvie · Plot 324","4","https://www.tulloch-homes.com/homes-for-sale/5-inverness/769-tarvie","images/5b9a7d7e96249283e8da898c2af52377fd5b966475617e8422d22d4f46545a4d.jpg","https://www.tulloch-homes.com/assets/000/002/985/Tarvie_Kitchen_Dining_%285%29_OPP_gallery_landscape_image.jpg?1736418101","This is a photograph of a furnished dining room."
"Parks View","Tarvie · Plot 324","4","https://www.tulloch-homes.com/homes-for-sale/5-inverness/769-tarvie","images/b36f8274546dc807872d10501f1b17f367486b041c4671d8ee4d482ab0e6f0a2.jpg","https://www.tulloch-homes.com/assets/000/002/982/Tarvie_Kitchen_Dining_%281%29_OPP_gallery_landscape_image.jpg?1736418063","This is a photograph of a furnished kitchen and dining area."
"Parks View","Tarvie · Plot 324","4","https://www.tulloch-homes.com/homes-for-sale/5-inverness/769-tarvie","images/c39298c4600387822e0ec1d1971c655757da1352d8911a9dac2a5c7f8e05fadd.jpg","https://www.tulloch-homes.com/assets/000/002/983/Tarvie_Kitchen_Dining_%283%29_OPP_gallery_landscape_image.jpg?1736418081","The image shows a functional kitchen space with appliances and cabinetry."
"Parks View","Tarvie · Plot 324","4","https://www.tulloch-homes.com/homes-for-sale/5-inverness/769-tarvie","images/de8ac72ee78e1b6875370cf17d03b387c3edfb031909909de348a84d1bbb0477.jpg","https://www.tulloch-homes.com/assets/000/002/984/Tarvie_Kitchen_Dining_%284%29_OPP_gallery_landscape_image.jpg?1736418091","The image depicts a dining room setup within an open-plan living space."
"Parks View","Tarvie · Plot 324","4","https://www.tulloch-homes.com/homes-for-sale/5-inverness/769-tarvie","images/3db67e81851097b94d89cefac400027300f8a91fe6415a14e0b7aa59a5a59ce8.jpg","https://www.tulloch-homes.com/assets/000/002/978/Tarvie_Bedroom_2_OPP_gallery_landscape_image.jpg?1736418028","The image shows a furnished bedroom."
"Parks View","Tarvie · Plot 324","4","https://www.tulloch-homes.com/homes-for-sale/5-inverness/769-tarvie","images/a82b8d34ab4660eaa193da0edccbf0e2ba55d5ac2c710958dd75b7e50b707df4.jpg","https://www.tulloch-homes.com/assets/000/002/975/Tarvie_Bedroom_1_%281%29_OPP_gallery_landscape_image.jpg?1736418010","The image shows a furnished bedroom."
"Parks View","Tarvie · Plot 324","4","https://www.tulloch-homes.com/homes-for-sale/5-inverness/769-tarvie","images/dd6ecab1fa7ad49756d3a7763319d930f3ead3282e4c03087f72f3f2899cdac2.jpg","https://www.tulloch-homes.com/assets/000/002/974/Tarvie_Bathroom_OPP_gallery_landscape_image.jpg?1736418001","The image shows a bathroom interior."
"Parks View","Tarvie · Plot 324","4","https://www.tulloch-homes.com/homes-for-sale/5-inverness/769-tarvie","images/3dc8296b37d62948d301400ee37565a4f3509e4dedf1ab2751c6ff70b67f3b65.jpg","https://www.tulloch-homes.com/assets/000/002/980/Tarvie_bedroom_4_OPP_gallery_landscape_image.jpg?1736418046","The image shows a child's bedroom."
"Parks View","Tarvie · Plot 324","4","https://www.tulloch-homes.com/homes-for-sale/5-inverness/769-tarvie","images/b52788fc190ee255e2cd93984e78710b2909bea0190c961a94ba405497553c54.jpg","https://www.tulloch-homes.com/assets/000/002/979/Tarvie_Bedroom_3_OPP_gallery_landscape_image.jpg?1736418036","The image shows a furnished bedroom."
"Parks View","Etive · Plot 403","4","https://www.tulloch-homes.com/homes-for-sale/5-inverness/793-etive","images/9fb009cdc1aa41aaddecd7683cc44b8473037a941e40b5634eb602a66451b782.jpg","https://www.tulloch-homes.com/assets/000/004/293/Showhome_living_room_1_OPP_gallery_landscape_image.jpg?1776867277","This is a photograph of a living room."
"Parks View","Etive · Plot 403","4","https://www.tulloch-homes.com/homes-for-sale/5-inverness/793-etive","images/05189e12249983bd3f5695823ac2a0f0d2fab77986a37f65abe45d1cb9688c55.jpg","https://www.tulloch-homes.com/assets/000/004/294/Showhome_living_room_2_OPP_gallery_landscape_image.jpg?1776867369","This is a photograph of a living room."
"Parks View","Etive · Plot 403","4","https://www.tulloch-homes.com/homes-for-sale/5-inverness/793-etive","images/8bb12c67cc225cee8b05f26092686f84c63759406e1ba5c994d467ec27d7e5b7.jpg","https://www.tulloch-homes.com/assets/000/004/295/Showhome_kitchen_dining_2_OPP_gallery_landscape_image.jpg?1776867432","This is a photograph of a kitchen."
"Parks View","Etive · Plot 403","4","https://www.tulloch-homes.com/homes-for-sale/5-inverness/793-etive","images/57395b1e848b58ae5526b301e69af959ac107e16a42ef72c11ba3f8c4f6147f0.jpg","https://www.tulloch-homes.com/assets/000/004/296/kitchen_diner_2_opp_gallery_landscape_image.jpg?1790693429","This is a photograph of a kitchen and dining area."
"Parks View","Etive · Plot 403","4","https://www.tulloch-homes.com/homes-for-sale/5-inverness/793-etive","images/aac8b5efae52a7256846c4cd456a14fadc1055ccfedce580c632e564da4f3a64.jpg","https://www.tulloch-homes.com/assets/000/004/297/Showhome_kitchen_dining_3_OPP_gallery_landscape_image.jpg?1776867496","This is a photograph of a dining room."
"Parks View","Etive · Plot 403","4","https://www.tulloch-homes.com/homes-for-sale/5-inverness/793-etive","images/9af4dce7d167c6b0697a3b12b66b169c37db9400b3d45b52f71d6374b3987f4f.jpg","https://www.tulloch-homes.com/assets/000/004/299/Showhome_utility_room_OPP_gallery_landscape_image.jpg?1776867542","This is a functional bathroom space."
"Parks View","Etive · Plot 403","4","https://www.tulloch-homes.com/homes-for-sale/5-inverness/793-etive","images/472243abb179c2c37e67736b76839ebc031e07943f748f04d51b696d084c6c90.jpg","https://www.tulloch-homes.com/assets/000/004/298/Showhome_ground_floor_hallway_OPP_gallery_landscape_image.jpg?1776867519","This is a residential hallway and staircase area."
"Parks View","Etive · Plot 403","4","https://www.tulloch-homes.com/homes-for-sale/5-inverness/793-etive","images/79ed57a2d8a655981aaf04744ce0f7f837e2443af9933860acfe343e30c03e22.jpg","https://www.tulloch-homes.com/assets/000/004/301/Showhome_master_bedroom_2_OPP_gallery_landscape_image.jpg?1776867611","This is a furnished bedroom."
"Parks View","Etive · Plot 403","4","https://www.tulloch-homes.com/homes-for-sale/5-inverness/793-etive","images/0c8b5275631273844e0259cbacf68455ec01d9e767f5a3f24563b1da6e84c1d1.jpg","https://www.tulloch-homes.com/assets/000/004/307/Showhome_ensuite_OPP_gallery_landscape_image.jpg?1776868616","This is a functional bathroom space."
"Parks View","Etive · Plot 403","4","https://www.tulloch-homes.com/homes-for-sale/5-inverness/793-etive","images/706c7d8cab481e6f2a8a88c9dac6ecaa3dbdfa7059112324c4563119cb64b25f.jpg","https://www.tulloch-homes.com/assets/000/004/306/Showhome_bedroom_OPP_gallery_landscape_image.jpg?1776868599","This is a furnished bedroom."
"Parks View","Etive · Plot 403","4","https://www.tulloch-homes.com/homes-for-sale/5-inverness/793-etive","images/16c8be224dbc2bd300691d3ddeb6bb5f93c8052c2a6665644082de2cb3874d7c.jpg","https://www.tulloch-homes.com/assets/000/004/302/Showhome_bedroom_2_OPP_gallery_landscape_image.jpg?1776867639","This is a furnished bedroom with a desk."
"Parks View","Etive · Plot 403","4","https://www.tulloch-homes.com/homes-for-sale/5-inverness/793-etive","images/ffc6059b96b07c795668b5deb227e2cfde19a3c205031bc943fb26aca4d6a2d6.jpg","https://www.tulloch-homes.com/assets/000/004/304/Showhome_bedroom_3_OPP_gallery_landscape_image.jpg?1776867745","This is a furnished bedroom."
"Parks View","Etive · Plot 403","4","https://www.tulloch-homes.com/homes-for-sale/5-inverness/793-etive","images/b0253a2b43ca1bfb90bebc739764c45a7ef3b0db2777ed9995b991ec0dbf7fb4.jpg","https://www.tulloch-homes.com/assets/000/004/305/Showhome_bathroom_OPP_gallery_landscape_image.jpg?1776868576","This is a functional bathroom space."
"Parks View","Etive · Plot 403","4","https://www.tulloch-homes.com/homes-for-sale/5-inverness/793-etive","images/b98b967270daa64706017eae413505cb5bee4d7b7bc4d600373bed14be8dcb3f.jpg","https://www.tulloch-homes.com/assets/000/004/308/First_floor_OPP_gallery_landscape_image.jpg?1776869277","This is a photograph of a residential hallway/landing area."
"Parks View","Etive · Plot 418","4","https://www.tulloch-homes.com/homes-for-sale/5-inverness/804-etive","images/448954151376bcec091b9540c8afe0040f93d81615c81f09840590907b6e41e1.jpg","https://www.tulloch-homes.com/assets/000/004/266/tulloch-homes-parks-view-etive-plot-313-photos-apr-26-27_gallery_landscape_image.jpg?1776784679","The image shows a furnished living area with seating and decor."
"Parks View","Etive · Plot 418","4","https://www.tulloch-homes.com/homes-for-sale/5-inverness/804-etive","images/b00a12e1bdac15f1733e35a868b6ea648e81bf0072bb23b534e09d7ebdaf0176.jpg","https://www.tulloch-homes.com/assets/000/004/269/tulloch-homes-parks-view-etive-plot-313-photos-apr-26-33_gallery_landscape_image.jpg?1776784463","The image shows a furnished living area with seating."
"Parks View","Etive · Plot 418","4","https://www.tulloch-homes.com/homes-for-sale/5-inverness/804-etive","images/27b8d8f1688ff7626e856b70e2f42fff7168d243dd2a850cd16260a9770950c3.jpg","https://www.tulloch-homes.com/assets/000/004/270/tulloch-homes-parks-view-etive-plot-313-photos-apr-26-39_gallery_landscape_image.jpg?1776784469","The image shows a kitchen and dining area."
"Parks View","Etive · Plot 418","4","https://www.tulloch-homes.com/homes-for-sale/5-inverness/804-etive","images/3262db27f057ce2643f9789a495c2a0007ac84ce8650cdff70d18f821ee1c131.jpg","https://www.tulloch-homes.com/assets/000/004/271/tulloch-homes-parks-view-etive-plot-313-photos-apr-26-43_gallery_landscape_image.jpg?1776784474","The image shows a kitchen space."
"Parks View","Etive · Plot 418","4","https://www.tulloch-homes.com/homes-for-sale/5-inverness/804-etive","images/3ef74e64de67c30b1bcfee7a1dc5a692bdf721187340d18b1b392fd00be16e0c.jpg","https://www.tulloch-homes.com/assets/000/004/274/tulloch-homes-parks-view-etive-plot-313-photos-apr-26-58_gallery_landscape_image.jpg?1776784493","The image shows a dining room setup."
"Parks View","Etive · Plot 418","4","https://www.tulloch-homes.com/homes-for-sale/5-inverness/804-etive","images/9be91ea2fda5113f345ce09b7c241bba8e183e23e29997d4e393c5c0eaac7bad.jpg","https://www.tulloch-homes.com/assets/000/004/276/tulloch-homes-parks-view-etive-plot-313-photos-apr-26-62_gallery_landscape_image.jpg?1776784508","The image shows a utility or entrance area."
"Parks View","Etive · Plot 418","4","https://www.tulloch-homes.com/homes-for-sale/5-inverness/804-etive","images/3d1ac9626f776b512cd27f8cd807cda221877aaff6f0b8b1599e75baedaf8997.jpg","https://www.tulloch-homes.com/assets/000/004/275/tulloch-homes-parks-view-etive-plot-313-photos-apr-26-35_gallery_landscape_image.jpg?1776784516","The image shows a residential hallway."
"Parks View","Etive · Plot 418","4","https://www.tulloch-homes.com/homes-for-sale/5-inverness/804-etive","images/3c4bceeedcf18438b1758e4fef6e089d8f62c23caafc0bb249cf5a0b76f68beb.jpg","https://www.tulloch-homes.com/assets/000/004/281/tulloch-homes-parks-view-etive-plot-313-photos-apr-26-104_gallery_landscape_image.jpg?1776784564","The image shows a furnished bedroom."
"Parks View","Etive · Plot 418","4","https://www.tulloch-homes.com/homes-for-sale/5-inverness/804-etive","images/affcc493d80beba3198ebb25cb702915a3aa4abbfece5122f70d168bd329f261.jpg","https://www.tulloch-homes.com/assets/000/004/282/tulloch-homes-parks-view-etive-plot-313-photos-apr-26-112_gallery_landscape_image.jpg?1776784569","This is a photograph of a furnished bedroom."
"Parks View","Etive · Plot 418","4","https://www.tulloch-homes.com/homes-for-sale/5-inverness/804-etive","images/1e91c1ee31894628a4d5bf6ed274d9f36faa1c7fccf2667c1e97578eca043b61.jpg","https://www.tulloch-homes.com/assets/000/004/283/tulloch-homes-parks-view-etive-plot-313-photos-apr-26-113_gallery_landscape_image.jpg?1776784574","This is a photograph of a bathroom."
"Parks View","Etive · Plot 418","4","https://www.tulloch-homes.com/homes-for-sale/5-inverness/804-etive","images/ae92086f8ae5478371e0865b317c2010fd9ecc09667fcc9bd64f2f02c0ffa812.jpg","https://www.tulloch-homes.com/assets/000/004/284/tulloch-homes-parks-view-etive-plot-313-photos-apr-26-91_gallery_landscape_image.jpg?1776784580","This is a photograph of a furnished bedroom."
"Parks View","Etive · Plot 418","4","https://www.tulloch-homes.com/homes-for-sale/5-inverness/804-etive","images/eb9df11b08cb53f88c95c3dbf568607ce79082aa51b1ce2fb19503e015d1a14c.jpg","https://www.tulloch-homes.com/assets/000/004/287/tulloch-homes-parks-view-etive-plot-313-photos-apr-26-76_gallery_landscape_image.jpg?1776784825","This is a photograph of a bedroom that includes a desk."
"Parks View","Etive · Plot 418","4","https://www.tulloch-homes.com/homes-for-sale/5-inverness/804-etive","images/ff29431fe83a90bcd903ec8e5f3dab05e5d7c846e508205594bc6d2e681ec856.jpg","https://www.tulloch-homes.com/assets/000/004/288/tulloch-homes-parks-view-etive-plot-313-photos-apr-26-83_gallery_landscape_image.jpg?1776784831","This is a photograph of a furnished bedroom."
"Parks View","Etive · Plot 418","4","https://www.tulloch-homes.com/homes-for-sale/5-inverness/804-etive","images/76b0e06c018820d75d3ebdab1e5ca66b2131ef2beb740f2903e4efecd2ff8947.jpg","https://www.tulloch-homes.com/assets/000/004/289/tulloch-homes-parks-view-etive-plot-313-photos-apr-26-89_gallery_landscape_image.jpg?1776784362","This is a photograph of a bathroom."
"Parks View","Etive · Plot 404","4","https://www.tulloch-homes.com/homes-for-sale/5-inverness/794-etive","images/9fb009cdc1aa41aaddecd7683cc44b8473037a941e40b5634eb602a66451b782.jpg","https://www.tulloch-homes.com/assets/000/004/293/Showhome_living_room_1_OPP_gallery_landscape_image.jpg?1776867277","This is a photograph of a living room."
"Parks View","Etive · Plot 404","4","https://www.tulloch-homes.com/homes-for-sale/5-inverness/794-etive","images/05189e12249983bd3f5695823ac2a0f0d2fab77986a37f65abe45d1cb9688c55.jpg","https://www.tulloch-homes.com/assets/000/004/294/Showhome_living_room_2_OPP_gallery_landscape_image.jpg?1776867369","This is a photograph of a living room."
"Parks View","Etive · Plot 404","4","https://www.tulloch-homes.com/homes-for-sale/5-inverness/794-etive","images/8bb12c67cc225cee8b05f26092686f84c63759406e1ba5c994d467ec27d7e5b7.jpg","https://www.tulloch-homes.com/assets/000/004/295/Showhome_kitchen_dining_2_OPP_gallery_landscape_image.jpg?1776867432","This is a photograph of a kitchen."
"Parks View","Etive · Plot 404","4","https://www.tulloch-homes.com/homes-for-sale/5-inverness/794-etive","images/57395b1e848b58ae5526b301e69af959ac107e16a42ef72c11ba3f8c4f6147f0.jpg","https://www.tulloch-homes.com/assets/000/004/296/kitchen_diner_2_opp_gallery_landscape_image.jpg?1790693429","This is a photograph of a kitchen and dining area."
"Parks View","Etive · Plot 404","4","https://www.tulloch-homes.com/homes-for-sale/5-inverness/794-etive","images/aac8b5efae52a7256846c4cd456a14fadc1055ccfedce580c632e564da4f3a64.jpg","https://www.tulloch-homes.com/assets/000/004/297/Showhome_kitchen_dining_3_OPP_gallery_landscape_image.jpg?1776867496","This is a photograph of a dining room."
"Parks View","Etive · Plot 404","4","https://www.tulloch-homes.com/homes-for-sale/5-inverness/794-etive","images/9af4dce7d167c6b0697a3b12b66b169c37db9400b3d45b52f71d6374b3987f4f.jpg","https://www.tulloch-homes.com/assets/000/004/299/Showhome_utility_room_OPP_gallery_landscape_image.jpg?1776867542","This is a functional bathroom space."
"Parks View","Etive · Plot 404","4","https://www.tulloch-homes.com/homes-for-sale/5-inverness/794-etive","images/472243abb179c2c37e67736b76839ebc031e07943f748f04d51b696d084c6c90.jpg","https://www.tulloch-homes.com/assets/000/004/298/Showhome_ground_floor_hallway_OPP_gallery_landscape_image.jpg?1776867519","This is a residential hallway and staircase area."
"Parks View","Etive · Plot 404","4","https://www.tulloch-homes.com/homes-for-sale/5-inverness/794-etive","images/79ed57a2d8a655981aaf04744ce0f7f837e2443af9933860acfe343e30c03e22.jpg","https://www.tulloch-homes.com/assets/000/004/301/Showhome_master_bedroom_2_OPP_gallery_landscape_image.jpg?1776867611","This is a furnished bedroom."
"Parks View","Etive · Plot 404","4","https://www.tulloch-homes.com/homes-for-sale/5-inverness/794-etive","images/0c8b5275631273844e0259cbacf68455ec01d9e767f5a3f24563b1da6e84c1d1.jpg","https://www.tulloch-homes.com/assets/000/004/307/Showhome_ensuite_OPP_gallery_landscape_image.jpg?1776868616","This is a functional bathroom space."
"Parks View","Etive · Plot 404","4","https://www.tulloch-homes.com/homes-for-sale/5-inverness/794-etive","images/706c7d8cab481e6f2a8a88c9dac6ecaa3dbdfa7059112324c4563119cb64b25f.jpg","https://www.tulloch-homes.com/assets/000/004/306/Showhome_bedroom_OPP_gallery_landscape_image.jpg?1776868599","This is a furnished bedroom."
"Parks View","Etive · Plot 404","4","https://www.tulloch-homes.com/homes-for-sale/5-inverness/794-etive","images/16c8be224dbc2bd300691d3ddeb6bb5f93c8052c2a6665644082de2cb3874d7c.jpg","https://www.tulloch-homes.com/assets/000/004/302/Showhome_bedroom_2_OPP_gallery_landscape_image.jpg?1776867639","This is a furnished bedroom with a desk."
"Parks View","Etive · Plot 404","4","https://www.tulloch-homes.com/homes-for-sale/5-inverness/794-etive","images/ffc6059b96b07c795668b5deb227e2cfde19a3c205031bc943fb26aca4d6a2d6.jpg","https://www.tulloch-homes.com/assets/000/004/304/Showhome_bedroom_3_OPP_gallery_landscape_image.jpg?1776867745","This is a furnished bedroom."
"Parks View","Etive · Plot 404","4","https://www.tulloch-homes.com/homes-for-sale/5-inverness/794-etive","images/b0253a2b43ca1bfb90bebc739764c45a7ef3b0db2777ed9995b991ec0dbf7fb4.jpg","https://www.tulloch-homes.com/assets/000/004/305/Showhome_bathroom_OPP_gallery_landscape_image.jpg?1776868576","This is a functional bathroom space."
"Parks View","Etive · Plot 404","4","https://www.tulloch-homes.com/homes-for-sale/5-inverness/794-etive","images/b98b967270daa64706017eae413505cb5bee4d7b7bc4d600373bed14be8dcb3f.jpg","https://www.tulloch-homes.com/assets/000/004/308/First_floor_OPP_gallery_landscape_image.jpg?1776869277","This is a photograph of a residential hallway/landing area."
"Parks View","Etive · Plot 413","4","https://www.tulloch-homes.com/homes-for-sale/5-inverness/801-etive","images/448954151376bcec091b9540c8afe0040f93d81615c81f09840590907b6e41e1.jpg","https://www.tulloch-homes.com/assets/000/004/266/tulloch-homes-parks-view-etive-plot-313-photos-apr-26-27_gallery_landscape_image.jpg?1776784679","The image shows a furnished living area with seating and decor."
"Parks View","Etive · Plot 413","4","https://www.tulloch-homes.com/homes-for-sale/5-inverness/801-etive","images/b00a12e1bdac15f1733e35a868b6ea648e81bf0072bb23b534e09d7ebdaf0176.jpg","https://www.tulloch-homes.com/assets/000/004/269/tulloch-homes-parks-view-etive-plot-313-photos-apr-26-33_gallery_landscape_image.jpg?1776784463","The image shows a furnished living area with seating."
"Parks View","Etive · Plot 413","4","https://www.tulloch-homes.com/homes-for-sale/5-inverness/801-etive","images/27b8d8f1688ff7626e856b70e2f42fff7168d243dd2a850cd16260a9770950c3.jpg","https://www.tulloch-homes.com/assets/000/004/270/tulloch-homes-parks-view-etive-plot-313-photos-apr-26-39_gallery_landscape_image.jpg?1776784469","The image shows a kitchen and dining area."
"Parks View","Etive · Plot 413","4","https://www.tulloch-homes.com/homes-for-sale/5-inverness/801-etive","images/3262db27f057ce2643f9789a495c2a0007ac84ce8650cdff70d18f821ee1c131.jpg","https://www.tulloch-homes.com/assets/000/004/271/tulloch-homes-parks-view-etive-plot-313-photos-apr-26-43_gallery_landscape_image.jpg?1776784474","The image shows a kitchen space."
"Parks View","Etive · Plot 413","4","https://www.tulloch-homes.com/homes-for-sale/5-inverness/801-etive","images/3ef74e64de67c30b1bcfee7a1dc5a692bdf721187340d18b1b392fd00be16e0c.jpg","https://www.tulloch-homes.com/assets/000/004/274/tulloch-homes-parks-view-etive-plot-313-photos-apr-26-58_gallery_landscape_image.jpg?1776784493","The image shows a dining room setup."
"Parks View","Etive · Plot 413","4","https://www.tulloch-homes.com/homes-for-sale/5-inverness/801-etive","images/9be91ea2fda5113f345ce09b7c241bba8e183e23e29997d4e393c5c0eaac7bad.jpg","https://www.tulloch-homes.com/assets/000/004/276/tulloch-homes-parks-view-etive-plot-313-photos-apr-26-62_gallery_landscape_image.jpg?1776784508","The image shows a utility or entrance area."
"Parks View","Etive · Plot 413","4","https://www.tulloch-homes.com/homes-for-sale/5-inverness/801-etive","images/3d1ac9626f776b512cd27f8cd807cda221877aaff6f0b8b1599e75baedaf8997.jpg","https://www.tulloch-homes.com/assets/000/004/275/tulloch-homes-parks-view-etive-plot-313-photos-apr-26-35_gallery_landscape_image.jpg?1776784516","The image shows a residential hallway."
"Parks View","Etive · Plot 413","4","https://www.tulloch-homes.com/homes-for-sale/5-inverness/801-etive","images/3c4bceeedcf18438b1758e4fef6e089d8f62c23caafc0bb249cf5a0b76f68beb.jpg","https://www.tulloch-homes.com/assets/000/004/281/tulloch-homes-parks-view-etive-plot-313-photos-apr-26-104_gallery_landscape_image.jpg?1776784564","The image shows a furnished bedroom."
"Parks View","Etive · Plot 413","4","https://www.tulloch-homes.com/homes-for-sale/5-inverness/801-etive","images/affcc493d80beba3198ebb25cb702915a3aa4abbfece5122f70d168bd329f261.jpg","https://www.tulloch-homes.com/assets/000/004/282/tulloch-homes-parks-view-etive-plot-313-photos-apr-26-112_gallery_landscape_image.jpg?1776784569","This is a photograph of a furnished bedroom."
"Parks View","Etive · Plot 413","4","https://www.tulloch-homes.com/homes-for-sale/5-inverness/801-etive","images/1e91c1ee31894628a4d5bf6ed274d9f36faa1c7fccf2667c1e97578eca043b61.jpg","https://www.tulloch-homes.com/assets/000/004/283/tulloch-homes-parks-view-etive-plot-313-photos-apr-26-113_gallery_landscape_image.jpg?1776784574","This is a photograph of a bathroom."
"Parks View","Etive · Plot 413","4","https://www.tulloch-homes.com/homes-for-sale/5-inverness/801-etive","images/ae92086f8ae5478371e0865b317c2010fd9ecc09667fcc9bd64f2f02c0ffa812.jpg","https://www.tulloch-homes.com/assets/000/004/284/tulloch-homes-parks-view-etive-plot-313-photos-apr-26-91_gallery_landscape_image.jpg?1776784580","This is a photograph of a furnished bedroom."
"Parks View","Etive · Plot 413","4","https://www.tulloch-homes.com/homes-for-sale/5-inverness/801-etive","images/eb9df11b08cb53f88c95c3dbf568607ce79082aa51b1ce2fb19503e015d1a14c.jpg","https://www.tulloch-homes.com/assets/000/004/287/tulloch-homes-parks-view-etive-plot-313-photos-apr-26-76_gallery_landscape_image.jpg?1776784825","This is a photograph of a bedroom that includes a desk."
"Parks View","Etive · Plot 413","4","https://www.tulloch-homes.com/homes-for-sale/5-inverness/801-etive","images/ff29431fe83a90bcd903ec8e5f3dab05e5d7c846e508205594bc6d2e681ec856.jpg","https://www.tulloch-homes.com/assets/000/004/288/tulloch-homes-parks-view-etive-plot-313-photos-apr-26-83_gallery_landscape_image.jpg?1776784831","This is a photograph of a furnished bedroom."
"Parks View","Etive · Plot 413","4","https://www.tulloch-homes.com/homes-for-sale/5-inverness/801-etive","images/76b0e06c018820d75d3ebdab1e5ca66b2131ef2beb740f2903e4efecd2ff8947.jpg","https://www.tulloch-homes.com/assets/000/004/289/tulloch-homes-parks-view-etive-plot-313-photos-apr-26-89_gallery_landscape_image.jpg?1776784362","This is a photograph of a bathroom."
"Parks View","Etive · Plot 407","4","https://www.tulloch-homes.com/homes-for-sale/5-inverness/795-etive","images/9fb009cdc1aa41aaddecd7683cc44b8473037a941e40b5634eb602a66451b782.jpg","https://www.tulloch-homes.com/assets/000/004/293/Showhome_living_room_1_OPP_gallery_landscape_image.jpg?1776867277","This is a photograph of a living room."
"Parks View","Etive · Plot 407","4","https://www.tulloch-homes.com/homes-for-sale/5-inverness/795-etive","images/05189e12249983bd3f5695823ac2a0f0d2fab77986a37f65abe45d1cb9688c55.jpg","https://www.tulloch-homes.com/assets/000/004/294/Showhome_living_room_2_OPP_gallery_landscape_image.jpg?1776867369","This is a photograph of a living room."
"Parks View","Etive · Plot 407","4","https://www.tulloch-homes.com/homes-for-sale/5-inverness/795-etive","images/8bb12c67cc225cee8b05f26092686f84c63759406e1ba5c994d467ec27d7e5b7.jpg","https://www.tulloch-homes.com/assets/000/004/295/Showhome_kitchen_dining_2_OPP_gallery_landscape_image.jpg?1776867432","This is a photograph of a kitchen."
"Parks View","Etive · Plot 407","4","https://www.tulloch-homes.com/homes-for-sale/5-inverness/795-etive","images/57395b1e848b58ae5526b301e69af959ac107e16a42ef72c11ba3f8c4f6147f0.jpg","https://www.tulloch-homes.com/assets/000/004/296/kitchen_diner_2_opp_gallery_landscape_image.jpg?1790693429","This is a photograph of a kitchen and dining area."
"Parks View","Etive · Plot 407","4","https://www.tulloch-homes.com/homes-for-sale/5-inverness/795-etive","images/aac8b5efae52a7256846c4cd456a14fadc1055ccfedce580c632e564da4f3a64.jpg","https://www.tulloch-homes.com/assets/000/004/297/Showhome_kitchen_dining_3_OPP_gallery_landscape_image.jpg?1776867496","This is a photograph of a dining room."
"Parks View","Etive · Plot 407","4","https://www.tulloch-homes.com/homes-for-sale/5-inverness/795-etive","images/9af4dce7d167c6b0697a3b12b66b169c37db9400b3d45b52f71d6374b3987f4f.jpg","https://www.tulloch-homes.com/assets/000/004/299/Showhome_utility_room_OPP_gallery_landscape_image.jpg?1776867542","This is a functional bathroom space."
"Parks View","Etive · Plot 407","4","https://www.tulloch-homes.com/homes-for-sale/5-inverness/795-etive","images/472243abb179c2c37e67736b76839ebc031e07943f748f04d51b696d084c6c90.jpg","https://www.tulloch-homes.com/assets/000/004/298/Showhome_ground_floor_hallway_OPP_gallery_landscape_image.jpg?1776867519","This is a residential hallway and staircase area."
"Parks View","Etive · Plot 407","4","https://www.tulloch-homes.com/homes-for-sale/5-inverness/795-etive","images/79ed57a2d8a655981aaf04744ce0f7f837e2443af9933860acfe343e30c03e22.jpg","https://www.tulloch-homes.com/assets/000/004/301/Showhome_master_bedroom_2_OPP_gallery_landscape_image.jpg?1776867611","This is a furnished bedroom."
"Parks View","Etive · Plot 407","4","https://www.tulloch-homes.com/homes-for-sale/5-inverness/795-etive","images/0c8b5275631273844e0259cbacf68455ec01d9e767f5a3f24563b1da6e84c1d1.jpg","https://www.tulloch-homes.com/assets/000/004/307/Showhome_ensuite_OPP_gallery_landscape_image.jpg?1776868616","This is a functional bathroom space."
"Parks View","Etive · Plot 407","4","https://www.tulloch-homes.com/homes-for-sale/5-inverness/795-etive","images/706c7d8cab481e6f2a8a88c9dac6ecaa3dbdfa7059112324c4563119cb64b25f.jpg","https://www.tulloch-homes.com/assets/000/004/306/Showhome_bedroom_OPP_gallery_landscape_image.jpg?1776868599","This is a furnished bedroom."
"Parks View","Etive · Plot 407","4","https://www.tulloch-homes.com/homes-for-sale/5-inverness/795-etive","images/16c8be224dbc2bd300691d3ddeb6bb5f93c8052c2a6665644082de2cb3874d7c.jpg","https://www.tulloch-homes.com/assets/000/004/302/Showhome_bedroom_2_OPP_gallery_landscape_image.jpg?1776867639","This is a furnished bedroom with a desk."
"Parks View","Etive · Plot 407","4","https://www.tulloch-homes.com/homes-for-sale/5-inverness/795-etive","images/ffc6059b96b07c795668b5deb227e2cfde19a3c205031bc943fb26aca4d6a2d6.jpg","https://www.tulloch-homes.com/assets/000/004/304/Showhome_bedroom_3_OPP_gallery_landscape_image.jpg?1776867745","This is a furnished bedroom."
"Parks View","Etive · Plot 407","4","https://www.tulloch-homes.com/homes-for-sale/5-inverness/795-etive","images/b0253a2b43ca1bfb90bebc739764c45a7ef3b0db2777ed9995b991ec0dbf7fb4.jpg","https://www.tulloch-homes.com/assets/000/004/305/Showhome_bathroom_OPP_gallery_landscape_image.jpg?1776868576","This is a functional bathroom space."
"Parks View","Etive · Plot 407","4","https://www.tulloch-homes.com/homes-for-sale/5-inverness/795-etive","images/b98b967270daa64706017eae413505cb5bee4d7b7bc4d600373bed14be8dcb3f.jpg","https://www.tulloch-homes.com/assets/000/004/308/First_floor_OPP_gallery_landscape_image.jpg?1776869277","This is a photograph of a residential hallway/landing area."
"Parks View","Tarvie · Plot 410","4","https://www.tulloch-homes.com/homes-for-sale/5-inverness/798-tarvie","images/96450750597ead6f777e4f6ed769a1cd4347a2a43a6545430f5053058f7fecd7.jpg","https://www.tulloch-homes.com/assets/000/002/987/Tarvie_Kitchen_Dining_%287%29_OPP_gallery_landscape_image.jpg?1736418117","This is a photograph of a furnished dining room."
"Parks View","Tarvie · Plot 410","4","https://www.tulloch-homes.com/homes-for-sale/5-inverness/798-tarvie","images/5f15721b7868aaf44517725fcd29577807eb99dc4fea91215b9beb7cf8762cfc.jpg","https://www.tulloch-homes.com/assets/000/002/986/Tarvie_Kitchen_Dining_%286%29_OPP_gallery_landscape_image.jpg?1736418109","This is a photograph of a furnished dining room."
"Parks View","Tarvie · Plot 410","4","https://www.tulloch-homes.com/homes-for-sale/5-inverness/798-tarvie","images/d1e2fd3d02c43caec72e99fc68c9b23db16059609a71a3c9f7b1d2be1d690532.jpg","https://www.tulloch-homes.com/assets/000/002/988/Tarvie_lounge_OPP_gallery_landscape_image.jpg?1736417989","This is a photograph of a furnished living room."
"Parks View","Tarvie · Plot 410","4","https://www.tulloch-homes.com/homes-for-sale/5-inverness/798-tarvie","images/5294a235c1fc041a669796507cd7191fb0d1d7dc075250c980aafcf52a18e562.jpg","https://www.tulloch-homes.com/assets/000/002/976/Tarvie_Bedroom_1_%282%29_OPP_gallery_landscape_image.jpg?1736419308","This is a photograph of a furnished bedroom."
"Parks View","Tarvie · Plot 410","4","https://www.tulloch-homes.com/homes-for-sale/5-inverness/798-tarvie","images/c7b1975a4fa56bf802bf3714b32f265dc44c7171fd345885846110521163a10a.jpg","https://www.tulloch-homes.com/assets/000/002/981/Tarvie_family_room_OPP_gallery_landscape_image.jpg?1736418054","This is a photograph of a furnished study/home office."
"Parks View","Tarvie · Plot 410","4","https://www.tulloch-homes.com/homes-for-sale/5-inverness/798-tarvie","images/5b9a7d7e96249283e8da898c2af52377fd5b966475617e8422d22d4f46545a4d.jpg","https://www.tulloch-homes.com/assets/000/002/985/Tarvie_Kitchen_Dining_%285%29_OPP_gallery_landscape_image.jpg?1736418101","This is a photograph of a furnished dining room."
"Parks View","Tarvie · Plot 410","4","https://www.tulloch-homes.com/homes-for-sale/5-inverness/798-tarvie","images/b36f8274546dc807872d10501f1b17f367486b041c4671d8ee4d482ab0e6f0a2.jpg","https://www.tulloch-homes.com/assets/000/002/982/Tarvie_Kitchen_Dining_%281%29_OPP_gallery_landscape_image.jpg?1736418063","This is a photograph of a furnished kitchen and dining area."
"Parks View","Tarvie · Plot 410","4","https://www.tulloch-homes.com/homes-for-sale/5-inverness/798-tarvie","images/c39298c4600387822e0ec1d1971c655757da1352d8911a9dac2a5c7f8e05fadd.jpg","https://www.tulloch-homes.com/assets/000/002/983/Tarvie_Kitchen_Dining_%283%29_OPP_gallery_landscape_image.jpg?1736418081","The image shows a functional kitchen space with appliances and cabinetry."
"Parks View","Tarvie · Plot 410","4","https://www.tulloch-homes.com/homes-for-sale/5-inverness/798-tarvie","images/de8ac72ee78e1b6875370cf17d03b387c3edfb031909909de348a84d1bbb0477.jpg","https://www.tulloch-homes.com/assets/000/002/984/Tarvie_Kitchen_Dining_%284%29_OPP_gallery_landscape_image.jpg?1736418091","The image depicts a dining room setup within an open-plan living space."
"Parks View","Tarvie · Plot 410","4","https://www.tulloch-homes.com/homes-for-sale/5-inverness/798-tarvie","images/3db67e81851097b94d89cefac400027300f8a91fe6415a14e0b7aa59a5a59ce8.jpg","https://www.tulloch-homes.com/assets/000/002/978/Tarvie_Bedroom_2_OPP_gallery_landscape_image.jpg?1736418028","The image shows a furnished bedroom."
"Parks View","Tarvie · Plot 410","4","https://www.tulloch-homes.com/homes-for-sale/5-inverness/798-tarvie","images/a82b8d34ab4660eaa193da0edccbf0e2ba55d5ac2c710958dd75b7e50b707df4.jpg","https://www.tulloch-homes.com/assets/000/002/975/Tarvie_Bedroom_1_%281%29_OPP_gallery_landscape_image.jpg?1736418010","The image shows a furnished bedroom."
"Parks View","Tarvie · Plot 410","4","https://www.tulloch-homes.com/homes-for-sale/5-inverness/798-tarvie","images/dd6ecab1fa7ad49756d3a7763319d930f3ead3282e4c03087f72f3f2899cdac2.jpg","https://www.tulloch-homes.com/assets/000/002/974/Tarvie_Bathroom_OPP_gallery_landscape_image.jpg?1736418001","The image shows a bathroom interior."
"Parks View","Tarvie · Plot 410","4","https://www.tulloch-homes.com/homes-for-sale/5-inverness/798-tarvie","images/3dc8296b37d62948d301400ee37565a4f3509e4dedf1ab2751c6ff70b67f3b65.jpg","https://www.tulloch-homes.com/assets/000/002/980/Tarvie_bedroom_4_OPP_gallery_landscape_image.jpg?1736418046","The image shows a child's bedroom."
"Parks View","Tarvie · Plot 410","4","https://www.tulloch-homes.com/homes-for-sale/5-inverness/798-tarvie","images/b52788fc190ee255e2cd93984e78710b2909bea0190c961a94ba405497553c54.jpg","https://www.tulloch-homes.com/assets/000/002/979/Tarvie_Bedroom_3_OPP_gallery_landscape_image.jpg?1736418036","The image shows a furnished bedroom."
"Parks View","Burrell · Plot 325","5","https://www.tulloch-homes.com/homes-for-sale/5-inverness/781-burrell","images/326acc2777cc93312b6f08fceb59b66059e611c749a57a60b9ff8b36bc2493ff.jpg","https://www.tulloch-homes.com/assets/000/003/883/PV_Burrell_Lounge_AS_new_gallery_landscape_image.jpg?1766068188","This is a photograph of a furnished living room."
"Parks View","Burrell · Plot 325","5","https://www.tulloch-homes.com/homes-for-sale/5-inverness/781-burrell","images/856cde2777d4152c5730a0fd21e6d4564e75e99d6ce3de4bb8407723094c3576.jpg","https://www.tulloch-homes.com/assets/000/003/882/PV_Burrell_kitchen_AS_gallery_landscape_image.jpg?1766068196","This is a photograph of a furnished kitchen."
"Parks View","Burrell · Plot 325","5","https://www.tulloch-homes.com/homes-for-sale/5-inverness/781-burrell","images/1b8158f50e96ab9faf37e64037f06c7e60d984b016e51f719522987d2742dfe4.jpg","https://www.tulloch-homes.com/assets/000/003/881/PV_Burrell_Bedroom_AS_gallery_landscape_image.jpg?1766068281","This is a photograph of a furnished bedroom."
"Parks View","Etive · Plot 411","4","https://www.tulloch-homes.com/homes-for-sale/5-inverness/799-etive","images/448954151376bcec091b9540c8afe0040f93d81615c81f09840590907b6e41e1.jpg","https://www.tulloch-homes.com/assets/000/004/266/tulloch-homes-parks-view-etive-plot-313-photos-apr-26-27_gallery_landscape_image.jpg?1776784679","The image shows a furnished living area with seating and decor."
"Parks View","Etive · Plot 411","4","https://www.tulloch-homes.com/homes-for-sale/5-inverness/799-etive","images/b00a12e1bdac15f1733e35a868b6ea648e81bf0072bb23b534e09d7ebdaf0176.jpg","https://www.tulloch-homes.com/assets/000/004/269/tulloch-homes-parks-view-etive-plot-313-photos-apr-26-33_gallery_landscape_image.jpg?1776784463","The image shows a furnished living area with seating."
"Parks View","Etive · Plot 411","4","https://www.tulloch-homes.com/homes-for-sale/5-inverness/799-etive","images/27b8d8f1688ff7626e856b70e2f42fff7168d243dd2a850cd16260a9770950c3.jpg","https://www.tulloch-homes.com/assets/000/004/270/tulloch-homes-parks-view-etive-plot-313-photos-apr-26-39_gallery_landscape_image.jpg?1776784469","The image shows a kitchen and dining area."
"Parks View","Etive · Plot 411","4","https://www.tulloch-homes.com/homes-for-sale/5-inverness/799-etive","images/3262db27f057ce2643f9789a495c2a0007ac84ce8650cdff70d18f821ee1c131.jpg","https://www.tulloch-homes.com/assets/000/004/271/tulloch-homes-parks-view-etive-plot-313-photos-apr-26-43_gallery_landscape_image.jpg?1776784474","The image shows a kitchen space."
"Parks View","Etive · Plot 411","4","https://www.tulloch-homes.com/homes-for-sale/5-inverness/799-etive","images/3ef74e64de67c30b1bcfee7a1dc5a692bdf721187340d18b1b392fd00be16e0c.jpg","https://www.tulloch-homes.com/assets/000/004/274/tulloch-homes-parks-view-etive-plot-313-photos-apr-26-58_gallery_landscape_image.jpg?1776784493","The image shows a dining room setup."
"Parks View","Etive · Plot 411","4","https://www.tulloch-homes.com/homes-for-sale/5-inverness/799-etive","images/9be91ea2fda5113f345ce09b7c241bba8e183e23e29997d4e393c5c0eaac7bad.jpg","https://www.tulloch-homes.com/assets/000/004/276/tulloch-homes-parks-view-etive-plot-313-photos-apr-26-62_gallery_landscape_image.jpg?1776784508","The image shows a utility or entrance area."
"Parks View","Etive · Plot 411","4","https://www.tulloch-homes.com/homes-for-sale/5-inverness/799-etive","images/3d1ac9626f776b512cd27f8cd807cda221877aaff6f0b8b1599e75baedaf8997.jpg","https://www.tulloch-homes.com/assets/000/004/275/tulloch-homes-parks-view-etive-plot-313-photos-apr-26-35_gallery_landscape_image.jpg?1776784516","The image shows a residential hallway."
"Parks View","Etive · Plot 411","4","https://www.tulloch-homes.com/homes-for-sale/5-inverness/799-etive","images/3c4bceeedcf18438b1758e4fef6e089d8f62c23caafc0bb249cf5a0b76f68beb.jpg","https://www.tulloch-homes.com/assets/000/004/281/tulloch-homes-parks-view-etive-plot-313-photos-apr-26-104_gallery_landscape_image.jpg?1776784564","The image shows a furnished bedroom."
"Parks View","Etive · Plot 411","4","https://www.tulloch-homes.com/homes-for-sale/5-inverness/799-etive","images/affcc493d80beba3198ebb25cb702915a3aa4abbfece5122f70d168bd329f261.jpg","https://www.tulloch-homes.com/assets/000/004/282/tulloch-homes-parks-view-etive-plot-313-photos-apr-26-112_gallery_landscape_image.jpg?1776784569","This is a photograph of a furnished bedroom."
"Parks View","Etive · Plot 411","4","https://www.tulloch-homes.com/homes-for-sale/5-inverness/799-etive","images/1e91c1ee31894628a4d5bf6ed274d9f36faa1c7fccf2667c1e97578eca043b61.jpg","https://www.tulloch-homes.com/assets/000/004/283/tulloch-homes-parks-view-etive-plot-313-photos-apr-26-113_gallery_landscape_image.jpg?1776784574","This is a photograph of a bathroom."
"Parks View","Etive · Plot 411","4","https://www.tulloch-homes.com/homes-for-sale/5-inverness/799-etive","images/ae92086f8ae5478371e0865b317c2010fd9ecc09667fcc9bd64f2f02c0ffa812.jpg","https://www.tulloch-homes.com/assets/000/004/284/tulloch-homes-parks-view-etive-plot-313-photos-apr-26-91_gallery_landscape_image.jpg?1776784580","This is a photograph of a furnished bedroom."
"Parks View","Etive · Plot 411","4","https://www.tulloch-homes.com/homes-for-sale/5-inverness/799-etive","images/eb9df11b08cb53f88c95c3dbf568607ce79082aa51b1ce2fb19503e015d1a14c.jpg","https://www.tulloch-homes.com/assets/000/004/287/tulloch-homes-parks-view-etive-plot-313-photos-apr-26-76_gallery_landscape_image.jpg?1776784825","This is a photograph of a bedroom that includes a desk."
"Parks View","Etive · Plot 411","4","https://www.tulloch-homes.com/homes-for-sale/5-inverness/799-etive","images/ff29431fe83a90bcd903ec8e5f3dab05e5d7c846e508205594bc6d2e681ec856.jpg","https://www.tulloch-homes.com/assets/000/004/288/tulloch-homes-parks-view-etive-plot-313-photos-apr-26-83_gallery_landscape_image.jpg?1776784831","This is a photograph of a furnished bedroom."
"Parks View","Etive · Plot 411","4","https://www.tulloch-homes.com/homes-for-sale/5-inverness/799-etive","images/76b0e06c018820d75d3ebdab1e5ca66b2131ef2beb740f2903e4efecd2ff8947.jpg","https://www.tulloch-homes.com/assets/000/004/289/tulloch-homes-parks-view-etive-plot-313-photos-apr-26-89_gallery_landscape_image.jpg?1776784362","This is a photograph of a bathroom."
"Fairview Heights","Tarvie · Plot 380","4","https://www.tulloch-homes.com/homes-for-sale/13-inverness/650-tarvie","images/c82d0a55fc09338d18e154bbca2cd043de7d80627626d3da807c7153043f0b17.jpg","https://www.tulloch-homes.com/assets/000/004/529/Tarvie_10_OPP_gallery_landscape_image.jpg?1790850335","This is a photograph of a furnished dining room."
"Fairview Heights","Tarvie · Plot 380","4","https://www.tulloch-homes.com/homes-for-sale/13-inverness/650-tarvie","images/f7d9a7bdeb57b6fa4bdb83ca816b20011173f888a51b9fcf706bfaac8f3e5d66.jpg","https://www.tulloch-homes.com/assets/000/004/530/Tarvie_11_OPP_gallery_landscape_image.jpg?1790850342","This is a photograph of a furnished dining room."
"Fairview Heights","Tarvie · Plot 380","4","https://www.tulloch-homes.com/homes-for-sale/13-inverness/650-tarvie","images/5e26043e79780016cf11c546dd629165c12c60b7bbb170907002c41acbac0a33.jpg","https://www.tulloch-homes.com/assets/000/004/531/Tarvie_12_OPP_gallery_landscape_image.jpg?1790850355","This is a photograph of a furnished dining room."
"Fairview Heights","Tarvie · Plot 380","4","https://www.tulloch-homes.com/homes-for-sale/13-inverness/650-tarvie","images/b44e202095b640ff660a5021529fbb1bc63f9456ceaed1d7a76143bd35ca7e1f.jpg","https://www.tulloch-homes.com/assets/000/004/532/Tarvie_13_OPP_gallery_landscape_image.jpg?1790850364","The image shows a functional kitchen space with cabinetry and appliances."
"Fairview Heights","Tarvie · Plot 380","4","https://www.tulloch-homes.com/homes-for-sale/13-inverness/650-tarvie","images/1ab0b1e9361affcfc0f8e43166cab29eeb622b0a9347d0d962f1557865cc28bc.jpg","https://www.tulloch-homes.com/assets/000/004/533/Tarvie_14_OPP_gallery_landscape_image.jpg?1790850372","The image depicts a bathroom or cloakroom with sanitary fixtures."
"Fairview Heights","Tarvie · Plot 380","4","https://www.tulloch-homes.com/homes-for-sale/13-inverness/650-tarvie","images/c4241d0ae9924747d830cc23f5292f6d39abc84de80326a814e12e7cfab29f07.jpg","https://www.tulloch-homes.com/assets/000/004/514/Tarvie_19_OPP_gallery_landscape_image.jpg?1790850418","The image shows a furnished bedroom."
"Fairview Heights","Tarvie · Plot 380","4","https://www.tulloch-homes.com/homes-for-sale/13-inverness/650-tarvie","images/6cfeff6a1221eb4827ae5a027129949f9ffa6c0126c8b7ffa76022f694ac841d.jpg","https://www.tulloch-homes.com/assets/000/004/516/Tarvie_22_OPP_gallery_landscape_image.jpg?1790850450","The image shows a furnished bedroom."
"Fairview Heights","Tarvie · Plot 380","4","https://www.tulloch-homes.com/homes-for-sale/13-inverness/650-tarvie","images/61d3d15c16e9096d33ece6603b3e770fa8d88829e4b0120ed4eb6f5312366db3.jpg","https://www.tulloch-homes.com/assets/000/004/517/Tarvie_23_OPP_gallery_landscape_image.jpg?1790850476","The image shows a furnished bedroom."
"Fairview Heights","Tarvie · Plot 380","4","https://www.tulloch-homes.com/homes-for-sale/13-inverness/650-tarvie","images/4f9ebcb5c0caa2ea311449c1be5abaa86733712b0d8dff2be641b391c362b675.jpg","https://www.tulloch-homes.com/assets/000/004/518/Tarvie_24_OPP_gallery_landscape_image.jpg?1790850494","The image shows a furnished bedroom."
"Fairview Heights","Tarvie · Plot 380","4","https://www.tulloch-homes.com/homes-for-sale/13-inverness/650-tarvie","images/9276ec88190a9089dda36119057e8ce6a094099717a653ef8f1a6609061da9a4.jpg","https://www.tulloch-homes.com/assets/000/004/519/Tarvie_25_OPP_gallery_landscape_image.jpg?1790850506","The image shows a bathroom with sanitary fixtures."
"Fairview Heights","Tarvie · Plot 380","4","https://www.tulloch-homes.com/homes-for-sale/13-inverness/650-tarvie","images/cb40a08be53e7e5d89879c265c3c6b2e9a9e04eb79afca36f0e407a11755608c.jpg","https://www.tulloch-homes.com/assets/000/004/523/Tarvie_4_OPP_gallery_landscape_image.jpg?1790850561","The image shows a furnished living room."
"Fairview Heights","Tarvie · Plot 380","4","https://www.tulloch-homes.com/homes-for-sale/13-inverness/650-tarvie","images/ae40829059571fde6289108bbe15f4d52dfc0836690d82a063519f97b2245b58.jpg","https://www.tulloch-homes.com/assets/000/004/525/Tarvie_6_OPP_gallery_landscape_image.jpg?1790850584","This is a photograph of a furnished living room."
"Fairview Heights","Tarvie · Plot 380","4","https://www.tulloch-homes.com/homes-for-sale/13-inverness/650-tarvie","images/544a63d1f32c4242b298890c40f8efa6b5ba024c5c8f2fd7ad279ae2e5ff399d.jpg","https://www.tulloch-homes.com/assets/000/004/528/Tarvie_9_OPP_gallery_landscape_image.jpg?1790850627","This is a photograph of a kitchen."
"Fairview Heights","Tarvie · Plot 380","4","https://www.tulloch-homes.com/homes-for-sale/13-inverness/650-tarvie","images/beef7bdba18aacc69b20ac61983dba9cc9866961834f70297968b8904f22b6eb.jpg","https://www.tulloch-homes.com/assets/000/004/522/Tarvie_3_OPP_gallery_landscape_image.jpg?1790850549","This is a photograph of a hallway and staircase."
"Fairview Heights","Culzean · Plot 359","4","https://www.tulloch-homes.com/homes-for-sale/13-inverness/629-culzean","images/0b7c1165d5b5cde083700a4fa839288d24a6ee1cae8cbcb970fa4d5aae842cf3.jpg","https://www.tulloch-homes.com/assets/000/004/432/Exterior_front_gallery_landscape_image.jpg?1785854568","This is a photograph of the property exterior."
"Fairview Heights","Culzean · Plot 359","4","https://www.tulloch-homes.com/homes-for-sale/13-inverness/629-culzean","images/1bad0f25d49201be4541fd3818f75891758fcdeddfad60b48e74f36abc78fdca.jpg","https://www.tulloch-homes.com/assets/000/004/433/Living_room_gallery_landscape_image.jpg?1785854596","This is a photograph of a living room interior."
"Fairview Heights","Culzean · Plot 359","4","https://www.tulloch-homes.com/homes-for-sale/13-inverness/629-culzean","images/0bb16c1f477b0e872b10d3dedd4451a4f237b01dd0e7fa533de8ff53038ac6c3.jpg","https://www.tulloch-homes.com/assets/000/004/434/Kitchen_1_gallery_landscape_image.jpg?1785854619","This is a photograph of a dining room interior."
"Fairview Heights","Culzean · Plot 359","4","https://www.tulloch-homes.com/homes-for-sale/13-inverness/629-culzean","images/5a146bfb839eecaf856d2e81e0485e66b524089fad1a6b629fb630d088642257.jpg","https://www.tulloch-homes.com/assets/000/004/435/Kitchen_2_gallery_landscape_image.jpg?1785854641","This is a photograph of a kitchen interior."
"Fairview Heights","Culzean · Plot 359","4","https://www.tulloch-homes.com/homes-for-sale/13-inverness/629-culzean","images/49434be4146d273f38ecb409629450b0d77a3563ff742e8e013a416255e50aa0.jpg","https://www.tulloch-homes.com/assets/000/004/437/Study_gallery_landscape_image.jpg?1785854669","The room is clearly set up as a home office or study space."
"Fairview Heights","Culzean · Plot 359","4","https://www.tulloch-homes.com/homes-for-sale/13-inverness/629-culzean","images/4fbd0617bbe557c92cb31aa0c50586e9d832c3871735d83fcebb517d29eb3d88.jpg","https://www.tulloch-homes.com/assets/000/004/436/Hallway_gallery_landscape_image.jpg?1785854813","This is the entrance area of the property."
"Fairview Heights","Culzean · Plot 359","4","https://www.tulloch-homes.com/homes-for-sale/13-inverness/629-culzean","images/419334919a573d1098cee11af9b72a731831a7473a50c55de70aa7f491c4fec7.jpg","https://www.tulloch-homes.com/assets/000/004/438/Bedroom_1_gallery_landscape_image.jpg?1785854685","The room is furnished as a bedroom."
"Fairview Heights","Culzean · Plot 359","4","https://www.tulloch-homes.com/homes-for-sale/13-inverness/629-culzean","images/6a42ef96364b2b358b60d033fd85ee7bf458862c7f32992100cb8dbbafb7e75b.jpg","https://www.tulloch-homes.com/assets/000/004/439/Bedroom_2_gallery_landscape_image.jpg?1785854706","The room is furnished as a bedroom."
"Fairview Heights","Culzean · Plot 359","4","https://www.tulloch-homes.com/homes-for-sale/13-inverness/629-culzean","images/1e0a026a316d967795eec2b7fbe7d40ddc6f536344bdd7e315a75ee430210030.jpg","https://www.tulloch-homes.com/assets/000/004/440/Bedroom_3_gallery_landscape_image.jpg?1785854721","The room is furnished as a bedroom with a desk area."
"Fairview Heights","Culzean · Plot 359","4","https://www.tulloch-homes.com/homes-for-sale/13-inverness/629-culzean","images/9510c316e4ecc0c228a08ae70018bb55c39ebb881e3ff9c1b4ed360bd1411044.jpg","https://www.tulloch-homes.com/assets/000/004/441/Bathroom_gallery_landscape_image.jpg?1785854747","The room is a bathroom."
"Fairview Heights","Etive · Plot 397","4","https://www.tulloch-homes.com/homes-for-sale/13-inverness/667-etive","images/9fb009cdc1aa41aaddecd7683cc44b8473037a941e40b5634eb602a66451b782.jpg","https://www.tulloch-homes.com/assets/000/004/293/Showhome_living_room_1_OPP_gallery_landscape_image.jpg?1776867277","This is a photograph of a living room."
"Fairview Heights","Etive · Plot 397","4","https://www.tulloch-homes.com/homes-for-sale/13-inverness/667-etive","images/05189e12249983bd3f5695823ac2a0f0d2fab77986a37f65abe45d1cb9688c55.jpg","https://www.tulloch-homes.com/assets/000/004/294/Showhome_living_room_2_OPP_gallery_landscape_image.jpg?1776867369","This is a photograph of a living room."
"Fairview Heights","Etive · Plot 397","4","https://www.tulloch-homes.com/homes-for-sale/13-inverness/667-etive","images/8bb12c67cc225cee8b05f26092686f84c63759406e1ba5c994d467ec27d7e5b7.jpg","https://www.tulloch-homes.com/assets/000/004/295/Showhome_kitchen_dining_2_OPP_gallery_landscape_image.jpg?1776867432","This is a photograph of a kitchen."
"Fairview Heights","Etive · Plot 397","4","https://www.tulloch-homes.com/homes-for-sale/13-inverness/667-etive","images/57395b1e848b58ae5526b301e69af959ac107e16a42ef72c11ba3f8c4f6147f0.jpg","https://www.tulloch-homes.com/assets/000/004/296/kitchen_diner_2_opp_gallery_landscape_image.jpg?1790693429","This is a photograph of a kitchen and dining area."
"Fairview Heights","Etive · Plot 397","4","https://www.tulloch-homes.com/homes-for-sale/13-inverness/667-etive","images/aac8b5efae52a7256846c4cd456a14fadc1055ccfedce580c632e564da4f3a64.jpg","https://www.tulloch-homes.com/assets/000/004/297/Showhome_kitchen_dining_3_OPP_gallery_landscape_image.jpg?1776867496","This is a photograph of a dining room."
"Fairview Heights","Etive · Plot 397","4","https://www.tulloch-homes.com/homes-for-sale/13-inverness/667-etive","images/9af4dce7d167c6b0697a3b12b66b169c37db9400b3d45b52f71d6374b3987f4f.jpg","https://www.tulloch-homes.com/assets/000/004/299/Showhome_utility_room_OPP_gallery_landscape_image.jpg?1776867542","This is a functional bathroom space."
"Fairview Heights","Etive · Plot 397","4","https://www.tulloch-homes.com/homes-for-sale/13-inverness/667-etive","images/472243abb179c2c37e67736b76839ebc031e07943f748f04d51b696d084c6c90.jpg","https://www.tulloch-homes.com/assets/000/004/298/Showhome_ground_floor_hallway_OPP_gallery_landscape_image.jpg?1776867519","This is a residential hallway and staircase area."
"Fairview Heights","Etive · Plot 397","4","https://www.tulloch-homes.com/homes-for-sale/13-inverness/667-etive","images/79ed57a2d8a655981aaf04744ce0f7f837e2443af9933860acfe343e30c03e22.jpg","https://www.tulloch-homes.com/assets/000/004/301/Showhome_master_bedroom_2_OPP_gallery_landscape_image.jpg?1776867611","This is a furnished bedroom."
"Fairview Heights","Etive · Plot 397","4","https://www.tulloch-homes.com/homes-for-sale/13-inverness/667-etive","images/0c8b5275631273844e0259cbacf68455ec01d9e767f5a3f24563b1da6e84c1d1.jpg","https://www.tulloch-homes.com/assets/000/004/307/Showhome_ensuite_OPP_gallery_landscape_image.jpg?1776868616","This is a functional bathroom space."
"Fairview Heights","Etive · Plot 397","4","https://www.tulloch-homes.com/homes-for-sale/13-inverness/667-etive","images/706c7d8cab481e6f2a8a88c9dac6ecaa3dbdfa7059112324c4563119cb64b25f.jpg","https://www.tulloch-homes.com/assets/000/004/306/Showhome_bedroom_OPP_gallery_landscape_image.jpg?1776868599","This is a furnished bedroom."
"Fairview Heights","Etive · Plot 397","4","https://www.tulloch-homes.com/homes-for-sale/13-inverness/667-etive","images/16c8be224dbc2bd300691d3ddeb6bb5f93c8052c2a6665644082de2cb3874d7c.jpg","https://www.tulloch-homes.com/assets/000/004/302/Showhome_bedroom_2_OPP_gallery_landscape_image.jpg?1776867639","This is a furnished bedroom with a desk."
"Fairview Heights","Etive · Plot 397","4","https://www.tulloch-homes.com/homes-for-sale/13-inverness/667-etive","images/ffc6059b96b07c795668b5deb227e2cfde19a3c205031bc943fb26aca4d6a2d6.jpg","https://www.tulloch-homes.com/assets/000/004/304/Showhome_bedroom_3_OPP_gallery_landscape_image.jpg?1776867745","This is a furnished bedroom."
"Fairview Heights","Etive · Plot 397","4","https://www.tulloch-homes.com/homes-for-sale/13-inverness/667-etive","images/b0253a2b43ca1bfb90bebc739764c45a7ef3b0db2777ed9995b991ec0dbf7fb4.jpg","https://www.tulloch-homes.com/assets/000/004/305/Showhome_bathroom_OPP_gallery_landscape_image.jpg?1776868576","This is a functional bathroom space."
"Fairview Heights","Etive · Plot 397","4","https://www.tulloch-homes.com/homes-for-sale/13-inverness/667-etive","images/b98b967270daa64706017eae413505cb5bee4d7b7bc4d600373bed14be8dcb3f.jpg","https://www.tulloch-homes.com/assets/000/004/308/First_floor_OPP_gallery_landscape_image.jpg?1776869277","This is a photograph of a residential hallway/landing area."
"Fairview Heights","Tweed · Plot 396","4","https://www.tulloch-homes.com/homes-for-sale/13-inverness/666-tweed","images/54eafcd7d5a08956dd4cd5797296c87b41cc7f0311f0b5f7a8b47fe4372ff7e8.jpg","https://www.tulloch-homes.com/assets/000/003/101/Tweed_Kitchen_Dining_Room_1_OPP_gallery_landscape_image.jpg?1738059689","This is a photograph of a real kitchen."
"Fairview Heights","Tweed · Plot 396","4","https://www.tulloch-homes.com/homes-for-sale/13-inverness/666-tweed","images/6e47e92dc187f5ca27f36108814b8eb062622807b196c0fc27385274e9cbcba8.jpg","https://www.tulloch-homes.com/assets/000/003/102/Tweed_Kitchen_Dining_Room_2_OPP_gallery_landscape_image.jpg?1769605881","This is a photograph of a real dining room."
"Fairview Heights","Tweed · Plot 396","4","https://www.tulloch-homes.com/homes-for-sale/13-inverness/666-tweed","images/583b9e8a0800e18e0cb6702568fe86deaab1a989a2d69b80d866882f8d4e97b4.jpg","https://www.tulloch-homes.com/assets/000/003/106/Tweed_Lounge_3_OPP_gallery_landscape_image.jpg?1769605407","This is a photograph of a real living room."
"Fairview Heights","Tweed · Plot 396","4","https://www.tulloch-homes.com/homes-for-sale/13-inverness/666-tweed","images/b51d5d435826ab1d2943a5e0114270c198e9be635f43c61d08bcc26dcab6dd32.jpg","https://www.tulloch-homes.com/assets/000/003/104/Tweed_Lounge__1_OPP_gallery_landscape_image.jpg?1738059652","This is a photograph of a real living room."
"Fairview Heights","Tweed · Plot 396","4","https://www.tulloch-homes.com/homes-for-sale/13-inverness/666-tweed","images/6e9df42cefd0e79f3f15cb0226c73aad3a62ec968a76bad4b440c78bc29e9bb1.jpg","https://www.tulloch-homes.com/assets/000/000/042/Maples_Tweed_Nobilia_Kitchen_OPP_gallery_landscape_image.jpg?1715680491","This is a photograph of a real kitchen and dining space."
"Fairview Heights","Tweed · Plot 396","4","https://www.tulloch-homes.com/homes-for-sale/13-inverness/666-tweed","images/559551f819cbfce3ceb0a09fe7576007d2539a6213ecb18769d3c6348e113406.jpg","https://www.tulloch-homes.com/assets/000/003/097/Tweed_Bedroom_1_OPP_gallery_landscape_image.jpg?1738059606","This is a photograph of a real bedroom."
"Fairview Heights","Tweed · Plot 396","4","https://www.tulloch-homes.com/homes-for-sale/13-inverness/666-tweed","images/cc3b3f5ff62a0ed81fd95be324d98bf2b70d68b47f97f2cfa34f5cbd07ae3cb8.jpg","https://www.tulloch-homes.com/assets/000/003/103/Tweed_Kitchen_Dining_Room_3_OPP_gallery_landscape_image.jpg?1738059659","This is a photograph of a real dining room."
"Fairview Heights","Tweed · Plot 396","4","https://www.tulloch-homes.com/homes-for-sale/13-inverness/666-tweed","images/8b5d185cb9a2054befd4cca91d3676797db7c66aa73de816cbb7203bf004735b.jpg","https://www.tulloch-homes.com/assets/000/003/105/Tweed_Lounge_2_OPP_gallery_landscape_image.jpg?1738059644","This is a photograph of a real living room."
"Fairview Heights","Tweed · Plot 396","4","https://www.tulloch-homes.com/homes-for-sale/13-inverness/666-tweed","images/c064240516769f2898c01aa1ae8eeec00754540baac478a17894ee076f2d9f31.jpg","https://www.tulloch-homes.com/assets/000/003/096/Tweed_Bedroom_2_OPP_gallery_landscape_image.jpg?1738059616","This is a photograph of a real bedroom."
"Fairview Heights","Tweed · Plot 396","4","https://www.tulloch-homes.com/homes-for-sale/13-inverness/666-tweed","images/cd36e243e0cd8f87e31e5b3a206baf879b9aeb42008c2ce3560fafe203fdc7ea.jpg","https://www.tulloch-homes.com/assets/000/003/098/Tweed_Bedroom_3_OPP_gallery_landscape_image.jpg?1738059624","This is a photograph of a real bedroom."
"Fairview Heights","Tweed · Plot 396","4","https://www.tulloch-homes.com/homes-for-sale/13-inverness/666-tweed","images/a27b2e68eeeb3cb7386f153933fb13c46b3af1b020c4234448fb48f35a78fa9a.jpg","https://www.tulloch-homes.com/assets/000/003/099/Tweed_Bedroom_4_OPP_gallery_landscape_image.jpg?1738059709","This is a photograph of a real study/office."
"Fairview Heights","Tweed · Plot 396","4","https://www.tulloch-homes.com/homes-for-sale/13-inverness/666-tweed","images/45484c2fcdf57a21f02d5260c6cafcc882bda339712180398df9a8db5f3c3c81.jpg","https://www.tulloch-homes.com/assets/000/003/094/Tweed_Bathroom_OPP_gallery_landscape_image.jpg?1738059593","This is a photograph of a real bathroom."
"Fairview Heights","Affric · Plot 392","3","https://www.tulloch-homes.com/homes-for-sale/13-inverness/662-affric","images/48e7e4b815ed5058b9e465593453d00fce9e510f1659ea7e6e58ba50f5510059.jpg","https://www.tulloch-homes.com/assets/000/001/450/Maples_Affric_Lounge_AS_gallery_landscape_image.jpg?1744276614","This is a photograph of a furnished living room."
"Fairview Heights","Affric · Plot 392","3","https://www.tulloch-homes.com/homes-for-sale/13-inverness/662-affric","images/8bbb21b354e69b0873a6f5dc041025d63aab1fd8cbaaa498bc6c49fbf3351a04.jpg","https://www.tulloch-homes.com/assets/000/001/448/Affric_dining_AS_gallery_landscape_image.jpg?1685369285","This is a photograph of a dining room."
"Fairview Heights","Affric · Plot 392","3","https://www.tulloch-homes.com/homes-for-sale/13-inverness/662-affric","images/eebbe993ba4c61a279918e4b397d07313863f27a08bf7b6257f9abb196eb6953.jpg","https://www.tulloch-homes.com/assets/000/003/237/FH___CW_Kitchen_AS_gallery_landscape_image.jpg?1748004569","This is a photograph of a kitchen and dining area."
"Fairview Heights","Affric · Plot 392","3","https://www.tulloch-homes.com/homes-for-sale/13-inverness/662-affric","images/502f56bcc78480ed7d5fca55455253daecaf6db5b685081cbbe76262d8de2e61.jpg","https://www.tulloch-homes.com/assets/000/001/446/Affric_Bed_2_AS_gallery_landscape_image.jpg?1774954180","This is a photograph of a bedroom."
"Fairview Heights","Affric · Plot 392","3","https://www.tulloch-homes.com/homes-for-sale/13-inverness/662-affric","images/8c54d3060159e4d81eebb888d3ada9e4f72e275b83994bf17b20f5a21e7e761d.jpg","https://www.tulloch-homes.com/assets/000/001/445/Affric_bedroom_1_4_AS_gallery_landscape_image.jpg?1685369225","This is a photograph of a bedroom."
"Fairview Heights","Affric · Plot 392","3","https://www.tulloch-homes.com/homes-for-sale/13-inverness/662-affric","images/2156161b4b574cba24530713413e3764c33b27ba77a48e7f53e157f5c07b4e9d.jpg","https://www.tulloch-homes.com/assets/000/001/447/Affric_bedroom_3_AS_gallery_landscape_image.jpg?1685369252","This is a photograph of a home gym."
"Fairview Heights","Affric · Plot 392","3","https://www.tulloch-homes.com/homes-for-sale/13-inverness/662-affric","images/ca3e81ad9aea549f534e868e616d53971dbe6e71e490ff7c6a50bcc07043b53c.jpg","https://www.tulloch-homes.com/assets/000/001/444/Affric-bathroom_AS_gallery_landscape_image.jpg?1685369205","This is a photograph of a functional bathroom within a property."
"Fairview Heights","Calder · Plot 389","3","https://www.tulloch-homes.com/homes-for-sale/13-inverness/659-calder","images/b382dc969e5624b28f81499eff3ddb46d57aeb997accac7fb79d312e3afcd88a.jpg","https://www.tulloch-homes.com/assets/000/002/806/Maples_Calder_Nobilia_Kitchen_AS_gallery_landscape_image.jpg?1724156458","The image shows a kitchen and dining area."
"Fairview Heights","Calder · Plot 389","3","https://www.tulloch-homes.com/homes-for-sale/13-inverness/659-calder","images/9595bb9deac57b15961a653acc26cfd0993b9d5cd05ab597449c16f98b57b1bb.jpg","https://www.tulloch-homes.com/assets/000/000/619/Calder_Lounge_AS_gallery_landscape_image.jpg?1774882322","The image shows a furnished living room."
"Fairview Heights","Calder · Plot 389","3","https://www.tulloch-homes.com/homes-for-sale/13-inverness/659-calder","images/5a61314978e6e682e207038f048e93a3876f6cbc8a30286b6d9c9c17786c5dd2.jpg","https://www.tulloch-homes.com/assets/000/000/615/Calder_Bedroom_1_AS_gallery_landscape_image.jpg?1774951516","This is a photograph of a furnished bedroom."
"Fairview Heights","Calder · Plot 389","3","https://www.tulloch-homes.com/homes-for-sale/13-inverness/659-calder","images/d9b7280e4efba56fd648a565ed8f8c0bb2cbf036688c24403f0600f9adb44e49.jpg","https://www.tulloch-homes.com/assets/000/000/616/Calder_bedroom_2-_AS_gallery_landscape_image.jpg?1683205001","This is a photograph of a furnished bedroom."
"Fairview Heights","Calder · Plot 389","3","https://www.tulloch-homes.com/homes-for-sale/13-inverness/659-calder","images/d78f42f8555f78c65f99bebe2b7c190d965a89ecd62f263fe53b3bb5ce1841ae.jpg","https://www.tulloch-homes.com/assets/000/000/617/Calder_bedroom_3-_AS_gallery_landscape_image.jpg?1683205046","This is a photograph of a furnished home office or study."
"Fairview Heights","Calder · Plot 389","3","https://www.tulloch-homes.com/homes-for-sale/13-inverness/659-calder","images/4286e4df2910e38960e1cc8f2d0a37ecc157639e8ff1f9f62a38382a473bee89.jpg","https://www.tulloch-homes.com/assets/000/000/953/WG-Calder_bathroom-_AS_gallery_landscape_image.jpg?1683543155","This is a photograph of a furnished bathroom."
"Fairview Heights","Calder · Plot 389","3","https://www.tulloch-homes.com/homes-for-sale/13-inverness/659-calder","images/3277d5ccd0b8fdf8ca6fab616c52da66e141d434c3f9bed91a0d62cdd65fb0e2.jpg","https://www.tulloch-homes.com/assets/000/000/957/WG-Calder_en_suite-AS_gallery_landscape_image.jpg?1683542824","This is a photograph of a furnished bathroom."
"Fairview Heights","Affric · Plot 391","3","https://www.tulloch-homes.com/homes-for-sale/13-inverness/661-affric","images/48e7e4b815ed5058b9e465593453d00fce9e510f1659ea7e6e58ba50f5510059.jpg","https://www.tulloch-homes.com/assets/000/001/450/Maples_Affric_Lounge_AS_gallery_landscape_image.jpg?1744276614","This is a photograph of a furnished living room."
"Fairview Heights","Affric · Plot 391","3","https://www.tulloch-homes.com/homes-for-sale/13-inverness/661-affric","images/8bbb21b354e69b0873a6f5dc041025d63aab1fd8cbaaa498bc6c49fbf3351a04.jpg","https://www.tulloch-homes.com/assets/000/001/448/Affric_dining_AS_gallery_landscape_image.jpg?1685369285","This is a photograph of a dining room."
"Fairview Heights","Affric · Plot 391","3","https://www.tulloch-homes.com/homes-for-sale/13-inverness/661-affric","images/eebbe993ba4c61a279918e4b397d07313863f27a08bf7b6257f9abb196eb6953.jpg","https://www.tulloch-homes.com/assets/000/003/237/FH___CW_Kitchen_AS_gallery_landscape_image.jpg?1748004569","This is a photograph of a kitchen and dining area."
"Fairview Heights","Affric · Plot 391","3","https://www.tulloch-homes.com/homes-for-sale/13-inverness/661-affric","images/502f56bcc78480ed7d5fca55455253daecaf6db5b685081cbbe76262d8de2e61.jpg","https://www.tulloch-homes.com/assets/000/001/446/Affric_Bed_2_AS_gallery_landscape_image.jpg?1774954180","This is a photograph of a bedroom."
"Fairview Heights","Affric · Plot 391","3","https://www.tulloch-homes.com/homes-for-sale/13-inverness/661-affric","images/8c54d3060159e4d81eebb888d3ada9e4f72e275b83994bf17b20f5a21e7e761d.jpg","https://www.tulloch-homes.com/assets/000/001/445/Affric_bedroom_1_4_AS_gallery_landscape_image.jpg?1685369225","This is a photograph of a bedroom."
"Fairview Heights","Affric · Plot 391","3","https://www.tulloch-homes.com/homes-for-sale/13-inverness/661-affric","images/2156161b4b574cba24530713413e3764c33b27ba77a48e7f53e157f5c07b4e9d.jpg","https://www.tulloch-homes.com/assets/000/001/447/Affric_bedroom_3_AS_gallery_landscape_image.jpg?1685369252","This is a photograph of a home gym."
"Fairview Heights","Affric · Plot 391","3","https://www.tulloch-homes.com/homes-for-sale/13-inverness/661-affric","images/ca3e81ad9aea549f534e868e616d53971dbe6e71e490ff7c6a50bcc07043b53c.jpg","https://www.tulloch-homes.com/assets/000/001/444/Affric-bathroom_AS_gallery_landscape_image.jpg?1685369205","This is a photograph of a functional bathroom within a property."
"Fairview Heights","Tweed · Plot 388","4","https://www.tulloch-homes.com/homes-for-sale/13-inverness/658-tweed","images/b94c9463fef449a454e216d41ef9656c16b28ee381414f664c1273e6ecb877da.jpg","https://www.tulloch-homes.com/assets/000/003/083/Tweed_Kitchen_Dining_Room_1_AS_gallery_landscape_image.jpg?1738059462","This is a photograph of a real kitchen interior."
"Fairview Heights","Tweed · Plot 388","4","https://www.tulloch-homes.com/homes-for-sale/13-inverness/658-tweed","images/bdfb94a0703f43328ab1ede0ec85cad233a6a0b85bbd7c56c081b2c00b074917.jpg","https://www.tulloch-homes.com/assets/000/003/084/Tweed_Kitchen_Dining_Room_2_AS_gallery_landscape_image.jpg?1738059453","The image shows a dining space within an open-plan kitchen-dining area."
"Fairview Heights","Tweed · Plot 388","4","https://www.tulloch-homes.com/homes-for-sale/13-inverness/658-tweed","images/d5e4b40ee1ac4971301c15891a51b11f95623c0e12a7d4d88c09425d8537894e.jpg","https://www.tulloch-homes.com/assets/000/003/088/Tweed_Lounge_3_AS_gallery_landscape_image.jpg?1738059413","The image depicts a furnished living room area."
"Fairview Heights","Tweed · Plot 388","4","https://www.tulloch-homes.com/homes-for-sale/13-inverness/658-tweed","images/574714e746fe6af1e2931c7be2dcbf302dae72214d4b3c0b6b30dd136aa4446d.jpg","https://www.tulloch-homes.com/assets/000/003/086/Tweed_Lounge__1_AS_gallery_landscape_image.jpg?1738059430","The image shows a living room seating area."
"Fairview Heights","Tweed · Plot 388","4","https://www.tulloch-homes.com/homes-for-sale/13-inverness/658-tweed","images/05c05a278bbf081cb90da83c1031cde8ff4a74635648162ec9a2e56aa611274a.jpg","https://www.tulloch-homes.com/assets/000/000/036/Maples_Tweed_Nobilia_Kitchen_AS_gallery_landscape_image.jpg?1715680431","The image shows a kitchen and dining space."
"Fairview Heights","Tweed · Plot 388","4","https://www.tulloch-homes.com/homes-for-sale/13-inverness/658-tweed","images/a16e36431d6e5ae2325a586678744285b5eaf0695635aa78c761d8d400aa1303.jpg","https://www.tulloch-homes.com/assets/000/003/091/Tweed_Bedroom_1_AS_gallery_landscape_image.jpg?1738059351","The image shows a furnished bedroom."
"Fairview Heights","Tweed · Plot 388","4","https://www.tulloch-homes.com/homes-for-sale/13-inverness/658-tweed","images/edacb353d8dc58485175f60682f477bc42d4a6748964492ce7c3f5539338c99f.jpg","https://www.tulloch-homes.com/assets/000/003/085/Tweed_Kitchen_Dining_Room_3_AS_gallery_landscape_image.jpg?1738059443","The image shows a dining area."
"Fairview Heights","Tweed · Plot 388","4","https://www.tulloch-homes.com/homes-for-sale/13-inverness/658-tweed","images/a7517b65fa2db083f3c8a700cc6827cd243431270a7e3a98186cbb1648badb21.jpg","https://www.tulloch-homes.com/assets/000/003/087/Tweed_Lounge_2_AS_gallery_landscape_image.jpg?1738059422","The image shows a living room seating area."
"Fairview Heights","Tweed · Plot 388","4","https://www.tulloch-homes.com/homes-for-sale/13-inverness/658-tweed","images/18239bfa41bb8911892936b8e982472c75b9e0997694fbccc5c993a136efaeab.jpg","https://www.tulloch-homes.com/assets/000/003/092/Tweed_Bedroom_2_AS_gallery_landscape_image.jpg?1738059362","The image shows a furnished bedroom."
"Fairview Heights","Tweed · Plot 388","4","https://www.tulloch-homes.com/homes-for-sale/13-inverness/658-tweed","images/12b989b1301abe1140981c7cc0a08f062253b6b0f330b991a34446c47c422ac5.jpg","https://www.tulloch-homes.com/assets/000/003/093/Tweed_Bedroom_3_AS_gallery_landscape_image.jpg?1738059332","The image shows a furnished bedroom space."
"Fairview Heights","Tweed · Plot 388","4","https://www.tulloch-homes.com/homes-for-sale/13-inverness/658-tweed","images/c39cb31e1eafdd9f93dcf893dfdd66f5080c65410e98fcf01a5d006168c8564e.jpg","https://www.tulloch-homes.com/assets/000/003/081/Tweed_Bedroom_4_AS_gallery_landscape_image.jpg?1738059392","The image shows a dedicated workspace or study."
"Fairview Heights","Tweed · Plot 388","4","https://www.tulloch-homes.com/homes-for-sale/13-inverness/658-tweed","images/11e6eaee40a7a7f840df0e630b3df4e99a5a4cb0bd0706be6256f5dcc9ce5cca.jpg","https://www.tulloch-homes.com/assets/000/003/089/Tweed_Bathroom_AS_gallery_landscape_image.jpg?1738059341","The image shows a functional bathroom."
"Fairview Heights","Calder · Plot 390","3","https://www.tulloch-homes.com/homes-for-sale/13-inverness/660-calder","images/b382dc969e5624b28f81499eff3ddb46d57aeb997accac7fb79d312e3afcd88a.jpg","https://www.tulloch-homes.com/assets/000/002/806/Maples_Calder_Nobilia_Kitchen_AS_gallery_landscape_image.jpg?1724156458","The image shows a kitchen and dining area."
"Fairview Heights","Calder · Plot 390","3","https://www.tulloch-homes.com/homes-for-sale/13-inverness/660-calder","images/9595bb9deac57b15961a653acc26cfd0993b9d5cd05ab597449c16f98b57b1bb.jpg","https://www.tulloch-homes.com/assets/000/000/619/Calder_Lounge_AS_gallery_landscape_image.jpg?1774882322","The image shows a furnished living room."
"Fairview Heights","Calder · Plot 390","3","https://www.tulloch-homes.com/homes-for-sale/13-inverness/660-calder","images/5a61314978e6e682e207038f048e93a3876f6cbc8a30286b6d9c9c17786c5dd2.jpg","https://www.tulloch-homes.com/assets/000/000/615/Calder_Bedroom_1_AS_gallery_landscape_image.jpg?1774951516","This is a photograph of a furnished bedroom."
"Fairview Heights","Calder · Plot 390","3","https://www.tulloch-homes.com/homes-for-sale/13-inverness/660-calder","images/d9b7280e4efba56fd648a565ed8f8c0bb2cbf036688c24403f0600f9adb44e49.jpg","https://www.tulloch-homes.com/assets/000/000/616/Calder_bedroom_2-_AS_gallery_landscape_image.jpg?1683205001","This is a photograph of a furnished bedroom."
"Fairview Heights","Calder · Plot 390","3","https://www.tulloch-homes.com/homes-for-sale/13-inverness/660-calder","images/d78f42f8555f78c65f99bebe2b7c190d965a89ecd62f263fe53b3bb5ce1841ae.jpg","https://www.tulloch-homes.com/assets/000/000/617/Calder_bedroom_3-_AS_gallery_landscape_image.jpg?1683205046","This is a photograph of a furnished home office or study."
"Fairview Heights","Calder · Plot 390","3","https://www.tulloch-homes.com/homes-for-sale/13-inverness/660-calder","images/4286e4df2910e38960e1cc8f2d0a37ecc157639e8ff1f9f62a38382a473bee89.jpg","https://www.tulloch-homes.com/assets/000/000/953/WG-Calder_bathroom-_AS_gallery_landscape_image.jpg?1683543155","This is a photograph of a furnished bathroom."
"Fairview Heights","Calder · Plot 390","3","https://www.tulloch-homes.com/homes-for-sale/13-inverness/660-calder","images/3277d5ccd0b8fdf8ca6fab616c52da66e141d434c3f9bed91a0d62cdd65fb0e2.jpg","https://www.tulloch-homes.com/assets/000/000/957/WG-Calder_en_suite-AS_gallery_landscape_image.jpg?1683542824","This is a photograph of a furnished bathroom."
"Fairview Heights","Etive · Plot 370","4","https://www.tulloch-homes.com/homes-for-sale/13-inverness/640-etive","images/9fb009cdc1aa41aaddecd7683cc44b8473037a941e40b5634eb602a66451b782.jpg","https://www.tulloch-homes.com/assets/000/004/293/Showhome_living_room_1_OPP_gallery_landscape_image.jpg?1776867277","This is a photograph of a living room."
"Fairview Heights","Etive · Plot 370","4","https://www.tulloch-homes.com/homes-for-sale/13-inverness/640-etive","images/05189e12249983bd3f5695823ac2a0f0d2fab77986a37f65abe45d1cb9688c55.jpg","https://www.tulloch-homes.com/assets/000/004/294/Showhome_living_room_2_OPP_gallery_landscape_image.jpg?1776867369","This is a photograph of a living room."
"Fairview Heights","Etive · Plot 370","4","https://www.tulloch-homes.com/homes-for-sale/13-inverness/640-etive","images/8bb12c67cc225cee8b05f26092686f84c63759406e1ba5c994d467ec27d7e5b7.jpg","https://www.tulloch-homes.com/assets/000/004/295/Showhome_kitchen_dining_2_OPP_gallery_landscape_image.jpg?1776867432","This is a photograph of a kitchen."
"Fairview Heights","Etive · Plot 370","4","https://www.tulloch-homes.com/homes-for-sale/13-inverness/640-etive","images/57395b1e848b58ae5526b301e69af959ac107e16a42ef72c11ba3f8c4f6147f0.jpg","https://www.tulloch-homes.com/assets/000/004/296/kitchen_diner_2_opp_gallery_landscape_image.jpg?1790693429","This is a photograph of a kitchen and dining area."
"Fairview Heights","Etive · Plot 370","4","https://www.tulloch-homes.com/homes-for-sale/13-inverness/640-etive","images/aac8b5efae52a7256846c4cd456a14fadc1055ccfedce580c632e564da4f3a64.jpg","https://www.tulloch-homes.com/assets/000/004/297/Showhome_kitchen_dining_3_OPP_gallery_landscape_image.jpg?1776867496","This is a photograph of a dining room."
"Fairview Heights","Etive · Plot 370","4","https://www.tulloch-homes.com/homes-for-sale/13-inverness/640-etive","images/9af4dce7d167c6b0697a3b12b66b169c37db9400b3d45b52f71d6374b3987f4f.jpg","https://www.tulloch-homes.com/assets/000/004/299/Showhome_utility_room_OPP_gallery_landscape_image.jpg?1776867542","This is a functional bathroom space."
"Fairview Heights","Etive · Plot 370","4","https://www.tulloch-homes.com/homes-for-sale/13-inverness/640-etive","images/472243abb179c2c37e67736b76839ebc031e07943f748f04d51b696d084c6c90.jpg","https://www.tulloch-homes.com/assets/000/004/298/Showhome_ground_floor_hallway_OPP_gallery_landscape_image.jpg?1776867519","This is a residential hallway and staircase area."
"Fairview Heights","Etive · Plot 370","4","https://www.tulloch-homes.com/homes-for-sale/13-inverness/640-etive","images/79ed57a2d8a655981aaf04744ce0f7f837e2443af9933860acfe343e30c03e22.jpg","https://www.tulloch-homes.com/assets/000/004/301/Showhome_master_bedroom_2_OPP_gallery_landscape_image.jpg?1776867611","This is a furnished bedroom."
"Fairview Heights","Etive · Plot 370","4","https://www.tulloch-homes.com/homes-for-sale/13-inverness/640-etive","images/0c8b5275631273844e0259cbacf68455ec01d9e767f5a3f24563b1da6e84c1d1.jpg","https://www.tulloch-homes.com/assets/000/004/307/Showhome_ensuite_OPP_gallery_landscape_image.jpg?1776868616","This is a functional bathroom space."
"Fairview Heights","Etive · Plot 370","4","https://www.tulloch-homes.com/homes-for-sale/13-inverness/640-etive","images/706c7d8cab481e6f2a8a88c9dac6ecaa3dbdfa7059112324c4563119cb64b25f.jpg","https://www.tulloch-homes.com/assets/000/004/306/Showhome_bedroom_OPP_gallery_landscape_image.jpg?1776868599","This is a furnished bedroom."
"Fairview Heights","Etive · Plot 370","4","https://www.tulloch-homes.com/homes-for-sale/13-inverness/640-etive","images/16c8be224dbc2bd300691d3ddeb6bb5f93c8052c2a6665644082de2cb3874d7c.jpg","https://www.tulloch-homes.com/assets/000/004/302/Showhome_bedroom_2_OPP_gallery_landscape_image.jpg?1776867639","This is a furnished bedroom with a desk."
"Fairview Heights","Etive · Plot 370","4","https://www.tulloch-homes.com/homes-for-sale/13-inverness/640-etive","images/ffc6059b96b07c795668b5deb227e2cfde19a3c205031bc943fb26aca4d6a2d6.jpg","https://www.tulloch-homes.com/assets/000/004/304/Showhome_bedroom_3_OPP_gallery_landscape_image.jpg?1776867745","This is a furnished bedroom."
"Fairview Heights","Etive · Plot 370","4","https://www.tulloch-homes.com/homes-for-sale/13-inverness/640-etive","images/b0253a2b43ca1bfb90bebc739764c45a7ef3b0db2777ed9995b991ec0dbf7fb4.jpg","https://www.tulloch-homes.com/assets/000/004/305/Showhome_bathroom_OPP_gallery_landscape_image.jpg?1776868576","This is a functional bathroom space."
"Fairview Heights","Etive · Plot 370","4","https://www.tulloch-homes.com/homes-for-sale/13-inverness/640-etive","images/b98b967270daa64706017eae413505cb5bee4d7b7bc4d600373bed14be8dcb3f.jpg","https://www.tulloch-homes.com/assets/000/004/308/First_floor_OPP_gallery_landscape_image.jpg?1776869277","This is a photograph of a residential hallway/landing area."
"Fairview Heights","Culzean · Plot 313","4","https://www.tulloch-homes.com/homes-for-sale/13-inverness/616-culzean","images/b54fa33aaadf354c9febd87e10077ab0077278205aa9a517233481a479526349.jpg","https://www.tulloch-homes.com/assets/000/004/453/Exterior_front_gallery_landscape_image_OPP_gallery_landscape_image.jpg?1786374796","The image shows the exterior of a property."
"Fairview Heights","Culzean · Plot 313","4","https://www.tulloch-homes.com/homes-for-sale/13-inverness/616-culzean","images/8eb449cb3cd6af7d12dd8093a9ff1a2119cdab0aa5070e61a847a8bc1cb1fae0.jpg","https://www.tulloch-homes.com/assets/000/004/447/Living_room_gallery_landscape_image_OPP_gallery_landscape_image.jpg?1786374826","This is a furnished living room space."
"Fairview Heights","Culzean · Plot 313","4","https://www.tulloch-homes.com/homes-for-sale/13-inverness/616-culzean","images/12a5c593d7d58809539b6c3c72e9efa430163442b4beab909984d643f72fac0c.jpg","https://www.tulloch-homes.com/assets/000/004/443/Kitchen_1_gallery_landscape_image_OPP_gallery_landscape_image.jpg?1786374441","This is a dining room area within an open-plan layout."
"Fairview Heights","Culzean · Plot 313","4","https://www.tulloch-homes.com/homes-for-sale/13-inverness/616-culzean","images/d50822cdafefd6cb2bca96f5d095609d5d30ee82349766104f718de2c184a0f5.jpg","https://www.tulloch-homes.com/assets/000/004/446/Kitchen_2_gallery_landscape_image_OPP_gallery_landscape_image.jpg?1786374818","This is a functional kitchen space."
"Fairview Heights","Culzean · Plot 313","4","https://www.tulloch-homes.com/homes-for-sale/13-inverness/616-culzean","images/a5d2c89d74784b44eae2eec92359a1e2ec0ec4ef89a46fea1310ee08774a0c6c.jpg","https://www.tulloch-homes.com/assets/000/004/448/Study_gallery_landscape_image_OPP_gallery_landscape_image.jpg?1786374834","This is a dedicated study or home office room."
"Fairview Heights","Culzean · Plot 313","4","https://www.tulloch-homes.com/homes-for-sale/13-inverness/616-culzean","images/5904ab2de99ad10f739d38bd70e78e0b942849803575349ce7f74dff01370026.jpg","https://www.tulloch-homes.com/assets/000/004/444/Hallway_gallery_landscape_image_OPP_gallery_landscape_image.jpg?1786374804","This is an entrance hallway and staircase area."
"Fairview Heights","Culzean · Plot 313","4","https://www.tulloch-homes.com/homes-for-sale/13-inverness/616-culzean","images/fb0c6362d6914f0a89c5f6d41f8797e0789a76eed93e2ab73c66f28a6d8d56e8.jpg","https://www.tulloch-homes.com/assets/000/004/450/Bedroom_1_gallery_landscape_image_OPP_gallery_landscape_image.jpg?1786374764","This is a furnished bedroom."
"Fairview Heights","Culzean · Plot 313","4","https://www.tulloch-homes.com/homes-for-sale/13-inverness/616-culzean","images/bcfb588e2747aaf946cff1136a1a9dbeb56e42951a4f0d0e96c7369ee631ec5a.jpg","https://www.tulloch-homes.com/assets/000/004/451/Bedroom_2_gallery_landscape_image_OPP_gallery_landscape_image.jpg?1786374775","This is a furnished bedroom."
"Fairview Heights","Culzean · Plot 313","4","https://www.tulloch-homes.com/homes-for-sale/13-inverness/616-culzean","images/08ac64416ae47679b83eaef3f0cd81edccae15af68ddc53da978e0122fe7fad9.jpg","https://www.tulloch-homes.com/assets/000/004/452/Bedroom_3_opp_gallery_landscape_image.jpg?1786376993","This is a furnished bedroom with a study area."
"Fairview Heights","Culzean · Plot 313","4","https://www.tulloch-homes.com/homes-for-sale/13-inverness/616-culzean","images/64e4f65d3eaffcc660de7435d422dedfc080fccd7de33c7ca4178409360fa28b.jpg","https://www.tulloch-homes.com/assets/000/004/449/Bathroom_gallery_landscape_image_OPP_gallery_landscape_image.jpg?1786374754","The image shows a functional bathroom with standard sanitary ware."
"Fairview Heights","Elm · Plot 371","3","https://www.tulloch-homes.com/homes-for-sale/13-inverness/641-elm","images/7f8db8607d0b99d66870a6963815d51e99d6123deef5ebb877ef9cf1ca388715.jpg","https://www.tulloch-homes.com/assets/000/003/296/FH___CW_Elm_Kitchen_AS_gallery_landscape_image.jpg?1749124442","This is a photograph of a furnished dining room."
"Fairview Heights","Elm · Plot 371","3","https://www.tulloch-homes.com/homes-for-sale/13-inverness/641-elm","images/a4d8903f53427e13a13ccbda39bb9195267a1d35e43cb0c2e834e8e71860e586.jpg","https://www.tulloch-homes.com/assets/000/003/295/FH___CW_Lounge_AS_gallery_landscape_image.jpg?1749124487","This is a photograph of a furnished living room."
"Fairview Heights","Elm · Plot 371","3","https://www.tulloch-homes.com/homes-for-sale/13-inverness/641-elm","images/b628b7829d7212a920371f3d5d9f548d740e501cf0772cac55c25285ab22f8b8.jpg","https://www.tulloch-homes.com/assets/000/003/294/FH___CW_Elm_Bedroom_AS_gallery_landscape_image.jpg?1749124450","This is a photograph of a furnished bedroom."
"Fairview Heights","Tarvie · Plot 372","4","https://www.tulloch-homes.com/homes-for-sale/13-inverness/642-tarvie","images/46afc7484376cc6c04168d24eac03a222ce5ddfc995f611c3565133a0d98d9ba.jpg","https://www.tulloch-homes.com/assets/000/002/971/Tarvie_Kitchen_Dining_%287%29_As_gallery_landscape_image.jpg?1736417862","The image depicts a dining room space within an open-plan layout."
"Fairview Heights","Tarvie · Plot 372","4","https://www.tulloch-homes.com/homes-for-sale/13-inverness/642-tarvie","images/37b0fde8982f8ced0508aa79db2dd6062af4a54497f538da4965b5d97fcad3da.jpg","https://www.tulloch-homes.com/assets/000/002/970/Tarvie_Kitchen_Dining_%286%29_AS_gallery_landscape_image.jpg?1736417853","The image shows a dining room setup."
"Fairview Heights","Tarvie · Plot 372","4","https://www.tulloch-homes.com/homes-for-sale/13-inverness/642-tarvie","images/59cf3a7ddbe0adced4307d7d962fb7d95984fd38815a395dc3d59ffcd9f80aed.jpg","https://www.tulloch-homes.com/assets/000/002/972/Tarvie_lounge_AS_gallery_landscape_image.jpg?1736417729","The image shows a living room area."
"Fairview Heights","Tarvie · Plot 372","4","https://www.tulloch-homes.com/homes-for-sale/13-inverness/642-tarvie","images/820ad93d89293e77be0dcfa6698962edbe63fbd8f9ae2b52e5688c9c355dce83.jpg","https://www.tulloch-homes.com/assets/000/002/960/Tarvie_Bedroom_1_%282%29_AS_gallery_landscape_image.jpg?1736417746","The image shows a furnished bedroom."
"Fairview Heights","Tarvie · Plot 372","4","https://www.tulloch-homes.com/homes-for-sale/13-inverness/642-tarvie","images/0ed91b415f6cfefedd5ebb060ba523042186ea287af7c49f37fe19b083b22cc1.jpg","https://www.tulloch-homes.com/assets/000/002/965/Tarvie_family_room_AS_gallery_landscape_image.jpg?1736417802","The image shows a dedicated study or home office space."
"Fairview Heights","Tarvie · Plot 372","4","https://www.tulloch-homes.com/homes-for-sale/13-inverness/642-tarvie","images/e1b50992cf62eb9f21728b68f8eb5d1f0fcd8f18537a3aa2ec4b143c07c4efe7.jpg","https://www.tulloch-homes.com/assets/000/002/969/Tarvie_Kitchen_Dining_%285%29_AS_gallery_landscape_image.jpg?1736417845","The image shows a dining room area."
"Fairview Heights","Tarvie · Plot 372","4","https://www.tulloch-homes.com/homes-for-sale/13-inverness/642-tarvie","images/6cc25d9643ea1843ce3014e2505421b8fd083bbafa5b61a88270d1904e8367ce.jpg","https://www.tulloch-homes.com/assets/000/002/966/Tarvie_Kitchen_Dining_%281%29_AS_gallery_landscape_image.jpg?1736417817","The image shows a kitchen area."
"Fairview Heights","Tarvie · Plot 372","4","https://www.tulloch-homes.com/homes-for-sale/13-inverness/642-tarvie","images/76621f83cb18cb10e4a8861d7284424cf37f05383d029490a539a33cc57b1555.jpg","https://www.tulloch-homes.com/assets/000/002/967/Tarvie_Kitchen_Dining_%283%29_AS_gallery_landscape_image.jpg?1736417826","This is a photograph of a functional kitchen space."
"Fairview Heights","Tarvie · Plot 372","4","https://www.tulloch-homes.com/homes-for-sale/13-inverness/642-tarvie","images/8e0eebfce0099224d37de915602f5d16bd7b236059c8248fa5f918d458631139.jpg","https://www.tulloch-homes.com/assets/000/002/968/Tarvie_Kitchen_Dining_%284%29_AS_gallery_landscape_image.jpg?1736417835","This is a photograph of a dining room area."
"Fairview Heights","Tarvie · Plot 372","4","https://www.tulloch-homes.com/homes-for-sale/13-inverness/642-tarvie","images/64f434bc4810289bb9b87d350a561b56472cd9e57aa4571609bd433965709dfa.jpg","https://www.tulloch-homes.com/assets/000/002/962/Tarvie_Bedroom_2_AS_gallery_landscape_image.jpg?1736417768","This is a photograph of a bedroom."
"Fairview Heights","Tarvie · Plot 372","4","https://www.tulloch-homes.com/homes-for-sale/13-inverness/642-tarvie","images/832b70ab52f84ca7a40122b60edeb9a67d19f6d7b01e7fa818719f60c5bba338.jpg","https://www.tulloch-homes.com/assets/000/002/959/Tarvie_Bedroom_1_%281%29_AS_gallery_landscape_image.jpg?1736417738","This is a photograph of a bedroom."
"Fairview Heights","Tarvie · Plot 372","4","https://www.tulloch-homes.com/homes-for-sale/13-inverness/642-tarvie","images/9ba368577a9d77f9173758029b0dfdfce2b12d0021b76d150e6f50684921266d.jpg","https://www.tulloch-homes.com/assets/000/002/958/Tarvie_Bathroom_AS_gallery_landscape_image.jpg?1737995946","This is a photograph of a bathroom."
"Fairview Heights","Tarvie · Plot 372","4","https://www.tulloch-homes.com/homes-for-sale/13-inverness/642-tarvie","images/166697342cf0580ad34e51cd6718a6f41c28d133a5f9240d03656c5ec931b8bc.jpg","https://www.tulloch-homes.com/assets/000/002/964/Tarvie_bedroom_4_AS_gallery_landscape_image.jpg?1736417794","This is a photograph of a child's bedroom."
"Fairview Heights","Tarvie · Plot 372","4","https://www.tulloch-homes.com/homes-for-sale/13-inverness/642-tarvie","images/9041098c94757d3798ec02952d69b1c7284380f0e47dd8e220f07b02afa32792.jpg","https://www.tulloch-homes.com/assets/000/002/963/Tarvie_Bedroom_3_AS_gallery_landscape_image.jpg?1736417779","This is a photograph of a bedroom."
"Fairview Heights","Affric · Plot 393","3","https://www.tulloch-homes.com/homes-for-sale/13-inverness/663-affric","images/48e7e4b815ed5058b9e465593453d00fce9e510f1659ea7e6e58ba50f5510059.jpg","https://www.tulloch-homes.com/assets/000/001/450/Maples_Affric_Lounge_AS_gallery_landscape_image.jpg?1744276614","This is a photograph of a furnished living room."
"Fairview Heights","Affric · Plot 393","3","https://www.tulloch-homes.com/homes-for-sale/13-inverness/663-affric","images/8bbb21b354e69b0873a6f5dc041025d63aab1fd8cbaaa498bc6c49fbf3351a04.jpg","https://www.tulloch-homes.com/assets/000/001/448/Affric_dining_AS_gallery_landscape_image.jpg?1685369285","This is a photograph of a dining room."
"Fairview Heights","Affric · Plot 393","3","https://www.tulloch-homes.com/homes-for-sale/13-inverness/663-affric","images/eebbe993ba4c61a279918e4b397d07313863f27a08bf7b6257f9abb196eb6953.jpg","https://www.tulloch-homes.com/assets/000/003/237/FH___CW_Kitchen_AS_gallery_landscape_image.jpg?1748004569","This is a photograph of a kitchen and dining area."
"Fairview Heights","Affric · Plot 393","3","https://www.tulloch-homes.com/homes-for-sale/13-inverness/663-affric","images/502f56bcc78480ed7d5fca55455253daecaf6db5b685081cbbe76262d8de2e61.jpg","https://www.tulloch-homes.com/assets/000/001/446/Affric_Bed_2_AS_gallery_landscape_image.jpg?1774954180","This is a photograph of a bedroom."
"Fairview Heights","Affric · Plot 393","3","https://www.tulloch-homes.com/homes-for-sale/13-inverness/663-affric","images/8c54d3060159e4d81eebb888d3ada9e4f72e275b83994bf17b20f5a21e7e761d.jpg","https://www.tulloch-homes.com/assets/000/001/445/Affric_bedroom_1_4_AS_gallery_landscape_image.jpg?1685369225","This is a photograph of a bedroom."
"Fairview Heights","Affric · Plot 393","3","https://www.tulloch-homes.com/homes-for-sale/13-inverness/663-affric","images/2156161b4b574cba24530713413e3764c33b27ba77a48e7f53e157f5c07b4e9d.jpg","https://www.tulloch-homes.com/assets/000/001/447/Affric_bedroom_3_AS_gallery_landscape_image.jpg?1685369252","This is a photograph of a home gym."
"Fairview Heights","Affric · Plot 393","3","https://www.tulloch-homes.com/homes-for-sale/13-inverness/663-affric","images/ca3e81ad9aea549f534e868e616d53971dbe6e71e490ff7c6a50bcc07043b53c.jpg","https://www.tulloch-homes.com/assets/000/001/444/Affric-bathroom_AS_gallery_landscape_image.jpg?1685369205","This is a photograph of a functional bathroom within a property."
"Fairview Heights","Torrin · Plot 319","3","https://www.tulloch-homes.com/homes-for-sale/13-inverness/621-torrin","images/b2b4fbb6bf27a8e16809c4c8bf760b978d32719f6a56e973ca01a8496c8b121c.png","https://www.tulloch-homes.com/assets/000/003/328/Torrin_3D_GF_Right_floor_plan_gallery_image.png?1782140646","This is a 3D promotional graphic of a living space."
"Fairview Heights","Torrin · Plot 319","3","https://www.tulloch-homes.com/homes-for-sale/13-inverness/621-torrin","images/698d1f41ffc8a2d263d99a352a33ea11aefee4edd6a572f4a7d4fed6cd5ac4df.png","https://www.tulloch-homes.com/assets/000/003/326/FH___CW_Torrin_3D_FF_Right_floor_plan_gallery_image.png?1749210271","This is a 3D promotional graphic of a bedroom level."
"Fairview Heights","Torrin · Plot 319","3","https://www.tulloch-homes.com/homes-for-sale/13-inverness/621-torrin","images/72e26577703d02b4ae771e75ff8db80f9da4518046b68dd664ae77a22ceaa1a1.jpg","https://www.tulloch-homes.com/assets/000/002/803/PV_Torrin_Kitchen_Right_gallery_landscape_image.jpg?1723202949","The image shows a furnished kitchen and dining room."
"Fairview Heights","Torrin · Plot 319","3","https://www.tulloch-homes.com/homes-for-sale/13-inverness/621-torrin","images/ef3c1e2060c49f20ff54fa5399065a7ad883f13c28e2338933350871f75ddbf1.jpg","https://www.tulloch-homes.com/assets/000/000/724/tulloch-homes-living-room-vs_right_gallery_landscape_image.jpg?1688124290","The image shows a furnished living room."
"Fairview Heights","Torrin · Plot 319","3","https://www.tulloch-homes.com/homes-for-sale/13-inverness/621-torrin","images/28d258c6c2ebbd6197de4f2451cb2a44b6e14b18fe2c60398ec6010e9b5fc6ec.jpg","https://www.tulloch-homes.com/assets/000/000/718/FM-_Torrin_bedroom_1-_right_gallery_landscape_image.jpg?1683205518","The image shows a furnished bedroom."
"Fairview Heights","Torrin · Plot 319","3","https://www.tulloch-homes.com/homes-for-sale/13-inverness/621-torrin","images/6345839c6a36092f3d7176d88c84768533e62675514d16ca6c02043483fa8acd.jpg","https://www.tulloch-homes.com/assets/000/000/719/FM-_Torrin_bedroom_2_-_right_gallery_landscape_image.jpg?1683205538","The image shows a furnished bedroom."
"Fairview Heights","Torrin · Plot 319","3","https://www.tulloch-homes.com/homes-for-sale/13-inverness/621-torrin","images/5f2691316c690eb639921bad76b2b69d7aa90ca6a515c129e2c86bd87975393a.jpg","https://www.tulloch-homes.com/assets/000/000/722/FM-_Torrin_bedroom_3-_right_gallery_landscape_image.jpg?1683205566","The image shows a furnished children's bedroom."
"Fairview Heights","Torrin · Plot 319","3","https://www.tulloch-homes.com/homes-for-sale/13-inverness/621-torrin","images/46a7a0c15d51644217f5e53003a526293175dd68f061bac6032af12874936683.jpg","https://www.tulloch-homes.com/assets/000/000/721/FM-_Torrin_cloakroom-_right_gallery_landscape_image.jpg?1683205613","The image shows a bathroom."
"Fairview Heights","Torrin · Plot 318","3","https://www.tulloch-homes.com/homes-for-sale/13-inverness/620-torrin","images/67e46100a6ee88ef77e44a3eae9795cc5c95c4de895e3ec0639811931fc566ac.jpg","https://www.tulloch-homes.com/assets/000/002/497/PV_Torrin_Kitchen_Left_gallery_landscape_image.jpg?1723203494","This is a photograph of a real kitchen interior."
"Fairview Heights","Torrin · Plot 318","3","https://www.tulloch-homes.com/homes-for-sale/13-inverness/620-torrin","images/025d70307d1184fce0fa34152e29e5777f2130308dee5fa547d64b7cfac176ff.jpg","https://www.tulloch-homes.com/assets/000/000/717/tulloch-homes-living-room-vs_gallery_landscape_image.jpg?1688124179","This is a photograph of a real living room interior."
"Fairview Heights","Torrin · Plot 318","3","https://www.tulloch-homes.com/homes-for-sale/13-inverness/620-torrin","images/902473fade6bdc77504eb42725f939d6c07cc2d2fce50b9f8a10b474d0a4aba9.jpg","https://www.tulloch-homes.com/assets/000/000/713/FM-Torrin_bedroom_1-left_gallery_landscape_image.jpg?1683205508","This is a photograph of a real bedroom interior."
"Fairview Heights","Torrin · Plot 318","3","https://www.tulloch-homes.com/homes-for-sale/13-inverness/620-torrin","images/d09db731b9866e87b41aac5855c0cffd5a304013247cac17ce10470ce809a205.jpg","https://www.tulloch-homes.com/assets/000/000/714/FM-Torrin_bedroom_2-left_gallery_landscape_image.jpg?1683205528","This is a photograph of a real bedroom interior."
"Fairview Heights","Torrin · Plot 318","3","https://www.tulloch-homes.com/homes-for-sale/13-inverness/620-torrin","images/eb55a04831b6135c4eca2e69283096d3f351905218a2ec82ff778f8f2d9bea8e.jpg","https://www.tulloch-homes.com/assets/000/000/716/FM-Torrin_bedroom_3-left_gallery_landscape_image.jpg?1683205550","This is a photograph of a real bedroom interior."
"Fairview Heights","Torrin · Plot 318","3","https://www.tulloch-homes.com/homes-for-sale/13-inverness/620-torrin","images/38fff8b69f59846d25c1dc35f2e5d29eba2927d4c5478ed140f366ee94893bd1.jpg","https://www.tulloch-homes.com/assets/000/000/715/FM-Torrin_cloakroom-left_gallery_landscape_image.jpg?1683205586","The image shows a functional bathroom space with sanitary ware and storage."
"The Executive Collection at Parks View","Burrell · Plot 330","5","https://www.tulloch-homes.com/homes-for-sale/16-inverness/972-burrell","images/bb38e9311b4921d626ded0038deca40611a478fded65654158aba92a96474b53.jpg","https://www.tulloch-homes.com/assets/000/003/886/PV_Burrell_Lounge_OPP_new_gallery_landscape_image.jpg?1766068436","The image depicts a furnished living room interior."
"The Executive Collection at Parks View","Burrell · Plot 330","5","https://www.tulloch-homes.com/homes-for-sale/16-inverness/972-burrell","images/216fe102964d3b1106e34dd45a69d69f1c25dc72c7f6de18c7a77c37b71d737d.jpg","https://www.tulloch-homes.com/assets/000/003/884/PV_Burrell_kitchen_OPP_gallery_landscape_image.jpg?1766068465","This is a photograph of a kitchen interior."
"The Executive Collection at Parks View","Burrell · Plot 330","5","https://www.tulloch-homes.com/homes-for-sale/16-inverness/972-burrell","images/10c5e7cde1dfdacf27cdc110d0deb8756c90ec61177fa76a01d7ecf09411e075.jpg","https://www.tulloch-homes.com/assets/000/003/885/PV_Burrell_Bedroom_OPP_gallery_landscape_image.jpg?1766068450","This is a photograph of a bedroom interior."
"The Executive Collection at Parks View","Carnegie · Plot 326","5","https://www.tulloch-homes.com/homes-for-sale/16-inverness/974-carnegie","images/fc3e066515a6c1462ae9a6e6cd3f58d92397dd0462f17c85b0a1af7d99f140fd.jpg","https://www.tulloch-homes.com/assets/000/004/460/Carnegie-showhome-front_gallery_landscape_image.jpg?1789637380","This is a photograph of a property exterior."
"The Executive Collection at Parks View","Carnegie · Plot 326","5","https://www.tulloch-homes.com/homes-for-sale/16-inverness/974-carnegie","images/1cccc587a5a60b30c6cb1f1e1fcfdc840d4b060be346e14854dd2904ab60463a.jpg","https://www.tulloch-homes.com/assets/000/004/479/16926_Carnegie_Showhome_0157_gallery_landscape_image.jpg?1790083712","This is a photograph of a hallway interior."
"The Executive Collection at Parks View","Carnegie · Plot 326","5","https://www.tulloch-homes.com/homes-for-sale/16-inverness/974-carnegie","images/7334f3d80078cbf671ce4c7a732f60100420cd2b1eddb4de0fcb4442f0c16c49.jpg","https://www.tulloch-homes.com/assets/000/004/480/16926_Carnegie_Showhome_0140_gallery_landscape_image.jpg?1790083755","The room is furnished as a study/home office with a desk and seating area."
"The Executive Collection at Parks View","Carnegie · Plot 326","5","https://www.tulloch-homes.com/homes-for-sale/16-inverness/974-carnegie","images/d7f6dcda48d5edd4ac7619dca1dae203c8a7f4268f50ee06244af7b8ca3925c6.jpg","https://www.tulloch-homes.com/assets/000/004/463/16926_Carnegie_Showhome_0133_gallery_landscape_image.jpg?1789641534","This is a primary living area with comfortable seating and lounge furniture."
"The Executive Collection at Parks View","Carnegie · Plot 326","5","https://www.tulloch-homes.com/homes-for-sale/16-inverness/974-carnegie","images/e2f840ec759dfa2b611610c170161562e4b2c8f15b52b45a68aa0c9f5650f949.jpg","https://www.tulloch-homes.com/assets/000/004/462/Carnegie-kitchen---edited_gallery_landscape_image.jpg?1790086163","The space contains kitchen appliances, an island, and a dining set."
"The Executive Collection at Parks View","Carnegie · Plot 326","5","https://www.tulloch-homes.com/homes-for-sale/16-inverness/974-carnegie","images/81a212769fd5d56a861d5e7e1b8d7e145954450790cd7662ab0d0bba6ab9a53e.jpg","https://www.tulloch-homes.com/assets/000/004/478/16926_Carnegie_Showhome_0135_gallery_landscape_image.jpg?1790083686","The presence of laundry appliances and a sink identifies this as a utility room."
"The Executive Collection at Parks View","Carnegie · Plot 326","5","https://www.tulloch-homes.com/homes-for-sale/16-inverness/974-carnegie","images/eaac6ecdd6c6e64b5db9646b7034c30afec6b1c3e152981b2706911a9aafa334.jpg","https://www.tulloch-homes.com/assets/000/004/472/16926_Carnegie_Showhome_0087_gallery_landscape_image.jpg?1790083359","This is a circulation space connecting different rooms in the house."
"The Executive Collection at Parks View","Carnegie · Plot 326","5","https://www.tulloch-homes.com/homes-for-sale/16-inverness/974-carnegie","images/dc4ae5f5c5d94d52b357e27274fbe5084e4b3fe0e446828f620a8bca8393bb6e.jpg","https://www.tulloch-homes.com/assets/000/004/464/16926_Carnegie_Showhome_0038_gallery_landscape_image.jpg?1789641682","The room is clearly a bedroom with a bed as the central piece of furniture."
"The Executive Collection at Parks View","Carnegie · Plot 326","5","https://www.tulloch-homes.com/homes-for-sale/16-inverness/974-carnegie","images/bc46ef039da8d1a901756b8ec44922e674c95aee702f711472e47f6186259b14.jpg","https://www.tulloch-homes.com/assets/000/004/466/16926_Carnegie_Showhome_0043_gallery_landscape_image.jpg?1790083115","The room contains standard bathroom fixtures including a tub and toilet."
"The Executive Collection at Parks View","Carnegie · Plot 326","5","https://www.tulloch-homes.com/homes-for-sale/16-inverness/974-carnegie","images/a2fd0928149fc390f7eeff5c0a870ef04df0034adac84cf8c32d5d643f52aace.jpg","https://www.tulloch-homes.com/assets/000/004/468/16926_Carnegie_Showhome_0059_gallery_landscape_image.jpg?1790083185","This is a bedroom that also includes a small desk area."
"The Executive Collection at Parks View","Carnegie · Plot 326","5","https://www.tulloch-homes.com/homes-for-sale/16-inverness/974-carnegie","images/95a354bcd18b019e7a63be882690284627c98938cf544c0b9e300e4ba4821f10.jpg","https://www.tulloch-homes.com/assets/000/004/469/16926_Carnegie_Showhome_0071_gallery_landscape_image.jpg?1790083244","The primary focus is a bathroom, with a bedroom visible in the background."
"The Executive Collection at Parks View","Carnegie · Plot 326","5","https://www.tulloch-homes.com/homes-for-sale/16-inverness/974-carnegie","images/39d53aa8785878bd3bfb42a53320438d332129ceff8f1c9aba97a31e0342a534.jpg","https://www.tulloch-homes.com/assets/000/004/471/16926_Carnegie_Showhome_0074_gallery_landscape_image.jpg?1790083327","This is a furnished bedroom."
"The Executive Collection at Parks View","Carnegie · Plot 326","5","https://www.tulloch-homes.com/homes-for-sale/16-inverness/974-carnegie","images/3172ad20880ede3ed1f62694f3864d6ec2f02f568d36da61fa3ce6b8efc6251a.jpg","https://www.tulloch-homes.com/assets/000/004/474/16926_Carnegie_Showhome_0037_gallery_landscape_image.jpg?1790083433","This is a furnished bedroom."
"The Executive Collection at Parks View","Carnegie · Plot 326","5","https://www.tulloch-homes.com/homes-for-sale/16-inverness/974-carnegie","images/b81c375c2550310487723c201007c4e3618306f600f71e348c94ef78a96c3b54.jpg","https://www.tulloch-homes.com/assets/000/004/473/16926_Carnegie_Showhome_0016_gallery_landscape_image.jpg?1790083401","This is a furnished nursery/bedroom."
"The Executive Collection at Parks View","Carnegie · Plot 326","5","https://www.tulloch-homes.com/homes-for-sale/16-inverness/974-carnegie","images/13e44ec4ca2dd53c5846e3d1ebbf62076da47c694c1131dc4e20fab28bd36947.jpg","https://www.tulloch-homes.com/assets/000/004/482/16926_Carnegie_Showhome_0005_gallery_landscape_image.jpg?1790084198","This is an exterior view of the property."
"The Executive Collection at Parks View","Burrell · Plot 325","5","https://www.tulloch-homes.com/homes-for-sale/16-inverness/973-burrell","images/326acc2777cc93312b6f08fceb59b66059e611c749a57a60b9ff8b36bc2493ff.jpg","https://www.tulloch-homes.com/assets/000/003/883/PV_Burrell_Lounge_AS_new_gallery_landscape_image.jpg?1766068188","This is a photograph of a furnished living room."
"The Executive Collection at Parks View","Burrell · Plot 325","5","https://www.tulloch-homes.com/homes-for-sale/16-inverness/973-burrell","images/856cde2777d4152c5730a0fd21e6d4564e75e99d6ce3de4bb8407723094c3576.jpg","https://www.tulloch-homes.com/assets/000/003/882/PV_Burrell_kitchen_AS_gallery_landscape_image.jpg?1766068196","This is a photograph of a furnished kitchen."
"The Executive Collection at Parks View","Burrell · Plot 325","5","https://www.tulloch-homes.com/homes-for-sale/16-inverness/973-burrell","images/1b8158f50e96ab9faf37e64037f06c7e60d984b016e51f719522987d2742dfe4.jpg","https://www.tulloch-homes.com/assets/000/003/881/PV_Burrell_Bedroom_AS_gallery_landscape_image.jpg?1766068281","This is a photograph of a furnished bedroom."
"Spey Green","Bramble · Plot 18","3","https://www.tulloch-homes.com/homes-for-sale/11-newtonmore/491-bramble","images/b3979f4795edfc732ec9b5283c1c7339276c25c8f39b30395ed08f1d538cab94.jpg","https://www.tulloch-homes.com/assets/000/002/533/SG_Bramble_bedroom_Left_medium_gallery_landscape_image.jpg?1718877600","The image depicts a furnished bedroom interior."
"Spey Green","Bramble · Plot 18","3","https://www.tulloch-homes.com/homes-for-sale/11-newtonmore/491-bramble","images/54d32361a418799b3a49ed736d9552b27343306c60f214998980dc119d11fbf2.jpg","https://www.tulloch-homes.com/assets/000/002/534/SG_Bramble_kitchen_Left_medium_gallery_landscape_image.jpg?1718877570","The image shows a functional kitchen and dining space."
"Spey Green","Bramble · Plot 18","3","https://www.tulloch-homes.com/homes-for-sale/11-newtonmore/491-bramble","images/84b6ac575c67c09a262a92a90ebaa8ebe708c4ba021c54a3f38186654e50e769.jpg","https://www.tulloch-homes.com/assets/000/002/535/SG_Bramble_lounge_Left_medium_gallery_landscape_image.jpg?1718877549","The image depicts a furnished living room interior."
"Spey Green","Bramble · Plot 19","3","https://www.tulloch-homes.com/homes-for-sale/11-newtonmore/492-bramble","images/c727f6dd3811471b1184b893793fe2fff3252af28380e8aa2b1626b2e1ca44b9.jpg","https://www.tulloch-homes.com/assets/000/002/536/SG_Bramble_Bedroom_Right_gallery_landscape_image.jpg?1718877739","This is a photograph of a furnished bedroom."
"Spey Green","Bramble · Plot 19","3","https://www.tulloch-homes.com/homes-for-sale/11-newtonmore/492-bramble","images/5764be47087857a80d63db69b044914ec36275405bd805d1536c372e958bc9d8.jpg","https://www.tulloch-homes.com/assets/000/002/537/SG_Bramble_Kitchen_Right_gallery_landscape_image.jpg?1718877753","This is a photograph of a furnished kitchen and dining area."
"Spey Green","Bramble · Plot 19","3","https://www.tulloch-homes.com/homes-for-sale/11-newtonmore/492-bramble","images/3cba9b82f3d10ad3d125277b9ca9f6e2cb3e6e1219c0b0daa6959dda534fbe96.jpg","https://www.tulloch-homes.com/assets/000/002/538/SG_Bramble_Lounge_Right_gallery_landscape_image.jpg?1718877725","This is a photograph of a furnished living room."
"Spey Green","Cedar · Plot 23","3","https://www.tulloch-homes.com/homes-for-sale/11-newtonmore/826-cedar","images/d49f3399dd05f5331b02003df3dc497b90a1fd5f6a27f6e08231766795c1630f.jpg","https://www.tulloch-homes.com/assets/000/003/528/Riverford_Cedar_Kitchen_Right_gallery_landscape_image.jpg?1757592521","This is a photograph of a functional kitchen."
"Spey Green","Cedar · Plot 23","3","https://www.tulloch-homes.com/homes-for-sale/11-newtonmore/826-cedar","images/1da1ae07d7064989437ddd898216f93d4edee56c67ea4efdca5f5d39c01a77f9.jpg","https://www.tulloch-homes.com/assets/000/002/785/16724_Cedar_Carrbridge_029_gallery_landscape_image.jpg?1721220899","This is a photograph of a dining room."
"Spey Green","Cedar · Plot 23","3","https://www.tulloch-homes.com/homes-for-sale/11-newtonmore/826-cedar","images/983a23d5c5f26e313452b75eaf214914a9f050a767fbf33e5bb62568d1f2f4a8.jpg","https://www.tulloch-homes.com/assets/000/002/784/16724_Cedar_Carrbridge_026_gallery_landscape_image.jpg?1721220891","This is a photograph of a living room."
"Spey Green","Cedar · Plot 23","3","https://www.tulloch-homes.com/homes-for-sale/11-newtonmore/826-cedar","images/213502b57231a011266bf1c7bdd930288d590fc95dbd8d911bedeb61177ab591.jpg","https://www.tulloch-homes.com/assets/000/002/777/16724_Cedar_Carrbridge_013_gallery_landscape_image.jpg?1721220809","This is a photograph of a bedroom."
"Spey Green","Cedar · Plot 23","3","https://www.tulloch-homes.com/homes-for-sale/11-newtonmore/826-cedar","images/7b1a58b013893cc7f5d672907e0c5bd67425ddffbe08517fdeb4e0f30f601b88.jpg","https://www.tulloch-homes.com/assets/000/002/773/16724_Cedar_Carrbridge_009_gallery_landscape_image.jpg?1721220763","This is a photograph of a bedroom."
"Spey Green","Cedar · Plot 23","3","https://www.tulloch-homes.com/homes-for-sale/11-newtonmore/826-cedar","images/5112e3a9cba35a95ca2b66f23953387ca553ce746e10df38c6c4e1113dcd8ac0.jpg","https://www.tulloch-homes.com/assets/000/002/781/16724_Cedar_Carrbridge_018_gallery_landscape_image.jpg?1721220866","This is a photograph of a bedroom."
"Spey Green","Cairngorm · Plot 20","3","https://www.tulloch-homes.com/homes-for-sale/11-newtonmore/493-bramble","images/2eeaf2e37a815902cd0883fe22c26d5b7741b62414ed0474ffed9d3403297a22.jpg","https://www.tulloch-homes.com/assets/000/003/206/tulloch-homes-aviemore-plot-52-photos-apr-25-74_gallery_landscape_image.jpg?1746190150","This is a photograph of a real kitchen."
"Spey Green","Cairngorm · Plot 20","3","https://www.tulloch-homes.com/homes-for-sale/11-newtonmore/493-bramble","images/178ecd43fdc7ed027e86b2b28f5b262284a0529f2ed090f95449ba32c123db5b.jpg","https://www.tulloch-homes.com/assets/000/001/083/Cairngorm-AS-Lounge-2_gallery_landscape_image.jpg?1683556160","This is a photograph of a real living room."
"Spey Green","Cairngorm · Plot 20","3","https://www.tulloch-homes.com/homes-for-sale/11-newtonmore/493-bramble","images/8e671f7059a4b9cade3024440eebdcaa27249165fb2eaa633cd8e5ce69ea14bd.jpg","https://www.tulloch-homes.com/assets/000/001/071/Cairngorm-bedroom-1_OPP_gallery_landscape_image.jpg?1683556192","This is a photograph of a real bedroom."
"Spey Green","Cairngorm · Plot 20","3","https://www.tulloch-homes.com/homes-for-sale/11-newtonmore/493-bramble","images/1784818fd77ed65d30aceb7fd771ec236e33a482a8b9b7de171b299e7563c6d0.jpg","https://www.tulloch-homes.com/assets/000/001/070/Cairngorm-Living-room-1_OPP_gallery_landscape_image.jpg?1683556384","This is a photograph of a real living room."
"Spey Green","Cairngorm · Plot 20","3","https://www.tulloch-homes.com/homes-for-sale/11-newtonmore/493-bramble","images/dd048c0fb1e8d6b9d899598a7c96e34d0e325b0e6cc6343f678110cf1a7c9546.jpg","https://www.tulloch-homes.com/assets/000/001/067/Cairngorm-Ensuite_OPP_gallery_landscape_image.jpg?1683556272","This is a photograph of a real bathroom."
"Spey Green","Cairngorm · Plot 20","3","https://www.tulloch-homes.com/homes-for-sale/11-newtonmore/493-bramble","images/97684b164790037e384c576d2a7ee7ff28b1cdee57adc49ce3bebbde152d1e98.jpg","https://www.tulloch-homes.com/assets/000/001/073/Cairngorm-Bedroom-2_OPP_gallery_landscape_image.jpg?1683556216","This is a photograph of a furnished bedroom."
"Spey Green","Cairngorm · Plot 20","3","https://www.tulloch-homes.com/homes-for-sale/11-newtonmore/493-bramble","images/2f86b3108405e1daaca8a62b0e8bbb5d9dfcb305dc9cadc33898bb11585dd161.jpg","https://www.tulloch-homes.com/assets/000/001/074/Cairngorm-bedroom-3_OPP_gallery_landscape_image.jpg?1683556246","This is a photograph of a furnished bedroom."
"Spey Green","Cairngorm · Plot 20","3","https://www.tulloch-homes.com/homes-for-sale/11-newtonmore/493-bramble","images/0c9f8bf9840d52b98a91a3870d8ac525c23223c28277bd787c6e66eebd0b08e5.jpg","https://www.tulloch-homes.com/assets/000/003/209/tulloch-homes-aviemore-plot-52-photos-apr-25-117_gallery_landscape_image.jpg?1746190081","This is a photograph of a bathroom."
"Spey Green","Cairngorm · Plot 20","3","https://www.tulloch-homes.com/homes-for-sale/11-newtonmore/493-bramble","images/ac70299a92fc627e14987afaf0ccf73a40637cc6c40fd113f4e25597eacf2eb4.jpg","https://www.tulloch-homes.com/assets/000/001/072/Cairngorm-Living-room-2_OPP_gallery_landscape_image.jpg?1734008190","This is a photograph of a living room."
"Spey Green","Bramble · Plot 17","3","https://www.tulloch-homes.com/homes-for-sale/11-newtonmore/490-bramble","images/c727f6dd3811471b1184b893793fe2fff3252af28380e8aa2b1626b2e1ca44b9.jpg","https://www.tulloch-homes.com/assets/000/002/536/SG_Bramble_Bedroom_Right_gallery_landscape_image.jpg?1718877739","This is a photograph of a furnished bedroom."
"Spey Green","Bramble · Plot 17","3","https://www.tulloch-homes.com/homes-for-sale/11-newtonmore/490-bramble","images/5764be47087857a80d63db69b044914ec36275405bd805d1536c372e958bc9d8.jpg","https://www.tulloch-homes.com/assets/000/002/537/SG_Bramble_Kitchen_Right_gallery_landscape_image.jpg?1718877753","This is a photograph of a furnished kitchen and dining area."
"Spey Green","Bramble · Plot 17","3","https://www.tulloch-homes.com/homes-for-sale/11-newtonmore/490-bramble","images/3cba9b82f3d10ad3d125277b9ca9f6e2cb3e6e1219c0b0daa6959dda534fbe96.jpg","https://www.tulloch-homes.com/assets/000/002/538/SG_Bramble_Lounge_Right_gallery_landscape_image.jpg?1718877725","This is a photograph of a furnished living room."
"Spey Green","Cedar · Plot 22","3","https://www.tulloch-homes.com/homes-for-sale/11-newtonmore/825-cedar","images/cd9704092d900d3c80675f4325fc4b624ee290add5d55012ce0963634f387b6b.jpg","https://www.tulloch-homes.com/assets/000/003/529/Riverford_Cedar_Kitchen_Left_gallery_landscape_image.jpg?1757592513","This is a photograph of a kitchen interior."
"Spey Green","Cedar · Plot 22","3","https://www.tulloch-homes.com/homes-for-sale/11-newtonmore/825-cedar","images/7fc9896d012a6c09d11e6a5004c6280ab68c5834113bb33a9cf138cbc6563746.jpg","https://www.tulloch-homes.com/assets/000/003/531/Cedar_Left_029_gallery_landscape_image.jpg?1757593831","This is a photograph of a dining room area."
"Spey Green","Cedar · Plot 22","3","https://www.tulloch-homes.com/homes-for-sale/11-newtonmore/825-cedar","images/30a291ff84dc65d1e5f2a6bb6d6eb93a6ebb1a38c36f961995414b82795330f2.jpg","https://www.tulloch-homes.com/assets/000/003/530/Cedar_Left_026_gallery_landscape_image.jpg?1757593858","This is a photograph of a living room."
"Spey Green","Cedar · Plot 22","3","https://www.tulloch-homes.com/homes-for-sale/11-newtonmore/825-cedar","images/4d76b957b4d81c8e309760c66fea9efe1bf2090a525b908d182022a6fb616ddc.jpg","https://www.tulloch-homes.com/assets/000/003/534/Cedar_Left_013_gallery_landscape_image.jpg?1757593891","This is a photograph of a bedroom."
"Spey Green","Cedar · Plot 22","3","https://www.tulloch-homes.com/homes-for-sale/11-newtonmore/825-cedar","images/909837bdfe001bfe855b783e9d213953b72f63e75186cfd98a1c3f828be331a2.jpg","https://www.tulloch-homes.com/assets/000/003/532/Cedar_Left_009_gallery_landscape_image.jpg?1757595163","This is a photograph of a bedroom."
"Spey Green","Cedar · Plot 22","3","https://www.tulloch-homes.com/homes-for-sale/11-newtonmore/825-cedar","images/0e565c4ba11ff4550ca0da42ffd0bc99fec802097e18b07c1613b7db074e45bb.jpg","https://www.tulloch-homes.com/assets/000/003/533/Cedar_Left_018_gallery_landscape_image.jpg?1757593846","This is a photograph of a bedroom."
"Spey Green","Birch · Plot 29","2","https://www.tulloch-homes.com/homes-for-sale/11-newtonmore/502-birch","images/8411717e53078fb4b3843bc12005138924981ed62f0fa95800d5fe0d754e7a5a.jpg","https://www.tulloch-homes.com/assets/000/003/543/Birch_Lounge_Left_%282%29_gallery_landscape_image.jpg?1757596802","This is a photograph of a furnished living room."
"Spey Green","Birch · Plot 29","2","https://www.tulloch-homes.com/homes-for-sale/11-newtonmore/502-birch","images/414ff5107d47f5101f785ca3fb9d92f14f712a959a7514d3e7892aa9de1c3b14.jpg","https://www.tulloch-homes.com/assets/000/003/545/Birch_Lounge_Left_%281%29_gallery_landscape_image.jpg?1757596782","This is a photograph of a furnished living room."
"Spey Green","Birch · Plot 29","2","https://www.tulloch-homes.com/homes-for-sale/11-newtonmore/502-birch","images/2db4af74cbcb86225397dab4e27506562030a77e6bc01b6dcc4fad537a07c252.jpg","https://www.tulloch-homes.com/assets/000/003/544/Birch_Lounge_Left_%283%29_gallery_landscape_image.jpg?1757596812","This is a photograph of a furnished living room."
"Spey Green","Birch · Plot 29","2","https://www.tulloch-homes.com/homes-for-sale/11-newtonmore/502-birch","images/7c1969bfd36c6282e9a277450ccc93f797322420ad2fa159264f5b8dce476a3d.jpg","https://www.tulloch-homes.com/assets/000/003/539/Riverford_Birch_Kitchen_Left_gallery_landscape_image.jpg?1757595940","This is a real room interior showing a kitchen."
"Spey Green","Birch · Plot 29","2","https://www.tulloch-homes.com/homes-for-sale/11-newtonmore/502-birch","images/06eb2158b5d6f65a8df716f25af64e0103624ddf2dd06b4c72ac2cb9a8fd24da.jpg","https://www.tulloch-homes.com/assets/000/000/649/Birch_Bedroom_1_HV_Left_gallery_landscape_image.jpg?1683204213","This is a photograph of a furnished bedroom."
"Spey Green","Birch · Plot 29","2","https://www.tulloch-homes.com/homes-for-sale/11-newtonmore/502-birch","images/09bd08b75c145323c46903e5a00cd7393c82ce9415f85b6fafc3b92d52cb998c.jpg","https://www.tulloch-homes.com/assets/000/003/541/Birch_Bedroom_2_Left_%281%29_gallery_landscape_image.jpg?1757596750","This is a photograph of a furnished bedroom."
"Spey Green","Birch · Plot 29","2","https://www.tulloch-homes.com/homes-for-sale/11-newtonmore/502-birch","images/74d06b5ef3e0fa038f0b9c499bbce4c91f81a7783a7485d58bdc99138431dd74.jpg","https://www.tulloch-homes.com/assets/000/003/546/Birch_Bedroom_2_Left_%282%29_gallery_landscape_image.jpg?1757596769","This is a photograph of a furnished bedroom."
"Spey Green","Birch · Plot 29","2","https://www.tulloch-homes.com/homes-for-sale/11-newtonmore/502-birch","images/c58a0038c85a566d670ca5369560bc64985149fdbd790954be92e34b94b58b7e.jpg","https://www.tulloch-homes.com/assets/000/003/542/Birch_bathroom_left_gallery_landscape_image.jpg?1757596740","This is a photograph of a furnished bathroom."