"development","house_type","bedrooms","property_url","image_file","image_url","reason"
"Beatlie Woods at Winchburgh","Plot 10 – The Loch","2","https://banconhomes.com/property/the-loch-beatlie-woods-plot-10/","images/5f22c613172acf9c72ffc122369c79661c7a8c5b21118178c95d8536dac5e66d.jpg","https://banconhomes.com/app/uploads/2026/02/Bancon-Winchburgh-Loch-Plot25-01.jpg","This is an exterior view of a residential property."
"Beatlie Woods at Winchburgh","Plot 10 – The Loch","2","https://banconhomes.com/property/the-loch-beatlie-woods-plot-10/","images/bfe2367104401087de92474fab99234d277e79c89021dc101b8539542089a831.jpg","https://banconhomes.com/app/uploads/2025/12/John-MacLoed-Way-9_25_011.jpg","This is a photograph of a kitchen."
"Beatlie Woods at Winchburgh","Plot 10 – The Loch","2","https://banconhomes.com/property/the-loch-beatlie-woods-plot-10/","images/0e1035a7be215c98e446afed8cb2e1ebbd3764a5b66da682ebcfe80cf5c1bb89.jpg","https://banconhomes.com/app/uploads/2025/12/John-MacLoed-Way-9_25_024.jpg","This is a photograph of a bedroom interior."
"Beatlie Woods at Winchburgh","Plot 10 – The Loch","2","https://banconhomes.com/property/the-loch-beatlie-woods-plot-10/","images/f70358d03bfbcb4acd36302bac338cff6da8550a845e5bf68fe43f2a6c796a9a.jpg","https://banconhomes.com/app/uploads/2025/12/John-MacLoed-Way-9_25_032.jpg","This is a photograph of a bathroom."
"Beatlie Woods at Winchburgh","Plot 10 – The Loch","2","https://banconhomes.com/property/the-loch-beatlie-woods-plot-10/","images/920bec437b9a7275f5d9a7ff41400da4790095dc7191f82677996c14cf6137d4.jpg","https://banconhomes.com/app/uploads/2025/12/John-MacLoed-Way-9_25_037.jpg","This is a photograph of an interior hallway and staircase."
"Beatlie Woods at Winchburgh","Plot 10 – The Loch","2","https://banconhomes.com/property/the-loch-beatlie-woods-plot-10/","images/c301ceaf9f7fdb4b679a251e900dad94a19ffca1786fb74859f938aa0d6ab74f.jpg","https://banconhomes.com/app/uploads/2025/12/John-MacLoed-Way-9_25_010-1.jpg","This is a photograph of a functional kitchen and dining area."
"Beatlie Woods at Winchburgh","Plot 10 – The Loch","2","https://banconhomes.com/property/the-loch-beatlie-woods-plot-10/","images/701ea153c9929e971fbfef09773bedfb830544d0906e4d2d09b39a4d775e7be9.jpg","https://banconhomes.com/app/uploads/2025/12/John-MacLoed-Way-9_25_012.jpg","This is a photograph of a kitchen and dining space with an exterior view."
"Beatlie Woods at Winchburgh","Plot 10 – The Loch","2","https://banconhomes.com/property/the-loch-beatlie-woods-plot-10/","images/45191d5413cdb206770d8570a7666330f7c12fa94669b10fe9a9fcfa780ec7cc.jpg","https://banconhomes.com/app/uploads/2025/12/John-MacLoed-Way-9_25_014.jpg","This is a photograph of a living room corner."
"Beatlie Woods at Winchburgh","Plot 10 – The Loch","2","https://banconhomes.com/property/the-loch-beatlie-woods-plot-10/","images/90ce877a7e5870ef69b0fd890363ef07799e70f9fc7f32657a1d1403fed93561.jpg","https://banconhomes.com/app/uploads/2025/12/John-MacLoed-Way-9_25_015.jpg","This is a detail shot of home decor within a living space."
"Beatlie Woods at Winchburgh","Plot 10 – The Loch","2","https://banconhomes.com/property/the-loch-beatlie-woods-plot-10/","images/ec7d3361cc42b3723bf06a20154cccb1ccca1ea5e6bf289c8a3d4d1236ca57b0.jpg","https://banconhomes.com/app/uploads/2025/12/John-MacLoed-Way-9_25_019.jpg","This is a photograph of a bathroom."
"Beatlie Woods at Winchburgh","Plot 10 – The Loch","2","https://banconhomes.com/property/the-loch-beatlie-woods-plot-10/","images/db3eaab09410278f9a0c33799fcd1da782992ef1f84e2c4abfd334047ab2ced3.jpg","https://banconhomes.com/app/uploads/2025/12/John-MacLoed-Way-9_25_041.jpg","This is a photograph of a garden and patio area."
"Beatlie Woods at Winchburgh","Plot 10 – The Loch","2","https://banconhomes.com/property/the-loch-beatlie-woods-plot-10/","images/18d6bdfe91c1c7353f009890e022520fa1d58b1ef0dfac460e1bf5f7377129d2.jpg","https://banconhomes.com/app/uploads/2025/12/John-MacLoed-Way-9_25_042.jpg","This is a photograph of a garden view from inside."
"Beatlie Woods at Winchburgh","Plot 10 – The Loch","2","https://banconhomes.com/property/the-loch-beatlie-woods-plot-10/","images/c00abbc3568a31f78002660a93669cf79fb9aeddd5eeecc8107c7c16fbcbd620.jpg","https://banconhomes.com/app/uploads/2025/12/John-MacLoed-Way-9_25_003.jpg","This is a photograph of an entrance hallway."
"Beatlie Woods at Winchburgh","Plot 10 – The Loch","2","https://banconhomes.com/property/the-loch-beatlie-woods-plot-10/","images/c6229eae123e79165ea72332c02ae381679c3c02b53563d5dd1101d8c183d0d8.jpg","https://banconhomes.com/app/uploads/2025/12/John-MacLoed-Way-9_25_004.jpg","This is a residential hallway/entrance area."
"Beatlie Woods at Winchburgh","Plot 10 – The Loch","2","https://banconhomes.com/property/the-loch-beatlie-woods-plot-10/","images/189f68d9f785d0d93ce5fb78d18f8909eb63cd6ba5ea857406683f0395ee6ec5.jpg","https://banconhomes.com/app/uploads/2025/12/John-MacLoed-Way-9_25_005.jpg","This is a living and dining area."
"Beatlie Woods at Winchburgh","Plot 10 – The Loch","2","https://banconhomes.com/property/the-loch-beatlie-woods-plot-10/","images/9c3385c775c1e5a5ce99a9e35fa4f487c78ca1409d2fcf8a1d0a306b20664793.jpg","https://banconhomes.com/app/uploads/2025/12/John-MacLoed-Way-9_25_007.jpg","This is a living and dining area."
"Beatlie Woods at Winchburgh","Plot 10 – The Loch","2","https://banconhomes.com/property/the-loch-beatlie-woods-plot-10/","images/0e500343d647e67e723fef4536084bd3ad469f40edbe8b0ea8201919e535f067.jpg","https://banconhomes.com/app/uploads/2025/12/John-MacLoed-Way-9_25_009.jpg","This is an open-plan living, dining, and kitchen area."
"Beatlie Woods at Winchburgh","Plot 9 – The Richmond","3","https://banconhomes.com/property/the-richmond-beatlie-woods-winchburgh-plot-9/","images/a990daeb158284ecfbec103197137c9fd0134be35d168dd8c8e88c953c10e1f6.jpg","https://banconhomes.com/app/uploads/2026/02/Bancon-Winchburgh-Richmond-Plot23-01-1.jpg","This is an exterior view of a residential property."
"Beatlie Woods at Winchburgh","Plot 9 – The Richmond","3","https://banconhomes.com/property/the-richmond-beatlie-woods-winchburgh-plot-9/","images/e9339efa4681b92f8595f3473775771cd005dd81a8a54662c41c9d64782de14e.jpg","https://banconhomes.com/app/uploads/2025/11/The-Richmond_Eden-Reserve-21-_5847.jpg","This is a photograph of a kitchen."
"Beatlie Woods at Winchburgh","Plot 9 – The Richmond","3","https://banconhomes.com/property/the-richmond-beatlie-woods-winchburgh-plot-9/","images/14dafa22bc781d1bc3c35027e8f4f00cf9ed8c4d0e3bea280ec1b13bd90b74e1.jpg","https://banconhomes.com/app/uploads/2025/11/PLOT-1-KINION-HEIGHTS-_-247899.jpg","This is a photograph of a bedroom."
"Beatlie Woods at Winchburgh","Plot 9 – The Richmond","3","https://banconhomes.com/property/the-richmond-beatlie-woods-winchburgh-plot-9/","images/3bc78c3d39283d612eac7d214627ef2493c6f109367677c93be7bf3ab2671fe5.jpg","https://banconhomes.com/app/uploads/2025/11/The-Richmond_Eden-Reserve-21-_5830.jpg","This is a photograph of a bathroom."
"Beatlie Woods at Winchburgh","Plot 9 – The Richmond","3","https://banconhomes.com/property/the-richmond-beatlie-woods-winchburgh-plot-9/","images/88a2c81456f5f184ebee534afdcc1f89919feb167b8d0783c12f6e8f20040b8f.jpg","https://banconhomes.com/app/uploads/2025/11/The-Richmond_Eden-Reserve-21-_5817.jpg","This is a photograph of a bathroom."
"Beatlie Woods at Winchburgh","Plot 9 – The Richmond","3","https://banconhomes.com/property/the-richmond-beatlie-woods-winchburgh-plot-9/","images/a25f3bf5c98887783776549495c393b5c4b185435eba43a0c6de8c9fd6d13715.jpg","https://banconhomes.com/app/uploads/2025/11/The-Richmond_Eden-Reserve-21-_5849.jpg","This is a photograph of a functional kitchen and dining space within a property."
"Beatlie Woods at Winchburgh","Plot 9 – The Richmond","3","https://banconhomes.com/property/the-richmond-beatlie-woods-winchburgh-plot-9/","images/cc39b986c9050e0f47b6c424b4699e1da5509b29b84e850185e09661ebce428a.jpg","https://banconhomes.com/app/uploads/2025/11/The-Richmond_Eden-Reserve-21-_5840.jpg","This is a photograph of a furnished living room."
"Beatlie Woods at Winchburgh","Plot 9 – The Richmond","3","https://banconhomes.com/property/the-richmond-beatlie-woods-winchburgh-plot-9/","images/ec724666a05ab9f2bf1f46c122790cbd08f25cd99ef6e0e2dcb159e59abdbff5.jpg","https://banconhomes.com/app/uploads/2025/11/The-Richmond_Eden-Reserve-21-_5825.jpg","This is a photograph of a furnished bedroom."
"Beatlie Woods at Winchburgh","Plot 9 – The Richmond","3","https://banconhomes.com/property/the-richmond-beatlie-woods-winchburgh-plot-9/","images/a9bf5dd7d0b3ddd313bcf3cab2ea8ec2dff65634a4238f4865c1d42caa96156e.jpg","https://banconhomes.com/app/uploads/2025/11/The-Richmond_Eden-Reserve-21-_5822.jpg","This is a photograph of a furnished bedroom."
"Beatlie Woods at Winchburgh","Plot 19 – The Burnard","3","https://banconhomes.com/property/the-burnard-beatlie-woods-plot-19/","images/7e63412a45fb9637873652532f01bec1821e8812cfcaeb6f1d5fb8f4c492387a.jpg","https://banconhomes.com/app/uploads/2026/02/DSC00875-Rev.jpg","This is a photograph of a functional kitchen."
"Beatlie Woods at Winchburgh","Plot 19 – The Burnard","3","https://banconhomes.com/property/the-burnard-beatlie-woods-plot-19/","images/c94f513f78678f177d5e414552c45683fa26ee044e7faf38f974cff9ec56a6b4.jpg","https://banconhomes.com/app/uploads/2026/02/LoRes_Bancon-Homes_Elmwood_Beatlie-Bedroom-2.jpg","This is a photograph of a furnished bedroom."
"Beatlie Woods at Winchburgh","Plot 19 – The Burnard","3","https://banconhomes.com/property/the-burnard-beatlie-woods-plot-19/","images/507ec8f69c1015260cfc3db627e0737b987b33b22e4ad65f024f64d2e0ea6756.jpg","https://banconhomes.com/app/uploads/2026/02/LoRes_Bancon-Homes_Elmwood_Beatlie-Bathroom.jpg","The image shows a functional bathroom space."
"Beatlie Woods at Winchburgh","Plot 19 – The Burnard","3","https://banconhomes.com/property/the-burnard-beatlie-woods-plot-19/","images/ec0174027904fe3921cdde73af37d91ac8a2f5eb93d187271f4c6e3d71140c46.jpg","https://banconhomes.com/app/uploads/2026/02/LoRes_Bancon-Homes_Lochside-of-Leys_Plot-42-019.jpg","The image shows a bedroom interior."
"Beatlie Woods at Winchburgh","Plot 19 – The Burnard","3","https://banconhomes.com/property/the-burnard-beatlie-woods-plot-19/","images/616370b7dcd8272c3e8becfca5fb31eac25874a62d57e4337415f20c09ccc9f5.jpg","https://banconhomes.com/app/uploads/2026/02/DSC00791-Rev.jpg","The image shows a living room interior."
"Beatlie Woods at Winchburgh","Plot 19 – The Burnard","3","https://banconhomes.com/property/the-burnard-beatlie-woods-plot-19/","images/3940a29a8d98945c0b6b492015064e787494b47c53548047cfbb0bc33bd14e04.jpg","https://banconhomes.com/app/uploads/2026/02/HiRes_Bancon-Homes_Devonshire_Milltimber-6.jpg","The image shows a bedroom with a desk."
"Beatlie Woods at Winchburgh","Plot 6 – The Viewfield","4","https://banconhomes.com/property/the-viewfield-beatlie-woods-plot-6/","images/9935f48cc7ea193bbcf5a6f70a9d4669fb1da2a9875d94432cfe61d0105c45a6.jpg","https://banconhomes.com/app/uploads/2026/02/Bancon-Winchburgh-Viewfield-Plot03-01-test-5.jpg","The image shows the exterior of a property."
"Beatlie Woods at Winchburgh","Plot 6 – The Viewfield","4","https://banconhomes.com/property/the-viewfield-beatlie-woods-plot-6/","images/41d69aef145f7c32573758dc752108e4827c3f885ffea89696524a221392bc35.jpg","https://banconhomes.com/app/uploads/2025/11/Kitchen_Lochside-Showhome-11.jpg","The image shows a kitchen interior."
"Beatlie Woods at Winchburgh","Plot 6 – The Viewfield","4","https://banconhomes.com/property/the-viewfield-beatlie-woods-plot-6/","images/0b54c5bb6e7353c3c0cbab9c4262ec00ba1fa7c05f4d1c3603969da461ad5bf8.jpg","https://banconhomes.com/app/uploads/2025/12/LoRes_Bancon-Homes_Lochside-Showhome-11.24-022-1.jpg","The image shows a furnished bedroom with a bed as the central piece of furniture."
"Beatlie Woods at Winchburgh","Plot 6 – The Viewfield","4","https://banconhomes.com/property/the-viewfield-beatlie-woods-plot-6/","images/a2096335b3274b4eea926eedede9fdd24a1682afe3bac98148e2928190de7ec7.jpg","https://banconhomes.com/app/uploads/2025/12/Typical-Bancon-Bathroom-Arbeadie-Web.jpg","The image depicts a standard residential bathroom."
"Beatlie Woods at Winchburgh","Plot 6 – The Viewfield","4","https://banconhomes.com/property/the-viewfield-beatlie-woods-plot-6/","images/0e2a879a000821ea997f9d70c22f05fa52d951645c9e94b60f35db6f90735f89.jpg","https://banconhomes.com/app/uploads/2026/02/DSC00818.jpg","The image shows a residential hallway and staircase area."
"Beatlie Woods at Winchburgh","Plot 6 – The Viewfield","4","https://banconhomes.com/property/the-viewfield-beatlie-woods-plot-6/","images/f0f2cf42b462de18cd72b2d616ba581bd6123d8324edf095d4a35331bf1c0cf8.jpg","https://banconhomes.com/app/uploads/2025/11/Internal-Finish-DSC00818.jpg","The image shows a residential hallway connecting multiple rooms."
"Beatlie Woods at Winchburgh","Plot 6 – The Viewfield","4","https://banconhomes.com/property/the-viewfield-beatlie-woods-plot-6/","images/1dfefe986752188231355bbb283771984091ed135ae74bfc389eacae3986d0a0.jpg","https://banconhomes.com/app/uploads/2025/12/PLOT-1-KINION-HEIGHTS-_-247872-1.jpg","The image shows a furnished living room space."
"Beatlie Woods at Winchburgh","Plot 6 – The Viewfield","4","https://banconhomes.com/property/the-viewfield-beatlie-woods-plot-6/","images/28d6e76b1b16c8930cd455a0b0ea4deaf7437a80cabcd86a15acc3d6ac5b3013.jpg","https://banconhomes.com/app/uploads/2025/12/PLOT-1-KINION-HEIGHTS-_-247880.jpg","The image shows a portion of a living room reflected in a mirror."
"Beatlie Woods at Winchburgh","Plot 6 – The Viewfield","4","https://banconhomes.com/property/the-viewfield-beatlie-woods-plot-6/","images/b3742684e6f646872bec5dfd0dea21c85580385915ccca07984cfe9c8ed72e5c.jpg","https://banconhomes.com/app/uploads/2025/12/PLOT-1-KINION-HEIGHTS-_-247885.jpg","The room includes a desk and chair, functioning as a study or home office area."
"Beatlie Woods at Winchburgh","Plot 6 – The Viewfield","4","https://banconhomes.com/property/the-viewfield-beatlie-woods-plot-6/","images/6deae548537fffa39b03e94cc1cec1f17bc2cfa75763b0a640e94893d7012735.jpg","https://banconhomes.com/app/uploads/2025/12/PLOT-1-KINION-HEIGHTS-_-247912.jpg","The image shows a furnished bedroom designed for a child."
"Beatlie Woods at Winchburgh","Plot 5 – The Birch","4","https://banconhomes.com/property/the-birch-at-beatlie-woods-winchburgh/","images/067a295d537d8cfe2ba2b33eb77f5f64231859967d8187dac93e93931e7ea495.jpg","https://banconhomes.com/app/uploads/2026/02/Birch-Visual-Kitchen-Web.jpg","This is a photograph of a real kitchen interior."
"Beatlie Woods at Winchburgh","Plot 5 – The Birch","4","https://banconhomes.com/property/the-birch-at-beatlie-woods-winchburgh/","images/d4873bff90422edb9b82d924a1f4d4a3ba3bde25bbfb09bcb428790c5282c8d2.jpg","https://banconhomes.com/app/uploads/2026/02/PLOT-1-KINION-HEIGHTS-_-247920.jpg","This is a photograph of a real bedroom interior."
"Beatlie Woods at Winchburgh","Plot 5 – The Birch","4","https://banconhomes.com/property/the-birch-at-beatlie-woods-winchburgh/","images/a2096335b3274b4eea926eedede9fdd24a1682afe3bac98148e2928190de7ec7.jpg","https://banconhomes.com/app/uploads/2025/12/Typical-Bancon-Bathroom-Arbeadie-Web.jpg","The image depicts a standard residential bathroom."
"Beatlie Woods at Winchburgh","Plot 5 – The Birch","4","https://banconhomes.com/property/the-birch-at-beatlie-woods-winchburgh/","images/c19c5c9e7a8d378cb4a1738270340285a74d59ea9d98b3aeb5dc35263d0037b2.jpg","https://banconhomes.com/app/uploads/2026/02/Arbeadie-crop-DSC00908-Internal-Web.jpg","This is a photograph of a real hallway/landing area."
"Beatlie Woods at Winchburgh","Plot 5 – The Birch","4","https://banconhomes.com/property/the-birch-at-beatlie-woods-winchburgh/","images/ab8d0205c31a6301f9aa139ce7b4113b414ec10a71fbb5d357918c47a1c86094.jpg","https://banconhomes.com/app/uploads/2026/02/Gallery-Kitchen-and-Dining-Area-Web.jpg","This is a photograph of a real kitchen and dining area."
"Beatlie Woods at Winchburgh","Plot 5 – The Birch","4","https://banconhomes.com/property/the-birch-at-beatlie-woods-winchburgh/","images/8243ea59f6c8d61632d36948d1342df2a7adf090d4de0d545042d299e5c13e93.jpg","https://banconhomes.com/app/uploads/2026/02/Gallery-Master-Bedroom.jpg","This is a photograph of a real bedroom interior."
"Beatlie Woods at Winchburgh","Plot 5 – The Birch","4","https://banconhomes.com/property/the-birch-at-beatlie-woods-winchburgh/","images/dd427ffaed926aaac475169e0156591f0f44fd650ff177ced3e4dfcbfc85b566.jpg","https://banconhomes.com/app/uploads/2026/02/Gallery-IMG_4165.jpg","This is a photograph of a real living room or lounge area."
"Beatlie Woods at Winchburgh","Plot 5 – The Birch","4","https://banconhomes.com/property/the-birch-at-beatlie-woods-winchburgh/","images/ebb1d6bb57709d866f7cd863a33d75fc457606e5ef3f0bf73d1829cb663c3525.jpg","https://banconhomes.com/app/uploads/2025/12/Larch-Show-Home-0032.jpg","The image shows a furnished living room space."
"Beatlie Woods at Winchburgh","Plot 13 – The Larch","4","https://banconhomes.com/property/the-larch-beatlie-woods-plot-13/","images/7c8ccf40d2b8aa59cd191e69a75379ad7392575356f42eb9e10eb9fdf1e1d9e4.jpg","https://banconhomes.com/app/uploads/2025/12/Image-for-Larch-extended-Main-Pic.-2.jpg","The image shows a fully fitted kitchen area."
"Beatlie Woods at Winchburgh","Plot 13 – The Larch","4","https://banconhomes.com/property/the-larch-beatlie-woods-plot-13/","images/83d843bfc6b01f6b942acc0dc5bc844d74d1349efd2f840df7cb8683e6c4962b.jpg","https://banconhomes.com/app/uploads/2025/12/Larch-Show-Home-0113.jpg","The image shows a furnished bedroom with a bed and a desk."
"Beatlie Woods at Winchburgh","Plot 13 – The Larch","4","https://banconhomes.com/property/the-larch-beatlie-woods-plot-13/","images/9d078013ec2e97c83d42f87f90157c4877e8533c6c2e1134631ba4518991b5ba.jpg","https://banconhomes.com/app/uploads/2025/12/Larch-Show-Home-0095-2.jpg","The image shows a functional bathroom."
"Beatlie Woods at Winchburgh","Plot 13 – The Larch","4","https://banconhomes.com/property/the-larch-beatlie-woods-plot-13/","images/d9d873ebc9bc67f5123f1428dbd5318b8f104239564778092c814f5c1bc11b92.jpg","https://banconhomes.com/app/uploads/2025/12/Larch-Show-Home-0027.jpg","The image shows the entrance hallway of a property."
"Beatlie Woods at Winchburgh","Plot 13 – The Larch","4","https://banconhomes.com/property/the-larch-beatlie-woods-plot-13/","images/3aa32d23e5e24293fdbd6ddb9a5ecb3df9bb9769c8f1b418e843524feebb1763.jpg","https://banconhomes.com/app/uploads/2025/12/Larch-Show-Home-0099.jpg","The image shows a furnished bedroom."
"Beatlie Woods at Winchburgh","Plot 13 – The Larch","4","https://banconhomes.com/property/the-larch-beatlie-woods-plot-13/","images/ae962080191940a64df4803cee219384d6ff9fd18aa8d28e3a2ee2c669c5f93d.jpg","https://banconhomes.com/app/uploads/2025/12/Larch-Show-Home-0080.jpg","This is a photograph of a furnished bedroom."
"Beatlie Woods at Winchburgh","Plot 13 – The Larch","4","https://banconhomes.com/property/the-larch-beatlie-woods-plot-13/","images/ebb1d6bb57709d866f7cd863a33d75fc457606e5ef3f0bf73d1829cb663c3525.jpg","https://banconhomes.com/app/uploads/2025/12/Larch-Show-Home-0032.jpg","The image shows a furnished living room space."
"Beatlie Woods at Winchburgh","Plot 13 – The Larch","4","https://banconhomes.com/property/the-larch-beatlie-woods-plot-13/","images/6b53a40a899431458f2985af38a9217c9736ec0e3df538fb9e0fb26570019147.jpg","https://banconhomes.com/app/uploads/2025/12/Larch-Show-Home-0025.jpg","This is a photograph of an interior hallway."
"Beatlie Woods at Winchburgh","Plot 8 – The Viewfield","4","https://banconhomes.com/property/the-viewfield-beatlie-woods-plot-8/","images/9935f48cc7ea193bbcf5a6f70a9d4669fb1da2a9875d94432cfe61d0105c45a6.jpg","https://banconhomes.com/app/uploads/2026/02/Bancon-Winchburgh-Viewfield-Plot03-01-test-5.jpg","The image shows the exterior of a property."
"Beatlie Woods at Winchburgh","Plot 8 – The Viewfield","4","https://banconhomes.com/property/the-viewfield-beatlie-woods-plot-8/","images/41d69aef145f7c32573758dc752108e4827c3f885ffea89696524a221392bc35.jpg","https://banconhomes.com/app/uploads/2025/11/Kitchen_Lochside-Showhome-11.jpg","The image shows a kitchen interior."
"Beatlie Woods at Winchburgh","Plot 8 – The Viewfield","4","https://banconhomes.com/property/the-viewfield-beatlie-woods-plot-8/","images/0b54c5bb6e7353c3c0cbab9c4262ec00ba1fa7c05f4d1c3603969da461ad5bf8.jpg","https://banconhomes.com/app/uploads/2025/12/LoRes_Bancon-Homes_Lochside-Showhome-11.24-022-1.jpg","The image shows a furnished bedroom with a bed as the central piece of furniture."
"Beatlie Woods at Winchburgh","Plot 8 – The Viewfield","4","https://banconhomes.com/property/the-viewfield-beatlie-woods-plot-8/","images/a2096335b3274b4eea926eedede9fdd24a1682afe3bac98148e2928190de7ec7.jpg","https://banconhomes.com/app/uploads/2025/12/Typical-Bancon-Bathroom-Arbeadie-Web.jpg","The image depicts a standard residential bathroom."
"Beatlie Woods at Winchburgh","Plot 8 – The Viewfield","4","https://banconhomes.com/property/the-viewfield-beatlie-woods-plot-8/","images/0e2a879a000821ea997f9d70c22f05fa52d951645c9e94b60f35db6f90735f89.jpg","https://banconhomes.com/app/uploads/2026/02/DSC00818.jpg","The image shows a residential hallway and staircase area."
"Beatlie Woods at Winchburgh","Plot 8 – The Viewfield","4","https://banconhomes.com/property/the-viewfield-beatlie-woods-plot-8/","images/f0f2cf42b462de18cd72b2d616ba581bd6123d8324edf095d4a35331bf1c0cf8.jpg","https://banconhomes.com/app/uploads/2025/11/Internal-Finish-DSC00818.jpg","The image shows a residential hallway connecting multiple rooms."
"Beatlie Woods at Winchburgh","Plot 8 – The Viewfield","4","https://banconhomes.com/property/the-viewfield-beatlie-woods-plot-8/","images/1dfefe986752188231355bbb283771984091ed135ae74bfc389eacae3986d0a0.jpg","https://banconhomes.com/app/uploads/2025/12/PLOT-1-KINION-HEIGHTS-_-247872-1.jpg","The image shows a furnished living room space."
"Beatlie Woods at Winchburgh","Plot 8 – The Viewfield","4","https://banconhomes.com/property/the-viewfield-beatlie-woods-plot-8/","images/28d6e76b1b16c8930cd455a0b0ea4deaf7437a80cabcd86a15acc3d6ac5b3013.jpg","https://banconhomes.com/app/uploads/2025/12/PLOT-1-KINION-HEIGHTS-_-247880.jpg","The image shows a portion of a living room reflected in a mirror."
"Beatlie Woods at Winchburgh","Plot 8 – The Viewfield","4","https://banconhomes.com/property/the-viewfield-beatlie-woods-plot-8/","images/b3742684e6f646872bec5dfd0dea21c85580385915ccca07984cfe9c8ed72e5c.jpg","https://banconhomes.com/app/uploads/2025/12/PLOT-1-KINION-HEIGHTS-_-247885.jpg","The room includes a desk and chair, functioning as a study or home office area."
"Beatlie Woods at Winchburgh","Plot 8 – The Viewfield","4","https://banconhomes.com/property/the-viewfield-beatlie-woods-plot-8/","images/6deae548537fffa39b03e94cc1cec1f17bc2cfa75763b0a640e94893d7012735.jpg","https://banconhomes.com/app/uploads/2025/12/PLOT-1-KINION-HEIGHTS-_-247912.jpg","The image shows a furnished bedroom designed for a child."
"Beatlie Woods at Winchburgh","Plot 11 – The Richmond","3","https://banconhomes.com/property/the-richmond-beatlie-woods-plot-11/","images/e9339efa4681b92f8595f3473775771cd005dd81a8a54662c41c9d64782de14e.jpg","https://banconhomes.com/app/uploads/2025/11/The-Richmond_Eden-Reserve-21-_5847.jpg","This is a photograph of a kitchen."
"Beatlie Woods at Winchburgh","Plot 11 – The Richmond","3","https://banconhomes.com/property/the-richmond-beatlie-woods-plot-11/","images/14dafa22bc781d1bc3c35027e8f4f00cf9ed8c4d0e3bea280ec1b13bd90b74e1.jpg","https://banconhomes.com/app/uploads/2025/11/PLOT-1-KINION-HEIGHTS-_-247899.jpg","This is a photograph of a bedroom."
"Beatlie Woods at Winchburgh","Plot 11 – The Richmond","3","https://banconhomes.com/property/the-richmond-beatlie-woods-plot-11/","images/3bc78c3d39283d612eac7d214627ef2493c6f109367677c93be7bf3ab2671fe5.jpg","https://banconhomes.com/app/uploads/2025/11/The-Richmond_Eden-Reserve-21-_5830.jpg","This is a photograph of a bathroom."
"Beatlie Woods at Winchburgh","Plot 11 – The Richmond","3","https://banconhomes.com/property/the-richmond-beatlie-woods-plot-11/","images/88a2c81456f5f184ebee534afdcc1f89919feb167b8d0783c12f6e8f20040b8f.jpg","https://banconhomes.com/app/uploads/2025/11/The-Richmond_Eden-Reserve-21-_5817.jpg","This is a photograph of a bathroom."
"Beatlie Woods at Winchburgh","Plot 11 – The Richmond","3","https://banconhomes.com/property/the-richmond-beatlie-woods-plot-11/","images/a25f3bf5c98887783776549495c393b5c4b185435eba43a0c6de8c9fd6d13715.jpg","https://banconhomes.com/app/uploads/2025/11/The-Richmond_Eden-Reserve-21-_5849.jpg","This is a photograph of a functional kitchen and dining space within a property."
"Beatlie Woods at Winchburgh","Plot 11 – The Richmond","3","https://banconhomes.com/property/the-richmond-beatlie-woods-plot-11/","images/cc39b986c9050e0f47b6c424b4699e1da5509b29b84e850185e09661ebce428a.jpg","https://banconhomes.com/app/uploads/2025/11/The-Richmond_Eden-Reserve-21-_5840.jpg","This is a photograph of a furnished living room."
"Beatlie Woods at Winchburgh","Plot 11 – The Richmond","3","https://banconhomes.com/property/the-richmond-beatlie-woods-plot-11/","images/ec724666a05ab9f2bf1f46c122790cbd08f25cd99ef6e0e2dcb159e59abdbff5.jpg","https://banconhomes.com/app/uploads/2025/11/The-Richmond_Eden-Reserve-21-_5825.jpg","This is a photograph of a furnished bedroom."
"Beatlie Woods at Winchburgh","Plot 11 – The Richmond","3","https://banconhomes.com/property/the-richmond-beatlie-woods-plot-11/","images/a9bf5dd7d0b3ddd313bcf3cab2ea8ec2dff65634a4238f4865c1d42caa96156e.jpg","https://banconhomes.com/app/uploads/2025/11/The-Richmond_Eden-Reserve-21-_5822.jpg","This is a photograph of a furnished bedroom."
"Beatlie Woods at Winchburgh","Plot 12 – The Viewfield","4","https://banconhomes.com/property/the-viewfield-beatlie-woods-plot-12/","images/8540a0cafa51bafa6decef39fbdb363dc9813b3fca2fae194b9a5f8ae7a887e7.jpg","https://banconhomes.com/app/uploads/2025/12/OG-ViewfieldPlot36-FINAL.jpg","This is a photograph of the exterior of a residential property."
"Beatlie Woods at Winchburgh","Plot 12 – The Viewfield","4","https://banconhomes.com/property/the-viewfield-beatlie-woods-plot-12/","images/41d69aef145f7c32573758dc752108e4827c3f885ffea89696524a221392bc35.jpg","https://banconhomes.com/app/uploads/2025/11/Kitchen_Lochside-Showhome-11.jpg","The image shows a kitchen interior."
"Beatlie Woods at Winchburgh","Plot 12 – The Viewfield","4","https://banconhomes.com/property/the-viewfield-beatlie-woods-plot-12/","images/0b54c5bb6e7353c3c0cbab9c4262ec00ba1fa7c05f4d1c3603969da461ad5bf8.jpg","https://banconhomes.com/app/uploads/2025/12/LoRes_Bancon-Homes_Lochside-Showhome-11.24-022-1.jpg","The image shows a furnished bedroom with a bed as the central piece of furniture."
"Beatlie Woods at Winchburgh","Plot 12 – The Viewfield","4","https://banconhomes.com/property/the-viewfield-beatlie-woods-plot-12/","images/a2096335b3274b4eea926eedede9fdd24a1682afe3bac98148e2928190de7ec7.jpg","https://banconhomes.com/app/uploads/2025/12/Typical-Bancon-Bathroom-Arbeadie-Web.jpg","The image depicts a standard residential bathroom."
"Beatlie Woods at Winchburgh","Plot 12 – The Viewfield","4","https://banconhomes.com/property/the-viewfield-beatlie-woods-plot-12/","images/0e2a879a000821ea997f9d70c22f05fa52d951645c9e94b60f35db6f90735f89.jpg","https://banconhomes.com/app/uploads/2026/02/DSC00818.jpg","The image shows a residential hallway and staircase area."
"Beatlie Woods at Winchburgh","Plot 12 – The Viewfield","4","https://banconhomes.com/property/the-viewfield-beatlie-woods-plot-12/","images/f0f2cf42b462de18cd72b2d616ba581bd6123d8324edf095d4a35331bf1c0cf8.jpg","https://banconhomes.com/app/uploads/2025/11/Internal-Finish-DSC00818.jpg","The image shows a residential hallway connecting multiple rooms."
"Beatlie Woods at Winchburgh","Plot 12 – The Viewfield","4","https://banconhomes.com/property/the-viewfield-beatlie-woods-plot-12/","images/1dfefe986752188231355bbb283771984091ed135ae74bfc389eacae3986d0a0.jpg","https://banconhomes.com/app/uploads/2025/12/PLOT-1-KINION-HEIGHTS-_-247872-1.jpg","The image shows a furnished living room space."
"Beatlie Woods at Winchburgh","Plot 12 – The Viewfield","4","https://banconhomes.com/property/the-viewfield-beatlie-woods-plot-12/","images/28d6e76b1b16c8930cd455a0b0ea4deaf7437a80cabcd86a15acc3d6ac5b3013.jpg","https://banconhomes.com/app/uploads/2025/12/PLOT-1-KINION-HEIGHTS-_-247880.jpg","The image shows a portion of a living room reflected in a mirror."
"Beatlie Woods at Winchburgh","Plot 12 – The Viewfield","4","https://banconhomes.com/property/the-viewfield-beatlie-woods-plot-12/","images/b3742684e6f646872bec5dfd0dea21c85580385915ccca07984cfe9c8ed72e5c.jpg","https://banconhomes.com/app/uploads/2025/12/PLOT-1-KINION-HEIGHTS-_-247885.jpg","The room includes a desk and chair, functioning as a study or home office area."
"Beatlie Woods at Winchburgh","Plot 12 – The Viewfield","4","https://banconhomes.com/property/the-viewfield-beatlie-woods-plot-12/","images/6deae548537fffa39b03e94cc1cec1f17bc2cfa75763b0a640e94893d7012735.jpg","https://banconhomes.com/app/uploads/2025/12/PLOT-1-KINION-HEIGHTS-_-247912.jpg","The image shows a furnished bedroom designed for a child."
"Beatlie Woods at Winchburgh","Plot 14 – The Larch","4","https://banconhomes.com/property/the-larch-beatlie-woods-plot-14/","images/7c8ccf40d2b8aa59cd191e69a75379ad7392575356f42eb9e10eb9fdf1e1d9e4.jpg","https://banconhomes.com/app/uploads/2025/12/Image-for-Larch-extended-Main-Pic.-2.jpg","The image shows a fully fitted kitchen area."
"Beatlie Woods at Winchburgh","Plot 14 – The Larch","4","https://banconhomes.com/property/the-larch-beatlie-woods-plot-14/","images/83d843bfc6b01f6b942acc0dc5bc844d74d1349efd2f840df7cb8683e6c4962b.jpg","https://banconhomes.com/app/uploads/2025/12/Larch-Show-Home-0113.jpg","The image shows a furnished bedroom with a bed and a desk."
"Beatlie Woods at Winchburgh","Plot 14 – The Larch","4","https://banconhomes.com/property/the-larch-beatlie-woods-plot-14/","images/9d078013ec2e97c83d42f87f90157c4877e8533c6c2e1134631ba4518991b5ba.jpg","https://banconhomes.com/app/uploads/2025/12/Larch-Show-Home-0095-2.jpg","The image shows a functional bathroom."
"Beatlie Woods at Winchburgh","Plot 14 – The Larch","4","https://banconhomes.com/property/the-larch-beatlie-woods-plot-14/","images/d9d873ebc9bc67f5123f1428dbd5318b8f104239564778092c814f5c1bc11b92.jpg","https://banconhomes.com/app/uploads/2025/12/Larch-Show-Home-0027.jpg","The image shows the entrance hallway of a property."
"Beatlie Woods at Winchburgh","Plot 14 – The Larch","4","https://banconhomes.com/property/the-larch-beatlie-woods-plot-14/","images/3aa32d23e5e24293fdbd6ddb9a5ecb3df9bb9769c8f1b418e843524feebb1763.jpg","https://banconhomes.com/app/uploads/2025/12/Larch-Show-Home-0099.jpg","The image shows a furnished bedroom."
"Beatlie Woods at Winchburgh","Plot 14 – The Larch","4","https://banconhomes.com/property/the-larch-beatlie-woods-plot-14/","images/ae962080191940a64df4803cee219384d6ff9fd18aa8d28e3a2ee2c669c5f93d.jpg","https://banconhomes.com/app/uploads/2025/12/Larch-Show-Home-0080.jpg","This is a photograph of a furnished bedroom."
"Beatlie Woods at Winchburgh","Plot 14 – The Larch","4","https://banconhomes.com/property/the-larch-beatlie-woods-plot-14/","images/ebb1d6bb57709d866f7cd863a33d75fc457606e5ef3f0bf73d1829cb663c3525.jpg","https://banconhomes.com/app/uploads/2025/12/Larch-Show-Home-0032.jpg","The image shows a furnished living room space."
"Beatlie Woods at Winchburgh","Plot 14 – The Larch","4","https://banconhomes.com/property/the-larch-beatlie-woods-plot-14/","images/6b53a40a899431458f2985af38a9217c9736ec0e3df538fb9e0fb26570019147.jpg","https://banconhomes.com/app/uploads/2025/12/Larch-Show-Home-0025.jpg","This is a photograph of an interior hallway."
"Beatlie Woods at Winchburgh","Plot 16 – The Larch","4","https://banconhomes.com/property/the-larch-beatlie-woods-plot-16/","images/7c8ccf40d2b8aa59cd191e69a75379ad7392575356f42eb9e10eb9fdf1e1d9e4.jpg","https://banconhomes.com/app/uploads/2025/12/Image-for-Larch-extended-Main-Pic.-2.jpg","The image shows a fully fitted kitchen area."
"Beatlie Woods at Winchburgh","Plot 16 – The Larch","4","https://banconhomes.com/property/the-larch-beatlie-woods-plot-16/","images/83d843bfc6b01f6b942acc0dc5bc844d74d1349efd2f840df7cb8683e6c4962b.jpg","https://banconhomes.com/app/uploads/2025/12/Larch-Show-Home-0113.jpg","The image shows a furnished bedroom with a bed and a desk."
"Beatlie Woods at Winchburgh","Plot 16 – The Larch","4","https://banconhomes.com/property/the-larch-beatlie-woods-plot-16/","images/9d078013ec2e97c83d42f87f90157c4877e8533c6c2e1134631ba4518991b5ba.jpg","https://banconhomes.com/app/uploads/2025/12/Larch-Show-Home-0095-2.jpg","The image shows a functional bathroom."
"Beatlie Woods at Winchburgh","Plot 16 – The Larch","4","https://banconhomes.com/property/the-larch-beatlie-woods-plot-16/","images/d9d873ebc9bc67f5123f1428dbd5318b8f104239564778092c814f5c1bc11b92.jpg","https://banconhomes.com/app/uploads/2025/12/Larch-Show-Home-0027.jpg","The image shows the entrance hallway of a property."
"Beatlie Woods at Winchburgh","Plot 16 – The Larch","4","https://banconhomes.com/property/the-larch-beatlie-woods-plot-16/","images/3aa32d23e5e24293fdbd6ddb9a5ecb3df9bb9769c8f1b418e843524feebb1763.jpg","https://banconhomes.com/app/uploads/2025/12/Larch-Show-Home-0099.jpg","The image shows a furnished bedroom."
"Beatlie Woods at Winchburgh","Plot 16 – The Larch","4","https://banconhomes.com/property/the-larch-beatlie-woods-plot-16/","images/ae962080191940a64df4803cee219384d6ff9fd18aa8d28e3a2ee2c669c5f93d.jpg","https://banconhomes.com/app/uploads/2025/12/Larch-Show-Home-0080.jpg","This is a photograph of a furnished bedroom."
"Beatlie Woods at Winchburgh","Plot 16 – The Larch","4","https://banconhomes.com/property/the-larch-beatlie-woods-plot-16/","images/ebb1d6bb57709d866f7cd863a33d75fc457606e5ef3f0bf73d1829cb663c3525.jpg","https://banconhomes.com/app/uploads/2025/12/Larch-Show-Home-0032.jpg","The image shows a furnished living room space."
"Beatlie Woods at Winchburgh","Plot 16 – The Larch","4","https://banconhomes.com/property/the-larch-beatlie-woods-plot-16/","images/6b53a40a899431458f2985af38a9217c9736ec0e3df538fb9e0fb26570019147.jpg","https://banconhomes.com/app/uploads/2025/12/Larch-Show-Home-0025.jpg","This is a photograph of an interior hallway."
"Beatlie Woods at Winchburgh","Plot 23 – The Birch","4","https://banconhomes.com/property/the-birch-beatlie-woods-plot-23/","images/067a295d537d8cfe2ba2b33eb77f5f64231859967d8187dac93e93931e7ea495.jpg","https://banconhomes.com/app/uploads/2026/02/Birch-Visual-Kitchen-Web.jpg","This is a photograph of a real kitchen interior."
"Beatlie Woods at Winchburgh","Plot 23 – The Birch","4","https://banconhomes.com/property/the-birch-beatlie-woods-plot-23/","images/d4873bff90422edb9b82d924a1f4d4a3ba3bde25bbfb09bcb428790c5282c8d2.jpg","https://banconhomes.com/app/uploads/2026/02/PLOT-1-KINION-HEIGHTS-_-247920.jpg","This is a photograph of a real bedroom interior."
"Beatlie Woods at Winchburgh","Plot 23 – The Birch","4","https://banconhomes.com/property/the-birch-beatlie-woods-plot-23/","images/a2096335b3274b4eea926eedede9fdd24a1682afe3bac98148e2928190de7ec7.jpg","https://banconhomes.com/app/uploads/2025/12/Typical-Bancon-Bathroom-Arbeadie-Web.jpg","The image depicts a standard residential bathroom."
"Beatlie Woods at Winchburgh","Plot 23 – The Birch","4","https://banconhomes.com/property/the-birch-beatlie-woods-plot-23/","images/c19c5c9e7a8d378cb4a1738270340285a74d59ea9d98b3aeb5dc35263d0037b2.jpg","https://banconhomes.com/app/uploads/2026/02/Arbeadie-crop-DSC00908-Internal-Web.jpg","This is a photograph of a real hallway/landing area."
"Beatlie Woods at Winchburgh","Plot 23 – The Birch","4","https://banconhomes.com/property/the-birch-beatlie-woods-plot-23/","images/ab8d0205c31a6301f9aa139ce7b4113b414ec10a71fbb5d357918c47a1c86094.jpg","https://banconhomes.com/app/uploads/2026/02/Gallery-Kitchen-and-Dining-Area-Web.jpg","This is a photograph of a real kitchen and dining area."
"Beatlie Woods at Winchburgh","Plot 23 – The Birch","4","https://banconhomes.com/property/the-birch-beatlie-woods-plot-23/","images/8243ea59f6c8d61632d36948d1342df2a7adf090d4de0d545042d299e5c13e93.jpg","https://banconhomes.com/app/uploads/2026/02/Gallery-Master-Bedroom.jpg","This is a photograph of a real bedroom interior."
"Beatlie Woods at Winchburgh","Plot 23 – The Birch","4","https://banconhomes.com/property/the-birch-beatlie-woods-plot-23/","images/dd427ffaed926aaac475169e0156591f0f44fd650ff177ced3e4dfcbfc85b566.jpg","https://banconhomes.com/app/uploads/2026/02/Gallery-IMG_4165.jpg","This is a photograph of a real living room or lounge area."
"Beatlie Woods at Winchburgh","Plot 23 – The Birch","4","https://banconhomes.com/property/the-birch-beatlie-woods-plot-23/","images/ebb1d6bb57709d866f7cd863a33d75fc457606e5ef3f0bf73d1829cb663c3525.jpg","https://banconhomes.com/app/uploads/2025/12/Larch-Show-Home-0032.jpg","The image shows a furnished living room space."
"Beatlie Woods at Winchburgh","Plot 27 – The Richmond","3","https://banconhomes.com/property/the-richmond-beatlie-woods-plot-27/","images/e9339efa4681b92f8595f3473775771cd005dd81a8a54662c41c9d64782de14e.jpg","https://banconhomes.com/app/uploads/2025/11/The-Richmond_Eden-Reserve-21-_5847.jpg","This is a photograph of a kitchen."
"Beatlie Woods at Winchburgh","Plot 27 – The Richmond","3","https://banconhomes.com/property/the-richmond-beatlie-woods-plot-27/","images/14dafa22bc781d1bc3c35027e8f4f00cf9ed8c4d0e3bea280ec1b13bd90b74e1.jpg","https://banconhomes.com/app/uploads/2025/11/PLOT-1-KINION-HEIGHTS-_-247899.jpg","This is a photograph of a bedroom."
"Beatlie Woods at Winchburgh","Plot 27 – The Richmond","3","https://banconhomes.com/property/the-richmond-beatlie-woods-plot-27/","images/3bc78c3d39283d612eac7d214627ef2493c6f109367677c93be7bf3ab2671fe5.jpg","https://banconhomes.com/app/uploads/2025/11/The-Richmond_Eden-Reserve-21-_5830.jpg","This is a photograph of a bathroom."
"Beatlie Woods at Winchburgh","Plot 27 – The Richmond","3","https://banconhomes.com/property/the-richmond-beatlie-woods-plot-27/","images/88a2c81456f5f184ebee534afdcc1f89919feb167b8d0783c12f6e8f20040b8f.jpg","https://banconhomes.com/app/uploads/2025/11/The-Richmond_Eden-Reserve-21-_5817.jpg","This is a photograph of a bathroom."
"Beatlie Woods at Winchburgh","Plot 27 – The Richmond","3","https://banconhomes.com/property/the-richmond-beatlie-woods-plot-27/","images/a25f3bf5c98887783776549495c393b5c4b185435eba43a0c6de8c9fd6d13715.jpg","https://banconhomes.com/app/uploads/2025/11/The-Richmond_Eden-Reserve-21-_5849.jpg","This is a photograph of a functional kitchen and dining space within a property."
"Beatlie Woods at Winchburgh","Plot 27 – The Richmond","3","https://banconhomes.com/property/the-richmond-beatlie-woods-plot-27/","images/cc39b986c9050e0f47b6c424b4699e1da5509b29b84e850185e09661ebce428a.jpg","https://banconhomes.com/app/uploads/2025/11/The-Richmond_Eden-Reserve-21-_5840.jpg","This is a photograph of a furnished living room."
"Beatlie Woods at Winchburgh","Plot 27 – The Richmond","3","https://banconhomes.com/property/the-richmond-beatlie-woods-plot-27/","images/ec724666a05ab9f2bf1f46c122790cbd08f25cd99ef6e0e2dcb159e59abdbff5.jpg","https://banconhomes.com/app/uploads/2025/11/The-Richmond_Eden-Reserve-21-_5825.jpg","This is a photograph of a furnished bedroom."
"Beatlie Woods at Winchburgh","Plot 27 – The Richmond","3","https://banconhomes.com/property/the-richmond-beatlie-woods-plot-27/","images/a9bf5dd7d0b3ddd313bcf3cab2ea8ec2dff65634a4238f4865c1d42caa96156e.jpg","https://banconhomes.com/app/uploads/2025/11/The-Richmond_Eden-Reserve-21-_5822.jpg","This is a photograph of a furnished bedroom."
"Beatlie Woods at Winchburgh","Plot 27 – The Richmond","3","https://banconhomes.com/property/the-richmond-beatlie-woods-plot-27/","images/2c2e22e9e3cecfbe590058fb39b1901ca52201081024ef6177b6c176e21b7e1d.jpg","https://banconhomes.com/app/uploads/2025/11/Small-Dev-Image_Street-Scenes-06.jpg","This is a photograph of the exterior of residential properties."
"Beatlie Woods at Winchburgh","Beatlie Woods at Winchburgh development gallery","","https://banconhomes.com/development/beatlie-woods-at-winchburgh/","images/e9158b48bffcd78b86b0ce21a87f1a6815df6bd1f7e6daed7973a6b5205dc4f5.jpg","https://banconhomes.com/app/uploads/2026/02/Bancon-Winchburgh-StreetView2-01-scaled.jpg","This is a photograph of the exterior of a residential development."
"Beatlie Woods at Winchburgh","Beatlie Woods at Winchburgh development gallery","","https://banconhomes.com/development/beatlie-woods-at-winchburgh/","images/01c0e50a27b206722d17f5a114e8e28a4e53b1e33b3b7977e3c6b7a9d2326f8a.jpg","https://banconhomes.com/app/uploads/2026/02/P2622630.jpg","This is a photograph of the exterior of a property sales centre."
"Beatlie Woods at Winchburgh","Beatlie Woods at Winchburgh development gallery","","https://banconhomes.com/development/beatlie-woods-at-winchburgh/","images/63c0cdaa560a0c1b0de9a3d98020f38697efc1aa6673df2a7b3dab4f0751c80b.jpg","https://banconhomes.com/app/uploads/2025/11/Bancon-Homes_Devonshire_Milltimber-01.26-017-Kitchen.jpg","This is a photograph of a real interior space showing a kitchen and dining area."
"Beatlie Woods at Winchburgh","Beatlie Woods at Winchburgh development gallery","","https://banconhomes.com/development/beatlie-woods-at-winchburgh/","images/6bf4d28e0c3d2466bf89d92a99885570cf93c63816875a8860ea2aa65465350c.jpg","https://banconhomes.com/app/uploads/2026/02/Bedroom-PLOT-1-KINION-HEIGHTS-247898.jpg","This is a photograph of a real bedroom interior."
"Beatlie Woods at Winchburgh","Beatlie Woods at Winchburgh development gallery","","https://banconhomes.com/development/beatlie-woods-at-winchburgh/","images/4ac3f805e9ab9a0067b44d6924e6913502f6e426f655e2fe8018d3f1262e4214.jpg","https://banconhomes.com/app/uploads/2026/02/Bathroom-PLOT-1-KINION-HEIGHTS-247915.jpg","This is a photograph of a real bathroom interior."
"Beatlie Woods at Winchburgh","Beatlie Woods at Winchburgh development gallery","","https://banconhomes.com/development/beatlie-woods-at-winchburgh/","images/a55b9f899893309f95ec5fb40fc7fd973702a24f2be2101b25e36a59aeaacc48.jpg","https://banconhomes.com/app/uploads/2026/02/Internal-Finish-PLOT-1-KINION-HEIGHTS-247896.jpg","This is a photograph of a real hallway/landing area."
"Beatlie Woods at Winchburgh","Beatlie Woods at Winchburgh development gallery","","https://banconhomes.com/development/beatlie-woods-at-winchburgh/","images/937b986f0a85024525725bb4b53d4b066ed9760560c46513e9f2dae7c40e8bfa.jpg","https://banconhomes.com/app/uploads/2026/02/External-Finish_Bancon-Homes_Kinion-Heights_Street-Scenes-06.jpg","This is a photograph of the exterior of a residential property development."
"Beatlie Woods at Winchburgh","Beatlie Woods at Winchburgh development gallery","","https://banconhomes.com/development/beatlie-woods-at-winchburgh/","images/5f22c613172acf9c72ffc122369c79661c7a8c5b21118178c95d8536dac5e66d.jpg","https://banconhomes.com/app/uploads/2026/02/Bancon-Winchburgh-Loch-Plot25-01.jpg","This is an exterior view of a residential property."
"Beatlie Woods at Winchburgh","Beatlie Woods at Winchburgh development gallery","","https://banconhomes.com/development/beatlie-woods-at-winchburgh/","images/a990daeb158284ecfbec103197137c9fd0134be35d168dd8c8e88c953c10e1f6.jpg","https://banconhomes.com/app/uploads/2026/02/Bancon-Winchburgh-Richmond-Plot23-01-1.jpg","This is an exterior view of a residential property."
"Beatlie Woods at Winchburgh","Beatlie Woods at Winchburgh development gallery","","https://banconhomes.com/development/beatlie-woods-at-winchburgh/","images/fa26063fe3bedf2060a577f37df25b269bd72d80571ac621685e68fe6f00f8ef.jpg","https://banconhomes.com/app/uploads/2026/02/mediaold-124475-niddrycastle.jpg","This is an exterior landscape view of a property's grounds."
"Ternan Grove","Plot 7 – The Larch","4","https://banconhomes.com/property/plot-7-the-larch/","images/eaa9fa06af1529de30741ea3b0f59b447323baa758ff85fb6a1ff351d3b3fe81.jpg","https://banconhomes.com/app/uploads/2026/08/Larch-Plot-88-06-Ternan-Grove-Banchory-Web.jpg","This is an exterior view of a residential property."
"Ternan Grove","Plot 7 – The Larch","4","https://banconhomes.com/property/plot-7-the-larch/","images/7c8ccf40d2b8aa59cd191e69a75379ad7392575356f42eb9e10eb9fdf1e1d9e4.jpg","https://banconhomes.com/app/uploads/2025/12/Image-for-Larch-extended-Main-Pic.-2.jpg","The image shows a fully fitted kitchen area."
"Ternan Grove","Plot 7 – The Larch","4","https://banconhomes.com/property/plot-7-the-larch/","images/83d843bfc6b01f6b942acc0dc5bc844d74d1349efd2f840df7cb8683e6c4962b.jpg","https://banconhomes.com/app/uploads/2025/12/Larch-Show-Home-0113.jpg","The image shows a furnished bedroom with a bed and a desk."
"Ternan Grove","Plot 7 – The Larch","4","https://banconhomes.com/property/plot-7-the-larch/","images/9d078013ec2e97c83d42f87f90157c4877e8533c6c2e1134631ba4518991b5ba.jpg","https://banconhomes.com/app/uploads/2025/12/Larch-Show-Home-0095-2.jpg","The image shows a functional bathroom."
"Ternan Grove","Plot 7 – The Larch","4","https://banconhomes.com/property/plot-7-the-larch/","images/d9d873ebc9bc67f5123f1428dbd5318b8f104239564778092c814f5c1bc11b92.jpg","https://banconhomes.com/app/uploads/2025/12/Larch-Show-Home-0027.jpg","The image shows the entrance hallway of a property."
"Ternan Grove","Plot 7 – The Larch","4","https://banconhomes.com/property/plot-7-the-larch/","images/6b53a40a899431458f2985af38a9217c9736ec0e3df538fb9e0fb26570019147.jpg","https://banconhomes.com/app/uploads/2025/12/Larch-Show-Home-0025.jpg","This is a photograph of an interior hallway."
"Ternan Grove","Plot 7 – The Larch","4","https://banconhomes.com/property/plot-7-the-larch/","images/ebb1d6bb57709d866f7cd863a33d75fc457606e5ef3f0bf73d1829cb663c3525.jpg","https://banconhomes.com/app/uploads/2025/12/Larch-Show-Home-0032.jpg","The image shows a furnished living room space."
"Ternan Grove","Plot 7 – The Larch","4","https://banconhomes.com/property/plot-7-the-larch/","images/3aa32d23e5e24293fdbd6ddb9a5ecb3df9bb9769c8f1b418e843524feebb1763.jpg","https://banconhomes.com/app/uploads/2025/12/Larch-Show-Home-0099.jpg","The image shows a furnished bedroom."
"Ternan Grove","Plot 7 – The Larch","4","https://banconhomes.com/property/plot-7-the-larch/","images/ae962080191940a64df4803cee219384d6ff9fd18aa8d28e3a2ee2c669c5f93d.jpg","https://banconhomes.com/app/uploads/2025/12/Larch-Show-Home-0080.jpg","This is a photograph of a furnished bedroom."
"Ternan Grove","Plot 5 – The Rosehill","4","https://banconhomes.com/property/plot-5-the-rosehill/","images/68dd9fa26777d4d3d7dd3bea500c313017d29cac5e3af576cdaa9992b4927097.jpg","https://banconhomes.com/app/uploads/2026/08/Rosehill_Plot5-05-Ternan-Grove-Banchory-Web-Smaller-test.jpg","This is an exterior view of a residential property."
"Ternan Grove","Plot 5 – The Rosehill","4","https://banconhomes.com/property/plot-5-the-rosehill/","images/eaf9d4641477be70a56382f661b839631596cce17cfc69d151a1139e0b4630aa.jpg","https://banconhomes.com/app/uploads/2026/07/IMG_2264-Lighter-web-Rosehill-TRE.jpg","This is an interior photograph of a kitchen and dining space."
"Ternan Grove","Plot 5 – The Rosehill","4","https://banconhomes.com/property/plot-5-the-rosehill/","images/decf440feaa779b4908ac7e7d69301ba69c428787707801fdf18bcb086be9b64.jpg","https://banconhomes.com/app/uploads/2026/05/Plot-75-Reserve-at-Eden-_-240518.jpg","This is an interior photograph of a bedroom."
"Ternan Grove","Plot 5 – The Rosehill","4","https://banconhomes.com/property/plot-5-the-rosehill/","images/f89127d85b071ea6f76fcd3aac4f5565deb27c55fb9b16f557be38f6cc66cc1d.jpg","https://banconhomes.com/app/uploads/2026/05/Plot-75-Reserve-at-Eden-_-240509.jpg","This is a photograph of a functional bathroom interior."
"Ternan Grove","Plot 5 – The Rosehill","4","https://banconhomes.com/property/plot-5-the-rosehill/","images/9e96853203b2644ddc0559e2c69f04810c5f580ac1f7647be650f1506a74591c.jpg","https://banconhomes.com/app/uploads/2026/05/Plot-75-Reserve-at-Eden-_-240503.jpg","This is a photograph of a residential hallway."
"Ternan Grove","Plot 5 – The Rosehill","4","https://banconhomes.com/property/plot-5-the-rosehill/","images/4c1a17ac528fdc6612228cf71a6fed89771f06410af8fa44b498345a0092a31f.jpg","https://banconhomes.com/app/uploads/2026/08/Rosehill_Plot5-05-Ternan-Grove-Banchory-Web.jpg","This is a promotional exterior rendering of a property."
"Ternan Grove","Plot 5 – The Rosehill","4","https://banconhomes.com/property/plot-5-the-rosehill/","images/aa33a28e6545bcced7ea46a75b2ac11d9cef68a8f8ea803f0e89b00f11f712d6.jpg","https://banconhomes.com/app/uploads/2026/05/Plot-75-Reserve-at-Eden-_-240476.jpg","This is a photograph of a furnished living room."
"Ternan Grove","Plot 5 – The Rosehill","4","https://banconhomes.com/property/plot-5-the-rosehill/","images/6661dc04269c703b30306a2510f570e235f486e57bd8f59f1b58b666a48af523.jpg","https://banconhomes.com/app/uploads/2026/05/Plot-75-Reserve-at-Eden-_-240504.jpg","This is a photograph of an upstairs landing/hallway."
"Ternan Grove","Plot 5 – The Rosehill","4","https://banconhomes.com/property/plot-5-the-rosehill/","images/774f7f5a1c60d0ce937079bb40ed5390f76bccc7e284b1e5dfcea3043fc35e1b.jpg","https://banconhomes.com/app/uploads/2026/05/Plot-75-Reserve-at-Eden-_-240506.jpg","This is a photograph taken from a hallway looking into adjacent rooms."
"Ternan Grove","Plot 5 – The Rosehill","4","https://banconhomes.com/property/plot-5-the-rosehill/","images/5497da2bfd3635c5922da8faa67a213507b4901ac511a47f3ef63861f43d7af3.jpg","https://banconhomes.com/app/uploads/2026/05/Plot-75-Reserve-at-Eden-_-240514.jpg","This is a photograph of a bathroom interior."
"Ternan Grove","Plot 5 – The Rosehill","4","https://banconhomes.com/property/plot-5-the-rosehill/","images/409daf500e3a740e40011760bdbbcf74ad70f00e35003a683b0a9c8afe1b8d01.jpg","https://banconhomes.com/app/uploads/2026/05/Plot-75-Reserve-at-Eden-_-240519.jpg","This is a photograph of a furnished bedroom."
"Ternan Grove","Plot 5 – The Rosehill","4","https://banconhomes.com/property/plot-5-the-rosehill/","images/2bc81640d64a12cffff3012bbc34c8c1e777238dd488d4775fd40ee9c5a14a84.jpg","https://banconhomes.com/app/uploads/2026/05/Plot-75-Reserve-at-Eden-_-240523.jpg","The image shows a bedroom with a bed and child-oriented decor."
"Ternan Grove","Plot 5 – The Rosehill","4","https://banconhomes.com/property/plot-5-the-rosehill/","images/f1ada0ce963177a05f4a92ab863624f1180a270b50dbbfbf7c7097e5163cd26b.jpg","https://banconhomes.com/app/uploads/2026/05/Plot-75-Reserve-at-Eden-_-240528.jpg","The image shows a bedroom with a bed and a small desk for play."
"Ternan Grove","Plot 9 – The Louisville","4","https://banconhomes.com/property/plot-9-the-louisville/","images/295cee60559c1904fea09dac3e180ed204c1e1e20f9f3ec9a4c927512e391bc1.jpg","https://banconhomes.com/app/uploads/2026/08/Louisville-Plot4-06-Ternan-Grove-Banchory-Web.jpg","The image shows the exterior of a residential property."
"Ternan Grove","Plot 9 – The Louisville","4","https://banconhomes.com/property/plot-9-the-louisville/","images/36b9df4fa897a3389bbaaafbb68c1a89c8d009ac8883336166681450dfee6f7c.jpg","https://banconhomes.com/app/uploads/2025/12/Lochside-of-Leys_Bancon-19-DSCF8453.jpg","The image shows a kitchen area with cabinetry and appliances."
"Ternan Grove","Plot 9 – The Louisville","4","https://banconhomes.com/property/plot-9-the-louisville/","images/98b5b9b2d0d7c692ea5f38a67a15968cd31277b25641950a50e36a214db4a96f.jpg","https://banconhomes.com/app/uploads/2025/11/Lochside-of-Leys-Knockburn-Show-Home.jpg","The image shows a bedroom with a bed and bedroom furniture."
"Ternan Grove","Plot 9 – The Louisville","4","https://banconhomes.com/property/plot-9-the-louisville/","images/56fc6ada25455212ffcc898632cc5f0fff8e0da3acac9ca42a0f37cbf64a2e07.jpg","https://banconhomes.com/app/uploads/2025/12/LoRes_Bancon-Homes_Lochside-of-Leys_Plot-42-017.jpg","The image shows a bathroom with standard sanitary fixtures."
"Ternan Grove","Plot 9 – The Louisville","4","https://banconhomes.com/property/plot-9-the-louisville/","images/c0cb54f26c9ed360b19048403b6a75dd2bd6cba190f784f9fec6ede6de7f3556.jpg","https://banconhomes.com/app/uploads/2025/11/Lochside-of-Leys_Bancon-19-DSCF8389.jpg","The image shows a hallway space looking into a bedroom."
"Ternan Grove","Plot 9 – The Louisville","4","https://banconhomes.com/property/plot-9-the-louisville/","images/c0eaac628526e496283030a292ca75e328ddc7417947e4faefefba706bc7ac41.jpg","https://banconhomes.com/app/uploads/2026/05/Lochside-of-Leys-Konckburn-Show-Home-.jpg","The image shows a living room with seating and decorative furniture."
"Ternan Grove","Plot 9 – The Louisville","4","https://banconhomes.com/property/plot-9-the-louisville/","images/606639a5bdf270ac963430fe5e657780260076d4e4ec99e57058ca0cfa0a48c2.jpg","https://banconhomes.com/app/uploads/2026/05/Louisville-En-Suite-Bathroom-Copy.jpg","The image shows a functional bathroom with standard sanitary fixtures including a toilet, sink, and shower."
"Ternan Grove","Plot 2 – The Devonshire","4","https://banconhomes.com/property/plot-2-the-devonshire/","images/38a40634dcacd1773abb6f32ea8131482509d15258c4d29724dd25fe69c7b3e7.jpg","https://banconhomes.com/app/uploads/2026/08/Devonshire-Plot3-06-Ternan-Grove-Banchory-Web.jpg","This is an exterior architectural rendering of a residential property."
"Ternan Grove","Plot 2 – The Devonshire","4","https://banconhomes.com/property/plot-2-the-devonshire/","images/63c0cdaa560a0c1b0de9a3d98020f38697efc1aa6673df2a7b3dab4f0751c80b.jpg","https://banconhomes.com/app/uploads/2025/11/Bancon-Homes_Devonshire_Milltimber-01.26-017-Kitchen.jpg","This is a photograph of a real interior space showing a kitchen and dining area."
"Ternan Grove","Plot 2 – The Devonshire","4","https://banconhomes.com/property/plot-2-the-devonshire/","images/7381609f026fef0021831fb749cd321b3b05687328ce313958ca3fd8b9103a04.jpg","https://banconhomes.com/app/uploads/2026/07/Devonshire_Milltimber-01-Bedroom-2-3.jpg","This is a photograph of a furnished bedroom."
"Ternan Grove","Plot 2 – The Devonshire","4","https://banconhomes.com/property/plot-2-the-devonshire/","images/507ec8f69c1015260cfc3db627e0737b987b33b22e4ad65f024f64d2e0ea6756.jpg","https://banconhomes.com/app/uploads/2026/02/LoRes_Bancon-Homes_Elmwood_Beatlie-Bathroom.jpg","The image shows a functional bathroom space."
"Ternan Grove","Plot 2 – The Devonshire","4","https://banconhomes.com/property/plot-2-the-devonshire/","images/a8c9f5b9e44ffb6604986e2d3f00e53a9dad141e3c2367b77dbcdc97a58574ad.jpg","https://banconhomes.com/app/uploads/2026/07/Devonshire_Milltimber-01-Internal-Finish.jpg","This is a photograph of a residential hallway or landing."
"Ternan Grove","Plot 2 – The Devonshire","4","https://banconhomes.com/property/plot-2-the-devonshire/","images/ee34cb221e3b3d7f648fdd1cac2cfa2b1f5ebb0448c9014513a39101bd8ff80e.jpg","https://banconhomes.com/app/uploads/2026/07/Devonshire_Milltimber-01-Living-Room-Gallery.jpg","This is a photograph of a furnished living room."
"Ternan Grove","Plot 2 – The Devonshire","4","https://banconhomes.com/property/plot-2-the-devonshire/","images/a724ed825ed0e2a72f79c739a75597d55b923e7ec4cc58934b36fd9aec4fd5cd.jpg","https://banconhomes.com/app/uploads/2026/07/Devonshire_Milltimber-01-Main-Hero-Image.jpg","This is a photograph of a furnished dining and living space."
"Ternan Grove","Plot 2 – The Devonshire","4","https://banconhomes.com/property/plot-2-the-devonshire/","images/5ebdd02ad13bb9ecbebceedd54629c6f1e7a259cb23bc8fc40b8f8477c1c15f4.jpg","https://banconhomes.com/app/uploads/2026/07/Devonshire_Milltimber-01-Kitchen2.jpg","This is a photograph of a furnished kitchen."
"Ternan Grove","Plot 2 – The Devonshire","4","https://banconhomes.com/property/plot-2-the-devonshire/","images/d8a25099f7fb476389e461d76bc071334e0e43c26bba82b989fb09031a07c159.jpg","https://banconhomes.com/app/uploads/2026/07/Devonshire_Milltimber-01-Bedroom-1.jpg","This is a photograph of a furnished bedroom."
"Ternan Grove","Plot 2 – The Devonshire","4","https://banconhomes.com/property/plot-2-the-devonshire/","images/8f7a5594fd7048dd86feaa7f009b7b030e288d9b739bb82b122747a7677ec153.jpg","https://banconhomes.com/app/uploads/2026/07/Devonshire_Milltimber-01-En-Suite.jpg","This is a photograph of a functional bathroom in a property."
"Ternan Grove","Plot 2 – The Devonshire","4","https://banconhomes.com/property/plot-2-the-devonshire/","images/e6c71d4d5427912ab16dad0da5a217210808db3ecaeb3b4c2494d0478a1737ce.jpg","https://banconhomes.com/app/uploads/2026/07/Devonshire_Milltimber-01-Bedroom-2-Gallery.jpg","This is a photograph of a furnished bedroom."
"Ternan Grove","Plot 2 – The Devonshire","4","https://banconhomes.com/property/plot-2-the-devonshire/","images/3940a29a8d98945c0b6b492015064e787494b47c53548047cfbb0bc33bd14e04.jpg","https://banconhomes.com/app/uploads/2026/02/HiRes_Bancon-Homes_Devonshire_Milltimber-6.jpg","The image shows a bedroom with a desk."
"Ternan Grove","Plot 1 – The Osborne","5","https://banconhomes.com/property/plot-1-the-osborne/","images/999dfee76300e8575ffeae94e7f5151b018c34e1fd7eb0450b0a4dc5bf8e32fb.jpg","https://banconhomes.com/app/uploads/2026/08/Osborne_Plot1-05-Ternan-Grove-Banchory-Web.jpg","This is a promotional exterior photograph of a property."
"Ternan Grove","Plot 1 – The Osborne","5","https://banconhomes.com/property/plot-1-the-osborne/","images/7d3ab694ccd21c66bc6d59cbc972e58d8fcb75eff688c7ecef6951e8da69a1d7.jpg","https://banconhomes.com/app/uploads/2026/05/Illustration-of-an-Osborne-Open-Plan-Kitchen-Dining-family-area-scaled.jpg","This is a photograph of a furnished kitchen and dining room."
"Ternan Grove","Plot 1 – The Osborne","5","https://banconhomes.com/property/plot-1-the-osborne/","images/d8a25099f7fb476389e461d76bc071334e0e43c26bba82b989fb09031a07c159.jpg","https://banconhomes.com/app/uploads/2026/07/Devonshire_Milltimber-01-Bedroom-1.jpg","This is a photograph of a furnished bedroom."
"Ternan Grove","Plot 1 – The Osborne","5","https://banconhomes.com/property/plot-1-the-osborne/","images/507ec8f69c1015260cfc3db627e0737b987b33b22e4ad65f024f64d2e0ea6756.jpg","https://banconhomes.com/app/uploads/2026/02/LoRes_Bancon-Homes_Elmwood_Beatlie-Bathroom.jpg","The image shows a functional bathroom space."
"Ternan Grove","Plot 1 – The Osborne","5","https://banconhomes.com/property/plot-1-the-osborne/","images/a8c9f5b9e44ffb6604986e2d3f00e53a9dad141e3c2367b77dbcdc97a58574ad.jpg","https://banconhomes.com/app/uploads/2026/07/Devonshire_Milltimber-01-Internal-Finish.jpg","This is a photograph of a residential hallway or landing."
"Ternan Grove","Plot 1 – The Osborne","5","https://banconhomes.com/property/plot-1-the-osborne/","images/79ac127c4bad74e9517ae91f0e7659397f26685d9601443a89cc87c5272149cf.jpg","https://banconhomes.com/app/uploads/0001/05/Devonshire_Milltimber-01-Living.jpg","The image shows a furnished living area with a sofa and coffee table."
"Ternan Grove","Plot 1 – The Osborne","5","https://banconhomes.com/property/plot-1-the-osborne/","images/7381609f026fef0021831fb749cd321b3b05687328ce313958ca3fd8b9103a04.jpg","https://banconhomes.com/app/uploads/2026/07/Devonshire_Milltimber-01-Bedroom-2-3.jpg","This is a photograph of a furnished bedroom."
"Ternan Grove","Plot 1 – The Osborne","5","https://banconhomes.com/property/plot-1-the-osborne/","images/e6c71d4d5427912ab16dad0da5a217210808db3ecaeb3b4c2494d0478a1737ce.jpg","https://banconhomes.com/app/uploads/2026/07/Devonshire_Milltimber-01-Bedroom-2-Gallery.jpg","This is a photograph of a furnished bedroom."
"Ternan Grove","Plot 1 – The Osborne","5","https://banconhomes.com/property/plot-1-the-osborne/","images/8f7a5594fd7048dd86feaa7f009b7b030e288d9b739bb82b122747a7677ec153.jpg","https://banconhomes.com/app/uploads/2026/07/Devonshire_Milltimber-01-En-Suite.jpg","This is a photograph of a functional bathroom in a property."
"Ternan Grove","Plot 6 – The Louisville","4","https://banconhomes.com/property/plot-6-the-louisville/","images/295cee60559c1904fea09dac3e180ed204c1e1e20f9f3ec9a4c927512e391bc1.jpg","https://banconhomes.com/app/uploads/2026/08/Louisville-Plot4-06-Ternan-Grove-Banchory-Web.jpg","The image shows the exterior of a residential property."
"Ternan Grove","Plot 6 – The Louisville","4","https://banconhomes.com/property/plot-6-the-louisville/","images/36b9df4fa897a3389bbaaafbb68c1a89c8d009ac8883336166681450dfee6f7c.jpg","https://banconhomes.com/app/uploads/2025/12/Lochside-of-Leys_Bancon-19-DSCF8453.jpg","The image shows a kitchen area with cabinetry and appliances."
"Ternan Grove","Plot 6 – The Louisville","4","https://banconhomes.com/property/plot-6-the-louisville/","images/98b5b9b2d0d7c692ea5f38a67a15968cd31277b25641950a50e36a214db4a96f.jpg","https://banconhomes.com/app/uploads/2025/11/Lochside-of-Leys-Knockburn-Show-Home.jpg","The image shows a bedroom with a bed and bedroom furniture."
"Ternan Grove","Plot 6 – The Louisville","4","https://banconhomes.com/property/plot-6-the-louisville/","images/56fc6ada25455212ffcc898632cc5f0fff8e0da3acac9ca42a0f37cbf64a2e07.jpg","https://banconhomes.com/app/uploads/2025/12/LoRes_Bancon-Homes_Lochside-of-Leys_Plot-42-017.jpg","The image shows a bathroom with standard sanitary fixtures."
"Ternan Grove","Plot 6 – The Louisville","4","https://banconhomes.com/property/plot-6-the-louisville/","images/c0cb54f26c9ed360b19048403b6a75dd2bd6cba190f784f9fec6ede6de7f3556.jpg","https://banconhomes.com/app/uploads/2025/11/Lochside-of-Leys_Bancon-19-DSCF8389.jpg","The image shows a hallway space looking into a bedroom."
"Ternan Grove","Plot 6 – The Louisville","4","https://banconhomes.com/property/plot-6-the-louisville/","images/c0eaac628526e496283030a292ca75e328ddc7417947e4faefefba706bc7ac41.jpg","https://banconhomes.com/app/uploads/2026/05/Lochside-of-Leys-Konckburn-Show-Home-.jpg","The image shows a living room with seating and decorative furniture."
"Ternan Grove","Plot 6 – The Louisville","4","https://banconhomes.com/property/plot-6-the-louisville/","images/606639a5bdf270ac963430fe5e657780260076d4e4ec99e57058ca0cfa0a48c2.jpg","https://banconhomes.com/app/uploads/2026/05/Louisville-En-Suite-Bathroom-Copy.jpg","The image shows a functional bathroom with standard sanitary fixtures including a toilet, sink, and shower."
"Ternan Grove","Plot 10 – The Rosehill","4","https://banconhomes.com/property/plot-10-the-rosehill/","images/4c1a17ac528fdc6612228cf71a6fed89771f06410af8fa44b498345a0092a31f.jpg","https://banconhomes.com/app/uploads/2026/08/Rosehill_Plot5-05-Ternan-Grove-Banchory-Web.jpg","This is a promotional exterior rendering of a property."
"Ternan Grove","Plot 10 – The Rosehill","4","https://banconhomes.com/property/plot-10-the-rosehill/","images/eaf9d4641477be70a56382f661b839631596cce17cfc69d151a1139e0b4630aa.jpg","https://banconhomes.com/app/uploads/2026/07/IMG_2264-Lighter-web-Rosehill-TRE.jpg","This is an interior photograph of a kitchen and dining space."
"Ternan Grove","Plot 10 – The Rosehill","4","https://banconhomes.com/property/plot-10-the-rosehill/","images/decf440feaa779b4908ac7e7d69301ba69c428787707801fdf18bcb086be9b64.jpg","https://banconhomes.com/app/uploads/2026/05/Plot-75-Reserve-at-Eden-_-240518.jpg","This is an interior photograph of a bedroom."
"Ternan Grove","Plot 10 – The Rosehill","4","https://banconhomes.com/property/plot-10-the-rosehill/","images/f89127d85b071ea6f76fcd3aac4f5565deb27c55fb9b16f557be38f6cc66cc1d.jpg","https://banconhomes.com/app/uploads/2026/05/Plot-75-Reserve-at-Eden-_-240509.jpg","This is a photograph of a functional bathroom interior."
"Ternan Grove","Plot 10 – The Rosehill","4","https://banconhomes.com/property/plot-10-the-rosehill/","images/9e96853203b2644ddc0559e2c69f04810c5f580ac1f7647be650f1506a74591c.jpg","https://banconhomes.com/app/uploads/2026/05/Plot-75-Reserve-at-Eden-_-240503.jpg","This is a photograph of a residential hallway."
"Ternan Grove","Plot 10 – The Rosehill","4","https://banconhomes.com/property/plot-10-the-rosehill/","images/68dd9fa26777d4d3d7dd3bea500c313017d29cac5e3af576cdaa9992b4927097.jpg","https://banconhomes.com/app/uploads/2026/08/Rosehill_Plot5-05-Ternan-Grove-Banchory-Web-Smaller-test.jpg","This is an exterior view of a residential property."
"Ternan Grove","Plot 10 – The Rosehill","4","https://banconhomes.com/property/plot-10-the-rosehill/","images/9a875680ad0e617eeeeab8281ccdcd7c447a9a18d0246a9c610357bef3f6f7e5.jpg","https://banconhomes.com/app/uploads/2026/07/IMG_2256-Lighter-Web.jpg","The image depicts a functional kitchen and dining space."
"Ternan Grove","Plot 10 – The Rosehill","4","https://banconhomes.com/property/plot-10-the-rosehill/","images/aa33a28e6545bcced7ea46a75b2ac11d9cef68a8f8ea803f0e89b00f11f712d6.jpg","https://banconhomes.com/app/uploads/2026/05/Plot-75-Reserve-at-Eden-_-240476.jpg","This is a photograph of a furnished living room."
"Ternan Grove","Plot 10 – The Rosehill","4","https://banconhomes.com/property/plot-10-the-rosehill/","images/6661dc04269c703b30306a2510f570e235f486e57bd8f59f1b58b666a48af523.jpg","https://banconhomes.com/app/uploads/2026/05/Plot-75-Reserve-at-Eden-_-240504.jpg","This is a photograph of an upstairs landing/hallway."
"Ternan Grove","Plot 10 – The Rosehill","4","https://banconhomes.com/property/plot-10-the-rosehill/","images/774f7f5a1c60d0ce937079bb40ed5390f76bccc7e284b1e5dfcea3043fc35e1b.jpg","https://banconhomes.com/app/uploads/2026/05/Plot-75-Reserve-at-Eden-_-240506.jpg","This is a photograph taken from a hallway looking into adjacent rooms."
"Ternan Grove","Plot 10 – The Rosehill","4","https://banconhomes.com/property/plot-10-the-rosehill/","images/5497da2bfd3635c5922da8faa67a213507b4901ac511a47f3ef63861f43d7af3.jpg","https://banconhomes.com/app/uploads/2026/05/Plot-75-Reserve-at-Eden-_-240514.jpg","This is a photograph of a bathroom interior."
"Ternan Grove","Plot 10 – The Rosehill","4","https://banconhomes.com/property/plot-10-the-rosehill/","images/409daf500e3a740e40011760bdbbcf74ad70f00e35003a683b0a9c8afe1b8d01.jpg","https://banconhomes.com/app/uploads/2026/05/Plot-75-Reserve-at-Eden-_-240519.jpg","This is a photograph of a furnished bedroom."
"Ternan Grove","Plot 10 – The Rosehill","4","https://banconhomes.com/property/plot-10-the-rosehill/","images/2bc81640d64a12cffff3012bbc34c8c1e777238dd488d4775fd40ee9c5a14a84.jpg","https://banconhomes.com/app/uploads/2026/05/Plot-75-Reserve-at-Eden-_-240523.jpg","The image shows a bedroom with a bed and child-oriented decor."
"Ternan Grove","Plot 10 – The Rosehill","4","https://banconhomes.com/property/plot-10-the-rosehill/","images/f1ada0ce963177a05f4a92ab863624f1180a270b50dbbfbf7c7097e5163cd26b.jpg","https://banconhomes.com/app/uploads/2026/05/Plot-75-Reserve-at-Eden-_-240528.jpg","The image shows a bedroom with a bed and a small desk for play."
"Ternan Grove","Plot 13 – The Devonshire","4","https://banconhomes.com/property/plot-13-the-devonshire/","images/38a40634dcacd1773abb6f32ea8131482509d15258c4d29724dd25fe69c7b3e7.jpg","https://banconhomes.com/app/uploads/2026/08/Devonshire-Plot3-06-Ternan-Grove-Banchory-Web.jpg","This is an exterior architectural rendering of a residential property."
"Ternan Grove","Plot 13 – The Devonshire","4","https://banconhomes.com/property/plot-13-the-devonshire/","images/63c0cdaa560a0c1b0de9a3d98020f38697efc1aa6673df2a7b3dab4f0751c80b.jpg","https://banconhomes.com/app/uploads/2025/11/Bancon-Homes_Devonshire_Milltimber-01.26-017-Kitchen.jpg","This is a photograph of a real interior space showing a kitchen and dining area."
"Ternan Grove","Plot 13 – The Devonshire","4","https://banconhomes.com/property/plot-13-the-devonshire/","images/7381609f026fef0021831fb749cd321b3b05687328ce313958ca3fd8b9103a04.jpg","https://banconhomes.com/app/uploads/2026/07/Devonshire_Milltimber-01-Bedroom-2-3.jpg","This is a photograph of a furnished bedroom."
"Ternan Grove","Plot 13 – The Devonshire","4","https://banconhomes.com/property/plot-13-the-devonshire/","images/507ec8f69c1015260cfc3db627e0737b987b33b22e4ad65f024f64d2e0ea6756.jpg","https://banconhomes.com/app/uploads/2026/02/LoRes_Bancon-Homes_Elmwood_Beatlie-Bathroom.jpg","The image shows a functional bathroom space."
"Ternan Grove","Plot 13 – The Devonshire","4","https://banconhomes.com/property/plot-13-the-devonshire/","images/a8c9f5b9e44ffb6604986e2d3f00e53a9dad141e3c2367b77dbcdc97a58574ad.jpg","https://banconhomes.com/app/uploads/2026/07/Devonshire_Milltimber-01-Internal-Finish.jpg","This is a photograph of a residential hallway or landing."
"Ternan Grove","Plot 13 – The Devonshire","4","https://banconhomes.com/property/plot-13-the-devonshire/","images/ee34cb221e3b3d7f648fdd1cac2cfa2b1f5ebb0448c9014513a39101bd8ff80e.jpg","https://banconhomes.com/app/uploads/2026/07/Devonshire_Milltimber-01-Living-Room-Gallery.jpg","This is a photograph of a furnished living room."
"Ternan Grove","Plot 13 – The Devonshire","4","https://banconhomes.com/property/plot-13-the-devonshire/","images/a724ed825ed0e2a72f79c739a75597d55b923e7ec4cc58934b36fd9aec4fd5cd.jpg","https://banconhomes.com/app/uploads/2026/07/Devonshire_Milltimber-01-Main-Hero-Image.jpg","This is a photograph of a furnished dining and living space."
"Ternan Grove","Plot 13 – The Devonshire","4","https://banconhomes.com/property/plot-13-the-devonshire/","images/5ebdd02ad13bb9ecbebceedd54629c6f1e7a259cb23bc8fc40b8f8477c1c15f4.jpg","https://banconhomes.com/app/uploads/2026/07/Devonshire_Milltimber-01-Kitchen2.jpg","This is a photograph of a furnished kitchen."
"Ternan Grove","Plot 13 – The Devonshire","4","https://banconhomes.com/property/plot-13-the-devonshire/","images/d8a25099f7fb476389e461d76bc071334e0e43c26bba82b989fb09031a07c159.jpg","https://banconhomes.com/app/uploads/2026/07/Devonshire_Milltimber-01-Bedroom-1.jpg","This is a photograph of a furnished bedroom."
"Ternan Grove","Plot 13 – The Devonshire","4","https://banconhomes.com/property/plot-13-the-devonshire/","images/8f7a5594fd7048dd86feaa7f009b7b030e288d9b739bb82b122747a7677ec153.jpg","https://banconhomes.com/app/uploads/2026/07/Devonshire_Milltimber-01-En-Suite.jpg","This is a photograph of a functional bathroom in a property."
"Ternan Grove","Plot 13 – The Devonshire","4","https://banconhomes.com/property/plot-13-the-devonshire/","images/e6c71d4d5427912ab16dad0da5a217210808db3ecaeb3b4c2494d0478a1737ce.jpg","https://banconhomes.com/app/uploads/2026/07/Devonshire_Milltimber-01-Bedroom-2-Gallery.jpg","This is a photograph of a furnished bedroom."
"Ternan Grove","Plot 13 – The Devonshire","4","https://banconhomes.com/property/plot-13-the-devonshire/","images/3940a29a8d98945c0b6b492015064e787494b47c53548047cfbb0bc33bd14e04.jpg","https://banconhomes.com/app/uploads/2026/02/HiRes_Bancon-Homes_Devonshire_Milltimber-6.jpg","The image shows a bedroom with a desk."
"Ternan Grove","Ternan Grove development gallery","","https://banconhomes.com/development/ternan-grove/","images/62d3d276b87960b19f2d2bf11d452bb2bfcb13770c233fbc2118bdefa2965fa0.jpg","https://banconhomes.com/app/uploads/2025/11/StreetView2-04-Ternan-Grove-Web.jpg","The image shows the exterior of a residential housing development."
"Ternan Grove","Ternan Grove development gallery","","https://banconhomes.com/development/ternan-grove/","images/a93b6c9604d32fbef66960ec13e73e498d4795105ae5f0aafb11c3a0d07e1148.jpg","https://banconhomes.com/app/uploads/2025/11/DJI_0047.jpg","The image shows the exterior of a residential property."
"Ternan Grove","Ternan Grove development gallery","","https://banconhomes.com/development/ternan-grove/","images/f8d844bf97f669ee61cdad4822568d6a15ea50c295103c5790f7dafd8f027368.jpg","https://banconhomes.com/app/uploads/2026/05/Kitchen_Lochside-Showhome-11.jpg","The image shows a fully fitted kitchen."
"Ternan Grove","Ternan Grove development gallery","","https://banconhomes.com/development/ternan-grove/","images/5786c510d80c62b7b2107507a1271ff0e3a48546d7c838a79c4521fdb8e615f4.jpg","https://banconhomes.com/app/uploads/2026/08/P2622767-scaled.jpg","The image shows a furnished bedroom."
"Ternan Grove","Ternan Grove development gallery","","https://banconhomes.com/development/ternan-grove/","images/197768dbb6243f3c3624a5d875af9b7b42ce35e0b4ebf217f58b652c6ed793b4.jpg","https://banconhomes.com/app/uploads/2025/11/P2622752-scaled.jpg","This is a photograph of a functional bathroom within a property."
"Ternan Grove","Ternan Grove development gallery","","https://banconhomes.com/development/ternan-grove/","images/bc33049c391900c7c2a12dbe107dbc131fcb642359eec25fbdcf7a0cb325a16a.jpg","https://banconhomes.com/app/uploads/2025/11/P2622738-scaled.jpg","This is a photograph of an interior hallway/landing area."
"Ternan Grove","Ternan Grove development gallery","","https://banconhomes.com/development/ternan-grove/","images/295cee60559c1904fea09dac3e180ed204c1e1e20f9f3ec9a4c927512e391bc1.jpg","https://banconhomes.com/app/uploads/2026/08/Louisville-Plot4-06-Ternan-Grove-Banchory-Web.jpg","The image shows the exterior of a residential property."
"Ternan Grove","Ternan Grove development gallery","","https://banconhomes.com/development/ternan-grove/","images/ee5ce16319da784a15e4f0973247b4b132ae8ec27641f2b296ca5cebdd4e8519.jpg","https://banconhomes.com/app/uploads/2025/11/A-Fresh-Start-Dog-wallk-Web.jpg","This is a photograph of an outdoor environment, likely representing the local area."
"Ternan Grove","Ternan Grove development gallery","","https://banconhomes.com/development/ternan-grove/","images/09845cbd5755dc513072c99839aad39371796293ea4ac0543f6e223748d24a11.jpg","https://banconhomes.com/app/uploads/2025/11/StreetView1-05-Ternan-Grove-Web.jpg","This is a promotional exterior view of a property development."
"Ternan Grove","Ternan Grove development gallery","","https://banconhomes.com/development/ternan-grove/","images/eaa9fa06af1529de30741ea3b0f59b447323baa758ff85fb6a1ff351d3b3fe81.jpg","https://banconhomes.com/app/uploads/2026/08/Larch-Plot-88-06-Ternan-Grove-Banchory-Web.jpg","This is an exterior view of a residential property."
"Ternan Grove","Ternan Grove development gallery","","https://banconhomes.com/development/ternan-grove/","images/4c1a17ac528fdc6612228cf71a6fed89771f06410af8fa44b498345a0092a31f.jpg","https://banconhomes.com/app/uploads/2026/08/Rosehill_Plot5-05-Ternan-Grove-Banchory-Web.jpg","This is a promotional exterior rendering of a property."
"Ternan Grove","Ternan Grove development gallery","","https://banconhomes.com/development/ternan-grove/","images/38a40634dcacd1773abb6f32ea8131482509d15258c4d29724dd25fe69c7b3e7.jpg","https://banconhomes.com/app/uploads/2026/08/Devonshire-Plot3-06-Ternan-Grove-Banchory-Web.jpg","This is an exterior architectural rendering of a residential property."
"Ternan Grove","Ternan Grove development gallery","","https://banconhomes.com/development/ternan-grove/","images/999dfee76300e8575ffeae94e7f5151b018c34e1fd7eb0450b0a4dc5bf8e32fb.jpg","https://banconhomes.com/app/uploads/2026/08/Osborne_Plot1-05-Ternan-Grove-Banchory-Web.jpg","This is a promotional exterior photograph of a property."
"Ternan Grove","Ternan Grove development gallery","","https://banconhomes.com/development/ternan-grove/","images/958fd4d1140318b62770dfc614fef983642fdbfc6c4657fe7b617649cbda7719.jpg","https://banconhomes.com/app/uploads/2025/11/Ternan-Grove-Neighbourhood-hero-image.jpg","This is a landscape photograph of the exterior surroundings."
"Kinion Heights","Plot 47 – The Loch","2","https://banconhomes.com/property/plot-47-the-loch/","images/fdfd5338f6286a7a7a55193103aab82c25b8ce9ef90b7dc57677c8662138a35b.jpg","https://banconhomes.com/app/uploads/2025/12/OG-LochPlot23-FINAL.jpg","This is an exterior photograph of a residential property."
"Kinion Heights","Plot 47 – The Loch","2","https://banconhomes.com/property/plot-47-the-loch/","images/bfe2367104401087de92474fab99234d277e79c89021dc101b8539542089a831.jpg","https://banconhomes.com/app/uploads/2025/12/John-MacLoed-Way-9_25_011.jpg","This is a photograph of a kitchen."
"Kinion Heights","Plot 47 – The Loch","2","https://banconhomes.com/property/plot-47-the-loch/","images/0e1035a7be215c98e446afed8cb2e1ebbd3764a5b66da682ebcfe80cf5c1bb89.jpg","https://banconhomes.com/app/uploads/2025/12/John-MacLoed-Way-9_25_024.jpg","This is a photograph of a bedroom interior."
"Kinion Heights","Plot 47 – The Loch","2","https://banconhomes.com/property/plot-47-the-loch/","images/f70358d03bfbcb4acd36302bac338cff6da8550a845e5bf68fe43f2a6c796a9a.jpg","https://banconhomes.com/app/uploads/2025/12/John-MacLoed-Way-9_25_032.jpg","This is a photograph of a bathroom."
"Kinion Heights","Plot 47 – The Loch","2","https://banconhomes.com/property/plot-47-the-loch/","images/920bec437b9a7275f5d9a7ff41400da4790095dc7191f82677996c14cf6137d4.jpg","https://banconhomes.com/app/uploads/2025/12/John-MacLoed-Way-9_25_037.jpg","This is a photograph of an interior hallway and staircase."
"Kinion Heights","Plot 47 – The Loch","2","https://banconhomes.com/property/plot-47-the-loch/","images/c301ceaf9f7fdb4b679a251e900dad94a19ffca1786fb74859f938aa0d6ab74f.jpg","https://banconhomes.com/app/uploads/2025/12/John-MacLoed-Way-9_25_010-1.jpg","This is a photograph of a functional kitchen and dining area."
"Kinion Heights","Plot 47 – The Loch","2","https://banconhomes.com/property/plot-47-the-loch/","images/701ea153c9929e971fbfef09773bedfb830544d0906e4d2d09b39a4d775e7be9.jpg","https://banconhomes.com/app/uploads/2025/12/John-MacLoed-Way-9_25_012.jpg","This is a photograph of a kitchen and dining space with an exterior view."
"Kinion Heights","Plot 47 – The Loch","2","https://banconhomes.com/property/plot-47-the-loch/","images/45191d5413cdb206770d8570a7666330f7c12fa94669b10fe9a9fcfa780ec7cc.jpg","https://banconhomes.com/app/uploads/2025/12/John-MacLoed-Way-9_25_014.jpg","This is a photograph of a living room corner."
"Kinion Heights","Plot 47 – The Loch","2","https://banconhomes.com/property/plot-47-the-loch/","images/90ce877a7e5870ef69b0fd890363ef07799e70f9fc7f32657a1d1403fed93561.jpg","https://banconhomes.com/app/uploads/2025/12/John-MacLoed-Way-9_25_015.jpg","This is a detail shot of home decor within a living space."
"Kinion Heights","Plot 47 – The Loch","2","https://banconhomes.com/property/plot-47-the-loch/","images/ec7d3361cc42b3723bf06a20154cccb1ccca1ea5e6bf289c8a3d4d1236ca57b0.jpg","https://banconhomes.com/app/uploads/2025/12/John-MacLoed-Way-9_25_019.jpg","This is a photograph of a bathroom."
"Kinion Heights","Plot 47 – The Loch","2","https://banconhomes.com/property/plot-47-the-loch/","images/db3eaab09410278f9a0c33799fcd1da782992ef1f84e2c4abfd334047ab2ced3.jpg","https://banconhomes.com/app/uploads/2025/12/John-MacLoed-Way-9_25_041.jpg","This is a photograph of a garden and patio area."
"Kinion Heights","Plot 47 – The Loch","2","https://banconhomes.com/property/plot-47-the-loch/","images/18d6bdfe91c1c7353f009890e022520fa1d58b1ef0dfac460e1bf5f7377129d2.jpg","https://banconhomes.com/app/uploads/2025/12/John-MacLoed-Way-9_25_042.jpg","This is a photograph of a garden view from inside."
"Kinion Heights","Plot 47 – The Loch","2","https://banconhomes.com/property/plot-47-the-loch/","images/c00abbc3568a31f78002660a93669cf79fb9aeddd5eeecc8107c7c16fbcbd620.jpg","https://banconhomes.com/app/uploads/2025/12/John-MacLoed-Way-9_25_003.jpg","This is a photograph of an entrance hallway."
"Kinion Heights","Plot 47 – The Loch","2","https://banconhomes.com/property/plot-47-the-loch/","images/c6229eae123e79165ea72332c02ae381679c3c02b53563d5dd1101d8c183d0d8.jpg","https://banconhomes.com/app/uploads/2025/12/John-MacLoed-Way-9_25_004.jpg","This is a residential hallway/entrance area."
"Kinion Heights","Plot 47 – The Loch","2","https://banconhomes.com/property/plot-47-the-loch/","images/189f68d9f785d0d93ce5fb78d18f8909eb63cd6ba5ea857406683f0395ee6ec5.jpg","https://banconhomes.com/app/uploads/2025/12/John-MacLoed-Way-9_25_005.jpg","This is a living and dining area."
"Kinion Heights","Plot 47 – The Loch","2","https://banconhomes.com/property/plot-47-the-loch/","images/9c3385c775c1e5a5ce99a9e35fa4f487c78ca1409d2fcf8a1d0a306b20664793.jpg","https://banconhomes.com/app/uploads/2025/12/John-MacLoed-Way-9_25_007.jpg","This is a living and dining area."
"Kinion Heights","Plot 47 – The Loch","2","https://banconhomes.com/property/plot-47-the-loch/","images/0e500343d647e67e723fef4536084bd3ad469f40edbe8b0ea8201919e535f067.jpg","https://banconhomes.com/app/uploads/2025/12/John-MacLoed-Way-9_25_009.jpg","This is an open-plan living, dining, and kitchen area."
"Kinion Heights","Plot 48 – The Richmond","3","https://banconhomes.com/property/plot-48-the-richmond/","images/f5a9e329fe7eef103a20d2f4063d06d2fbcd08e4cd437abf9071ff2e7e3f886f.jpg","https://banconhomes.com/app/uploads/2025/12/OG-RichmondPlot24-FINAL.jpg","This is a real-world exterior view of a property."
"Kinion Heights","Plot 48 – The Richmond","3","https://banconhomes.com/property/plot-48-the-richmond/","images/e9339efa4681b92f8595f3473775771cd005dd81a8a54662c41c9d64782de14e.jpg","https://banconhomes.com/app/uploads/2025/11/The-Richmond_Eden-Reserve-21-_5847.jpg","This is a photograph of a kitchen."
"Kinion Heights","Plot 48 – The Richmond","3","https://banconhomes.com/property/plot-48-the-richmond/","images/14dafa22bc781d1bc3c35027e8f4f00cf9ed8c4d0e3bea280ec1b13bd90b74e1.jpg","https://banconhomes.com/app/uploads/2025/11/PLOT-1-KINION-HEIGHTS-_-247899.jpg","This is a photograph of a bedroom."
"Kinion Heights","Plot 48 – The Richmond","3","https://banconhomes.com/property/plot-48-the-richmond/","images/3bc78c3d39283d612eac7d214627ef2493c6f109367677c93be7bf3ab2671fe5.jpg","https://banconhomes.com/app/uploads/2025/11/The-Richmond_Eden-Reserve-21-_5830.jpg","This is a photograph of a bathroom."
"Kinion Heights","Plot 48 – The Richmond","3","https://banconhomes.com/property/plot-48-the-richmond/","images/88a2c81456f5f184ebee534afdcc1f89919feb167b8d0783c12f6e8f20040b8f.jpg","https://banconhomes.com/app/uploads/2025/11/The-Richmond_Eden-Reserve-21-_5817.jpg","This is a photograph of a bathroom."
"Kinion Heights","Plot 48 – The Richmond","3","https://banconhomes.com/property/plot-48-the-richmond/","images/a9bf5dd7d0b3ddd313bcf3cab2ea8ec2dff65634a4238f4865c1d42caa96156e.jpg","https://banconhomes.com/app/uploads/2025/11/The-Richmond_Eden-Reserve-21-_5822.jpg","This is a photograph of a furnished bedroom."
"Kinion Heights","Plot 48 – The Richmond","3","https://banconhomes.com/property/plot-48-the-richmond/","images/ec724666a05ab9f2bf1f46c122790cbd08f25cd99ef6e0e2dcb159e59abdbff5.jpg","https://banconhomes.com/app/uploads/2025/11/The-Richmond_Eden-Reserve-21-_5825.jpg","This is a photograph of a furnished bedroom."
"Kinion Heights","Plot 48 – The Richmond","3","https://banconhomes.com/property/plot-48-the-richmond/","images/cc39b986c9050e0f47b6c424b4699e1da5509b29b84e850185e09661ebce428a.jpg","https://banconhomes.com/app/uploads/2025/11/The-Richmond_Eden-Reserve-21-_5840.jpg","This is a photograph of a furnished living room."
"Kinion Heights","Plot 48 – The Richmond","3","https://banconhomes.com/property/plot-48-the-richmond/","images/a25f3bf5c98887783776549495c393b5c4b185435eba43a0c6de8c9fd6d13715.jpg","https://banconhomes.com/app/uploads/2025/11/The-Richmond_Eden-Reserve-21-_5849.jpg","This is a photograph of a functional kitchen and dining space within a property."
"Kinion Heights","Plot 26 – The Cairnfield","3","https://banconhomes.com/property/plot-26-the-cairnfield/","images/c590ff5d838341655e5ab22b313a64b5710b1af7c878fcee8f4a9a94c592b7d8.jpg","https://banconhomes.com/app/uploads/2025/12/Cairnfield-Queens-Gate-Web.jpg","This is an exterior view of a residential property."
"Kinion Heights","Plot 26 – The Cairnfield","3","https://banconhomes.com/property/plot-26-the-cairnfield/","images/41d69aef145f7c32573758dc752108e4827c3f885ffea89696524a221392bc35.jpg","https://banconhomes.com/app/uploads/2025/11/Kitchen_Lochside-Showhome-11.jpg","The image shows a kitchen interior."
"Kinion Heights","Plot 26 – The Cairnfield","3","https://banconhomes.com/property/plot-26-the-cairnfield/","images/0b54c5bb6e7353c3c0cbab9c4262ec00ba1fa7c05f4d1c3603969da461ad5bf8.jpg","https://banconhomes.com/app/uploads/2025/12/LoRes_Bancon-Homes_Lochside-Showhome-11.24-022-1.jpg","The image shows a furnished bedroom with a bed as the central piece of furniture."
"Kinion Heights","Plot 26 – The Cairnfield","3","https://banconhomes.com/property/plot-26-the-cairnfield/","images/a2096335b3274b4eea926eedede9fdd24a1682afe3bac98148e2928190de7ec7.jpg","https://banconhomes.com/app/uploads/2025/12/Typical-Bancon-Bathroom-Arbeadie-Web.jpg","The image depicts a standard residential bathroom."
"Kinion Heights","Plot 26 – The Cairnfield","3","https://banconhomes.com/property/plot-26-the-cairnfield/","images/f0f2cf42b462de18cd72b2d616ba581bd6123d8324edf095d4a35331bf1c0cf8.jpg","https://banconhomes.com/app/uploads/2025/11/Internal-Finish-DSC00818.jpg","The image shows a residential hallway connecting multiple rooms."
"Kinion Heights","Plot 26 – The Cairnfield","3","https://banconhomes.com/property/plot-26-the-cairnfield/","images/97b4bafb73d2214dd729e7c8897143cec2e43a8950a9201a15b58214bb86e6f9.jpg","https://banconhomes.com/app/uploads/2026/02/HiRes_Bancon-Homes_Lochside-of-Leys_Plot-42-001-scaled.jpg","This is an interior view of a hallway."
"Kinion Heights","Plot 26 – The Cairnfield","3","https://banconhomes.com/property/plot-26-the-cairnfield/","images/e64644c04bcf0765e223c0740414d140c1adb354722fa948c39958b3b8ac0fe5.jpg","https://banconhomes.com/app/uploads/2026/02/HiRes_Bancon-Homes_Lochside-of-Leys_Plot-42-002-scaled.jpg","This is an interior view of a living room."
"Kinion Heights","Plot 26 – The Cairnfield","3","https://banconhomes.com/property/plot-26-the-cairnfield/","images/23a291b12613147775d74eee6a1f404bb56036ebd3b7789b507c971f884d05c3.jpg","https://banconhomes.com/app/uploads/2026/02/HiRes_Bancon-Homes_Lochside-of-Leys_Plot-42-005-scaled.jpg","This is an interior view of a kitchen."
"Kinion Heights","Plot 26 – The Cairnfield","3","https://banconhomes.com/property/plot-26-the-cairnfield/","images/c44623aa9bdeb84404a6c55fd5d73dc3e67315c21e4e16f68e2981c503b4fa80.jpg","https://banconhomes.com/app/uploads/2026/02/HiRes_Bancon-Homes_Lochside-of-Leys_Plot-42-004-scaled.jpg","This is an interior view of a dining room."
"Kinion Heights","Plot 26 – The Cairnfield","3","https://banconhomes.com/property/plot-26-the-cairnfield/","images/6deae548537fffa39b03e94cc1cec1f17bc2cfa75763b0a640e94893d7012735.jpg","https://banconhomes.com/app/uploads/2025/12/PLOT-1-KINION-HEIGHTS-_-247912.jpg","The image shows a furnished bedroom designed for a child."
"Kinion Heights","Plot 26 – The Cairnfield","3","https://banconhomes.com/property/plot-26-the-cairnfield/","images/721bb79bcab1253712ebdaa0f0765b3e04f2ba91d35b6e6fb02f93dc5df3a7f7.jpg","https://banconhomes.com/app/uploads/2026/02/HiRes_Bancon-Homes_Lochside-of-Leys_Plot-42-013-scaled.jpg","This is an interior view of a bathroom."
"Kinion Heights","Plot 26 – The Cairnfield","3","https://banconhomes.com/property/plot-26-the-cairnfield/","images/9fd5a030434526378f0a217732a17371ebe7d0d5b32159a796e148b77718804c.jpg","https://banconhomes.com/app/uploads/2026/02/HiRes_Bancon-Homes_Lochside-of-Leys_Plot-42-018-scaled.jpg","The image shows a functional bathroom space with standard sanitaryware."
"Kinion Heights","Plot 28 – The Argyll","3","https://banconhomes.com/property/plot-28-the-argyll/","images/59a98b003da07e9ef6c7d27f3713f4d97871792dbca8a7dc876e9b65543f2d7c.jpg","https://banconhomes.com/app/uploads/2026/02/OG-ArgyllPlot48-FINAL-copy.jpg","The image depicts the exterior facade of a residential property."
"Kinion Heights","Plot 28 – The Argyll","3","https://banconhomes.com/property/plot-28-the-argyll/","images/41d69aef145f7c32573758dc752108e4827c3f885ffea89696524a221392bc35.jpg","https://banconhomes.com/app/uploads/2025/11/Kitchen_Lochside-Showhome-11.jpg","The image shows a kitchen interior."
"Kinion Heights","Plot 28 – The Argyll","3","https://banconhomes.com/property/plot-28-the-argyll/","images/0b54c5bb6e7353c3c0cbab9c4262ec00ba1fa7c05f4d1c3603969da461ad5bf8.jpg","https://banconhomes.com/app/uploads/2025/12/LoRes_Bancon-Homes_Lochside-Showhome-11.24-022-1.jpg","The image shows a furnished bedroom with a bed as the central piece of furniture."
"Kinion Heights","Plot 28 – The Argyll","3","https://banconhomes.com/property/plot-28-the-argyll/","images/a2096335b3274b4eea926eedede9fdd24a1682afe3bac98148e2928190de7ec7.jpg","https://banconhomes.com/app/uploads/2025/12/Typical-Bancon-Bathroom-Arbeadie-Web.jpg","The image depicts a standard residential bathroom."
"Kinion Heights","Plot 28 – The Argyll","3","https://banconhomes.com/property/plot-28-the-argyll/","images/f0f2cf42b462de18cd72b2d616ba581bd6123d8324edf095d4a35331bf1c0cf8.jpg","https://banconhomes.com/app/uploads/2025/11/Internal-Finish-DSC00818.jpg","The image shows a residential hallway connecting multiple rooms."
"Kinion Heights","Plot 28 – The Argyll","3","https://banconhomes.com/property/plot-28-the-argyll/","images/423b5bf2236097167fd9218761eca0b4c2e97f18ef7520cc74b99f54c61f3e49.jpg","https://banconhomes.com/app/uploads/2026/02/The-Argyll-Dining-and-Kitchen-Area-2-scaled.jpg","The image shows a furnished kitchen and dining space."
"Kinion Heights","Plot 28 – The Argyll","3","https://banconhomes.com/property/plot-28-the-argyll/","images/32adf5e084a060b197d36ab4e56e3f2832fe3d91513ecdd3540c58588c7bab24.jpg","https://banconhomes.com/app/uploads/2026/02/The-Argyll-Living-Room-scaled.jpg","The image shows a furnished living room."
"Kinion Heights","Plot 28 – The Argyll","3","https://banconhomes.com/property/plot-28-the-argyll/","images/6deae548537fffa39b03e94cc1cec1f17bc2cfa75763b0a640e94893d7012735.jpg","https://banconhomes.com/app/uploads/2025/12/PLOT-1-KINION-HEIGHTS-_-247912.jpg","The image shows a furnished bedroom designed for a child."
"Kinion Heights","Plot 28 – The Argyll","3","https://banconhomes.com/property/plot-28-the-argyll/","images/721bb79bcab1253712ebdaa0f0765b3e04f2ba91d35b6e6fb02f93dc5df3a7f7.jpg","https://banconhomes.com/app/uploads/2026/02/HiRes_Bancon-Homes_Lochside-of-Leys_Plot-42-013-scaled.jpg","This is an interior view of a bathroom."
"Kinion Heights","Plot 28 – The Argyll","3","https://banconhomes.com/property/plot-28-the-argyll/","images/9fd5a030434526378f0a217732a17371ebe7d0d5b32159a796e148b77718804c.jpg","https://banconhomes.com/app/uploads/2026/02/HiRes_Bancon-Homes_Lochside-of-Leys_Plot-42-018-scaled.jpg","The image shows a functional bathroom space with standard sanitaryware."
"Kinion Heights","Plot 62 – The Fernilea","3","https://banconhomes.com/property/plot-62-the-fernilea/","images/f64088dd084ba396aaec11353e2148347b5925689c9ffd486099f3de10c08e63.jpg","https://banconhomes.com/app/uploads/2026/09/KinionHeights-P2-TheFernielea-REV01.jpg","The image depicts the exterior facade of a residential property."
"Kinion Heights","Plot 62 – The Fernilea","3","https://banconhomes.com/property/plot-62-the-fernilea/","images/e9339efa4681b92f8595f3473775771cd005dd81a8a54662c41c9d64782de14e.jpg","https://banconhomes.com/app/uploads/2025/11/The-Richmond_Eden-Reserve-21-_5847.jpg","This is a photograph of a kitchen."
"Kinion Heights","Plot 62 – The Fernilea","3","https://banconhomes.com/property/plot-62-the-fernilea/","images/14dafa22bc781d1bc3c35027e8f4f00cf9ed8c4d0e3bea280ec1b13bd90b74e1.jpg","https://banconhomes.com/app/uploads/2025/11/PLOT-1-KINION-HEIGHTS-_-247899.jpg","This is a photograph of a bedroom."
"Kinion Heights","Plot 62 – The Fernilea","3","https://banconhomes.com/property/plot-62-the-fernilea/","images/3bc78c3d39283d612eac7d214627ef2493c6f109367677c93be7bf3ab2671fe5.jpg","https://banconhomes.com/app/uploads/2025/11/The-Richmond_Eden-Reserve-21-_5830.jpg","This is a photograph of a bathroom."
"Kinion Heights","Plot 62 – The Fernilea","3","https://banconhomes.com/property/plot-62-the-fernilea/","images/cb9bf4941f0a5a9c9eeb26cbe54f97164a4973536310b49dbada59df2a433246.jpg","https://banconhomes.com/app/uploads/2026/09/Craigrath-Place-19-Plot-42_24_51725.jpg","This is a photograph of an interior hallway and staircase."
"Kinion Heights","Plot 62 – The Fernilea","3","https://banconhomes.com/property/plot-62-the-fernilea/","images/a21fd2985236be6fcd06c078d11ce0bb573838a7fbe1d5047a896d929002578c.jpg","https://banconhomes.com/app/uploads/2026/09/Richmond-Plot-105_Kitchen-Web.jpg","This is a photograph of a kitchen and dining area."
"Kinion Heights","Plot 62 – The Fernilea","3","https://banconhomes.com/property/plot-62-the-fernilea/","images/480fbde2b888c5d9173633d8e247a63c2fab243b87378936dd3c7ae4337844a6.jpg","https://banconhomes.com/app/uploads/2026/09/P1356581-WEb.jpg","This is a photograph of a living room."
"Kinion Heights","Plot 62 – The Fernilea","3","https://banconhomes.com/property/plot-62-the-fernilea/","images/923974976409e857e0571ed9f4c511516c41271e162f498b8c7a39cc7837a396.jpg","https://banconhomes.com/app/uploads/2026/09/P1356768-Web.jpg","This is a photograph of a bedroom."
"Kinion Heights","Plot 62 – The Fernilea","3","https://banconhomes.com/property/plot-62-the-fernilea/","images/0ba8ab1f89a8a0ca9d186b32beda8f0bab8cfd16195ff5a44906f9fa5f61f527.jpg","https://banconhomes.com/app/uploads/2026/09/Craigrath-Place-19-Plot-42_Use-for-Thistle-Web.jpg","This is a photograph of a bathroom."
"Kinion Heights","Plot 62 – The Fernilea","3","https://banconhomes.com/property/plot-62-the-fernilea/","images/515ad5edf47b7dcfb70c9883ee6c2d3d5258f21415125e2e86c9ff7b02adfa9e.jpg","https://banconhomes.com/app/uploads/2026/09/P1356735-Web.jpg","This is a photograph of a bedroom interior."
"Kinion Heights","Plot 30 – The Rowan","4","https://banconhomes.com/property/plot-30-the-rowan/","images/e453b6c97f5e66b486baca91c1df178b110197fc13f17e474bd11ce2d2c14e60.jpg","https://banconhomes.com/app/uploads/2025/12/KinionHeights-P2-TheRowan-REV01-CMYK.jpg","This is a promotional exterior rendering of a property."
"Kinion Heights","Plot 30 – The Rowan","4","https://banconhomes.com/property/plot-30-the-rowan/","images/067a295d537d8cfe2ba2b33eb77f5f64231859967d8187dac93e93931e7ea495.jpg","https://banconhomes.com/app/uploads/2026/02/Birch-Visual-Kitchen-Web.jpg","This is a photograph of a real kitchen interior."
"Kinion Heights","Plot 30 – The Rowan","4","https://banconhomes.com/property/plot-30-the-rowan/","images/99fd0bd6ffb8d69a555b8b34ca31c448ae66aeebcf3579c2b22b0c5994d1974d.jpg","https://banconhomes.com/app/uploads/2025/12/DSC00950.jpg","This is a photograph of a furnished bedroom."
"Kinion Heights","Plot 30 – The Rowan","4","https://banconhomes.com/property/plot-30-the-rowan/","images/fd76cf877482b3249d54631f5a9ec28f3f0c85dd4d3a3519be9169ba1d0ad208.jpg","https://banconhomes.com/app/uploads/2025/12/DSC00971.jpg","This is a photograph of a bathroom."
"Kinion Heights","Plot 30 – The Rowan","4","https://banconhomes.com/property/plot-30-the-rowan/","images/349665d9da8b27d5a4e28c2ff0c3da6004aa58f5da8a7fc43751e3361e231bbf.jpg","https://banconhomes.com/app/uploads/2025/12/DSC00917.jpg","This is a photograph of a residential hallway."
"Kinion Heights","Plot 30 – The Rowan","4","https://banconhomes.com/property/plot-30-the-rowan/","images/616370b7dcd8272c3e8becfca5fb31eac25874a62d57e4337415f20c09ccc9f5.jpg","https://banconhomes.com/app/uploads/2026/02/DSC00791-Rev.jpg","The image shows a living room interior."
"Kinion Heights","Plot 30 – The Rowan","4","https://banconhomes.com/property/plot-30-the-rowan/","images/30423caf0ed2ee264ba5eb703aa2dfe544697411a398f1d838746536203a3fb5.jpg","https://banconhomes.com/app/uploads/2025/12/DSC00656.jpg","This is a detail shot of interior decor within a living space."
"Kinion Heights","Plot 40 – The Larch","4","https://banconhomes.com/property/plot-40-the-larch/","images/34dfa225dafc0e6befa80f86cb9a722c42ced0deca1aa96c3767eff6c46f1778.jpg","https://banconhomes.com/app/uploads/2025/12/OG-LarchPlot39-FINAL.jpg","This is an architectural visualization of a property exterior."
"Kinion Heights","Plot 40 – The Larch","4","https://banconhomes.com/property/plot-40-the-larch/","images/ab8d0205c31a6301f9aa139ce7b4113b414ec10a71fbb5d357918c47a1c86094.jpg","https://banconhomes.com/app/uploads/2026/02/Gallery-Kitchen-and-Dining-Area-Web.jpg","This is a photograph of a real kitchen and dining area."
"Kinion Heights","Plot 40 – The Larch","4","https://banconhomes.com/property/plot-40-the-larch/","images/83d843bfc6b01f6b942acc0dc5bc844d74d1349efd2f840df7cb8683e6c4962b.jpg","https://banconhomes.com/app/uploads/2025/12/Larch-Show-Home-0113.jpg","The image shows a furnished bedroom with a bed and a desk."
"Kinion Heights","Plot 40 – The Larch","4","https://banconhomes.com/property/plot-40-the-larch/","images/9d078013ec2e97c83d42f87f90157c4877e8533c6c2e1134631ba4518991b5ba.jpg","https://banconhomes.com/app/uploads/2025/12/Larch-Show-Home-0095-2.jpg","The image shows a functional bathroom."
"Kinion Heights","Plot 40 – The Larch","4","https://banconhomes.com/property/plot-40-the-larch/","images/d9d873ebc9bc67f5123f1428dbd5318b8f104239564778092c814f5c1bc11b92.jpg","https://banconhomes.com/app/uploads/2025/12/Larch-Show-Home-0027.jpg","The image shows the entrance hallway of a property."
"Kinion Heights","Plot 40 – The Larch","4","https://banconhomes.com/property/plot-40-the-larch/","images/3aa32d23e5e24293fdbd6ddb9a5ecb3df9bb9769c8f1b418e843524feebb1763.jpg","https://banconhomes.com/app/uploads/2025/12/Larch-Show-Home-0099.jpg","The image shows a furnished bedroom."
"Kinion Heights","Plot 40 – The Larch","4","https://banconhomes.com/property/plot-40-the-larch/","images/ae962080191940a64df4803cee219384d6ff9fd18aa8d28e3a2ee2c669c5f93d.jpg","https://banconhomes.com/app/uploads/2025/12/Larch-Show-Home-0080.jpg","This is a photograph of a furnished bedroom."
"Kinion Heights","Plot 40 – The Larch","4","https://banconhomes.com/property/plot-40-the-larch/","images/ebb1d6bb57709d866f7cd863a33d75fc457606e5ef3f0bf73d1829cb663c3525.jpg","https://banconhomes.com/app/uploads/2025/12/Larch-Show-Home-0032.jpg","The image shows a furnished living room space."
"Kinion Heights","Plot 40 – The Larch","4","https://banconhomes.com/property/plot-40-the-larch/","images/6b53a40a899431458f2985af38a9217c9736ec0e3df538fb9e0fb26570019147.jpg","https://banconhomes.com/app/uploads/2025/12/Larch-Show-Home-0025.jpg","This is a photograph of an interior hallway."
"Kinion Heights","Plot 42 – The Rosehill","4","https://banconhomes.com/property/plot-42-the-rosehill/","images/c14d4f2eea02ba8a6b570be582ad020b78c2a1700e8a45ddd4f0d46e2104cec3.jpg","https://banconhomes.com/app/uploads/2025/12/OG-RosehillPlot43-FINAL.jpg","This is an exterior view of a residential property."
"Kinion Heights","Plot 42 – The Rosehill","4","https://banconhomes.com/property/plot-42-the-rosehill/","images/41d69aef145f7c32573758dc752108e4827c3f885ffea89696524a221392bc35.jpg","https://banconhomes.com/app/uploads/2025/11/Kitchen_Lochside-Showhome-11.jpg","The image shows a kitchen interior."
"Kinion Heights","Plot 42 – The Rosehill","4","https://banconhomes.com/property/plot-42-the-rosehill/","images/0b54c5bb6e7353c3c0cbab9c4262ec00ba1fa7c05f4d1c3603969da461ad5bf8.jpg","https://banconhomes.com/app/uploads/2025/12/LoRes_Bancon-Homes_Lochside-Showhome-11.24-022-1.jpg","The image shows a furnished bedroom with a bed as the central piece of furniture."
"Kinion Heights","Plot 42 – The Rosehill","4","https://banconhomes.com/property/plot-42-the-rosehill/","images/d3091610169c54fdc55a3a60aca07361af967d637be97f13b060638d432af680.jpg","https://banconhomes.com/app/uploads/2025/12/LoRes_Bancon-Homes_Lochside-Showhome-11.24-018.jpg","This is a photograph of a bathroom."
"Kinion Heights","Plot 42 – The Rosehill","4","https://banconhomes.com/property/plot-42-the-rosehill/","images/52465e9eb560cee1f803ea6f8fe5385a347b752472a3b27d4d0ad54c4ca2667f.jpg","https://banconhomes.com/app/uploads/2025/12/LORES_1.jpg","This is a photograph of an interior hallway."
"Kinion Heights","Plot 42 – The Rosehill","4","https://banconhomes.com/property/plot-42-the-rosehill/","images/808d665a48206fa0b020ff645b5177d84d87842b63c7b9fe5b3bcc43aa00b0de.jpg","https://banconhomes.com/app/uploads/2025/12/LO4A541.jpg","This is a photograph of a living room."
"Kinion Heights","Plot 42 – The Rosehill","4","https://banconhomes.com/property/plot-42-the-rosehill/","images/e93c090417fc91fa989394eb88f10fbecd2aaa8e9ff58c8b278113d1d5f0f4c4.jpg","https://banconhomes.com/app/uploads/2025/12/LOAFEB1.jpg","This is a photograph of a living room."
"Kinion Heights","Plot 42 – The Rosehill","4","https://banconhomes.com/property/plot-42-the-rosehill/","images/9747ba53af6f431b5bbe8966ab22771aeef6908b854ab4f6790784d17cc06c25.jpg","https://banconhomes.com/app/uploads/2025/12/LoRes_Bancon-Homes_Lochside-Showhome-11.24-007.jpg","This is a photograph of a kitchen."
"Kinion Heights","Plot 42 – The Rosehill","4","https://banconhomes.com/property/plot-42-the-rosehill/","images/ff151ceaa7546e03f80a011539e672d8c2fad7f032e44ade93874beffae354a0.jpg","https://banconhomes.com/app/uploads/2025/12/LoRes_Bancon-Homes_Lochside-Showhome-11.24-008.jpg","This is a photograph of a dining room area within a residential property."
"Kinion Heights","Plot 42 – The Rosehill","4","https://banconhomes.com/property/plot-42-the-rosehill/","images/93986940a5db2b63ac124ec56334b10baaf6707421a4bd6d937853d4fa86baef.jpg","https://banconhomes.com/app/uploads/2025/12/LoRes_Bancon-Homes_Lochside-Showhome-11.24-010.jpg","This is a photograph of a living room or lounge area."
"Kinion Heights","Plot 42 – The Rosehill","4","https://banconhomes.com/property/plot-42-the-rosehill/","images/793f14987e7d1dd1b1136f4a7fd4f289898eb1c6c5a25f4b0fb2420376ca737f.jpg","https://banconhomes.com/app/uploads/2025/12/LoRes_Bancon-Homes_Lochside-Showhome-11.24-011.jpg","This is a photograph showing an open-plan living and dining space."
"Kinion Heights","Plot 42 – The Rosehill","4","https://banconhomes.com/property/plot-42-the-rosehill/","images/dfeaed056a5b2edfb6a5cf931dbc3ce9368401b608f764a568064458e3aa3b9f.jpg","https://banconhomes.com/app/uploads/2025/12/LoRes_Bancon-Homes_Lochside-Showhome-11.24-013.jpg","This is a photograph of a kitchen and dining area."
"Kinion Heights","Plot 42 – The Rosehill","4","https://banconhomes.com/property/plot-42-the-rosehill/","images/9152e6bcfbab52cc13973289f273503e9ef3b1b0038546c121b14a4b23031916.jpg","https://banconhomes.com/app/uploads/2025/12/LoRes_Bancon-Homes_Lochside-Showhome-11.24-017.jpg","This is a photograph of a bathroom."
"Kinion Heights","Plot 44 – The Raeburn","4","https://banconhomes.com/property/plot-44-the-raeburn/","images/09bf307153ab8d4e7610131160b68be4c809bc544b656ada661154c0ad7f69e5.jpg","https://banconhomes.com/app/uploads/2026/09/KinionHeights_P2-TheRaeburn-REV01-CMYK.jpg","This is a promotional exterior rendering of a house."
"Kinion Heights","Plot 44 – The Raeburn","4","https://banconhomes.com/property/plot-44-the-raeburn/","images/2314c9fd8879dbf4ece89243f2e125789f5c4ec03454415464f6f032200c4dff.jpg","https://banconhomes.com/app/uploads/2026/09/PLOT-1-KINION-HEIGHTS-_-247888.jpg","This is a photograph of a kitchen and dining area."
"Kinion Heights","Plot 44 – The Raeburn","4","https://banconhomes.com/property/plot-44-the-raeburn/","images/6bf4d28e0c3d2466bf89d92a99885570cf93c63816875a8860ea2aa65465350c.jpg","https://banconhomes.com/app/uploads/2026/02/Bedroom-PLOT-1-KINION-HEIGHTS-247898.jpg","This is a photograph of a real bedroom interior."
"Kinion Heights","Plot 44 – The Raeburn","4","https://banconhomes.com/property/plot-44-the-raeburn/","images/4ac3f805e9ab9a0067b44d6924e6913502f6e426f655e2fe8018d3f1262e4214.jpg","https://banconhomes.com/app/uploads/2026/02/Bathroom-PLOT-1-KINION-HEIGHTS-247915.jpg","This is a photograph of a real bathroom interior."
"Kinion Heights","Plot 44 – The Raeburn","4","https://banconhomes.com/property/plot-44-the-raeburn/","images/dd21f83c178f38cc9ab97ba32a7f76ecdf3a1b5e2f93e8316883f7477873825a.jpg","https://banconhomes.com/app/uploads/2026/09/PLOT-1-KINION-HEIGHTS-_-247895.jpg","This is a photograph of a residential hallway and landing."
"Kinion Heights","Plot 44 – The Raeburn","4","https://banconhomes.com/property/plot-44-the-raeburn/","images/5458365dcf415a96c65973a2fd9f7ced339f50a1d44ab40a9d2469bba4b181d1.jpg","https://banconhomes.com/app/uploads/2026/09/PLOT-1-KINION-HEIGHTS-_-247891.jpg","This is a photograph of a living room space."
"Kinion Heights","Plot 44 – The Raeburn","4","https://banconhomes.com/property/plot-44-the-raeburn/","images/de8dc6c59f8f6e2bde0c78e64db574ae670d863b58953dd26849fe1418592089.jpg","https://banconhomes.com/app/uploads/2026/09/PLOT-1-KINION-HEIGHTS-_-247892.jpg","This is a photograph taken from a desk area looking into the kitchen."
"Kinion Heights","Plot 44 – The Raeburn","4","https://banconhomes.com/property/plot-44-the-raeburn/","images/a55b9f899893309f95ec5fb40fc7fd973702a24f2be2101b25e36a59aeaacc48.jpg","https://banconhomes.com/app/uploads/2026/02/Internal-Finish-PLOT-1-KINION-HEIGHTS-247896.jpg","This is a photograph of a real hallway/landing area."
"Kinion Heights","Plot 44 – The Raeburn","4","https://banconhomes.com/property/plot-44-the-raeburn/","images/d4873bff90422edb9b82d924a1f4d4a3ba3bde25bbfb09bcb428790c5282c8d2.jpg","https://banconhomes.com/app/uploads/2026/02/PLOT-1-KINION-HEIGHTS-_-247920.jpg","This is a photograph of a real bedroom interior."
"Kinion Heights","Plot 44 – The Raeburn","4","https://banconhomes.com/property/plot-44-the-raeburn/","images/734894e9e5afefeca5bf77e4564f0c3aa0d9ec4d9964343d1143b52536bfbc52.jpg","https://banconhomes.com/app/uploads/2026/09/PLOT-1-KINION-HEIGHTS-_-247907.jpg","This is a photograph of a bathroom."
"Kinion Heights","Plot 44 – The Raeburn","4","https://banconhomes.com/property/plot-44-the-raeburn/","images/76d416818b1ef9bb9600dc78d0f48a6f3d08db567142a2549bd9c951e961843b.jpg","https://banconhomes.com/app/uploads/2026/09/PLOT-1-KINION-HEIGHTS-_-247924.jpg","This is a photograph of a bedroom."
"Kinion Heights","Plot 44 – The Raeburn","4","https://banconhomes.com/property/plot-44-the-raeburn/","images/75b90ade74094ebac07a0f3a6012f2ba74a1f9cd864cf45cf514f50901a2287c.jpg","https://banconhomes.com/app/uploads/2026/09/PLOT-1-KINION-HEIGHTS-_-247916.jpg","This is a photograph of a bathroom."
"Kinion Heights","Plot 44 – The Raeburn","4","https://banconhomes.com/property/plot-44-the-raeburn/","images/ebb1d6bb57709d866f7cd863a33d75fc457606e5ef3f0bf73d1829cb663c3525.jpg","https://banconhomes.com/app/uploads/2025/12/Larch-Show-Home-0032.jpg","The image shows a furnished living room space."
"Kinion Heights","Plot 38 – The Louisville","4","https://banconhomes.com/property/plot-38-the-louisville/","images/a5c9e1edc118f901461e8a5cb2aaf23ed464146a7938d0bd6e4a89bd3ef8c13a.jpg","https://banconhomes.com/app/uploads/2025/12/OG-LouisvillePlot37-FINAL.jpg","This is a promotional exterior rendering of a property."
"Kinion Heights","Plot 38 – The Louisville","4","https://banconhomes.com/property/plot-38-the-louisville/","images/36b9df4fa897a3389bbaaafbb68c1a89c8d009ac8883336166681450dfee6f7c.jpg","https://banconhomes.com/app/uploads/2025/12/Lochside-of-Leys_Bancon-19-DSCF8453.jpg","The image shows a kitchen area with cabinetry and appliances."
"Kinion Heights","Plot 38 – The Louisville","4","https://banconhomes.com/property/plot-38-the-louisville/","images/98b5b9b2d0d7c692ea5f38a67a15968cd31277b25641950a50e36a214db4a96f.jpg","https://banconhomes.com/app/uploads/2025/11/Lochside-of-Leys-Knockburn-Show-Home.jpg","The image shows a bedroom with a bed and bedroom furniture."
"Kinion Heights","Plot 38 – The Louisville","4","https://banconhomes.com/property/plot-38-the-louisville/","images/56fc6ada25455212ffcc898632cc5f0fff8e0da3acac9ca42a0f37cbf64a2e07.jpg","https://banconhomes.com/app/uploads/2025/12/LoRes_Bancon-Homes_Lochside-of-Leys_Plot-42-017.jpg","The image shows a bathroom with standard sanitary fixtures."
"Kinion Heights","Plot 38 – The Louisville","4","https://banconhomes.com/property/plot-38-the-louisville/","images/c0cb54f26c9ed360b19048403b6a75dd2bd6cba190f784f9fec6ede6de7f3556.jpg","https://banconhomes.com/app/uploads/2025/11/Lochside-of-Leys_Bancon-19-DSCF8389.jpg","The image shows a hallway space looking into a bedroom."
"Kinion Heights","Plot 38 – The Louisville","4","https://banconhomes.com/property/plot-38-the-louisville/","images/0b54c5bb6e7353c3c0cbab9c4262ec00ba1fa7c05f4d1c3603969da461ad5bf8.jpg","https://banconhomes.com/app/uploads/2025/12/LoRes_Bancon-Homes_Lochside-Showhome-11.24-022-1.jpg","The image shows a furnished bedroom with a bed as the central piece of furniture."
"Kinion Heights","Plot 38 – The Louisville","4","https://banconhomes.com/property/plot-38-the-louisville/","images/c0eaac628526e496283030a292ca75e328ddc7417947e4faefefba706bc7ac41.jpg","https://banconhomes.com/app/uploads/2026/05/Lochside-of-Leys-Konckburn-Show-Home-.jpg","The image shows a living room with seating and decorative furniture."
"Kinion Heights","Plot 38 – The Louisville","4","https://banconhomes.com/property/plot-38-the-louisville/","images/606639a5bdf270ac963430fe5e657780260076d4e4ec99e57058ca0cfa0a48c2.jpg","https://banconhomes.com/app/uploads/2026/05/Louisville-En-Suite-Bathroom-Copy.jpg","The image shows a functional bathroom with standard sanitary fixtures including a toilet, sink, and shower."
"Kinion Heights","More Information","3","https://banconhomes.com/property/plot-49-the-richmond/","images/f5a9e329fe7eef103a20d2f4063d06d2fbcd08e4cd437abf9071ff2e7e3f886f.jpg","https://banconhomes.com/app/uploads/2025/12/OG-RichmondPlot24-FINAL.jpg","This is a real-world exterior view of a property."
"Kinion Heights","More Information","3","https://banconhomes.com/property/plot-49-the-richmond/","images/e9339efa4681b92f8595f3473775771cd005dd81a8a54662c41c9d64782de14e.jpg","https://banconhomes.com/app/uploads/2025/11/The-Richmond_Eden-Reserve-21-_5847.jpg","This is a photograph of a kitchen."
"Kinion Heights","More Information","3","https://banconhomes.com/property/plot-49-the-richmond/","images/14dafa22bc781d1bc3c35027e8f4f00cf9ed8c4d0e3bea280ec1b13bd90b74e1.jpg","https://banconhomes.com/app/uploads/2025/11/PLOT-1-KINION-HEIGHTS-_-247899.jpg","This is a photograph of a bedroom."
"Kinion Heights","More Information","3","https://banconhomes.com/property/plot-49-the-richmond/","images/3bc78c3d39283d612eac7d214627ef2493c6f109367677c93be7bf3ab2671fe5.jpg","https://banconhomes.com/app/uploads/2025/11/The-Richmond_Eden-Reserve-21-_5830.jpg","This is a photograph of a bathroom."
"Kinion Heights","More Information","3","https://banconhomes.com/property/plot-49-the-richmond/","images/88a2c81456f5f184ebee534afdcc1f89919feb167b8d0783c12f6e8f20040b8f.jpg","https://banconhomes.com/app/uploads/2025/11/The-Richmond_Eden-Reserve-21-_5817.jpg","This is a photograph of a bathroom."
"Kinion Heights","More Information","3","https://banconhomes.com/property/plot-49-the-richmond/","images/a9bf5dd7d0b3ddd313bcf3cab2ea8ec2dff65634a4238f4865c1d42caa96156e.jpg","https://banconhomes.com/app/uploads/2025/11/The-Richmond_Eden-Reserve-21-_5822.jpg","This is a photograph of a furnished bedroom."
"Kinion Heights","More Information","3","https://banconhomes.com/property/plot-49-the-richmond/","images/ec724666a05ab9f2bf1f46c122790cbd08f25cd99ef6e0e2dcb159e59abdbff5.jpg","https://banconhomes.com/app/uploads/2025/11/The-Richmond_Eden-Reserve-21-_5825.jpg","This is a photograph of a furnished bedroom."
"Kinion Heights","More Information","3","https://banconhomes.com/property/plot-49-the-richmond/","images/cc39b986c9050e0f47b6c424b4699e1da5509b29b84e850185e09661ebce428a.jpg","https://banconhomes.com/app/uploads/2025/11/The-Richmond_Eden-Reserve-21-_5840.jpg","This is a photograph of a furnished living room."
"Kinion Heights","More Information","3","https://banconhomes.com/property/plot-49-the-richmond/","images/a25f3bf5c98887783776549495c393b5c4b185435eba43a0c6de8c9fd6d13715.jpg","https://banconhomes.com/app/uploads/2025/11/The-Richmond_Eden-Reserve-21-_5849.jpg","This is a photograph of a functional kitchen and dining space within a property."
"Kinion Heights","Plot 37 – The Argyll","3","https://banconhomes.com/property/plot-37-the-argyll/","images/59a98b003da07e9ef6c7d27f3713f4d97871792dbca8a7dc876e9b65543f2d7c.jpg","https://banconhomes.com/app/uploads/2026/02/OG-ArgyllPlot48-FINAL-copy.jpg","The image depicts the exterior facade of a residential property."
"Kinion Heights","Plot 37 – The Argyll","3","https://banconhomes.com/property/plot-37-the-argyll/","images/41d69aef145f7c32573758dc752108e4827c3f885ffea89696524a221392bc35.jpg","https://banconhomes.com/app/uploads/2025/11/Kitchen_Lochside-Showhome-11.jpg","The image shows a kitchen interior."
"Kinion Heights","Plot 37 – The Argyll","3","https://banconhomes.com/property/plot-37-the-argyll/","images/0b54c5bb6e7353c3c0cbab9c4262ec00ba1fa7c05f4d1c3603969da461ad5bf8.jpg","https://banconhomes.com/app/uploads/2025/12/LoRes_Bancon-Homes_Lochside-Showhome-11.24-022-1.jpg","The image shows a furnished bedroom with a bed as the central piece of furniture."
"Kinion Heights","Plot 37 – The Argyll","3","https://banconhomes.com/property/plot-37-the-argyll/","images/a2096335b3274b4eea926eedede9fdd24a1682afe3bac98148e2928190de7ec7.jpg","https://banconhomes.com/app/uploads/2025/12/Typical-Bancon-Bathroom-Arbeadie-Web.jpg","The image depicts a standard residential bathroom."
"Kinion Heights","Plot 37 – The Argyll","3","https://banconhomes.com/property/plot-37-the-argyll/","images/f0f2cf42b462de18cd72b2d616ba581bd6123d8324edf095d4a35331bf1c0cf8.jpg","https://banconhomes.com/app/uploads/2025/11/Internal-Finish-DSC00818.jpg","The image shows a residential hallway connecting multiple rooms."
"Kinion Heights","Plot 37 – The Argyll","3","https://banconhomes.com/property/plot-37-the-argyll/","images/423b5bf2236097167fd9218761eca0b4c2e97f18ef7520cc74b99f54c61f3e49.jpg","https://banconhomes.com/app/uploads/2026/02/The-Argyll-Dining-and-Kitchen-Area-2-scaled.jpg","The image shows a furnished kitchen and dining space."
"Kinion Heights","Plot 37 – The Argyll","3","https://banconhomes.com/property/plot-37-the-argyll/","images/32adf5e084a060b197d36ab4e56e3f2832fe3d91513ecdd3540c58588c7bab24.jpg","https://banconhomes.com/app/uploads/2026/02/The-Argyll-Living-Room-scaled.jpg","The image shows a furnished living room."
"Kinion Heights","Plot 37 – The Argyll","3","https://banconhomes.com/property/plot-37-the-argyll/","images/6deae548537fffa39b03e94cc1cec1f17bc2cfa75763b0a640e94893d7012735.jpg","https://banconhomes.com/app/uploads/2025/12/PLOT-1-KINION-HEIGHTS-_-247912.jpg","The image shows a furnished bedroom designed for a child."
"Kinion Heights","Plot 37 – The Argyll","3","https://banconhomes.com/property/plot-37-the-argyll/","images/721bb79bcab1253712ebdaa0f0765b3e04f2ba91d35b6e6fb02f93dc5df3a7f7.jpg","https://banconhomes.com/app/uploads/2026/02/HiRes_Bancon-Homes_Lochside-of-Leys_Plot-42-013-scaled.jpg","This is an interior view of a bathroom."
"Kinion Heights","Plot 37 – The Argyll","3","https://banconhomes.com/property/plot-37-the-argyll/","images/9fd5a030434526378f0a217732a17371ebe7d0d5b32159a796e148b77718804c.jpg","https://banconhomes.com/app/uploads/2026/02/HiRes_Bancon-Homes_Lochside-of-Leys_Plot-42-018-scaled.jpg","The image shows a functional bathroom space with standard sanitaryware."
"Kinion Heights","Plot 27 – The Cairnfield","3","https://banconhomes.com/property/plot-27-the-cairnfield/","images/c590ff5d838341655e5ab22b313a64b5710b1af7c878fcee8f4a9a94c592b7d8.jpg","https://banconhomes.com/app/uploads/2025/12/Cairnfield-Queens-Gate-Web.jpg","This is an exterior view of a residential property."
"Kinion Heights","Plot 27 – The Cairnfield","3","https://banconhomes.com/property/plot-27-the-cairnfield/","images/41d69aef145f7c32573758dc752108e4827c3f885ffea89696524a221392bc35.jpg","https://banconhomes.com/app/uploads/2025/11/Kitchen_Lochside-Showhome-11.jpg","The image shows a kitchen interior."
"Kinion Heights","Plot 27 – The Cairnfield","3","https://banconhomes.com/property/plot-27-the-cairnfield/","images/0b54c5bb6e7353c3c0cbab9c4262ec00ba1fa7c05f4d1c3603969da461ad5bf8.jpg","https://banconhomes.com/app/uploads/2025/12/LoRes_Bancon-Homes_Lochside-Showhome-11.24-022-1.jpg","The image shows a furnished bedroom with a bed as the central piece of furniture."
"Kinion Heights","Plot 27 – The Cairnfield","3","https://banconhomes.com/property/plot-27-the-cairnfield/","images/a2096335b3274b4eea926eedede9fdd24a1682afe3bac98148e2928190de7ec7.jpg","https://banconhomes.com/app/uploads/2025/12/Typical-Bancon-Bathroom-Arbeadie-Web.jpg","The image depicts a standard residential bathroom."
"Kinion Heights","Plot 27 – The Cairnfield","3","https://banconhomes.com/property/plot-27-the-cairnfield/","images/f0f2cf42b462de18cd72b2d616ba581bd6123d8324edf095d4a35331bf1c0cf8.jpg","https://banconhomes.com/app/uploads/2025/11/Internal-Finish-DSC00818.jpg","The image shows a residential hallway connecting multiple rooms."
"Kinion Heights","Plot 27 – The Cairnfield","3","https://banconhomes.com/property/plot-27-the-cairnfield/","images/97b4bafb73d2214dd729e7c8897143cec2e43a8950a9201a15b58214bb86e6f9.jpg","https://banconhomes.com/app/uploads/2026/02/HiRes_Bancon-Homes_Lochside-of-Leys_Plot-42-001-scaled.jpg","This is an interior view of a hallway."
"Kinion Heights","Plot 27 – The Cairnfield","3","https://banconhomes.com/property/plot-27-the-cairnfield/","images/e64644c04bcf0765e223c0740414d140c1adb354722fa948c39958b3b8ac0fe5.jpg","https://banconhomes.com/app/uploads/2026/02/HiRes_Bancon-Homes_Lochside-of-Leys_Plot-42-002-scaled.jpg","This is an interior view of a living room."
"Kinion Heights","Plot 27 – The Cairnfield","3","https://banconhomes.com/property/plot-27-the-cairnfield/","images/23a291b12613147775d74eee6a1f404bb56036ebd3b7789b507c971f884d05c3.jpg","https://banconhomes.com/app/uploads/2026/02/HiRes_Bancon-Homes_Lochside-of-Leys_Plot-42-005-scaled.jpg","This is an interior view of a kitchen."
"Kinion Heights","Plot 27 – The Cairnfield","3","https://banconhomes.com/property/plot-27-the-cairnfield/","images/c44623aa9bdeb84404a6c55fd5d73dc3e67315c21e4e16f68e2981c503b4fa80.jpg","https://banconhomes.com/app/uploads/2026/02/HiRes_Bancon-Homes_Lochside-of-Leys_Plot-42-004-scaled.jpg","This is an interior view of a dining room."
"Kinion Heights","Plot 27 – The Cairnfield","3","https://banconhomes.com/property/plot-27-the-cairnfield/","images/6deae548537fffa39b03e94cc1cec1f17bc2cfa75763b0a640e94893d7012735.jpg","https://banconhomes.com/app/uploads/2025/12/PLOT-1-KINION-HEIGHTS-_-247912.jpg","The image shows a furnished bedroom designed for a child."
"Kinion Heights","Plot 27 – The Cairnfield","3","https://banconhomes.com/property/plot-27-the-cairnfield/","images/721bb79bcab1253712ebdaa0f0765b3e04f2ba91d35b6e6fb02f93dc5df3a7f7.jpg","https://banconhomes.com/app/uploads/2026/02/HiRes_Bancon-Homes_Lochside-of-Leys_Plot-42-013-scaled.jpg","This is an interior view of a bathroom."
"Kinion Heights","Plot 27 – The Cairnfield","3","https://banconhomes.com/property/plot-27-the-cairnfield/","images/9fd5a030434526378f0a217732a17371ebe7d0d5b32159a796e148b77718804c.jpg","https://banconhomes.com/app/uploads/2026/02/HiRes_Bancon-Homes_Lochside-of-Leys_Plot-42-018-scaled.jpg","The image shows a functional bathroom space with standard sanitaryware."
"Kinion Heights","Plot 29 – The Cairnfield","3","https://banconhomes.com/property/plot-29-the-cairnfield/","images/c590ff5d838341655e5ab22b313a64b5710b1af7c878fcee8f4a9a94c592b7d8.jpg","https://banconhomes.com/app/uploads/2025/12/Cairnfield-Queens-Gate-Web.jpg","This is an exterior view of a residential property."
"Kinion Heights","Plot 29 – The Cairnfield","3","https://banconhomes.com/property/plot-29-the-cairnfield/","images/41d69aef145f7c32573758dc752108e4827c3f885ffea89696524a221392bc35.jpg","https://banconhomes.com/app/uploads/2025/11/Kitchen_Lochside-Showhome-11.jpg","The image shows a kitchen interior."
"Kinion Heights","Plot 29 – The Cairnfield","3","https://banconhomes.com/property/plot-29-the-cairnfield/","images/0b54c5bb6e7353c3c0cbab9c4262ec00ba1fa7c05f4d1c3603969da461ad5bf8.jpg","https://banconhomes.com/app/uploads/2025/12/LoRes_Bancon-Homes_Lochside-Showhome-11.24-022-1.jpg","The image shows a furnished bedroom with a bed as the central piece of furniture."
"Kinion Heights","Plot 29 – The Cairnfield","3","https://banconhomes.com/property/plot-29-the-cairnfield/","images/a2096335b3274b4eea926eedede9fdd24a1682afe3bac98148e2928190de7ec7.jpg","https://banconhomes.com/app/uploads/2025/12/Typical-Bancon-Bathroom-Arbeadie-Web.jpg","The image depicts a standard residential bathroom."
"Kinion Heights","Plot 29 – The Cairnfield","3","https://banconhomes.com/property/plot-29-the-cairnfield/","images/f0f2cf42b462de18cd72b2d616ba581bd6123d8324edf095d4a35331bf1c0cf8.jpg","https://banconhomes.com/app/uploads/2025/11/Internal-Finish-DSC00818.jpg","The image shows a residential hallway connecting multiple rooms."
"Kinion Heights","Plot 29 – The Cairnfield","3","https://banconhomes.com/property/plot-29-the-cairnfield/","images/97b4bafb73d2214dd729e7c8897143cec2e43a8950a9201a15b58214bb86e6f9.jpg","https://banconhomes.com/app/uploads/2026/02/HiRes_Bancon-Homes_Lochside-of-Leys_Plot-42-001-scaled.jpg","This is an interior view of a hallway."
"Kinion Heights","Plot 29 – The Cairnfield","3","https://banconhomes.com/property/plot-29-the-cairnfield/","images/e64644c04bcf0765e223c0740414d140c1adb354722fa948c39958b3b8ac0fe5.jpg","https://banconhomes.com/app/uploads/2026/02/HiRes_Bancon-Homes_Lochside-of-Leys_Plot-42-002-scaled.jpg","This is an interior view of a living room."
"Kinion Heights","Plot 29 – The Cairnfield","3","https://banconhomes.com/property/plot-29-the-cairnfield/","images/23a291b12613147775d74eee6a1f404bb56036ebd3b7789b507c971f884d05c3.jpg","https://banconhomes.com/app/uploads/2026/02/HiRes_Bancon-Homes_Lochside-of-Leys_Plot-42-005-scaled.jpg","This is an interior view of a kitchen."
"Kinion Heights","Plot 29 – The Cairnfield","3","https://banconhomes.com/property/plot-29-the-cairnfield/","images/c44623aa9bdeb84404a6c55fd5d73dc3e67315c21e4e16f68e2981c503b4fa80.jpg","https://banconhomes.com/app/uploads/2026/02/HiRes_Bancon-Homes_Lochside-of-Leys_Plot-42-004-scaled.jpg","This is an interior view of a dining room."
"Kinion Heights","Plot 29 – The Cairnfield","3","https://banconhomes.com/property/plot-29-the-cairnfield/","images/6deae548537fffa39b03e94cc1cec1f17bc2cfa75763b0a640e94893d7012735.jpg","https://banconhomes.com/app/uploads/2025/12/PLOT-1-KINION-HEIGHTS-_-247912.jpg","The image shows a furnished bedroom designed for a child."
"Kinion Heights","Plot 29 – The Cairnfield","3","https://banconhomes.com/property/plot-29-the-cairnfield/","images/721bb79bcab1253712ebdaa0f0765b3e04f2ba91d35b6e6fb02f93dc5df3a7f7.jpg","https://banconhomes.com/app/uploads/2026/02/HiRes_Bancon-Homes_Lochside-of-Leys_Plot-42-013-scaled.jpg","This is an interior view of a bathroom."
"Kinion Heights","Plot 29 – The Cairnfield","3","https://banconhomes.com/property/plot-29-the-cairnfield/","images/9fd5a030434526378f0a217732a17371ebe7d0d5b32159a796e148b77718804c.jpg","https://banconhomes.com/app/uploads/2026/02/HiRes_Bancon-Homes_Lochside-of-Leys_Plot-42-018-scaled.jpg","The image shows a functional bathroom space with standard sanitaryware."
"Kinion Heights","Plot 39 – The Louisville","4","https://banconhomes.com/property/plot-39-the-louisville/","images/a5c9e1edc118f901461e8a5cb2aaf23ed464146a7938d0bd6e4a89bd3ef8c13a.jpg","https://banconhomes.com/app/uploads/2025/12/OG-LouisvillePlot37-FINAL.jpg","This is a promotional exterior rendering of a property."
"Kinion Heights","Plot 39 – The Louisville","4","https://banconhomes.com/property/plot-39-the-louisville/","images/36b9df4fa897a3389bbaaafbb68c1a89c8d009ac8883336166681450dfee6f7c.jpg","https://banconhomes.com/app/uploads/2025/12/Lochside-of-Leys_Bancon-19-DSCF8453.jpg","The image shows a kitchen area with cabinetry and appliances."
"Kinion Heights","Plot 39 – The Louisville","4","https://banconhomes.com/property/plot-39-the-louisville/","images/98b5b9b2d0d7c692ea5f38a67a15968cd31277b25641950a50e36a214db4a96f.jpg","https://banconhomes.com/app/uploads/2025/11/Lochside-of-Leys-Knockburn-Show-Home.jpg","The image shows a bedroom with a bed and bedroom furniture."
"Kinion Heights","Plot 39 – The Louisville","4","https://banconhomes.com/property/plot-39-the-louisville/","images/56fc6ada25455212ffcc898632cc5f0fff8e0da3acac9ca42a0f37cbf64a2e07.jpg","https://banconhomes.com/app/uploads/2025/12/LoRes_Bancon-Homes_Lochside-of-Leys_Plot-42-017.jpg","The image shows a bathroom with standard sanitary fixtures."
"Kinion Heights","Plot 39 – The Louisville","4","https://banconhomes.com/property/plot-39-the-louisville/","images/c0cb54f26c9ed360b19048403b6a75dd2bd6cba190f784f9fec6ede6de7f3556.jpg","https://banconhomes.com/app/uploads/2025/11/Lochside-of-Leys_Bancon-19-DSCF8389.jpg","The image shows a hallway space looking into a bedroom."
"Kinion Heights","Plot 39 – The Louisville","4","https://banconhomes.com/property/plot-39-the-louisville/","images/0b54c5bb6e7353c3c0cbab9c4262ec00ba1fa7c05f4d1c3603969da461ad5bf8.jpg","https://banconhomes.com/app/uploads/2025/12/LoRes_Bancon-Homes_Lochside-Showhome-11.24-022-1.jpg","The image shows a furnished bedroom with a bed as the central piece of furniture."
"Kinion Heights","Plot 39 – The Louisville","4","https://banconhomes.com/property/plot-39-the-louisville/","images/c0eaac628526e496283030a292ca75e328ddc7417947e4faefefba706bc7ac41.jpg","https://banconhomes.com/app/uploads/2026/05/Lochside-of-Leys-Konckburn-Show-Home-.jpg","The image shows a living room with seating and decorative furniture."
"Kinion Heights","Plot 39 – The Louisville","4","https://banconhomes.com/property/plot-39-the-louisville/","images/606639a5bdf270ac963430fe5e657780260076d4e4ec99e57058ca0cfa0a48c2.jpg","https://banconhomes.com/app/uploads/2026/05/Louisville-En-Suite-Bathroom-Copy.jpg","The image shows a functional bathroom with standard sanitary fixtures including a toilet, sink, and shower."
"Kinion Heights","Plot 43 – The Larch","4","https://banconhomes.com/property/plot-43-the-larch/","images/34dfa225dafc0e6befa80f86cb9a722c42ced0deca1aa96c3767eff6c46f1778.jpg","https://banconhomes.com/app/uploads/2025/12/OG-LarchPlot39-FINAL.jpg","This is an architectural visualization of a property exterior."
"Kinion Heights","Plot 43 – The Larch","4","https://banconhomes.com/property/plot-43-the-larch/","images/ab8d0205c31a6301f9aa139ce7b4113b414ec10a71fbb5d357918c47a1c86094.jpg","https://banconhomes.com/app/uploads/2026/02/Gallery-Kitchen-and-Dining-Area-Web.jpg","This is a photograph of a real kitchen and dining area."
"Kinion Heights","Plot 43 – The Larch","4","https://banconhomes.com/property/plot-43-the-larch/","images/83d843bfc6b01f6b942acc0dc5bc844d74d1349efd2f840df7cb8683e6c4962b.jpg","https://banconhomes.com/app/uploads/2025/12/Larch-Show-Home-0113.jpg","The image shows a furnished bedroom with a bed and a desk."
"Kinion Heights","Plot 43 – The Larch","4","https://banconhomes.com/property/plot-43-the-larch/","images/9d078013ec2e97c83d42f87f90157c4877e8533c6c2e1134631ba4518991b5ba.jpg","https://banconhomes.com/app/uploads/2025/12/Larch-Show-Home-0095-2.jpg","The image shows a functional bathroom."
"Kinion Heights","Plot 43 – The Larch","4","https://banconhomes.com/property/plot-43-the-larch/","images/d9d873ebc9bc67f5123f1428dbd5318b8f104239564778092c814f5c1bc11b92.jpg","https://banconhomes.com/app/uploads/2025/12/Larch-Show-Home-0027.jpg","The image shows the entrance hallway of a property."
"Kinion Heights","Plot 43 – The Larch","4","https://banconhomes.com/property/plot-43-the-larch/","images/3aa32d23e5e24293fdbd6ddb9a5ecb3df9bb9769c8f1b418e843524feebb1763.jpg","https://banconhomes.com/app/uploads/2025/12/Larch-Show-Home-0099.jpg","The image shows a furnished bedroom."
"Kinion Heights","Plot 43 – The Larch","4","https://banconhomes.com/property/plot-43-the-larch/","images/ae962080191940a64df4803cee219384d6ff9fd18aa8d28e3a2ee2c669c5f93d.jpg","https://banconhomes.com/app/uploads/2025/12/Larch-Show-Home-0080.jpg","This is a photograph of a furnished bedroom."
"Kinion Heights","Plot 43 – The Larch","4","https://banconhomes.com/property/plot-43-the-larch/","images/ebb1d6bb57709d866f7cd863a33d75fc457606e5ef3f0bf73d1829cb663c3525.jpg","https://banconhomes.com/app/uploads/2025/12/Larch-Show-Home-0032.jpg","The image shows a furnished living room space."
"Kinion Heights","Plot 43 – The Larch","4","https://banconhomes.com/property/plot-43-the-larch/","images/6b53a40a899431458f2985af38a9217c9736ec0e3df538fb9e0fb26570019147.jpg","https://banconhomes.com/app/uploads/2025/12/Larch-Show-Home-0025.jpg","This is a photograph of an interior hallway."
"Kinion Heights","Plot 63 – The Fernilea","3","https://banconhomes.com/property/plot-63-the-fernilea/","images/f64088dd084ba396aaec11353e2148347b5925689c9ffd486099f3de10c08e63.jpg","https://banconhomes.com/app/uploads/2026/09/KinionHeights-P2-TheFernielea-REV01.jpg","The image depicts the exterior facade of a residential property."
"Kinion Heights","Plot 63 – The Fernilea","3","https://banconhomes.com/property/plot-63-the-fernilea/","images/e9339efa4681b92f8595f3473775771cd005dd81a8a54662c41c9d64782de14e.jpg","https://banconhomes.com/app/uploads/2025/11/The-Richmond_Eden-Reserve-21-_5847.jpg","This is a photograph of a kitchen."
"Kinion Heights","Plot 63 – The Fernilea","3","https://banconhomes.com/property/plot-63-the-fernilea/","images/14dafa22bc781d1bc3c35027e8f4f00cf9ed8c4d0e3bea280ec1b13bd90b74e1.jpg","https://banconhomes.com/app/uploads/2025/11/PLOT-1-KINION-HEIGHTS-_-247899.jpg","This is a photograph of a bedroom."
"Kinion Heights","Plot 63 – The Fernilea","3","https://banconhomes.com/property/plot-63-the-fernilea/","images/3bc78c3d39283d612eac7d214627ef2493c6f109367677c93be7bf3ab2671fe5.jpg","https://banconhomes.com/app/uploads/2025/11/The-Richmond_Eden-Reserve-21-_5830.jpg","This is a photograph of a bathroom."
"Kinion Heights","Plot 63 – The Fernilea","3","https://banconhomes.com/property/plot-63-the-fernilea/","images/cb9bf4941f0a5a9c9eeb26cbe54f97164a4973536310b49dbada59df2a433246.jpg","https://banconhomes.com/app/uploads/2026/09/Craigrath-Place-19-Plot-42_24_51725.jpg","This is a photograph of an interior hallway and staircase."
"Kinion Heights","Plot 63 – The Fernilea","3","https://banconhomes.com/property/plot-63-the-fernilea/","images/a21fd2985236be6fcd06c078d11ce0bb573838a7fbe1d5047a896d929002578c.jpg","https://banconhomes.com/app/uploads/2026/09/Richmond-Plot-105_Kitchen-Web.jpg","This is a photograph of a kitchen and dining area."
"Kinion Heights","Plot 63 – The Fernilea","3","https://banconhomes.com/property/plot-63-the-fernilea/","images/480fbde2b888c5d9173633d8e247a63c2fab243b87378936dd3c7ae4337844a6.jpg","https://banconhomes.com/app/uploads/2026/09/P1356581-WEb.jpg","This is a photograph of a living room."
"Kinion Heights","Plot 63 – The Fernilea","3","https://banconhomes.com/property/plot-63-the-fernilea/","images/923974976409e857e0571ed9f4c511516c41271e162f498b8c7a39cc7837a396.jpg","https://banconhomes.com/app/uploads/2026/09/P1356768-Web.jpg","This is a photograph of a bedroom."
"Kinion Heights","Plot 63 – The Fernilea","3","https://banconhomes.com/property/plot-63-the-fernilea/","images/0ba8ab1f89a8a0ca9d186b32beda8f0bab8cfd16195ff5a44906f9fa5f61f527.jpg","https://banconhomes.com/app/uploads/2026/09/Craigrath-Place-19-Plot-42_Use-for-Thistle-Web.jpg","This is a photograph of a bathroom."
"Kinion Heights","Plot 63 – The Fernilea","3","https://banconhomes.com/property/plot-63-the-fernilea/","images/515ad5edf47b7dcfb70c9883ee6c2d3d5258f21415125e2e86c9ff7b02adfa9e.jpg","https://banconhomes.com/app/uploads/2026/09/P1356735-Web.jpg","This is a photograph of a bedroom interior."
"Kinion Heights","Kinion Heights development gallery","","https://banconhomes.com/development/kinion-heights/","images/e49133ae45107e631e93be088c55c4a1b3af35b81b7a32a33ee83094540d062f.jpg","https://banconhomes.com/app/uploads/2025/11/The-Ideal-location_Bancon-Homes_Kinion-Heights_Street-Scenes-06.jpg","This is a photograph of the exterior of a property."
"Kinion Heights","Kinion Heights development gallery","","https://banconhomes.com/development/kinion-heights/","images/b5940d306a8d0b9892dba52af7358d3870e29c51bd9812a67149adaf8e607a44.jpg","https://banconhomes.com/app/uploads/2025/11/Kichen-Image-PLOT-1-KINION-HEIGHTS-247888.jpg","This is a photograph of a kitchen interior."
"Kinion Heights","Kinion Heights development gallery","","https://banconhomes.com/development/kinion-heights/","images/6bf4d28e0c3d2466bf89d92a99885570cf93c63816875a8860ea2aa65465350c.jpg","https://banconhomes.com/app/uploads/2026/02/Bedroom-PLOT-1-KINION-HEIGHTS-247898.jpg","This is a photograph of a real bedroom interior."
"Kinion Heights","Kinion Heights development gallery","","https://banconhomes.com/development/kinion-heights/","images/4ac3f805e9ab9a0067b44d6924e6913502f6e426f655e2fe8018d3f1262e4214.jpg","https://banconhomes.com/app/uploads/2026/02/Bathroom-PLOT-1-KINION-HEIGHTS-247915.jpg","This is a photograph of a real bathroom interior."
"Kinion Heights","Kinion Heights development gallery","","https://banconhomes.com/development/kinion-heights/","images/a55b9f899893309f95ec5fb40fc7fd973702a24f2be2101b25e36a59aeaacc48.jpg","https://banconhomes.com/app/uploads/2026/02/Internal-Finish-PLOT-1-KINION-HEIGHTS-247896.jpg","This is a photograph of a real hallway/landing area."
"Kinion Heights","Kinion Heights development gallery","","https://banconhomes.com/development/kinion-heights/","images/937b986f0a85024525725bb4b53d4b066ed9760560c46513e9f2dae7c40e8bfa.jpg","https://banconhomes.com/app/uploads/2026/02/External-Finish_Bancon-Homes_Kinion-Heights_Street-Scenes-06.jpg","This is a photograph of the exterior of a residential property development."
"Kinion Heights","Kinion Heights development gallery","","https://banconhomes.com/development/kinion-heights/","images/d9eadc98e861a9e947ed952b7036f2b880d8578b15a3c606662d916b922bef0b.jpg","https://banconhomes.com/app/uploads/2025/11/A-Fresh-Start-Aberdeen-Beach.jpg","This is a photograph of the local area/exterior environment."
"Kinion Heights","Kinion Heights development gallery","","https://banconhomes.com/development/kinion-heights/","images/5a91a0fe82a1da9841dbbe120050096d1d6f2526f37d9f46a713ef8fc0b0a1ff.jpg","https://banconhomes.com/app/uploads/2025/11/Kinion-Heights-Hero-Image_Bancon-Homes_Kinion-Heights_Street-Scenes-06.jpg","This is a photograph of the exterior of the properties."
"Kinion Heights","Kinion Heights development gallery","","https://banconhomes.com/development/kinion-heights/","images/fdfd5338f6286a7a7a55193103aab82c25b8ce9ef90b7dc57677c8662138a35b.jpg","https://banconhomes.com/app/uploads/2025/12/OG-LochPlot23-FINAL.jpg","This is an exterior photograph of a residential property."
"Kinion Heights","Kinion Heights development gallery","","https://banconhomes.com/development/kinion-heights/","images/f5a9e329fe7eef103a20d2f4063d06d2fbcd08e4cd437abf9071ff2e7e3f886f.jpg","https://banconhomes.com/app/uploads/2025/12/OG-RichmondPlot24-FINAL.jpg","This is a real-world exterior view of a property."
"Kinion Heights","Kinion Heights development gallery","","https://banconhomes.com/development/kinion-heights/","images/c590ff5d838341655e5ab22b313a64b5710b1af7c878fcee8f4a9a94c592b7d8.jpg","https://banconhomes.com/app/uploads/2025/12/Cairnfield-Queens-Gate-Web.jpg","This is an exterior view of a residential property."
"Kinion Heights","Kinion Heights development gallery","","https://banconhomes.com/development/kinion-heights/","images/59a98b003da07e9ef6c7d27f3713f4d97871792dbca8a7dc876e9b65543f2d7c.jpg","https://banconhomes.com/app/uploads/2026/02/OG-ArgyllPlot48-FINAL-copy.jpg","The image depicts the exterior facade of a residential property."
"Kinion Heights","Kinion Heights development gallery","","https://banconhomes.com/development/kinion-heights/","images/0b103e3a3505dadd846fa2ac20417ef9b338ac2d1d4b016c8a7ed52828db7fc2.jpg","https://banconhomes.com/app/uploads/2026/09/KinionHeights-P2-TheFernielea-REV01-460x325.jpg","This is a computer-generated exterior view of a residential property."
"Kinion Heights","Kinion Heights development gallery","","https://banconhomes.com/development/kinion-heights/","images/e453b6c97f5e66b486baca91c1df178b110197fc13f17e474bd11ce2d2c14e60.jpg","https://banconhomes.com/app/uploads/2025/12/KinionHeights-P2-TheRowan-REV01-CMYK.jpg","This is a promotional exterior rendering of a property."
"Kinion Heights","Kinion Heights development gallery","","https://banconhomes.com/development/kinion-heights/","images/34dfa225dafc0e6befa80f86cb9a722c42ced0deca1aa96c3767eff6c46f1778.jpg","https://banconhomes.com/app/uploads/2025/12/OG-LarchPlot39-FINAL.jpg","This is an architectural visualization of a property exterior."
"Kinion Heights","Kinion Heights development gallery","","https://banconhomes.com/development/kinion-heights/","images/c14d4f2eea02ba8a6b570be582ad020b78c2a1700e8a45ddd4f0d46e2104cec3.jpg","https://banconhomes.com/app/uploads/2025/12/OG-RosehillPlot43-FINAL.jpg","This is an exterior view of a residential property."
"Kinion Heights","Kinion Heights development gallery","","https://banconhomes.com/development/kinion-heights/","images/f9dc0caeb2224e28dde3220bf39d2260edfdc56ae9fcfe418ef633ea3276d6d1.jpg","https://banconhomes.com/app/uploads/2026/09/KinionHeights_P2-TheRaeburn-REV01-CMYK-460x325.jpg","This is a computer-generated exterior view of a residential property."
"Kinion Heights","Kinion Heights development gallery","","https://banconhomes.com/development/kinion-heights/","images/a5c9e1edc118f901461e8a5cb2aaf23ed464146a7938d0bd6e4a89bd3ef8c13a.jpg","https://banconhomes.com/app/uploads/2025/12/OG-LouisvillePlot37-FINAL.jpg","This is a promotional exterior rendering of a property."
"Kinion Heights","Kinion Heights development gallery","","https://banconhomes.com/development/kinion-heights/","images/4392384c50add4c16db1d20ee4c9b7d798cb1fa1d52429d6dd98c8e0bf33cbbc.jpg","https://banconhomes.com/app/uploads/2025/11/Your-New-Neighbourhood-Bennachie-1.jpg","This is an exterior landscape photograph."
"Valley View at Milltimber","Plot 5 – The Viewfield","4","https://banconhomes.com/property/plot-5-the-viewfield/","images/6f4d2e26a8ec441753212af35f29a387a78b1b3f489460bdb527f6ce0c152a93.jpg","https://banconhomes.com/app/uploads/2025/12/Viewfield-Valley-View-Milltimber-Web.jpg","This is an exterior architectural rendering of a property."
"Valley View at Milltimber","Plot 5 – The Viewfield","4","https://banconhomes.com/property/plot-5-the-viewfield/","images/41d69aef145f7c32573758dc752108e4827c3f885ffea89696524a221392bc35.jpg","https://banconhomes.com/app/uploads/2025/11/Kitchen_Lochside-Showhome-11.jpg","The image shows a kitchen interior."
"Valley View at Milltimber","Plot 5 – The Viewfield","4","https://banconhomes.com/property/plot-5-the-viewfield/","images/0b54c5bb6e7353c3c0cbab9c4262ec00ba1fa7c05f4d1c3603969da461ad5bf8.jpg","https://banconhomes.com/app/uploads/2025/12/LoRes_Bancon-Homes_Lochside-Showhome-11.24-022-1.jpg","The image shows a furnished bedroom with a bed as the central piece of furniture."
"Valley View at Milltimber","Plot 5 – The Viewfield","4","https://banconhomes.com/property/plot-5-the-viewfield/","images/a2096335b3274b4eea926eedede9fdd24a1682afe3bac98148e2928190de7ec7.jpg","https://banconhomes.com/app/uploads/2025/12/Typical-Bancon-Bathroom-Arbeadie-Web.jpg","The image depicts a standard residential bathroom."
"Valley View at Milltimber","Plot 5 – The Viewfield","4","https://banconhomes.com/property/plot-5-the-viewfield/","images/f0f2cf42b462de18cd72b2d616ba581bd6123d8324edf095d4a35331bf1c0cf8.jpg","https://banconhomes.com/app/uploads/2025/11/Internal-Finish-DSC00818.jpg","The image shows a residential hallway connecting multiple rooms."
"Valley View at Milltimber","Plot 5 – The Viewfield","4","https://banconhomes.com/property/plot-5-the-viewfield/","images/1dfefe986752188231355bbb283771984091ed135ae74bfc389eacae3986d0a0.jpg","https://banconhomes.com/app/uploads/2025/12/PLOT-1-KINION-HEIGHTS-_-247872-1.jpg","The image shows a furnished living room space."
"Valley View at Milltimber","Plot 5 – The Viewfield","4","https://banconhomes.com/property/plot-5-the-viewfield/","images/28d6e76b1b16c8930cd455a0b0ea4deaf7437a80cabcd86a15acc3d6ac5b3013.jpg","https://banconhomes.com/app/uploads/2025/12/PLOT-1-KINION-HEIGHTS-_-247880.jpg","The image shows a portion of a living room reflected in a mirror."
"Valley View at Milltimber","Plot 5 – The Viewfield","4","https://banconhomes.com/property/plot-5-the-viewfield/","images/b3742684e6f646872bec5dfd0dea21c85580385915ccca07984cfe9c8ed72e5c.jpg","https://banconhomes.com/app/uploads/2025/12/PLOT-1-KINION-HEIGHTS-_-247885.jpg","The room includes a desk and chair, functioning as a study or home office area."
"Valley View at Milltimber","Plot 5 – The Viewfield","4","https://banconhomes.com/property/plot-5-the-viewfield/","images/6deae548537fffa39b03e94cc1cec1f17bc2cfa75763b0a640e94893d7012735.jpg","https://banconhomes.com/app/uploads/2025/12/PLOT-1-KINION-HEIGHTS-_-247912.jpg","The image shows a furnished bedroom designed for a child."
"Valley View at Milltimber","Plot 5 – The Viewfield","4","https://banconhomes.com/property/plot-5-the-viewfield/","images/f8d844bf97f669ee61cdad4822568d6a15ea50c295103c5790f7dafd8f027368.jpg","https://banconhomes.com/app/uploads/2026/05/Kitchen_Lochside-Showhome-11.jpg","The image shows a fully fitted kitchen."
"Valley View at Milltimber","Plot 6 – The Larch","4","https://banconhomes.com/property/plot-6-the-larch/","images/3a11ece79111cf5880ae3161988c6cd20b5cbe2a476fe2b86e934433a1268853.jpg","https://banconhomes.com/app/uploads/2025/12/Larch-Valley-View-Milltimber-Web.jpg","This is an exterior architectural rendering of a property."
"Valley View at Milltimber","Plot 6 – The Larch","4","https://banconhomes.com/property/plot-6-the-larch/","images/ab8d0205c31a6301f9aa139ce7b4113b414ec10a71fbb5d357918c47a1c86094.jpg","https://banconhomes.com/app/uploads/2026/02/Gallery-Kitchen-and-Dining-Area-Web.jpg","This is a photograph of a real kitchen and dining area."
"Valley View at Milltimber","Plot 6 – The Larch","4","https://banconhomes.com/property/plot-6-the-larch/","images/40f9c97da31c8509461bd38b586bfb42769ab9f3ee800689a440bba3b5026598.jpg","https://banconhomes.com/app/uploads/2026/02/HiRes_Bancon-Homes_Devonshire_Milltimber-01.jpg","This is a photograph of a furnished bedroom."
"Valley View at Milltimber","Plot 6 – The Larch","4","https://banconhomes.com/property/plot-6-the-larch/","images/9d078013ec2e97c83d42f87f90157c4877e8533c6c2e1134631ba4518991b5ba.jpg","https://banconhomes.com/app/uploads/2025/12/Larch-Show-Home-0095-2.jpg","The image shows a functional bathroom."
"Valley View at Milltimber","Plot 6 – The Larch","4","https://banconhomes.com/property/plot-6-the-larch/","images/d9d873ebc9bc67f5123f1428dbd5318b8f104239564778092c814f5c1bc11b92.jpg","https://banconhomes.com/app/uploads/2025/12/Larch-Show-Home-0027.jpg","The image shows the entrance hallway of a property."
"Valley View at Milltimber","Plot 6 – The Larch","4","https://banconhomes.com/property/plot-6-the-larch/","images/6b53a40a899431458f2985af38a9217c9736ec0e3df538fb9e0fb26570019147.jpg","https://banconhomes.com/app/uploads/2025/12/Larch-Show-Home-0025.jpg","This is a photograph of an interior hallway."
"Valley View at Milltimber","Plot 6 – The Larch","4","https://banconhomes.com/property/plot-6-the-larch/","images/ebb1d6bb57709d866f7cd863a33d75fc457606e5ef3f0bf73d1829cb663c3525.jpg","https://banconhomes.com/app/uploads/2025/12/Larch-Show-Home-0032.jpg","The image shows a furnished living room space."
"Valley View at Milltimber","Plot 6 – The Larch","4","https://banconhomes.com/property/plot-6-the-larch/","images/3940a29a8d98945c0b6b492015064e787494b47c53548047cfbb0bc33bd14e04.jpg","https://banconhomes.com/app/uploads/2026/02/HiRes_Bancon-Homes_Devonshire_Milltimber-6.jpg","The image shows a bedroom with a desk."
"Valley View at Milltimber","Plot 4 – The Louisville","4","https://banconhomes.com/property/plot-4-the-louisville/","images/6250cb02bfbcef8925d0de2dace8619e681a384e808561b5592eb69ccc81443a.jpg","https://banconhomes.com/app/uploads/2025/12/Louisville-Valley-View-Milltimber-Web.jpg","This is an architectural exterior rendering of a residential property."
"Valley View at Milltimber","Plot 4 – The Louisville","4","https://banconhomes.com/property/plot-4-the-louisville/","images/06e3812624a8db11d9ed3bb75f4dd0fd03b5b4156ddf64ec2f65b95334003dab.jpg","https://banconhomes.com/app/uploads/2025/12/Brathen-Kitchen_lol-Web.jpg","This is a photograph of a residential kitchen."
"Valley View at Milltimber","Plot 4 – The Louisville","4","https://banconhomes.com/property/plot-4-the-louisville/","images/98b5b9b2d0d7c692ea5f38a67a15968cd31277b25641950a50e36a214db4a96f.jpg","https://banconhomes.com/app/uploads/2025/11/Lochside-of-Leys-Knockburn-Show-Home.jpg","The image shows a bedroom with a bed and bedroom furniture."
"Valley View at Milltimber","Plot 4 – The Louisville","4","https://banconhomes.com/property/plot-4-the-louisville/","images/56fc6ada25455212ffcc898632cc5f0fff8e0da3acac9ca42a0f37cbf64a2e07.jpg","https://banconhomes.com/app/uploads/2025/12/LoRes_Bancon-Homes_Lochside-of-Leys_Plot-42-017.jpg","The image shows a bathroom with standard sanitary fixtures."
"Valley View at Milltimber","Plot 4 – The Louisville","4","https://banconhomes.com/property/plot-4-the-louisville/","images/c0cb54f26c9ed360b19048403b6a75dd2bd6cba190f784f9fec6ede6de7f3556.jpg","https://banconhomes.com/app/uploads/2025/11/Lochside-of-Leys_Bancon-19-DSCF8389.jpg","The image shows a hallway space looking into a bedroom."
"Valley View at Milltimber","Plot 4 – The Louisville","4","https://banconhomes.com/property/plot-4-the-louisville/","images/7615a9e09565dbe73b56e182729fae90f9f518209fdc972cc98b62457d568f34.jpg","https://banconhomes.com/app/uploads/2025/12/Lochside-of-Leys_Bancon-19-DSCF8368.jpg","This is a photograph of a furnished bedroom."
"Valley View at Milltimber","Plot 4 – The Louisville","4","https://banconhomes.com/property/plot-4-the-louisville/","images/63c0cdaa560a0c1b0de9a3d98020f38697efc1aa6673df2a7b3dab4f0751c80b.jpg","https://banconhomes.com/app/uploads/2025/11/Bancon-Homes_Devonshire_Milltimber-01.26-017-Kitchen.jpg","This is a photograph of a real interior space showing a kitchen and dining area."
"Valley View at Milltimber","Plot 4 – The Louisville","4","https://banconhomes.com/property/plot-4-the-louisville/","images/c0eaac628526e496283030a292ca75e328ddc7417947e4faefefba706bc7ac41.jpg","https://banconhomes.com/app/uploads/2026/05/Lochside-of-Leys-Konckburn-Show-Home-.jpg","The image shows a living room with seating and decorative furniture."
"Valley View at Milltimber","Plot 4 – The Louisville","4","https://banconhomes.com/property/plot-4-the-louisville/","images/606639a5bdf270ac963430fe5e657780260076d4e4ec99e57058ca0cfa0a48c2.jpg","https://banconhomes.com/app/uploads/2026/05/Louisville-En-Suite-Bathroom-Copy.jpg","The image shows a functional bathroom with standard sanitary fixtures including a toilet, sink, and shower."
"Valley View at Milltimber","Plot 8 – The Devonshire","4","https://banconhomes.com/property/plot-8-the-devonshire/","images/4fb476adc128d690c6f207bb85206ee8c8ca6524c8416d8ef5b6ee6e140e2895.jpg","https://banconhomes.com/app/uploads/2025/11/Devonshire-Valley-View-Milltimber-Web.jpg","This is an architectural exterior rendering of a residential property."
"Valley View at Milltimber","Plot 8 – The Devonshire","4","https://banconhomes.com/property/plot-8-the-devonshire/","images/5ebdd02ad13bb9ecbebceedd54629c6f1e7a259cb23bc8fc40b8f8477c1c15f4.jpg","https://banconhomes.com/app/uploads/2026/07/Devonshire_Milltimber-01-Kitchen2.jpg","This is a photograph of a furnished kitchen."
"Valley View at Milltimber","Plot 8 – The Devonshire","4","https://banconhomes.com/property/plot-8-the-devonshire/","images/d8a25099f7fb476389e461d76bc071334e0e43c26bba82b989fb09031a07c159.jpg","https://banconhomes.com/app/uploads/2026/07/Devonshire_Milltimber-01-Bedroom-1.jpg","This is a photograph of a furnished bedroom."
"Valley View at Milltimber","Plot 8 – The Devonshire","4","https://banconhomes.com/property/plot-8-the-devonshire/","images/507ec8f69c1015260cfc3db627e0737b987b33b22e4ad65f024f64d2e0ea6756.jpg","https://banconhomes.com/app/uploads/2026/02/LoRes_Bancon-Homes_Elmwood_Beatlie-Bathroom.jpg","The image shows a functional bathroom space."
"Valley View at Milltimber","Plot 8 – The Devonshire","4","https://banconhomes.com/property/plot-8-the-devonshire/","images/a8c9f5b9e44ffb6604986e2d3f00e53a9dad141e3c2367b77dbcdc97a58574ad.jpg","https://banconhomes.com/app/uploads/2026/07/Devonshire_Milltimber-01-Internal-Finish.jpg","This is a photograph of a residential hallway or landing."
"Valley View at Milltimber","Plot 8 – The Devonshire","4","https://banconhomes.com/property/plot-8-the-devonshire/","images/79ac127c4bad74e9517ae91f0e7659397f26685d9601443a89cc87c5272149cf.jpg","https://banconhomes.com/app/uploads/0001/05/Devonshire_Milltimber-01-Living.jpg","The image shows a furnished living area with a sofa and coffee table."
"Valley View at Milltimber","Plot 8 – The Devonshire","4","https://banconhomes.com/property/plot-8-the-devonshire/","images/63c0cdaa560a0c1b0de9a3d98020f38697efc1aa6673df2a7b3dab4f0751c80b.jpg","https://banconhomes.com/app/uploads/2025/11/Bancon-Homes_Devonshire_Milltimber-01.26-017-Kitchen.jpg","This is a photograph of a real interior space showing a kitchen and dining area."
"Valley View at Milltimber","Plot 8 – The Devonshire","4","https://banconhomes.com/property/plot-8-the-devonshire/","images/7381609f026fef0021831fb749cd321b3b05687328ce313958ca3fd8b9103a04.jpg","https://banconhomes.com/app/uploads/2026/07/Devonshire_Milltimber-01-Bedroom-2-3.jpg","This is a photograph of a furnished bedroom."
"Valley View at Milltimber","Plot 8 – The Devonshire","4","https://banconhomes.com/property/plot-8-the-devonshire/","images/40f9c97da31c8509461bd38b586bfb42769ab9f3ee800689a440bba3b5026598.jpg","https://banconhomes.com/app/uploads/2026/02/HiRes_Bancon-Homes_Devonshire_Milltimber-01.jpg","This is a photograph of a furnished bedroom."
"Valley View at Milltimber","Plot 8 – The Devonshire","4","https://banconhomes.com/property/plot-8-the-devonshire/","images/3940a29a8d98945c0b6b492015064e787494b47c53548047cfbb0bc33bd14e04.jpg","https://banconhomes.com/app/uploads/2026/02/HiRes_Bancon-Homes_Devonshire_Milltimber-6.jpg","The image shows a bedroom with a desk."
"Valley View at Milltimber","Plot 8 – The Devonshire","4","https://banconhomes.com/property/plot-8-the-devonshire/","images/8f7a5594fd7048dd86feaa7f009b7b030e288d9b739bb82b122747a7677ec153.jpg","https://banconhomes.com/app/uploads/2026/07/Devonshire_Milltimber-01-En-Suite.jpg","This is a photograph of a functional bathroom in a property."
"Valley View at Milltimber","Plot 15 – The Heather","4","https://banconhomes.com/property/plot-15-the-heather/","images/884b3facff846be1b9ccba9ffa292b31737ccaaa8f24c59a19f751d1e99fe1fe.jpg","https://banconhomes.com/app/uploads/2026/04/Heather-Valley-View-Milltimber-Web.jpg","The image is a high-quality architectural rendering of the exterior of a house."
"Valley View at Milltimber","Plot 15 – The Heather","4","https://banconhomes.com/property/plot-15-the-heather/","images/09337e1c03701627903c73e8c24b36c15507b0a0aa74b16f867b4d8e5f2e4088.jpg","https://banconhomes.com/app/uploads/2026/04/P34-OG-Kitchen-for-Osborne-1.jpg","This is a photograph of a functional kitchen space."
"Valley View at Milltimber","Plot 15 – The Heather","4","https://banconhomes.com/property/plot-15-the-heather/","images/d8a25099f7fb476389e461d76bc071334e0e43c26bba82b989fb09031a07c159.jpg","https://banconhomes.com/app/uploads/2026/07/Devonshire_Milltimber-01-Bedroom-1.jpg","This is a photograph of a furnished bedroom."
"Valley View at Milltimber","Plot 15 – The Heather","4","https://banconhomes.com/property/plot-15-the-heather/","images/507ec8f69c1015260cfc3db627e0737b987b33b22e4ad65f024f64d2e0ea6756.jpg","https://banconhomes.com/app/uploads/2026/02/LoRes_Bancon-Homes_Elmwood_Beatlie-Bathroom.jpg","The image shows a functional bathroom space."
"Valley View at Milltimber","Plot 15 – The Heather","4","https://banconhomes.com/property/plot-15-the-heather/","images/a8c9f5b9e44ffb6604986e2d3f00e53a9dad141e3c2367b77dbcdc97a58574ad.jpg","https://banconhomes.com/app/uploads/2026/07/Devonshire_Milltimber-01-Internal-Finish.jpg","This is a photograph of a residential hallway or landing."
"Valley View at Milltimber","Plot 15 – The Heather","4","https://banconhomes.com/property/plot-15-the-heather/","images/79ac127c4bad74e9517ae91f0e7659397f26685d9601443a89cc87c5272149cf.jpg","https://banconhomes.com/app/uploads/0001/05/Devonshire_Milltimber-01-Living.jpg","The image shows a furnished living area with a sofa and coffee table."
"Valley View at Milltimber","Plot 15 – The Heather","4","https://banconhomes.com/property/plot-15-the-heather/","images/7381609f026fef0021831fb749cd321b3b05687328ce313958ca3fd8b9103a04.jpg","https://banconhomes.com/app/uploads/2026/07/Devonshire_Milltimber-01-Bedroom-2-3.jpg","This is a photograph of a furnished bedroom."
"Valley View at Milltimber","Plot 15 – The Heather","4","https://banconhomes.com/property/plot-15-the-heather/","images/40f9c97da31c8509461bd38b586bfb42769ab9f3ee800689a440bba3b5026598.jpg","https://banconhomes.com/app/uploads/2026/02/HiRes_Bancon-Homes_Devonshire_Milltimber-01.jpg","This is a photograph of a furnished bedroom."
"Valley View at Milltimber","Plot 15 – The Heather","4","https://banconhomes.com/property/plot-15-the-heather/","images/8f7a5594fd7048dd86feaa7f009b7b030e288d9b739bb82b122747a7677ec153.jpg","https://banconhomes.com/app/uploads/2026/07/Devonshire_Milltimber-01-En-Suite.jpg","This is a photograph of a functional bathroom in a property."
"Valley View at Milltimber","Plot 15 – The Heather","4","https://banconhomes.com/property/plot-15-the-heather/","images/1dfefe986752188231355bbb283771984091ed135ae74bfc389eacae3986d0a0.jpg","https://banconhomes.com/app/uploads/2025/12/PLOT-1-KINION-HEIGHTS-_-247872-1.jpg","The image shows a furnished living room space."
"Valley View at Milltimber","Plot 11 – The Osborne","5","https://banconhomes.com/property/plot-11-the-osborne/","images/a330bfa776ea47efb57ea9aea513cb849007a43f8ce9101303e0fc475445bf12.jpg","https://banconhomes.com/app/uploads/2026/05/Osborne-Valley-View-Milltimber-Web.jpg","This is a rendering of the exterior of a property."
"Valley View at Milltimber","Plot 11 – The Osborne","5","https://banconhomes.com/property/plot-11-the-osborne/","images/09337e1c03701627903c73e8c24b36c15507b0a0aa74b16f867b4d8e5f2e4088.jpg","https://banconhomes.com/app/uploads/2026/04/P34-OG-Kitchen-for-Osborne-1.jpg","This is a photograph of a functional kitchen space."
"Valley View at Milltimber","Plot 11 – The Osborne","5","https://banconhomes.com/property/plot-11-the-osborne/","images/d8a25099f7fb476389e461d76bc071334e0e43c26bba82b989fb09031a07c159.jpg","https://banconhomes.com/app/uploads/2026/07/Devonshire_Milltimber-01-Bedroom-1.jpg","This is a photograph of a furnished bedroom."
"Valley View at Milltimber","Plot 11 – The Osborne","5","https://banconhomes.com/property/plot-11-the-osborne/","images/507ec8f69c1015260cfc3db627e0737b987b33b22e4ad65f024f64d2e0ea6756.jpg","https://banconhomes.com/app/uploads/2026/02/LoRes_Bancon-Homes_Elmwood_Beatlie-Bathroom.jpg","The image shows a functional bathroom space."
"Valley View at Milltimber","Plot 11 – The Osborne","5","https://banconhomes.com/property/plot-11-the-osborne/","images/a8c9f5b9e44ffb6604986e2d3f00e53a9dad141e3c2367b77dbcdc97a58574ad.jpg","https://banconhomes.com/app/uploads/2026/07/Devonshire_Milltimber-01-Internal-Finish.jpg","This is a photograph of a residential hallway or landing."
"Valley View at Milltimber","Plot 11 – The Osborne","5","https://banconhomes.com/property/plot-11-the-osborne/","images/79ac127c4bad74e9517ae91f0e7659397f26685d9601443a89cc87c5272149cf.jpg","https://banconhomes.com/app/uploads/0001/05/Devonshire_Milltimber-01-Living.jpg","The image shows a furnished living area with a sofa and coffee table."
"Valley View at Milltimber","Plot 11 – The Osborne","5","https://banconhomes.com/property/plot-11-the-osborne/","images/7381609f026fef0021831fb749cd321b3b05687328ce313958ca3fd8b9103a04.jpg","https://banconhomes.com/app/uploads/2026/07/Devonshire_Milltimber-01-Bedroom-2-3.jpg","This is a photograph of a furnished bedroom."
"Valley View at Milltimber","Plot 11 – The Osborne","5","https://banconhomes.com/property/plot-11-the-osborne/","images/40f9c97da31c8509461bd38b586bfb42769ab9f3ee800689a440bba3b5026598.jpg","https://banconhomes.com/app/uploads/2026/02/HiRes_Bancon-Homes_Devonshire_Milltimber-01.jpg","This is a photograph of a furnished bedroom."
"Valley View at Milltimber","Plot 11 – The Osborne","5","https://banconhomes.com/property/plot-11-the-osborne/","images/8f7a5594fd7048dd86feaa7f009b7b030e288d9b739bb82b122747a7677ec153.jpg","https://banconhomes.com/app/uploads/2026/07/Devonshire_Milltimber-01-En-Suite.jpg","This is a photograph of a functional bathroom in a property."
"Valley View at Milltimber","Plot 11 – The Osborne","5","https://banconhomes.com/property/plot-11-the-osborne/","images/7d3ab694ccd21c66bc6d59cbc972e58d8fcb75eff688c7ecef6951e8da69a1d7.jpg","https://banconhomes.com/app/uploads/2026/05/Illustration-of-an-Osborne-Open-Plan-Kitchen-Dining-family-area-scaled.jpg","This is a photograph of a furnished kitchen and dining room."
"Valley View at Milltimber","Plot 17 – The Moray","5","https://banconhomes.com/property/plot-17-the-moray/","images/e8049120030de630a1e253863846948acafe452860ab75ebc69a3a73bcdf0b53.jpg","https://banconhomes.com/app/uploads/2026/07/Moray-Valley-View-Milltimber-Web.jpg","This is a rendering of the exterior of a property."
"Valley View at Milltimber","Plot 17 – The Moray","5","https://banconhomes.com/property/plot-17-the-moray/","images/f8d844bf97f669ee61cdad4822568d6a15ea50c295103c5790f7dafd8f027368.jpg","https://banconhomes.com/app/uploads/2026/05/Kitchen_Lochside-Showhome-11.jpg","The image shows a fully fitted kitchen."
"Valley View at Milltimber","Plot 17 – The Moray","5","https://banconhomes.com/property/plot-17-the-moray/","images/d8a25099f7fb476389e461d76bc071334e0e43c26bba82b989fb09031a07c159.jpg","https://banconhomes.com/app/uploads/2026/07/Devonshire_Milltimber-01-Bedroom-1.jpg","This is a photograph of a furnished bedroom."
"Valley View at Milltimber","Plot 17 – The Moray","5","https://banconhomes.com/property/plot-17-the-moray/","images/507ec8f69c1015260cfc3db627e0737b987b33b22e4ad65f024f64d2e0ea6756.jpg","https://banconhomes.com/app/uploads/2026/02/LoRes_Bancon-Homes_Elmwood_Beatlie-Bathroom.jpg","The image shows a functional bathroom space."
"Valley View at Milltimber","Plot 17 – The Moray","5","https://banconhomes.com/property/plot-17-the-moray/","images/a8c9f5b9e44ffb6604986e2d3f00e53a9dad141e3c2367b77dbcdc97a58574ad.jpg","https://banconhomes.com/app/uploads/2026/07/Devonshire_Milltimber-01-Internal-Finish.jpg","This is a photograph of a residential hallway or landing."
"Valley View at Milltimber","Plot 17 – The Moray","5","https://banconhomes.com/property/plot-17-the-moray/","images/79ac127c4bad74e9517ae91f0e7659397f26685d9601443a89cc87c5272149cf.jpg","https://banconhomes.com/app/uploads/0001/05/Devonshire_Milltimber-01-Living.jpg","The image shows a furnished living area with a sofa and coffee table."
"Valley View at Milltimber","Plot 17 – The Moray","5","https://banconhomes.com/property/plot-17-the-moray/","images/7381609f026fef0021831fb749cd321b3b05687328ce313958ca3fd8b9103a04.jpg","https://banconhomes.com/app/uploads/2026/07/Devonshire_Milltimber-01-Bedroom-2-3.jpg","This is a photograph of a furnished bedroom."
"Valley View at Milltimber","Plot 17 – The Moray","5","https://banconhomes.com/property/plot-17-the-moray/","images/40f9c97da31c8509461bd38b586bfb42769ab9f3ee800689a440bba3b5026598.jpg","https://banconhomes.com/app/uploads/2026/02/HiRes_Bancon-Homes_Devonshire_Milltimber-01.jpg","This is a photograph of a furnished bedroom."
"Valley View at Milltimber","Plot 17 – The Moray","5","https://banconhomes.com/property/plot-17-the-moray/","images/8f7a5594fd7048dd86feaa7f009b7b030e288d9b739bb82b122747a7677ec153.jpg","https://banconhomes.com/app/uploads/2026/07/Devonshire_Milltimber-01-En-Suite.jpg","This is a photograph of a functional bathroom in a property."
"Valley View at Milltimber","Plot 17 – The Moray","5","https://banconhomes.com/property/plot-17-the-moray/","images/c0eaac628526e496283030a292ca75e328ddc7417947e4faefefba706bc7ac41.jpg","https://banconhomes.com/app/uploads/2026/05/Lochside-of-Leys-Konckburn-Show-Home-.jpg","The image shows a living room with seating and decorative furniture."
"Valley View at Milltimber","Plot 2 – The Larch","4","https://banconhomes.com/property/plot-2-the-larch/","images/3a11ece79111cf5880ae3161988c6cd20b5cbe2a476fe2b86e934433a1268853.jpg","https://banconhomes.com/app/uploads/2025/12/Larch-Valley-View-Milltimber-Web.jpg","This is an exterior architectural rendering of a property."
"Valley View at Milltimber","Plot 2 – The Larch","4","https://banconhomes.com/property/plot-2-the-larch/","images/ab8d0205c31a6301f9aa139ce7b4113b414ec10a71fbb5d357918c47a1c86094.jpg","https://banconhomes.com/app/uploads/2026/02/Gallery-Kitchen-and-Dining-Area-Web.jpg","This is a photograph of a real kitchen and dining area."
"Valley View at Milltimber","Plot 2 – The Larch","4","https://banconhomes.com/property/plot-2-the-larch/","images/40f9c97da31c8509461bd38b586bfb42769ab9f3ee800689a440bba3b5026598.jpg","https://banconhomes.com/app/uploads/2026/02/HiRes_Bancon-Homes_Devonshire_Milltimber-01.jpg","This is a photograph of a furnished bedroom."
"Valley View at Milltimber","Plot 2 – The Larch","4","https://banconhomes.com/property/plot-2-the-larch/","images/9d078013ec2e97c83d42f87f90157c4877e8533c6c2e1134631ba4518991b5ba.jpg","https://banconhomes.com/app/uploads/2025/12/Larch-Show-Home-0095-2.jpg","The image shows a functional bathroom."
"Valley View at Milltimber","Plot 2 – The Larch","4","https://banconhomes.com/property/plot-2-the-larch/","images/d9d873ebc9bc67f5123f1428dbd5318b8f104239564778092c814f5c1bc11b92.jpg","https://banconhomes.com/app/uploads/2025/12/Larch-Show-Home-0027.jpg","The image shows the entrance hallway of a property."
"Valley View at Milltimber","Plot 2 – The Larch","4","https://banconhomes.com/property/plot-2-the-larch/","images/6b53a40a899431458f2985af38a9217c9736ec0e3df538fb9e0fb26570019147.jpg","https://banconhomes.com/app/uploads/2025/12/Larch-Show-Home-0025.jpg","This is a photograph of an interior hallway."
"Valley View at Milltimber","Plot 2 – The Larch","4","https://banconhomes.com/property/plot-2-the-larch/","images/ebb1d6bb57709d866f7cd863a33d75fc457606e5ef3f0bf73d1829cb663c3525.jpg","https://banconhomes.com/app/uploads/2025/12/Larch-Show-Home-0032.jpg","The image shows a furnished living room space."
"Valley View at Milltimber","Plot 2 – The Larch","4","https://banconhomes.com/property/plot-2-the-larch/","images/3940a29a8d98945c0b6b492015064e787494b47c53548047cfbb0bc33bd14e04.jpg","https://banconhomes.com/app/uploads/2026/02/HiRes_Bancon-Homes_Devonshire_Milltimber-6.jpg","The image shows a bedroom with a desk."
"Valley View at Milltimber","Plot 10 – The Larch","4","https://banconhomes.com/property/plot-10-the-larch/","images/3a11ece79111cf5880ae3161988c6cd20b5cbe2a476fe2b86e934433a1268853.jpg","https://banconhomes.com/app/uploads/2025/12/Larch-Valley-View-Milltimber-Web.jpg","This is an exterior architectural rendering of a property."
"Valley View at Milltimber","Plot 10 – The Larch","4","https://banconhomes.com/property/plot-10-the-larch/","images/ab8d0205c31a6301f9aa139ce7b4113b414ec10a71fbb5d357918c47a1c86094.jpg","https://banconhomes.com/app/uploads/2026/02/Gallery-Kitchen-and-Dining-Area-Web.jpg","This is a photograph of a real kitchen and dining area."
"Valley View at Milltimber","Plot 10 – The Larch","4","https://banconhomes.com/property/plot-10-the-larch/","images/f6c15bcaadb0acf5691c751794cad317d2461fcd7019ad3fd82f21e829fb70c9.jpg","https://banconhomes.com/app/uploads/2026/02/LoRes_Bancon-Homes_Elmwood_Beatlie-Bedroom.jpg","This is a photograph of a furnished bedroom."
"Valley View at Milltimber","Plot 10 – The Larch","4","https://banconhomes.com/property/plot-10-the-larch/","images/9d078013ec2e97c83d42f87f90157c4877e8533c6c2e1134631ba4518991b5ba.jpg","https://banconhomes.com/app/uploads/2025/12/Larch-Show-Home-0095-2.jpg","The image shows a functional bathroom."
"Valley View at Milltimber","Plot 10 – The Larch","4","https://banconhomes.com/property/plot-10-the-larch/","images/d9d873ebc9bc67f5123f1428dbd5318b8f104239564778092c814f5c1bc11b92.jpg","https://banconhomes.com/app/uploads/2025/12/Larch-Show-Home-0027.jpg","The image shows the entrance hallway of a property."
"Valley View at Milltimber","Plot 10 – The Larch","4","https://banconhomes.com/property/plot-10-the-larch/","images/58598d58251ca5b89d2a08b565178ad01174ca76c1f9d002e07f8e318872ed80.jpg","https://banconhomes.com/app/uploads/2025/12/Bancon-Homes_Devonshire_Milltimber-01-Living-2.jpg","This is a photograph of a furnished living room interior."
"Valley View at Milltimber","Plot 10 – The Larch","4","https://banconhomes.com/property/plot-10-the-larch/","images/067a295d537d8cfe2ba2b33eb77f5f64231859967d8187dac93e93931e7ea495.jpg","https://banconhomes.com/app/uploads/2026/02/Birch-Visual-Kitchen-Web.jpg","This is a photograph of a real kitchen interior."
"Valley View at Milltimber","Plot 10 – The Larch","4","https://banconhomes.com/property/plot-10-the-larch/","images/6b53a40a899431458f2985af38a9217c9736ec0e3df538fb9e0fb26570019147.jpg","https://banconhomes.com/app/uploads/2025/12/Larch-Show-Home-0025.jpg","This is a photograph of an interior hallway."
"Valley View at Milltimber","Plot 10 – The Larch","4","https://banconhomes.com/property/plot-10-the-larch/","images/40f9c97da31c8509461bd38b586bfb42769ab9f3ee800689a440bba3b5026598.jpg","https://banconhomes.com/app/uploads/2026/02/HiRes_Bancon-Homes_Devonshire_Milltimber-01.jpg","This is a photograph of a furnished bedroom."
"Valley View at Milltimber","Plot 10 – The Larch","4","https://banconhomes.com/property/plot-10-the-larch/","images/3940a29a8d98945c0b6b492015064e787494b47c53548047cfbb0bc33bd14e04.jpg","https://banconhomes.com/app/uploads/2026/02/HiRes_Bancon-Homes_Devonshire_Milltimber-6.jpg","The image shows a bedroom with a desk."
"Valley View at Milltimber","Plot 10 – The Larch","4","https://banconhomes.com/property/plot-10-the-larch/","images/ebb1d6bb57709d866f7cd863a33d75fc457606e5ef3f0bf73d1829cb663c3525.jpg","https://banconhomes.com/app/uploads/2025/12/Larch-Show-Home-0032.jpg","The image shows a furnished living room space."
"Valley View at Milltimber","Plot 13 – The Larch","4","https://banconhomes.com/property/plot-13-the-larch/","images/3a11ece79111cf5880ae3161988c6cd20b5cbe2a476fe2b86e934433a1268853.jpg","https://banconhomes.com/app/uploads/2025/12/Larch-Valley-View-Milltimber-Web.jpg","This is an exterior architectural rendering of a property."
"Valley View at Milltimber","Plot 13 – The Larch","4","https://banconhomes.com/property/plot-13-the-larch/","images/ab8d0205c31a6301f9aa139ce7b4113b414ec10a71fbb5d357918c47a1c86094.jpg","https://banconhomes.com/app/uploads/2026/02/Gallery-Kitchen-and-Dining-Area-Web.jpg","This is a photograph of a real kitchen and dining area."
"Valley View at Milltimber","Plot 13 – The Larch","4","https://banconhomes.com/property/plot-13-the-larch/","images/f6c15bcaadb0acf5691c751794cad317d2461fcd7019ad3fd82f21e829fb70c9.jpg","https://banconhomes.com/app/uploads/2026/02/LoRes_Bancon-Homes_Elmwood_Beatlie-Bedroom.jpg","This is a photograph of a furnished bedroom."
"Valley View at Milltimber","Plot 13 – The Larch","4","https://banconhomes.com/property/plot-13-the-larch/","images/9d078013ec2e97c83d42f87f90157c4877e8533c6c2e1134631ba4518991b5ba.jpg","https://banconhomes.com/app/uploads/2025/12/Larch-Show-Home-0095-2.jpg","The image shows a functional bathroom."
"Valley View at Milltimber","Plot 13 – The Larch","4","https://banconhomes.com/property/plot-13-the-larch/","images/d9d873ebc9bc67f5123f1428dbd5318b8f104239564778092c814f5c1bc11b92.jpg","https://banconhomes.com/app/uploads/2025/12/Larch-Show-Home-0027.jpg","The image shows the entrance hallway of a property."
"Valley View at Milltimber","Plot 13 – The Larch","4","https://banconhomes.com/property/plot-13-the-larch/","images/58598d58251ca5b89d2a08b565178ad01174ca76c1f9d002e07f8e318872ed80.jpg","https://banconhomes.com/app/uploads/2025/12/Bancon-Homes_Devonshire_Milltimber-01-Living-2.jpg","This is a photograph of a furnished living room interior."
"Valley View at Milltimber","Plot 13 – The Larch","4","https://banconhomes.com/property/plot-13-the-larch/","images/067a295d537d8cfe2ba2b33eb77f5f64231859967d8187dac93e93931e7ea495.jpg","https://banconhomes.com/app/uploads/2026/02/Birch-Visual-Kitchen-Web.jpg","This is a photograph of a real kitchen interior."
"Valley View at Milltimber","Plot 13 – The Larch","4","https://banconhomes.com/property/plot-13-the-larch/","images/6b53a40a899431458f2985af38a9217c9736ec0e3df538fb9e0fb26570019147.jpg","https://banconhomes.com/app/uploads/2025/12/Larch-Show-Home-0025.jpg","This is a photograph of an interior hallway."
"Valley View at Milltimber","Plot 13 – The Larch","4","https://banconhomes.com/property/plot-13-the-larch/","images/40f9c97da31c8509461bd38b586bfb42769ab9f3ee800689a440bba3b5026598.jpg","https://banconhomes.com/app/uploads/2026/02/HiRes_Bancon-Homes_Devonshire_Milltimber-01.jpg","This is a photograph of a furnished bedroom."
"Valley View at Milltimber","Plot 13 – The Larch","4","https://banconhomes.com/property/plot-13-the-larch/","images/3940a29a8d98945c0b6b492015064e787494b47c53548047cfbb0bc33bd14e04.jpg","https://banconhomes.com/app/uploads/2026/02/HiRes_Bancon-Homes_Devonshire_Milltimber-6.jpg","The image shows a bedroom with a desk."
"Valley View at Milltimber","Plot 13 – The Larch","4","https://banconhomes.com/property/plot-13-the-larch/","images/ebb1d6bb57709d866f7cd863a33d75fc457606e5ef3f0bf73d1829cb663c3525.jpg","https://banconhomes.com/app/uploads/2025/12/Larch-Show-Home-0032.jpg","The image shows a furnished living room space."
"Valley View at Milltimber","Plot 20 – The Louisville","4","https://banconhomes.com/property/plot-20-the-louisville/","images/6250cb02bfbcef8925d0de2dace8619e681a384e808561b5592eb69ccc81443a.jpg","https://banconhomes.com/app/uploads/2025/12/Louisville-Valley-View-Milltimber-Web.jpg","This is an architectural exterior rendering of a residential property."
"Valley View at Milltimber","Plot 20 – The Louisville","4","https://banconhomes.com/property/plot-20-the-louisville/","images/06e3812624a8db11d9ed3bb75f4dd0fd03b5b4156ddf64ec2f65b95334003dab.jpg","https://banconhomes.com/app/uploads/2025/12/Brathen-Kitchen_lol-Web.jpg","This is a photograph of a residential kitchen."
"Valley View at Milltimber","Plot 20 – The Louisville","4","https://banconhomes.com/property/plot-20-the-louisville/","images/98b5b9b2d0d7c692ea5f38a67a15968cd31277b25641950a50e36a214db4a96f.jpg","https://banconhomes.com/app/uploads/2025/11/Lochside-of-Leys-Knockburn-Show-Home.jpg","The image shows a bedroom with a bed and bedroom furniture."
"Valley View at Milltimber","Plot 20 – The Louisville","4","https://banconhomes.com/property/plot-20-the-louisville/","images/56fc6ada25455212ffcc898632cc5f0fff8e0da3acac9ca42a0f37cbf64a2e07.jpg","https://banconhomes.com/app/uploads/2025/12/LoRes_Bancon-Homes_Lochside-of-Leys_Plot-42-017.jpg","The image shows a bathroom with standard sanitary fixtures."
"Valley View at Milltimber","Plot 20 – The Louisville","4","https://banconhomes.com/property/plot-20-the-louisville/","images/c0cb54f26c9ed360b19048403b6a75dd2bd6cba190f784f9fec6ede6de7f3556.jpg","https://banconhomes.com/app/uploads/2025/11/Lochside-of-Leys_Bancon-19-DSCF8389.jpg","The image shows a hallway space looking into a bedroom."
"Valley View at Milltimber","Plot 20 – The Louisville","4","https://banconhomes.com/property/plot-20-the-louisville/","images/7615a9e09565dbe73b56e182729fae90f9f518209fdc972cc98b62457d568f34.jpg","https://banconhomes.com/app/uploads/2025/12/Lochside-of-Leys_Bancon-19-DSCF8368.jpg","This is a photograph of a furnished bedroom."
"Valley View at Milltimber","Plot 20 – The Louisville","4","https://banconhomes.com/property/plot-20-the-louisville/","images/63c0cdaa560a0c1b0de9a3d98020f38697efc1aa6673df2a7b3dab4f0751c80b.jpg","https://banconhomes.com/app/uploads/2025/11/Bancon-Homes_Devonshire_Milltimber-01.26-017-Kitchen.jpg","This is a photograph of a real interior space showing a kitchen and dining area."
"Valley View at Milltimber","Plot 20 – The Louisville","4","https://banconhomes.com/property/plot-20-the-louisville/","images/c0eaac628526e496283030a292ca75e328ddc7417947e4faefefba706bc7ac41.jpg","https://banconhomes.com/app/uploads/2026/05/Lochside-of-Leys-Konckburn-Show-Home-.jpg","The image shows a living room with seating and decorative furniture."
"Valley View at Milltimber","Plot 20 – The Louisville","4","https://banconhomes.com/property/plot-20-the-louisville/","images/606639a5bdf270ac963430fe5e657780260076d4e4ec99e57058ca0cfa0a48c2.jpg","https://banconhomes.com/app/uploads/2026/05/Louisville-En-Suite-Bathroom-Copy.jpg","The image shows a functional bathroom with standard sanitary fixtures including a toilet, sink, and shower."
"Valley View at Milltimber","Plot 21 – The Louisville","4","https://banconhomes.com/property/plot-21-the-louisville/","images/6250cb02bfbcef8925d0de2dace8619e681a384e808561b5592eb69ccc81443a.jpg","https://banconhomes.com/app/uploads/2025/12/Louisville-Valley-View-Milltimber-Web.jpg","This is an architectural exterior rendering of a residential property."
"Valley View at Milltimber","Plot 21 – The Louisville","4","https://banconhomes.com/property/plot-21-the-louisville/","images/06e3812624a8db11d9ed3bb75f4dd0fd03b5b4156ddf64ec2f65b95334003dab.jpg","https://banconhomes.com/app/uploads/2025/12/Brathen-Kitchen_lol-Web.jpg","This is a photograph of a residential kitchen."
"Valley View at Milltimber","Plot 21 – The Louisville","4","https://banconhomes.com/property/plot-21-the-louisville/","images/98b5b9b2d0d7c692ea5f38a67a15968cd31277b25641950a50e36a214db4a96f.jpg","https://banconhomes.com/app/uploads/2025/11/Lochside-of-Leys-Knockburn-Show-Home.jpg","The image shows a bedroom with a bed and bedroom furniture."
"Valley View at Milltimber","Plot 21 – The Louisville","4","https://banconhomes.com/property/plot-21-the-louisville/","images/56fc6ada25455212ffcc898632cc5f0fff8e0da3acac9ca42a0f37cbf64a2e07.jpg","https://banconhomes.com/app/uploads/2025/12/LoRes_Bancon-Homes_Lochside-of-Leys_Plot-42-017.jpg","The image shows a bathroom with standard sanitary fixtures."
"Valley View at Milltimber","Plot 21 – The Louisville","4","https://banconhomes.com/property/plot-21-the-louisville/","images/c0cb54f26c9ed360b19048403b6a75dd2bd6cba190f784f9fec6ede6de7f3556.jpg","https://banconhomes.com/app/uploads/2025/11/Lochside-of-Leys_Bancon-19-DSCF8389.jpg","The image shows a hallway space looking into a bedroom."
"Valley View at Milltimber","Plot 21 – The Louisville","4","https://banconhomes.com/property/plot-21-the-louisville/","images/7615a9e09565dbe73b56e182729fae90f9f518209fdc972cc98b62457d568f34.jpg","https://banconhomes.com/app/uploads/2025/12/Lochside-of-Leys_Bancon-19-DSCF8368.jpg","This is a photograph of a furnished bedroom."
"Valley View at Milltimber","Plot 21 – The Louisville","4","https://banconhomes.com/property/plot-21-the-louisville/","images/63c0cdaa560a0c1b0de9a3d98020f38697efc1aa6673df2a7b3dab4f0751c80b.jpg","https://banconhomes.com/app/uploads/2025/11/Bancon-Homes_Devonshire_Milltimber-01.26-017-Kitchen.jpg","This is a photograph of a real interior space showing a kitchen and dining area."
"Valley View at Milltimber","Plot 21 – The Louisville","4","https://banconhomes.com/property/plot-21-the-louisville/","images/c0eaac628526e496283030a292ca75e328ddc7417947e4faefefba706bc7ac41.jpg","https://banconhomes.com/app/uploads/2026/05/Lochside-of-Leys-Konckburn-Show-Home-.jpg","The image shows a living room with seating and decorative furniture."
"Valley View at Milltimber","Plot 21 – The Louisville","4","https://banconhomes.com/property/plot-21-the-louisville/","images/606639a5bdf270ac963430fe5e657780260076d4e4ec99e57058ca0cfa0a48c2.jpg","https://banconhomes.com/app/uploads/2026/05/Louisville-En-Suite-Bathroom-Copy.jpg","The image shows a functional bathroom with standard sanitary fixtures including a toilet, sink, and shower."
"Valley View at Milltimber","Plot 36 – The Devonshire","4","https://banconhomes.com/property/plot-36-the-devonshire/","images/4fb476adc128d690c6f207bb85206ee8c8ca6524c8416d8ef5b6ee6e140e2895.jpg","https://banconhomes.com/app/uploads/2025/11/Devonshire-Valley-View-Milltimber-Web.jpg","This is an architectural exterior rendering of a residential property."
"Valley View at Milltimber","Plot 36 – The Devonshire","4","https://banconhomes.com/property/plot-36-the-devonshire/","images/5ebdd02ad13bb9ecbebceedd54629c6f1e7a259cb23bc8fc40b8f8477c1c15f4.jpg","https://banconhomes.com/app/uploads/2026/07/Devonshire_Milltimber-01-Kitchen2.jpg","This is a photograph of a furnished kitchen."
"Valley View at Milltimber","Plot 36 – The Devonshire","4","https://banconhomes.com/property/plot-36-the-devonshire/","images/d8a25099f7fb476389e461d76bc071334e0e43c26bba82b989fb09031a07c159.jpg","https://banconhomes.com/app/uploads/2026/07/Devonshire_Milltimber-01-Bedroom-1.jpg","This is a photograph of a furnished bedroom."
"Valley View at Milltimber","Plot 36 – The Devonshire","4","https://banconhomes.com/property/plot-36-the-devonshire/","images/507ec8f69c1015260cfc3db627e0737b987b33b22e4ad65f024f64d2e0ea6756.jpg","https://banconhomes.com/app/uploads/2026/02/LoRes_Bancon-Homes_Elmwood_Beatlie-Bathroom.jpg","The image shows a functional bathroom space."
"Valley View at Milltimber","Plot 36 – The Devonshire","4","https://banconhomes.com/property/plot-36-the-devonshire/","images/a8c9f5b9e44ffb6604986e2d3f00e53a9dad141e3c2367b77dbcdc97a58574ad.jpg","https://banconhomes.com/app/uploads/2026/07/Devonshire_Milltimber-01-Internal-Finish.jpg","This is a photograph of a residential hallway or landing."
"Valley View at Milltimber","Plot 36 – The Devonshire","4","https://banconhomes.com/property/plot-36-the-devonshire/","images/79ac127c4bad74e9517ae91f0e7659397f26685d9601443a89cc87c5272149cf.jpg","https://banconhomes.com/app/uploads/0001/05/Devonshire_Milltimber-01-Living.jpg","The image shows a furnished living area with a sofa and coffee table."
"Valley View at Milltimber","Plot 36 – The Devonshire","4","https://banconhomes.com/property/plot-36-the-devonshire/","images/63c0cdaa560a0c1b0de9a3d98020f38697efc1aa6673df2a7b3dab4f0751c80b.jpg","https://banconhomes.com/app/uploads/2025/11/Bancon-Homes_Devonshire_Milltimber-01.26-017-Kitchen.jpg","This is a photograph of a real interior space showing a kitchen and dining area."
"Valley View at Milltimber","Plot 36 – The Devonshire","4","https://banconhomes.com/property/plot-36-the-devonshire/","images/7381609f026fef0021831fb749cd321b3b05687328ce313958ca3fd8b9103a04.jpg","https://banconhomes.com/app/uploads/2026/07/Devonshire_Milltimber-01-Bedroom-2-3.jpg","This is a photograph of a furnished bedroom."
"Valley View at Milltimber","Plot 36 – The Devonshire","4","https://banconhomes.com/property/plot-36-the-devonshire/","images/40f9c97da31c8509461bd38b586bfb42769ab9f3ee800689a440bba3b5026598.jpg","https://banconhomes.com/app/uploads/2026/02/HiRes_Bancon-Homes_Devonshire_Milltimber-01.jpg","This is a photograph of a furnished bedroom."
"Valley View at Milltimber","Plot 36 – The Devonshire","4","https://banconhomes.com/property/plot-36-the-devonshire/","images/3940a29a8d98945c0b6b492015064e787494b47c53548047cfbb0bc33bd14e04.jpg","https://banconhomes.com/app/uploads/2026/02/HiRes_Bancon-Homes_Devonshire_Milltimber-6.jpg","The image shows a bedroom with a desk."
"Valley View at Milltimber","Plot 36 – The Devonshire","4","https://banconhomes.com/property/plot-36-the-devonshire/","images/8f7a5594fd7048dd86feaa7f009b7b030e288d9b739bb82b122747a7677ec153.jpg","https://banconhomes.com/app/uploads/2026/07/Devonshire_Milltimber-01-En-Suite.jpg","This is a photograph of a functional bathroom in a property."
"Valley View at Milltimber","Plot 37 – The Larch","4","https://banconhomes.com/property/plot-37-the-larch/","images/3a11ece79111cf5880ae3161988c6cd20b5cbe2a476fe2b86e934433a1268853.jpg","https://banconhomes.com/app/uploads/2025/12/Larch-Valley-View-Milltimber-Web.jpg","This is an exterior architectural rendering of a property."
"Valley View at Milltimber","Plot 37 – The Larch","4","https://banconhomes.com/property/plot-37-the-larch/","images/ab8d0205c31a6301f9aa139ce7b4113b414ec10a71fbb5d357918c47a1c86094.jpg","https://banconhomes.com/app/uploads/2026/02/Gallery-Kitchen-and-Dining-Area-Web.jpg","This is a photograph of a real kitchen and dining area."
"Valley View at Milltimber","Plot 37 – The Larch","4","https://banconhomes.com/property/plot-37-the-larch/","images/f6c15bcaadb0acf5691c751794cad317d2461fcd7019ad3fd82f21e829fb70c9.jpg","https://banconhomes.com/app/uploads/2026/02/LoRes_Bancon-Homes_Elmwood_Beatlie-Bedroom.jpg","This is a photograph of a furnished bedroom."
"Valley View at Milltimber","Plot 37 – The Larch","4","https://banconhomes.com/property/plot-37-the-larch/","images/9d078013ec2e97c83d42f87f90157c4877e8533c6c2e1134631ba4518991b5ba.jpg","https://banconhomes.com/app/uploads/2025/12/Larch-Show-Home-0095-2.jpg","The image shows a functional bathroom."
"Valley View at Milltimber","Plot 37 – The Larch","4","https://banconhomes.com/property/plot-37-the-larch/","images/d9d873ebc9bc67f5123f1428dbd5318b8f104239564778092c814f5c1bc11b92.jpg","https://banconhomes.com/app/uploads/2025/12/Larch-Show-Home-0027.jpg","The image shows the entrance hallway of a property."
"Valley View at Milltimber","Plot 37 – The Larch","4","https://banconhomes.com/property/plot-37-the-larch/","images/58598d58251ca5b89d2a08b565178ad01174ca76c1f9d002e07f8e318872ed80.jpg","https://banconhomes.com/app/uploads/2025/12/Bancon-Homes_Devonshire_Milltimber-01-Living-2.jpg","This is a photograph of a furnished living room interior."
"Valley View at Milltimber","Plot 37 – The Larch","4","https://banconhomes.com/property/plot-37-the-larch/","images/067a295d537d8cfe2ba2b33eb77f5f64231859967d8187dac93e93931e7ea495.jpg","https://banconhomes.com/app/uploads/2026/02/Birch-Visual-Kitchen-Web.jpg","This is a photograph of a real kitchen interior."
"Valley View at Milltimber","Plot 37 – The Larch","4","https://banconhomes.com/property/plot-37-the-larch/","images/6b53a40a899431458f2985af38a9217c9736ec0e3df538fb9e0fb26570019147.jpg","https://banconhomes.com/app/uploads/2025/12/Larch-Show-Home-0025.jpg","This is a photograph of an interior hallway."
"Valley View at Milltimber","Plot 37 – The Larch","4","https://banconhomes.com/property/plot-37-the-larch/","images/40f9c97da31c8509461bd38b586bfb42769ab9f3ee800689a440bba3b5026598.jpg","https://banconhomes.com/app/uploads/2026/02/HiRes_Bancon-Homes_Devonshire_Milltimber-01.jpg","This is a photograph of a furnished bedroom."
"Valley View at Milltimber","Plot 37 – The Larch","4","https://banconhomes.com/property/plot-37-the-larch/","images/3940a29a8d98945c0b6b492015064e787494b47c53548047cfbb0bc33bd14e04.jpg","https://banconhomes.com/app/uploads/2026/02/HiRes_Bancon-Homes_Devonshire_Milltimber-6.jpg","The image shows a bedroom with a desk."
"Valley View at Milltimber","Plot 37 – The Larch","4","https://banconhomes.com/property/plot-37-the-larch/","images/ebb1d6bb57709d866f7cd863a33d75fc457606e5ef3f0bf73d1829cb663c3525.jpg","https://banconhomes.com/app/uploads/2025/12/Larch-Show-Home-0032.jpg","The image shows a furnished living room space."
"Valley View at Milltimber","Plot 40 – The Louisville","4","https://banconhomes.com/property/plot-40-the-louisville/","images/6250cb02bfbcef8925d0de2dace8619e681a384e808561b5592eb69ccc81443a.jpg","https://banconhomes.com/app/uploads/2025/12/Louisville-Valley-View-Milltimber-Web.jpg","This is an architectural exterior rendering of a residential property."
"Valley View at Milltimber","Plot 40 – The Louisville","4","https://banconhomes.com/property/plot-40-the-louisville/","images/06e3812624a8db11d9ed3bb75f4dd0fd03b5b4156ddf64ec2f65b95334003dab.jpg","https://banconhomes.com/app/uploads/2025/12/Brathen-Kitchen_lol-Web.jpg","This is a photograph of a residential kitchen."
"Valley View at Milltimber","Plot 40 – The Louisville","4","https://banconhomes.com/property/plot-40-the-louisville/","images/98b5b9b2d0d7c692ea5f38a67a15968cd31277b25641950a50e36a214db4a96f.jpg","https://banconhomes.com/app/uploads/2025/11/Lochside-of-Leys-Knockburn-Show-Home.jpg","The image shows a bedroom with a bed and bedroom furniture."
"Valley View at Milltimber","Plot 40 – The Louisville","4","https://banconhomes.com/property/plot-40-the-louisville/","images/56fc6ada25455212ffcc898632cc5f0fff8e0da3acac9ca42a0f37cbf64a2e07.jpg","https://banconhomes.com/app/uploads/2025/12/LoRes_Bancon-Homes_Lochside-of-Leys_Plot-42-017.jpg","The image shows a bathroom with standard sanitary fixtures."
"Valley View at Milltimber","Plot 40 – The Louisville","4","https://banconhomes.com/property/plot-40-the-louisville/","images/c0cb54f26c9ed360b19048403b6a75dd2bd6cba190f784f9fec6ede6de7f3556.jpg","https://banconhomes.com/app/uploads/2025/11/Lochside-of-Leys_Bancon-19-DSCF8389.jpg","The image shows a hallway space looking into a bedroom."
"Valley View at Milltimber","Plot 40 – The Louisville","4","https://banconhomes.com/property/plot-40-the-louisville/","images/7615a9e09565dbe73b56e182729fae90f9f518209fdc972cc98b62457d568f34.jpg","https://banconhomes.com/app/uploads/2025/12/Lochside-of-Leys_Bancon-19-DSCF8368.jpg","This is a photograph of a furnished bedroom."
"Valley View at Milltimber","Plot 40 – The Louisville","4","https://banconhomes.com/property/plot-40-the-louisville/","images/63c0cdaa560a0c1b0de9a3d98020f38697efc1aa6673df2a7b3dab4f0751c80b.jpg","https://banconhomes.com/app/uploads/2025/11/Bancon-Homes_Devonshire_Milltimber-01.26-017-Kitchen.jpg","This is a photograph of a real interior space showing a kitchen and dining area."
"Valley View at Milltimber","Plot 40 – The Louisville","4","https://banconhomes.com/property/plot-40-the-louisville/","images/c0eaac628526e496283030a292ca75e328ddc7417947e4faefefba706bc7ac41.jpg","https://banconhomes.com/app/uploads/2026/05/Lochside-of-Leys-Konckburn-Show-Home-.jpg","The image shows a living room with seating and decorative furniture."
"Valley View at Milltimber","Plot 40 – The Louisville","4","https://banconhomes.com/property/plot-40-the-louisville/","images/606639a5bdf270ac963430fe5e657780260076d4e4ec99e57058ca0cfa0a48c2.jpg","https://banconhomes.com/app/uploads/2026/05/Louisville-En-Suite-Bathroom-Copy.jpg","The image shows a functional bathroom with standard sanitary fixtures including a toilet, sink, and shower."
"Valley View at Milltimber","Valley View at Milltimber development gallery","","https://banconhomes.com/development/valley-view-at-milltimber/","images/4f61bfadd146727e4a4d6ae20ce03a9765d8afd768314883db6b00629126b48f.jpg","https://banconhomes.com/app/uploads/2025/11/LoRes_Bancon-Homes_Devonshire_Milltimber-01.26-003.jpg","This is a photograph of the exterior of a property."
"Valley View at Milltimber","Valley View at Milltimber development gallery","","https://banconhomes.com/development/valley-view-at-milltimber/","images/63c0cdaa560a0c1b0de9a3d98020f38697efc1aa6673df2a7b3dab4f0751c80b.jpg","https://banconhomes.com/app/uploads/2025/11/Bancon-Homes_Devonshire_Milltimber-01.26-017-Kitchen.jpg","This is a photograph of a real interior space showing a kitchen and dining area."
"Valley View at Milltimber","Valley View at Milltimber development gallery","","https://banconhomes.com/development/valley-view-at-milltimber/","images/7381609f026fef0021831fb749cd321b3b05687328ce313958ca3fd8b9103a04.jpg","https://banconhomes.com/app/uploads/2026/07/Devonshire_Milltimber-01-Bedroom-2-3.jpg","This is a photograph of a furnished bedroom."
"Valley View at Milltimber","Valley View at Milltimber development gallery","","https://banconhomes.com/development/valley-view-at-milltimber/","images/507ec8f69c1015260cfc3db627e0737b987b33b22e4ad65f024f64d2e0ea6756.jpg","https://banconhomes.com/app/uploads/2026/02/LoRes_Bancon-Homes_Elmwood_Beatlie-Bathroom.jpg","The image shows a functional bathroom space."
"Valley View at Milltimber","Valley View at Milltimber development gallery","","https://banconhomes.com/development/valley-view-at-milltimber/","images/a8c9f5b9e44ffb6604986e2d3f00e53a9dad141e3c2367b77dbcdc97a58574ad.jpg","https://banconhomes.com/app/uploads/2026/07/Devonshire_Milltimber-01-Internal-Finish.jpg","This is a photograph of a residential hallway or landing."
"Valley View at Milltimber","Valley View at Milltimber development gallery","","https://banconhomes.com/development/valley-view-at-milltimber/","images/837699ea8b33027bffa9bc416991046d4eb7f8de6920078cee6a6deee21a8ed1.jpg","https://banconhomes.com/app/uploads/2025/11/A-Fresh-Start-AdobeStock_364495390-2.jpg","This is a lifestyle photograph depicting the exterior environment near a property."
"Valley View at Milltimber","Valley View at Milltimber development gallery","","https://banconhomes.com/development/valley-view-at-milltimber/","images/f4f2b83e5c650b264b21b5704d8a63ee273bc5fa29863bf6aa95b04ee7567567.jpg","https://banconhomes.com/app/uploads/2025/11/Valley-View-Hero-Image-MilltimberSouth-StreetView3-FINALv3.jpg","This is an architectural visualization of a housing development."
"Valley View at Milltimber","Valley View at Milltimber development gallery","","https://banconhomes.com/development/valley-view-at-milltimber/","images/6f4d2e26a8ec441753212af35f29a387a78b1b3f489460bdb527f6ce0c152a93.jpg","https://banconhomes.com/app/uploads/2025/12/Viewfield-Valley-View-Milltimber-Web.jpg","This is an exterior architectural rendering of a property."
"Valley View at Milltimber","Valley View at Milltimber development gallery","","https://banconhomes.com/development/valley-view-at-milltimber/","images/3a11ece79111cf5880ae3161988c6cd20b5cbe2a476fe2b86e934433a1268853.jpg","https://banconhomes.com/app/uploads/2025/12/Larch-Valley-View-Milltimber-Web.jpg","This is an exterior architectural rendering of a property."
"Valley View at Milltimber","Valley View at Milltimber development gallery","","https://banconhomes.com/development/valley-view-at-milltimber/","images/6250cb02bfbcef8925d0de2dace8619e681a384e808561b5592eb69ccc81443a.jpg","https://banconhomes.com/app/uploads/2025/12/Louisville-Valley-View-Milltimber-Web.jpg","This is an architectural exterior rendering of a residential property."
"Valley View at Milltimber","Valley View at Milltimber development gallery","","https://banconhomes.com/development/valley-view-at-milltimber/","images/4fb476adc128d690c6f207bb85206ee8c8ca6524c8416d8ef5b6ee6e140e2895.jpg","https://banconhomes.com/app/uploads/2025/11/Devonshire-Valley-View-Milltimber-Web.jpg","This is an architectural exterior rendering of a residential property."
"Valley View at Milltimber","Valley View at Milltimber development gallery","","https://banconhomes.com/development/valley-view-at-milltimber/","images/884b3facff846be1b9ccba9ffa292b31737ccaaa8f24c59a19f751d1e99fe1fe.jpg","https://banconhomes.com/app/uploads/2026/04/Heather-Valley-View-Milltimber-Web.jpg","The image is a high-quality architectural rendering of the exterior of a house."
"Valley View at Milltimber","Valley View at Milltimber development gallery","","https://banconhomes.com/development/valley-view-at-milltimber/","images/a330bfa776ea47efb57ea9aea513cb849007a43f8ce9101303e0fc475445bf12.jpg","https://banconhomes.com/app/uploads/2026/05/Osborne-Valley-View-Milltimber-Web.jpg","This is a rendering of the exterior of a property."
"Valley View at Milltimber","Valley View at Milltimber development gallery","","https://banconhomes.com/development/valley-view-at-milltimber/","images/e8049120030de630a1e253863846948acafe452860ab75ebc69a3a73bcdf0b53.jpg","https://banconhomes.com/app/uploads/2026/07/Moray-Valley-View-Milltimber-Web.jpg","This is a rendering of the exterior of a property."
"Valley View at Milltimber","Valley View at Milltimber development gallery","","https://banconhomes.com/development/valley-view-at-milltimber/","images/8726fb7a36101c849724aa7a21fe5d6224c4caf7b4bba6ba8e471444ebef4081.jpg","https://banconhomes.com/app/uploads/2025/11/Your-New-NeighbourhoodRiver-Dee.jpg","This is a landscape photograph of the surrounding area."
"Queens Gate, Strathaven","Queens Gate, Strathaven development gallery","","https://banconhomes.com/development/queens-gate-strathaven/","images/279420a01eb1dd1d6a2badd21b0958dc1346976df006a5ed12c768dfb3174766.jpg","https://banconhomes.com/app/uploads/2025/11/The-Ideal-location_Queens-Gate_Strathaven-10.25-006.jpg","This is an exterior photograph of a residential neighborhood."
"Queens Gate, Strathaven","Queens Gate, Strathaven development gallery","","https://banconhomes.com/development/queens-gate-strathaven/","images/91a379ab0f39fd1f6561e49dfedc6305d2930cad231f4e3bd20d13304e7a1516.jpg","https://banconhomes.com/app/uploads/2025/11/Kitchen-DSC00875.jpg","This is an interior photograph of a kitchen."
"Queens Gate, Strathaven","Queens Gate, Strathaven development gallery","","https://banconhomes.com/development/queens-gate-strathaven/","images/3b60899f0ca01df3c1063780cb6e3fbeb03662fd3393b4b0c3b71bae9aad8fa4.jpg","https://banconhomes.com/app/uploads/2025/11/Bedroom-DSC00953.jpg","This is an interior photograph of a bedroom."
"Queens Gate, Strathaven","Queens Gate, Strathaven development gallery","","https://banconhomes.com/development/queens-gate-strathaven/","images/fd76cf877482b3249d54631f5a9ec28f3f0c85dd4d3a3519be9169ba1d0ad208.jpg","https://banconhomes.com/app/uploads/2025/12/DSC00971.jpg","This is a photograph of a bathroom."
"Queens Gate, Strathaven","Queens Gate, Strathaven development gallery","","https://banconhomes.com/development/queens-gate-strathaven/","images/f0f2cf42b462de18cd72b2d616ba581bd6123d8324edf095d4a35331bf1c0cf8.jpg","https://banconhomes.com/app/uploads/2025/11/Internal-Finish-DSC00818.jpg","The image shows a residential hallway connecting multiple rooms."
"Queens Gate, Strathaven","Queens Gate, Strathaven development gallery","","https://banconhomes.com/development/queens-gate-strathaven/","images/bf59aede1be258e212f8daf4e1b222f3058aa90cee3fef16e598cf91b88da762.jpg","https://banconhomes.com/app/uploads/2025/11/External-Finish-DSC00550.jpg","This is an exterior photograph of a residential property."
"Queens Gate, Strathaven","Queens Gate, Strathaven development gallery","","https://banconhomes.com/development/queens-gate-strathaven/","images/d2f5dc3bc1bf81330ebfd07e6e740465d969f30272a0560ac51ca9fa41966e62.jpg","https://banconhomes.com/app/uploads/2025/11/Hero-HiRes_Bancon-Homes_Queens-Gate_Strathaven-10.25-001.jpg","This is an exterior photograph of a residential street."
"Queens Gate, Strathaven","Queens Gate, Strathaven development gallery","","https://banconhomes.com/development/queens-gate-strathaven/","images/c24449c4d4178472b32c5c3811c390abc8682dac8818f4e4aa6d0766b6eea0ea.jpg","https://banconhomes.com/app/uploads/2025/11/Your-New-Neighbourhood-20200909-bancon_homes-strathaven-0029.jpg","This is a landscape photograph of a park or natural area."
"Lochside of Leys, Banchory","Plot 131 – The Raemoir","4","https://banconhomes.com/property/plot-131-the-raemoir/","images/cc5ae2e1fc66ad633a7fc6424fc202e1ff0f883097452644ab22e04cbe9649be.jpg","https://banconhomes.com/app/uploads/2025/12/Lochside-of-Leys-Raeburn-Exterior.jpg","This is a photograph of the exterior of a residential property."
"Lochside of Leys, Banchory","Plot 131 – The Raemoir","4","https://banconhomes.com/property/plot-131-the-raemoir/","images/41d69aef145f7c32573758dc752108e4827c3f885ffea89696524a221392bc35.jpg","https://banconhomes.com/app/uploads/2025/11/Kitchen_Lochside-Showhome-11.jpg","The image shows a kitchen interior."
"Lochside of Leys, Banchory","Plot 131 – The Raemoir","4","https://banconhomes.com/property/plot-131-the-raemoir/","images/0b54c5bb6e7353c3c0cbab9c4262ec00ba1fa7c05f4d1c3603969da461ad5bf8.jpg","https://banconhomes.com/app/uploads/2025/12/LoRes_Bancon-Homes_Lochside-Showhome-11.24-022-1.jpg","The image shows a furnished bedroom with a bed as the central piece of furniture."
"Lochside of Leys, Banchory","Plot 131 – The Raemoir","4","https://banconhomes.com/property/plot-131-the-raemoir/","images/d3091610169c54fdc55a3a60aca07361af967d637be97f13b060638d432af680.jpg","https://banconhomes.com/app/uploads/2025/12/LoRes_Bancon-Homes_Lochside-Showhome-11.24-018.jpg","This is a photograph of a bathroom."
"Lochside of Leys, Banchory","Plot 131 – The Raemoir","4","https://banconhomes.com/property/plot-131-the-raemoir/","images/52465e9eb560cee1f803ea6f8fe5385a347b752472a3b27d4d0ad54c4ca2667f.jpg","https://banconhomes.com/app/uploads/2025/12/LORES_1.jpg","This is a photograph of an interior hallway."
"Lochside of Leys, Banchory","Plot 131 – The Raemoir","4","https://banconhomes.com/property/plot-131-the-raemoir/","images/ff151ceaa7546e03f80a011539e672d8c2fad7f032e44ade93874beffae354a0.jpg","https://banconhomes.com/app/uploads/2025/12/LoRes_Bancon-Homes_Lochside-Showhome-11.24-008.jpg","This is a photograph of a dining room area within a residential property."
"Lochside of Leys, Banchory","Plot 131 – The Raemoir","4","https://banconhomes.com/property/plot-131-the-raemoir/","images/93986940a5db2b63ac124ec56334b10baaf6707421a4bd6d937853d4fa86baef.jpg","https://banconhomes.com/app/uploads/2025/12/LoRes_Bancon-Homes_Lochside-Showhome-11.24-010.jpg","This is a photograph of a living room or lounge area."
"Lochside of Leys, Banchory","Plot 131 – The Raemoir","4","https://banconhomes.com/property/plot-131-the-raemoir/","images/793f14987e7d1dd1b1136f4a7fd4f289898eb1c6c5a25f4b0fb2420376ca737f.jpg","https://banconhomes.com/app/uploads/2025/12/LoRes_Bancon-Homes_Lochside-Showhome-11.24-011.jpg","This is a photograph showing an open-plan living and dining space."
"Lochside of Leys, Banchory","Plot 131 – The Raemoir","4","https://banconhomes.com/property/plot-131-the-raemoir/","images/dfeaed056a5b2edfb6a5cf931dbc3ce9368401b608f764a568064458e3aa3b9f.jpg","https://banconhomes.com/app/uploads/2025/12/LoRes_Bancon-Homes_Lochside-Showhome-11.24-013.jpg","This is a photograph of a kitchen and dining area."
"Lochside of Leys, Banchory","Plot 131 – The Raemoir","4","https://banconhomes.com/property/plot-131-the-raemoir/","images/9152e6bcfbab52cc13973289f273503e9ef3b1b0038546c121b14a4b23031916.jpg","https://banconhomes.com/app/uploads/2025/12/LoRes_Bancon-Homes_Lochside-Showhome-11.24-017.jpg","This is a photograph of a bathroom."
"Lochside of Leys, Banchory","Plot 131 – The Raemoir","4","https://banconhomes.com/property/plot-131-the-raemoir/","images/e93c090417fc91fa989394eb88f10fbecd2aaa8e9ff58c8b278113d1d5f0f4c4.jpg","https://banconhomes.com/app/uploads/2025/12/LOAFEB1.jpg","This is a photograph of a living room."
"Lochside of Leys, Banchory","Plot 131 – The Raemoir","4","https://banconhomes.com/property/plot-131-the-raemoir/","images/808d665a48206fa0b020ff645b5177d84d87842b63c7b9fe5b3bcc43aa00b0de.jpg","https://banconhomes.com/app/uploads/2025/12/LO4A541.jpg","This is a photograph of a living room."
"Lochside of Leys, Banchory","Plot 128 – The Knockburn","4","https://banconhomes.com/property/plot-128-the-knockburn/","images/8336db4544e508e351bdcbe16f317fd4828c9d45b84cbc410af824c017da86ad.jpg","https://banconhomes.com/app/uploads/2025/12/Lochside-of-Leys-Knockburn-Exterior.jpg","This is a photograph of the exterior of a residential property."
"Lochside of Leys, Banchory","Plot 128 – The Knockburn","4","https://banconhomes.com/property/plot-128-the-knockburn/","images/36b9df4fa897a3389bbaaafbb68c1a89c8d009ac8883336166681450dfee6f7c.jpg","https://banconhomes.com/app/uploads/2025/12/Lochside-of-Leys_Bancon-19-DSCF8453.jpg","The image shows a kitchen area with cabinetry and appliances."
"Lochside of Leys, Banchory","Plot 128 – The Knockburn","4","https://banconhomes.com/property/plot-128-the-knockburn/","images/98b5b9b2d0d7c692ea5f38a67a15968cd31277b25641950a50e36a214db4a96f.jpg","https://banconhomes.com/app/uploads/2025/11/Lochside-of-Leys-Knockburn-Show-Home.jpg","The image shows a bedroom with a bed and bedroom furniture."
"Lochside of Leys, Banchory","Plot 128 – The Knockburn","4","https://banconhomes.com/property/plot-128-the-knockburn/","images/56fc6ada25455212ffcc898632cc5f0fff8e0da3acac9ca42a0f37cbf64a2e07.jpg","https://banconhomes.com/app/uploads/2025/12/LoRes_Bancon-Homes_Lochside-of-Leys_Plot-42-017.jpg","The image shows a bathroom with standard sanitary fixtures."
"Lochside of Leys, Banchory","Plot 128 – The Knockburn","4","https://banconhomes.com/property/plot-128-the-knockburn/","images/c0cb54f26c9ed360b19048403b6a75dd2bd6cba190f784f9fec6ede6de7f3556.jpg","https://banconhomes.com/app/uploads/2025/11/Lochside-of-Leys_Bancon-19-DSCF8389.jpg","The image shows a hallway space looking into a bedroom."
"Lochside of Leys, Banchory","Plot 128 – The Knockburn","4","https://banconhomes.com/property/plot-128-the-knockburn/","images/c0eaac628526e496283030a292ca75e328ddc7417947e4faefefba706bc7ac41.jpg","https://banconhomes.com/app/uploads/2026/05/Lochside-of-Leys-Konckburn-Show-Home-.jpg","The image shows a living room with seating and decorative furniture."
"Lochside of Leys, Banchory","Plot 128 – The Knockburn","4","https://banconhomes.com/property/plot-128-the-knockburn/","images/606639a5bdf270ac963430fe5e657780260076d4e4ec99e57058ca0cfa0a48c2.jpg","https://banconhomes.com/app/uploads/2026/05/Louisville-En-Suite-Bathroom-Copy.jpg","The image shows a functional bathroom with standard sanitary fixtures including a toilet, sink, and shower."
"Lochside of Leys, Banchory","Plot 128 – The Knockburn","4","https://banconhomes.com/property/plot-128-the-knockburn/","images/7615a9e09565dbe73b56e182729fae90f9f518209fdc972cc98b62457d568f34.jpg","https://banconhomes.com/app/uploads/2025/12/Lochside-of-Leys_Bancon-19-DSCF8368.jpg","This is a photograph of a furnished bedroom."
"Lochside of Leys, Banchory","Plot 129 – The Dalvenie","4","https://banconhomes.com/property/plot-129-the-dalvenie/","images/49439a3ef91310eec5a01ed94f4761bf5e6339c7cff0c356bea7ab0cc0103bc2.jpg","https://banconhomes.com/app/uploads/2025/12/Lochside-of-Leys-Dalvenie-Exterior.jpg","This is a photograph of the exterior of a residential property."
"Lochside of Leys, Banchory","Plot 129 – The Dalvenie","4","https://banconhomes.com/property/plot-129-the-dalvenie/","images/067a295d537d8cfe2ba2b33eb77f5f64231859967d8187dac93e93931e7ea495.jpg","https://banconhomes.com/app/uploads/2026/02/Birch-Visual-Kitchen-Web.jpg","This is a photograph of a real kitchen interior."
"Lochside of Leys, Banchory","Plot 129 – The Dalvenie","4","https://banconhomes.com/property/plot-129-the-dalvenie/","images/14dafa22bc781d1bc3c35027e8f4f00cf9ed8c4d0e3bea280ec1b13bd90b74e1.jpg","https://banconhomes.com/app/uploads/2025/11/PLOT-1-KINION-HEIGHTS-_-247899.jpg","This is a photograph of a bedroom."
"Lochside of Leys, Banchory","Plot 129 – The Dalvenie","4","https://banconhomes.com/property/plot-129-the-dalvenie/","images/a2096335b3274b4eea926eedede9fdd24a1682afe3bac98148e2928190de7ec7.jpg","https://banconhomes.com/app/uploads/2025/12/Typical-Bancon-Bathroom-Arbeadie-Web.jpg","The image depicts a standard residential bathroom."
"Lochside of Leys, Banchory","Plot 129 – The Dalvenie","4","https://banconhomes.com/property/plot-129-the-dalvenie/","images/28d6e76b1b16c8930cd455a0b0ea4deaf7437a80cabcd86a15acc3d6ac5b3013.jpg","https://banconhomes.com/app/uploads/2025/12/PLOT-1-KINION-HEIGHTS-_-247880.jpg","The image shows a portion of a living room reflected in a mirror."
"Lochside of Leys, Banchory","Plot 129 – The Dalvenie","4","https://banconhomes.com/property/plot-129-the-dalvenie/","images/bc273b7a0c6fdb5d85f853c2282dc0e447972ef60082f47a5696079111c79046.jpg","https://banconhomes.com/app/uploads/2025/12/Kitchen-still-1-scaled.jpg","This is a photograph of a real interior room, specifically a kitchen and dining area."
"Lochside of Leys, Banchory","Plot 129 – The Dalvenie","4","https://banconhomes.com/property/plot-129-the-dalvenie/","images/6deae548537fffa39b03e94cc1cec1f17bc2cfa75763b0a640e94893d7012735.jpg","https://banconhomes.com/app/uploads/2025/12/PLOT-1-KINION-HEIGHTS-_-247912.jpg","The image shows a furnished bedroom designed for a child."
"Lochside of Leys, Banchory","Plot 129 – The Dalvenie","4","https://banconhomes.com/property/plot-129-the-dalvenie/","images/76d416818b1ef9bb9600dc78d0f48a6f3d08db567142a2549bd9c951e961843b.jpg","https://banconhomes.com/app/uploads/2026/09/PLOT-1-KINION-HEIGHTS-_-247924.jpg","This is a photograph of a bedroom."
"Lochside of Leys, Banchory","Plot 129 – The Dalvenie","4","https://banconhomes.com/property/plot-129-the-dalvenie/","images/bdb51bce859db9e109d7aaf4fb6ee9a1c43e33a9dd14895181ffb4689f4835fb.jpg","https://banconhomes.com/app/uploads/2025/12/VH-1.jpg","This is a photograph of a real interior room, specifically a dining area."
"Lochside of Leys, Banchory","Plot 123 – The Dalvenie","4","https://banconhomes.com/property/plot-123-the-dalvenie/","images/49439a3ef91310eec5a01ed94f4761bf5e6339c7cff0c356bea7ab0cc0103bc2.jpg","https://banconhomes.com/app/uploads/2025/12/Lochside-of-Leys-Dalvenie-Exterior.jpg","This is a photograph of the exterior of a residential property."
"Lochside of Leys, Banchory","Plot 123 – The Dalvenie","4","https://banconhomes.com/property/plot-123-the-dalvenie/","images/067a295d537d8cfe2ba2b33eb77f5f64231859967d8187dac93e93931e7ea495.jpg","https://banconhomes.com/app/uploads/2026/02/Birch-Visual-Kitchen-Web.jpg","This is a photograph of a real kitchen interior."
"Lochside of Leys, Banchory","Plot 123 – The Dalvenie","4","https://banconhomes.com/property/plot-123-the-dalvenie/","images/14dafa22bc781d1bc3c35027e8f4f00cf9ed8c4d0e3bea280ec1b13bd90b74e1.jpg","https://banconhomes.com/app/uploads/2025/11/PLOT-1-KINION-HEIGHTS-_-247899.jpg","This is a photograph of a bedroom."
"Lochside of Leys, Banchory","Plot 123 – The Dalvenie","4","https://banconhomes.com/property/plot-123-the-dalvenie/","images/a2096335b3274b4eea926eedede9fdd24a1682afe3bac98148e2928190de7ec7.jpg","https://banconhomes.com/app/uploads/2025/12/Typical-Bancon-Bathroom-Arbeadie-Web.jpg","The image depicts a standard residential bathroom."
"Lochside of Leys, Banchory","Plot 123 – The Dalvenie","4","https://banconhomes.com/property/plot-123-the-dalvenie/","images/28d6e76b1b16c8930cd455a0b0ea4deaf7437a80cabcd86a15acc3d6ac5b3013.jpg","https://banconhomes.com/app/uploads/2025/12/PLOT-1-KINION-HEIGHTS-_-247880.jpg","The image shows a portion of a living room reflected in a mirror."
"Lochside of Leys, Banchory","Plot 123 – The Dalvenie","4","https://banconhomes.com/property/plot-123-the-dalvenie/","images/ab8d0205c31a6301f9aa139ce7b4113b414ec10a71fbb5d357918c47a1c86094.jpg","https://banconhomes.com/app/uploads/2026/02/Gallery-Kitchen-and-Dining-Area-Web.jpg","This is a photograph of a real kitchen and dining area."
"Lochside of Leys, Banchory","Plot 123 – The Dalvenie","4","https://banconhomes.com/property/plot-123-the-dalvenie/","images/6deae548537fffa39b03e94cc1cec1f17bc2cfa75763b0a640e94893d7012735.jpg","https://banconhomes.com/app/uploads/2025/12/PLOT-1-KINION-HEIGHTS-_-247912.jpg","The image shows a furnished bedroom designed for a child."
"Lochside of Leys, Banchory","Plot 123 – The Dalvenie","4","https://banconhomes.com/property/plot-123-the-dalvenie/","images/76d416818b1ef9bb9600dc78d0f48a6f3d08db567142a2549bd9c951e961843b.jpg","https://banconhomes.com/app/uploads/2026/09/PLOT-1-KINION-HEIGHTS-_-247924.jpg","This is a photograph of a bedroom."
"Lochside of Leys, Banchory","Plot 123 – The Dalvenie","4","https://banconhomes.com/property/plot-123-the-dalvenie/","images/bdb51bce859db9e109d7aaf4fb6ee9a1c43e33a9dd14895181ffb4689f4835fb.jpg","https://banconhomes.com/app/uploads/2025/12/VH-1.jpg","This is a photograph of a real interior room, specifically a dining area."
"Lochside of Leys, Banchory","Lochside of Leys, Banchory development gallery","","https://banconhomes.com/development/lochside-of-leys-banchory/","images/1df05e9a688e96cbf737feaf38c32f1fa2dba87592b6116316ef270a8ff37f24.jpg","https://banconhomes.com/app/uploads/2025/12/Find-your-dream-new-home-today_Lochside-of-Leys_Street-Scenes-06.25-009-1.jpg","This is a photograph of a real exterior residential street."
"Lochside of Leys, Banchory","Lochside of Leys, Banchory development gallery","","https://banconhomes.com/development/lochside-of-leys-banchory/","images/41d69aef145f7c32573758dc752108e4827c3f885ffea89696524a221392bc35.jpg","https://banconhomes.com/app/uploads/2025/11/Kitchen_Lochside-Showhome-11.jpg","The image shows a kitchen interior."
"Lochside of Leys, Banchory","Lochside of Leys, Banchory development gallery","","https://banconhomes.com/development/lochside-of-leys-banchory/","images/f6c15bcaadb0acf5691c751794cad317d2461fcd7019ad3fd82f21e829fb70c9.jpg","https://banconhomes.com/app/uploads/2026/02/LoRes_Bancon-Homes_Elmwood_Beatlie-Bedroom.jpg","This is a photograph of a furnished bedroom."
"Lochside of Leys, Banchory","Lochside of Leys, Banchory development gallery","","https://banconhomes.com/development/lochside-of-leys-banchory/","images/507ec8f69c1015260cfc3db627e0737b987b33b22e4ad65f024f64d2e0ea6756.jpg","https://banconhomes.com/app/uploads/2026/02/LoRes_Bancon-Homes_Elmwood_Beatlie-Bathroom.jpg","The image shows a functional bathroom space."
"Lochside of Leys, Banchory","Lochside of Leys, Banchory development gallery","","https://banconhomes.com/development/lochside-of-leys-banchory/","images/52465e9eb560cee1f803ea6f8fe5385a347b752472a3b27d4d0ad54c4ca2667f.jpg","https://banconhomes.com/app/uploads/2025/12/LORES_1.jpg","This is a photograph of an interior hallway."
"Lochside of Leys, Banchory","Lochside of Leys, Banchory development gallery","","https://banconhomes.com/development/lochside-of-leys-banchory/","images/a0358eb38e19b08c417ad8c533c9da210deac21ec52aba2b9b186a64f7cfc08a.jpg","https://banconhomes.com/app/uploads/2025/11/Hero-Lochside-of-Leys_Bancon-Homes_Lochside-of-Leys_Street-Scenes-06.jpg","This is a photograph of the exterior of the property development."
"Lochside of Leys, Banchory","Lochside of Leys, Banchory development gallery","","https://banconhomes.com/development/lochside-of-leys-banchory/","images/2237e96ad115986f269bdfe3b393dd9c833f8a200098e2e0c020d0b158c93a0e.jpg","https://banconhomes.com/app/uploads/2025/11/The-Ideal-location_Lochside-of-Leys_Street-Scenes-06.jpg","This is a photograph of the exterior of the property development."
"Lochside of Leys, Banchory","Lochside of Leys, Banchory development gallery","","https://banconhomes.com/development/lochside-of-leys-banchory/","images/cc5ae2e1fc66ad633a7fc6424fc202e1ff0f883097452644ab22e04cbe9649be.jpg","https://banconhomes.com/app/uploads/2025/12/Lochside-of-Leys-Raeburn-Exterior.jpg","This is a photograph of the exterior of a residential property."
"Lochside of Leys, Banchory","Lochside of Leys, Banchory development gallery","","https://banconhomes.com/development/lochside-of-leys-banchory/","images/8336db4544e508e351bdcbe16f317fd4828c9d45b84cbc410af824c017da86ad.jpg","https://banconhomes.com/app/uploads/2025/12/Lochside-of-Leys-Knockburn-Exterior.jpg","This is a photograph of the exterior of a residential property."
"Lochside of Leys, Banchory","Lochside of Leys, Banchory development gallery","","https://banconhomes.com/development/lochside-of-leys-banchory/","images/49439a3ef91310eec5a01ed94f4761bf5e6339c7cff0c356bea7ab0cc0103bc2.jpg","https://banconhomes.com/app/uploads/2025/12/Lochside-of-Leys-Dalvenie-Exterior.jpg","This is a photograph of the exterior of a residential property."
"Lochside of Leys, Banchory","Lochside of Leys, Banchory development gallery","","https://banconhomes.com/development/lochside-of-leys-banchory/","images/3c6b6e8e8f6ec9c5b7ba43eb6dbdb037ace2d289d30689ffa86ca40c0a3043aa.jpg","https://banconhomes.com/app/uploads/2025/11/An-Exciting-Location-to-call-home-Bennachie-1-Crathes-Castle-image-1.jpg","This is a photograph of the exterior of a castle and its garden."
"The Reserve at Eden, Aberdeen","Plot 81 – The Loch","2","https://banconhomes.com/property/plot-81-the-loch/","images/d354b5bb2f3aaf6dbb649b8ac93b8d8325928ae0dae3799db8784ac0288f9e04.jpg","https://banconhomes.com/app/uploads/2025/12/Loch-The-Reserve-at-Eden-Web.jpg","This is a photograph of the exterior of a residential property."
"The Reserve at Eden, Aberdeen","Plot 81 – The Loch","2","https://banconhomes.com/property/plot-81-the-loch/","images/bfe2367104401087de92474fab99234d277e79c89021dc101b8539542089a831.jpg","https://banconhomes.com/app/uploads/2025/12/John-MacLoed-Way-9_25_011.jpg","This is a photograph of a kitchen."
"The Reserve at Eden, Aberdeen","Plot 81 – The Loch","2","https://banconhomes.com/property/plot-81-the-loch/","images/0e1035a7be215c98e446afed8cb2e1ebbd3764a5b66da682ebcfe80cf5c1bb89.jpg","https://banconhomes.com/app/uploads/2025/12/John-MacLoed-Way-9_25_024.jpg","This is a photograph of a bedroom interior."
"The Reserve at Eden, Aberdeen","Plot 81 – The Loch","2","https://banconhomes.com/property/plot-81-the-loch/","images/f70358d03bfbcb4acd36302bac338cff6da8550a845e5bf68fe43f2a6c796a9a.jpg","https://banconhomes.com/app/uploads/2025/12/John-MacLoed-Way-9_25_032.jpg","This is a photograph of a bathroom."
"The Reserve at Eden, Aberdeen","Plot 81 – The Loch","2","https://banconhomes.com/property/plot-81-the-loch/","images/920bec437b9a7275f5d9a7ff41400da4790095dc7191f82677996c14cf6137d4.jpg","https://banconhomes.com/app/uploads/2025/12/John-MacLoed-Way-9_25_037.jpg","This is a photograph of an interior hallway and staircase."
"The Reserve at Eden, Aberdeen","Plot 81 – The Loch","2","https://banconhomes.com/property/plot-81-the-loch/","images/18d6bdfe91c1c7353f009890e022520fa1d58b1ef0dfac460e1bf5f7377129d2.jpg","https://banconhomes.com/app/uploads/2025/12/John-MacLoed-Way-9_25_042.jpg","This is a photograph of a garden view from inside."
"The Reserve at Eden, Aberdeen","Plot 81 – The Loch","2","https://banconhomes.com/property/plot-81-the-loch/","images/c00abbc3568a31f78002660a93669cf79fb9aeddd5eeecc8107c7c16fbcbd620.jpg","https://banconhomes.com/app/uploads/2025/12/John-MacLoed-Way-9_25_003.jpg","This is a photograph of an entrance hallway."
"The Reserve at Eden, Aberdeen","Plot 81 – The Loch","2","https://banconhomes.com/property/plot-81-the-loch/","images/c6229eae123e79165ea72332c02ae381679c3c02b53563d5dd1101d8c183d0d8.jpg","https://banconhomes.com/app/uploads/2025/12/John-MacLoed-Way-9_25_004.jpg","This is a residential hallway/entrance area."
"The Reserve at Eden, Aberdeen","Plot 81 – The Loch","2","https://banconhomes.com/property/plot-81-the-loch/","images/189f68d9f785d0d93ce5fb78d18f8909eb63cd6ba5ea857406683f0395ee6ec5.jpg","https://banconhomes.com/app/uploads/2025/12/John-MacLoed-Way-9_25_005.jpg","This is a living and dining area."
"The Reserve at Eden, Aberdeen","Plot 81 – The Loch","2","https://banconhomes.com/property/plot-81-the-loch/","images/9c3385c775c1e5a5ce99a9e35fa4f487c78ca1409d2fcf8a1d0a306b20664793.jpg","https://banconhomes.com/app/uploads/2025/12/John-MacLoed-Way-9_25_007.jpg","This is a living and dining area."
"The Reserve at Eden, Aberdeen","Plot 81 – The Loch","2","https://banconhomes.com/property/plot-81-the-loch/","images/0e500343d647e67e723fef4536084bd3ad469f40edbe8b0ea8201919e535f067.jpg","https://banconhomes.com/app/uploads/2025/12/John-MacLoed-Way-9_25_009.jpg","This is an open-plan living, dining, and kitchen area."
"The Reserve at Eden, Aberdeen","Plot 81 – The Loch","2","https://banconhomes.com/property/plot-81-the-loch/","images/c301ceaf9f7fdb4b679a251e900dad94a19ffca1786fb74859f938aa0d6ab74f.jpg","https://banconhomes.com/app/uploads/2025/12/John-MacLoed-Way-9_25_010-1.jpg","This is a photograph of a functional kitchen and dining area."
"The Reserve at Eden, Aberdeen","Plot 81 – The Loch","2","https://banconhomes.com/property/plot-81-the-loch/","images/701ea153c9929e971fbfef09773bedfb830544d0906e4d2d09b39a4d775e7be9.jpg","https://banconhomes.com/app/uploads/2025/12/John-MacLoed-Way-9_25_012.jpg","This is a photograph of a kitchen and dining space with an exterior view."
"The Reserve at Eden, Aberdeen","Plot 81 – The Loch","2","https://banconhomes.com/property/plot-81-the-loch/","images/45191d5413cdb206770d8570a7666330f7c12fa94669b10fe9a9fcfa780ec7cc.jpg","https://banconhomes.com/app/uploads/2025/12/John-MacLoed-Way-9_25_014.jpg","This is a photograph of a living room corner."
"The Reserve at Eden, Aberdeen","Plot 81 – The Loch","2","https://banconhomes.com/property/plot-81-the-loch/","images/90ce877a7e5870ef69b0fd890363ef07799e70f9fc7f32657a1d1403fed93561.jpg","https://banconhomes.com/app/uploads/2025/12/John-MacLoed-Way-9_25_015.jpg","This is a detail shot of home decor within a living space."
"The Reserve at Eden, Aberdeen","Plot 81 – The Loch","2","https://banconhomes.com/property/plot-81-the-loch/","images/ec7d3361cc42b3723bf06a20154cccb1ccca1ea5e6bf289c8a3d4d1236ca57b0.jpg","https://banconhomes.com/app/uploads/2025/12/John-MacLoed-Way-9_25_019.jpg","This is a photograph of a bathroom."
"The Reserve at Eden, Aberdeen","Plot 81 – The Loch","2","https://banconhomes.com/property/plot-81-the-loch/","images/db3eaab09410278f9a0c33799fcd1da782992ef1f84e2c4abfd334047ab2ced3.jpg","https://banconhomes.com/app/uploads/2025/12/John-MacLoed-Way-9_25_041.jpg","This is a photograph of a garden and patio area."
"The Reserve at Eden, Aberdeen","Plot 84 – The Richmond","3","https://banconhomes.com/property/plot-84-the-richmond/","images/c7f9b71855273d090a22240463cd2601974b58b7645604ea287a257ebe4993e0.jpg","https://banconhomes.com/app/uploads/2025/11/plot-83-the-richmond-eden.jpg","This is an exterior view of a property."
"The Reserve at Eden, Aberdeen","Plot 84 – The Richmond","3","https://banconhomes.com/property/plot-84-the-richmond/","images/e9339efa4681b92f8595f3473775771cd005dd81a8a54662c41c9d64782de14e.jpg","https://banconhomes.com/app/uploads/2025/11/The-Richmond_Eden-Reserve-21-_5847.jpg","This is a photograph of a kitchen."
"The Reserve at Eden, Aberdeen","Plot 84 – The Richmond","3","https://banconhomes.com/property/plot-84-the-richmond/","images/14dafa22bc781d1bc3c35027e8f4f00cf9ed8c4d0e3bea280ec1b13bd90b74e1.jpg","https://banconhomes.com/app/uploads/2025/11/PLOT-1-KINION-HEIGHTS-_-247899.jpg","This is a photograph of a bedroom."
"The Reserve at Eden, Aberdeen","Plot 84 – The Richmond","3","https://banconhomes.com/property/plot-84-the-richmond/","images/3bc78c3d39283d612eac7d214627ef2493c6f109367677c93be7bf3ab2671fe5.jpg","https://banconhomes.com/app/uploads/2025/11/The-Richmond_Eden-Reserve-21-_5830.jpg","This is a photograph of a bathroom."
"The Reserve at Eden, Aberdeen","Plot 84 – The Richmond","3","https://banconhomes.com/property/plot-84-the-richmond/","images/88a2c81456f5f184ebee534afdcc1f89919feb167b8d0783c12f6e8f20040b8f.jpg","https://banconhomes.com/app/uploads/2025/11/The-Richmond_Eden-Reserve-21-_5817.jpg","This is a photograph of a bathroom."
"The Reserve at Eden, Aberdeen","Plot 84 – The Richmond","3","https://banconhomes.com/property/plot-84-the-richmond/","images/2c2e22e9e3cecfbe590058fb39b1901ca52201081024ef6177b6c176e21b7e1d.jpg","https://banconhomes.com/app/uploads/2025/11/Small-Dev-Image_Street-Scenes-06.jpg","This is a photograph of the exterior of residential properties."
"The Reserve at Eden, Aberdeen","Plot 84 – The Richmond","3","https://banconhomes.com/property/plot-84-the-richmond/","images/a9bf5dd7d0b3ddd313bcf3cab2ea8ec2dff65634a4238f4865c1d42caa96156e.jpg","https://banconhomes.com/app/uploads/2025/11/The-Richmond_Eden-Reserve-21-_5822.jpg","This is a photograph of a furnished bedroom."
"The Reserve at Eden, Aberdeen","Plot 84 – The Richmond","3","https://banconhomes.com/property/plot-84-the-richmond/","images/ec724666a05ab9f2bf1f46c122790cbd08f25cd99ef6e0e2dcb159e59abdbff5.jpg","https://banconhomes.com/app/uploads/2025/11/The-Richmond_Eden-Reserve-21-_5825.jpg","This is a photograph of a furnished bedroom."
"The Reserve at Eden, Aberdeen","Plot 84 – The Richmond","3","https://banconhomes.com/property/plot-84-the-richmond/","images/cc39b986c9050e0f47b6c424b4699e1da5509b29b84e850185e09661ebce428a.jpg","https://banconhomes.com/app/uploads/2025/11/The-Richmond_Eden-Reserve-21-_5840.jpg","This is a photograph of a furnished living room."
"The Reserve at Eden, Aberdeen","Plot 84 – The Richmond","3","https://banconhomes.com/property/plot-84-the-richmond/","images/a25f3bf5c98887783776549495c393b5c4b185435eba43a0c6de8c9fd6d13715.jpg","https://banconhomes.com/app/uploads/2025/11/The-Richmond_Eden-Reserve-21-_5849.jpg","This is a photograph of a functional kitchen and dining space within a property."
"The Reserve at Eden, Aberdeen","Plot 138 – The Rosehill","4","https://banconhomes.com/property/plot-138-the-rosehill/","images/d329b9a1ef68f04321b8047667669c418aa0094d215dab10fde4f93b8a2fac4b.jpg","https://banconhomes.com/app/uploads/2025/12/Rosehill-The-Reserve-at-Eden-Web.jpg","This is an exterior view of a property."
"The Reserve at Eden, Aberdeen","Plot 138 – The Rosehill","4","https://banconhomes.com/property/plot-138-the-rosehill/","images/3b514ef3f45ac34fe5e674c75342e6d924dfb2c1c7484c4a2b32bccbef5f1434.jpg","https://banconhomes.com/app/uploads/2025/12/Plot-75-Reserve-at-Eden-_-240492.jpg","This is a photograph of an interior kitchen."
"The Reserve at Eden, Aberdeen","Plot 138 – The Rosehill","4","https://banconhomes.com/property/plot-138-the-rosehill/","images/decf440feaa779b4908ac7e7d69301ba69c428787707801fdf18bcb086be9b64.jpg","https://banconhomes.com/app/uploads/2026/05/Plot-75-Reserve-at-Eden-_-240518.jpg","This is an interior photograph of a bedroom."
"The Reserve at Eden, Aberdeen","Plot 138 – The Rosehill","4","https://banconhomes.com/property/plot-138-the-rosehill/","images/f89127d85b071ea6f76fcd3aac4f5565deb27c55fb9b16f557be38f6cc66cc1d.jpg","https://banconhomes.com/app/uploads/2026/05/Plot-75-Reserve-at-Eden-_-240509.jpg","This is a photograph of a functional bathroom interior."
"The Reserve at Eden, Aberdeen","Plot 138 – The Rosehill","4","https://banconhomes.com/property/plot-138-the-rosehill/","images/9e96853203b2644ddc0559e2c69f04810c5f580ac1f7647be650f1506a74591c.jpg","https://banconhomes.com/app/uploads/2026/05/Plot-75-Reserve-at-Eden-_-240503.jpg","This is a photograph of a residential hallway."
"The Reserve at Eden, Aberdeen","Plot 138 – The Rosehill","4","https://banconhomes.com/property/plot-138-the-rosehill/","images/c3396eea1597959476874b2e16eeb996be9f4e2c24b7f1c902a962689c7492c4.jpg","https://banconhomes.com/app/uploads/2025/12/Plot-75-Reserve-at-Eden-_-240466.jpg","This is an exterior view of a property."
"The Reserve at Eden, Aberdeen","Plot 138 – The Rosehill","4","https://banconhomes.com/property/plot-138-the-rosehill/","images/f1ada0ce963177a05f4a92ab863624f1180a270b50dbbfbf7c7097e5163cd26b.jpg","https://banconhomes.com/app/uploads/2026/05/Plot-75-Reserve-at-Eden-_-240528.jpg","The image shows a bedroom with a bed and a small desk for play."
"The Reserve at Eden, Aberdeen","Plot 138 – The Rosehill","4","https://banconhomes.com/property/plot-138-the-rosehill/","images/2bc81640d64a12cffff3012bbc34c8c1e777238dd488d4775fd40ee9c5a14a84.jpg","https://banconhomes.com/app/uploads/2026/05/Plot-75-Reserve-at-Eden-_-240523.jpg","The image shows a bedroom with a bed and child-oriented decor."
"The Reserve at Eden, Aberdeen","Plot 138 – The Rosehill","4","https://banconhomes.com/property/plot-138-the-rosehill/","images/409daf500e3a740e40011760bdbbcf74ad70f00e35003a683b0a9c8afe1b8d01.jpg","https://banconhomes.com/app/uploads/2026/05/Plot-75-Reserve-at-Eden-_-240519.jpg","This is a photograph of a furnished bedroom."
"The Reserve at Eden, Aberdeen","Plot 138 – The Rosehill","4","https://banconhomes.com/property/plot-138-the-rosehill/","images/5497da2bfd3635c5922da8faa67a213507b4901ac511a47f3ef63861f43d7af3.jpg","https://banconhomes.com/app/uploads/2026/05/Plot-75-Reserve-at-Eden-_-240514.jpg","This is a photograph of a bathroom interior."
"The Reserve at Eden, Aberdeen","Plot 138 – The Rosehill","4","https://banconhomes.com/property/plot-138-the-rosehill/","images/774f7f5a1c60d0ce937079bb40ed5390f76bccc7e284b1e5dfcea3043fc35e1b.jpg","https://banconhomes.com/app/uploads/2026/05/Plot-75-Reserve-at-Eden-_-240506.jpg","This is a photograph taken from a hallway looking into adjacent rooms."
"The Reserve at Eden, Aberdeen","Plot 138 – The Rosehill","4","https://banconhomes.com/property/plot-138-the-rosehill/","images/6661dc04269c703b30306a2510f570e235f486e57bd8f59f1b58b666a48af523.jpg","https://banconhomes.com/app/uploads/2026/05/Plot-75-Reserve-at-Eden-_-240504.jpg","This is a photograph of an upstairs landing/hallway."
"The Reserve at Eden, Aberdeen","Plot 138 – The Rosehill","4","https://banconhomes.com/property/plot-138-the-rosehill/","images/7f20d5530ecad959a8c73906ae70e60ef8893a3a1be5c572aac2ca03b36fe880.jpg","https://banconhomes.com/app/uploads/2025/12/Plot-75-Reserve-at-Eden-_-240498.jpg","This is a photograph of a real room showing a combined kitchen and living space."
"The Reserve at Eden, Aberdeen","Plot 138 – The Rosehill","4","https://banconhomes.com/property/plot-138-the-rosehill/","images/aa33a28e6545bcced7ea46a75b2ac11d9cef68a8f8ea803f0e89b00f11f712d6.jpg","https://banconhomes.com/app/uploads/2026/05/Plot-75-Reserve-at-Eden-_-240476.jpg","This is a photograph of a furnished living room."
"The Reserve at Eden, Aberdeen","Plot 138 – The Rosehill","4","https://banconhomes.com/property/plot-138-the-rosehill/","images/01aa4db06718507041f52649cecadadde2c693319f28bb663aeb871f62a047f1.jpg","https://banconhomes.com/app/uploads/2025/12/Plot-75-Reserve-at-Eden-_-240487.jpg","This is a photograph of a real room showing a combined kitchen and living space."
"The Reserve at Eden, Aberdeen","Plot 141 – The Raeburn","4","https://banconhomes.com/property/plot-141-the-raeburn/","images/42072de33479aae8c5617054607570c6913d09311054e161ad5971c61f91dff2.jpg","https://banconhomes.com/app/uploads/2026/10/5_Raeburn-Plot-05-REV-A-Web.jpg","This is a photograph of a real property exterior."
"The Reserve at Eden, Aberdeen","Plot 141 – The Raeburn","4","https://banconhomes.com/property/plot-141-the-raeburn/","images/2314c9fd8879dbf4ece89243f2e125789f5c4ec03454415464f6f032200c4dff.jpg","https://banconhomes.com/app/uploads/2026/09/PLOT-1-KINION-HEIGHTS-_-247888.jpg","This is a photograph of a kitchen and dining area."
"The Reserve at Eden, Aberdeen","Plot 141 – The Raeburn","4","https://banconhomes.com/property/plot-141-the-raeburn/","images/decf440feaa779b4908ac7e7d69301ba69c428787707801fdf18bcb086be9b64.jpg","https://banconhomes.com/app/uploads/2026/05/Plot-75-Reserve-at-Eden-_-240518.jpg","This is an interior photograph of a bedroom."
"The Reserve at Eden, Aberdeen","Plot 141 – The Raeburn","4","https://banconhomes.com/property/plot-141-the-raeburn/","images/f89127d85b071ea6f76fcd3aac4f5565deb27c55fb9b16f557be38f6cc66cc1d.jpg","https://banconhomes.com/app/uploads/2026/05/Plot-75-Reserve-at-Eden-_-240509.jpg","This is a photograph of a functional bathroom interior."
"The Reserve at Eden, Aberdeen","Plot 141 – The Raeburn","4","https://banconhomes.com/property/plot-141-the-raeburn/","images/9e96853203b2644ddc0559e2c69f04810c5f580ac1f7647be650f1506a74591c.jpg","https://banconhomes.com/app/uploads/2026/05/Plot-75-Reserve-at-Eden-_-240503.jpg","This is a photograph of a residential hallway."
"The Reserve at Eden, Aberdeen","Plot 141 – The Raeburn","4","https://banconhomes.com/property/plot-141-the-raeburn/","images/5458365dcf415a96c65973a2fd9f7ced339f50a1d44ab40a9d2469bba4b181d1.jpg","https://banconhomes.com/app/uploads/2026/09/PLOT-1-KINION-HEIGHTS-_-247891.jpg","This is a photograph of a living room space."
"The Reserve at Eden, Aberdeen","Plot 141 – The Raeburn","4","https://banconhomes.com/property/plot-141-the-raeburn/","images/dd21f83c178f38cc9ab97ba32a7f76ecdf3a1b5e2f93e8316883f7477873825a.jpg","https://banconhomes.com/app/uploads/2026/09/PLOT-1-KINION-HEIGHTS-_-247895.jpg","This is a photograph of a residential hallway and landing."
"The Reserve at Eden, Aberdeen","Plot 141 – The Raeburn","4","https://banconhomes.com/property/plot-141-the-raeburn/","images/75b90ade74094ebac07a0f3a6012f2ba74a1f9cd864cf45cf514f50901a2287c.jpg","https://banconhomes.com/app/uploads/2026/09/PLOT-1-KINION-HEIGHTS-_-247916.jpg","This is a photograph of a bathroom."
"The Reserve at Eden, Aberdeen","Plot 141 – The Raeburn","4","https://banconhomes.com/property/plot-141-the-raeburn/","images/734894e9e5afefeca5bf77e4564f0c3aa0d9ec4d9964343d1143b52536bfbc52.jpg","https://banconhomes.com/app/uploads/2026/09/PLOT-1-KINION-HEIGHTS-_-247907.jpg","This is a photograph of a bathroom."
"The Reserve at Eden, Aberdeen","Plot 141 – The Raeburn","4","https://banconhomes.com/property/plot-141-the-raeburn/","images/d4873bff90422edb9b82d924a1f4d4a3ba3bde25bbfb09bcb428790c5282c8d2.jpg","https://banconhomes.com/app/uploads/2026/02/PLOT-1-KINION-HEIGHTS-_-247920.jpg","This is a photograph of a real bedroom interior."
"The Reserve at Eden, Aberdeen","Plot 141 – The Raeburn","4","https://banconhomes.com/property/plot-141-the-raeburn/","images/6deae548537fffa39b03e94cc1cec1f17bc2cfa75763b0a640e94893d7012735.jpg","https://banconhomes.com/app/uploads/2025/12/PLOT-1-KINION-HEIGHTS-_-247912.jpg","The image shows a furnished bedroom designed for a child."
"The Reserve at Eden, Aberdeen","Plot 141 – The Raeburn","4","https://banconhomes.com/property/plot-141-the-raeburn/","images/1dfefe986752188231355bbb283771984091ed135ae74bfc389eacae3986d0a0.jpg","https://banconhomes.com/app/uploads/2025/12/PLOT-1-KINION-HEIGHTS-_-247872-1.jpg","The image shows a furnished living room space."
"The Reserve at Eden, Aberdeen","Plot 102 – The Richmond","3","https://banconhomes.com/property/plot-102-the-richmond/","images/c7f9b71855273d090a22240463cd2601974b58b7645604ea287a257ebe4993e0.jpg","https://banconhomes.com/app/uploads/2025/11/plot-83-the-richmond-eden.jpg","This is an exterior view of a property."
"The Reserve at Eden, Aberdeen","Plot 102 – The Richmond","3","https://banconhomes.com/property/plot-102-the-richmond/","images/e9339efa4681b92f8595f3473775771cd005dd81a8a54662c41c9d64782de14e.jpg","https://banconhomes.com/app/uploads/2025/11/The-Richmond_Eden-Reserve-21-_5847.jpg","This is a photograph of a kitchen."
"The Reserve at Eden, Aberdeen","Plot 102 – The Richmond","3","https://banconhomes.com/property/plot-102-the-richmond/","images/14dafa22bc781d1bc3c35027e8f4f00cf9ed8c4d0e3bea280ec1b13bd90b74e1.jpg","https://banconhomes.com/app/uploads/2025/11/PLOT-1-KINION-HEIGHTS-_-247899.jpg","This is a photograph of a bedroom."
"The Reserve at Eden, Aberdeen","Plot 102 – The Richmond","3","https://banconhomes.com/property/plot-102-the-richmond/","images/3bc78c3d39283d612eac7d214627ef2493c6f109367677c93be7bf3ab2671fe5.jpg","https://banconhomes.com/app/uploads/2025/11/The-Richmond_Eden-Reserve-21-_5830.jpg","This is a photograph of a bathroom."
"The Reserve at Eden, Aberdeen","Plot 102 – The Richmond","3","https://banconhomes.com/property/plot-102-the-richmond/","images/88a2c81456f5f184ebee534afdcc1f89919feb167b8d0783c12f6e8f20040b8f.jpg","https://banconhomes.com/app/uploads/2025/11/The-Richmond_Eden-Reserve-21-_5817.jpg","This is a photograph of a bathroom."
"The Reserve at Eden, Aberdeen","Plot 102 – The Richmond","3","https://banconhomes.com/property/plot-102-the-richmond/","images/2c2e22e9e3cecfbe590058fb39b1901ca52201081024ef6177b6c176e21b7e1d.jpg","https://banconhomes.com/app/uploads/2025/11/Small-Dev-Image_Street-Scenes-06.jpg","This is a photograph of the exterior of residential properties."
"The Reserve at Eden, Aberdeen","Plot 102 – The Richmond","3","https://banconhomes.com/property/plot-102-the-richmond/","images/a9bf5dd7d0b3ddd313bcf3cab2ea8ec2dff65634a4238f4865c1d42caa96156e.jpg","https://banconhomes.com/app/uploads/2025/11/The-Richmond_Eden-Reserve-21-_5822.jpg","This is a photograph of a furnished bedroom."
"The Reserve at Eden, Aberdeen","Plot 102 – The Richmond","3","https://banconhomes.com/property/plot-102-the-richmond/","images/ec724666a05ab9f2bf1f46c122790cbd08f25cd99ef6e0e2dcb159e59abdbff5.jpg","https://banconhomes.com/app/uploads/2025/11/The-Richmond_Eden-Reserve-21-_5825.jpg","This is a photograph of a furnished bedroom."
"The Reserve at Eden, Aberdeen","Plot 102 – The Richmond","3","https://banconhomes.com/property/plot-102-the-richmond/","images/cc39b986c9050e0f47b6c424b4699e1da5509b29b84e850185e09661ebce428a.jpg","https://banconhomes.com/app/uploads/2025/11/The-Richmond_Eden-Reserve-21-_5840.jpg","This is a photograph of a furnished living room."
"The Reserve at Eden, Aberdeen","Plot 102 – The Richmond","3","https://banconhomes.com/property/plot-102-the-richmond/","images/a25f3bf5c98887783776549495c393b5c4b185435eba43a0c6de8c9fd6d13715.jpg","https://banconhomes.com/app/uploads/2025/11/The-Richmond_Eden-Reserve-21-_5849.jpg","This is a photograph of a functional kitchen and dining space within a property."
"The Reserve at Eden, Aberdeen","More Information","2","https://banconhomes.com/property/plot-81-the-lock/","images/d354b5bb2f3aaf6dbb649b8ac93b8d8325928ae0dae3799db8784ac0288f9e04.jpg","https://banconhomes.com/app/uploads/2025/12/Loch-The-Reserve-at-Eden-Web.jpg","This is a photograph of the exterior of a residential property."
"The Reserve at Eden, Aberdeen","More Information","2","https://banconhomes.com/property/plot-81-the-lock/","images/bfe2367104401087de92474fab99234d277e79c89021dc101b8539542089a831.jpg","https://banconhomes.com/app/uploads/2025/12/John-MacLoed-Way-9_25_011.jpg","This is a photograph of a kitchen."
"The Reserve at Eden, Aberdeen","More Information","2","https://banconhomes.com/property/plot-81-the-lock/","images/0e1035a7be215c98e446afed8cb2e1ebbd3764a5b66da682ebcfe80cf5c1bb89.jpg","https://banconhomes.com/app/uploads/2025/12/John-MacLoed-Way-9_25_024.jpg","This is a photograph of a bedroom interior."
"The Reserve at Eden, Aberdeen","More Information","2","https://banconhomes.com/property/plot-81-the-lock/","images/f70358d03bfbcb4acd36302bac338cff6da8550a845e5bf68fe43f2a6c796a9a.jpg","https://banconhomes.com/app/uploads/2025/12/John-MacLoed-Way-9_25_032.jpg","This is a photograph of a bathroom."
"The Reserve at Eden, Aberdeen","More Information","2","https://banconhomes.com/property/plot-81-the-lock/","images/920bec437b9a7275f5d9a7ff41400da4790095dc7191f82677996c14cf6137d4.jpg","https://banconhomes.com/app/uploads/2025/12/John-MacLoed-Way-9_25_037.jpg","This is a photograph of an interior hallway and staircase."
"The Reserve at Eden, Aberdeen","More Information","2","https://banconhomes.com/property/plot-81-the-lock/","images/18d6bdfe91c1c7353f009890e022520fa1d58b1ef0dfac460e1bf5f7377129d2.jpg","https://banconhomes.com/app/uploads/2025/12/John-MacLoed-Way-9_25_042.jpg","This is a photograph of a garden view from inside."
"The Reserve at Eden, Aberdeen","More Information","2","https://banconhomes.com/property/plot-81-the-lock/","images/c00abbc3568a31f78002660a93669cf79fb9aeddd5eeecc8107c7c16fbcbd620.jpg","https://banconhomes.com/app/uploads/2025/12/John-MacLoed-Way-9_25_003.jpg","This is a photograph of an entrance hallway."
"The Reserve at Eden, Aberdeen","More Information","2","https://banconhomes.com/property/plot-81-the-lock/","images/c6229eae123e79165ea72332c02ae381679c3c02b53563d5dd1101d8c183d0d8.jpg","https://banconhomes.com/app/uploads/2025/12/John-MacLoed-Way-9_25_004.jpg","This is a residential hallway/entrance area."
"The Reserve at Eden, Aberdeen","More Information","2","https://banconhomes.com/property/plot-81-the-lock/","images/189f68d9f785d0d93ce5fb78d18f8909eb63cd6ba5ea857406683f0395ee6ec5.jpg","https://banconhomes.com/app/uploads/2025/12/John-MacLoed-Way-9_25_005.jpg","This is a living and dining area."
"The Reserve at Eden, Aberdeen","More Information","2","https://banconhomes.com/property/plot-81-the-lock/","images/9c3385c775c1e5a5ce99a9e35fa4f487c78ca1409d2fcf8a1d0a306b20664793.jpg","https://banconhomes.com/app/uploads/2025/12/John-MacLoed-Way-9_25_007.jpg","This is a living and dining area."
"The Reserve at Eden, Aberdeen","More Information","2","https://banconhomes.com/property/plot-81-the-lock/","images/0e500343d647e67e723fef4536084bd3ad469f40edbe8b0ea8201919e535f067.jpg","https://banconhomes.com/app/uploads/2025/12/John-MacLoed-Way-9_25_009.jpg","This is an open-plan living, dining, and kitchen area."
"The Reserve at Eden, Aberdeen","More Information","2","https://banconhomes.com/property/plot-81-the-lock/","images/c301ceaf9f7fdb4b679a251e900dad94a19ffca1786fb74859f938aa0d6ab74f.jpg","https://banconhomes.com/app/uploads/2025/12/John-MacLoed-Way-9_25_010-1.jpg","This is a photograph of a functional kitchen and dining area."
"The Reserve at Eden, Aberdeen","More Information","2","https://banconhomes.com/property/plot-81-the-lock/","images/701ea153c9929e971fbfef09773bedfb830544d0906e4d2d09b39a4d775e7be9.jpg","https://banconhomes.com/app/uploads/2025/12/John-MacLoed-Way-9_25_012.jpg","This is a photograph of a kitchen and dining space with an exterior view."
"The Reserve at Eden, Aberdeen","More Information","2","https://banconhomes.com/property/plot-81-the-lock/","images/45191d5413cdb206770d8570a7666330f7c12fa94669b10fe9a9fcfa780ec7cc.jpg","https://banconhomes.com/app/uploads/2025/12/John-MacLoed-Way-9_25_014.jpg","This is a photograph of a living room corner."
"The Reserve at Eden, Aberdeen","More Information","2","https://banconhomes.com/property/plot-81-the-lock/","images/90ce877a7e5870ef69b0fd890363ef07799e70f9fc7f32657a1d1403fed93561.jpg","https://banconhomes.com/app/uploads/2025/12/John-MacLoed-Way-9_25_015.jpg","This is a detail shot of home decor within a living space."
"The Reserve at Eden, Aberdeen","More Information","2","https://banconhomes.com/property/plot-81-the-lock/","images/ec7d3361cc42b3723bf06a20154cccb1ccca1ea5e6bf289c8a3d4d1236ca57b0.jpg","https://banconhomes.com/app/uploads/2025/12/John-MacLoed-Way-9_25_019.jpg","This is a photograph of a bathroom."
"The Reserve at Eden, Aberdeen","More Information","2","https://banconhomes.com/property/plot-81-the-lock/","images/db3eaab09410278f9a0c33799fcd1da782992ef1f84e2c4abfd334047ab2ced3.jpg","https://banconhomes.com/app/uploads/2025/12/John-MacLoed-Way-9_25_041.jpg","This is a photograph of a garden and patio area."
"The Reserve at Eden, Aberdeen","Plot 87 – The Richmond","3","https://banconhomes.com/property/plot-87-the-richmond/","images/c7f9b71855273d090a22240463cd2601974b58b7645604ea287a257ebe4993e0.jpg","https://banconhomes.com/app/uploads/2025/11/plot-83-the-richmond-eden.jpg","This is an exterior view of a property."
"The Reserve at Eden, Aberdeen","Plot 87 – The Richmond","3","https://banconhomes.com/property/plot-87-the-richmond/","images/e9339efa4681b92f8595f3473775771cd005dd81a8a54662c41c9d64782de14e.jpg","https://banconhomes.com/app/uploads/2025/11/The-Richmond_Eden-Reserve-21-_5847.jpg","This is a photograph of a kitchen."
"The Reserve at Eden, Aberdeen","Plot 87 – The Richmond","3","https://banconhomes.com/property/plot-87-the-richmond/","images/14dafa22bc781d1bc3c35027e8f4f00cf9ed8c4d0e3bea280ec1b13bd90b74e1.jpg","https://banconhomes.com/app/uploads/2025/11/PLOT-1-KINION-HEIGHTS-_-247899.jpg","This is a photograph of a bedroom."
"The Reserve at Eden, Aberdeen","Plot 87 – The Richmond","3","https://banconhomes.com/property/plot-87-the-richmond/","images/3bc78c3d39283d612eac7d214627ef2493c6f109367677c93be7bf3ab2671fe5.jpg","https://banconhomes.com/app/uploads/2025/11/The-Richmond_Eden-Reserve-21-_5830.jpg","This is a photograph of a bathroom."
"The Reserve at Eden, Aberdeen","Plot 87 – The Richmond","3","https://banconhomes.com/property/plot-87-the-richmond/","images/88a2c81456f5f184ebee534afdcc1f89919feb167b8d0783c12f6e8f20040b8f.jpg","https://banconhomes.com/app/uploads/2025/11/The-Richmond_Eden-Reserve-21-_5817.jpg","This is a photograph of a bathroom."
"The Reserve at Eden, Aberdeen","Plot 87 – The Richmond","3","https://banconhomes.com/property/plot-87-the-richmond/","images/2c2e22e9e3cecfbe590058fb39b1901ca52201081024ef6177b6c176e21b7e1d.jpg","https://banconhomes.com/app/uploads/2025/11/Small-Dev-Image_Street-Scenes-06.jpg","This is a photograph of the exterior of residential properties."
"The Reserve at Eden, Aberdeen","Plot 87 – The Richmond","3","https://banconhomes.com/property/plot-87-the-richmond/","images/a9bf5dd7d0b3ddd313bcf3cab2ea8ec2dff65634a4238f4865c1d42caa96156e.jpg","https://banconhomes.com/app/uploads/2025/11/The-Richmond_Eden-Reserve-21-_5822.jpg","This is a photograph of a furnished bedroom."
"The Reserve at Eden, Aberdeen","Plot 87 – The Richmond","3","https://banconhomes.com/property/plot-87-the-richmond/","images/ec724666a05ab9f2bf1f46c122790cbd08f25cd99ef6e0e2dcb159e59abdbff5.jpg","https://banconhomes.com/app/uploads/2025/11/The-Richmond_Eden-Reserve-21-_5825.jpg","This is a photograph of a furnished bedroom."
"The Reserve at Eden, Aberdeen","Plot 87 – The Richmond","3","https://banconhomes.com/property/plot-87-the-richmond/","images/cc39b986c9050e0f47b6c424b4699e1da5509b29b84e850185e09661ebce428a.jpg","https://banconhomes.com/app/uploads/2025/11/The-Richmond_Eden-Reserve-21-_5840.jpg","This is a photograph of a furnished living room."
"The Reserve at Eden, Aberdeen","Plot 87 – The Richmond","3","https://banconhomes.com/property/plot-87-the-richmond/","images/a25f3bf5c98887783776549495c393b5c4b185435eba43a0c6de8c9fd6d13715.jpg","https://banconhomes.com/app/uploads/2025/11/The-Richmond_Eden-Reserve-21-_5849.jpg","This is a photograph of a functional kitchen and dining space within a property."
"The Reserve at Eden, Aberdeen","Plot 88 – The Richmond","3","https://banconhomes.com/property/plot-88-the-richmond/","images/c7f9b71855273d090a22240463cd2601974b58b7645604ea287a257ebe4993e0.jpg","https://banconhomes.com/app/uploads/2025/11/plot-83-the-richmond-eden.jpg","This is an exterior view of a property."
"The Reserve at Eden, Aberdeen","Plot 88 – The Richmond","3","https://banconhomes.com/property/plot-88-the-richmond/","images/e9339efa4681b92f8595f3473775771cd005dd81a8a54662c41c9d64782de14e.jpg","https://banconhomes.com/app/uploads/2025/11/The-Richmond_Eden-Reserve-21-_5847.jpg","This is a photograph of a kitchen."
"The Reserve at Eden, Aberdeen","Plot 88 – The Richmond","3","https://banconhomes.com/property/plot-88-the-richmond/","images/14dafa22bc781d1bc3c35027e8f4f00cf9ed8c4d0e3bea280ec1b13bd90b74e1.jpg","https://banconhomes.com/app/uploads/2025/11/PLOT-1-KINION-HEIGHTS-_-247899.jpg","This is a photograph of a bedroom."
"The Reserve at Eden, Aberdeen","Plot 88 – The Richmond","3","https://banconhomes.com/property/plot-88-the-richmond/","images/3bc78c3d39283d612eac7d214627ef2493c6f109367677c93be7bf3ab2671fe5.jpg","https://banconhomes.com/app/uploads/2025/11/The-Richmond_Eden-Reserve-21-_5830.jpg","This is a photograph of a bathroom."
"The Reserve at Eden, Aberdeen","Plot 88 – The Richmond","3","https://banconhomes.com/property/plot-88-the-richmond/","images/88a2c81456f5f184ebee534afdcc1f89919feb167b8d0783c12f6e8f20040b8f.jpg","https://banconhomes.com/app/uploads/2025/11/The-Richmond_Eden-Reserve-21-_5817.jpg","This is a photograph of a bathroom."
"The Reserve at Eden, Aberdeen","Plot 88 – The Richmond","3","https://banconhomes.com/property/plot-88-the-richmond/","images/2c2e22e9e3cecfbe590058fb39b1901ca52201081024ef6177b6c176e21b7e1d.jpg","https://banconhomes.com/app/uploads/2025/11/Small-Dev-Image_Street-Scenes-06.jpg","This is a photograph of the exterior of residential properties."
"The Reserve at Eden, Aberdeen","Plot 88 – The Richmond","3","https://banconhomes.com/property/plot-88-the-richmond/","images/a9bf5dd7d0b3ddd313bcf3cab2ea8ec2dff65634a4238f4865c1d42caa96156e.jpg","https://banconhomes.com/app/uploads/2025/11/The-Richmond_Eden-Reserve-21-_5822.jpg","This is a photograph of a furnished bedroom."
"The Reserve at Eden, Aberdeen","Plot 88 – The Richmond","3","https://banconhomes.com/property/plot-88-the-richmond/","images/ec724666a05ab9f2bf1f46c122790cbd08f25cd99ef6e0e2dcb159e59abdbff5.jpg","https://banconhomes.com/app/uploads/2025/11/The-Richmond_Eden-Reserve-21-_5825.jpg","This is a photograph of a furnished bedroom."
"The Reserve at Eden, Aberdeen","Plot 88 – The Richmond","3","https://banconhomes.com/property/plot-88-the-richmond/","images/cc39b986c9050e0f47b6c424b4699e1da5509b29b84e850185e09661ebce428a.jpg","https://banconhomes.com/app/uploads/2025/11/The-Richmond_Eden-Reserve-21-_5840.jpg","This is a photograph of a furnished living room."
"The Reserve at Eden, Aberdeen","Plot 88 – The Richmond","3","https://banconhomes.com/property/plot-88-the-richmond/","images/a25f3bf5c98887783776549495c393b5c4b185435eba43a0c6de8c9fd6d13715.jpg","https://banconhomes.com/app/uploads/2025/11/The-Richmond_Eden-Reserve-21-_5849.jpg","This is a photograph of a functional kitchen and dining space within a property."
"The Reserve at Eden, Aberdeen","Plot 139 – The Rosehill","4","https://banconhomes.com/property/plot-139-the-rosehill/","images/d329b9a1ef68f04321b8047667669c418aa0094d215dab10fde4f93b8a2fac4b.jpg","https://banconhomes.com/app/uploads/2025/12/Rosehill-The-Reserve-at-Eden-Web.jpg","This is an exterior view of a property."
"The Reserve at Eden, Aberdeen","Plot 139 – The Rosehill","4","https://banconhomes.com/property/plot-139-the-rosehill/","images/3b514ef3f45ac34fe5e674c75342e6d924dfb2c1c7484c4a2b32bccbef5f1434.jpg","https://banconhomes.com/app/uploads/2025/12/Plot-75-Reserve-at-Eden-_-240492.jpg","This is a photograph of an interior kitchen."
"The Reserve at Eden, Aberdeen","Plot 139 – The Rosehill","4","https://banconhomes.com/property/plot-139-the-rosehill/","images/decf440feaa779b4908ac7e7d69301ba69c428787707801fdf18bcb086be9b64.jpg","https://banconhomes.com/app/uploads/2026/05/Plot-75-Reserve-at-Eden-_-240518.jpg","This is an interior photograph of a bedroom."
"The Reserve at Eden, Aberdeen","Plot 139 – The Rosehill","4","https://banconhomes.com/property/plot-139-the-rosehill/","images/f89127d85b071ea6f76fcd3aac4f5565deb27c55fb9b16f557be38f6cc66cc1d.jpg","https://banconhomes.com/app/uploads/2026/05/Plot-75-Reserve-at-Eden-_-240509.jpg","This is a photograph of a functional bathroom interior."
"The Reserve at Eden, Aberdeen","Plot 139 – The Rosehill","4","https://banconhomes.com/property/plot-139-the-rosehill/","images/9e96853203b2644ddc0559e2c69f04810c5f580ac1f7647be650f1506a74591c.jpg","https://banconhomes.com/app/uploads/2026/05/Plot-75-Reserve-at-Eden-_-240503.jpg","This is a photograph of a residential hallway."
"The Reserve at Eden, Aberdeen","Plot 139 – The Rosehill","4","https://banconhomes.com/property/plot-139-the-rosehill/","images/c3396eea1597959476874b2e16eeb996be9f4e2c24b7f1c902a962689c7492c4.jpg","https://banconhomes.com/app/uploads/2025/12/Plot-75-Reserve-at-Eden-_-240466.jpg","This is an exterior view of a property."
"The Reserve at Eden, Aberdeen","Plot 139 – The Rosehill","4","https://banconhomes.com/property/plot-139-the-rosehill/","images/f1ada0ce963177a05f4a92ab863624f1180a270b50dbbfbf7c7097e5163cd26b.jpg","https://banconhomes.com/app/uploads/2026/05/Plot-75-Reserve-at-Eden-_-240528.jpg","The image shows a bedroom with a bed and a small desk for play."
"The Reserve at Eden, Aberdeen","Plot 139 – The Rosehill","4","https://banconhomes.com/property/plot-139-the-rosehill/","images/2bc81640d64a12cffff3012bbc34c8c1e777238dd488d4775fd40ee9c5a14a84.jpg","https://banconhomes.com/app/uploads/2026/05/Plot-75-Reserve-at-Eden-_-240523.jpg","The image shows a bedroom with a bed and child-oriented decor."
"The Reserve at Eden, Aberdeen","Plot 139 – The Rosehill","4","https://banconhomes.com/property/plot-139-the-rosehill/","images/409daf500e3a740e40011760bdbbcf74ad70f00e35003a683b0a9c8afe1b8d01.jpg","https://banconhomes.com/app/uploads/2026/05/Plot-75-Reserve-at-Eden-_-240519.jpg","This is a photograph of a furnished bedroom."
"The Reserve at Eden, Aberdeen","Plot 139 – The Rosehill","4","https://banconhomes.com/property/plot-139-the-rosehill/","images/5497da2bfd3635c5922da8faa67a213507b4901ac511a47f3ef63861f43d7af3.jpg","https://banconhomes.com/app/uploads/2026/05/Plot-75-Reserve-at-Eden-_-240514.jpg","This is a photograph of a bathroom interior."
"The Reserve at Eden, Aberdeen","Plot 139 – The Rosehill","4","https://banconhomes.com/property/plot-139-the-rosehill/","images/774f7f5a1c60d0ce937079bb40ed5390f76bccc7e284b1e5dfcea3043fc35e1b.jpg","https://banconhomes.com/app/uploads/2026/05/Plot-75-Reserve-at-Eden-_-240506.jpg","This is a photograph taken from a hallway looking into adjacent rooms."
"The Reserve at Eden, Aberdeen","Plot 139 – The Rosehill","4","https://banconhomes.com/property/plot-139-the-rosehill/","images/6661dc04269c703b30306a2510f570e235f486e57bd8f59f1b58b666a48af523.jpg","https://banconhomes.com/app/uploads/2026/05/Plot-75-Reserve-at-Eden-_-240504.jpg","This is a photograph of an upstairs landing/hallway."
"The Reserve at Eden, Aberdeen","Plot 139 – The Rosehill","4","https://banconhomes.com/property/plot-139-the-rosehill/","images/7f20d5530ecad959a8c73906ae70e60ef8893a3a1be5c572aac2ca03b36fe880.jpg","https://banconhomes.com/app/uploads/2025/12/Plot-75-Reserve-at-Eden-_-240498.jpg","This is a photograph of a real room showing a combined kitchen and living space."
"The Reserve at Eden, Aberdeen","Plot 139 – The Rosehill","4","https://banconhomes.com/property/plot-139-the-rosehill/","images/aa33a28e6545bcced7ea46a75b2ac11d9cef68a8f8ea803f0e89b00f11f712d6.jpg","https://banconhomes.com/app/uploads/2026/05/Plot-75-Reserve-at-Eden-_-240476.jpg","This is a photograph of a furnished living room."
"The Reserve at Eden, Aberdeen","Plot 139 – The Rosehill","4","https://banconhomes.com/property/plot-139-the-rosehill/","images/01aa4db06718507041f52649cecadadde2c693319f28bb663aeb871f62a047f1.jpg","https://banconhomes.com/app/uploads/2025/12/Plot-75-Reserve-at-Eden-_-240487.jpg","This is a photograph of a real room showing a combined kitchen and living space."
"The Reserve at Eden, Aberdeen","Plot 142 – The Richmond","3","https://banconhomes.com/property/plot-142-the-richmond/","images/c7f9b71855273d090a22240463cd2601974b58b7645604ea287a257ebe4993e0.jpg","https://banconhomes.com/app/uploads/2025/11/plot-83-the-richmond-eden.jpg","This is an exterior view of a property."
"The Reserve at Eden, Aberdeen","Plot 142 – The Richmond","3","https://banconhomes.com/property/plot-142-the-richmond/","images/e9339efa4681b92f8595f3473775771cd005dd81a8a54662c41c9d64782de14e.jpg","https://banconhomes.com/app/uploads/2025/11/The-Richmond_Eden-Reserve-21-_5847.jpg","This is a photograph of a kitchen."
"The Reserve at Eden, Aberdeen","Plot 142 – The Richmond","3","https://banconhomes.com/property/plot-142-the-richmond/","images/14dafa22bc781d1bc3c35027e8f4f00cf9ed8c4d0e3bea280ec1b13bd90b74e1.jpg","https://banconhomes.com/app/uploads/2025/11/PLOT-1-KINION-HEIGHTS-_-247899.jpg","This is a photograph of a bedroom."
"The Reserve at Eden, Aberdeen","Plot 142 – The Richmond","3","https://banconhomes.com/property/plot-142-the-richmond/","images/3bc78c3d39283d612eac7d214627ef2493c6f109367677c93be7bf3ab2671fe5.jpg","https://banconhomes.com/app/uploads/2025/11/The-Richmond_Eden-Reserve-21-_5830.jpg","This is a photograph of a bathroom."
"The Reserve at Eden, Aberdeen","Plot 142 – The Richmond","3","https://banconhomes.com/property/plot-142-the-richmond/","images/88a2c81456f5f184ebee534afdcc1f89919feb167b8d0783c12f6e8f20040b8f.jpg","https://banconhomes.com/app/uploads/2025/11/The-Richmond_Eden-Reserve-21-_5817.jpg","This is a photograph of a bathroom."
"The Reserve at Eden, Aberdeen","Plot 142 – The Richmond","3","https://banconhomes.com/property/plot-142-the-richmond/","images/2c2e22e9e3cecfbe590058fb39b1901ca52201081024ef6177b6c176e21b7e1d.jpg","https://banconhomes.com/app/uploads/2025/11/Small-Dev-Image_Street-Scenes-06.jpg","This is a photograph of the exterior of residential properties."
"The Reserve at Eden, Aberdeen","Plot 142 – The Richmond","3","https://banconhomes.com/property/plot-142-the-richmond/","images/a9bf5dd7d0b3ddd313bcf3cab2ea8ec2dff65634a4238f4865c1d42caa96156e.jpg","https://banconhomes.com/app/uploads/2025/11/The-Richmond_Eden-Reserve-21-_5822.jpg","This is a photograph of a furnished bedroom."
"The Reserve at Eden, Aberdeen","Plot 142 – The Richmond","3","https://banconhomes.com/property/plot-142-the-richmond/","images/ec724666a05ab9f2bf1f46c122790cbd08f25cd99ef6e0e2dcb159e59abdbff5.jpg","https://banconhomes.com/app/uploads/2025/11/The-Richmond_Eden-Reserve-21-_5825.jpg","This is a photograph of a furnished bedroom."
"The Reserve at Eden, Aberdeen","Plot 142 – The Richmond","3","https://banconhomes.com/property/plot-142-the-richmond/","images/cc39b986c9050e0f47b6c424b4699e1da5509b29b84e850185e09661ebce428a.jpg","https://banconhomes.com/app/uploads/2025/11/The-Richmond_Eden-Reserve-21-_5840.jpg","This is a photograph of a furnished living room."
"The Reserve at Eden, Aberdeen","Plot 142 – The Richmond","3","https://banconhomes.com/property/plot-142-the-richmond/","images/a25f3bf5c98887783776549495c393b5c4b185435eba43a0c6de8c9fd6d13715.jpg","https://banconhomes.com/app/uploads/2025/11/The-Richmond_Eden-Reserve-21-_5849.jpg","This is a photograph of a functional kitchen and dining space within a property."
"The Reserve at Eden, Aberdeen","Plot 143 – The Richmond","3","https://banconhomes.com/property/plot-143-the-richmond/","images/c7f9b71855273d090a22240463cd2601974b58b7645604ea287a257ebe4993e0.jpg","https://banconhomes.com/app/uploads/2025/11/plot-83-the-richmond-eden.jpg","This is an exterior view of a property."
"The Reserve at Eden, Aberdeen","Plot 143 – The Richmond","3","https://banconhomes.com/property/plot-143-the-richmond/","images/e9339efa4681b92f8595f3473775771cd005dd81a8a54662c41c9d64782de14e.jpg","https://banconhomes.com/app/uploads/2025/11/The-Richmond_Eden-Reserve-21-_5847.jpg","This is a photograph of a kitchen."
"The Reserve at Eden, Aberdeen","Plot 143 – The Richmond","3","https://banconhomes.com/property/plot-143-the-richmond/","images/14dafa22bc781d1bc3c35027e8f4f00cf9ed8c4d0e3bea280ec1b13bd90b74e1.jpg","https://banconhomes.com/app/uploads/2025/11/PLOT-1-KINION-HEIGHTS-_-247899.jpg","This is a photograph of a bedroom."
"The Reserve at Eden, Aberdeen","Plot 143 – The Richmond","3","https://banconhomes.com/property/plot-143-the-richmond/","images/3bc78c3d39283d612eac7d214627ef2493c6f109367677c93be7bf3ab2671fe5.jpg","https://banconhomes.com/app/uploads/2025/11/The-Richmond_Eden-Reserve-21-_5830.jpg","This is a photograph of a bathroom."
"The Reserve at Eden, Aberdeen","Plot 143 – The Richmond","3","https://banconhomes.com/property/plot-143-the-richmond/","images/88a2c81456f5f184ebee534afdcc1f89919feb167b8d0783c12f6e8f20040b8f.jpg","https://banconhomes.com/app/uploads/2025/11/The-Richmond_Eden-Reserve-21-_5817.jpg","This is a photograph of a bathroom."
"The Reserve at Eden, Aberdeen","Plot 143 – The Richmond","3","https://banconhomes.com/property/plot-143-the-richmond/","images/2c2e22e9e3cecfbe590058fb39b1901ca52201081024ef6177b6c176e21b7e1d.jpg","https://banconhomes.com/app/uploads/2025/11/Small-Dev-Image_Street-Scenes-06.jpg","This is a photograph of the exterior of residential properties."
"The Reserve at Eden, Aberdeen","Plot 143 – The Richmond","3","https://banconhomes.com/property/plot-143-the-richmond/","images/a9bf5dd7d0b3ddd313bcf3cab2ea8ec2dff65634a4238f4865c1d42caa96156e.jpg","https://banconhomes.com/app/uploads/2025/11/The-Richmond_Eden-Reserve-21-_5822.jpg","This is a photograph of a furnished bedroom."
"The Reserve at Eden, Aberdeen","Plot 143 – The Richmond","3","https://banconhomes.com/property/plot-143-the-richmond/","images/ec724666a05ab9f2bf1f46c122790cbd08f25cd99ef6e0e2dcb159e59abdbff5.jpg","https://banconhomes.com/app/uploads/2025/11/The-Richmond_Eden-Reserve-21-_5825.jpg","This is a photograph of a furnished bedroom."
"The Reserve at Eden, Aberdeen","Plot 143 – The Richmond","3","https://banconhomes.com/property/plot-143-the-richmond/","images/cc39b986c9050e0f47b6c424b4699e1da5509b29b84e850185e09661ebce428a.jpg","https://banconhomes.com/app/uploads/2025/11/The-Richmond_Eden-Reserve-21-_5840.jpg","This is a photograph of a furnished living room."
"The Reserve at Eden, Aberdeen","Plot 143 – The Richmond","3","https://banconhomes.com/property/plot-143-the-richmond/","images/a25f3bf5c98887783776549495c393b5c4b185435eba43a0c6de8c9fd6d13715.jpg","https://banconhomes.com/app/uploads/2025/11/The-Richmond_Eden-Reserve-21-_5849.jpg","This is a photograph of a functional kitchen and dining space within a property."
"The Reserve at Eden, Aberdeen","The Reserve at Eden, Aberdeen development gallery","","https://banconhomes.com/development/the-reserve-at-eden-aberdeen/","images/045a77b11bd5c595f7ccb8f7c7ba7dda0c3b71c944c281fe9fb22de0a6b506fc.jpg","https://banconhomes.com/app/uploads/2025/11/The-Ideal-location_The-Reserve_Street-Scenes-06.25-003.jpg","This is a photograph of a real property exterior."
"The Reserve at Eden, Aberdeen","The Reserve at Eden, Aberdeen development gallery","","https://banconhomes.com/development/the-reserve-at-eden-aberdeen/","images/01aa4db06718507041f52649cecadadde2c693319f28bb663aeb871f62a047f1.jpg","https://banconhomes.com/app/uploads/2025/12/Plot-75-Reserve-at-Eden-_-240487.jpg","This is a photograph of a real room showing a combined kitchen and living space."
"The Reserve at Eden, Aberdeen","The Reserve at Eden, Aberdeen development gallery","","https://banconhomes.com/development/the-reserve-at-eden-aberdeen/","images/decf440feaa779b4908ac7e7d69301ba69c428787707801fdf18bcb086be9b64.jpg","https://banconhomes.com/app/uploads/2026/05/Plot-75-Reserve-at-Eden-_-240518.jpg","This is an interior photograph of a bedroom."
"The Reserve at Eden, Aberdeen","The Reserve at Eden, Aberdeen development gallery","","https://banconhomes.com/development/the-reserve-at-eden-aberdeen/","images/1e32ac78ef82b542184ed23db74100a598e99698063d7ef4e403db1d1e14e6d0.jpg","https://banconhomes.com/app/uploads/2025/11/Bathroom-Plot-75-Reserve-at-Eden-_-240509.jpg","The image shows a functional bathroom with sanitary ware and bathroom fixtures."
"The Reserve at Eden, Aberdeen","The Reserve at Eden, Aberdeen development gallery","","https://banconhomes.com/development/the-reserve-at-eden-aberdeen/","images/dd4ebb0c23fa98f3228a990320376e8da251c2471981b25318127397beb60993.jpg","https://banconhomes.com/app/uploads/2025/11/Plot-75-Reserve-at-Eden-_-240469.jpg","The image depicts an interior hallway connecting different rooms of a house."
"The Reserve at Eden, Aberdeen","The Reserve at Eden, Aberdeen development gallery","","https://banconhomes.com/development/the-reserve-at-eden-aberdeen/","images/c3396eea1597959476874b2e16eeb996be9f4e2c24b7f1c902a962689c7492c4.jpg","https://banconhomes.com/app/uploads/2025/12/Plot-75-Reserve-at-Eden-_-240466.jpg","This is an exterior view of a property."
"The Reserve at Eden, Aberdeen","The Reserve at Eden, Aberdeen development gallery","","https://banconhomes.com/development/the-reserve-at-eden-aberdeen/","images/2c2e22e9e3cecfbe590058fb39b1901ca52201081024ef6177b6c176e21b7e1d.jpg","https://banconhomes.com/app/uploads/2025/11/Small-Dev-Image_Street-Scenes-06.jpg","This is a photograph of the exterior of residential properties."
"The Reserve at Eden, Aberdeen","The Reserve at Eden, Aberdeen development gallery","","https://banconhomes.com/development/the-reserve-at-eden-aberdeen/","images/d354b5bb2f3aaf6dbb649b8ac93b8d8325928ae0dae3799db8784ac0288f9e04.jpg","https://banconhomes.com/app/uploads/2025/12/Loch-The-Reserve-at-Eden-Web.jpg","This is a photograph of the exterior of a residential property."
"The Reserve at Eden, Aberdeen","The Reserve at Eden, Aberdeen development gallery","","https://banconhomes.com/development/the-reserve-at-eden-aberdeen/","images/c7f9b71855273d090a22240463cd2601974b58b7645604ea287a257ebe4993e0.jpg","https://banconhomes.com/app/uploads/2025/11/plot-83-the-richmond-eden.jpg","This is an exterior view of a property."
"The Reserve at Eden, Aberdeen","The Reserve at Eden, Aberdeen development gallery","","https://banconhomes.com/development/the-reserve-at-eden-aberdeen/","images/d329b9a1ef68f04321b8047667669c418aa0094d215dab10fde4f93b8a2fac4b.jpg","https://banconhomes.com/app/uploads/2025/12/Rosehill-The-Reserve-at-Eden-Web.jpg","This is an exterior view of a property."
"The Reserve at Eden, Aberdeen","The Reserve at Eden, Aberdeen development gallery","","https://banconhomes.com/development/the-reserve-at-eden-aberdeen/","images/10a71d077c55e89c5c6db8f14d8b496fe318d38e0dad58d8196fda778a6d9773.jpg","https://banconhomes.com/app/uploads/2026/10/5_Raeburn-Plot-05-REV-A-Web-460x325.jpg","This is a real-world exterior view of a property."
"The Reserve at Eden, Aberdeen","The Reserve at Eden, Aberdeen development gallery","","https://banconhomes.com/development/the-reserve-at-eden-aberdeen/","images/3d110a3b2e631622524ba1e58aa50575d2dc99e6e19d88d7e74f3933592be0cb.jpg","https://banconhomes.com/app/uploads/2025/11/Your-New-Neighbourhood-43936835_xl-CMYK.jpg","This is a real-world outdoor garden or park setting."