"development","house_type","bedrooms","price","url","plots","images","matched_images"
"Morwick Springs","The Bamstead · Plot 148","1","190000","https://www.taylorwimpey.co.uk/new-homes/leeds/morwick-springs/plot-148","148","10","6"
"Morwick Springs","The Eynsford · Plot 198","3","330000","https://www.taylorwimpey.co.uk/new-homes/leeds/morwick-springs/plot-198","198","14","6"
"Morwick Springs","The Eynsford · Plot 199","3","330000","https://www.taylorwimpey.co.uk/new-homes/leeds/morwick-springs/plot-199","199","14","6"
"Morwick Springs","The Harrton · Plot 184","3","352000","https://www.taylorwimpey.co.uk/new-homes/leeds/morwick-springs/plot-184","184","15","4"
"Morwick Springs","The Harrton · Plot 195","3","355000","https://www.taylorwimpey.co.uk/new-homes/leeds/morwick-springs/plot-195","195","15","4"
"Morwick Springs","The Tetford · Plot 192","3","362000","https://www.taylorwimpey.co.uk/new-homes/leeds/morwick-springs/plot-192","192","14","3"
"Morwick Springs","The Rightford · Plot 191","4","480000","https://www.taylorwimpey.co.uk/new-homes/leeds/morwick-springs/plot-191","191","14","2"
"Morwick Springs","The Rightford · Plot 194","4","485000","https://www.taylorwimpey.co.uk/new-homes/leeds/morwick-springs/plot-194","194","14","2"
"Morwick Springs","The Kitham · Plot 142","4","520000","https://www.taylorwimpey.co.uk/new-homes/leeds/morwick-springs/plot-142","142","14","1"
"Morwick Springs","The Kitham · Plot 190","4","530000","https://www.taylorwimpey.co.uk/new-homes/leeds/morwick-springs/plot-190","190","14","1"
"Morwick Springs","The Elterham · Plot 143","4","595000","https://www.taylorwimpey.co.uk/new-homes/leeds/morwick-springs/plot-143","143","14","1"
"Morwick Springs","The Elterham · Plot 144","4","595000","https://www.taylorwimpey.co.uk/new-homes/leeds/morwick-springs/plot-144","144","14","1"
"Amble Court","The Baxter · Plot 162","3","265000","https://www.taylorwimpey.co.uk/new-homes/east-kilbride/amble-court/plot-162","162","13","1"
"Amble Court","The Drummond · Plot 157","4","365000","https://www.taylorwimpey.co.uk/new-homes/east-kilbride/amble-court/plot-157","157","14","3"
"Amble Court","The Drummond · Plot 209","4","365000","https://www.taylorwimpey.co.uk/new-homes/east-kilbride/amble-court/plot-209","209","14","3"
"Amble Court","The Fraser · Plot 159","4","377995","https://www.taylorwimpey.co.uk/new-homes/east-kilbride/amble-court/plot-159","159","15","0"
"Amble Court","The Geddes · Plot 146","4","379000","https://www.taylorwimpey.co.uk/new-homes/east-kilbride/amble-court/plot-146","146","14","2"
"Amble Court","The Geddes · Plot 211","4","381000","https://www.taylorwimpey.co.uk/new-homes/east-kilbride/amble-court/plot-211","211","14","2"
"Amble Court","The Maxwell · Plot 158","4","418000","https://www.taylorwimpey.co.uk/new-homes/east-kilbride/amble-court/plot-158","158","14","1"
"Meadowside","The Baxter · Plot 189","3","","https://www.taylorwimpey.co.uk/new-homes/glenboig/meadowside/plot-189","189","13","1"
"Meadowside","The Blair · Plot 168","3","285000","https://www.taylorwimpey.co.uk/new-homes/glenboig/meadowside/plot-168","168","14","0"
"Meadowside","The Douglas · Plot 164","4","332000","https://www.taylorwimpey.co.uk/new-homes/glenboig/meadowside/plot-164","164","14","2"
"Meadowside","The Drummond · Plot 179","4","351995","https://www.taylorwimpey.co.uk/new-homes/glenboig/meadowside/plot-179","179","14","11"
"Meadowside","The Drummond · Plot 177","4","352000","https://www.taylorwimpey.co.uk/new-homes/glenboig/meadowside/plot-177","177","14","3"
"Meadowside","The Fraser · Plot 180","4","357995","https://www.taylorwimpey.co.uk/new-homes/glenboig/meadowside/plot-180","180","14","2"
"Meadowside","The Geddes · Plot 176","4","360000","https://www.taylorwimpey.co.uk/new-homes/glenboig/meadowside/plot-176","176","14","0"
"Meadowside","The Maxwell · Plot 380","4","","https://www.taylorwimpey.co.uk/new-homes/glenboig/meadowside/plot-380","380","14","1"
"Castle Gate Maidenhill","The Kennedy · Plot 533","4","640000","https://www.taylorwimpey.co.uk/new-homes/newton-mearns/castle-gate-maidenhill/plot-533","533","13","9"
"Castle Gate Maidenhill","The Buchanan · Plot 638","4","","https://www.taylorwimpey.co.uk/new-homes/newton-mearns/castle-gate-maidenhill/plot-638","638","16","9"
"Chester Meadows","The Hidford · Plot 14","2","199995","https://www.taylorwimpey.co.uk/new-homes/chester-le-street/chester-meadows/plot-14","14","6","0"
"Chester Meadows","The Hidford · Plot 20","2","214995","https://www.taylorwimpey.co.uk/new-homes/chester-le-street/chester-meadows/plot-20","20","6","0"
"High Leigh Garden Village","The Braxton · Plot 293","3","499950","https://www.taylorwimpey.co.uk/new-homes/hoddesdon/high-leigh-garden-village/plot-293","293","9","0"
"High Leigh Garden Village","The Huxford · Plot 298","4","535000","https://www.taylorwimpey.co.uk/new-homes/hoddesdon/high-leigh-garden-village/plot-298","298","11","3"
"High Leigh Garden Village","The Downton · Plot 242","4","550000","https://www.taylorwimpey.co.uk/new-homes/hoddesdon/high-leigh-garden-village/plot-242","242","15","3"
"High Leigh Garden Village","The Elliston · Plot 244","4","550000","https://www.taylorwimpey.co.uk/new-homes/hoddesdon/high-leigh-garden-village/plot-244","244","14","3"
"High Leigh Garden Village","The Downton · Plot 243","4","550000","https://www.taylorwimpey.co.uk/new-homes/hoddesdon/high-leigh-garden-village/plot-243","243","14","3"
"High Leigh Garden Village","The Frambury · Plot 221","4","585000","https://www.taylorwimpey.co.uk/new-homes/hoddesdon/high-leigh-garden-village/plot-221","221","16","1"
"High Leigh Garden Village","The Waysdale · Plot 252","4","690000","https://www.taylorwimpey.co.uk/new-homes/hoddesdon/high-leigh-garden-village/plot-252","252","16","14"
"High Leigh Garden Village","The Marford · Plot 217","4","715000","https://www.taylorwimpey.co.uk/new-homes/hoddesdon/high-leigh-garden-village/plot-217","217","11","3"
"High Leigh Garden Village","The Marford · Plot 216","4","715000","https://www.taylorwimpey.co.uk/new-homes/hoddesdon/high-leigh-garden-village/plot-216","216","12","3"
"Clare Garden Village","The Midford · Plot 423","4","430000","https://www.taylorwimpey.co.uk/new-homes/cowbridge/clare-garden-village/plot-423","423","14","3"
"Clare Garden Village","The Midford · Plot 424","4","437000","https://www.taylorwimpey.co.uk/new-homes/cowbridge/clare-garden-village/plot-424","424","14","4"
"Clare Garden Village","The Shelford · Plot 305","4","514500","https://www.taylorwimpey.co.uk/new-homes/cowbridge/clare-garden-village/plot-305","305","16","12"
"Clare Garden Village","The Fakenham · Plot 425","4","520000","https://www.taylorwimpey.co.uk/new-homes/cowbridge/clare-garden-village/plot-425","425","14","1"
"Clare Garden Village","The Mappleton · Plot 427","5","725000","https://www.taylorwimpey.co.uk/new-homes/cowbridge/clare-garden-village/plot-427","427","19","2"
"Newland Grange","The Harrton · Plot 99","3","290000","https://www.taylorwimpey.co.uk/new-homes/wakefield/newland-grange/plot-99","99","19","7"
"Newland Grange","The Harrton · Plot 80","3","290000","https://www.taylorwimpey.co.uk/new-homes/wakefield/newland-grange/plot-80","80","18","6"
"Newland Grange","The Eynsford · Plot 66","3","312000","https://www.taylorwimpey.co.uk/new-homes/wakefield/newland-grange/plot-66","66","14","6"
"Newland Grange","The Plumdale · Plot 46","4","385000","https://www.taylorwimpey.co.uk/new-homes/wakefield/newland-grange/plot-46","46","14","5"
"Newland Grange","The Plumdale · Plot 38","4","387000","https://www.taylorwimpey.co.uk/new-homes/wakefield/newland-grange/plot-38","38","14","5"
"Newland Grange","The Bittesford · Plot 54","4","393000","https://www.taylorwimpey.co.uk/new-homes/wakefield/newland-grange/plot-54","54","16","6"
"Newland Grange","The Bittesford · Plot 60","4","393000","https://www.taylorwimpey.co.uk/new-homes/wakefield/newland-grange/plot-60","60","17","6"
"Newland Grange","The Corkham · Plot 43","4","410000","https://www.taylorwimpey.co.uk/new-homes/wakefield/newland-grange/plot-43","43","15","6"
"Newland Grange","The Hubham · Plot 42","4","425000","https://www.taylorwimpey.co.uk/new-homes/wakefield/newland-grange/plot-42","42","14","1"
"Woodside Vale","The Byford · Plot 109","3","350000","https://www.taylorwimpey.co.uk/new-homes/leeds/woodside-vale/plot-109","109","14","2"
"Woodside Vale","The Braxton · Plot 75","3","370000","https://www.taylorwimpey.co.uk/new-homes/leeds/woodside-vale/plot-75","75","15","3"
"Woodside Vale","The Byford · Plot 110","3","370000","https://www.taylorwimpey.co.uk/new-homes/leeds/woodside-vale/plot-110","110","14","2"
"Woodside Vale","The Braxton · Plot 68","3","385000","https://www.taylorwimpey.co.uk/new-homes/leeds/woodside-vale/plot-68","68","15","3"
"Woodside Vale","The Elliston · Plot 79","4","399000","https://www.taylorwimpey.co.uk/new-homes/leeds/woodside-vale/plot-79","79","15","4"
"Woodside Vale","The Elliston · Plot 85","4","420000","https://www.taylorwimpey.co.uk/new-homes/leeds/woodside-vale/plot-85","85","15","4"
"Woodside Vale","The Blyton · Plot 83","4","430000","https://www.taylorwimpey.co.uk/new-homes/leeds/woodside-vale/plot-83","83","15","5"
"Woodside Vale","The Elliston · Plot 66","4","435000","https://www.taylorwimpey.co.uk/new-homes/leeds/woodside-vale/plot-66","66","15","4"
"Woodside Vale","The Blyton · Plot 69","4","445000","https://www.taylorwimpey.co.uk/new-homes/leeds/woodside-vale/plot-69","69","15","5"
"Woodside Vale","The Huxford · Plot 71","4","455000","https://www.taylorwimpey.co.uk/new-homes/leeds/woodside-vale/plot-71","71","14","3"
"Woodside Vale","The Corkham · Plot 88","4","525000","https://www.taylorwimpey.co.uk/new-homes/leeds/woodside-vale/plot-88","88","15","6"
"Woodside Vale","The Corkham · Plot 73","4","530000","https://www.taylorwimpey.co.uk/new-homes/leeds/woodside-vale/plot-73","73","15","6"
"Woodside Vale","The Woodleigh · Plot 72","4","545000","https://www.taylorwimpey.co.uk/new-homes/leeds/woodside-vale/plot-72","72","14","8"
"Woodside Vale","The Manford · Plot 70","4","570000","https://www.taylorwimpey.co.uk/new-homes/leeds/woodside-vale/plot-70","70","14","5"
"Charnwood Chase at Swinfen Vale","The Avonsford · Plot 119","2","234950","https://www.taylorwimpey.co.uk/new-homes/coalville/charnwood-chase-at-swinfen-vale/plot-119","119","11","2"
"Charnwood Chase at Swinfen Vale","The Avonsford · Plot 120","2","239950","https://www.taylorwimpey.co.uk/new-homes/coalville/charnwood-chase-at-swinfen-vale/plot-120","120","11","2"
"Charnwood Chase at Swinfen Vale","The Brambleford · Plot 5","3","292500","https://www.taylorwimpey.co.uk/new-homes/coalville/charnwood-chase-at-swinfen-vale/plot-5","5","17","12"
"Charnwood Chase at Swinfen Vale","The Brambleford · Plot 6","3","292500","https://www.taylorwimpey.co.uk/new-homes/coalville/charnwood-chase-at-swinfen-vale/plot-6","6","17","12"
"Charnwood Chase at Swinfen Vale","The Aynesdale · Plot 121","3","340000","https://www.taylorwimpey.co.uk/new-homes/coalville/charnwood-chase-at-swinfen-vale/plot-121","121","16","1"
"Charnwood Chase at Swinfen Vale","The Ayleford · Plot 7","4","349995","https://www.taylorwimpey.co.uk/new-homes/coalville/charnwood-chase-at-swinfen-vale/plot-7","7","19","15"
"Charnwood Chase at Swinfen Vale","The Ayleford · Plot 126","4","355000","https://www.taylorwimpey.co.uk/new-homes/coalville/charnwood-chase-at-swinfen-vale/plot-126","126","19","15"
"Charnwood Chase at Swinfen Vale","The Bittesford · Plot 2","4","379950","https://www.taylorwimpey.co.uk/new-homes/coalville/charnwood-chase-at-swinfen-vale/plot-2","2","16","3"
"Charnwood Chase at Swinfen Vale","The Rightford · Plot 129","4","415950","https://www.taylorwimpey.co.uk/new-homes/coalville/charnwood-chase-at-swinfen-vale/plot-129","129","21","15"
"Charnwood Chase at Swinfen Vale","The Wansdale · Plot 4","4","445000","https://www.taylorwimpey.co.uk/new-homes/coalville/charnwood-chase-at-swinfen-vale/plot-4","4","15","0"
"Woolsington Grange Phase 2","The Eynsford · Plot 215","3","279995","https://www.taylorwimpey.co.uk/new-homes/newcastle-upon-tyne/woolsington-grange-phase-2/plot-215","215","15","7"
"Woolsington Grange Phase 2","The Tetford · Plot 212","3","294995","https://www.taylorwimpey.co.uk/new-homes/newcastle-upon-tyne/woolsington-grange-phase-2/plot-212","212","14","7"
"Woolsington Grange Phase 2","The Tetford · Plot 213","3","294995","https://www.taylorwimpey.co.uk/new-homes/newcastle-upon-tyne/woolsington-grange-phase-2/plot-213","213","15","7"
"Woolsington Grange Phase 2","The Owlton · Plot 226","3","314995","https://www.taylorwimpey.co.uk/new-homes/newcastle-upon-tyne/woolsington-grange-phase-2/plot-226","226","16","8"
"Woolsington Grange Phase 2","The Aynesdale · Plot 214","3","314995","https://www.taylorwimpey.co.uk/new-homes/newcastle-upon-tyne/woolsington-grange-phase-2/plot-214","214","13","0"
"Woolsington Grange Phase 2","The Plumdale · Plot 219","4","364995","https://www.taylorwimpey.co.uk/new-homes/newcastle-upon-tyne/woolsington-grange-phase-2/plot-219","219","15","6"
"Woolsington Grange Phase 2","The Plumdale · Plot 228","4","374995","https://www.taylorwimpey.co.uk/new-homes/newcastle-upon-tyne/woolsington-grange-phase-2/plot-228","228","11","2"
"Torrance Place","The Avonsford · Plot 190","2","211500","https://www.taylorwimpey.co.uk/new-homes/motherwell/torrance-place/plot-190","190","11","5"
"Torrance Place","The Ayleford · Plot 188","4","321995","https://www.taylorwimpey.co.uk/new-homes/motherwell/torrance-place/plot-188","188","12","0"
"Torrance Place","The Ayleford · Plot 209","4","321995","https://www.taylorwimpey.co.uk/new-homes/motherwell/torrance-place/plot-209","209","15","4"
"Torrance Place","The Corkham · Plot 168","4","351995","https://www.taylorwimpey.co.uk/new-homes/motherwell/torrance-place/plot-168","168","15","6"
"Stonewood Park","The Beaford · Plot 10","2","242500","https://www.taylorwimpey.co.uk/new-homes/burton-upon-trent/stonewood-park/plot-10","10","18","14"
"Stonewood Park","The Beaford · Plot 11","2","242500","https://www.taylorwimpey.co.uk/new-homes/burton-upon-trent/stonewood-park/plot-11","11","18","14"
"Stonewood Park","The Keeford · Plot 15","3","310000","https://www.taylorwimpey.co.uk/new-homes/burton-upon-trent/stonewood-park/plot-15","15","16","9"
"Stonewood Park","The Eynsford · Plot 12","3","310000","https://www.taylorwimpey.co.uk/new-homes/burton-upon-trent/stonewood-park/plot-12","12","15","2"
"Stonewood Park","The Eynsford · Plot 13","3","310000","https://www.taylorwimpey.co.uk/new-homes/burton-upon-trent/stonewood-park/plot-13","13","15","2"
"Stonewood Park","The Aynesdale · Plot 9","3","320000","https://www.taylorwimpey.co.uk/new-homes/burton-upon-trent/stonewood-park/plot-9","9","16","0"
"Stonewood Park","The Keeford · Plot 26","3","325000","https://www.taylorwimpey.co.uk/new-homes/burton-upon-trent/stonewood-park/plot-26","26","16","9"
"Stonewood Park","The Plumdale · Plot 24","4","395000","https://www.taylorwimpey.co.uk/new-homes/burton-upon-trent/stonewood-park/plot-24","24","15","7"
"Stonewood Park","The Henford · Plot 28","4","415000","https://www.taylorwimpey.co.uk/new-homes/burton-upon-trent/stonewood-park/plot-28","28","20","3"
"Stonewood Park","The Henford · Plot 27","4","419950","https://www.taylorwimpey.co.uk/new-homes/burton-upon-trent/stonewood-park/plot-27","27","20","3"
"Stonewood Park","The Rightford · Plot 25","4","437000","https://www.taylorwimpey.co.uk/new-homes/burton-upon-trent/stonewood-park/plot-25","25","21","15"
"Stonewood Park","The Shilford · Plot 29","4","460000","https://www.taylorwimpey.co.uk/new-homes/burton-upon-trent/stonewood-park/plot-29","29","16","12"
"Stonewood Park","The Shilford · Plot 32","4","460000","https://www.taylorwimpey.co.uk/new-homes/burton-upon-trent/stonewood-park/plot-32","32","16","12"
"Kenton Bank Meadows","The Eynsford · Plot 53","3","279995","https://www.taylorwimpey.co.uk/new-homes/newcastle-upon-tyne/kenton-bank-meadows/plot-53","53","12","9"
"Kenton Bank Meadows","The Harrton · Plot 89","3","289995","https://www.taylorwimpey.co.uk/new-homes/newcastle-upon-tyne/kenton-bank-meadows/plot-89","89","16","2"
"Kenton Bank Meadows","The Harrton · Plot 88","3","299995","https://www.taylorwimpey.co.uk/new-homes/newcastle-upon-tyne/kenton-bank-meadows/plot-88","88","17","2"
"Kenton Bank Meadows","The Owlton · Plot 83","3","319995","https://www.taylorwimpey.co.uk/new-homes/newcastle-upon-tyne/kenton-bank-meadows/plot-83","83","18","8"
"Kenton Bank Meadows","The Owlton · Plot 82","3","319995","https://www.taylorwimpey.co.uk/new-homes/newcastle-upon-tyne/kenton-bank-meadows/plot-82","82","17","8"
"Kenton Bank Meadows","The Colford · Plot 52","4","384995","https://www.taylorwimpey.co.uk/new-homes/newcastle-upon-tyne/kenton-bank-meadows/plot-52","52","13","6"
"Kenton Bank Meadows","The Colford · Plot 49","4","384995","https://www.taylorwimpey.co.uk/new-homes/newcastle-upon-tyne/kenton-bank-meadows/plot-49","49","14","6"
"Kenton Bank Meadows","The Chalham · Plot 36","4","394995","https://www.taylorwimpey.co.uk/new-homes/newcastle-upon-tyne/kenton-bank-meadows/plot-36","36","19","10"
"Kenton Bank Meadows","The Chalham · Plot 48","4","399995","https://www.taylorwimpey.co.uk/new-homes/newcastle-upon-tyne/kenton-bank-meadows/plot-48","48","22","12"
"Stoneridge Hall","The Harrton · Plot 78","3","259995","https://www.taylorwimpey.co.uk/new-homes/washington/stoneridge-hall/plot-78","78","18","7"
"Stoneridge Hall","The Harrton · Plot 77","3","259995","https://www.taylorwimpey.co.uk/new-homes/washington/stoneridge-hall/plot-77","77","17","2"
"Stoneridge Hall","The Owlton · Plot 92","3","264995","https://www.taylorwimpey.co.uk/new-homes/washington/stoneridge-hall/plot-92","92","18","9"
"Stoneridge Hall","The Owlton · Plot 93","3","274995","https://www.taylorwimpey.co.uk/new-homes/washington/stoneridge-hall/plot-93","93","18","9"
"Stoneridge Hall","The Aynesdale · Plot 135","3","284995","https://www.taylorwimpey.co.uk/new-homes/washington/stoneridge-hall/plot-135","135","13","0"
"Stoneridge Hall","The Byrneham · Plot 81","3","299995","https://www.taylorwimpey.co.uk/new-homes/washington/stoneridge-hall/plot-81","81","16","7"
"Stoneridge Hall","The Byrneham · Plot 136","3","299995","https://www.taylorwimpey.co.uk/new-homes/washington/stoneridge-hall/plot-136","136","14","4"
"Stoneridge Hall","The Chalham · Plot 76","4","329995","https://www.taylorwimpey.co.uk/new-homes/washington/stoneridge-hall/plot-76","76","20","11"
"Stoneridge Hall","The Chalham · Plot 100","4","329995","https://www.taylorwimpey.co.uk/new-homes/washington/stoneridge-hall/plot-100","100","20","10"
"Stoneridge Hall","The Bittesford · Plot 138","4","329995","https://www.taylorwimpey.co.uk/new-homes/washington/stoneridge-hall/plot-138","138","13","2"
"Calder Wynd","The Andrew · Plot 114","2","224000","https://www.taylorwimpey.co.uk/new-homes/coatbridge/calder-wynd/plot-114","114","14","11"
"Calder Wynd","The Baxter · Plot 276","3","265000","https://www.taylorwimpey.co.uk/new-homes/coatbridge/calder-wynd/plot-276","276","14","1"
"Calder Wynd","The Drummond · Plot 111","4","353000","https://www.taylorwimpey.co.uk/new-homes/coatbridge/calder-wynd/plot-111","111","14","3"
"Calder Wynd","The Fraser · Plot 299","4","372000","https://www.taylorwimpey.co.uk/new-homes/coatbridge/calder-wynd/plot-299","299","15","0"
"Marske Sands","The Brambleford · Plot 314","3","230000","https://www.taylorwimpey.co.uk/new-homes/marske/marske-sands/plot-314","314","14","10"
"Marske Sands","The Byrneham · Plot 317","3","300000","https://www.taylorwimpey.co.uk/new-homes/marske/marske-sands/plot-317","317","11","0"
"Marske Sands","The Colford · Plot 305","4","325000","https://www.taylorwimpey.co.uk/new-homes/marske/marske-sands/plot-305","305","15","5"
"Marske Sands","The Colford · Plot 309","4","330000","https://www.taylorwimpey.co.uk/new-homes/marske/marske-sands/plot-309","309","15","5"
"Marske Sands","The Rightford · Plot 374","4","350000","https://www.taylorwimpey.co.uk/new-homes/marske/marske-sands/plot-374","374","16","2"
"Marske Sands","The Hubham · Plot 310","4","355000","https://www.taylorwimpey.co.uk/new-homes/marske/marske-sands/plot-310","310","18","1"
"Marske Sands","The Hubham · Plot 371","4","355000","https://www.taylorwimpey.co.uk/new-homes/marske/marske-sands/plot-371","371","18","1"
"Fountains Walk","The Mapleford · Plot 308","2","250000","https://www.taylorwimpey.co.uk/new-homes/ripon/fountains-walk/plot-308","308","11","0"
"Fountains Walk","The Mapleford · Plot 333","2","280000","https://www.taylorwimpey.co.uk/new-homes/ripon/fountains-walk/plot-333","333","11","0"
"Fountains Walk","The Eynsford · Plot 310","3","295000","https://www.taylorwimpey.co.uk/new-homes/ripon/fountains-walk/plot-310","310","14","3"
"Fountains Walk","The Eynsford · Plot 335","3","304995","https://www.taylorwimpey.co.uk/new-homes/ripon/fountains-walk/plot-335","335","14","3"
"Fountains Walk","The Aynesdale · Plot 297","3","334995","https://www.taylorwimpey.co.uk/new-homes/ripon/fountains-walk/plot-297","297","14","1"
"Fountains Walk","The Byrneham Special · Plot 253","3","390000","https://www.taylorwimpey.co.uk/new-homes/ripon/fountains-walk/plot-253","253","15","3"
"Fountains Walk","The Kitham · Plot 234","4","480000","https://www.taylorwimpey.co.uk/new-homes/ripon/fountains-walk/plot-234","234","18","1"
"Fountains Walk","The Kitham · Plot 250","4","490000","https://www.taylorwimpey.co.uk/new-homes/ripon/fountains-walk/plot-250","250","15","6"
"Fountains Walk","The Patterham · Plot 246","5","600000","https://www.taylorwimpey.co.uk/new-homes/ripon/fountains-walk/plot-246","246","14","9"
"Fountains Walk","The Patterham · Plot 258","5","615000","https://www.taylorwimpey.co.uk/new-homes/ripon/fountains-walk/plot-258","258","14","9"
"Trinity Fields","The Oakham · Plot 289","4","350000","https://www.taylorwimpey.co.uk/new-homes/knaresborough/trinity-fields/plot-289","289","9","1"
"Trinity Fields","The Midford · Plot 294","4","400000","https://www.taylorwimpey.co.uk/new-homes/knaresborough/trinity-fields/plot-294","294","16","4"
"Stoke Rise","Mallard House · Plot 101","1","220000","https://www.taylorwimpey.co.uk/new-homes/stoke-gifford/stoke-rise/plot-101","101","8","4"
"Stoke Rise","Mallard House · Plot 108","1","230000","https://www.taylorwimpey.co.uk/new-homes/stoke-gifford/stoke-rise/plot-108","108","8","1"
"Stoke Rise","The Altbury · Plot 31","3","450000","https://www.taylorwimpey.co.uk/new-homes/stoke-gifford/stoke-rise/plot-31","31","14","1"
"Stoke Rise","The Aynesdale · Plot 76","3","450000","https://www.taylorwimpey.co.uk/new-homes/stoke-gifford/stoke-rise/plot-76","76","12","1"
"Stoke Rise","The Carrdale · Plot 75","3","475000","https://www.taylorwimpey.co.uk/new-homes/stoke-gifford/stoke-rise/plot-75","75","13","0"
"Stoke Rise","The Altbury · Plot 32","3","485000","https://www.taylorwimpey.co.uk/new-homes/stoke-gifford/stoke-rise/plot-32","32","15","1"
"Stoke Rise","The Parkstone · Plot 68","4","495000","https://www.taylorwimpey.co.uk/new-homes/stoke-gifford/stoke-rise/plot-68","68","12","1"
"Stoke Rise","The Elterdale · Plot 30","3","499000","https://www.taylorwimpey.co.uk/new-homes/stoke-gifford/stoke-rise/plot-30","30","12","2"
"Stoke Rise","The Parkstone · Plot 34","4","499000","https://www.taylorwimpey.co.uk/new-homes/stoke-gifford/stoke-rise/plot-34","34","12","1"
"Stoke Rise","The Henford · Plot 12","4","580000","https://www.taylorwimpey.co.uk/new-homes/stoke-gifford/stoke-rise/plot-12","12","12","2"
"Minsmere Green","Bridgehead House · Plot 14","1","240000","https://www.taylorwimpey.co.uk/new-homes/keynsham/minsmere-green/plot-14","14","7","4"
"Minsmere Green","Bridgehead House · Plot 15","2","270000","https://www.taylorwimpey.co.uk/new-homes/keynsham/minsmere-green/plot-15","15","6","2"
"Minsmere Green","The Brambleford · Plot 8","3","420000","https://www.taylorwimpey.co.uk/new-homes/keynsham/minsmere-green/plot-8","8","13","1"
"Minsmere Green","The Brambleford · Plot 61","3","425000","https://www.taylorwimpey.co.uk/new-homes/keynsham/minsmere-green/plot-61","61","12","2"
"Minsmere Green","The Aynesdale · Plot 7","3","435000","https://www.taylorwimpey.co.uk/new-homes/keynsham/minsmere-green/plot-7","7","12","2"
"Minsmere Green","The Wansdale · Plot 13","4","650000","https://www.taylorwimpey.co.uk/new-homes/keynsham/minsmere-green/plot-13","13","15","0"
"Minsmere Green","The Wansdale · Plot 10","4","675000","https://www.taylorwimpey.co.uk/new-homes/keynsham/minsmere-green/plot-10","10","15","0"
"Minsmere Green","The Warkford · Plot 4","4","680000","https://www.taylorwimpey.co.uk/new-homes/keynsham/minsmere-green/plot-4","4","16","3"
"Minsmere Green","The Warkford · Plot 5","4","680000","https://www.taylorwimpey.co.uk/new-homes/keynsham/minsmere-green/plot-5","5","16","3"
"Minsmere Green","The Thirlford · Plot 39","5","770000","https://www.taylorwimpey.co.uk/new-homes/keynsham/minsmere-green/plot-39","39","19","5"
"Netherton Grange","The Beaford · Plot 275","2","325000","https://www.taylorwimpey.co.uk/new-homes/nailsea/netherton-grange/plot-275","275","11","2"
"Netherton Grange","The Eynsford · Plot 216","3","365000","https://www.taylorwimpey.co.uk/new-homes/nailsea/netherton-grange/plot-216","216","12","2"
"Netherton Grange","The Harrton · Plot 262","3","395000","https://www.taylorwimpey.co.uk/new-homes/nailsea/netherton-grange/plot-262","262","13","3"
"Netherton Grange","The Aynesdale · Plot 272","3","405000","https://www.taylorwimpey.co.uk/new-homes/nailsea/netherton-grange/plot-272","272","12","1"
"Netherton Grange","The Huxford · Plot 80","4","500000","https://www.taylorwimpey.co.uk/new-homes/nailsea/netherton-grange/plot-80","80","12","2"
"Netherton Grange","The Plumdale · Plot 223","4","510000","https://www.taylorwimpey.co.uk/new-homes/nailsea/netherton-grange/plot-223","223","14","2"
"Netherton Grange","The Plumdale · Plot 179","4","515000","https://www.taylorwimpey.co.uk/new-homes/nailsea/netherton-grange/plot-179","179","13","4"
"Netherton Grange","The Chalham · Plot 300","4","520000","https://www.taylorwimpey.co.uk/new-homes/nailsea/netherton-grange/plot-300","300","14","6"
"Netherton Grange","The Shilford · Plot 230","4","530000","https://www.taylorwimpey.co.uk/new-homes/nailsea/netherton-grange/plot-230","230","14","0"
"Netherton Grange","The Shilford · Plot 282","4","570000","https://www.taylorwimpey.co.uk/new-homes/nailsea/netherton-grange/plot-282","282","12","1"
"Netherton Grange","The Kitham · Plot 181","4","580000","https://www.taylorwimpey.co.uk/new-homes/nailsea/netherton-grange/plot-181","181","14","2"
"Netherton Grange","The Elterham · Plot 250","4","600000","https://www.taylorwimpey.co.uk/new-homes/nailsea/netherton-grange/plot-250","250","15","2"
"Netherton Grange","The Elterham · Plot 178","4","650000","https://www.taylorwimpey.co.uk/new-homes/nailsea/netherton-grange/plot-178","178","15","2"
"Bridgewater Place","The Tetford · Plot 3","3","379995","https://www.taylorwimpey.co.uk/new-homes/tyldesley/bridgewater-place/plot-3","3","14","9"
"Bridgewater Place","The Tetford · Plot 4","3","386995","https://www.taylorwimpey.co.uk/new-homes/tyldesley/bridgewater-place/plot-4","4","15","5"
"Bridgewater Place","The Eynsford · Plot 87","3","392995","https://www.taylorwimpey.co.uk/new-homes/tyldesley/bridgewater-place/plot-87","87","16","8"
"Bridgewater Place","The Byrneham · Plot 26","3","448995","https://www.taylorwimpey.co.uk/new-homes/tyldesley/bridgewater-place/plot-26","26","14","3"
"Bridgewater Place","The Altbury · Plot 27","3","449995","https://www.taylorwimpey.co.uk/new-homes/tyldesley/bridgewater-place/plot-27","27","16","5"
"Bridgewater Place","The Colford · Plot 1","4","484995","https://www.taylorwimpey.co.uk/new-homes/tyldesley/bridgewater-place/plot-1","1","16","9"
"Bridgewater Place","The Chalham · Plot 92","4","498995","https://www.taylorwimpey.co.uk/new-homes/tyldesley/bridgewater-place/plot-92","92","18","11"
"Bridgewater Place","The Chalham · Plot 93","4","498995","https://www.taylorwimpey.co.uk/new-homes/tyldesley/bridgewater-place/plot-93","93","16","7"
"Bridgewater Place","The Wansdale · Plot 2","4","564995","https://www.taylorwimpey.co.uk/new-homes/tyldesley/bridgewater-place/plot-2","2","14","0"
"Bridgewater Place","The Kitham · Plot 91","4","628995","https://www.taylorwimpey.co.uk/new-homes/tyldesley/bridgewater-place/plot-91","91","14","6"
"Backwell Grove","The Eynsford · Plot 21","3","395000","https://www.taylorwimpey.co.uk/new-homes/backwell/backwell-grove/plot-21","21","13","2"
"Backwell Grove","The Eynsford · Plot 36","3","400000","https://www.taylorwimpey.co.uk/new-homes/backwell/backwell-grove/plot-36","36","11","3"
"Backwell Grove","The Bittesford · Plot 10","4","555000","https://www.taylorwimpey.co.uk/new-homes/backwell/backwell-grove/plot-10","10","13","1"
"Backwell Grove","The Plumdale · Plot 25","4","575000","https://www.taylorwimpey.co.uk/new-homes/backwell/backwell-grove/plot-25","25","12","4"
"Backwell Grove","The Meadowford · Plot 11","4","635000","https://www.taylorwimpey.co.uk/new-homes/backwell/backwell-grove/plot-11","11","16","0"
"Backwell Grove","The Shilford · Plot 26","4","680000","https://www.taylorwimpey.co.uk/new-homes/backwell/backwell-grove/plot-26","26","14","7"
"Hayford Grange","The Flatford · Plot 164","3","255000","https://www.taylorwimpey.co.uk/new-homes/lawley/hayford-grange/plot-164","164","14","7"
"Hayford Grange","The Flatford · Plot 163","3","255000","https://www.taylorwimpey.co.uk/new-homes/lawley/hayford-grange/plot-163","163","14","7"
"Hayford Grange","The Gosford · Plot 167","3","255000","https://www.taylorwimpey.co.uk/new-homes/lawley/hayford-grange/plot-167","167","13","5"
"Hayford Grange","The Amersham · Plot 155","3","326000","https://www.taylorwimpey.co.uk/new-homes/lawley/hayford-grange/plot-155","155","15","7"
"Hayford Grange","The Amersham · Plot 156","3","326000","https://www.taylorwimpey.co.uk/new-homes/lawley/hayford-grange/plot-156","156","15","7"
"Hayford Grange","The Trusdale · Plot 161","4","360000","https://www.taylorwimpey.co.uk/new-homes/lawley/hayford-grange/plot-161","161","14","1"
"Hayford Grange","The Trusdale · Plot 29","4","360000","https://www.taylorwimpey.co.uk/new-homes/lawley/hayford-grange/plot-29","29","14","1"
"Hayford Grange","The Trusdale · Plot 157","4","370000","https://www.taylorwimpey.co.uk/new-homes/lawley/hayford-grange/plot-157","157","14","1"
"Parc Llandaf","Y Glyndwr · Plot 268","1","240000","https://www.taylorwimpey.co.uk/new-homes/llandaff/parc-llandaf/plot-268","268","6","2"
"Parc Llandaf","Y Glyndwr · Plot 290","1","244000","https://www.taylorwimpey.co.uk/new-homes/llandaff/parc-llandaf/plot-290","290","6","2"
"Parc Llandaf","Y Ddraig · Plot 269","2","317000","https://www.taylorwimpey.co.uk/new-homes/llandaff/parc-llandaf/plot-269","269","8","2"
"Parc Llandaf","Y Taff · Plot 278","2","321000","https://www.taylorwimpey.co.uk/new-homes/llandaff/parc-llandaf/plot-278","278","8","0"
"Parc Llandaf","Y Ddraig · Plot 302","2","323000","https://www.taylorwimpey.co.uk/new-homes/llandaff/parc-llandaf/plot-302","302","8","2"
"Parc Llandaf","Y Taff · Plot 311","2","330000","https://www.taylorwimpey.co.uk/new-homes/llandaff/parc-llandaf/plot-311","311","8","0"
"Parc Llandaf","The Gosford · Plot 225","3","384000","https://www.taylorwimpey.co.uk/new-homes/llandaff/parc-llandaf/plot-225","225","14","2"
"Parc Llandaf","The Braxton · Plot 231","3","411000","https://www.taylorwimpey.co.uk/new-homes/llandaff/parc-llandaf/plot-231","231","15","5"
"Parc Llandaf","The Braxton · Plot 230","3","412000","https://www.taylorwimpey.co.uk/new-homes/llandaff/parc-llandaf/plot-230","230","15","5"
"Parc Llandaf","Lisvane · Plot 104","2","420000","https://www.taylorwimpey.co.uk/new-homes/llandaff/parc-llandaf/plot-104","104","7","2"
"Parc Llandaf","Lisvane · Plot 105","2","425000","https://www.taylorwimpey.co.uk/new-homes/llandaff/parc-llandaf/plot-105","105","7","2"
"Parc Llandaf","The Elliston · Plot 213","4","475000","https://www.taylorwimpey.co.uk/new-homes/llandaff/parc-llandaf/plot-213","213","16","1"
"Parc Llandaf","The Elliston · Plot 220","4","479000","https://www.taylorwimpey.co.uk/new-homes/llandaff/parc-llandaf/plot-220","220","16","1"
"Parc Llandaf","The Elliston · Plot 219","4","489000","https://www.taylorwimpey.co.uk/new-homes/llandaff/parc-llandaf/plot-219","219","16","1"
"Parc Llandaf","The Midford · Plot 222","4","499995","https://www.taylorwimpey.co.uk/new-homes/llandaff/parc-llandaf/plot-222","222","15","3"
"Parc Llandaf","The Trusdale · Plot 221","4","529000","https://www.taylorwimpey.co.uk/new-homes/llandaff/parc-llandaf/plot-221","221","14","2"
"Parc Llandaf","The Trusdale · Plot 223","4","540000","https://www.taylorwimpey.co.uk/new-homes/llandaff/parc-llandaf/plot-223","223","14","2"
"Parc Llandaf","The Trusdale · Plot 203","4","542500","https://www.taylorwimpey.co.uk/new-homes/llandaff/parc-llandaf/plot-203","203","14","2"
"Parc Llandaf","The Midford · Plot 200","4","550000","https://www.taylorwimpey.co.uk/new-homes/llandaff/parc-llandaf/plot-200","200","12","3"
"Parc Llandaf","The Dale · Plot 120","5","649995","https://www.taylorwimpey.co.uk/new-homes/llandaff/parc-llandaf/plot-120","120","19","9"
"Parc Llandaf","The Dunham · Plot 202","4","665000","https://www.taylorwimpey.co.uk/new-homes/llandaff/parc-llandaf/plot-202","202","13","2"
"Parc Llandaf","The Manford · Plot 197","4","670000","https://www.taylorwimpey.co.uk/new-homes/llandaff/parc-llandaf/plot-197","197","13","4"
"Parc Llandaf","The Dale · Plot 108","5","670000","https://www.taylorwimpey.co.uk/new-homes/llandaff/parc-llandaf/plot-108","108","18","9"
"Parc Llandaf","The Manford · Plot 199","4","675000","https://www.taylorwimpey.co.uk/new-homes/llandaff/parc-llandaf/plot-199","199","13","4"
"Parc Llandaf","The Dale · Plot 96","5","675000","https://www.taylorwimpey.co.uk/new-homes/llandaff/parc-llandaf/plot-96","96","19","9"
"Parc Llandaf","The Dale · Plot 100","5","695000","https://www.taylorwimpey.co.uk/new-homes/llandaff/parc-llandaf/plot-100","100","19","9"
"Parc Llandaf","The Ransford · Plot 201","4","775000","https://www.taylorwimpey.co.uk/new-homes/llandaff/parc-llandaf/plot-201","201","12","9"
"Monument Way","The Hughes · Plot 20","4","407500","https://www.taylorwimpey.co.uk/new-homes/robroyston/monument-way/plot-20","20","15","1"
"Monument Way","The Hughes · Plot 9","4","409000","https://www.taylorwimpey.co.uk/new-homes/robroyston/monument-way/plot-9","9","15","1"
"Monument Way","The Stewart · Plot 119","4","427000","https://www.taylorwimpey.co.uk/new-homes/robroyston/monument-way/plot-119","119","14","2"
"Dargavel View","The MacLeod · Plot 172","4","454995","https://www.taylorwimpey.co.uk/new-homes/bishopton/dargavel-view/plot-172","172","14","4"
"Dargavel View","The Kennedy · Plot 174","4","545995","https://www.taylorwimpey.co.uk/new-homes/bishopton/dargavel-view/plot-174","174","14","9"
"Dargavel View","The Kennedy · Plot 165","4","549995","https://www.taylorwimpey.co.uk/new-homes/bishopton/dargavel-view/plot-165","165","14","9"
"Dargavel View","The Kennedy · Plot 171","4","549995","https://www.taylorwimpey.co.uk/new-homes/bishopton/dargavel-view/plot-171","171","14","9"
"Dargavel View","The Cameron · Plot 173","5","554995","https://www.taylorwimpey.co.uk/new-homes/bishopton/dargavel-view/plot-173","173","14","6"
"Dargavel View","The Gordon · Plot 168","4","599995","https://www.taylorwimpey.co.uk/new-homes/bishopton/dargavel-view/plot-168","168","14","12"
"Dargavel View","The Buchanan · Plot 195","4","698000","https://www.taylorwimpey.co.uk/new-homes/bishopton/dargavel-view/plot-195","195","14","2"
"Oakwood Grove","The Blair · Plot 98","3","273000","https://www.taylorwimpey.co.uk/new-homes/hamilton/oakwood-grove/plot-98","98","14","0"
"Oakwood Grove","The Drummond · Plot 93","4","334000","https://www.taylorwimpey.co.uk/new-homes/hamilton/oakwood-grove/plot-93","93","14","3"
"Oakwood Grove","The Geddes · Plot 96","4","350000","https://www.taylorwimpey.co.uk/new-homes/hamilton/oakwood-grove/plot-96","96","14","2"
"Oakwood Grove","The Maxwell · Plot 95","4","379000","https://www.taylorwimpey.co.uk/new-homes/hamilton/oakwood-grove/plot-95","95","14","1"
"Oakwood Grove","The Stewart · Plot 40","4","384000","https://www.taylorwimpey.co.uk/new-homes/hamilton/oakwood-grove/plot-40","40","14","2"
"Oakwood Grove","The Stewart · Plot 46","4","385000","https://www.taylorwimpey.co.uk/new-homes/hamilton/oakwood-grove/plot-46","46","14","1"
"Oakwood Grove","The Wallace · Plot 55","5","412000","https://www.taylorwimpey.co.uk/new-homes/hamilton/oakwood-grove/plot-55","55","16","1"
"Kyrle Green","The Appleford · Plot 50","2","260000","https://www.taylorwimpey.co.uk/new-homes/ross-on-wye/kyrle-green/plot-50","50","12","2"
"Kyrle Green","The Keeford · Plot 45","3","342000","https://www.taylorwimpey.co.uk/new-homes/ross-on-wye/kyrle-green/plot-45","45","14","4"
"Kyrle Green","The Colford · Plot 8","4","399995","https://www.taylorwimpey.co.uk/new-homes/ross-on-wye/kyrle-green/plot-8","8","12","3"
"Kyrle Green","The Plumdale · Plot 20","4","420000","https://www.taylorwimpey.co.uk/new-homes/ross-on-wye/kyrle-green/plot-20","20","13","5"
"Kyrle Green","The Colford · Plot 12","4","422500","https://www.taylorwimpey.co.uk/new-homes/ross-on-wye/kyrle-green/plot-12","12","17","2"
"Kyrle Green","The Hubham · Plot 93","4","440000","https://www.taylorwimpey.co.uk/new-homes/ross-on-wye/kyrle-green/plot-93","93","13","1"
"Kyrle Green","The Rightford · Plot 54","4","445000","https://www.taylorwimpey.co.uk/new-homes/ross-on-wye/kyrle-green/plot-54","54","13","1"
"Kyrle Green","The Hubham · Plot 22","4","449500","https://www.taylorwimpey.co.uk/new-homes/ross-on-wye/kyrle-green/plot-22","22","13","1"
"Burdon Fields","The Beaford · Plot 261","2","184995","https://www.taylorwimpey.co.uk/new-homes/ryhope/burdon-fields/plot-261","261","11","1"
"Burdon Fields","The Beaford · Plot 259","2","189995","https://www.taylorwimpey.co.uk/new-homes/ryhope/burdon-fields/plot-259","259","12","1"
"Burdon Fields","The Eynsford · Plot 219","3","229995","https://www.taylorwimpey.co.uk/new-homes/ryhope/burdon-fields/plot-219","219","15","7"
"Burdon Fields","The Aynesdale · Plot 265","3","254995","https://www.taylorwimpey.co.uk/new-homes/ryhope/burdon-fields/plot-265","265","14","0"
"Burdon Fields","The Byrneham · Plot 151","3","289995","https://www.taylorwimpey.co.uk/new-homes/ryhope/burdon-fields/plot-151","151","14","5"
"Burdon Fields","The Bittesford · Plot 256","4","299995","https://www.taylorwimpey.co.uk/new-homes/ryhope/burdon-fields/plot-256","256","14","2"
"Burdon Fields","The Bittesford · Plot 150","4","299995","https://www.taylorwimpey.co.uk/new-homes/ryhope/burdon-fields/plot-150","150","13","2"
"Burdon Fields","The Chalham · Plot 255","4","314995","https://www.taylorwimpey.co.uk/new-homes/ryhope/burdon-fields/plot-255","255","19","10"
"Burdon Manor","The Keeford · Plot 282","3","243995","https://www.taylorwimpey.co.uk/new-homes/sunderland/burdon-manor/plot-282","282","14","6"
"Burdon Manor","The Byrneham · Plot 385","3","294995","https://www.taylorwimpey.co.uk/new-homes/sunderland/burdon-manor/plot-385","385","13","4"
"Burdon Manor","The Byrneham · Plot 380","3","294995","https://www.taylorwimpey.co.uk/new-homes/sunderland/burdon-manor/plot-380","380","14","4"
"Burdon Manor","The Colford · Plot 379","4","309995","https://www.taylorwimpey.co.uk/new-homes/sunderland/burdon-manor/plot-379","379","13","6"
"Burdon Manor","The Colford · Plot 384","4","309995","https://www.taylorwimpey.co.uk/new-homes/sunderland/burdon-manor/plot-384","384","14","6"
"Burdon Manor","The Chalham · Plot 386","4","324995","https://www.taylorwimpey.co.uk/new-homes/sunderland/burdon-manor/plot-386","386","20","10"
"Burdon Manor","The Chalham · Plot 381","4","324995","https://www.taylorwimpey.co.uk/new-homes/sunderland/burdon-manor/plot-381","381","21","12"
"Burdon Manor","The Hubham · Plot 383","4","344995","https://www.taylorwimpey.co.uk/new-homes/sunderland/burdon-manor/plot-383","383","15","9"
"Burdon Manor","The Hubham · Plot 387","4","344995","https://www.taylorwimpey.co.uk/new-homes/sunderland/burdon-manor/plot-387","387","15","9"
"Burdon Manor","The Kitham · Plot 284","4","384995","https://www.taylorwimpey.co.uk/new-homes/sunderland/burdon-manor/plot-284","284","14","5"
"Burdon Manor","The Aireton · Plot 376","5","399995","https://www.taylorwimpey.co.uk/new-homes/sunderland/burdon-manor/plot-376","376","22","8"
"Burdon Manor","The Patterham · Plot 298","5","474995","https://www.taylorwimpey.co.uk/new-homes/sunderland/burdon-manor/plot-298","298","2","0"
"West Craigs","The Angus · Plot 72","2","359995","https://www.taylorwimpey.co.uk/new-homes/maybury/west-craigs/plot-72","72","8","4"
"West Craigs","The Angus · Plot 73","2","380000","https://www.taylorwimpey.co.uk/new-homes/maybury/west-craigs/plot-73","73","8","4"
"West Craigs","The Geddes · Plot 57","4","540000","https://www.taylorwimpey.co.uk/new-homes/maybury/west-craigs/plot-57","57","15","7"
"West Craigs","The Geddes · Plot 15","4","560000","https://www.taylorwimpey.co.uk/new-homes/maybury/west-craigs/plot-15","15","16","6"
"West Craigs","The Maxwell · Plot 46","4","579995","https://www.taylorwimpey.co.uk/new-homes/maybury/west-craigs/plot-46","46","16","3"
"West Craigs","The Maxwell · Plot 65","4","590000","https://www.taylorwimpey.co.uk/new-homes/maybury/west-craigs/plot-65","65","15","2"
"West Craigs","The Stewart · Plot 58","4","605000","https://www.taylorwimpey.co.uk/new-homes/maybury/west-craigs/plot-58","58","15","1"
"West Craigs","The Stewart · Plot 64","4","605000","https://www.taylorwimpey.co.uk/new-homes/maybury/west-craigs/plot-64","64","14","2"
"Whittle Gardens","The Aynesdale · Plot 863","3","390000","https://www.taylorwimpey.co.uk/new-homes/gloucester/whittle-gardens/plot-863","863","12","2"
"Whittle Gardens","The Aynesdale · Plot 860","3","390000","https://www.taylorwimpey.co.uk/new-homes/gloucester/whittle-gardens/plot-860","860","12","1"
"Whittle Gardens","The Dewbury · Plot 278","4","420000","https://www.taylorwimpey.co.uk/new-homes/gloucester/whittle-gardens/plot-278","278","13","2"
"Whittle Gardens","The Dewbury · Plot 274","4","425000","https://www.taylorwimpey.co.uk/new-homes/gloucester/whittle-gardens/plot-274","274","13","2"
"Whittle Gardens","The Colford · Plot 917","4","435000","https://www.taylorwimpey.co.uk/new-homes/gloucester/whittle-gardens/plot-917","917","14","2"
"Whittle Gardens","The Colford · Plot 918","4","435000","https://www.taylorwimpey.co.uk/new-homes/gloucester/whittle-gardens/plot-918","918","14","1"
"Whittle Gardens","The Plumdale · Plot 872","4","450000","https://www.taylorwimpey.co.uk/new-homes/gloucester/whittle-gardens/plot-872","872","13","4"
"Whittle Gardens","The Henford · Plot 839","4","499000","https://www.taylorwimpey.co.uk/new-homes/gloucester/whittle-gardens/plot-839","839","15","3"
"Whittle Gardens","The Henford · Plot 838","4","499000","https://www.taylorwimpey.co.uk/new-homes/gloucester/whittle-gardens/plot-838","838","12","0"
"Whittle Gardens","The Kitham · Plot 844","4","520000","https://www.taylorwimpey.co.uk/new-homes/gloucester/whittle-gardens/plot-844","844","13","5"
"Whittle Gardens","The Wansdale · Plot 840","4","535000","https://www.taylorwimpey.co.uk/new-homes/gloucester/whittle-gardens/plot-840","840","15","0"
"The Tramworks","The Platform · Plot 122","1","325000","https://www.taylorwimpey.co.uk/new-homes/north-finchley/the-tramworks/plot-122","122","14","6"
"The Tramworks","East Bridge · Plot 111","1","358000","https://www.taylorwimpey.co.uk/new-homes/north-finchley/the-tramworks/plot-111","111","11","4"
"The Tramworks","East Bridge · Plot 105","1","358000","https://www.taylorwimpey.co.uk/new-homes/north-finchley/the-tramworks/plot-105","105","10","4"
"The Tramworks","East Bridge · Plot 104","2","446000","https://www.taylorwimpey.co.uk/new-homes/north-finchley/the-tramworks/plot-104","104","11","3"
"The Tramworks","East Bridge · Plot 110","2","475000","https://www.taylorwimpey.co.uk/new-homes/north-finchley/the-tramworks/plot-110","110","11","4"
"The Tramworks","East Bridge · Plot 106","2","475000","https://www.taylorwimpey.co.uk/new-homes/north-finchley/the-tramworks/plot-106","106","11","4"
"The Tramworks","East Bridge · Plot 100","2","500000","https://www.taylorwimpey.co.uk/new-homes/north-finchley/the-tramworks/plot-100","100","12","4"
"The Tramworks","The Colney · Plot 26","3","825000","https://www.taylorwimpey.co.uk/new-homes/north-finchley/the-tramworks/plot-26","26","12","2"
"The Tramworks","The Newgate · Plot 22","4","1095000","https://www.taylorwimpey.co.uk/new-homes/north-finchley/the-tramworks/plot-22","22","18","5"
"Heathwood at Brunton Rise","The Ingleholme · Plot 506","2","174995","https://www.taylorwimpey.co.uk/new-homes/newcastle-upon-tyne/heathwood-at-brunton-rise/plot-506","506","6","4"
"Heathwood at Brunton Rise","The Ingleholme · Plot 495","2","179995","https://www.taylorwimpey.co.uk/new-homes/newcastle-upon-tyne/heathwood-at-brunton-rise/plot-495","495","6","2"
"Heathwood at Brunton Rise","The Ingleholme · Plot 493","2","184995","https://www.taylorwimpey.co.uk/new-homes/newcastle-upon-tyne/heathwood-at-brunton-rise/plot-493","493","6","3"
"Heathwood at Brunton Rise","The Beaford · Plot 448","2","214995","https://www.taylorwimpey.co.uk/new-homes/newcastle-upon-tyne/heathwood-at-brunton-rise/plot-448","448","13","2"
"Heathwood at Brunton Rise","The Tetford · Plot 433","3","276995","https://www.taylorwimpey.co.uk/new-homes/newcastle-upon-tyne/heathwood-at-brunton-rise/plot-433","433","15","8"
"Heathwood at Brunton Rise","The Tetford · Plot 431","3","276995","https://www.taylorwimpey.co.uk/new-homes/newcastle-upon-tyne/heathwood-at-brunton-rise/plot-431","431","14","7"
"Heathwood at Brunton Rise","The Aynesdale · Plot 444","3","294995","https://www.taylorwimpey.co.uk/new-homes/newcastle-upon-tyne/heathwood-at-brunton-rise/plot-444","444","16","0"
"Heathwood at Brunton Rise","The Aynesdale · Plot 426","3","294995","https://www.taylorwimpey.co.uk/new-homes/newcastle-upon-tyne/heathwood-at-brunton-rise/plot-426","426","13","0"
"Heathwood at Brunton Rise","The Altbury · Plot 485","3","299995","https://www.taylorwimpey.co.uk/new-homes/newcastle-upon-tyne/heathwood-at-brunton-rise/plot-485","485","10","4"
"Heathwood at Brunton Rise","The Brilbury · Plot 482","4","339995","https://www.taylorwimpey.co.uk/new-homes/newcastle-upon-tyne/heathwood-at-brunton-rise/plot-482","482","11","4"
"Heathwood at Brunton Rise","The Bittesford · Plot 440","4","349995","https://www.taylorwimpey.co.uk/new-homes/newcastle-upon-tyne/heathwood-at-brunton-rise/plot-440","440","13","2"
"Heathwood at Brunton Rise","The Hubham · Plot 470","4","399995","https://www.taylorwimpey.co.uk/new-homes/newcastle-upon-tyne/heathwood-at-brunton-rise/plot-470","470","15","10"
"Heathwood at Brunton Rise","The Aireton · Plot 441","5","459995","https://www.taylorwimpey.co.uk/new-homes/newcastle-upon-tyne/heathwood-at-brunton-rise/plot-441","441","21","7"
"Heathwood at Brunton Rise","The Aireton · Plot 471","5","464995","https://www.taylorwimpey.co.uk/new-homes/newcastle-upon-tyne/heathwood-at-brunton-rise/plot-471","471","22","7"
"Robin Gardens","The Owlerton · Plot 63","4","410000","https://www.taylorwimpey.co.uk/new-homes/swindon/robin-gardens/plot-63","63","14","0"
"Robin Gardens","The Kingsley · Plot 89","4","440000","https://www.taylorwimpey.co.uk/new-homes/swindon/robin-gardens/plot-89","89","11","0"
"Robin Gardens","The Thornton · Plot 58","4","475000","https://www.taylorwimpey.co.uk/new-homes/swindon/robin-gardens/plot-58","58","14","0"
"Robin Gardens","The Thornton · Plot 57","4","475000","https://www.taylorwimpey.co.uk/new-homes/swindon/robin-gardens/plot-57","57","14","1"
"Robin Gardens","The Thornton · Plot 65","4","485000","https://www.taylorwimpey.co.uk/new-homes/swindon/robin-gardens/plot-65","65","14","1"
"Little Furze Place","The Chestnut · Plot 47","2","370000","https://www.taylorwimpey.co.uk/new-homes/watford/little-furze-place/plot-47","47","9","3"
"Little Furze Place","The Chestnut · Plot 43","2","395000","https://www.taylorwimpey.co.uk/new-homes/watford/little-furze-place/plot-43","43","9","2"
"Little Furze Place","The Chestnut · Plot 42","2","395000","https://www.taylorwimpey.co.uk/new-homes/watford/little-furze-place/plot-42","42","10","3"
"Little Furze Place","The Chestnut · Plot 46","2","397500","https://www.taylorwimpey.co.uk/new-homes/watford/little-furze-place/plot-46","46","6","2"
"Little Furze Place","The Chestnut · Plot 49","2","400000","https://www.taylorwimpey.co.uk/new-homes/watford/little-furze-place/plot-49","49","9","2"
"Little Furze Place","The Altbury · Plot 36","3","600000","https://www.taylorwimpey.co.uk/new-homes/watford/little-furze-place/plot-36","36","15","3"
"Little Furze Place","The Keeford · Plot 58","3","620000","https://www.taylorwimpey.co.uk/new-homes/watford/little-furze-place/plot-58","58","13","3"
"Little Furze Place","The Harrton · Plot 62","3","630000","https://www.taylorwimpey.co.uk/new-homes/watford/little-furze-place/plot-62","62","16","3"
"Little Furze Place","The Trelton · Plot 55","4","695000","https://www.taylorwimpey.co.uk/new-homes/watford/little-furze-place/plot-55","55","17","2"
"Little Furze Place","The Chalham · Plot 52","4","730000","https://www.taylorwimpey.co.uk/new-homes/watford/little-furze-place/plot-52","52","17","1"
"Stortford Fields","The Foxdell · Plot 101","2","310000","https://www.taylorwimpey.co.uk/new-homes/bishop's-stortford/stortford-fields/plot-101","101","10","3"
"Stortford Fields","The Foxdell · Plot 105","2","317500","https://www.taylorwimpey.co.uk/new-homes/bishop's-stortford/stortford-fields/plot-105","105","9","3"
"Stortford Fields","The Harrton · Plot 20","3","465000","https://www.taylorwimpey.co.uk/new-homes/bishop's-stortford/stortford-fields/plot-20","20","18","4"
"Stortford Fields","The Keeford · Plot 25","3","485000","https://www.taylorwimpey.co.uk/new-homes/bishop's-stortford/stortford-fields/plot-25","25","11","1"
"Stortford Fields","The Aynesdale · Plot 134","3","510000","https://www.taylorwimpey.co.uk/new-homes/bishop's-stortford/stortford-fields/plot-134","134","12","1"
"Stortford Fields","The Densdale · Plot 18","3","535000","https://www.taylorwimpey.co.uk/new-homes/bishop's-stortford/stortford-fields/plot-18","18","9","0"
"Stortford Fields","The Plumdale · Plot 128","4","595000","https://www.taylorwimpey.co.uk/new-homes/bishop's-stortford/stortford-fields/plot-128","128","11","4"
"Stortford Fields","The Aireton · Plot 127","5","720000","https://www.taylorwimpey.co.uk/new-homes/bishop's-stortford/stortford-fields/plot-127","127","19","5"
"Ravensheugh Heights","The Andrew · Plot 135","2","256000","https://www.taylorwimpey.co.uk/new-homes/wallyford/ravensheugh-heights/plot-135","135","14","10"
"Ravensheugh Heights","The Andrew · Plot 131","2","257000","https://www.taylorwimpey.co.uk/new-homes/wallyford/ravensheugh-heights/plot-131","131","13","0"
"Ravensheugh Heights","The Blair · Plot 133","3","299995","https://www.taylorwimpey.co.uk/new-homes/wallyford/ravensheugh-heights/plot-133","133","14","0"
"Ravensheugh Heights","The Blair · Plot 137","3","299995","https://www.taylorwimpey.co.uk/new-homes/wallyford/ravensheugh-heights/plot-137","137","14","0"
"Ravensheugh Heights","The Blair · Plot 134","3","299995","https://www.taylorwimpey.co.uk/new-homes/wallyford/ravensheugh-heights/plot-134","134","15","0"
"Ravensheugh Heights","The Blair · Plot 130","3","301000","https://www.taylorwimpey.co.uk/new-homes/wallyford/ravensheugh-heights/plot-130","130","14","0"
"Ravensheugh Heights","The Blair · Plot 72","3","306500","https://www.taylorwimpey.co.uk/new-homes/wallyford/ravensheugh-heights/plot-72","72","14","0"
"Ravensheugh Heights","The Douglas · Plot 10","4","368000","https://www.taylorwimpey.co.uk/new-homes/wallyford/ravensheugh-heights/plot-10","10","15","1"
"Ravensheugh Heights","The Drummond · Plot 57","4","389995","https://www.taylorwimpey.co.uk/new-homes/wallyford/ravensheugh-heights/plot-57","57","15","3"
"Ravensheugh Heights","The Fraser · Plot 11","4","395000","https://www.taylorwimpey.co.uk/new-homes/wallyford/ravensheugh-heights/plot-11","11","14","0"
"Ravensheugh Heights","The Geddes · Plot 6","4","405000","https://www.taylorwimpey.co.uk/new-homes/wallyford/ravensheugh-heights/plot-6","6","13","3"
"Ravensheugh Heights","The Geddes · Plot 50","4","407000","https://www.taylorwimpey.co.uk/new-homes/wallyford/ravensheugh-heights/plot-50","50","15","2"
"Ravensheugh Heights","The Geddes · Plot 47","4","407000","https://www.taylorwimpey.co.uk/new-homes/wallyford/ravensheugh-heights/plot-47","47","15","8"
"Ravensheugh Heights","The Maxwell · Plot 9","4","440000","https://www.taylorwimpey.co.uk/new-homes/wallyford/ravensheugh-heights/plot-9","9","15","2"
"Ravensheugh Heights","The Maxwell · Plot 51","4","441000","https://www.taylorwimpey.co.uk/new-homes/wallyford/ravensheugh-heights/plot-51","51","16","3"
"Ravensheugh Heights","The Wallace · Plot 8","5","465000","https://www.taylorwimpey.co.uk/new-homes/wallyford/ravensheugh-heights/plot-8","8","16","2"
"Ravensheugh Heights","The Wallace · Plot 49","5","470000","https://www.taylorwimpey.co.uk/new-homes/wallyford/ravensheugh-heights/plot-49","49","15","0"
"Mindenhurst","The Tildale · Plot 42","2","340000","https://www.taylorwimpey.co.uk/new-homes/deepcut/mindenhurst/plot-42","42","11","2"
"Mindenhurst","The Aynesdale · Plot 53","3","525000","https://www.taylorwimpey.co.uk/new-homes/deepcut/mindenhurst/plot-53","53","13","0"
"Mindenhurst","The Trilton · Plot 20","4","565000","https://www.taylorwimpey.co.uk/new-homes/deepcut/mindenhurst/plot-20","20","11","7"
"Mindenhurst","The Fontdale · Plot 19","3","600000","https://www.taylorwimpey.co.uk/new-homes/deepcut/mindenhurst/plot-19","19","15","5"
"Mindenhurst","The Ashford · Plot 49","3","605000","https://www.taylorwimpey.co.uk/new-homes/deepcut/mindenhurst/plot-49","49","18","5"
"Mindenhurst","The Fontdale · Plot 5","3","620000","https://www.taylorwimpey.co.uk/new-homes/deepcut/mindenhurst/plot-5","5","14","4"
"Mindenhurst","The Ashford · Plot 52","3","630000","https://www.taylorwimpey.co.uk/new-homes/deepcut/mindenhurst/plot-52","52","18","5"
"Mindenhurst","The Plumdale · Plot 34","4","645000","https://www.taylorwimpey.co.uk/new-homes/deepcut/mindenhurst/plot-34","34","13","4"
"Mindenhurst","The Thirlford · Plot 32","5","775000","https://www.taylorwimpey.co.uk/new-homes/deepcut/mindenhurst/plot-32","32","21","2"
"Mindenhurst","The Thirlford · Plot 33","5","780000","https://www.taylorwimpey.co.uk/new-homes/deepcut/mindenhurst/plot-33","33","22","2"
"Mead Fields","Birnbeck House · Plot 1","2","202000","https://www.taylorwimpey.co.uk/new-homes/banwell/mead-fields/plot-1","1","9","1"
"Mead Fields","Birnbeck House · Plot 4","2","203000","https://www.taylorwimpey.co.uk/new-homes/banwell/mead-fields/plot-4","4","7","5"
"Mead Fields","The Colby · Plot 11","2","235000","https://www.taylorwimpey.co.uk/new-homes/banwell/mead-fields/plot-11","11","9","3"
"Mead Fields","The Braxton · Plot 142","3","300000","https://www.taylorwimpey.co.uk/new-homes/banwell/mead-fields/plot-142","142","14","3"
"Mead Fields","The Brambleford · Plot 614","3","300000","https://www.taylorwimpey.co.uk/new-homes/banwell/mead-fields/plot-614","614","13","1"
"Mead Fields","The Plumdale · Plot 613","4","400000","https://www.taylorwimpey.co.uk/new-homes/banwell/mead-fields/plot-613","613","12","4"
"Mead Fields","The Henford · Plot 612","4","410000","https://www.taylorwimpey.co.uk/new-homes/banwell/mead-fields/plot-612","612","12","0"
"Mead Fields","The Henford · Plot 664","4","430000","https://www.taylorwimpey.co.uk/new-homes/banwell/mead-fields/plot-664","664","14","2"
"Mead Fields","The Wansdale · Plot 630","4","460000","https://www.taylorwimpey.co.uk/new-homes/banwell/mead-fields/plot-630","630","14","0"
"Mead Fields","The Kitham · Plot 632","4","475000","https://www.taylorwimpey.co.uk/new-homes/banwell/mead-fields/plot-632","632","13","5"
"Mead Fields","The Kitham · Plot 635","4","475000","https://www.taylorwimpey.co.uk/new-homes/banwell/mead-fields/plot-635","635","14","4"
"Belhaven Way","The Tyne · Plot 220","2","165000","https://www.taylorwimpey.co.uk/new-homes/dunbar/belhaven-way/plot-220","220","10","0"
"Belhaven Way","The Spey · Plot 229","2","165000","https://www.taylorwimpey.co.uk/new-homes/dunbar/belhaven-way/plot-229","229","8","0"
"Belhaven Way","The Tweed · Plot 219","2","165000","https://www.taylorwimpey.co.uk/new-homes/dunbar/belhaven-way/plot-219","219","11","0"
"Belhaven Way","The Spey · Plot 221","2","165000","https://www.taylorwimpey.co.uk/new-homes/dunbar/belhaven-way/plot-221","221","12","1"
"Belhaven Way","The Tweed · Plot 223","2","165000","https://www.taylorwimpey.co.uk/new-homes/dunbar/belhaven-way/plot-223","223","10","0"
"Belhaven Way","The Tyne · Plot 224","2","165000","https://www.taylorwimpey.co.uk/new-homes/dunbar/belhaven-way/plot-224","224","12","1"
"Belhaven Way","The Andrew · Plot 202","2","239995","https://www.taylorwimpey.co.uk/new-homes/dunbar/belhaven-way/plot-202","202","13","0"
"Belhaven Way","The Andrew · Plot 203","2","239995","https://www.taylorwimpey.co.uk/new-homes/dunbar/belhaven-way/plot-203","203","13","9"
"Belhaven Way","The Baxter · Plot 205","3","265000","https://www.taylorwimpey.co.uk/new-homes/dunbar/belhaven-way/plot-205","205","14","1"
"Belhaven Way","The Baxter · Plot 204","3","267000","https://www.taylorwimpey.co.uk/new-homes/dunbar/belhaven-way/plot-204","204","13","0"
"Belhaven Way","The Baxter · Plot 201","3","267000","https://www.taylorwimpey.co.uk/new-homes/dunbar/belhaven-way/plot-201","201","13","0"
"Belhaven Way","The Drummond · Plot 242","4","375000","https://www.taylorwimpey.co.uk/new-homes/dunbar/belhaven-way/plot-242","242","15","3"
"Belhaven Way","The Hume · Plot 243","4","395000","https://www.taylorwimpey.co.uk/new-homes/dunbar/belhaven-way/plot-243","243","17","2"
"Belhaven Way","The Stewart · Plot 245","4","426000","https://www.taylorwimpey.co.uk/new-homes/dunbar/belhaven-way/plot-245","245","16","2"
"Belhaven Way","The Wallace · Plot 147","5","455000","https://www.taylorwimpey.co.uk/new-homes/dunbar/belhaven-way/plot-147","147","16","2"
"Fitzwilliam Place","The Eynsford · Plot 87","3","192000","https://www.taylorwimpey.co.uk/new-homes/redcar/fitzwilliam-place/plot-87","87","14","3"
"Fitzwilliam Place","The Eynsford · Plot 93","3","230000","https://www.taylorwimpey.co.uk/new-homes/redcar/fitzwilliam-place/plot-93","93","14","3"
"Fitzwilliam Place","The Byrneham · Plot 83","3","300000","https://www.taylorwimpey.co.uk/new-homes/redcar/fitzwilliam-place/plot-83","83","13","2"
"Fitzwilliam Place","The Chalham · Plot 90","4","320000","https://www.taylorwimpey.co.uk/new-homes/redcar/fitzwilliam-place/plot-90","90","14","8"
"Fitzwilliam Place","The Chalham · Plot 98","4","325000","https://www.taylorwimpey.co.uk/new-homes/redcar/fitzwilliam-place/plot-98","98","14","8"
"Fitzwilliam Place","The Colford · Plot 89","4","325000","https://www.taylorwimpey.co.uk/new-homes/redcar/fitzwilliam-place/plot-89","89","17","3"
"Fitzwilliam Place","The Hubham · Plot 100","4","345000","https://www.taylorwimpey.co.uk/new-homes/redcar/fitzwilliam-place/plot-100","100","17","1"
"Half Penny Meadows","The Pendleton · Plot 363","2","269995","https://www.taylorwimpey.co.uk/new-homes/clitheroe/half-penny-meadows/plot-363","363","7","1"
"Half Penny Meadows","The Pendleton · Plot 302","2","272995","https://www.taylorwimpey.co.uk/new-homes/clitheroe/half-penny-meadows/plot-302","302","7","1"
"Half Penny Meadows","The Eynsford · Plot 228","3","311995","https://www.taylorwimpey.co.uk/new-homes/clitheroe/half-penny-meadows/plot-228","228","17","9"
"Half Penny Meadows","The Eynsford · Plot 230","3","311995","https://www.taylorwimpey.co.uk/new-homes/clitheroe/half-penny-meadows/plot-230","230","13","4"
"Half Penny Meadows","The Eynsford · Plot 274","3","321995","https://www.taylorwimpey.co.uk/new-homes/clitheroe/half-penny-meadows/plot-274","274","17","9"
"Half Penny Meadows","The Alton G · Plot 406","3","326995","https://www.taylorwimpey.co.uk/new-homes/clitheroe/half-penny-meadows/plot-406","406","14","2"
"Half Penny Meadows","The Lydford  · Plot 402","4","372995","https://www.taylorwimpey.co.uk/new-homes/clitheroe/half-penny-meadows/plot-402","402","15","1"
"Half Penny Meadows","The Plumdale · Plot 301","4","412995","https://www.taylorwimpey.co.uk/new-homes/clitheroe/half-penny-meadows/plot-301","301","12","6"
"Meadow Green","The Benford · Plot 19","3","285000","https://www.taylorwimpey.co.uk/new-homes/nuneaton/meadow-green/plot-19","19","11","4"
"Willow Green","Ground Floor Apartment · Plot 149","1","270000","https://www.taylorwimpey.co.uk/new-homes/bracknell/willow-green/plot-149","149","8","4"
"Willow Green","First Floor Apartment · Plot 107","2","330000","https://www.taylorwimpey.co.uk/new-homes/bracknell/willow-green/plot-107","107","11","5"
"Willow Green","First Floor Apartment · Plot 112","2","340000","https://www.taylorwimpey.co.uk/new-homes/bracknell/willow-green/plot-112","112","10","4"
"Willow Green","The Owlton · Plot 119","3","500000","https://www.taylorwimpey.co.uk/new-homes/bracknell/willow-green/plot-119","119","18","4"
"Willow Green","The Owlton · Plot 118","3","515000","https://www.taylorwimpey.co.uk/new-homes/bracknell/willow-green/plot-118","118","14","1"
"Willow Green","The Owlton · Plot 100","3","520000","https://www.taylorwimpey.co.uk/new-homes/bracknell/willow-green/plot-100","100","14","1"
"Willow Green","The Fentdale · Plot 138","3","630000","https://www.taylorwimpey.co.uk/new-homes/bracknell/willow-green/plot-138","138","14","1"
"Willow Green","The Dunnerton · Plot 133","4","800000","https://www.taylorwimpey.co.uk/new-homes/bracknell/willow-green/plot-133","133","13","1"
"Willow Green","The Dunnerton · Plot 134","4","810000","https://www.taylorwimpey.co.uk/new-homes/bracknell/willow-green/plot-134","134","14","1"
"Letham Meadows","The Andrew · Plot 629","2","244000","https://www.taylorwimpey.co.uk/new-homes/haddington/letham-meadows/plot-629","629","13","9"
"Letham Meadows","The Andrew · Plot 626","2","245000","https://www.taylorwimpey.co.uk/new-homes/haddington/letham-meadows/plot-626","626","13","0"
"Letham Meadows","The Blair · Plot 628","3","327000","https://www.taylorwimpey.co.uk/new-homes/haddington/letham-meadows/plot-628","628","14","0"
"Letham Meadows","The Blair · Plot 631","3","327000","https://www.taylorwimpey.co.uk/new-homes/haddington/letham-meadows/plot-631","631","15","0"
"Letham Meadows","The Blair · Plot 612","3","332000","https://www.taylorwimpey.co.uk/new-homes/haddington/letham-meadows/plot-612","612","14","0"
"Letham Meadows","The Barclay · Plot 608","3","343000","https://www.taylorwimpey.co.uk/new-homes/haddington/letham-meadows/plot-608","608","8","3"
"Letham Meadows","The Barclay · Plot 610","3","344000","https://www.taylorwimpey.co.uk/new-homes/haddington/letham-meadows/plot-610","610","8","3"
"Letham Meadows","The Drummond · Plot 615","4","392000","https://www.taylorwimpey.co.uk/new-homes/haddington/letham-meadows/plot-615","615","15","2"
"Letham Meadows","The Geddes · Plot 614","4","405000","https://www.taylorwimpey.co.uk/new-homes/haddington/letham-meadows/plot-614","614","15","3"
"Chaulden Meadows","The Eynsford · Plot 62","3","520000","https://www.taylorwimpey.co.uk/new-homes/hemel-hempstead/chaulden-meadows/plot-62","62","13","2"
"Chaulden Meadows","The Harrton · Plot 157","3","560000","https://www.taylorwimpey.co.uk/new-homes/hemel-hempstead/chaulden-meadows/plot-157","157","17","3"
"Chaulden Meadows","The Trelton · Plot 162","4","570000","https://www.taylorwimpey.co.uk/new-homes/hemel-hempstead/chaulden-meadows/plot-162","162","13","1"
"Chaulden Meadows","The Aynesdale · Plot 155","3","575000","https://www.taylorwimpey.co.uk/new-homes/hemel-hempstead/chaulden-meadows/plot-155","155","14","1"
"Chaulden Meadows","The Plumdale · Plot 235","4","590000","https://www.taylorwimpey.co.uk/new-homes/hemel-hempstead/chaulden-meadows/plot-235","235","11","1"
"Chaulden Meadows","The Tewksdale · Plot 237","4","630000","https://www.taylorwimpey.co.uk/new-homes/hemel-hempstead/chaulden-meadows/plot-237","237","19","2"
"Chaulden Meadows","The Wansdale · Plot 211","4","670000","https://www.taylorwimpey.co.uk/new-homes/hemel-hempstead/chaulden-meadows/plot-211","211","15","1"
"Castle Manor","The Braxton · Plot 192","3","312500","https://www.taylorwimpey.co.uk/new-homes/ashby-de-la-zouch/castle-manor/plot-192","192","17","3"
"Castle Manor","The Midford · Plot 178","4","385000","https://www.taylorwimpey.co.uk/new-homes/ashby-de-la-zouch/castle-manor/plot-178","178","15","0"
"Castle Manor","The Midford · Plot 200","4","390000","https://www.taylorwimpey.co.uk/new-homes/ashby-de-la-zouch/castle-manor/plot-200","200","14","0"
"Castle Manor","The Manford · Plot 168","4","450000","https://www.taylorwimpey.co.uk/new-homes/ashby-de-la-zouch/castle-manor/plot-168","168","18","15"
"Castle Manor","The Manford · Plot 203","4","465000","https://www.taylorwimpey.co.uk/new-homes/ashby-de-la-zouch/castle-manor/plot-203","203","18","15"
"Castle Manor","The Marford · Plot 201","4","520000","https://www.taylorwimpey.co.uk/new-homes/ashby-de-la-zouch/castle-manor/plot-201","201","20","7"
"Castle Manor","The Marford · Plot 176","4","520000","https://www.taylorwimpey.co.uk/new-homes/ashby-de-la-zouch/castle-manor/plot-176","176","17","3"
"Castle Manor","The Marford · Plot 193","4","525000","https://www.taylorwimpey.co.uk/new-homes/ashby-de-la-zouch/castle-manor/plot-193","193","17","3"
"Castle Manor","The Ashby · Plot 175","5","570000","https://www.taylorwimpey.co.uk/new-homes/ashby-de-la-zouch/castle-manor/plot-175","175","18","8"
"Herrington View","The Beaford · Plot 217","2","197995","https://www.taylorwimpey.co.uk/new-homes/houghton-le-spring/herrington-view/plot-217","217","12","1"
"Herrington View","The Owlton · Plot 221","3","272995","https://www.taylorwimpey.co.uk/new-homes/houghton-le-spring/herrington-view/plot-221","221","17","8"
"Herrington View","The Owlton · Plot 220","3","272995","https://www.taylorwimpey.co.uk/new-homes/houghton-le-spring/herrington-view/plot-220","220","16","8"
"Herrington View","The Byrneham · Plot 168","3","299995","https://www.taylorwimpey.co.uk/new-homes/houghton-le-spring/herrington-view/plot-168","168","13","4"
"Herrington View","The Chalham · Plot 195","4","328995","https://www.taylorwimpey.co.uk/new-homes/houghton-le-spring/herrington-view/plot-195","195","19","10"
"Herrington View","The Chalham · Plot 203","4","329995","https://www.taylorwimpey.co.uk/new-homes/houghton-le-spring/herrington-view/plot-203","203","22","12"
"Herrington View","The Corkham · Plot 167","4","354995","https://www.taylorwimpey.co.uk/new-homes/houghton-le-spring/herrington-view/plot-167","167","13","8"
"Cwrt Sirhowy","The Byford · Plot 158","3","299995","https://www.taylorwimpey.co.uk/new-homes/blackwood/cwrt-sirhowy/plot-158","158","16","4"
"Cwrt Sirhowy","The Midford · Plot 118","4","355000","https://www.taylorwimpey.co.uk/new-homes/blackwood/cwrt-sirhowy/plot-118","118","11","2"
"Cwrt Sirhowy","The Trusdale · Plot 111","4","371000","https://www.taylorwimpey.co.uk/new-homes/blackwood/cwrt-sirhowy/plot-111","111","17","12"
"Cwrt Sirhowy","The Lanford · Plot 112","4","372500","https://www.taylorwimpey.co.uk/new-homes/blackwood/cwrt-sirhowy/plot-112","112","13","6"
"Cwrt Sirhowy","The Lanford · Plot 149","4","372500","https://www.taylorwimpey.co.uk/new-homes/blackwood/cwrt-sirhowy/plot-149","149","11","4"
"Cwrt Sirhowy","The Manford · Plot 78","4","395000","https://www.taylorwimpey.co.uk/new-homes/blackwood/cwrt-sirhowy/plot-78","78","12","1"
"Cwrt Sirhowy","The Manford · Plot 154","4","397000","https://www.taylorwimpey.co.uk/new-homes/blackwood/cwrt-sirhowy/plot-154","154","13","3"
"Cwrt Sirhowy","The Dunham · Plot 156","4","398000","https://www.taylorwimpey.co.uk/new-homes/blackwood/cwrt-sirhowy/plot-156","156","13","1"
"Cwrt Sirhowy","The Dunham · Plot 157","4","398000","https://www.taylorwimpey.co.uk/new-homes/blackwood/cwrt-sirhowy/plot-157","157","13","1"
"Cwrt Sirhowy","The Dunham · Plot 114","4","400000","https://www.taylorwimpey.co.uk/new-homes/blackwood/cwrt-sirhowy/plot-114","114","13","1"
"Cwrt Sirhowy","The Manford · Plot 115","4","410000","https://www.taylorwimpey.co.uk/new-homes/blackwood/cwrt-sirhowy/plot-115","115","13","4"
"Valley Park","Datum House · Plot 259","1","217500","https://www.taylorwimpey.co.uk/new-homes/didcot/valley-park/plot-259","259","7","4"
"Valley Park","Datum House · Plot 260","2","257000","https://www.taylorwimpey.co.uk/new-homes/didcot/valley-park/plot-260","260","6","4"
"Valley Park","Datum House · Plot 263","2","260000","https://www.taylorwimpey.co.uk/new-homes/didcot/valley-park/plot-263","263","6","4"
"Valley Park","Datum House · Plot 267","2","265000","https://www.taylorwimpey.co.uk/new-homes/didcot/valley-park/plot-267","267","6","4"
"Valley Park","The Mapleford · Plot 195","2","354995","https://www.taylorwimpey.co.uk/new-homes/didcot/valley-park/plot-195","195","12","0"
"Valley Park","The Aynesdale · Plot 108","3","439995","https://www.taylorwimpey.co.uk/new-homes/didcot/valley-park/plot-108","108","14","2"
"Valley Park","The Owlton · Plot 104","3","445000","https://www.taylorwimpey.co.uk/new-homes/didcot/valley-park/plot-104","104","16","3"
"Valley Park","The Keeford · Plot 196","3","445000","https://www.taylorwimpey.co.uk/new-homes/didcot/valley-park/plot-196","196","14","3"
"Valley Park","The Plumdale · Plot 94","4","475000","https://www.taylorwimpey.co.uk/new-homes/didcot/valley-park/plot-94","94","14","4"
"Valley Park","The Plumdale · Plot 189","4","480000","https://www.taylorwimpey.co.uk/new-homes/didcot/valley-park/plot-189","189","14","5"
"Valley Park","The Bittesford · Plot 197","4","495000","https://www.taylorwimpey.co.uk/new-homes/didcot/valley-park/plot-197","197","13","1"
"Valley Park","The Bittesford · Plot 200","4","524995","https://www.taylorwimpey.co.uk/new-homes/didcot/valley-park/plot-200","200","13","2"
"Valley Park","The Shilford · Plot 100","4","569999","https://www.taylorwimpey.co.uk/new-homes/didcot/valley-park/plot-100","100","13","1"
"Valley Park","The Shilford · Plot 178","4","570000","https://www.taylorwimpey.co.uk/new-homes/didcot/valley-park/plot-178","178","13","1"
"Bracebridge Heights","The Keeford · Plot 81","3","300000","https://www.taylorwimpey.co.uk/new-homes/bracebridge-heath/bracebridge-heights/plot-81","81","13","2"
"Bracebridge Heights","The Plumdale · Plot 126","4","395000","https://www.taylorwimpey.co.uk/new-homes/bracebridge-heath/bracebridge-heights/plot-126","126","15","3"
"Bracebridge Heights","The Plumdale · Plot 89","4","400000","https://www.taylorwimpey.co.uk/new-homes/bracebridge-heath/bracebridge-heights/plot-89","89","15","3"
"Bracebridge Heights","The Rightford · Plot 120","4","415000","https://www.taylorwimpey.co.uk/new-homes/bracebridge-heath/bracebridge-heights/plot-120","120","19","12"
"Bracebridge Heights","The Shilford · Plot 335","4","420000","https://www.taylorwimpey.co.uk/new-homes/bracebridge-heath/bracebridge-heights/plot-335","335","17","11"
"Bracebridge Heights","The Rightford · Plot 124","4","425000","https://www.taylorwimpey.co.uk/new-homes/bracebridge-heath/bracebridge-heights/plot-124","124","19","12"
"Bracebridge Heights","The Henford · Plot 125","4","430000","https://www.taylorwimpey.co.uk/new-homes/bracebridge-heath/bracebridge-heights/plot-125","125","20","4"
"Bracebridge Heights","The Shilford · Plot 134","4","430000","https://www.taylorwimpey.co.uk/new-homes/bracebridge-heath/bracebridge-heights/plot-134","134","17","11"
"Bracebridge Heights","The Shilford · Plot 123","4","440000","https://www.taylorwimpey.co.uk/new-homes/bracebridge-heath/bracebridge-heights/plot-123","123","17","11"
"Appledown Meadow","The Gosford · Plot 655","3","305000","https://www.taylorwimpey.co.uk/new-homes/coventry/appledown-meadow/plot-655","655","13","4"
"Appledown Meadow","The Braxton · Plot 659","3","325000","https://www.taylorwimpey.co.uk/new-homes/coventry/appledown-meadow/plot-659","659","18","9"
"Appledown Meadow","The Braxton · Plot 656","3","325000","https://www.taylorwimpey.co.uk/new-homes/coventry/appledown-meadow/plot-656","656","18","9"
"Appledown Meadow","The Monkford · Plot 382","4","359950","https://www.taylorwimpey.co.uk/new-homes/coventry/appledown-meadow/plot-382","382","16","9"
"Appledown Meadow","The Trusdale · Plot 290","4","360000","https://www.taylorwimpey.co.uk/new-homes/coventry/appledown-meadow/plot-290","290","13","4"
"Appledown Meadow","The Trusdale · Plot 662","4","384950","https://www.taylorwimpey.co.uk/new-homes/coventry/appledown-meadow/plot-662","662","14","4"
"Appledown Meadow","The Trusdale · Plot 704","4","400000","https://www.taylorwimpey.co.uk/new-homes/coventry/appledown-meadow/plot-704","704","18","3"
"Appledown Meadow","The Manford · Plot 421","4","429950","https://www.taylorwimpey.co.uk/new-homes/coventry/appledown-meadow/plot-421","421","16","8"
"Appledown Meadow","The Manford · Plot 422","4","440000","https://www.taylorwimpey.co.uk/new-homes/coventry/appledown-meadow/plot-422","422","16","8"
"Appledown Meadow","The Marford · Plot 653","4","500000","https://www.taylorwimpey.co.uk/new-homes/coventry/appledown-meadow/plot-653","653","14","5"
"Canford Vale","The Brambleford · Plot 152","3","374995","https://www.taylorwimpey.co.uk/new-homes/canford-magna/canford-vale/plot-152","152","13","3"
"Canford Vale","The Brambleford · Plot 119","3","395995","https://www.taylorwimpey.co.uk/new-homes/canford-magna/canford-vale/plot-119","119","13","3"
"Canford Vale","The Harrton · Plot 357","3","419999","https://www.taylorwimpey.co.uk/new-homes/canford-magna/canford-vale/plot-357","357","15","1"
"Canford Vale","The Carrdale · Plot 658","3","455000","https://www.taylorwimpey.co.uk/new-homes/canford-magna/canford-vale/plot-658","658","13","1"
"Canford Vale","The Bittesford · Plot 123","4","475995","https://www.taylorwimpey.co.uk/new-homes/canford-magna/canford-vale/plot-123","123","14","2"
"Canford Vale","The Plumdale · Plot 112","4","524995","https://www.taylorwimpey.co.uk/new-homes/canford-magna/canford-vale/plot-112","112","14","4"
"Canford Vale","The Tewksdale · Plot 659","4","550000","https://www.taylorwimpey.co.uk/new-homes/canford-magna/canford-vale/plot-659","659","14","1"
"Canford Vale","The Henford · Plot 107","4","554995","https://www.taylorwimpey.co.uk/new-homes/canford-magna/canford-vale/plot-107","107","14","1"
"Whitefield Gate","The Avonsford · Plot 1000","2","","https://www.taylorwimpey.co.uk/new-homes/dunfermline/whitefield-gate/plot-1000","1000","9","1"
"Whitefield Gate","The Ambleford · Plot 1100","3","","https://www.taylorwimpey.co.uk/new-homes/dunfermline/whitefield-gate/plot-1100","1100","10","5"
"Whitefield Gate","The Aynesdale · Plot 1200","3","","https://www.taylorwimpey.co.uk/new-homes/dunfermline/whitefield-gate/plot-1200","1200","12","4"
"Whitefield Gate","The Brambleford · Plot 1300","3","","https://www.taylorwimpey.co.uk/new-homes/dunfermline/whitefield-gate/plot-1300","1300","11","2"
"Whitefield Gate","The Tetford · Plot 1400","3","","https://www.taylorwimpey.co.uk/new-homes/dunfermline/whitefield-gate/plot-1400","1400","15","5"
"Whitefield Gate","The Ayleford · Plot 1500","4","","https://www.taylorwimpey.co.uk/new-homes/dunfermline/whitefield-gate/plot-1500","1500","14","4"
"Whitefield Gate","The Colford · Plot 1700","4","","https://www.taylorwimpey.co.uk/new-homes/dunfermline/whitefield-gate/plot-1700","1700","13","11"
"Whitefield Gate","The Plumdale · Plot 1800","4","","https://www.taylorwimpey.co.uk/new-homes/dunfermline/whitefield-gate/plot-1800","1800","12","2"
"Whitefield Gate","The Chalham · Plot 1900","4","","https://www.taylorwimpey.co.uk/new-homes/dunfermline/whitefield-gate/plot-1900","1900","13","10"
"Whitefield Gate","The Corkham · Plot 2000","4","","https://www.taylorwimpey.co.uk/new-homes/dunfermline/whitefield-gate/plot-2000","2000","13","5"
"Whitefield Gate","The Hubham · Plot 2100","4","","https://www.taylorwimpey.co.uk/new-homes/dunfermline/whitefield-gate/plot-2100","2100","13","11"
"Whitefield Gate","The Shilford · Plot 2200","4","","https://www.taylorwimpey.co.uk/new-homes/dunfermline/whitefield-gate/plot-2200","2200","13","5"
"Whitefield Gate","The Kitham · Plot 2300","4","","https://www.taylorwimpey.co.uk/new-homes/dunfermline/whitefield-gate/plot-2300","2300","13","11"
"Whitefield Gate","The Raynford · Plot 2400","4","","https://www.taylorwimpey.co.uk/new-homes/dunfermline/whitefield-gate/plot-2400","2400","16","2"
"Whitefield Gate","The Elterham · Plot 2500","4","","https://www.taylorwimpey.co.uk/new-homes/dunfermline/whitefield-gate/plot-2500","2500","14","13"
"Whitefield Gate","The Patterham · Plot 2600","5","","https://www.taylorwimpey.co.uk/new-homes/dunfermline/whitefield-gate/plot-2600","2600","19","2"
"Berwick Green","Siculus Court · Plot 109","2","275000","https://www.taylorwimpey.co.uk/new-homes/bristol/berwick-green/plot-109","109","7","1"
"Berwick Green","Siculus Court · Plot 112","2","275000","https://www.taylorwimpey.co.uk/new-homes/bristol/berwick-green/plot-112","112","6","1"
"Berwick Green","Siculus Court · Plot 113","2","275000","https://www.taylorwimpey.co.uk/new-homes/bristol/berwick-green/plot-113","113","7","1"
"Berwick Green","The Eastbury · Plot 149","4","475000","https://www.taylorwimpey.co.uk/new-homes/bristol/berwick-green/plot-149","149","14","2"
"Berwick Green","The Midford · Plot 227","4","475000","https://www.taylorwimpey.co.uk/new-homes/bristol/berwick-green/plot-227","227","14","1"
"Berwick Green","The Manford · Plot 230","4","550000","https://www.taylorwimpey.co.uk/new-homes/bristol/berwick-green/plot-230","230","14","1"
"Berwick Green","The Sunford · Plot 228","4","565000","https://www.taylorwimpey.co.uk/new-homes/bristol/berwick-green/plot-228","228","13","0"
"Berwick Green","The Waysdale · Plot 207","4","570000","https://www.taylorwimpey.co.uk/new-homes/bristol/berwick-green/plot-207","207","13","4"
"Berwick Green","The Waysdale · Plot 226","4","575000","https://www.taylorwimpey.co.uk/new-homes/bristol/berwick-green/plot-226","226","13","4"
"Melin Newydd","The Plumdale · Plot 58","4","450000","https://www.taylorwimpey.co.uk/new-homes/miskin/melin-newydd/plot-58","58","12","3"
"Melin Newydd","The Hubham · Plot 47","4","490000","https://www.taylorwimpey.co.uk/new-homes/miskin/melin-newydd/plot-47","47","13","1"
"Melin Newydd","The Rightford · Plot 59","4","490000","https://www.taylorwimpey.co.uk/new-homes/miskin/melin-newydd/plot-59","59","14","2"
"Melin Newydd","The Hubham · Plot 60","4","490000","https://www.taylorwimpey.co.uk/new-homes/miskin/melin-newydd/plot-60","60","13","1"
"Melin Newydd","The Hubham · Plot 78","4","495000","https://www.taylorwimpey.co.uk/new-homes/miskin/melin-newydd/plot-78","78","13","1"
"Melin Newydd","The Kitham · Plot 50","4","550000","https://www.taylorwimpey.co.uk/new-homes/miskin/melin-newydd/plot-50","50","13","5"
"Melin Newydd","The Kitham · Plot 62","4","550000","https://www.taylorwimpey.co.uk/new-homes/miskin/melin-newydd/plot-62","62","13","5"
"Melin Newydd","The Kitham · Plot 48","4","556500","https://www.taylorwimpey.co.uk/new-homes/miskin/melin-newydd/plot-48","48","13","5"
"Melin Newydd","The Winterford · Plot 120","5","693000","https://www.taylorwimpey.co.uk/new-homes/miskin/melin-newydd/plot-120","120","13","4"
"Melin Newydd","The Winterford · Plot 121","5","695000","https://www.taylorwimpey.co.uk/new-homes/miskin/melin-newydd/plot-121","121","13","4"
"Greenlaw Mains","The Andrew · Plot 624","2","250000","https://www.taylorwimpey.co.uk/new-homes/penicuik/greenlaw-mains/plot-624","624","13","9"
"Greenlaw Mains","The Andrew · Plot 623","2","257000","https://www.taylorwimpey.co.uk/new-homes/penicuik/greenlaw-mains/plot-623","623","13","0"
"Greenlaw Mains","The Baxter · Plot 625","3","275000","https://www.taylorwimpey.co.uk/new-homes/penicuik/greenlaw-mains/plot-625","625","13","0"
"Greenlaw Mains","The Blair · Plot 634","3","307000","https://www.taylorwimpey.co.uk/new-homes/penicuik/greenlaw-mains/plot-634","634","15","0"
"Greenlaw Mains","The Chalmers · Plot 817","3","329995","https://www.taylorwimpey.co.uk/new-homes/penicuik/greenlaw-mains/plot-817","817","15","3"
"Greenlaw Mains","The Chalmers · Plot 816","3","329995","https://www.taylorwimpey.co.uk/new-homes/penicuik/greenlaw-mains/plot-816","816","14","1"
"Greenlaw Mains","The Chalmers · Plot 711","3","329995","https://www.taylorwimpey.co.uk/new-homes/penicuik/greenlaw-mains/plot-711","711","14","1"
"Greenlaw Mains","The Douglas · Plot 800","4","362000","https://www.taylorwimpey.co.uk/new-homes/penicuik/greenlaw-mains/plot-800","800","16","0"
"Greenlaw Mains","The Douglas · Plot 802","4","362000","https://www.taylorwimpey.co.uk/new-homes/penicuik/greenlaw-mains/plot-802","802","15","1"
"Greenlaw Mains","The Fraser · Plot 815","4","385000","https://www.taylorwimpey.co.uk/new-homes/penicuik/greenlaw-mains/plot-815","815","16","1"
"Greenlaw Mains","The Geddes · Plot 801","4","395000","https://www.taylorwimpey.co.uk/new-homes/penicuik/greenlaw-mains/plot-801","801","15","2"
"Greenlaw Mains","The Geddes · Plot 814","4","396000","https://www.taylorwimpey.co.uk/new-homes/penicuik/greenlaw-mains/plot-814","814","16","2"
"Greenlaw Mains","The Maxwell · Plot 631","4","422000","https://www.taylorwimpey.co.uk/new-homes/penicuik/greenlaw-mains/plot-631","631","16","3"
"Greenlaw Mains","The Wallace · Plot 764","5","445000","https://www.taylorwimpey.co.uk/new-homes/penicuik/greenlaw-mains/plot-764","764","16","2"
"Greenlaw Mains","The Wallace · Plot 813","5","455000","https://www.taylorwimpey.co.uk/new-homes/penicuik/greenlaw-mains/plot-813","813","15","0"
"Hadley Grange at Clipstone Park","The Colton · Plot 3","3","435000","https://www.taylorwimpey.co.uk/new-homes/leighton-buzzard/hadley-grange-at-clipstone-park/plot-3","3","14","2"
"Hadley Grange at Clipstone Park","The Manford · Plot 2","4","565000","https://www.taylorwimpey.co.uk/new-homes/leighton-buzzard/hadley-grange-at-clipstone-park/plot-2","2","16","3"
"Hadley Grange at Clipstone Park","The Wayford · Plot 148","5","700000","https://www.taylorwimpey.co.uk/new-homes/leighton-buzzard/hadley-grange-at-clipstone-park/plot-148","148","16","8"
"Hadley Grange at Clipstone Park","The Wayford · Plot 151","5","715000","https://www.taylorwimpey.co.uk/new-homes/leighton-buzzard/hadley-grange-at-clipstone-park/plot-151","151","16","8"
"Hadley Grange at Clipstone Park","The Winterford · Plot 154","5","765000","https://www.taylorwimpey.co.uk/new-homes/leighton-buzzard/hadley-grange-at-clipstone-park/plot-154","154","15","2"
"Hadley Grange at Clipstone Park","The Winterford · Plot 171","5","775000","https://www.taylorwimpey.co.uk/new-homes/leighton-buzzard/hadley-grange-at-clipstone-park/plot-171","171","15","2"
"Hadley Grange at Clipstone Park","The Winterford · Plot 149","5","785000","https://www.taylorwimpey.co.uk/new-homes/leighton-buzzard/hadley-grange-at-clipstone-park/plot-149","149","15","2"
"Eaves Green","The Milldale · Plot 177","3","279995","https://www.taylorwimpey.co.uk/new-homes/chorley/eaves-green/plot-177","177","13","11"
"Eaves Green","The Gosford · Plot 164","3","293995","https://www.taylorwimpey.co.uk/new-homes/chorley/eaves-green/plot-164","164","14","5"
"Eaves Green","The Alton G · Plot 163","3","309995","https://www.taylorwimpey.co.uk/new-homes/chorley/eaves-green/plot-163","163","14","2"
"Eaves Green","The Aldenham · Plot 201","3","324995","https://www.taylorwimpey.co.uk/new-homes/chorley/eaves-green/plot-201","201","11","7"
"Eaves Green","The Lydford · Plot 190","4","359995","https://www.taylorwimpey.co.uk/new-homes/chorley/eaves-green/plot-190","190","16","2"
"Eaves Green","The Kentdale · Plot 170","4","376995","https://www.taylorwimpey.co.uk/new-homes/chorley/eaves-green/plot-170","170","10","3"
"Eaves Green","The Evesham · Plot 171","4","393995","https://www.taylorwimpey.co.uk/new-homes/chorley/eaves-green/plot-171","171","17","9"
"Eaves Green","The Evesham · Plot 186","4","396995","https://www.taylorwimpey.co.uk/new-homes/chorley/eaves-green/plot-186","186","13","1"
"Eaves Green","The Teasdale · Plot 194","4","399995","https://www.taylorwimpey.co.uk/new-homes/chorley/eaves-green/plot-194","194","13","2"
"Eaves Green","The Lydford · Plot 199","4","","https://www.taylorwimpey.co.uk/new-homes/chorley/eaves-green/plot-199","199","12","0"
"Wellington Place","The Braxton · Plot 352","3","305000","https://www.taylorwimpey.co.uk/new-homes/market-harborough/wellington-place/plot-352","352","12","2"
"Wellington Place","The Braxton · Plot 337","3","315000","https://www.taylorwimpey.co.uk/new-homes/market-harborough/wellington-place/plot-337","337","13","2"
"Wellington Place","The Kentdale · Plot 449","4","390000","https://www.taylorwimpey.co.uk/new-homes/market-harborough/wellington-place/plot-449","449","12","4"
"Wellington Place","The Wortham · Plot 323","4","455000","https://www.taylorwimpey.co.uk/new-homes/market-harborough/wellington-place/plot-323","323","14","3"
"Wellington Place","The Wortham · Plot 330","4","455000","https://www.taylorwimpey.co.uk/new-homes/market-harborough/wellington-place/plot-330","330","14","3"
"Wellington Place","The Marford · Plot 324","4","462500","https://www.taylorwimpey.co.uk/new-homes/market-harborough/wellington-place/plot-324","324","13","4"
"Wellington Place","The Marford · Plot 322","4","465000","https://www.taylorwimpey.co.uk/new-homes/market-harborough/wellington-place/plot-322","322","13","4"
"Wellington Place","The Lavenham · Plot 450","5","495000","https://www.taylorwimpey.co.uk/new-homes/market-harborough/wellington-place/plot-450","450","14","13"
"Wellington Place","The Garrton · Plot 326","5","539000","https://www.taylorwimpey.co.uk/new-homes/market-harborough/wellington-place/plot-326","326","16","5"
"Wellington Place","The Garrton · Plot 335","5","550000","https://www.taylorwimpey.co.uk/new-homes/market-harborough/wellington-place/plot-335","335","16","6"
"Whitefield Gardens","The Boswell · Plot 62","3","279995","https://www.taylorwimpey.co.uk/new-homes/dunfermline/whitefield-gardens/plot-62","62","16","0"
"Whitefield Gardens","The Dunlop · Plot 19","4","329000","https://www.taylorwimpey.co.uk/new-homes/dunfermline/whitefield-gardens/plot-19","19","12","1"
"Whitefield Gardens","The Dunlop · Plot 59","4","331000","https://www.taylorwimpey.co.uk/new-homes/dunfermline/whitefield-gardens/plot-59","59","12","1"
"Whitefield Gardens","The Geddes · Plot 39","4","420000","https://www.taylorwimpey.co.uk/new-homes/dunfermline/whitefield-gardens/plot-39","39","15","2"
"Whitefield Gardens","The Lewis · Plot 35","4","429995","https://www.taylorwimpey.co.uk/new-homes/dunfermline/whitefield-gardens/plot-35","35","14","3"
"Whitefield Gardens","The Maxwell · Plot 38","4","435000","https://www.taylorwimpey.co.uk/new-homes/dunfermline/whitefield-gardens/plot-38","38","15","3"
"Whitefield Gardens","The Ross · Plot 32","4","445000","https://www.taylorwimpey.co.uk/new-homes/dunfermline/whitefield-gardens/plot-32","32","3","0"
"Whitefield Gardens","The Wallace · Plot 33","5","465000","https://www.taylorwimpey.co.uk/new-homes/dunfermline/whitefield-gardens/plot-33","33","16","2"
"Whitefield Gardens","The Wallace · Plot 36","5","467000","https://www.taylorwimpey.co.uk/new-homes/dunfermline/whitefield-gardens/plot-36","36","15","0"
"Bryanston Holt","The Brambleford · Plot 59","3","359995","https://www.taylorwimpey.co.uk/new-homes/blandford-forum/bryanston-holt/plot-59","59","14","2"
"Bryanston Holt","The Aynesdale · Plot 37","3","435000","https://www.taylorwimpey.co.uk/new-homes/blandford-forum/bryanston-holt/plot-37","37","14","2"
"Bryanston Holt","The Carrdale · Plot 34","3","452000","https://www.taylorwimpey.co.uk/new-homes/blandford-forum/bryanston-holt/plot-34","34","12","1"
"Bryanston Holt","The Plumdale · Plot 54","4","484995","https://www.taylorwimpey.co.uk/new-homes/blandford-forum/bryanston-holt/plot-54","54","12","6"
"Bryanston Holt","The Henford · Plot 40","4","510000","https://www.taylorwimpey.co.uk/new-homes/blandford-forum/bryanston-holt/plot-40","40","14","3"
"Showell Nurseries","The Brambleford · Plot 32","3","340000","https://www.taylorwimpey.co.uk/new-homes/chippenham/showell-nurseries/plot-32","32","13","1"
"Showell Nurseries","The Brambleford · Plot 103","3","340000","https://www.taylorwimpey.co.uk/new-homes/chippenham/showell-nurseries/plot-103","103","12","2"
"Showell Nurseries","The Aynesdale · Plot 51","3","375000","https://www.taylorwimpey.co.uk/new-homes/chippenham/showell-nurseries/plot-51","51","12","2"
"Showell Nurseries","The Plumdale · Plot 106","4","450000","https://www.taylorwimpey.co.uk/new-homes/chippenham/showell-nurseries/plot-106","106","13","4"
"Showell Nurseries","The Henford · Plot 105","4","480000","https://www.taylorwimpey.co.uk/new-homes/chippenham/showell-nurseries/plot-105","105","14","2"
"Showell Nurseries","The Henford · Plot 116","4","485000","https://www.taylorwimpey.co.uk/new-homes/chippenham/showell-nurseries/plot-116","116","14","2"
"Showell Nurseries","The Shilford · Plot 13","4","490000","https://www.taylorwimpey.co.uk/new-homes/chippenham/showell-nurseries/plot-13","13","14","5"
"Showell Nurseries","The Shilford · Plot 18","4","490000","https://www.taylorwimpey.co.uk/new-homes/chippenham/showell-nurseries/plot-18","18","14","5"
"High Elms","The Harrton · Plot 46","3","","https://www.taylorwimpey.co.uk/new-homes/abbots-langley/high-elms/plot-46","46","15","3"
"High Elms","The Warkford · Plot 50","4","","https://www.taylorwimpey.co.uk/new-homes/abbots-langley/high-elms/plot-50","50","16","0"
"High Elms","The Keeford · Plot 51","3","","https://www.taylorwimpey.co.uk/new-homes/abbots-langley/high-elms/plot-51","51","12","2"
"Newton Farm","The Baxter · Plot 66","3","263000","https://www.taylorwimpey.co.uk/new-homes/cambuslang/newton-farm/plot-66","66","13","1"
"Newton Farm","The Drummond · Plot 114","4","367000","https://www.taylorwimpey.co.uk/new-homes/cambuslang/newton-farm/plot-114","114","14","3"
"Newton Farm","The Fraser · Plot 81","4","377000","https://www.taylorwimpey.co.uk/new-homes/cambuslang/newton-farm/plot-81","81","15","0"
"Newton Farm","The Fraser · Plot 72","4","377000","https://www.taylorwimpey.co.uk/new-homes/cambuslang/newton-farm/plot-72","72","14","2"
"Newton Farm","The Geddes · Plot 102","4","379995","https://www.taylorwimpey.co.uk/new-homes/cambuslang/newton-farm/plot-102","102","15","7"
"Newton Farm","The Geddes · Plot 113","4","382000","https://www.taylorwimpey.co.uk/new-homes/cambuslang/newton-farm/plot-113","113","14","2"
"Newton Farm","The Geddes · Plot 83","4","382000","https://www.taylorwimpey.co.uk/new-homes/cambuslang/newton-farm/plot-83","83","14","0"
"Hartburn Grange","The Gosford · Plot 259","3","212000","https://www.taylorwimpey.co.uk/new-homes/stockton-on-tees/hartburn-grange/plot-259","259","11","4"
"Hartburn Grange","The Easedale · Plot 139","3","218000","https://www.taylorwimpey.co.uk/new-homes/stockton-on-tees/hartburn-grange/plot-139","139","16","10"
"Hartburn Grange","The Colton · Plot 136","3","230000","https://www.taylorwimpey.co.uk/new-homes/stockton-on-tees/hartburn-grange/plot-136","136","10","6"
"Hartburn Grange","The Colton · Plot 135","3","230000","https://www.taylorwimpey.co.uk/new-homes/stockton-on-tees/hartburn-grange/plot-135","135","10","6"
"Hartburn Grange","The Amersham · Plot 198","3","255000","https://www.taylorwimpey.co.uk/new-homes/stockton-on-tees/hartburn-grange/plot-198","198","11","6"
"Hartburn Grange","The Corsham · Plot 20","4","270000","https://www.taylorwimpey.co.uk/new-homes/stockton-on-tees/hartburn-grange/plot-20","20","11","1"
"Hartburn Grange","The Corsham · Plot 197","4","275000","https://www.taylorwimpey.co.uk/new-homes/stockton-on-tees/hartburn-grange/plot-197","197","11","1"
"Hartburn Grange","The Midford · Plot 276","4","290000","https://www.taylorwimpey.co.uk/new-homes/stockton-on-tees/hartburn-grange/plot-276","276","11","1"
"Hartburn Grange","The Coltham · Plot 199","4","300000","https://www.taylorwimpey.co.uk/new-homes/stockton-on-tees/hartburn-grange/plot-199","199","12","6"
"Hartburn Grange","The Manford · Plot 134","4","330000","https://www.taylorwimpey.co.uk/new-homes/stockton-on-tees/hartburn-grange/plot-134","134","13","2"
"Edlogan Wharf","The Gosford · Plot 667","3","289000","https://www.taylorwimpey.co.uk/new-homes/cwmbran/edlogan-wharf/plot-667","667","15","3"
"Edlogan Wharf","The Gosford · Plot 741","3","289000","https://www.taylorwimpey.co.uk/new-homes/cwmbran/edlogan-wharf/plot-741","741","15","3"
"Edlogan Wharf","The Gosford · Plot 399","3","290000","https://www.taylorwimpey.co.uk/new-homes/cwmbran/edlogan-wharf/plot-399","399","11","2"
"Edlogan Wharf","The Gosford · Plot 712","3","291000","https://www.taylorwimpey.co.uk/new-homes/cwmbran/edlogan-wharf/plot-712","712","15","3"
"Edlogan Wharf","The Byford · Plot 718","3","315000","https://www.taylorwimpey.co.uk/new-homes/cwmbran/edlogan-wharf/plot-718","718","13","10"
"Edlogan Wharf","The Midford · Plot 715","4","355000","https://www.taylorwimpey.co.uk/new-homes/cwmbran/edlogan-wharf/plot-715","715","15","4"
"Edlogan Wharf","The Rossdale · Plot 390","4","381995","https://www.taylorwimpey.co.uk/new-homes/cwmbran/edlogan-wharf/plot-390","390","11","2"
"Edlogan Wharf","The Dunham · Plot 724","4","404995","https://www.taylorwimpey.co.uk/new-homes/cwmbran/edlogan-wharf/plot-724","724","15","1"
"Edlogan Wharf","The Manford · Plot 716","4","412500","https://www.taylorwimpey.co.uk/new-homes/cwmbran/edlogan-wharf/plot-716","716","11","1"
"Edlogan Wharf","The Manford · Plot 398","4","413500","https://www.taylorwimpey.co.uk/new-homes/cwmbran/edlogan-wharf/plot-398","398","14","5"
"Handley Gardens","The Ashenford · Plot 642","2","339995","https://www.taylorwimpey.co.uk/new-homes/maldon/handley-gardens/plot-642","642","14","7"
"Handley Gardens","The Ashenford · Plot 643","2","339995","https://www.taylorwimpey.co.uk/new-homes/maldon/handley-gardens/plot-643","643","14","10"
"Handley Gardens","The Ashenford · Plot 641","2","339995","https://www.taylorwimpey.co.uk/new-homes/maldon/handley-gardens/plot-641","641","14","3"
"Lantern Croft","The Canford · Plot 37","2","315000","https://www.taylorwimpey.co.uk/new-homes/ely/lantern-croft/plot-37","37","11","3"
"Lantern Croft","The Braxton Special · Plot 70","3","385000","https://www.taylorwimpey.co.uk/new-homes/ely/lantern-croft/plot-70","70","13","2"
"Lantern Croft","The Midford · Plot 66","4","480000","https://www.taylorwimpey.co.uk/new-homes/ely/lantern-croft/plot-66","66","14","3"
"Lantern Croft","The Trusdale · Plot 55","4","500000","https://www.taylorwimpey.co.uk/new-homes/ely/lantern-croft/plot-55","55","15","4"
"Seaham Garden Village","The Eynsford · Plot 166","3","214995","https://www.taylorwimpey.co.uk/new-homes/seaham/seaham-garden-village/plot-166","166","12","9"
"Seaham Garden Village","The Brambleford · Plot 159","3","214995","https://www.taylorwimpey.co.uk/new-homes/seaham/seaham-garden-village/plot-159","159","14","10"
"Seaham Garden Village","The Eynsford · Plot 165","3","219995","https://www.taylorwimpey.co.uk/new-homes/seaham/seaham-garden-village/plot-165","165","16","7"
"Seaham Garden Village","The Tetford  · Plot 146","3","234995","https://www.taylorwimpey.co.uk/new-homes/seaham/seaham-garden-village/plot-146","146","14","7"
"Seaham Garden Village","The Tetford  · Plot 147","3","234995","https://www.taylorwimpey.co.uk/new-homes/seaham/seaham-garden-village/plot-147","147","15","7"
"Seaham Garden Village","The Aynesdale · Plot 164","3","259995","https://www.taylorwimpey.co.uk/new-homes/seaham/seaham-garden-village/plot-164","164","11","0"
"Seaham Garden Village","The Chalham · Plot 180","4","314995","https://www.taylorwimpey.co.uk/new-homes/seaham/seaham-garden-village/plot-180","180","19","10"
"Seaham Garden Village","The Henford · Plot 177","4","319995","https://www.taylorwimpey.co.uk/new-homes/seaham/seaham-garden-village/plot-177","177","13","1"
"Seaham Garden Village","The Henford · Plot 174","4","324995","https://www.taylorwimpey.co.uk/new-homes/seaham/seaham-garden-village/plot-174","174","12","1"
"Seaham Garden Village","The Kitham · Plot 175","4","364995","https://www.taylorwimpey.co.uk/new-homes/seaham/seaham-garden-village/plot-175","175","19","9"
"Seaham Garden Village","The Kitham · Plot 182","4","379995","https://www.taylorwimpey.co.uk/new-homes/seaham/seaham-garden-village/plot-182","182","17","6"
"Frobisher Meadows","The Beaford · Plot 46","2","242000","https://www.taylorwimpey.co.uk/new-homes/altofts/frobisher-meadows/plot-46","46","10","5"
"Frobisher Meadows","The Beaford · Plot 47","2","242000","https://www.taylorwimpey.co.uk/new-homes/altofts/frobisher-meadows/plot-47","47","14","2"
"Frobisher Meadows","The Eynsford · Plot 359","3","285000","https://www.taylorwimpey.co.uk/new-homes/altofts/frobisher-meadows/plot-359","359","14","6"
"Frobisher Meadows","The Eynsford · Plot 365","3","288000","https://www.taylorwimpey.co.uk/new-homes/altofts/frobisher-meadows/plot-365","365","14","6"
"Frobisher Meadows","The Harrton · Plot 346","3","300000","https://www.taylorwimpey.co.uk/new-homes/altofts/frobisher-meadows/plot-346","346","18","6"
"Frobisher Meadows","The Harrton · Plot 349","3","300000","https://www.taylorwimpey.co.uk/new-homes/altofts/frobisher-meadows/plot-349","349","18","6"
"Frobisher Meadows","The Tetford · Plot 361","3","308000","https://www.taylorwimpey.co.uk/new-homes/altofts/frobisher-meadows/plot-361","361","14","3"
"Frobisher Meadows","The Aynesdale · Plot 390","3","335000","https://www.taylorwimpey.co.uk/new-homes/altofts/frobisher-meadows/plot-390","390","16","3"
"Frobisher Meadows","The Chalham · Plot 52","4","380000","https://www.taylorwimpey.co.uk/new-homes/altofts/frobisher-meadows/plot-52","52","14","7"
"Frobisher Meadows","The Corkham · Plot 51","4","400000","https://www.taylorwimpey.co.uk/new-homes/altofts/frobisher-meadows/plot-51","51","15","6"
"Arnett Grove","The Brambleford · Plot 66","3","300000","https://www.taylorwimpey.co.uk/new-homes/mickleover/arnett-grove/plot-66","66","17","12"
"Arnett Grove","The Brambleford · Plot 64","3","301000","https://www.taylorwimpey.co.uk/new-homes/mickleover/arnett-grove/plot-64","64","17","12"
"Arnett Grove","The Eynsford · Plot 74","3","335000","https://www.taylorwimpey.co.uk/new-homes/mickleover/arnett-grove/plot-74","74","16","11"
"Arnett Grove","The Keeford · Plot 63","3","345000","https://www.taylorwimpey.co.uk/new-homes/mickleover/arnett-grove/plot-63","63","16","9"
"Arnett Grove","The Colford · Plot 33","4","380000","https://www.taylorwimpey.co.uk/new-homes/mickleover/arnett-grove/plot-33","33","17","2"
"Arnett Grove","The Colford · Plot 45","4","385000","https://www.taylorwimpey.co.uk/new-homes/mickleover/arnett-grove/plot-45","45","20","12"
"Arnett Grove","The Colford · Plot 46","4","385000","https://www.taylorwimpey.co.uk/new-homes/mickleover/arnett-grove/plot-46","46","20","12"
"Arnett Grove","The Colford · Plot 47","4","390000","https://www.taylorwimpey.co.uk/new-homes/mickleover/arnett-grove/plot-47","47","20","12"
"Seaham Garden Village Phase 2","The Finholme · Plot 75","2","156995","https://www.taylorwimpey.co.uk/new-homes/county-durham/seaham-garden-village-phase-2/plot-75","75","6","5"
"Seaham Garden Village Phase 2","The Finholme · Plot 82","2","164995","https://www.taylorwimpey.co.uk/new-homes/county-durham/seaham-garden-village-phase-2/plot-82","82","6","4"
"Seaham Garden Village Phase 2","The Finholme · Plot 83","2","169995","https://www.taylorwimpey.co.uk/new-homes/county-durham/seaham-garden-village-phase-2/plot-83","83","6","4"
"Seaham Garden Village Phase 2","The Brambleford · Plot 39","3","199995","https://www.taylorwimpey.co.uk/new-homes/county-durham/seaham-garden-village-phase-2/plot-39","39","13","5"
"Seaham Garden Village Phase 2","The Brambleford · Plot 70","3","214995","https://www.taylorwimpey.co.uk/new-homes/county-durham/seaham-garden-village-phase-2/plot-70","70","14","10"
"Seaham Garden Village Phase 2","The Keeford · Plot 93","3","246995","https://www.taylorwimpey.co.uk/new-homes/county-durham/seaham-garden-village-phase-2/plot-93","93","14","6"
"Seaham Garden Village Phase 2","The Keeford · Plot 92","3","246995","https://www.taylorwimpey.co.uk/new-homes/county-durham/seaham-garden-village-phase-2/plot-92","92","15","7"
"Seaham Garden Village Phase 2","The Trelton · Plot 88","4","267995","https://www.taylorwimpey.co.uk/new-homes/county-durham/seaham-garden-village-phase-2/plot-88","88","15","1"
"Seaham Garden Village Phase 2","The Trelton · Plot 87","4","274995","https://www.taylorwimpey.co.uk/new-homes/county-durham/seaham-garden-village-phase-2/plot-87","87","14","1"
"Seaham Garden Village Phase 2","The Densdale · Plot 89","3","309995","https://www.taylorwimpey.co.uk/new-homes/county-durham/seaham-garden-village-phase-2/plot-89","89","14","2"
"Seaham Garden Village Phase 2","The Aireton · Plot 90","5","399995","https://www.taylorwimpey.co.uk/new-homes/county-durham/seaham-garden-village-phase-2/plot-90","90","22","8"
"Swinnow Park","The Foxdale · Plot 235","2","299995","https://www.taylorwimpey.co.uk/new-homes/wetherby/swinnow-park/plot-235","235","12","8"
"Swinnow Park","The Riston · Plot 39","3","370000","https://www.taylorwimpey.co.uk/new-homes/wetherby/swinnow-park/plot-39","39","14","3"
"Swinnow Park","The Riston · Plot 40","3","370000","https://www.taylorwimpey.co.uk/new-homes/wetherby/swinnow-park/plot-40","40","14","3"
"Swinnow Park","The Kingdale · Plot 19","3","399995","https://www.taylorwimpey.co.uk/new-homes/wetherby/swinnow-park/plot-19","19","14","6"
"Swinnow Park","The Hall · Plot 41","4","435000","https://www.taylorwimpey.co.uk/new-homes/wetherby/swinnow-park/plot-41","41","15","4"
"Swinnow Park","The Croxford · Plot 20","3","460000","https://www.taylorwimpey.co.uk/new-homes/wetherby/swinnow-park/plot-20","20","13","3"
"Swinnow Park","The Coltham · Plot 21","4","530000","https://www.taylorwimpey.co.uk/new-homes/wetherby/swinnow-park/plot-21","21","14","6"
"Swinnow Park","The Coltham · Plot 22","4","535000","https://www.taylorwimpey.co.uk/new-homes/wetherby/swinnow-park/plot-22","22","14","4"
"Swinnow Park","The Montagu · Plot 17","4","560000","https://www.taylorwimpey.co.uk/new-homes/wetherby/swinnow-park/plot-17","17","14","6"
"Swinnow Park","The Montagu · Plot 379","4","560000","https://www.taylorwimpey.co.uk/new-homes/wetherby/swinnow-park/plot-379","379","14","6"
"Swinnow Park","The Manford · Plot 29","4","569995","https://www.taylorwimpey.co.uk/new-homes/wetherby/swinnow-park/plot-29","29","14","5"
"Swinnow Park","The Ransford · Plot 26","4","699995","https://www.taylorwimpey.co.uk/new-homes/wetherby/swinnow-park/plot-26","26","16","14"
"Swinnow Park","The Wayford · Plot 23","5","750000","https://www.taylorwimpey.co.uk/new-homes/wetherby/swinnow-park/plot-23","23","17","10"
"Swinnow Park","The Wayford · Plot 27","5","780000","https://www.taylorwimpey.co.uk/new-homes/wetherby/swinnow-park/plot-27","27","17","10"
"Newton Park at Handley Chase","The Canford · Plot 202","2","180000","https://www.taylorwimpey.co.uk/new-homes/sleaford/newton-park-at-handley-chase/plot-202","202","12","3"
"Newton Park at Handley Chase","The Canford · Plot 201","2","185000","https://www.taylorwimpey.co.uk/new-homes/sleaford/newton-park-at-handley-chase/plot-201","201","14","4"
"Newton Park at Handley Chase","The Canford · Plot 187","2","190000","https://www.taylorwimpey.co.uk/new-homes/sleaford/newton-park-at-handley-chase/plot-187","187","11","9"
"Newton Park at Handley Chase","The Canford · Plot 188","2","190000","https://www.taylorwimpey.co.uk/new-homes/sleaford/newton-park-at-handley-chase/plot-188","188","13","3"
"Newton Park at Handley Chase","The Midford · Plot 178","4","285000","https://www.taylorwimpey.co.uk/new-homes/sleaford/newton-park-at-handley-chase/plot-178","178","15","3"
"Newton Park at Handley Chase","The Midford · Plot 204","4","300000","https://www.taylorwimpey.co.uk/new-homes/sleaford/newton-park-at-handley-chase/plot-204","204","13","3"
"Newton Park at Handley Chase","The Midford · Plot 206","4","300000","https://www.taylorwimpey.co.uk/new-homes/sleaford/newton-park-at-handley-chase/plot-206","206","14","3"
"Newton Park at Handley Chase","The Manford · Plot 172","4","345000","https://www.taylorwimpey.co.uk/new-homes/sleaford/newton-park-at-handley-chase/plot-172","172","19","15"
"Newton Park at Handley Chase","The Manford · Plot 176","4","355000","https://www.taylorwimpey.co.uk/new-homes/sleaford/newton-park-at-handley-chase/plot-176","176","19","15"
"Newton Park at Handley Chase","The Marford · Plot 177","4","365000","https://www.taylorwimpey.co.uk/new-homes/sleaford/newton-park-at-handley-chase/plot-177","177","15","5"
"Dolphingstone Grange","The Avonsford · Plot 198","2","255000","https://www.taylorwimpey.co.uk/new-homes/wallyford/dolphingstone-grange/plot-198","198","10","2"
"Dolphingstone Grange","The Avonsford · Plot 199","2","255000","https://www.taylorwimpey.co.uk/new-homes/wallyford/dolphingstone-grange/plot-199","199","10","2"
"Dolphingstone Grange","The Avonsford · Plot 207","2","256000","https://www.taylorwimpey.co.uk/new-homes/wallyford/dolphingstone-grange/plot-207","207","10","1"
"Dolphingstone Grange","The Ambleford · Plot 217","3","265000","https://www.taylorwimpey.co.uk/new-homes/wallyford/dolphingstone-grange/plot-217","217","11","5"
"Dolphingstone Grange","The Ambleford · Plot 219","3","265000","https://www.taylorwimpey.co.uk/new-homes/wallyford/dolphingstone-grange/plot-219","219","11","5"
"Dolphingstone Grange","The Ambleford · Plot 196","3","278000","https://www.taylorwimpey.co.uk/new-homes/wallyford/dolphingstone-grange/plot-196","196","11","5"
"Dolphingstone Grange","The Ambleford · Plot 193","3","278000","https://www.taylorwimpey.co.uk/new-homes/wallyford/dolphingstone-grange/plot-193","193","11","5"
"Dolphingstone Grange","The Brambleford · Plot 216","3","294995","https://www.taylorwimpey.co.uk/new-homes/wallyford/dolphingstone-grange/plot-216","216","12","2"
"Dolphingstone Grange","The Brambleford · Plot 208","3","302000","https://www.taylorwimpey.co.uk/new-homes/wallyford/dolphingstone-grange/plot-208","208","12","2"
"Dolphingstone Grange","The Hubham · Plot 172","4","416000","https://www.taylorwimpey.co.uk/new-homes/wallyford/dolphingstone-grange/plot-172","172","14","11"
"Dolphingstone Grange","The Rightford · Plot 201","4","419000","https://www.taylorwimpey.co.uk/new-homes/wallyford/dolphingstone-grange/plot-201","201","16","6"
"Wyvern Place","1 Bedroom Apartment · Plot 76","1","185000","https://www.taylorwimpey.co.uk/new-homes/wivenhoe,-colchester/wyvern-place/plot-76","76","13","9"
"Wyvern Place","The Beaford · Plot 81","2","299995","https://www.taylorwimpey.co.uk/new-homes/wivenhoe,-colchester/wyvern-place/plot-81","81","14","5"
"Wyvern Place","The Beaford · Plot 82","2","299995","https://www.taylorwimpey.co.uk/new-homes/wivenhoe,-colchester/wyvern-place/plot-82","82","14","6"
"Wyvern Place","The Ayleford · Plot 106","4","385000","https://www.taylorwimpey.co.uk/new-homes/wivenhoe,-colchester/wyvern-place/plot-106","106","14","10"
"Wyvern Place","The Trelton · Plot 100","4","390000","https://www.taylorwimpey.co.uk/new-homes/wivenhoe,-colchester/wyvern-place/plot-100","100","15","2"
"Barrowby Chase","The Hawthstead · Plot 24","2","148750","https://www.taylorwimpey.co.uk/new-homes/grantham/barrowby-chase/plot-24","24","9","1"
"Barrowby Chase","The Hawthstead · Plot 22","2","154000","https://www.taylorwimpey.co.uk/new-homes/grantham/barrowby-chase/plot-22","22","9","1"
"Barrowby Chase","The Hawthstead · Plot 14","2","161000","https://www.taylorwimpey.co.uk/new-homes/grantham/barrowby-chase/plot-14","14","9","1"
"Barrowby Chase","The Aynesdale · Plot 1","3","290000","https://www.taylorwimpey.co.uk/new-homes/grantham/barrowby-chase/plot-1","1","14","0"
"Barrowby Chase","The Aynesdale · Plot 6","3","300000","https://www.taylorwimpey.co.uk/new-homes/grantham/barrowby-chase/plot-6","6","14","4"
"Barrowby Chase","The Aynesdale · Plot 11","3","310000","https://www.taylorwimpey.co.uk/new-homes/grantham/barrowby-chase/plot-11","11","13","4"
"Barrowby Chase","The Keeford · Plot 10","3","315000","https://www.taylorwimpey.co.uk/new-homes/grantham/barrowby-chase/plot-10","10","11","1"
"Barrowby Chase","The Ayleford · Plot 9","4","375000","https://www.taylorwimpey.co.uk/new-homes/grantham/barrowby-chase/plot-9","9","13","6"
"Barrowby Chase","The Henford · Plot 4","4","395000","https://www.taylorwimpey.co.uk/new-homes/grantham/barrowby-chase/plot-4","4","16","3"
"Barrowby Chase","The Rightford · Plot 5","4","415000","https://www.taylorwimpey.co.uk/new-homes/grantham/barrowby-chase/plot-5","5","14","11"
"Bingham Gate","The Braxton · Plot 13","3","300000","https://www.taylorwimpey.co.uk/new-homes/bingham/bingham-gate/plot-13","13","13","1"
"Bingham Gate","The Braxton · Plot 14","3","305000","https://www.taylorwimpey.co.uk/new-homes/bingham/bingham-gate/plot-14","14","13","1"
"Bingham Gate","The Chelbury · Plot 15","3","315000","https://www.taylorwimpey.co.uk/new-homes/bingham/bingham-gate/plot-15","15","13","3"
"Bingham Gate","The Chelbury · Plot 16","3","315000","https://www.taylorwimpey.co.uk/new-homes/bingham/bingham-gate/plot-16","16","13","3"
"Bingham Gate","The Braxton · Plot 177","3","320000","https://www.taylorwimpey.co.uk/new-homes/bingham/bingham-gate/plot-177","177","13","1"
"Bingham Gate","The Chelbury · Plot 173","3","325000","https://www.taylorwimpey.co.uk/new-homes/bingham/bingham-gate/plot-173","173","13","3"
"Bingham Gate","The Wortham · Plot 181","4","410000","https://www.taylorwimpey.co.uk/new-homes/bingham/bingham-gate/plot-181","181","14","3"
"Swallows Keep","The Eynsford · Plot 3","3","305000","https://www.taylorwimpey.co.uk/new-homes/branston/swallows-keep/plot-3","3","14","1"
"Swallows Keep","The Aynesdale · Plot 103","3","330000","https://www.taylorwimpey.co.uk/new-homes/branston/swallows-keep/plot-103","103","16","1"
"Swallows Keep","The Colford · Plot 5","4","379995","https://www.taylorwimpey.co.uk/new-homes/branston/swallows-keep/plot-5","5","23","14"
"Lairds Gardens","The Andrew · Plot 94","2","199995","https://www.taylorwimpey.co.uk/new-homes/kilmarnock/lairds-gardens/plot-94","94","14","11"
"Lairds Gardens","The Andrew · Plot 93","2","199995","https://www.taylorwimpey.co.uk/new-homes/kilmarnock/lairds-gardens/plot-93","93","14","11"
"Lairds Gardens","The Baxter · Plot 92","3","231995","https://www.taylorwimpey.co.uk/new-homes/kilmarnock/lairds-gardens/plot-92","92","13","1"
"Lairds Gardens","The Baxter · Plot 81","3","233995","https://www.taylorwimpey.co.uk/new-homes/kilmarnock/lairds-gardens/plot-81","81","13","1"
"Lairds Gardens","The Drummond · Plot 57","4","314995","https://www.taylorwimpey.co.uk/new-homes/kilmarnock/lairds-gardens/plot-57","57","14","3"
"Lairds Gardens","The Fraser · Plot 83","4","327000","https://www.taylorwimpey.co.uk/new-homes/kilmarnock/lairds-gardens/plot-83","83","14","2"
"Lairds Gardens","The Geddes · Plot 82","4","337000","https://www.taylorwimpey.co.uk/new-homes/kilmarnock/lairds-gardens/plot-82","82","15","7"
"Lairds Gardens","The Geddes · Plot 58","4","340000","https://www.taylorwimpey.co.uk/new-homes/kilmarnock/lairds-gardens/plot-58","58","14","2"
"Lairds Gardens","The Hughes · Plot 78","4","349995","https://www.taylorwimpey.co.uk/new-homes/kilmarnock/lairds-gardens/plot-78","78","15","1"
"Lairds Gardens","The Maxwell · Plot 96","4","362000","https://www.taylorwimpey.co.uk/new-homes/kilmarnock/lairds-gardens/plot-96","96","14","1"
"Millstream Meadows","The Beaford · Plot 172","2","229995","https://www.taylorwimpey.co.uk/new-homes/middlewich/millstream-meadows/plot-172","172","14","9"
"Millstream Meadows","The Mapleford · Plot 236","2","249995","https://www.taylorwimpey.co.uk/new-homes/middlewich/millstream-meadows/plot-236","236","12","1"
"Millstream Meadows","The Mapleford · Plot 237","2","252995","https://www.taylorwimpey.co.uk/new-homes/middlewich/millstream-meadows/plot-237","237","12","1"
"Millstream Meadows","The Eynsford · Plot 216","3","272995","https://www.taylorwimpey.co.uk/new-homes/middlewich/millstream-meadows/plot-216","216","13","7"
"Millstream Meadows","The Harrton · Plot 83","3","279995","https://www.taylorwimpey.co.uk/new-homes/middlewich/millstream-meadows/plot-83","83","14","4"
"Millstream Meadows","The Tetford · Plot 100","3","285995","https://www.taylorwimpey.co.uk/new-homes/middlewich/millstream-meadows/plot-100","100","14","7"
"Millstream Meadows","The Harrton · Plot 170","3","298995","https://www.taylorwimpey.co.uk/new-homes/middlewich/millstream-meadows/plot-170","170","13","5"
"Millstream Meadows","The Aynesdale · Plot 235","3","298995","https://www.taylorwimpey.co.uk/new-homes/middlewich/millstream-meadows/plot-235","235","12","0"
"Millstream Meadows","The Aynesdale  · Plot 101","3","317995","https://www.taylorwimpey.co.uk/new-homes/middlewich/millstream-meadows/plot-101","101","13","1"
"Millstream Meadows","The Byrneham · Plot 243","3","329995","https://www.taylorwimpey.co.uk/new-homes/middlewich/millstream-meadows/plot-243","243","15","3"
"Millstream Meadows","The Plumdale · Plot 94","4","348995","https://www.taylorwimpey.co.uk/new-homes/middlewich/millstream-meadows/plot-94","94","14","6"
"Millstream Meadows","The Bittesford · Plot 169","4","352995","https://www.taylorwimpey.co.uk/new-homes/middlewich/millstream-meadows/plot-169","169","13","3"
"Millstream Meadows","The Bittesford · Plot 246","4","359995","https://www.taylorwimpey.co.uk/new-homes/middlewich/millstream-meadows/plot-246","246","13","3"
"Millstream Meadows","The Plumdale · Plot 259","4","361995","https://www.taylorwimpey.co.uk/new-homes/middlewich/millstream-meadows/plot-259","259","16","3"
"Millstream Meadows","The Colford · Plot 245","4","366995","https://www.taylorwimpey.co.uk/new-homes/middlewich/millstream-meadows/plot-245","245","16","9"
"Millstream Meadows","The Plumdale · Plot 240","4","369995","https://www.taylorwimpey.co.uk/new-homes/middlewich/millstream-meadows/plot-240","240","16","3"
"Millstream Meadows","The Hubham · Plot 241","4","389995","https://www.taylorwimpey.co.uk/new-homes/middlewich/millstream-meadows/plot-241","241","13","0"
"Millstream Meadows","The Hubham · Plot 242","4","390995","https://www.taylorwimpey.co.uk/new-homes/middlewich/millstream-meadows/plot-242","242","13","8"
"Stanhope Fields","The Byford · Plot 41","3","399995","https://www.taylorwimpey.co.uk/new-homes/leeds/stanhope-fields/plot-41","41","14","3"
"Stanhope Fields","The Kingham · Plot 42","4","599995","https://www.taylorwimpey.co.uk/new-homes/leeds/stanhope-fields/plot-42","42","17","14"
"Stanhope Fields","The Manford · Plot 44","4","640000","https://www.taylorwimpey.co.uk/new-homes/leeds/stanhope-fields/plot-44","44","14","6"
"Woodlands","The Mapleford · Plot 34","2","310000","https://www.taylorwimpey.co.uk/new-homes/south-marston/woodlands/plot-34","34","12","1"
"Woodlands","The Eynsford · Plot 114","3","360000","https://www.taylorwimpey.co.uk/new-homes/south-marston/woodlands/plot-114","114","14","2"
"Woodlands","The Aynesdale · Plot 74","3","375000","https://www.taylorwimpey.co.uk/new-homes/south-marston/woodlands/plot-74","74","15","2"
"Woodlands","The Eynsford · Plot 10","3","375000","https://www.taylorwimpey.co.uk/new-homes/south-marston/woodlands/plot-10","10","17","3"
"Woodlands","The Carrdale · Plot 130","3","385000","https://www.taylorwimpey.co.uk/new-homes/south-marston/woodlands/plot-130","130","15","0"
"Woodlands","The Eynsford · Plot 80","3","390000","https://www.taylorwimpey.co.uk/new-homes/south-marston/woodlands/plot-80","80","11","3"
"Woodlands","The Eynsford · Plot 100","3","390000","https://www.taylorwimpey.co.uk/new-homes/south-marston/woodlands/plot-100","100","12","3"
"Woodlands","The Eynsford · Plot 2","3","400000","https://www.taylorwimpey.co.uk/new-homes/south-marston/woodlands/plot-2","2","11","3"
"Woodlands","The Aynesdale · Plot 77","3","405000","https://www.taylorwimpey.co.uk/new-homes/south-marston/woodlands/plot-77","77","15","2"
"Woodlands","The Plumdale · Plot 68","4","465000","https://www.taylorwimpey.co.uk/new-homes/south-marston/woodlands/plot-68","68","13","4"
"Woodlands","The Plumdale · Plot 71","4","470000","https://www.taylorwimpey.co.uk/new-homes/south-marston/woodlands/plot-71","71","13","4"
"Woodlands","The Colford · Plot 112","4","475000","https://www.taylorwimpey.co.uk/new-homes/south-marston/woodlands/plot-112","112","14","1"
"Woodlands","The Colford · Plot 119","4","480000","https://www.taylorwimpey.co.uk/new-homes/south-marston/woodlands/plot-119","119","14","1"
"Woodlands","The Raynford · Plot 121","4","575000","https://www.taylorwimpey.co.uk/new-homes/south-marston/woodlands/plot-121","121","19","4"
"Harvest Hill","The Owlton · Plot 174","3","565000","https://www.taylorwimpey.co.uk/new-homes/maidenhead/harvest-hill/plot-174","174","14","3"
"Harvest Hill","The Owlton · Plot 175","3","575000","https://www.taylorwimpey.co.uk/new-homes/maidenhead/harvest-hill/plot-175","175","14","3"
"Harvest Hill","The Owlton · Plot 284","3","590000","https://www.taylorwimpey.co.uk/new-homes/maidenhead/harvest-hill/plot-284","284","14","2"
"Harvest Hill","The Eynsford · Plot 193","3","605000","https://www.taylorwimpey.co.uk/new-homes/maidenhead/harvest-hill/plot-193","193","14","2"
"Harvest Hill","The Densdale · Plot 176","3","620000","https://www.taylorwimpey.co.uk/new-homes/maidenhead/harvest-hill/plot-176","176","18","3"
"Harvest Hill","The Tetford · Plot 194","3","650000","https://www.taylorwimpey.co.uk/new-homes/maidenhead/harvest-hill/plot-194","194","14","5"
"Harvest Hill","The Densdale · Plot 285","3","665000","https://www.taylorwimpey.co.uk/new-homes/maidenhead/harvest-hill/plot-285","285","15","11"
"Harvest Hill","The Brilbury  · Plot 207","4","675000","https://www.taylorwimpey.co.uk/new-homes/maidenhead/harvest-hill/plot-207","207","16","4"
"Harvest Hill","The Brilbury  · Plot 206","4","680000","https://www.taylorwimpey.co.uk/new-homes/maidenhead/harvest-hill/plot-206","206","13","4"
"Harvest Hill","The Brilbury  · Plot 208","4","685000","https://www.taylorwimpey.co.uk/new-homes/maidenhead/harvest-hill/plot-208","208","17","4"
"Coatham Meadows","The Byrneham Special · Plot 150","3","270000","https://www.taylorwimpey.co.uk/new-homes/eaglescliffe/coatham-meadows/plot-150","150","15","3"
"Coatham Meadows","The Ayleford · Plot 161","4","285000","https://www.taylorwimpey.co.uk/new-homes/eaglescliffe/coatham-meadows/plot-161","161","15","1"
"Coatham Meadows","The Colford · Plot 156","4","295000","https://www.taylorwimpey.co.uk/new-homes/eaglescliffe/coatham-meadows/plot-156","156","16","5"
"Coatham Meadows","The Colford · Plot 159","4","300000","https://www.taylorwimpey.co.uk/new-homes/eaglescliffe/coatham-meadows/plot-159","159","16","5"
"Coatham Meadows","The Hubham · Plot 145","4","315000","https://www.taylorwimpey.co.uk/new-homes/eaglescliffe/coatham-meadows/plot-145","145","18","1"
"Coatham Meadows","The Hubham · Plot 163","4","325000","https://www.taylorwimpey.co.uk/new-homes/eaglescliffe/coatham-meadows/plot-163","163","18","1"
"Coatham Meadows","The Rightford · Plot 165","4","335000","https://www.taylorwimpey.co.uk/new-homes/eaglescliffe/coatham-meadows/plot-165","165","13","0"
"Dargavel Village","The Andrew · Plot 119","2","242000","https://www.taylorwimpey.co.uk/new-homes/bishopton/dargavel-village/plot-119","119","12","2"
"Dargavel Village","The Andrew · Plot 120","2","246000","https://www.taylorwimpey.co.uk/new-homes/bishopton/dargavel-village/plot-120","120","13","11"
"Dargavel Village","The Blair · Plot 122","3","307000","https://www.taylorwimpey.co.uk/new-homes/bishopton/dargavel-village/plot-122","122","14","0"
"Dargavel Village","The Drummond · Plot 157","4","385000","https://www.taylorwimpey.co.uk/new-homes/bishopton/dargavel-village/plot-157","157","14","3"
"Dargavel Village","The Geddes · Plot 162","4","399995","https://www.taylorwimpey.co.uk/new-homes/bishopton/dargavel-village/plot-162","162","14","2"
"Dargavel Village","The Geddes · Plot 150","4","404000","https://www.taylorwimpey.co.uk/new-homes/bishopton/dargavel-village/plot-150","150","14","2"
"Dargavel Village","The Maxwell · Plot 159","4","442000","https://www.taylorwimpey.co.uk/new-homes/bishopton/dargavel-village/plot-159","159","14","1"
"Dargavel Village","The Stewart  · Plot 160","4","444000","https://www.taylorwimpey.co.uk/new-homes/bishopton/dargavel-village/plot-160","160","14","2"
"Arborfield Heights","The Redford · Plot 31","3","430000","https://www.taylorwimpey.co.uk/new-homes/arborfield-green/arborfield-heights/plot-31","31","10","3"
"Arborfield Heights","The Finchbury · Plot 27","3","510000","https://www.taylorwimpey.co.uk/new-homes/arborfield-green/arborfield-heights/plot-27","27","13","3"
"Arborfield Heights","The Finchbury · Plot 14","3","520000","https://www.taylorwimpey.co.uk/new-homes/arborfield-green/arborfield-heights/plot-14","14","13","3"
"Arborfield Heights","The Finchbury · Plot 24","3","535000","https://www.taylorwimpey.co.uk/new-homes/arborfield-green/arborfield-heights/plot-24","24","13","3"
"Elmwood Grange","The Brambleford · Plot 472","3","210000","https://www.taylorwimpey.co.uk/new-homes/stockton-on-tees/elmwood-grange/plot-472","472","10","9"
"Elmwood Grange","The Harrton · Plot 469","3","229995","https://www.taylorwimpey.co.uk/new-homes/stockton-on-tees/elmwood-grange/plot-469","469","18","7"
"Elmwood Grange","The Byrneham Special · Plot 481","3","264995","https://www.taylorwimpey.co.uk/new-homes/stockton-on-tees/elmwood-grange/plot-481","481","14","2"
"Elmwood Grange","The Byrneham Special · Plot 456","3","268000","https://www.taylorwimpey.co.uk/new-homes/stockton-on-tees/elmwood-grange/plot-456","456","14","2"
"Elmwood Grange","The Colford · Plot 453","4","290000","https://www.taylorwimpey.co.uk/new-homes/stockton-on-tees/elmwood-grange/plot-453","453","16","4"
"Elmwood Grange","The Hubham · Plot 473","4","300000","https://www.taylorwimpey.co.uk/new-homes/stockton-on-tees/elmwood-grange/plot-473","473","13","0"
"Manor Gardens","The Eynsford · Plot 322","3","250000","https://www.taylorwimpey.co.uk/new-homes/wynyard/manor-gardens/plot-322","322","13","2"
"Manor Gardens","The Eynsford · Plot 276","3","260000","https://www.taylorwimpey.co.uk/new-homes/wynyard/manor-gardens/plot-276","276","13","2"
"Manor Gardens","The Harrton · Plot 331","3","270000","https://www.taylorwimpey.co.uk/new-homes/wynyard/manor-gardens/plot-331","331","17","7"
"Manor Gardens","The Harrton · Plot 332","3","275000","https://www.taylorwimpey.co.uk/new-homes/wynyard/manor-gardens/plot-332","332","17","7"
"Manor Gardens","The Byrneham · Plot 324","3","290000","https://www.taylorwimpey.co.uk/new-homes/wynyard/manor-gardens/plot-324","324","10","0"
"Manor Gardens","The Plumdale · Plot 321","4","325000","https://www.taylorwimpey.co.uk/new-homes/wynyard/manor-gardens/plot-321","321","14","2"
"Manor Gardens","The Rightford · Plot 278","4","365000","https://www.taylorwimpey.co.uk/new-homes/wynyard/manor-gardens/plot-278","278","13","1"
"Manor Gardens","The Elterham · Plot 274","4","450000","https://www.taylorwimpey.co.uk/new-homes/wynyard/manor-gardens/plot-274","274","14","1"
"Manor Gardens","The Thirlford · Plot 264","5","500000","https://www.taylorwimpey.co.uk/new-homes/wynyard/manor-gardens/plot-264","264","16","1"
"Sibbalds Wynd","The Andrew · Plot 115","2","220500","https://www.taylorwimpey.co.uk/new-homes/bathgate/sibbalds-wynd/plot-115","115","13","0"
"Sibbalds Wynd","The Baxter · Plot 120","3","246000","https://www.taylorwimpey.co.uk/new-homes/bathgate/sibbalds-wynd/plot-120","120","13","1"
"Sibbalds Wynd","The Baxter · Plot 119","3","246000","https://www.taylorwimpey.co.uk/new-homes/bathgate/sibbalds-wynd/plot-119","119","13","0"
"Sibbalds Wynd","The Blair · Plot 118","3","259995","https://www.taylorwimpey.co.uk/new-homes/bathgate/sibbalds-wynd/plot-118","118","13","0"
"Sibbalds Wynd","The Blair · Plot 116","3","259995","https://www.taylorwimpey.co.uk/new-homes/bathgate/sibbalds-wynd/plot-116","116","14","1"
"Sibbalds Wynd","The Dunlop · Plot 108","4","294995","https://www.taylorwimpey.co.uk/new-homes/bathgate/sibbalds-wynd/plot-108","108","12","1"
"Sibbalds Wynd","The Dunlop · Plot 107","4","299995","https://www.taylorwimpey.co.uk/new-homes/bathgate/sibbalds-wynd/plot-107","107","12","1"
"Sibbalds Wynd","The Dunlop · Plot 109","4","305000","https://www.taylorwimpey.co.uk/new-homes/bathgate/sibbalds-wynd/plot-109","109","12","1"
"Sibbalds Wynd","The Douglas · Plot 110","4","325000","https://www.taylorwimpey.co.uk/new-homes/bathgate/sibbalds-wynd/plot-110","110","14","1"
"Sibbalds Wynd","The Fraser · Plot 111","4","359000","https://www.taylorwimpey.co.uk/new-homes/bathgate/sibbalds-wynd/plot-111","111","16","1"
"Sibbalds Wynd","The Geddes · Plot 99","4","359995","https://www.taylorwimpey.co.uk/new-homes/bathgate/sibbalds-wynd/plot-99","99","15","7"
"Sibbalds Wynd","The Maxwell · Plot 112","4","385000","https://www.taylorwimpey.co.uk/new-homes/bathgate/sibbalds-wynd/plot-112","112","14","7"
"Artillery Mews","Type 1, 1 Bed  · Plot 33","1","249995","https://www.taylorwimpey.co.uk/new-homes/shoeburyness/artillery-mews/plot-33","33","13","5"
"Artillery Mews","Type 1, 1 Bed  · Plot 39","1","267995","https://www.taylorwimpey.co.uk/new-homes/shoeburyness/artillery-mews/plot-39","39","13","6"
"Artillery Mews","2 Bed  · Plot 29","2","329995","https://www.taylorwimpey.co.uk/new-homes/shoeburyness/artillery-mews/plot-29","29","13","8"
"Artillery Mews","The Beauford · Plot 68","2","389995","https://www.taylorwimpey.co.uk/new-homes/shoeburyness/artillery-mews/plot-68","68","14","2"
"Artillery Mews","The Byford · Plot 69","3","399995","https://www.taylorwimpey.co.uk/new-homes/shoeburyness/artillery-mews/plot-69","69","14","3"
"Artillery Mews","The Huxford · Plot 23","4","499995","https://www.taylorwimpey.co.uk/new-homes/shoeburyness/artillery-mews/plot-23","23","14","1"
"Artillery Mews","The Elliston · Plot 17","4","505000","https://www.taylorwimpey.co.uk/new-homes/shoeburyness/artillery-mews/plot-17","17","15","2"
"Artillery Mews","The Elliston · Plot 15","4","520000","https://www.taylorwimpey.co.uk/new-homes/shoeburyness/artillery-mews/plot-15","15","15","6"
"Artillery Mews","The Huxford · Plot 50","4","525000","https://www.taylorwimpey.co.uk/new-homes/shoeburyness/artillery-mews/plot-50","50","14","1"
"Artillery Mews","The Huxford · Plot 49","4","525000","https://www.taylorwimpey.co.uk/new-homes/shoeburyness/artillery-mews/plot-49","49","14","12"
"Woodlands Chase","Milkcap House · Plot 3","1","199999","https://www.taylorwimpey.co.uk/new-homes/whiteley/woodlands-chase/plot-3","3","9","5"
"Woodlands Chase","Milkcap House · Plot 7","2","252500","https://www.taylorwimpey.co.uk/new-homes/whiteley/woodlands-chase/plot-7","7","8","5"
"Woodlands Chase","Milkcap House · Plot 10","2","255000","https://www.taylorwimpey.co.uk/new-homes/whiteley/woodlands-chase/plot-10","10","10","6"
"Woodlands Chase","The Gilldale · Plot 59","2","297500","https://www.taylorwimpey.co.uk/new-homes/whiteley/woodlands-chase/plot-59","59","12","4"
"Woodlands Chase","The Beaford · Plot 211","2","","https://www.taylorwimpey.co.uk/new-homes/whiteley/woodlands-chase/plot-211","211","14","1"
"Woodlands Chase","The Eynsford · Plot 50","3","382500","https://www.taylorwimpey.co.uk/new-homes/whiteley/woodlands-chase/plot-50","50","13","3"
"Woodlands Chase","The Owlton · Plot 63","3","399995","https://www.taylorwimpey.co.uk/new-homes/whiteley/woodlands-chase/plot-63","63","16","3"
"Woodlands Chase","The Plumdale · Plot 209","4","","https://www.taylorwimpey.co.uk/new-homes/whiteley/woodlands-chase/plot-209","209","14","4"
"Woodlands Chase","The Owlton · Plot 52","3","415000","https://www.taylorwimpey.co.uk/new-homes/whiteley/woodlands-chase/plot-52","52","16","3"
"Woodlands Chase","The Eynsford · Plot 58","3","420000","https://www.taylorwimpey.co.uk/new-homes/whiteley/woodlands-chase/plot-58","58","14","3"
"Woodlands Chase","The Aynesdale · Plot 55","3","435000","https://www.taylorwimpey.co.uk/new-homes/whiteley/woodlands-chase/plot-55","55","14","2"
"Woodlands Chase","The Aynesdale · Plot 62","3","439500","https://www.taylorwimpey.co.uk/new-homes/whiteley/woodlands-chase/plot-62","62","14","2"
"Riven Stones","The Braxton · Plot 10","3","268995","https://www.taylorwimpey.co.uk/new-homes/blackburn/riven-stones/plot-10","10","16","5"
"Riven Stones","The Braxton · Plot 9","3","271995","https://www.taylorwimpey.co.uk/new-homes/blackburn/riven-stones/plot-9","9","14","8"
"Riven Stones","The Trusdale · Plot 147","4","318995","https://www.taylorwimpey.co.uk/new-homes/blackburn/riven-stones/plot-147","147","13","2"
"Riven Stones","The Trusdale · Plot 149","4","321995","https://www.taylorwimpey.co.uk/new-homes/blackburn/riven-stones/plot-149","149","13","2"
"Riven Stones","The Kingham · Plot 169","4","358995","https://www.taylorwimpey.co.uk/new-homes/blackburn/riven-stones/plot-169","169","14","11"
"Riven Stones","The Kingham · Plot 156","4","359995","https://www.taylorwimpey.co.uk/new-homes/blackburn/riven-stones/plot-156","156","12","5"
"Riven Stones","The Manford · Plot 144","4","359995","https://www.taylorwimpey.co.uk/new-homes/blackburn/riven-stones/plot-144","144","13","4"
"Riven Stones","The Manford · Plot 148","4","363995","https://www.taylorwimpey.co.uk/new-homes/blackburn/riven-stones/plot-148","148","15","8"
"Riven Stones","The Lavenham · Plot 3","5","395995","https://www.taylorwimpey.co.uk/new-homes/blackburn/riven-stones/plot-3","3","16","3"
"Riven Stones","The Lavenham · Plot 146","5","399995","https://www.taylorwimpey.co.uk/new-homes/blackburn/riven-stones/plot-146","146","16","5"
"Riven Stones","The Lavenham · Plot 145","5","407995","https://www.taylorwimpey.co.uk/new-homes/blackburn/riven-stones/plot-145","145","15","5"
"Arthurlie Gate","The Kennedy · Plot 402","4","557995","https://www.taylorwimpey.co.uk/new-homes/barrhead/arthurlie-gate/plot-402","402","15","4"
"Arthurlie Gate","The Kennedy · Plot 405","4","564000","https://www.taylorwimpey.co.uk/new-homes/barrhead/arthurlie-gate/plot-405","405","15","4"
"Arthurlie Gate","The Gordon · Plot 425","4","618000","https://www.taylorwimpey.co.uk/new-homes/barrhead/arthurlie-gate/plot-425","425","14","12"
"Samphire Meadow","The Coltford · Plot 118","3","290000","https://www.taylorwimpey.co.uk/new-homes/frinton-on-sea/samphire-meadow/plot-118","118","14","5"
"Samphire Meadow","The Byford · Plot 120","3","299000","https://www.taylorwimpey.co.uk/new-homes/frinton-on-sea/samphire-meadow/plot-120","120","14","8"
"Samphire Meadow","The Byford · Plot 158","3","300000","https://www.taylorwimpey.co.uk/new-homes/frinton-on-sea/samphire-meadow/plot-158","158","13","10"
"Samphire Meadow","The Byford · Plot 97","3","320000","https://www.taylorwimpey.co.uk/new-homes/frinton-on-sea/samphire-meadow/plot-97","97","12","4"
"Samphire Meadow","The Manford · Plot 57","4","445000","https://www.taylorwimpey.co.uk/new-homes/frinton-on-sea/samphire-meadow/plot-57","57","14","3"
"Samphire Meadow","The Manford · Plot 2","4","459000","https://www.taylorwimpey.co.uk/new-homes/frinton-on-sea/samphire-meadow/plot-2","2","14","3"
"Samphire Meadow","The Marford · Plot 56","4","465000","https://www.taylorwimpey.co.uk/new-homes/frinton-on-sea/samphire-meadow/plot-56","56","14","4"
"Alresford Down","The Aynesdale · Plot 76","3","539995","https://www.taylorwimpey.co.uk/new-homes/winchester/alresford-down/plot-76","76","14","2"
"Alresford Down","The Owlton · Plot 284","3","545000","https://www.taylorwimpey.co.uk/new-homes/winchester/alresford-down/plot-284","284","16","3"
"Alresford Down","The Owlton · Plot 299","3","555000","https://www.taylorwimpey.co.uk/new-homes/winchester/alresford-down/plot-299","299","16","3"
"Alresford Down","The Aynesdale · Plot 298","3","559995","https://www.taylorwimpey.co.uk/new-homes/winchester/alresford-down/plot-298","298","12","0"
"Alresford Down","The Ayleford · Plot 292","4","599995","https://www.taylorwimpey.co.uk/new-homes/winchester/alresford-down/plot-292","292","10","2"
"Alresford Down","The Henford · Plot 10","4","685995","https://www.taylorwimpey.co.uk/new-homes/winchester/alresford-down/plot-10","10","13","2"
"Alresford Down","The Hubham · Plot 88","4","725000","https://www.taylorwimpey.co.uk/new-homes/winchester/alresford-down/plot-88","88","12","0"
"Alresford Down","The Shilford · Plot 87","4","755000","https://www.taylorwimpey.co.uk/new-homes/winchester/alresford-down/plot-87","87","13","1"
"Alresford Down","The Aireton · Plot 9","5","772995","https://www.taylorwimpey.co.uk/new-homes/winchester/alresford-down/plot-9","9","15","4"
"Alresford Down","The Aireton · Plot 92","5","824995","https://www.taylorwimpey.co.uk/new-homes/winchester/alresford-down/plot-92","92","11","1"
"Heatherwood Royal","Virginia House · Plot 57","1","","https://www.taylorwimpey.co.uk/new-homes/ascot/heatherwood-royal/plot-57","57","9","6"
"Heatherwood Royal","Virginia House · Plot 63","2","","https://www.taylorwimpey.co.uk/new-homes/ascot/heatherwood-royal/plot-63","63","11","1"
"Heatherwood Royal","Virginia House · Plot 76","3","","https://www.taylorwimpey.co.uk/new-homes/ascot/heatherwood-royal/plot-76","76","10","1"
"Heatherwood Royal","The Colton · Plot 117","3","600000","https://www.taylorwimpey.co.uk/new-homes/ascot/heatherwood-royal/plot-117","117","14","4"
"Heatherwood Royal","The Colton · Plot 118","3","605000","https://www.taylorwimpey.co.uk/new-homes/ascot/heatherwood-royal/plot-118","118","14","4"
"Heatherwood Royal","The Eastbury · Plot 113","3","700000","https://www.taylorwimpey.co.uk/new-homes/ascot/heatherwood-royal/plot-113","113","13","0"
"Heatherwood Royal","The Eastbury · Plot 186","3","710000","https://www.taylorwimpey.co.uk/new-homes/ascot/heatherwood-royal/plot-186","186","15","1"
"Heatherwood Royal","The Westbury · Plot 88","3","720000","https://www.taylorwimpey.co.uk/new-homes/ascot/heatherwood-royal/plot-88","88","15","6"
"Heatherwood Royal","The Ascot · Plot 95","3","880000","https://www.taylorwimpey.co.uk/new-homes/ascot/heatherwood-royal/plot-95","95","19","3"
"Heatherwood Royal","The Ascot · Plot 98","3","910000","https://www.taylorwimpey.co.uk/new-homes/ascot/heatherwood-royal/plot-98","98","17","6"
"Heatherwood Royal","The Ascot · Plot 99","3","910000","https://www.taylorwimpey.co.uk/new-homes/ascot/heatherwood-royal/plot-99","99","18","5"
"Heatherwood Royal","The Archer · Plot 94","3","935000","https://www.taylorwimpey.co.uk/new-homes/ascot/heatherwood-royal/plot-94","94","14","5"
"Heatherwood Royal","The Archer · Plot 90","3","945000","https://www.taylorwimpey.co.uk/new-homes/ascot/heatherwood-royal/plot-90","90","11","3"
"Heatherwood Royal","The Archer · Plot 92","4","980000","https://www.taylorwimpey.co.uk/new-homes/ascot/heatherwood-royal/plot-92","92","12","4"
"Heatherwood Royal","The Windsor · Plot 96","4","1100000","https://www.taylorwimpey.co.uk/new-homes/ascot/heatherwood-royal/plot-96","96","18","3"
"The Laurels at Lathallan Grange","The Ambleford · Plot 77","3","249995","https://www.taylorwimpey.co.uk/new-homes/polmont/the-laurels-at-lathallan-grange/plot-77","77","11","5"
"The Laurels at Lathallan Grange","The Ambleford · Plot 114","3","249995","https://www.taylorwimpey.co.uk/new-homes/polmont/the-laurels-at-lathallan-grange/plot-114","114","11","5"
"The Laurels at Lathallan Grange","The Brambleford · Plot 113","3","279995","https://www.taylorwimpey.co.uk/new-homes/polmont/the-laurels-at-lathallan-grange/plot-113","113","12","3"
"The Laurels at Lathallan Grange","The Tetford · Plot 78","3","298995","https://www.taylorwimpey.co.uk/new-homes/polmont/the-laurels-at-lathallan-grange/plot-78","78","14","1"
"The Laurels at Lathallan Grange","The Tetford · Plot 116","3","298995","https://www.taylorwimpey.co.uk/new-homes/polmont/the-laurels-at-lathallan-grange/plot-116","116","14","1"
"The Laurels at Lathallan Grange","The Chalham · Plot 72","4","379000","https://www.taylorwimpey.co.uk/new-homes/polmont/the-laurels-at-lathallan-grange/plot-72","72","13","1"
"The Laurels at Lathallan Grange","The Hubham · Plot 79","4","389995","https://www.taylorwimpey.co.uk/new-homes/polmont/the-laurels-at-lathallan-grange/plot-79","79","15","13"
"Springhill Gardens","The Brambleford · Plot 44","3","315000","https://www.taylorwimpey.co.uk/new-homes/barrhead/springhill-gardens/plot-44","44","14","2"
"Springhill Gardens","The Keeford · Plot 33","3","347000","https://www.taylorwimpey.co.uk/new-homes/barrhead/springhill-gardens/plot-33","33","14","7"
"Springhill Gardens","The Trelton · Plot 16","4","359995","https://www.taylorwimpey.co.uk/new-homes/barrhead/springhill-gardens/plot-16","16","14","8"
"Springhill Gardens","The Aynesdale · Plot 45","3","360000","https://www.taylorwimpey.co.uk/new-homes/barrhead/springhill-gardens/plot-45","45","13","5"
"Springhill Gardens","The Patterham · Plot 48","5","569995","https://www.taylorwimpey.co.uk/new-homes/barrhead/springhill-gardens/plot-48","48","20","5"
"Manse View","The Ambleford · Plot 24","3","262000","https://www.taylorwimpey.co.uk/new-homes/bargeddie/manse-view/plot-24","24","11","2"
"Manse View","The Brambleford · Plot 36","3","299000","https://www.taylorwimpey.co.uk/new-homes/bargeddie/manse-view/plot-36","36","12","2"
"Manse View","The Tetford · Plot 33","3","322995","https://www.taylorwimpey.co.uk/new-homes/bargeddie/manse-view/plot-33","33","12","1"
"Manse View","The Chalham · Plot 28","4","375000","https://www.taylorwimpey.co.uk/new-homes/bargeddie/manse-view/plot-28","28","13","2"
"Manse View","The Corkham · Plot 20","4","380000","https://www.taylorwimpey.co.uk/new-homes/bargeddie/manse-view/plot-20","20","15","2"
"Manse View","The Corkham · Plot 27","4","380000","https://www.taylorwimpey.co.uk/new-homes/bargeddie/manse-view/plot-27","27","13","2"
"Manse View","The Rightford · Plot 29","4","397995","https://www.taylorwimpey.co.uk/new-homes/bargeddie/manse-view/plot-29","29","15","1"
"Perryfields","The Owlton · Plot 46","3","375000","https://www.taylorwimpey.co.uk/new-homes/bromsgrove/perryfields/plot-46","46","16","7"
"Perryfields","The Keeford · Plot 240","3","380000","https://www.taylorwimpey.co.uk/new-homes/bromsgrove/perryfields/plot-240","240","16","9"
"Perryfields","The Carrdale · Plot 16","3","390000","https://www.taylorwimpey.co.uk/new-homes/bromsgrove/perryfields/plot-16","16","16","2"
"Perryfields","The Aynesdale · Plot 58","3","390000","https://www.taylorwimpey.co.uk/new-homes/bromsgrove/perryfields/plot-58","58","16","0"
"Perryfields","The Byrneham · Plot 39","3","415000","https://www.taylorwimpey.co.uk/new-homes/bromsgrove/perryfields/plot-39","39","19","15"
"Perryfields","The Byrneham · Plot 40","3","415000","https://www.taylorwimpey.co.uk/new-homes/bromsgrove/perryfields/plot-40","40","19","15"
"Perryfields","The Plumdale · Plot 100","4","430000","https://www.taylorwimpey.co.uk/new-homes/bromsgrove/perryfields/plot-100","100","16","2"
"Perryfields","The Colford · Plot 43","4","435000","https://www.taylorwimpey.co.uk/new-homes/bromsgrove/perryfields/plot-43","43","17","3"
"Perryfields","The Rightford · Plot 140","4","495000","https://www.taylorwimpey.co.uk/new-homes/bromsgrove/perryfields/plot-140","140","20","13"
"Perryfields","The Shilford · Plot 2","4","514950","https://www.taylorwimpey.co.uk/new-homes/bromsgrove/perryfields/plot-2","2","16","12"
"Perryfields","The Shilford · Plot 3","4","514950","https://www.taylorwimpey.co.uk/new-homes/bromsgrove/perryfields/plot-3","3","16","12"
"Perryfields","The Rightford · Plot 9","4","530000","https://www.taylorwimpey.co.uk/new-homes/bromsgrove/perryfields/plot-9","9","20","13"
"Coronation Square","Block C4 CD08 · Plot 364","1","385000","https://www.taylorwimpey.co.uk/new-homes/leyton/coronation-square/plot-364","364","13","8"
"Coronation Square","Block C3 CD08 · Plot 330","1","390000","https://www.taylorwimpey.co.uk/new-homes/leyton/coronation-square/plot-330","330","13","8"
"Coronation Square","Block C4 CD08 · Plot 370","1","435000","https://www.taylorwimpey.co.uk/new-homes/leyton/coronation-square/plot-370","370","13","8"
"Coronation Square","Block C2 CD33 SO · Plot 261","2","495000","https://www.taylorwimpey.co.uk/new-homes/leyton/coronation-square/plot-261","261","13","10"
"Coronation Square","Block C4 CD07 SO · Plot 378","2","500000","https://www.taylorwimpey.co.uk/new-homes/leyton/coronation-square/plot-378","378","11","7"
"Coronation Square","Block C4 CD07 SO · Plot 349","2","507000","https://www.taylorwimpey.co.uk/new-homes/leyton/coronation-square/plot-349","349","11","7"
"Coronation Square","Block C3 C4 CD12 SO · Plot 357","3","640000","https://www.taylorwimpey.co.uk/new-homes/leyton/coronation-square/plot-357","357","12","9"
"Coronation Square","Block C3 C4 CD12 SO · Plot 371","3","654999","https://www.taylorwimpey.co.uk/new-homes/leyton/coronation-square/plot-371","371","12","9"
"Coronation Square","Block D4 CD02 · Plot 117","1","350000","https://www.taylorwimpey.co.uk/new-homes/leyton/coronation-square/plot-117","117","13","6"
"Coronation Square","Block D4 CD02 · Plot 138","1","365000","https://www.taylorwimpey.co.uk/new-homes/leyton/coronation-square/plot-138","138","13","6"
"Coronation Square","Block D4 CD02 · Plot 159","1","385000","https://www.taylorwimpey.co.uk/new-homes/leyton/coronation-square/plot-159","159","13","8"
"Coronation Square","Block D4 CD02 · Plot 165","1","390000","https://www.taylorwimpey.co.uk/new-homes/leyton/coronation-square/plot-165","165","13","6"
"Coronation Square","Block D4 CD31 · Plot 115","1","395000","https://www.taylorwimpey.co.uk/new-homes/leyton/coronation-square/plot-115","115","13","7"
"Coronation Square","Block D4 CD02 · Plot 171","1","395000","https://www.taylorwimpey.co.uk/new-homes/leyton/coronation-square/plot-171","171","15","8"
"Coronation Square","Block D4 CD03 · Plot 178","2","504000","https://www.taylorwimpey.co.uk/new-homes/leyton/coronation-square/plot-178","178","13","10"
"Coronation Square","Block D4 CD03 · Plot 190","2","514000","https://www.taylorwimpey.co.uk/new-homes/leyton/coronation-square/plot-190","190","13","10"
"Coronation Square","Block D4 CD03 · Plot 185","2","520000","https://www.taylorwimpey.co.uk/new-homes/leyton/coronation-square/plot-185","185","13","9"
"Coronation Square","Block D4 CD03 · Plot 202","2","524000","https://www.taylorwimpey.co.uk/new-homes/leyton/coronation-square/plot-202","202","13","10"
"Coronation Square","Block D4 CD03 · Plot 203","2","535000","https://www.taylorwimpey.co.uk/new-homes/leyton/coronation-square/plot-203","203","13","7"
"Regis Park","The Ashenford · Plot 195","2","324995","https://www.taylorwimpey.co.uk/new-homes/bognor-regis/regis-park/plot-195","195","12","3"
"Regis Park","The Colton · Plot 198","3","399999","https://www.taylorwimpey.co.uk/new-homes/bognor-regis/regis-park/plot-198","198","11","5"
"Regis Park","The Colton · Plot 197","3","409999","https://www.taylorwimpey.co.uk/new-homes/bognor-regis/regis-park/plot-197","197","14","5"
"Regis Park","The Kingdale · Plot 196","3","410000","https://www.taylorwimpey.co.uk/new-homes/bognor-regis/regis-park/plot-196","196","12","1"
"Regis Park","The Huxford · Plot 119","4","449995","https://www.taylorwimpey.co.uk/new-homes/bognor-regis/regis-park/plot-119","119","13","1"
"Regis Park","The Trusdale · Plot 82","4","465000","https://www.taylorwimpey.co.uk/new-homes/bognor-regis/regis-park/plot-82","82","14","1"
"Gillingham Lakes","The Lodden · Plot 66","2","219995","https://www.taylorwimpey.co.uk/new-homes/gillingham/gillingham-lakes/plot-66","66","17","5"
"Gillingham Lakes","The Lodden · Plot 52","2","224995","https://www.taylorwimpey.co.uk/new-homes/gillingham/gillingham-lakes/plot-52","52","12","7"
"Gillingham Lakes","The Canford · Plot 55","2","244995","https://www.taylorwimpey.co.uk/new-homes/gillingham/gillingham-lakes/plot-55","55","13","5"
"Gillingham Lakes","The Canford · Plot 62","2","252995","https://www.taylorwimpey.co.uk/new-homes/gillingham/gillingham-lakes/plot-62","62","13","5"
"Gillingham Lakes","The Easedale · Plot 37","3","299995","https://www.taylorwimpey.co.uk/new-homes/gillingham/gillingham-lakes/plot-37","37","13","2"
"Gillingham Lakes","The Easedale · Plot 53","3","325000","https://www.taylorwimpey.co.uk/new-homes/gillingham/gillingham-lakes/plot-53","53","12","4"
"Gillingham Lakes","The Manford · Plot 77","4","445000","https://www.taylorwimpey.co.uk/new-homes/gillingham/gillingham-lakes/plot-77","77","13","3"
"Titan Wharf","The Artisan · Plot 30","3","365000","https://www.taylorwimpey.co.uk/new-homes/stourbridge/titan-wharf/plot-30","30","14","11"
"Titan Wharf","The Silversmiths · Plot 31","3","410000","https://www.taylorwimpey.co.uk/new-homes/stourbridge/titan-wharf/plot-31","31","14","10"
"Titan Wharf","The Ruskin · Plot 28","3","415000","https://www.taylorwimpey.co.uk/new-homes/stourbridge/titan-wharf/plot-28","28","16","12"
"Titan Wharf","The Glassworks · Plot 29","3","415000","https://www.taylorwimpey.co.uk/new-homes/stourbridge/titan-wharf/plot-29","29","12","8"
"Barkby Fields","The Eynsford · Plot 166","3","345000","https://www.taylorwimpey.co.uk/new-homes/syston/barkby-fields/plot-166","166","14","2"
"Barkby Fields","The Tewksdale · Plot 3","4","455000","https://www.taylorwimpey.co.uk/new-homes/syston/barkby-fields/plot-3","3","17","1"
"Barkby Fields","The Tewksdale · Plot 2","4","460000","https://www.taylorwimpey.co.uk/new-homes/syston/barkby-fields/plot-2","2","16","1"
"Barkby Fields","The Plumdale · Plot 165","4","460000","https://www.taylorwimpey.co.uk/new-homes/syston/barkby-fields/plot-165","165","13","2"
"Barkby Fields","The Bittesford · Plot 192","4","460000","https://www.taylorwimpey.co.uk/new-homes/syston/barkby-fields/plot-192","192","14","2"
"Barkby Fields","The Henford · Plot 194","4","485000","https://www.taylorwimpey.co.uk/new-homes/syston/barkby-fields/plot-194","194","15","6"
"Barkby Fields","The Wansdale · Plot 164","4","500000","https://www.taylorwimpey.co.uk/new-homes/syston/barkby-fields/plot-164","164","13","0"
"Barkby Fields","The Aireton · Plot 182","5","600000","https://www.taylorwimpey.co.uk/new-homes/syston/barkby-fields/plot-182","182","14","9"
"The Heath","The Daly · Plot 100","5","830000","https://www.taylorwimpey.co.uk/new-homes/codicote/the-heath/plot-100","100","15","4"
"Hartford Green","The Waysdale · Plot 148","4","485000","https://www.taylorwimpey.co.uk/new-homes/colchester/hartford-green/plot-148","148","14","10"
"Hartford Green","The Wayford · Plot 139","5","565000","https://www.taylorwimpey.co.uk/new-homes/colchester/hartford-green/plot-139","139","14","2"
"Hartford Green","The Wayford · Plot 140","5","565000","https://www.taylorwimpey.co.uk/new-homes/colchester/hartford-green/plot-140","140","14","8"
"Hartford Green","The Wayford · Plot 138","5","565000","https://www.taylorwimpey.co.uk/new-homes/colchester/hartford-green/plot-138","138","14","6"
"Hertford Mill Hackney Wick","Manhattan Suite · Plot 115","1","399000","https://www.taylorwimpey.co.uk/new-homes/hackney-wick/hertford-mill-hackney-wick/plot-115","115","12","7"
"Hertford Mill Hackney Wick","1 Bed Block C · Plot 112","1","425000","https://www.taylorwimpey.co.uk/new-homes/hackney-wick/hertford-mill-hackney-wick/plot-112","112","13","6"
"Hertford Mill Hackney Wick","1 Bed Block C · Plot 124","1","450000","https://www.taylorwimpey.co.uk/new-homes/hackney-wick/hertford-mill-hackney-wick/plot-124","124","12","7"
"Hertford Mill Hackney Wick","1 Bed Block C · Plot 136","1","460000","https://www.taylorwimpey.co.uk/new-homes/hackney-wick/hertford-mill-hackney-wick/plot-136","136","12","7"
"Hertford Mill Hackney Wick","1 Bed Block C · Plot 146","1","470000","https://www.taylorwimpey.co.uk/new-homes/hackney-wick/hertford-mill-hackney-wick/plot-146","146","12","6"
"Hertford Mill Hackney Wick","2 Bed Block C · Plot 111","2","595000","https://www.taylorwimpey.co.uk/new-homes/hackney-wick/hertford-mill-hackney-wick/plot-111","111","13","5"
"Hertford Mill Hackney Wick","2 Bed Block C · Plot 118","2","625000","https://www.taylorwimpey.co.uk/new-homes/hackney-wick/hertford-mill-hackney-wick/plot-118","118","13","6"
"Hertford Mill Hackney Wick","2 Bed Block C · Plot 119","2","635000","https://www.taylorwimpey.co.uk/new-homes/hackney-wick/hertford-mill-hackney-wick/plot-119","119","13","5"
"Hertford Mill Hackney Wick","2 Bed Block C · Plot 134","2","639995","https://www.taylorwimpey.co.uk/new-homes/hackney-wick/hertford-mill-hackney-wick/plot-134","134","13","6"
"Hertford Mill Hackney Wick","2 Bed Block C · Plot 127","2","640000","https://www.taylorwimpey.co.uk/new-homes/hackney-wick/hertford-mill-hackney-wick/plot-127","127","13","8"
"Hertford Mill Hackney Wick","2 Bed Block C · Plot 142","2","645000","https://www.taylorwimpey.co.uk/new-homes/hackney-wick/hertford-mill-hackney-wick/plot-142","142","14","7"
"The Vale at Edenfield","The Eynsford · Plot 2","3","342995","https://www.taylorwimpey.co.uk/new-homes/rossendale/the-vale-at-edenfield/plot-2","2","14","4"
"The Vale at Edenfield","The Tetford · Plot 236","3","354995","https://www.taylorwimpey.co.uk/new-homes/rossendale/the-vale-at-edenfield/plot-236","236","15","5"
"The Vale at Edenfield","The Tetford · Plot 54","3","359995","https://www.taylorwimpey.co.uk/new-homes/rossendale/the-vale-at-edenfield/plot-54","54","16","7"
"The Vale at Edenfield","The Aynesdale · Plot 55","3","378995","https://www.taylorwimpey.co.uk/new-homes/rossendale/the-vale-at-edenfield/plot-55","55","13","0"
"The Vale at Edenfield","The Colford · Plot 123","4","447995","https://www.taylorwimpey.co.uk/new-homes/rossendale/the-vale-at-edenfield/plot-123","123","17","9"
"The Vale at Edenfield","The Henford · Plot 122","4","463995","https://www.taylorwimpey.co.uk/new-homes/rossendale/the-vale-at-edenfield/plot-122","122","16","2"
"Lever Valley","The Eynsford  · Plot 41","3","294995","https://www.taylorwimpey.co.uk/new-homes/bolton/lever-valley/plot-41","41","14","4"
"Lever Valley","The Tetford · Plot 66","3","338995","https://www.taylorwimpey.co.uk/new-homes/bolton/lever-valley/plot-66","66","16","6"
"Lever Valley","The Aynesdale  · Plot 14","3","339995","https://www.taylorwimpey.co.uk/new-homes/bolton/lever-valley/plot-14","14","13","1"
"Lever Valley","The Harrton · Plot 29","3","348995","https://www.taylorwimpey.co.uk/new-homes/bolton/lever-valley/plot-29","29","19","2"
"Lever Valley","The Harrton · Plot 10","3","354995","https://www.taylorwimpey.co.uk/new-homes/bolton/lever-valley/plot-10","10","15","6"
"Lever Valley","The Byrneham · Plot 22","3","376995","https://www.taylorwimpey.co.uk/new-homes/bolton/lever-valley/plot-22","22","16","4"
"Lever Valley","The Bittesford  · Plot 5","4","379995","https://www.taylorwimpey.co.uk/new-homes/bolton/lever-valley/plot-5","5","14","3"
"Lever Valley","The Bittesford  · Plot 8","4","399995","https://www.taylorwimpey.co.uk/new-homes/bolton/lever-valley/plot-8","8","14","2"
"Lever Valley","The Bittesford  · Plot 31","4","407995","https://www.taylorwimpey.co.uk/new-homes/bolton/lever-valley/plot-31","31","13","1"
"Lever Valley","The Plumdale  · Plot 21","4","414995","https://www.taylorwimpey.co.uk/new-homes/bolton/lever-valley/plot-21","21","16","4"
"Lever Valley","The Plumdale  · Plot 39","4","417995","https://www.taylorwimpey.co.uk/new-homes/bolton/lever-valley/plot-39","39","14","3"
"Coatham Gardens","The Coltham · Plot 451","4","304995","https://www.taylorwimpey.co.uk/new-homes/eaglescliffe/coatham-gardens/plot-451","451","12","5"
"Coatham Gardens","The Coltham · Plot 431","4","304995","https://www.taylorwimpey.co.uk/new-homes/eaglescliffe/coatham-gardens/plot-431","431","9","4"
"Buckton Fields","The Kingdale · Plot 272","3","340000","https://www.taylorwimpey.co.uk/new-homes/northampton/buckton-fields/plot-272","272","13","2"
"Buckton Fields","The Easedale · Plot 5","3","350000","https://www.taylorwimpey.co.uk/new-homes/northampton/buckton-fields/plot-5","5","11","6"
"Buckton Fields","The Manford · Plot 326","4","470000","https://www.taylorwimpey.co.uk/new-homes/northampton/buckton-fields/plot-326","326","19","15"
"Buckton Fields","The Manford · Plot 329","4","480000","https://www.taylorwimpey.co.uk/new-homes/northampton/buckton-fields/plot-329","329","19","15"
"Buckton Fields","The Marford · Plot 328","4","489000","https://www.taylorwimpey.co.uk/new-homes/northampton/buckton-fields/plot-328","328","15","3"
"Glenvale Park","The Eynsford · Plot 203","3","307500","https://www.taylorwimpey.co.uk/new-homes/wellingborough/glenvale-park/plot-203","203","16","12"
"Glenvale Park","The Eynsford · Plot 190","3","315000","https://www.taylorwimpey.co.uk/new-homes/wellingborough/glenvale-park/plot-190","190","14","3"
"Glenvale Park","The Eynsford · Plot 191","3","315000","https://www.taylorwimpey.co.uk/new-homes/wellingborough/glenvale-park/plot-191","191","17","13"
"Glenvale Park","The Ayleford · Plot 187","4","370000","https://www.taylorwimpey.co.uk/new-homes/wellingborough/glenvale-park/plot-187","187","16","1"
"Glenvale Park","The Ayleford · Plot 186","4","370000","https://www.taylorwimpey.co.uk/new-homes/wellingborough/glenvale-park/plot-186","186","16","1"
"Glenvale Park","The Tewksdale · Plot 185","4","400000","https://www.taylorwimpey.co.uk/new-homes/wellingborough/glenvale-park/plot-185","185","17","1"
"Glenvale Park","The Kitham · Plot 215","4","435000","https://www.taylorwimpey.co.uk/new-homes/wellingborough/glenvale-park/plot-215","215","19","6"
"Colston Gardens","The Brambleford · Plot 65","3","290000","https://www.taylorwimpey.co.uk/new-homes/cotgrave/colston-gardens/plot-65","65","17","4"
"Colston Gardens","The Brambleford · Plot 10","3","300000","https://www.taylorwimpey.co.uk/new-homes/cotgrave/colston-gardens/plot-10","10","15","4"
"Colston Gardens","The Aynesdale · Plot 11","3","330000","https://www.taylorwimpey.co.uk/new-homes/cotgrave/colston-gardens/plot-11","11","14","3"
"Colston Gardens","The Plumdale · Plot 59","4","395000","https://www.taylorwimpey.co.uk/new-homes/cotgrave/colston-gardens/plot-59","59","15","4"
"Colston Gardens","The Shilford · Plot 47","4","420000","https://www.taylorwimpey.co.uk/new-homes/cotgrave/colston-gardens/plot-47","47","20","10"
"Colston Gardens","The Shilford · Plot 61","4","420000","https://www.taylorwimpey.co.uk/new-homes/cotgrave/colston-gardens/plot-61","61","19","9"
"Colston Gardens","The Shilford · Plot 14","4","430000","https://www.taylorwimpey.co.uk/new-homes/cotgrave/colston-gardens/plot-14","14","18","8"
"Colston Gardens","The Henford · Plot 17","4","435000","https://www.taylorwimpey.co.uk/new-homes/cotgrave/colston-gardens/plot-17","17","16","3"
"Weldon Manor","The Ashenford · Plot 243","2","225000","https://www.taylorwimpey.co.uk/new-homes/corby/weldon-manor/plot-243","243","9","1"
"Weldon Manor","The Ashenford · Plot 242","2","235000","https://www.taylorwimpey.co.uk/new-homes/corby/weldon-manor/plot-242","242","9","0"
"Weldon Manor","The Ashenford · Plot 244","2","240000","https://www.taylorwimpey.co.uk/new-homes/corby/weldon-manor/plot-244","244","10","1"
"Weldon Manor","The Byford  · Plot 120","3","280000","https://www.taylorwimpey.co.uk/new-homes/corby/weldon-manor/plot-120","120","10","0"
"Weldon Manor","The Braxton · Plot 135","3","300000","https://www.taylorwimpey.co.uk/new-homes/corby/weldon-manor/plot-135","135","11","2"
"Weldon Manor","The Lanford · Plot 134","4","385000","https://www.taylorwimpey.co.uk/new-homes/corby/weldon-manor/plot-134","134","14","4"
"Weldon Manor","The Lanford · Plot 125","4","387500","https://www.taylorwimpey.co.uk/new-homes/corby/weldon-manor/plot-125","125","14","4"
"Weldon Manor","The Marford · Plot 124","4","430000","https://www.taylorwimpey.co.uk/new-homes/corby/weldon-manor/plot-124","124","14","2"
"Millstone Walk","The Beaford · Plot 29","2","226000","https://www.taylorwimpey.co.uk/new-homes/eggborough/millstone-walk/plot-29","29","14","1"
"Millstone Walk","The Beaford · Plot 28","2","228000","https://www.taylorwimpey.co.uk/new-homes/eggborough/millstone-walk/plot-28","28","10","5"
"Millstone Walk","The Harrton · Plot 20","3","290000","https://www.taylorwimpey.co.uk/new-homes/eggborough/millstone-walk/plot-20","20","18","6"
"Millstone Walk","The Byrneham · Plot 35","3","305000","https://www.taylorwimpey.co.uk/new-homes/eggborough/millstone-walk/plot-35","35","14","4"
"Millstone Walk","The Plumdale · Plot 1","4","330000","https://www.taylorwimpey.co.uk/new-homes/eggborough/millstone-walk/plot-1","1","14","5"
"Millstone Walk","The Plumdale · Plot 10","4","330000","https://www.taylorwimpey.co.uk/new-homes/eggborough/millstone-walk/plot-10","10","14","5"
"Millstone Walk","The Corkham · Plot 106","4","360000","https://www.taylorwimpey.co.uk/new-homes/eggborough/millstone-walk/plot-106","106","15","10"
"Millstone Walk","The Rightford · Plot 76","4","393000","https://www.taylorwimpey.co.uk/new-homes/eggborough/millstone-walk/plot-76","76","13","2"
"Millstone Walk","The Warkford · Plot 77","4","400000","https://www.taylorwimpey.co.uk/new-homes/eggborough/millstone-walk/plot-77","77","17","8"
"Millstone Walk","The Thirlford · Plot 38","5","499995","https://www.taylorwimpey.co.uk/new-homes/eggborough/millstone-walk/plot-38","38","19","4"
"Appledown Gate","The Gosford · Plot 483","3","310000","https://www.taylorwimpey.co.uk/new-homes/keresley/appledown-gate/plot-483","483","15","2"
"Appledown Gate","The Braxton · Plot 469","3","325000","https://www.taylorwimpey.co.uk/new-homes/keresley/appledown-gate/plot-469","469","16","3"
"Appledown Gate","The Amersham · Plot 472","3","350000","https://www.taylorwimpey.co.uk/new-homes/keresley/appledown-gate/plot-472","472","18","11"
"Appledown Gate","The Manford · Plot 504","4","425000","https://www.taylorwimpey.co.uk/new-homes/keresley/appledown-gate/plot-504","504","20","5"
"Appledown Gate","The Manford · Plot 474","4","440000","https://www.taylorwimpey.co.uk/new-homes/keresley/appledown-gate/plot-474","474","20","5"
"Appledown Gate","The Wortham · Plot 473","4","440000","https://www.taylorwimpey.co.uk/new-homes/keresley/appledown-gate/plot-473","473","14","7"
"Appledown Gate","The Manford · Plot 468","4","440000","https://www.taylorwimpey.co.uk/new-homes/keresley/appledown-gate/plot-468","468","20","5"
"Appledown Gate","The Waysdale · Plot 479","4","475000","https://www.taylorwimpey.co.uk/new-homes/keresley/appledown-gate/plot-479","479","14","11"
"Appledown Gate","The Lavenham · Plot 462","5","500000","https://www.taylorwimpey.co.uk/new-homes/keresley/appledown-gate/plot-462","462","22","10"
"Appledown Gate","The Marford · Plot 465","4","520000","https://www.taylorwimpey.co.uk/new-homes/keresley/appledown-gate/plot-465","465","20","9"
"Allard Way","The Beaford · Plot 84","2","285000","https://www.taylorwimpey.co.uk/new-homes/coventry-/allard-way/plot-84","84","19","14"
"Allard Way","The Beaford · Plot 85","2","285000","https://www.taylorwimpey.co.uk/new-homes/coventry-/allard-way/plot-85","85","19","14"
"Allard Way","The Ambleford · Plot 82","3","310000","https://www.taylorwimpey.co.uk/new-homes/coventry-/allard-way/plot-82","82","12","9"
"Allard Way","The Ambleford · Plot 111","3","310000","https://www.taylorwimpey.co.uk/new-homes/coventry-/allard-way/plot-111","111","12","9"
"Allard Way","The Ambleford · Plot 83","3","310000","https://www.taylorwimpey.co.uk/new-homes/coventry-/allard-way/plot-83","83","19","10"
"Allard Way","The Ambleford · Plot 108","3","317000","https://www.taylorwimpey.co.uk/new-homes/coventry-/allard-way/plot-108","108","12","9"
"Allard Way","The Owlton · Plot 118","3","378000","https://www.taylorwimpey.co.uk/new-homes/coventry-/allard-way/plot-118","118","18","8"
"Allard Way","The Owlton · Plot 120","3","378000","https://www.taylorwimpey.co.uk/new-homes/coventry-/allard-way/plot-120","120","18","8"
"Allard Way","The Colford · Plot 27","4","410000","https://www.taylorwimpey.co.uk/new-homes/coventry-/allard-way/plot-27","27","19","12"
"Allard Way","The Colford · Plot 28","4","410000","https://www.taylorwimpey.co.uk/new-homes/coventry-/allard-way/plot-28","28","19","12"
"Allard Way","The Colford · Plot 32","4","410000","https://www.taylorwimpey.co.uk/new-homes/coventry-/allard-way/plot-32","32","23","15"
"Allard Way","The Colford · Plot 16","4","425000","https://www.taylorwimpey.co.uk/new-homes/coventry-/allard-way/plot-16","16","19","12"
"Allard Way","The Warkford · Plot 17","4","475000","https://www.taylorwimpey.co.uk/new-homes/coventry-/allard-way/plot-17","17","24","8"
"Allard Way","The Warkford · Plot 18","4","475000","https://www.taylorwimpey.co.uk/new-homes/coventry-/allard-way/plot-18","18","25","8"
"Abbey Grange","The Avonsford · Plot 49","2","250000","https://www.taylorwimpey.co.uk/new-homes/evesham/abbey-grange/plot-49","49","16","7"
"Abbey Grange","The Avonsford · Plot 50","2","250000","https://www.taylorwimpey.co.uk/new-homes/evesham/abbey-grange/plot-50","50","16","7"
"Abbey Grange","The Avonsford · Plot 79","2","250000","https://www.taylorwimpey.co.uk/new-homes/evesham/abbey-grange/plot-79","79","13","5"
"Abbey Grange","The Brambleford · Plot 12","3","325000","https://www.taylorwimpey.co.uk/new-homes/evesham/abbey-grange/plot-12","12","13","2"
"Abbey Grange","The Brambleford · Plot 29","3","325000","https://www.taylorwimpey.co.uk/new-homes/evesham/abbey-grange/plot-29","29","13","2"
"Abbey Grange","The Owlton · Plot 8","3","340000","https://www.taylorwimpey.co.uk/new-homes/evesham/abbey-grange/plot-8","8","18","8"
"Abbey Grange","The Owlton · Plot 22","3","340000","https://www.taylorwimpey.co.uk/new-homes/evesham/abbey-grange/plot-22","22","19","8"
"Abbey Grange","The Owlton · Plot 9","3","350000","https://www.taylorwimpey.co.uk/new-homes/evesham/abbey-grange/plot-9","9","19","8"
"Abbey Grange","The Owlton · Plot 23","3","350000","https://www.taylorwimpey.co.uk/new-homes/evesham/abbey-grange/plot-23","23","20","4"
"Abbey Grange","The Aynesdale · Plot 13","3","370000","https://www.taylorwimpey.co.uk/new-homes/evesham/abbey-grange/plot-13","13","15","2"
"Abbey Grange","The Aynesdale · Plot 47","3","370000","https://www.taylorwimpey.co.uk/new-homes/evesham/abbey-grange/plot-47","47","15","2"
"Abbey Grange","The Aynesdale · Plot 81","3","370000","https://www.taylorwimpey.co.uk/new-homes/evesham/abbey-grange/plot-81","81","15","2"
"Abbey Grange","The Aynesdale · Plot 18","3","375000","https://www.taylorwimpey.co.uk/new-homes/evesham/abbey-grange/plot-18","18","15","2"
"Abbey Grange","The Aynesdale · Plot 38","3","380000","https://www.taylorwimpey.co.uk/new-homes/evesham/abbey-grange/plot-38","38","15","2"
"Abbey Grange","The Aynesdale · Plot 44","3","380000","https://www.taylorwimpey.co.uk/new-homes/evesham/abbey-grange/plot-44","44","15","2"
"Capstone Oaks","The Beaford · Plot 36","2","359995","https://www.taylorwimpey.co.uk/new-homes/chatham/capstone-oaks/plot-36","36","13","4"
"Capstone Oaks","The Keeford · Plot 47","3","403995","https://www.taylorwimpey.co.uk/new-homes/chatham/capstone-oaks/plot-47","47","14","7"
"Capstone Oaks","The Harrton · Plot 178","3","417500","https://www.taylorwimpey.co.uk/new-homes/chatham/capstone-oaks/plot-178","178","16","4"
"Capstone Oaks","The Aynesdale · Plot 141","3","442500","https://www.taylorwimpey.co.uk/new-homes/chatham/capstone-oaks/plot-141","141","12","5"
"Capstone Oaks","The Densdale · Plot 179","3","445000","https://www.taylorwimpey.co.uk/new-homes/chatham/capstone-oaks/plot-179","179","11","0"
"Capstone Oaks","The Elliston · Plot 23","4","457995","https://www.taylorwimpey.co.uk/new-homes/chatham/capstone-oaks/plot-23","23","17","4"
"Capstone Oaks","The Aireton · Plot 84","5","569995","https://www.taylorwimpey.co.uk/new-homes/chatham/capstone-oaks/plot-84","84","22","5"
"Capstone Oaks","The Thirlford · Plot 79","5","699500","https://www.taylorwimpey.co.uk/new-homes/chatham/capstone-oaks/plot-79","79","16","3"
"Capstone Oaks","The Thirlford · Plot 73","5","727500","https://www.taylorwimpey.co.uk/new-homes/chatham/capstone-oaks/plot-73","73","16","3"
"Elgar Place","The Midford · Plot 24","4","375000","https://www.taylorwimpey.co.uk/new-homes/hereford/elgar-place/plot-24","24","13","3"
"Elgar Place","The Midford · Plot 27","4","384000","https://www.taylorwimpey.co.uk/new-homes/hereford/elgar-place/plot-27","27","13","2"
"The Mill","The Beaford · Plot 20","2","309995","https://www.taylorwimpey.co.uk/new-homes/polegate/the-mill/plot-20","20","12","3"
"The Mill","The Beaford · Plot 8","2","313500","https://www.taylorwimpey.co.uk/new-homes/polegate/the-mill/plot-8","8","12","3"
"The Mill","The Keeford · Plot 17","3","379995","https://www.taylorwimpey.co.uk/new-homes/polegate/the-mill/plot-17","17","13","6"
"The Mill","The Aynesdale · Plot 9","3","384995","https://www.taylorwimpey.co.uk/new-homes/polegate/the-mill/plot-9","9","14","5"
"The Mill","The Trelton · Plot 4","4","409995","https://www.taylorwimpey.co.uk/new-homes/polegate/the-mill/plot-4","4","14","3"
"The Mill","The Trelton · Plot 6","4","419995","https://www.taylorwimpey.co.uk/new-homes/polegate/the-mill/plot-6","6","14","3"
"The Mill","The Bittesford · Plot 13","4","447500","https://www.taylorwimpey.co.uk/new-homes/polegate/the-mill/plot-13","13","14","2"
"The Mill","The Plumdale · Plot 5","4","449995","https://www.taylorwimpey.co.uk/new-homes/polegate/the-mill/plot-5","5","15","6"
"The Mill","The Rightford · Plot 12","4","498500","https://www.taylorwimpey.co.uk/new-homes/polegate/the-mill/plot-12","12","12","3"
"Friars Oak","The Clayton · Plot 95","2","450000","https://www.taylorwimpey.co.uk/new-homes/hassocks-/friars-oak/plot-95","95","13","4"
"Friars Oak","The Featherstone · Plot 63","3","580000","https://www.taylorwimpey.co.uk/new-homes/hassocks-/friars-oak/plot-63","63","16","2"
"Friars Oak","The Plomer · Plot 97","4","600000","https://www.taylorwimpey.co.uk/new-homes/hassocks-/friars-oak/plot-97","97","15","2"
"Friars Oak","The Wood · Plot 102","4","725000","https://www.taylorwimpey.co.uk/new-homes/hassocks-/friars-oak/plot-102","102","20","4"
"Friars Oak","The Wood · Plot 103","4","725000","https://www.taylorwimpey.co.uk/new-homes/hassocks-/friars-oak/plot-103","103","20","4"
"Friars Oak","The Albion · Plot 101","4","800000","https://www.taylorwimpey.co.uk/new-homes/hassocks-/friars-oak/plot-101","101","13","2"
"Friars Oak","The Adastra · Plot 114","4","820000","https://www.taylorwimpey.co.uk/new-homes/hassocks-/friars-oak/plot-114","114","15","0"
"Friars Oak","The Pearce  · Plot 69","4","835000","https://www.taylorwimpey.co.uk/new-homes/hassocks-/friars-oak/plot-69","69","18","4"
"Friars Oak","The Beacon · Plot 104","4","900000","https://www.taylorwimpey.co.uk/new-homes/hassocks-/friars-oak/plot-104","104","14","3"
"Friars Oak","The Jack · Plot 119","4","950000","https://www.taylorwimpey.co.uk/new-homes/hassocks-/friars-oak/plot-119","119","13","3"
"Sherford","The Gilldale · Plot 715","2","239000","https://www.taylorwimpey.co.uk/new-homes/plymouth/sherford/plot-715","715","10","2"
"Sherford","The Ambleford · Plot 694","2","265000","https://www.taylorwimpey.co.uk/new-homes/plymouth/sherford/plot-694","694","12","2"
"Sherford","The Ambleford · Plot 952","2","268000","https://www.taylorwimpey.co.uk/new-homes/plymouth/sherford/plot-952","952","13","6"
"Sherford","The Ambleford · Plot 691","2","268000","https://www.taylorwimpey.co.uk/new-homes/plymouth/sherford/plot-691","691","13","7"
"Sherford","The Eynsford · Plot 958","3","320000","https://www.taylorwimpey.co.uk/new-homes/plymouth/sherford/plot-958","958","15","9"
"Sherford","The Eynsford · Plot 714","3","320000","https://www.taylorwimpey.co.uk/new-homes/plymouth/sherford/plot-714","714","14","2"
"Sherford","The Eynsford · Plot 963","3","325000","https://www.taylorwimpey.co.uk/new-homes/plymouth/sherford/plot-963","963","13","3"
"Sherford","The Harrton · Plot 706","3","328000","https://www.taylorwimpey.co.uk/new-homes/plymouth/sherford/plot-706","706","15","2"
"Sherford","The Altbury · Plot 689","3","335000","https://www.taylorwimpey.co.uk/new-homes/plymouth/sherford/plot-689","689","15","4"
"Sherford","The Altbury · Plot 700","3","355000","https://www.taylorwimpey.co.uk/new-homes/plymouth/sherford/plot-700","700","13","1"
"Sherford","The Colford · Plot 711","4","380000","https://www.taylorwimpey.co.uk/new-homes/plymouth/sherford/plot-711","711","14","0"
"Sherford","The Henford · Plot 926","4","470000","https://www.taylorwimpey.co.uk/new-homes/plymouth/sherford/plot-926","926","14","3"
"Rose Meadows","The Eynsford · Plot 10","3","685000","https://www.taylorwimpey.co.uk/new-homes/st-albans/rose-meadows/plot-10","10","15","3"
"Rose Meadows","The Harrton · Plot 69","3","700000","https://www.taylorwimpey.co.uk/new-homes/st-albans/rose-meadows/plot-69","69","18","3"
"Rose Meadows","The Harrton · Plot 70","3","700000","https://www.taylorwimpey.co.uk/new-homes/st-albans/rose-meadows/plot-70","70","18","2"
"Rose Meadows","The Downton · Plot 67","4","835000","https://www.taylorwimpey.co.uk/new-homes/st-albans/rose-meadows/plot-67","67","13","3"
"Rose Meadows","The Downton · Plot 68","4","835000","https://www.taylorwimpey.co.uk/new-homes/st-albans/rose-meadows/plot-68","68","14","3"
"Rose Meadows","The Plumdale · Plot 8","4","850000","https://www.taylorwimpey.co.uk/new-homes/st-albans/rose-meadows/plot-8","8","11","1"
"Rose Meadows","The Bittesford · Plot 64","4","865000","https://www.taylorwimpey.co.uk/new-homes/st-albans/rose-meadows/plot-64","64","14","3"
"Rose Meadows","The Dunnerton · Plot 63","5","1075000","https://www.taylorwimpey.co.uk/new-homes/st-albans/rose-meadows/plot-63","63","20","3"
"Union View","The Devonford · Plot 117","2","500000","https://www.taylorwimpey.co.uk/new-homes/hatton/union-view/plot-117","117","8","6"
"Union View","The Standford · Plot 143","4","670000","https://www.taylorwimpey.co.uk/new-homes/hatton/union-view/plot-143","143","14","11"
"Union View","The Standford · Plot 139","4","675000","https://www.taylorwimpey.co.uk/new-homes/hatton/union-view/plot-139","139","14","10"
"Calderwood","The Douglas · Plot 100","4","348000","https://www.taylorwimpey.co.uk/new-homes/east-calder/calderwood/plot-100","100","16","1"
"Calderwood","The Fraser · Plot 99","4","379000","https://www.taylorwimpey.co.uk/new-homes/east-calder/calderwood/plot-99","99","16","0"
"Calderwood","The Geddes · Plot 23","4","389995","https://www.taylorwimpey.co.uk/new-homes/east-calder/calderwood/plot-23","23","15","3"
"Calderwood","The Hume · Plot 47","4","399995","https://www.taylorwimpey.co.uk/new-homes/east-calder/calderwood/plot-47","47","16","3"
"Calderwood","The Maxwell · Plot 15","4","414995","https://www.taylorwimpey.co.uk/new-homes/east-calder/calderwood/plot-15","15","16","3"
"Calderwood","The Maxwell · Plot 22","4","419995","https://www.taylorwimpey.co.uk/new-homes/east-calder/calderwood/plot-22","22","15","12"
"Calderwood","The Stewart · Plot 18","4","419995","https://www.taylorwimpey.co.uk/new-homes/east-calder/calderwood/plot-18","18","16","2"
"Calderwood","The Stewart · Plot 46","4","424995","https://www.taylorwimpey.co.uk/new-homes/east-calder/calderwood/plot-46","46","16","2"
"Coniscliffe Park","The Brambleford · Plot 49","3","240000","https://www.taylorwimpey.co.uk/new-homes/darlington/coniscliffe-park/plot-49","49","13","9"
"Coniscliffe Park","The Brambleford · Plot 48","3","245000","https://www.taylorwimpey.co.uk/new-homes/darlington/coniscliffe-park/plot-48","48","13","9"
"Coniscliffe Park","The Brambleford · Plot 61","3","249000","https://www.taylorwimpey.co.uk/new-homes/darlington/coniscliffe-park/plot-61","61","13","9"
"Coniscliffe Park","The Aynesdale · Plot 23","3","270000","https://www.taylorwimpey.co.uk/new-homes/darlington/coniscliffe-park/plot-23","23","12","0"
"Coniscliffe Park","The Byrneham · Plot 65","3","310000","https://www.taylorwimpey.co.uk/new-homes/darlington/coniscliffe-park/plot-65","65","10","0"
"Coniscliffe Park","The Colford · Plot 41","4","340000","https://www.taylorwimpey.co.uk/new-homes/darlington/coniscliffe-park/plot-41","41","15","5"
"Rivermark","Tramways House D04 · Plot 4","1","399000","https://www.taylorwimpey.co.uk/new-homes/leven-road/rivermark/apartment-4","4","14","8"
"Rivermark","Tramways House D02 · Plot 2","1","425000","https://www.taylorwimpey.co.uk/new-homes/leven-road/rivermark/apartment-2","2","15","8"
"Rivermark","Tramways House D02 · Plot 18","1","450000","https://www.taylorwimpey.co.uk/new-homes/leven-road/rivermark/apartment-18","18","14","8"
"Rivermark","Tramways House D03 · Plot 3","2","499995","https://www.taylorwimpey.co.uk/new-homes/leven-road/rivermark/apartment-3","3","14","7"
"Rivermark","Tramways House D03 · Plot 11","2","525000","https://www.taylorwimpey.co.uk/new-homes/leven-road/rivermark/apartment-11","11","8","4"
"Rivermark","Tramways House D03 · Plot 19","2","535000","https://www.taylorwimpey.co.uk/new-homes/leven-road/rivermark/apartment-19","19","14","7"
"Rivermark","Tramways House D01 · Plot 1","3","685000","https://www.taylorwimpey.co.uk/new-homes/leven-road/rivermark/apartment-1","1","14","8"
"Rivermark","Tramways House D01 · Plot 13","3","700000","https://www.taylorwimpey.co.uk/new-homes/leven-road/rivermark/apartment-13","13","14","7"
"Rivermark","Tramways House D05 · Plot 17","3","710000","https://www.taylorwimpey.co.uk/new-homes/leven-road/rivermark/apartment-17","17","14","8"
"Valiant Fields","The Beaford · Plot 302","2","285000","https://www.taylorwimpey.co.uk/new-homes/upper-lighthorne/valiant-fields/plot-302","302","15","6"
"Valiant Fields","The Beaford · Plot 301","2","290000","https://www.taylorwimpey.co.uk/new-homes/upper-lighthorne/valiant-fields/plot-301","301","15","6"
"Valiant Fields","The Beaford · Plot 305","2","290000","https://www.taylorwimpey.co.uk/new-homes/upper-lighthorne/valiant-fields/plot-305","305","20","16"
"Valiant Fields","The Beaford · Plot 300","2","295000","https://www.taylorwimpey.co.uk/new-homes/upper-lighthorne/valiant-fields/plot-300","300","18","14"
"Valiant Fields","The Keeford · Plot 410","3","350000","https://www.taylorwimpey.co.uk/new-homes/upper-lighthorne/valiant-fields/plot-410","410","12","6"
"Valiant Fields","The Eynsford · Plot 331","3","350000","https://www.taylorwimpey.co.uk/new-homes/upper-lighthorne/valiant-fields/plot-331","331","17","12"
"Valiant Fields","The Harrton · Plot 385","3","360000","https://www.taylorwimpey.co.uk/new-homes/upper-lighthorne/valiant-fields/plot-385","385","21","8"
"Valiant Fields","The Aynesdale · Plot 318","3","385000","https://www.taylorwimpey.co.uk/new-homes/upper-lighthorne/valiant-fields/plot-318","318","14","1"
"Valiant Fields","The Aynesdale · Plot 338","3","385000","https://www.taylorwimpey.co.uk/new-homes/upper-lighthorne/valiant-fields/plot-338","338","14","1"
"Valiant Fields","The Tewksdale · Plot 333","4","445000","https://www.taylorwimpey.co.uk/new-homes/upper-lighthorne/valiant-fields/plot-333","333","17","1"
"Valiant Fields","The Rightford · Plot 332","4","485000","https://www.taylorwimpey.co.uk/new-homes/upper-lighthorne/valiant-fields/plot-332","332","24","21"
"Dukes Quarter","The Trelton · Plot 518","4","425000","https://www.taylorwimpey.co.uk/new-homes/bordon/dukes-quarter/plot-518","518","18","3"
"Dukes Quarter","The Trelton · Plot 508","4","450000","https://www.taylorwimpey.co.uk/new-homes/bordon/dukes-quarter/plot-508","508","18","3"
"Dukes Quarter","The Trelton · Plot 514","4","460000","https://www.taylorwimpey.co.uk/new-homes/bordon/dukes-quarter/plot-514","514","15","4"
"Dukes Quarter","The Trelton · Plot 522","4","470000","https://www.taylorwimpey.co.uk/new-homes/bordon/dukes-quarter/plot-522","522","15","4"
"Westvale Park","Falcon Court · Plot 2","1","224950","https://www.taylorwimpey.co.uk/new-homes/horley/westvale-park/plot-2","2","11","4"
"Westvale Park","Falcon Court · Plot 1","1","229950","https://www.taylorwimpey.co.uk/new-homes/horley/westvale-park/plot-1","1","10","3"
"Westvale Park","Falcon Court · Plot 5","1","248950","https://www.taylorwimpey.co.uk/new-homes/horley/westvale-park/plot-5","5","11","3"
"Westvale Park","Falcon Court · Plot 8","2","289950","https://www.taylorwimpey.co.uk/new-homes/horley/westvale-park/plot-8","8","15","5"
"Westvale Park","Falcon Court · Plot 7","2","295000","https://www.taylorwimpey.co.uk/new-homes/horley/westvale-park/plot-7","7","15","5"
"Westvale Park","Falcon Court · Plot 18","2","295000","https://www.taylorwimpey.co.uk/new-homes/horley/westvale-park/plot-18","18","15","5"
"Westvale Park","Falcon Court · Plot 14","2","299950","https://www.taylorwimpey.co.uk/new-homes/horley/westvale-park/plot-14","14","13","4"
"Westvale Park","Falcon Court · Plot 17","2","324950","https://www.taylorwimpey.co.uk/new-homes/horley/westvale-park/plot-17","17","13","3"
"Westvale Park","Falcon Court · Plot 6","2","324950","https://www.taylorwimpey.co.uk/new-homes/horley/westvale-park/plot-6","6","13","4"
"Wisley Acres","The Beaford · Plot 158","2","475000","https://www.taylorwimpey.co.uk/new-homes/ockham/wisley-acres/plot-158","158","13","3"
"Wisley Acres","The Mapleford · Plot 27","2","485000","https://www.taylorwimpey.co.uk/new-homes/ockham/wisley-acres/plot-27","27","11","2"
"Wisley Acres","The Eynsford · Plot 159","3","540000","https://www.taylorwimpey.co.uk/new-homes/ockham/wisley-acres/plot-159","159","15","7"
"Wisley Acres","The Keeford · Plot 14","3","550000","https://www.taylorwimpey.co.uk/new-homes/ockham/wisley-acres/plot-14","14","15","11"
"Wisley Acres","The Eynsford · Plot 176","3","557500","https://www.taylorwimpey.co.uk/new-homes/ockham/wisley-acres/plot-176","176","15","7"
"Wisley Acres","The Carrdale · Plot 182","3","560000","https://www.taylorwimpey.co.uk/new-homes/ockham/wisley-acres/plot-182","182","16","3"
"Wisley Acres","The Aynesdale · Plot 13","3","565000","https://www.taylorwimpey.co.uk/new-homes/ockham/wisley-acres/plot-13","13","16","2"
"Wisley Acres","The Carrdale · Plot 183","3","577500","https://www.taylorwimpey.co.uk/new-homes/ockham/wisley-acres/plot-183","183","16","3"
"Wisley Acres","The Carrdale · Plot 32","3","587500","https://www.taylorwimpey.co.uk/new-homes/ockham/wisley-acres/plot-32","32","16","3"
"Wisley Acres","The Densdale · Plot 181","3","599995","https://www.taylorwimpey.co.uk/new-homes/ockham/wisley-acres/plot-181","181","17","2"
"Wisley Acres","The Aynesdale · Plot 173","3","609995","https://www.taylorwimpey.co.uk/new-homes/ockham/wisley-acres/plot-173","173","14","5"
"Wisley Acres","The Keeford · Plot 156","3","610000","https://www.taylorwimpey.co.uk/new-homes/ockham/wisley-acres/plot-156","156","14","6"
"Wisley Acres","The Densdale · Plot 175","3","631500","https://www.taylorwimpey.co.uk/new-homes/ockham/wisley-acres/plot-175","175","17","2"
"Wisley Acres","The Meadowford · Plot 21","4","775000","https://www.taylorwimpey.co.uk/new-homes/ockham/wisley-acres/plot-21","21","18","4"
"Ockley Park","The Plumdale · Plot 132","4","565000","https://www.taylorwimpey.co.uk/new-homes/hassocks/ockley-park/plot-132","132","14","3"
"Ockley Park","The Wayford · Plot 136","5","840000","https://www.taylorwimpey.co.uk/new-homes/hassocks/ockley-park/plot-136","136","19","7"
"Swingate Park","The Mapleford · Plot 298","2","315000","https://www.taylorwimpey.co.uk/new-homes/hailsham/swingate-park/plot-298","298","13","0"
"Swingate Park","The Eynsford · Plot 303","3","350000","https://www.taylorwimpey.co.uk/new-homes/hailsham/swingate-park/plot-303","303","14","3"
"Swingate Park","The Eynsford · Plot 312","3","350000","https://www.taylorwimpey.co.uk/new-homes/hailsham/swingate-park/plot-312","312","15","4"
"Swingate Park","The Harrton · Plot 320","3","375000","https://www.taylorwimpey.co.uk/new-homes/hailsham/swingate-park/plot-320","320","14","3"
"Swingate Park","The Colford · Plot 282","4","430000","https://www.taylorwimpey.co.uk/new-homes/hailsham/swingate-park/plot-282","282","14","9"
"Swingate Park","The Tewksdale · Plot 289","4","440000","https://www.taylorwimpey.co.uk/new-homes/hailsham/swingate-park/plot-289","289","16","1"
"Swingate Park","The Rightford · Plot 350","4","500000","https://www.taylorwimpey.co.uk/new-homes/hailsham/swingate-park/plot-350","350","14","1"
"Swingate Park","The Shilford · Plot 351","4","515000","https://www.taylorwimpey.co.uk/new-homes/hailsham/swingate-park/plot-351","351","14","1"
"King Georges Gate","Studio Suite at Valence View · Plot 203","1","345000","https://www.taylorwimpey.co.uk/new-homes/earlsfield/king-georges-gate/plot-203","203","11","3"
"King Georges Gate","Valence View · Plot 194","1","399000","https://www.taylorwimpey.co.uk/new-homes/earlsfield/king-georges-gate/plot-194","194","10","4"
"King Georges Gate","Valence View · Plot 213","1","425000","https://www.taylorwimpey.co.uk/new-homes/earlsfield/king-georges-gate/plot-213","213","15","9"
"King Georges Gate","Valence View · Plot 219","1","427500","https://www.taylorwimpey.co.uk/new-homes/earlsfield/king-georges-gate/plot-219","219","11","5"
"King Georges Gate","Valence View · Plot 216","1","430000","https://www.taylorwimpey.co.uk/new-homes/earlsfield/king-georges-gate/plot-216","216","12","6"
"King Georges Gate","Valence View · Plot 246","1","442500","https://www.taylorwimpey.co.uk/new-homes/earlsfield/king-georges-gate/plot-246","246","12","5"
"King Georges Gate","Ondine House · Plot 143","2","645000","https://www.taylorwimpey.co.uk/new-homes/earlsfield/king-georges-gate/plot-143","143","14","6"
"King Georges Gate","Ondine House · Plot 144","2","650000","https://www.taylorwimpey.co.uk/new-homes/earlsfield/king-georges-gate/plot-144","144","15","6"
"King Georges Gate","Ondine House · Plot 139","2","695000","https://www.taylorwimpey.co.uk/new-homes/earlsfield/king-georges-gate/plot-139","139","16","0"
"King Georges Gate","Ondine House · Plot 147","3","729000","https://www.taylorwimpey.co.uk/new-homes/earlsfield/king-georges-gate/plot-147","147","15","6"
"Tournament Park","The Avon · Plot 40","2","320000","https://www.taylorwimpey.co.uk/new-homes/warwick/tournament-park/plot-40","40","13","2"
"Tournament Park","The Avon · Plot 41","2","320000","https://www.taylorwimpey.co.uk/new-homes/warwick/tournament-park/plot-41","41","13","2"
"Tournament Park","The Warwick · Plot 33","3","395000","https://www.taylorwimpey.co.uk/new-homes/warwick/tournament-park/plot-33","33","16","9"
"Tournament Park","The Willow · Plot 9","3","425000","https://www.taylorwimpey.co.uk/new-homes/warwick/tournament-park/plot-9","9","19","6"
"Tournament Park","The Willow · Plot 38","3","425000","https://www.taylorwimpey.co.uk/new-homes/warwick/tournament-park/plot-38","38","18","9"
"Tournament Park","The Willow · Plot 45","3","425000","https://www.taylorwimpey.co.uk/new-homes/warwick/tournament-park/plot-45","45","18","9"
"Tournament Park","The Tourney · Plot 4","3","460000","https://www.taylorwimpey.co.uk/new-homes/warwick/tournament-park/plot-4","4","19","7"
"Tournament Park","The Regency · Plot 34","4","490000","https://www.taylorwimpey.co.uk/new-homes/warwick/tournament-park/plot-34","34","19","12"
"Tournament Park","The Regency · Plot 61","4","500000","https://www.taylorwimpey.co.uk/new-homes/warwick/tournament-park/plot-61","61","20","12"
"Meadow Rise","The Beaford · Plot 11","2","320000","https://www.taylorwimpey.co.uk/new-homes/redditch/meadow-rise/plot-11","11","19","14"
"Meadow Rise","The Ambleford · Plot 9","3","332500","https://www.taylorwimpey.co.uk/new-homes/redditch/meadow-rise/plot-9","9","12","9"
"Meadow Rise","The Ambleford · Plot 10","3","332500","https://www.taylorwimpey.co.uk/new-homes/redditch/meadow-rise/plot-10","10","19","9"
"Meadow Rise","The Henford · Plot 8","4","475000","https://www.taylorwimpey.co.uk/new-homes/redditch/meadow-rise/plot-8","8","20","9"
"Meadow Rise","The Rightford · Plot 6","4","490000","https://www.taylorwimpey.co.uk/new-homes/redditch/meadow-rise/plot-6","6","24","21"
"Meadow Rise","The Rightford · Plot 7","4","495000","https://www.taylorwimpey.co.uk/new-homes/redditch/meadow-rise/plot-7","7","24","21"
"Meadow Rise","The Kitham · Plot 5","4","500000","https://www.taylorwimpey.co.uk/new-homes/redditch/meadow-rise/plot-5","5","20","9"
"Meadow Rise","The Raynford · Plot 1","4","550000","https://www.taylorwimpey.co.uk/new-homes/redditch/meadow-rise/plot-1","1","17","7"
"Church Rise","The Beaford · Plot 18","2","320000","https://www.taylorwimpey.co.uk/new-homes/redditch/church-rise/plot-18","18","18","14"
"Church Rise","The Brambleford · Plot 1","3","368000","https://www.taylorwimpey.co.uk/new-homes/redditch/church-rise/plot-1","1","13","2"
"Church Rise","The Brambleford · Plot 2","3","370000","https://www.taylorwimpey.co.uk/new-homes/redditch/church-rise/plot-2","2","13","2"
"Church Rise","The Tetford · Plot 6","3","410000","https://www.taylorwimpey.co.uk/new-homes/redditch/church-rise/plot-6","6","18","6"
"Church Rise","The Tetford · Plot 5","3","415000","https://www.taylorwimpey.co.uk/new-homes/redditch/church-rise/plot-5","5","18","6"
"Church Rise","The Owlton · Plot 9","3","425000","https://www.taylorwimpey.co.uk/new-homes/redditch/church-rise/plot-9","9","17","8"
"Church Rise","The Aynesdale · Plot 11","3","430000","https://www.taylorwimpey.co.uk/new-homes/redditch/church-rise/plot-11","11","15","2"
"Church Rise","The Colford · Plot 3","4","480000","https://www.taylorwimpey.co.uk/new-homes/redditch/church-rise/plot-3","3","18","10"
"Church Rise","The Colford · Plot 4","4","480000","https://www.taylorwimpey.co.uk/new-homes/redditch/church-rise/plot-4","4","18","10"
"Bramcote Grange","The Beauford · Plot 107","2","255000","https://www.taylorwimpey.co.uk/new-homes/nuneaton/bramcote-grange/plot-107","107","12","1"
"Bramcote Grange","The Beauford · Plot 105","2","257500","https://www.taylorwimpey.co.uk/new-homes/nuneaton/bramcote-grange/plot-105","105","12","1"
"Bramcote Grange","The Beauford · Plot 108","2","260000","https://www.taylorwimpey.co.uk/new-homes/nuneaton/bramcote-grange/plot-108","108","12","1"
"Bramcote Grange","The Benford · Plot 142","3","278000","https://www.taylorwimpey.co.uk/new-homes/nuneaton/bramcote-grange/plot-142","142","13","4"
"Bramcote Grange","The Benford · Plot 143","3","278000","https://www.taylorwimpey.co.uk/new-homes/nuneaton/bramcote-grange/plot-143","143","13","4"
"Bramcote Grange","The Benford · Plot 29","3","278000","https://www.taylorwimpey.co.uk/new-homes/nuneaton/bramcote-grange/plot-29","29","13","4"
"Bramcote Grange","The Byford · Plot 138","3","300000","https://www.taylorwimpey.co.uk/new-homes/nuneaton/bramcote-grange/plot-138","138","17","9"
"Bramcote Grange","The Byford · Plot 144","3","300000","https://www.taylorwimpey.co.uk/new-homes/nuneaton/bramcote-grange/plot-144","144","17","9"
"Bramcote Grange","The Kingdale · Plot 36","3","320000","https://www.taylorwimpey.co.uk/new-homes/nuneaton/bramcote-grange/plot-36","36","13","1"
"Bramcote Grange","The Kingdale · Plot 22","3","330000","https://www.taylorwimpey.co.uk/new-homes/nuneaton/bramcote-grange/plot-22","22","13","1"
"Bramcote Grange","The Huxford · Plot 104","4","355000","https://www.taylorwimpey.co.uk/new-homes/nuneaton/bramcote-grange/plot-104","104","12","3"
"Bramcote Grange","The Trusdale · Plot 203","4","365000","https://www.taylorwimpey.co.uk/new-homes/nuneaton/bramcote-grange/plot-203","203","20","11"
"Bramcote Grange","The Trusdale · Plot 52","4","375000","https://www.taylorwimpey.co.uk/new-homes/nuneaton/bramcote-grange/plot-52","52","12","0"
"Bramcote Grange","The Lanford · Plot 220","4","395000","https://www.taylorwimpey.co.uk/new-homes/nuneaton/bramcote-grange/plot-220","220","11","9"
"Bramcote Grange","The Ransford · Plot 205","4","485000","https://www.taylorwimpey.co.uk/new-homes/nuneaton/bramcote-grange/plot-205","205","13","11"
"Bramcote Grange","The Ransford · Plot 211","4","485000","https://www.taylorwimpey.co.uk/new-homes/nuneaton/bramcote-grange/plot-211","211","13","11"
"Bramcote Grange","The Ransford · Plot 225","4","485000","https://www.taylorwimpey.co.uk/new-homes/nuneaton/bramcote-grange/plot-225","225","13","11"
"The Asps","The Byford · Plot 77","3","415000","https://www.taylorwimpey.co.uk/new-homes/warwick/the-asps/plot-77","77","14","7"
"The Asps","The Ardale · Plot 97","3","435000","https://www.taylorwimpey.co.uk/new-homes/warwick/the-asps/plot-97","97","12","0"
"The Asps","The Ardale · Plot 78","3","460000","https://www.taylorwimpey.co.uk/new-homes/warwick/the-asps/plot-78","78","12","0"
"The Asps","The Dunham · Plot 86","4","565000","https://www.taylorwimpey.co.uk/new-homes/warwick/the-asps/plot-86","86","12","10"
"The Asps","The Dunham · Plot 84","4","565000","https://www.taylorwimpey.co.uk/new-homes/warwick/the-asps/plot-84","84","12","10"
"The Asps","The Standford · Plot 82","4","700000","https://www.taylorwimpey.co.uk/new-homes/warwick/the-asps/plot-82","82","14","11"
"The Asps","The Wayford · Plot 67","5","750000","https://www.taylorwimpey.co.uk/new-homes/warwick/the-asps/plot-67","67","16","8"
"The Asps","The Wayford · Plot 83","5","765000","https://www.taylorwimpey.co.uk/new-homes/warwick/the-asps/plot-83","83","15","8"
"St Augustines Place","The Beaford · Plot 301","2","278500","https://www.taylorwimpey.co.uk/new-homes/herne-bay/st-augustines-place/plot-301","301","13","3"
"St Augustines Place","The Beaford · Plot 299","2","284500","https://www.taylorwimpey.co.uk/new-homes/herne-bay/st-augustines-place/plot-299","299","13","3"
"St Augustines Place","The Eynsford · Plot 303","3","319500","https://www.taylorwimpey.co.uk/new-homes/herne-bay/st-augustines-place/plot-303","303","13","8"
"St Augustines Place","The Harrton · Plot 325","3","332500","https://www.taylorwimpey.co.uk/new-homes/herne-bay/st-augustines-place/plot-325","325","16","3"
"St Augustines Place","The Tetford · Plot 218","3","334500","https://www.taylorwimpey.co.uk/new-homes/herne-bay/st-augustines-place/plot-218","218","13","4"
"St Augustines Place","The Densdale · Plot 326","3","362500","https://www.taylorwimpey.co.uk/new-homes/herne-bay/st-augustines-place/plot-326","326","11","0"
"St Augustines Place","The Keeford · Plot 292","3","382500","https://www.taylorwimpey.co.uk/new-homes/herne-bay/st-augustines-place/plot-292","292","17","4"
"St Augustines Place","The Aynesdale · Plot 291","3","386500","https://www.taylorwimpey.co.uk/new-homes/herne-bay/st-augustines-place/plot-291","291","13","5"
"St Augustines Place","The Trelton · Plot 222","4","394995","https://www.taylorwimpey.co.uk/new-homes/herne-bay/st-augustines-place/plot-222","222","15","3"
"St Augustines Place","The Manford · Plot 4","4","455000","https://www.taylorwimpey.co.uk/new-homes/herne-bay/st-augustines-place/plot-4","4","12","3"
"Ufton Court","The Beaford · Plot 12","2","348500","https://www.taylorwimpey.co.uk/new-homes/sittingbourne/ufton-court/plot-12","12","13","4"
"Ufton Court","The Keeford · Plot 10","3","389995","https://www.taylorwimpey.co.uk/new-homes/sittingbourne/ufton-court/plot-10","10","14","6"
"Ufton Court","The Harrton · Plot 35","3","404500","https://www.taylorwimpey.co.uk/new-homes/sittingbourne/ufton-court/plot-35","35","15","2"
"Ufton Court","The Aynesdale · Plot 50","3","442500","https://www.taylorwimpey.co.uk/new-homes/sittingbourne/ufton-court/plot-50","50","14","5"
"Ufton Court","The Carrdale · Plot 51","3","445000","https://www.taylorwimpey.co.uk/new-homes/sittingbourne/ufton-court/plot-51","51","15","12"
"Ufton Court","The Tetford · Plot 36","3","459995","https://www.taylorwimpey.co.uk/new-homes/sittingbourne/ufton-court/plot-36","36","11","3"
"Ufton Court","The Densdale · Plot 54","3","465500","https://www.taylorwimpey.co.uk/new-homes/sittingbourne/ufton-court/plot-54","54","11","0"
"Ufton Court","The Trelton · Plot 139","4","472995","https://www.taylorwimpey.co.uk/new-homes/sittingbourne/ufton-court/plot-139","139","16","3"
"Ufton Court","The Bittesford · Plot 19","4","474995","https://www.taylorwimpey.co.uk/new-homes/sittingbourne/ufton-court/plot-19","19","14","2"
"Ufton Court","The Plumdale · Plot 18","4","525000","https://www.taylorwimpey.co.uk/new-homes/sittingbourne/ufton-court/plot-18","18","14","4"
"Ufton Court","The Wansdale · Plot 53","4","574995","https://www.taylorwimpey.co.uk/new-homes/sittingbourne/ufton-court/plot-53","53","15","0"
"Sondes Meadows","The Brockham · Plot 5","2","625000","https://www.taylorwimpey.co.uk/new-homes/dorking/sondes-meadows/plot-5","5","11","6"
"Sondes Meadows","The Brockham · Plot 8","2","635000","https://www.taylorwimpey.co.uk/new-homes/dorking/sondes-meadows/plot-8","8","12","7"
"Sondes Meadows","The Owlton · Plot 106","3","675000","https://www.taylorwimpey.co.uk/new-homes/dorking/sondes-meadows/plot-106","106","19","5"
"Sondes Meadows","The Ranmore · Plot 143","3","785000","https://www.taylorwimpey.co.uk/new-homes/dorking/sondes-meadows/plot-143","143","15","2"
"Sondes Meadows","The Tyrell · Plot 109","3","790000","https://www.taylorwimpey.co.uk/new-homes/dorking/sondes-meadows/plot-109","109","14","5"
"Sondes Meadows","The Westcott · Plot 6","3","850000","https://www.taylorwimpey.co.uk/new-homes/dorking/sondes-meadows/plot-6","6","15","9"
"Sondes Meadows","The Fentdale · Plot 110","4","899000","https://www.taylorwimpey.co.uk/new-homes/dorking/sondes-meadows/plot-110","110","16","6"
"Sondes Meadows","The Warkford · Plot 131","4","950000","https://www.taylorwimpey.co.uk/new-homes/dorking/sondes-meadows/plot-131","131","15","4"
"Sondes Meadows","The Thirlford · Plot 144","5","1125000","https://www.taylorwimpey.co.uk/new-homes/dorking/sondes-meadows/plot-144","144","18","4"
"Knights Reach","The Beaford · Plot 432","2","399995","https://www.taylorwimpey.co.uk/new-homes/dartford/knights-reach/plot-432","432","13","4"
"Knights Reach","The Harrton · Plot 439","3","449995","https://www.taylorwimpey.co.uk/new-homes/dartford/knights-reach/plot-439","439","15","3"
"Knights Reach","The Harrton · Plot 447","3","469995","https://www.taylorwimpey.co.uk/new-homes/dartford/knights-reach/plot-447","447","16","4"
"Knights Reach","The Harrton · Plot 429","3","480000","https://www.taylorwimpey.co.uk/new-homes/dartford/knights-reach/plot-429","429","15","3"
"Knights Reach","The Aynesdale · Plot 336","3","512995","https://www.taylorwimpey.co.uk/new-homes/dartford/knights-reach/plot-336","336","14","5"
"Knights Reach","The Huxford · Plot 383","4","539995","https://www.taylorwimpey.co.uk/new-homes/dartford/knights-reach/plot-383","383","15","6"
"Knights Reach","The Colford · Plot 419","4","579995","https://www.taylorwimpey.co.uk/new-homes/dartford/knights-reach/plot-419","419","14","1"
"Knights Reach","The Plumdale · Plot 392","4","604500","https://www.taylorwimpey.co.uk/new-homes/dartford/knights-reach/plot-392","392","13","3"
"Clayridge Park at Barton Grange","The Eynsford · Plot 84","3","450000","https://www.taylorwimpey.co.uk/new-homes/barton-le-clay/clayridge-park-at-barton-grange/plot-84","84","14","3"
"Clayridge Park at Barton Grange","Bungalow · Plot 15","3","500000","https://www.taylorwimpey.co.uk/new-homes/barton-le-clay/clayridge-park-at-barton-grange/plot-15","15","7","2"
"Clayridge Park at Barton Grange","The Harrton · Plot 81","3","500000","https://www.taylorwimpey.co.uk/new-homes/barton-le-clay/clayridge-park-at-barton-grange/plot-81","81","18","5"
"Clayridge Park at Barton Grange","Bungalow · Plot 14","3","510000","https://www.taylorwimpey.co.uk/new-homes/barton-le-clay/clayridge-park-at-barton-grange/plot-14","14","7","2"
"Clayridge Park at Barton Grange","The Warkford · Plot 20","4","630000","https://www.taylorwimpey.co.uk/new-homes/barton-le-clay/clayridge-park-at-barton-grange/plot-20","20","17","1"
"Clayridge Park at Barton Grange","The Aireton · Plot 18","5","700000","https://www.taylorwimpey.co.uk/new-homes/barton-le-clay/clayridge-park-at-barton-grange/plot-18","18","18","4"
"Clayridge Park at Barton Grange","The Raynford · Plot 85","4","715000","https://www.taylorwimpey.co.uk/new-homes/barton-le-clay/clayridge-park-at-barton-grange/plot-85","85","19","4"
"Clayridge Park at Barton Grange","The Thirlford · Plot 17","5","775000","https://www.taylorwimpey.co.uk/new-homes/barton-le-clay/clayridge-park-at-barton-grange/plot-17","17","18","3"
"Clayridge Park at Barton Grange","The Wadeford · Plot 19","5","820000","https://www.taylorwimpey.co.uk/new-homes/barton-le-clay/clayridge-park-at-barton-grange/plot-19","19","19","4"
"St Mary View","The Byford · Plot 29","3","330000","https://www.taylorwimpey.co.uk/new-homes/collaton-st-mary/st-mary-view/plot-29","29","14","0"
"St Mary View","The Byford · Plot 54","3","340000","https://www.taylorwimpey.co.uk/new-homes/collaton-st-mary/st-mary-view/plot-54","54","13","3"
"St Mary View","The Byford · Plot 55","3","345000","https://www.taylorwimpey.co.uk/new-homes/collaton-st-mary/st-mary-view/plot-55","55","13","1"
"St Mary View","The Manford · Plot 56","4","460000","https://www.taylorwimpey.co.uk/new-homes/collaton-st-mary/st-mary-view/plot-56","56","14","4"
"St Mary View","The Marford · Plot 25","4","475000","https://www.taylorwimpey.co.uk/new-homes/collaton-st-mary/st-mary-view/plot-25","25","14","1"
"St Mary View","The Marford · Plot 24","4","475000","https://www.taylorwimpey.co.uk/new-homes/collaton-st-mary/st-mary-view/plot-24","24","14","2"
"St Mary View","The Marford · Plot 26","4","480000","https://www.taylorwimpey.co.uk/new-homes/collaton-st-mary/st-mary-view/plot-26","26","15","1"
"St Mary View","The Garrton · Plot 20","5","550000","https://www.taylorwimpey.co.uk/new-homes/collaton-st-mary/st-mary-view/plot-20","20","19","5"
"St Mary View","The Garrton · Plot 59","5","575000","https://www.taylorwimpey.co.uk/new-homes/collaton-st-mary/st-mary-view/plot-59","59","18","4"
"St Mary View","The Wayford · Plot 53","5","610000","https://www.taylorwimpey.co.uk/new-homes/collaton-st-mary/st-mary-view/plot-53","53","18","11"
"Centurion Rise","The Gilldale · Plot 132","2","255000","https://www.taylorwimpey.co.uk/new-homes/crewkerne/centurion-rise/plot-132","132","11","1"
"Centurion Rise","The Avonsford · Plot 128","2","260000","https://www.taylorwimpey.co.uk/new-homes/crewkerne/centurion-rise/plot-128","128","14","5"
"Centurion Rise","The Avonsford · Plot 130","2","260000","https://www.taylorwimpey.co.uk/new-homes/crewkerne/centurion-rise/plot-130","130","11","5"
"Centurion Rise","The Eynsford · Plot 121","3","285000","https://www.taylorwimpey.co.uk/new-homes/crewkerne/centurion-rise/plot-121","121","14","3"
"Centurion Rise","The Eynsford · Plot 122","3","285000","https://www.taylorwimpey.co.uk/new-homes/crewkerne/centurion-rise/plot-122","122","14","3"
"Centurion Rise","The Eynsford · Plot 135","3","287000","https://www.taylorwimpey.co.uk/new-homes/crewkerne/centurion-rise/plot-135","135","15","5"
"Centurion Rise","The Aynesdale · Plot 133","3","320000","https://www.taylorwimpey.co.uk/new-homes/crewkerne/centurion-rise/plot-133","133","13","0"
"Centurion Rise","The Colford · Plot 120","4","397000","https://www.taylorwimpey.co.uk/new-homes/crewkerne/centurion-rise/plot-120","120","14","1"
"Cranbrook","The Beaford · Plot 81","2","265000","https://www.taylorwimpey.co.uk/new-homes/exeter/cranbrook/plot-81","81","11","1"
"Cranbrook","The Beaford · Plot 68","2","270000","https://www.taylorwimpey.co.uk/new-homes/exeter/cranbrook/plot-68","68","11","1"
"Cranbrook","The Beaford · Plot 71","2","270000","https://www.taylorwimpey.co.uk/new-homes/exeter/cranbrook/plot-71","71","11","1"
"Cranbrook","The Aynesdale · Plot 85","3","348000","https://www.taylorwimpey.co.uk/new-homes/exeter/cranbrook/plot-85","85","13","0"
"Cranbrook","The Harrton · Plot 118","3","350000","https://www.taylorwimpey.co.uk/new-homes/exeter/cranbrook/plot-118","118","14","2"
"Cranbrook","The Harrton · Plot 120","3","350000","https://www.taylorwimpey.co.uk/new-homes/exeter/cranbrook/plot-120","120","16","3"
"Cranbrook","The Densdale · Plot 123","3","385000","https://www.taylorwimpey.co.uk/new-homes/exeter/cranbrook/plot-123","123","15","1"
"Cranbrook","The Densdale · Plot 124","3","399000","https://www.taylorwimpey.co.uk/new-homes/exeter/cranbrook/plot-124","124","16","2"
"Cranbrook","The Plumdale · Plot 125","4","449000","https://www.taylorwimpey.co.uk/new-homes/exeter/cranbrook/plot-125","125","14","5"
"Brook Vale","The Benford · Plot 143","3","280000","https://www.taylorwimpey.co.uk/new-homes/dawlish/brook-vale/plot-143","143","12","1"
"Brook Vale","The Benford · Plot 146","3","280000","https://www.taylorwimpey.co.uk/new-homes/dawlish/brook-vale/plot-146","146","10","0"
"Brook Vale","The Benford · Plot 34","3","295000","https://www.taylorwimpey.co.uk/new-homes/dawlish/brook-vale/plot-34","34","10","5"
"Brook Vale","The Byford · Plot 79","3","320000","https://www.taylorwimpey.co.uk/new-homes/dawlish/brook-vale/plot-79","79","11","0"
"Brook Vale","The Byford · Plot 82","3","325000","https://www.taylorwimpey.co.uk/new-homes/dawlish/brook-vale/plot-82","82","10","2"
"Brook Vale","The Byford · Plot 83","3","325000","https://www.taylorwimpey.co.uk/new-homes/dawlish/brook-vale/plot-83","83","11","1"
"Brook Vale","The Byford · Plot 102","3","325000","https://www.taylorwimpey.co.uk/new-homes/dawlish/brook-vale/plot-102","102","12","1"
"Brook Vale","The Huxford · Plot 99","4","385000","https://www.taylorwimpey.co.uk/new-homes/dawlish/brook-vale/plot-99","99","18","1"
"Brook Vale","The Huxford · Plot 76","4","390000","https://www.taylorwimpey.co.uk/new-homes/dawlish/brook-vale/plot-76","76","15","1"
"Brook Vale","The Trusdale · Plot 77","4","395000","https://www.taylorwimpey.co.uk/new-homes/dawlish/brook-vale/plot-77","77","14","3"
"Fortibus Fields at Apsham Grange","The Eynsford · Plot 75","3","420000","https://www.taylorwimpey.co.uk/new-homes/topsham/fortibus-fields-at-apsham-grange/plot-75","75","14","3"
"Fortibus Fields at Apsham Grange","The Colford · Plot 80","4","565000","https://www.taylorwimpey.co.uk/new-homes/topsham/fortibus-fields-at-apsham-grange/plot-80","80","14","0"
"Fortibus Fields at Apsham Grange","The Trusdale · Plot 18","4","590000","https://www.taylorwimpey.co.uk/new-homes/topsham/fortibus-fields-at-apsham-grange/plot-18","18","14","2"
"Fortibus Fields at Apsham Grange","The Wansdale · Plot 93","4","680000","https://www.taylorwimpey.co.uk/new-homes/topsham/fortibus-fields-at-apsham-grange/plot-93","93","14","0"
"Fortibus Fields at Apsham Grange","The Warkford · Plot 94","4","680000","https://www.taylorwimpey.co.uk/new-homes/topsham/fortibus-fields-at-apsham-grange/plot-94","94","16","8"
"Fortibus Fields at Apsham Grange","The Patterham · Plot 5","5","815000","https://www.taylorwimpey.co.uk/new-homes/topsham/fortibus-fields-at-apsham-grange/plot-5","5","18","10"
"Fortibus Fields at Apsham Grange","The Patterham · Plot 4","5","830000","https://www.taylorwimpey.co.uk/new-homes/topsham/fortibus-fields-at-apsham-grange/plot-4","4","18","10"
"Fortibus Fields at Apsham Grange","The Thirlford · Plot 90","5","840000","https://www.taylorwimpey.co.uk/new-homes/topsham/fortibus-fields-at-apsham-grange/plot-90","90","13","6"
"Fortibus Fields at Apsham Grange","The Patterham · Plot 92","5","840000","https://www.taylorwimpey.co.uk/new-homes/topsham/fortibus-fields-at-apsham-grange/plot-92","92","14","9"
"Woven Oaks","The Avonsford · Plot 59","2","250000","https://www.taylorwimpey.co.uk/new-homes/kidderminster/woven-oaks/plot-59","59","11","2"
"Woven Oaks","The Avonsford · Plot 52","2","255000","https://www.taylorwimpey.co.uk/new-homes/kidderminster/woven-oaks/plot-52","52","11","2"
"Woven Oaks","The Harrton · Plot 57","3","340000","https://www.taylorwimpey.co.uk/new-homes/kidderminster/woven-oaks/plot-57","57","20","8"
"Woven Oaks","The Harrton · Plot 56","3","340000","https://www.taylorwimpey.co.uk/new-homes/kidderminster/woven-oaks/plot-56","56","20","8"
"Woven Oaks","The Eynsford · Plot 8","3","350000","https://www.taylorwimpey.co.uk/new-homes/kidderminster/woven-oaks/plot-8","8","14","2"
"Woven Oaks","The Aynesdale · Plot 24","3","365000","https://www.taylorwimpey.co.uk/new-homes/kidderminster/woven-oaks/plot-24","24","14","0"
"Woven Oaks","The Ayleford · Plot 27","3","399995","https://www.taylorwimpey.co.uk/new-homes/kidderminster/woven-oaks/plot-27","27","14","8"
"Woven Oaks","The Plumdale · Plot 48","4","419995","https://www.taylorwimpey.co.uk/new-homes/kidderminster/woven-oaks/plot-48","48","16","7"
"Woven Oaks","The Plumdale · Plot 25","4","425000","https://www.taylorwimpey.co.uk/new-homes/kidderminster/woven-oaks/plot-25","25","16","7"
"Woven Oaks","The Plumdale · Plot 28","4","425000","https://www.taylorwimpey.co.uk/new-homes/kidderminster/woven-oaks/plot-28","28","16","7"
"Woven Oaks","The Hubham · Plot 26","4","465000","https://www.taylorwimpey.co.uk/new-homes/kidderminster/woven-oaks/plot-26","26","14","1"
"Waterside Gardens","The Brambleford · Plot 229","3","310000","https://www.taylorwimpey.co.uk/new-homes/coventry/waterside-gardens/plot-229","229","16","11"
"Waterside Gardens","The Keeford · Plot 220","3","325000","https://www.taylorwimpey.co.uk/new-homes/coventry/waterside-gardens/plot-220","220","16","6"
"Waterside Gardens","The Keeford · Plot 221","3","325000","https://www.taylorwimpey.co.uk/new-homes/coventry/waterside-gardens/plot-221","221","16","8"
"Waterside Gardens","The Owlton · Plot 223","3","335000","https://www.taylorwimpey.co.uk/new-homes/coventry/waterside-gardens/plot-223","223","19","4"
"Waterside Gardens","The Owlton · Plot 227","3","345000","https://www.taylorwimpey.co.uk/new-homes/coventry/waterside-gardens/plot-227","227","19","4"
"Waterside Gardens","The Aynesdale · Plot 228","3","355000","https://www.taylorwimpey.co.uk/new-homes/coventry/waterside-gardens/plot-228","228","15","2"
"Waterside Gardens","The Keeford · Plot 248","3","355000","https://www.taylorwimpey.co.uk/new-homes/coventry/waterside-gardens/plot-248","248","16","8"
"Waterside Gardens","The Colford · Plot 219","4","405000","https://www.taylorwimpey.co.uk/new-homes/coventry/waterside-gardens/plot-219","219","18","3"
"Waterside Gardens","The Corkham · Plot 247","4","437995","https://www.taylorwimpey.co.uk/new-homes/coventry/waterside-gardens/plot-247","247","18","12"
"Twill Meadow","The Beaford · Plot 29","2","265000","https://www.taylorwimpey.co.uk/new-homes/bulkington/twill-meadow/plot-29","29","13","4"
"Twill Meadow","The Beaford · Plot 26","2","265000","https://www.taylorwimpey.co.uk/new-homes/bulkington/twill-meadow/plot-26","26","13","4"
"Twill Meadow","The Aynesdale · Plot 39","3","330000","https://www.taylorwimpey.co.uk/new-homes/bulkington/twill-meadow/plot-39","39","13","0"
"Twill Meadow","The Aynesdale · Plot 42","3","340000","https://www.taylorwimpey.co.uk/new-homes/bulkington/twill-meadow/plot-42","42","13","0"
"Twill Meadow","The Owlton · Plot 36","3","349950","https://www.taylorwimpey.co.uk/new-homes/bulkington/twill-meadow/plot-36","36","19","4"
"Twill Meadow","The Owlton · Plot 37","3","349950","https://www.taylorwimpey.co.uk/new-homes/bulkington/twill-meadow/plot-37","37","16","6"
"Twill Meadow","The Byrneham · Plot 27","3","370000","https://www.taylorwimpey.co.uk/new-homes/bulkington/twill-meadow/plot-27","27","15","6"
"Twill Meadow","The Elterham · Plot 43","4","535000","https://www.taylorwimpey.co.uk/new-homes/bulkington/twill-meadow/plot-43","43","15","2"
"Twill Meadow","The Aireton · Plot 49","5","545000","https://www.taylorwimpey.co.uk/new-homes/bulkington/twill-meadow/plot-49","49","20","7"
"Twill Meadow","The Patterham · Plot 54","5","599950","https://www.taylorwimpey.co.uk/new-homes/bulkington/twill-meadow/plot-54","54","19","8"
"Squires Cross","The Dunsmore · Plot 36","1","123750","https://www.taylorwimpey.co.uk/new-homes/stretton-on-dunsmore/squires-cross/plot-36","36","5","1"
"Squires Cross","The Ragley · Plot 21","1","157500","https://www.taylorwimpey.co.uk/new-homes/stretton-on-dunsmore/squires-cross/plot-21","21","5","1"
"Squires Cross","The Ragley · Plot 37","1","157500","https://www.taylorwimpey.co.uk/new-homes/stretton-on-dunsmore/squires-cross/plot-37","37","5","1"
"Squires Cross","The Beaford · Plot 31","2","226250","https://www.taylorwimpey.co.uk/new-homes/stretton-on-dunsmore/squires-cross/plot-31","31","13","4"
"Squires Cross","The Beaford · Plot 32","2","226250","https://www.taylorwimpey.co.uk/new-homes/stretton-on-dunsmore/squires-cross/plot-32","32","13","4"
"Squires Cross","The Beaford · Plot 13","2","270000","https://www.taylorwimpey.co.uk/new-homes/stretton-on-dunsmore/squires-cross/plot-13","13","14","5"
"Squires Cross","The Henford · Plot 24","4","372500","https://www.taylorwimpey.co.uk/new-homes/stretton-on-dunsmore/squires-cross/plot-24","24","14","2"
"Squires Cross","The Byrneham · Plot 44","3","413000","https://www.taylorwimpey.co.uk/new-homes/stretton-on-dunsmore/squires-cross/plot-44","44","16","7"
"Squires Cross","The Byrneham · Plot 45","3","413000","https://www.taylorwimpey.co.uk/new-homes/stretton-on-dunsmore/squires-cross/plot-45","45","16","7"
"Squires Cross","The Plumdale · Plot 2","3","425000","https://www.taylorwimpey.co.uk/new-homes/stretton-on-dunsmore/squires-cross/plot-2","2","16","7"
"Squires Cross","The Elterham · Plot 9","4","625000","https://www.taylorwimpey.co.uk/new-homes/stretton-on-dunsmore/squires-cross/plot-9","9","15","1"
"Squires Cross","The Elterham · Plot 15","4","625000","https://www.taylorwimpey.co.uk/new-homes/stretton-on-dunsmore/squires-cross/plot-15","15","15","1"
"Squires Cross","The Elterham · Plot 41","4","625000","https://www.taylorwimpey.co.uk/new-homes/stretton-on-dunsmore/squires-cross/plot-41","41","15","1"
"Burleyfields","The Beaford · Plot 887","2","225000","https://www.taylorwimpey.co.uk/new-homes/stafford/burleyfields/plot-887","887","12","5"
"Burleyfields","The Brambleford · Plot 474","3","269995","https://www.taylorwimpey.co.uk/new-homes/stafford/burleyfields/plot-474","474","15","10"
"Burleyfields","The Brambleford · Plot 475","3","269995","https://www.taylorwimpey.co.uk/new-homes/stafford/burleyfields/plot-475","475","15","10"
"Burleyfields","The Brambleford · Plot 477","3","269995","https://www.taylorwimpey.co.uk/new-homes/stafford/burleyfields/plot-477","477","15","10"
"Burleyfields","The Owlton · Plot 793","3","289995","https://www.taylorwimpey.co.uk/new-homes/stafford/burleyfields/plot-793","793","17","6"
"Burleyfields","The Owlton · Plot 797","3","289995","https://www.taylorwimpey.co.uk/new-homes/stafford/burleyfields/plot-797","797","17","6"
"Burleyfields","The Owlton · Plot 798","3","289995","https://www.taylorwimpey.co.uk/new-homes/stafford/burleyfields/plot-798","798","17","6"
"Burleyfields","The Aynesdale · Plot 886","3","318500","https://www.taylorwimpey.co.uk/new-homes/stafford/burleyfields/plot-886","886","15","3"
"Burleyfields","The Keeford · Plot 813","3","319950","https://www.taylorwimpey.co.uk/new-homes/stafford/burleyfields/plot-813","813","15","6"
"Burleyfields","The Tetford · Plot 819","3","319950","https://www.taylorwimpey.co.uk/new-homes/stafford/burleyfields/plot-819","819","12","8"
"Burleyfields","The Colford · Plot 679","4","364995","https://www.taylorwimpey.co.uk/new-homes/stafford/burleyfields/plot-679","679","18","2"
"Burleyfields","The Colford · Plot 683","4","364995","https://www.taylorwimpey.co.uk/new-homes/stafford/burleyfields/plot-683","683","18","2"
"Burleyfields","The Plumdale · Plot 620","4","369995","https://www.taylorwimpey.co.uk/new-homes/stafford/burleyfields/plot-620","620","16","7"
"Burleyfields","The Corkham · Plot 788","4","395000","https://www.taylorwimpey.co.uk/new-homes/stafford/burleyfields/plot-788","788","16","12"
"Burleyfields","The Henford · Plot 789","4","395000","https://www.taylorwimpey.co.uk/new-homes/stafford/burleyfields/plot-789","789","19","3"
"Burleyfields","The Wansdale · Plot 787","4","425000","https://www.taylorwimpey.co.uk/new-homes/stafford/burleyfields/plot-787","787","14","0"
"Burleyfields","The Kitham · Plot 741","4","449995","https://www.taylorwimpey.co.uk/new-homes/stafford/burleyfields/plot-741","741","18","6"
"Burleyfields","The Kitham · Plot 742","4","449995","https://www.taylorwimpey.co.uk/new-homes/stafford/burleyfields/plot-742","742","18","6"
"Burleyfields","The Kitham · Plot 720","4","455000","https://www.taylorwimpey.co.uk/new-homes/stafford/burleyfields/plot-720","720","14","3"
"Regency Gate","The Beaford · Plot 266","2","282500","https://www.taylorwimpey.co.uk/new-homes/worcester/regency-gate/plot-266","266","13","4"
"Regency Gate","The Beaford · Plot 267","2","282500","https://www.taylorwimpey.co.uk/new-homes/worcester/regency-gate/plot-267","267","12","2"
"Regency Gate","The Beaford · Plot 269","2","282500","https://www.taylorwimpey.co.uk/new-homes/worcester/regency-gate/plot-269","269","13","4"
"Regency Gate","The Byford · Plot 105","3","349950","https://www.taylorwimpey.co.uk/new-homes/worcester/regency-gate/plot-105","105","17","10"
"Regency Gate","The Keeford · Plot 263","3","365000","https://www.taylorwimpey.co.uk/new-homes/worcester/regency-gate/plot-263","263","16","6"
"Regency Gate","The Keeford · Plot 350","3","365000","https://www.taylorwimpey.co.uk/new-homes/worcester/regency-gate/plot-350","350","15","6"
"Regency Gate","The Keeford · Plot 351","3","365000","https://www.taylorwimpey.co.uk/new-homes/worcester/regency-gate/plot-351","351","15","6"
"Regency Gate","The Aynesdale · Plot 262","3","369950","https://www.taylorwimpey.co.uk/new-homes/worcester/regency-gate/plot-262","262","14","2"
"Regency Gate","The Aynesdale · Plot 349","3","369950","https://www.taylorwimpey.co.uk/new-homes/worcester/regency-gate/plot-349","349","14","2"
"Regency Gate","The Aynesdale · Plot 352","3","369950","https://www.taylorwimpey.co.uk/new-homes/worcester/regency-gate/plot-352","352","14","2"
"Regency Gate","The Kitham · Plot 268","4","499950","https://www.taylorwimpey.co.uk/new-homes/worcester/regency-gate/plot-268","268","12","4"
"Regency Gate","The Ransford · Plot 94","4","555000","https://www.taylorwimpey.co.uk/new-homes/worcester/regency-gate/plot-94","94","15","13"
"Gresley Meadow","The Brambleford · Plot 160","3","267995","https://www.taylorwimpey.co.uk/new-homes/swadlincote/gresley-meadow/plot-160","160","16","12"
"Gresley Meadow","The Plumdale · Plot 288","4","345995","https://www.taylorwimpey.co.uk/new-homes/swadlincote/gresley-meadow/plot-288","288","15","6"
"Gresley Meadow","The Chalham · Plot 291","4","348995","https://www.taylorwimpey.co.uk/new-homes/swadlincote/gresley-meadow/plot-291","291","15","6"
"Gresley Meadow","The Hubham · Plot 295","4","370000","https://www.taylorwimpey.co.uk/new-homes/swadlincote/gresley-meadow/plot-295","295","14","0"
"Acorn Green","The Avonsford · Plot 10","2","240000","https://www.taylorwimpey.co.uk/new-homes/shifnal/acorn-green/plot-10","10","15","7"
"Acorn Green","The Avonsford · Plot 15","2","240000","https://www.taylorwimpey.co.uk/new-homes/shifnal/acorn-green/plot-15","15","11","2"
"Acorn Green","The Avonsford · Plot 14","2","245000","https://www.taylorwimpey.co.uk/new-homes/shifnal/acorn-green/plot-14","14","16","8"
"Acorn Green","The Ambleford · Plot 11","3","288000","https://www.taylorwimpey.co.uk/new-homes/shifnal/acorn-green/plot-11","11","16","11"
"Acorn Green","The Keeford · Plot 27","3","368000","https://www.taylorwimpey.co.uk/new-homes/shifnal/acorn-green/plot-27","27","16","9"
"Acorn Green","The Keeford · Plot 26","3","370000","https://www.taylorwimpey.co.uk/new-homes/shifnal/acorn-green/plot-26","26","16","9"
"Acorn Green","The Colford · Plot 28","4","440000","https://www.taylorwimpey.co.uk/new-homes/shifnal/acorn-green/plot-28","28","20","12"
"Acorn Green","The Colford · Plot 25","4","445000","https://www.taylorwimpey.co.uk/new-homes/shifnal/acorn-green/plot-25","25","20","12"
"Acorn Green","The Henford · Plot 5","4","480000","https://www.taylorwimpey.co.uk/new-homes/shifnal/acorn-green/plot-5","5","22","3"
"Acorn Green","The Wansdale · Plot 4","4","499950","https://www.taylorwimpey.co.uk/new-homes/shifnal/acorn-green/plot-4","4","15","0"
"Britannia Grange","The Beauford · Plot 174","2","245000","https://www.taylorwimpey.co.uk/new-homes/thetford/britannia-grange/plot-174","174","12","2"
"Britannia Grange","The Kingdale · Plot 184","3","325000","https://www.taylorwimpey.co.uk/new-homes/thetford/britannia-grange/plot-184","184","15","7"
"Britannia Grange","The Kingdale · Plot 197","3","335000","https://www.taylorwimpey.co.uk/new-homes/thetford/britannia-grange/plot-197","197","15","1"
"Britannia Grange","The Trusdale · Plot 173","4","375000","https://www.taylorwimpey.co.uk/new-homes/thetford/britannia-grange/plot-173","173","14","2"
"Britannia Grange","The Trusdale · Plot 193","4","375000","https://www.taylorwimpey.co.uk/new-homes/thetford/britannia-grange/plot-193","193","16","3"
"Britannia Grange","The Manford · Plot 205","4","405000","https://www.taylorwimpey.co.uk/new-homes/thetford/britannia-grange/plot-205","205","14","2"
"Britannia Grange","The Manford · Plot 196","4","410000","https://www.taylorwimpey.co.uk/new-homes/thetford/britannia-grange/plot-196","196","16","12"
"Britannia Grange","The Marford · Plot 206","4","445000","https://www.taylorwimpey.co.uk/new-homes/thetford/britannia-grange/plot-206","206","13","1"
"Britannia Grange","The Marford · Plot 207","4","445000","https://www.taylorwimpey.co.uk/new-homes/thetford/britannia-grange/plot-207","207","16","1"
"Heather Gardens","The Canford · Plot 387","2","270000","https://www.taylorwimpey.co.uk/new-homes/hethersett/heather-gardens/plot-387","387","10","3"
"Heather Gardens","The Yewdale · Plot 473","3","355000","https://www.taylorwimpey.co.uk/new-homes/hethersett/heather-gardens/plot-473","473","12","3"
"Heather Gardens","The Midford · Plot 395","4","415000","https://www.taylorwimpey.co.uk/new-homes/hethersett/heather-gardens/plot-395","395","17","3"
"Heather Gardens","The Marford · Plot 375","4","475000","https://www.taylorwimpey.co.uk/new-homes/hethersett/heather-gardens/plot-375","375","13","5"
"Heather Gardens","The Marford · Plot 396","4","480000","https://www.taylorwimpey.co.uk/new-homes/hethersett/heather-gardens/plot-396","396","14","5"
"Heather Gardens","The Garrton · Plot 422","5","515000","https://www.taylorwimpey.co.uk/new-homes/hethersett/heather-gardens/plot-422","422","15","6"
"Auster Place at Brightwell Lakes","The Hartdale · Plot 194","2","265000","https://www.taylorwimpey.co.uk/new-homes/martlesham/auster-place-at-brightwell-lakes/plot-194","194","11","2"
"Auster Place at Brightwell Lakes","The Eynsford · Plot 195","3","340000","https://www.taylorwimpey.co.uk/new-homes/martlesham/auster-place-at-brightwell-lakes/plot-195","195","14","10"
"Auster Place at Brightwell Lakes","The Harrton · Plot 156","3","345000","https://www.taylorwimpey.co.uk/new-homes/martlesham/auster-place-at-brightwell-lakes/plot-156","156","15","6"
"Auster Place at Brightwell Lakes","The Keeford · Plot 251","3","375000","https://www.taylorwimpey.co.uk/new-homes/martlesham/auster-place-at-brightwell-lakes/plot-251","251","13","2"
"Auster Place at Brightwell Lakes","The Ayleford · Plot 190","4","380000","https://www.taylorwimpey.co.uk/new-homes/martlesham/auster-place-at-brightwell-lakes/plot-190","190","12","5"
"Auster Place at Brightwell Lakes","The Aynesdale · Plot 196","3","380000","https://www.taylorwimpey.co.uk/new-homes/martlesham/auster-place-at-brightwell-lakes/plot-196","196","13","0"
"Auster Place at Brightwell Lakes","The Altbury · Plot 192","3","395000","https://www.taylorwimpey.co.uk/new-homes/martlesham/auster-place-at-brightwell-lakes/plot-192","192","17","5"
"Auster Place at Brightwell Lakes","The Elterdale · Plot 193","3","395000","https://www.taylorwimpey.co.uk/new-homes/martlesham/auster-place-at-brightwell-lakes/plot-193","193","14","3"
"Auster Place at Brightwell Lakes","The Hubham · Plot 264","4","480000","https://www.taylorwimpey.co.uk/new-homes/martlesham/auster-place-at-brightwell-lakes/plot-264","264","16","10"
"Deben Park at Brightwell Lakes","The Beaford · Plot 344","2","290000","https://www.taylorwimpey.co.uk/new-homes/martlesham/deben-park-at-brightwell-lakes/plot-344","344","14","4"
"Deben Park at Brightwell Lakes","The Beaford · Plot 340","2","295000","https://www.taylorwimpey.co.uk/new-homes/martlesham/deben-park-at-brightwell-lakes/plot-340","340","13","5"
"Deben Park at Brightwell Lakes","The Beaford · Plot 341","2","305000","https://www.taylorwimpey.co.uk/new-homes/martlesham/deben-park-at-brightwell-lakes/plot-341","341","15","10"
"Deben Park at Brightwell Lakes","The Eynsford · Plot 368","3","330000","https://www.taylorwimpey.co.uk/new-homes/martlesham/deben-park-at-brightwell-lakes/plot-368","368","13","9"
"Deben Park at Brightwell Lakes","The Harrton · Plot 387","3","360000","https://www.taylorwimpey.co.uk/new-homes/martlesham/deben-park-at-brightwell-lakes/plot-387","387","15","5"
"Deben Park at Brightwell Lakes","The Aynesdale · Plot 345","3","380000","https://www.taylorwimpey.co.uk/new-homes/martlesham/deben-park-at-brightwell-lakes/plot-345","345","12","0"
"Deben Park at Brightwell Lakes","The Carrdale · Plot 377","3","390000","https://www.taylorwimpey.co.uk/new-homes/martlesham/deben-park-at-brightwell-lakes/plot-377","377","13","2"
"Deben Park at Brightwell Lakes","The Ayleford · Plot 355","4","425000","https://www.taylorwimpey.co.uk/new-homes/martlesham/deben-park-at-brightwell-lakes/plot-355","355","18","1"
"Deben Park at Brightwell Lakes","The Tewksdale · Plot 358","4","465000","https://www.taylorwimpey.co.uk/new-homes/martlesham/deben-park-at-brightwell-lakes/plot-358","358","13","1"
"Deben Park at Brightwell Lakes","The Rightford · Plot 375","4","510000","https://www.taylorwimpey.co.uk/new-homes/martlesham/deben-park-at-brightwell-lakes/plot-375","375","20","12"
"Deben Park at Brightwell Lakes","The Dunnerton · Plot 374","5","595000","https://www.taylorwimpey.co.uk/new-homes/martlesham/deben-park-at-brightwell-lakes/plot-374","374","20","5"
"Hampden View","The Carrdale · Plot 1","3","","https://www.taylorwimpey.co.uk/new-homes/costessey/hampden-view/plot-1","1","13","1"
"Hampden View","The Raynford · Plot 2","4","","https://www.taylorwimpey.co.uk/new-homes/costessey/hampden-view/plot-2","2","15","7"
"Hampden View","The Plumdale · Plot 4","4","","https://www.taylorwimpey.co.uk/new-homes/costessey/hampden-view/plot-4","4","15","7"
"Hampden View","The Warkford · Plot 5","4","","https://www.taylorwimpey.co.uk/new-homes/costessey/hampden-view/plot-5","5","20","3"
"Hampden View","The Harrton · Plot 7","3","","https://www.taylorwimpey.co.uk/new-homes/costessey/hampden-view/plot-7","7","15","6"
"Hampden View","The Beaford · Plot 11","2","","https://www.taylorwimpey.co.uk/new-homes/costessey/hampden-view/plot-11","11","14","6"
"Hampden View","The Aynesdale · Plot 37","3","","https://www.taylorwimpey.co.uk/new-homes/costessey/hampden-view/plot-37","37","14","0"
"Hampden View","The Henford · Plot 46","4","","https://www.taylorwimpey.co.uk/new-homes/costessey/hampden-view/plot-46","46","16","3"
"Hampden View","The Thirlford · Plot 47","5","","https://www.taylorwimpey.co.uk/new-homes/costessey/hampden-view/plot-47","47","13","5"
"Hampden View","The Brambleford · Plot 38","3","","https://www.taylorwimpey.co.uk/new-homes/costessey/hampden-view/plot-38","38","13","5"
"Hampden View","The Colford · Plot 3","4","","https://www.taylorwimpey.co.uk/new-homes/costessey/hampden-view/plot-3","3","13","8"
"Hampden View","The Ayleford · Plot 6","4","","https://www.taylorwimpey.co.uk/new-homes/costessey/hampden-view/plot-6","6","10","5"
"Lark Grange","Dovedale · Plot 264","2","250000","https://www.taylorwimpey.co.uk/new-homes/bury-st-edmunds/lark-grange/plot-264","264","7","2"
"Lark Grange","The Tildale · Plot 267","3","420000","https://www.taylorwimpey.co.uk/new-homes/bury-st-edmunds/lark-grange/plot-267","267","12","1"
"Northfield View","The Canford · Plot 592","2","265000","https://www.taylorwimpey.co.uk/new-homes/stowmarket/northfield-view/plot-592","592","11","2"
"Northfield View","The Gosford · Plot 584","3","315000","https://www.taylorwimpey.co.uk/new-homes/stowmarket/northfield-view/plot-584","584","14","1"
"Northfield View","The Easedale · Plot 594","3","325000","https://www.taylorwimpey.co.uk/new-homes/stowmarket/northfield-view/plot-594","594","14","5"
"Northfield View","The Yewdale · Plot 582","3","335000","https://www.taylorwimpey.co.uk/new-homes/stowmarket/northfield-view/plot-582","582","12","3"
"Northfield View","The Easedale · Plot 596","3","335000","https://www.taylorwimpey.co.uk/new-homes/stowmarket/northfield-view/plot-596","596","14","8"
"Northfield View","The Marford · Plot 503","4","470000","https://www.taylorwimpey.co.uk/new-homes/stowmarket/northfield-view/plot-503","503","17","3"
"Millbrook Place","The Gosford · Plot 262","3","263995","https://www.taylorwimpey.co.uk/new-homes/crewe/millbrook-place/plot-262","262","11","2"
"Millbrook Place","The Easedale · Plot 261","3","272995","https://www.taylorwimpey.co.uk/new-homes/crewe/millbrook-place/plot-261","261","12","3"
"Millbrook Place","The Braxton · Plot 291","3","279995","https://www.taylorwimpey.co.uk/new-homes/crewe/millbrook-place/plot-291","291","14","3"
"Millbrook Place","The Braxton · Plot 279","3","284995","https://www.taylorwimpey.co.uk/new-homes/crewe/millbrook-place/plot-279","279","13","3"
"Millbrook Place","The Amersham · Plot 260","3","309995","https://www.taylorwimpey.co.uk/new-homes/crewe/millbrook-place/plot-260","260","13","7"
"Millbrook Place","The Lydford · Plot 281","4","319995","https://www.taylorwimpey.co.uk/new-homes/crewe/millbrook-place/plot-281","281","13","4"
"Millbrook Place","The Lydford · Plot 278","4","320995","https://www.taylorwimpey.co.uk/new-homes/crewe/millbrook-place/plot-278","278","13","3"
"Millbrook Place","The Trusdale · Plot 276","4","344995","https://www.taylorwimpey.co.uk/new-homes/crewe/millbrook-place/plot-276","276","13","2"
"Millbrook Place","The Coltham · Plot 285","4","353995","https://www.taylorwimpey.co.uk/new-homes/crewe/millbrook-place/plot-285","285","13","4"
"Millbrook Place","The Coltham · Plot 273","4","356995","https://www.taylorwimpey.co.uk/new-homes/crewe/millbrook-place/plot-273","273","13","5"
"Millbrook Place","The Manford · Plot 300","4","379995","https://www.taylorwimpey.co.uk/new-homes/crewe/millbrook-place/plot-300","300","13","4"
"Burghley Green at West Cambourne","The Beaford · Plot 307","2","340000","https://www.taylorwimpey.co.uk/new-homes/west-cambourne/burghley-green-at-west-cambourne/plot-307","307","18","14"
"Burghley Green at West Cambourne","The Beaford · Plot 305","2","340000","https://www.taylorwimpey.co.uk/new-homes/west-cambourne/burghley-green-at-west-cambourne/plot-305","305","13","5"
"Burghley Green at West Cambourne","The Harrton · Plot 284","3","400000","https://www.taylorwimpey.co.uk/new-homes/west-cambourne/burghley-green-at-west-cambourne/plot-284","284","13","4"
"Burghley Green at West Cambourne","The Harrton · Plot 295","3","415000","https://www.taylorwimpey.co.uk/new-homes/west-cambourne/burghley-green-at-west-cambourne/plot-295","295","15","6"
"Burghley Green at West Cambourne","The Densdale · Plot 293","3","465000","https://www.taylorwimpey.co.uk/new-homes/west-cambourne/burghley-green-at-west-cambourne/plot-293","293","14","2"
"Burghley Green at West Cambourne","The Ayleford · Plot 291","4","485000","https://www.taylorwimpey.co.uk/new-homes/west-cambourne/burghley-green-at-west-cambourne/plot-291","291","16","0"
"Burghley Green at West Cambourne","The Plumdale · Plot 290","4","520000","https://www.taylorwimpey.co.uk/new-homes/west-cambourne/burghley-green-at-west-cambourne/plot-290","290","12","5"
"Burghley Green at West Cambourne","The Rightford · Plot 282","4","540000","https://www.taylorwimpey.co.uk/new-homes/west-cambourne/burghley-green-at-west-cambourne/plot-282","282","16","0"
"Burghley Green at West Cambourne","The Shilford · Plot 303","4","570000","https://www.taylorwimpey.co.uk/new-homes/west-cambourne/burghley-green-at-west-cambourne/plot-303","303","17","2"
"Burghley Green at West Cambourne","The Shilford · Plot 302","4","580000","https://www.taylorwimpey.co.uk/new-homes/west-cambourne/burghley-green-at-west-cambourne/plot-302","302","14","8"
"Burghley Green at West Cambourne","The Shilford · Plot 299","4","580000","https://www.taylorwimpey.co.uk/new-homes/west-cambourne/burghley-green-at-west-cambourne/plot-299","299","14","8"
"Burghley Green at West Cambourne","The Aireton · Plot 287","5","590000","https://www.taylorwimpey.co.uk/new-homes/west-cambourne/burghley-green-at-west-cambourne/plot-287","287","20","7"
"Chivers Rise at West Cambourne","Everard Court · Plot 606","2","240000","https://www.taylorwimpey.co.uk/new-homes/west-cambourne/chivers-rise-at-west-cambourne/plot-606","606","11","7"
"Chivers Rise at West Cambourne","Everard Court · Plot 607","2","250000","https://www.taylorwimpey.co.uk/new-homes/west-cambourne/chivers-rise-at-west-cambourne/plot-607","607","11","7"
"Chivers Rise at West Cambourne","Everard Court · Plot 609","2","250000","https://www.taylorwimpey.co.uk/new-homes/west-cambourne/chivers-rise-at-west-cambourne/plot-609","609","7","1"
"Chivers Rise at West Cambourne","The Easedale · Plot 629","3","395000","https://www.taylorwimpey.co.uk/new-homes/west-cambourne/chivers-rise-at-west-cambourne/plot-629","629","15","1"
"Chivers Rise at West Cambourne","The Marford · Plot 626","4","560000","https://www.taylorwimpey.co.uk/new-homes/west-cambourne/chivers-rise-at-west-cambourne/plot-626","626","16","7"
"Beaumont Rise","The Tetford · Plot 32","3","290995","https://www.taylorwimpey.co.uk/new-homes/lancaster/beaumont-rise/plot-32","32","12","3"
"Beaumont Rise","The Owlton · Plot 30","3","305995","https://www.taylorwimpey.co.uk/new-homes/lancaster/beaumont-rise/plot-30","30","10","4"
"Beaumont Rise","The Tetford · Plot 5","3","305995","https://www.taylorwimpey.co.uk/new-homes/lancaster/beaumont-rise/plot-5","5","11","2"
"Beaumont Rise","The Tetford · Plot 6","3","305995","https://www.taylorwimpey.co.uk/new-homes/lancaster/beaumont-rise/plot-6","6","12","3"
"Beaumont Rise","The Plumdale · Plot 7","4","382995","https://www.taylorwimpey.co.uk/new-homes/lancaster/beaumont-rise/plot-7","7","14","4"
"Beaumont Rise","The Rightford · Plot 8","4","413995","https://www.taylorwimpey.co.uk/new-homes/lancaster/beaumont-rise/plot-8","8","14","0"
"Beaumont Rise","The Rightford · Plot 33","4","414995","https://www.taylorwimpey.co.uk/new-homes/lancaster/beaumont-rise/plot-33","33","13","0"
"Beaumont Rise","Kitham · Plot 9","4","470995","https://www.taylorwimpey.co.uk/new-homes/lancaster/beaumont-rise/plot-9","9","18","8"
"Stour View","The Gosford · Plot 90","3","345000","https://www.taylorwimpey.co.uk/new-homes/brantham/stour-view/plot-90","90","16","3"
"Stour View","The Gosford · Plot 80","3","350000","https://www.taylorwimpey.co.uk/new-homes/brantham/stour-view/plot-80","80","12","1"
"Stour View","The Gosford · Plot 87","3","360000","https://www.taylorwimpey.co.uk/new-homes/brantham/stour-view/plot-87","87","13","3"
"Stour View","The Midford · Plot 77","4","425000","https://www.taylorwimpey.co.uk/new-homes/brantham/stour-view/plot-77","77","14","1"
"Stour View","The Midford · Plot 73","4","430000","https://www.taylorwimpey.co.uk/new-homes/brantham/stour-view/plot-73","73","13","2"
"Stour View","The Trusdale · Plot 91","4","455000","https://www.taylorwimpey.co.uk/new-homes/brantham/stour-view/plot-91","91","12","3"
"Stour View","The Manford · Plot 78","4","480000","https://www.taylorwimpey.co.uk/new-homes/brantham/stour-view/plot-78","78","14","5"
"Stour View","The Garrton · Plot 76","5","550000","https://www.taylorwimpey.co.uk/new-homes/brantham/stour-view/plot-76","76","15","3"
"Stour View","The Wayford · Plot 104","5","605000","https://www.taylorwimpey.co.uk/new-homes/brantham/stour-view/plot-104","104","16","7"
"Wolsey Grange","The Canford · Plot 384","2","280000","https://www.taylorwimpey.co.uk/new-homes/ipswich/wolsey-grange/plot-384","384","11","3"
"Wolsey Grange","The Canford · Plot 383","2","280000","https://www.taylorwimpey.co.uk/new-homes/ipswich/wolsey-grange/plot-383","383","12","2"
"Wolsey Grange","The Gosford · Plot 369","3","335000","https://www.taylorwimpey.co.uk/new-homes/ipswich/wolsey-grange/plot-369","369","14","3"
"Wolsey Grange","The Crofton · Plot 3","3","370000","https://www.taylorwimpey.co.uk/new-homes/ipswich/wolsey-grange/plot-3","3","13","1"
"Wolsey Grange","The Easedale · Plot 368","3","380000","https://www.taylorwimpey.co.uk/new-homes/ipswich/wolsey-grange/plot-368","368","13","5"
"Shorncliffe Heights","Garrison Grove · Plot 953","2","208995","https://www.taylorwimpey.co.uk/new-homes/folkestone/shorncliffe-heights/plot-953","953","11","5"
"Shorncliffe Heights","Garrison Grove · Plot 955","2","209995","https://www.taylorwimpey.co.uk/new-homes/folkestone/shorncliffe-heights/plot-955","955","12","5"
"Shorncliffe Heights","Garrison Grove · Plot 958","2","210995","https://www.taylorwimpey.co.uk/new-homes/folkestone/shorncliffe-heights/plot-958","958","12","5"
"Shorncliffe Heights","Garrison Grove · Plot 961","2","211500","https://www.taylorwimpey.co.uk/new-homes/folkestone/shorncliffe-heights/plot-961","961","12","5"
"Shorncliffe Heights","Kingswell Court · Plot 921","2","221500","https://www.taylorwimpey.co.uk/new-homes/folkestone/shorncliffe-heights/plot-921","921","12","5"
"Shorncliffe Heights","Kingswell Court · Plot 924","2","224995","https://www.taylorwimpey.co.uk/new-homes/folkestone/shorncliffe-heights/plot-924","924","12","5"
"Shorncliffe Heights","Kingswell Court · Plot 929","2","227995","https://www.taylorwimpey.co.uk/new-homes/folkestone/shorncliffe-heights/plot-929","929","12","5"
"Shorncliffe Heights","The Beaford · Plot 905","2","284995","https://www.taylorwimpey.co.uk/new-homes/folkestone/shorncliffe-heights/plot-905","905","11","4"
"Shorncliffe Heights","The Altbury · Plot 898","3","358995","https://www.taylorwimpey.co.uk/new-homes/folkestone/shorncliffe-heights/plot-898","898","13","2"
"Fox Wood Garden Village","The Braxton · Plot 237","3","304995","https://www.taylorwimpey.co.uk/new-homes/whiston/fox-wood-garden-village/plot-237","237","18","5"
"Fox Wood Garden Village","The Braxton · Plot 238","3","304995","https://www.taylorwimpey.co.uk/new-homes/whiston/fox-wood-garden-village/plot-238","238","18","5"
"Fox Wood Garden Village","The Elliston · Plot 234","4","316995","https://www.taylorwimpey.co.uk/new-homes/whiston/fox-wood-garden-village/plot-234","234","14","10"
"Fox Wood Garden Village","The Elliston · Plot 235","4","316995","https://www.taylorwimpey.co.uk/new-homes/whiston/fox-wood-garden-village/plot-235","235","15","10"
"Fox Wood Garden Village","The Amersham · Plot 236","3","326995","https://www.taylorwimpey.co.uk/new-homes/whiston/fox-wood-garden-village/plot-236","236","15","8"
"Fox Wood Garden Village","The Amersham · Plot 247","3","328995","https://www.taylorwimpey.co.uk/new-homes/whiston/fox-wood-garden-village/plot-247","247","15","8"
"Fox Wood Garden Village","The Lydford · Plot 123","4","357995","https://www.taylorwimpey.co.uk/new-homes/whiston/fox-wood-garden-village/plot-123","123","21","4"
"Fox Wood Garden Village","The Lydford · Plot 232","4","359995","https://www.taylorwimpey.co.uk/new-homes/whiston/fox-wood-garden-village/plot-232","232","12","2"
"Fox Wood Garden Village","The Coltham · Plot 233","4","379995","https://www.taylorwimpey.co.uk/new-homes/whiston/fox-wood-garden-village/plot-233","233","14","6"
"Fox Wood Garden Village","The Trusdale · Plot 222","4","381995","https://www.taylorwimpey.co.uk/new-homes/whiston/fox-wood-garden-village/plot-222","222","14","3"
"Fox Wood Garden Village","The Coltham · Plot 248","4","383995","https://www.taylorwimpey.co.uk/new-homes/whiston/fox-wood-garden-village/plot-248","248","14","6"
"Fox Wood Garden Village","The Manford · Plot 223","4","414995","https://www.taylorwimpey.co.uk/new-homes/whiston/fox-wood-garden-village/plot-223","223","12","3"
"Fox Wood Garden Village","The Manford · Plot 159","4","416995","https://www.taylorwimpey.co.uk/new-homes/whiston/fox-wood-garden-village/plot-159","159","12","3"
"Fox Wood Garden Village","The Waysdale · Plot 138","4","436995","https://www.taylorwimpey.co.uk/new-homes/whiston/fox-wood-garden-village/plot-138","138","14","3"
"The Alders","The Canford · Plot 453","2","250000","https://www.taylorwimpey.co.uk/new-homes/wymondham/the-alders/plot-453","453","12","3"
"The Alders","The Gosford · Plot 339","3","320000","https://www.taylorwimpey.co.uk/new-homes/wymondham/the-alders/plot-339","339","14","1"
"The Alders","The Midford · Plot 365","4","400000","https://www.taylorwimpey.co.uk/new-homes/wymondham/the-alders/plot-365","365","12","0"
"The Alders","The Trusdale · Plot 455","4","415000","https://www.taylorwimpey.co.uk/new-homes/wymondham/the-alders/plot-455","455","16","6"
"The Alders","The Trusdale · Plot 341","4","435000","https://www.taylorwimpey.co.uk/new-homes/wymondham/the-alders/plot-341","341","15","4"
"The Alders","The Trusdale · Plot 337","4","440000","https://www.taylorwimpey.co.uk/new-homes/wymondham/the-alders/plot-337","337","13","3"
"The Alders","The Waysdale · Plot 459","4","460000","https://www.taylorwimpey.co.uk/new-homes/wymondham/the-alders/plot-459","459","14","3"
"The Alders","The Marford · Plot 338","4","475000","https://www.taylorwimpey.co.uk/new-homes/wymondham/the-alders/plot-338","338","13","1"
"The Arboretum","The Brambleford · Plot 141","3","345000","https://www.taylorwimpey.co.uk/new-homes/haverhill/the-arboretum/plot-141","141","11","7"
"The Arboretum","The Henford · Plot 140","4","450000","https://www.taylorwimpey.co.uk/new-homes/haverhill/the-arboretum/plot-140","140","16","1"
"The Arboretum","The Henford · Plot 55","4","455000","https://www.taylorwimpey.co.uk/new-homes/haverhill/the-arboretum/plot-55","55","16","1"
"The Arboretum","The Rightford · Plot 56","4","460000","https://www.taylorwimpey.co.uk/new-homes/haverhill/the-arboretum/plot-56","56","17","1"
"The Arboretum","The Garrton · Plot 96","5","490000","https://www.taylorwimpey.co.uk/new-homes/haverhill/the-arboretum/plot-96","96","17","6"
"The Arboretum","The Garrton · Plot 121","5","490000","https://www.taylorwimpey.co.uk/new-homes/haverhill/the-arboretum/plot-121","121","20","6"
"The Arboretum","The Garrton · Plot 122","5","490000","https://www.taylorwimpey.co.uk/new-homes/haverhill/the-arboretum/plot-122","122","17","6"
"The Arboretum","The Garrton · Plot 95","5","490000","https://www.taylorwimpey.co.uk/new-homes/haverhill/the-arboretum/plot-95","95","18","4"
"Kings Moat Garden Village","The Brambleford · Plot 601","3","319995","https://www.taylorwimpey.co.uk/new-homes/chester/kings-moat-garden-village/plot-601","601","11","3"
"Kings Moat Garden Village","The Brambleford · Plot 644","3","329995","https://www.taylorwimpey.co.uk/new-homes/chester/kings-moat-garden-village/plot-644","644","11","3"
"Kings Moat Garden Village","The Tetford · Plot 616","3","354995","https://www.taylorwimpey.co.uk/new-homes/chester/kings-moat-garden-village/plot-616","616","12","2"
"Kings Moat Garden Village","The Owlton · Plot 623","3","366995","https://www.taylorwimpey.co.uk/new-homes/chester/kings-moat-garden-village/plot-623","623","15","5"
"Kings Moat Garden Village","The Owlton · Plot 622","3","369995","https://www.taylorwimpey.co.uk/new-homes/chester/kings-moat-garden-village/plot-622","622","14","5"
"Kings Moat Garden Village","The Owlton · Plot 618","3","369995","https://www.taylorwimpey.co.uk/new-homes/chester/kings-moat-garden-village/plot-618","618","14","5"
"Kings Moat Garden Village","The Ayleford · Plot 566","4","384995","https://www.taylorwimpey.co.uk/new-homes/chester/kings-moat-garden-village/plot-566","566","12","3"
"Kings Moat Garden Village","The Ayleford · Plot 613","4","389995","https://www.taylorwimpey.co.uk/new-homes/chester/kings-moat-garden-village/plot-613","613","11","2"
"Kings Moat Garden Village","The Tetford · Plot 645","3","389995","https://www.taylorwimpey.co.uk/new-homes/chester/kings-moat-garden-village/plot-645","645","11","2"
"Kings Moat Garden Village","The Ayleford · Plot 624","4","391995","https://www.taylorwimpey.co.uk/new-homes/chester/kings-moat-garden-village/plot-624","624","12","3"
"Kings Moat Garden Village","The Aynesdale · Plot 646","3","399995","https://www.taylorwimpey.co.uk/new-homes/chester/kings-moat-garden-village/plot-646","646","13","0"
"Kings Moat Garden Village","The Bittesford · Plot 553","4","455995","https://www.taylorwimpey.co.uk/new-homes/chester/kings-moat-garden-village/plot-553","553","15","2"
"Kings Moat Garden Village","The Bittesford · Plot 550","4","457995","https://www.taylorwimpey.co.uk/new-homes/chester/kings-moat-garden-village/plot-550","550","14","2"
"Kings Moat Garden Village","The Kitham · Plot 557","4","516995","https://www.taylorwimpey.co.uk/new-homes/chester/kings-moat-garden-village/plot-557","557","19","8"
"Kings Moat Garden Village","The Kitham · Plot 549","4","520995","https://www.taylorwimpey.co.uk/new-homes/chester/kings-moat-garden-village/plot-549","549","19","8"
"Seton Rise","The Geddes · Plot 107","4","403000","https://www.taylorwimpey.co.uk/new-homes/winchburgh/seton-rise/plot-107","107","15","2"
"Seton Rise","The Geddes · Plot 167","4","405000","https://www.taylorwimpey.co.uk/new-homes/winchburgh/seton-rise/plot-167","167","15","7"
"Seton Rise","The Maxwell · Plot 145","4","424995","https://www.taylorwimpey.co.uk/new-homes/winchburgh/seton-rise/plot-145","145","16","4"
"Seton Rise","The Maxwell · Plot 160","4","429995","https://www.taylorwimpey.co.uk/new-homes/winchburgh/seton-rise/plot-160","160","14","7"
"Seton Rise","The Stewart · Plot 148","4","434995","https://www.taylorwimpey.co.uk/new-homes/winchburgh/seton-rise/plot-148","148","14","1"
"Seton Rise","The Stewart · Plot 110","4","439995","https://www.taylorwimpey.co.uk/new-homes/winchburgh/seton-rise/plot-110","110","16","1"
"Seton Rise","The Wallace · Plot 149","5","470000","https://www.taylorwimpey.co.uk/new-homes/winchburgh/seton-rise/plot-149","149","17","0"
"Seton Rise","The Wallace · Plot 105","5","472000","https://www.taylorwimpey.co.uk/new-homes/winchburgh/seton-rise/plot-105","105","16","2"
"Seton Rise","The Kennedy · Plot 171","4","559995","https://www.taylorwimpey.co.uk/new-homes/winchburgh/seton-rise/plot-171","171","14","3"
"Seton Rise","The Kennedy · Plot 175","4","560000","https://www.taylorwimpey.co.uk/new-homes/winchburgh/seton-rise/plot-175","175","14","3"
"Seton Rise","The Cameron · Plot 116","5","569995","https://www.taylorwimpey.co.uk/new-homes/winchburgh/seton-rise/plot-116","116","15","5"
"Seton Rise","The Cameron · Plot 147","5","589995","https://www.taylorwimpey.co.uk/new-homes/winchburgh/seton-rise/plot-147","147","15","5"
"Bow Meadows","The Ambleford · Plot 8","3","307500","https://www.taylorwimpey.co.uk/new-homes/coventry/bow-meadows/plot-8","8","22","13"
"Bow Meadows","The Ambleford · Plot 7","3","315000","https://www.taylorwimpey.co.uk/new-homes/coventry/bow-meadows/plot-7","7","22","13"
"Bow Meadows","The Keeford · Plot 55","3","370000","https://www.taylorwimpey.co.uk/new-homes/coventry/bow-meadows/plot-55","55","13","6"
"Bow Meadows","The Aynesdale · Plot 3","3","375000","https://www.taylorwimpey.co.uk/new-homes/coventry/bow-meadows/plot-3","3","15","2"
"Bow Meadows","The Aynesdale · Plot 57","3","385000","https://www.taylorwimpey.co.uk/new-homes/coventry/bow-meadows/plot-57","57","15","2"
"Bow Meadows","The Colford · Plot 4","4","415000","https://www.taylorwimpey.co.uk/new-homes/coventry/bow-meadows/plot-4","4","19","11"
"Bow Meadows","The Warkford · Plot 6","4","485000","https://www.taylorwimpey.co.uk/new-homes/coventry/bow-meadows/plot-6","6","25","8"
"Bow Meadows","The Aireton · Plot 5","5","550000","https://www.taylorwimpey.co.uk/new-homes/coventry/bow-meadows/plot-5","5","23","23"
"Orchard Grove","The Hartdale · Plot 442","2","250000","https://www.taylorwimpey.co.uk/new-homes/taunton/orchard-grove/plot-442","442","13","3"
"Orchard Grove","The Beaford · Plot 443","2","283000","https://www.taylorwimpey.co.uk/new-homes/taunton/orchard-grove/plot-443","443","10","1"
"Orchard Grove","The Harrton · Plot 437","3","363000","https://www.taylorwimpey.co.uk/new-homes/taunton/orchard-grove/plot-437","437","15","2"
"Orchard Grove","The Owlton · Plot 436","3","365000","https://www.taylorwimpey.co.uk/new-homes/taunton/orchard-grove/plot-436","436","15","4"
"Orchard Grove","The Huxford · Plot 244","4","370000","https://www.taylorwimpey.co.uk/new-homes/taunton/orchard-grove/plot-244","244","13","1"
"Orchard Grove","The Densdale · Plot 434","3","390000","https://www.taylorwimpey.co.uk/new-homes/taunton/orchard-grove/plot-434","434","16","2"
"Orchard Grove","The Huxford · Plot 295","4","400000","https://www.taylorwimpey.co.uk/new-homes/taunton/orchard-grove/plot-295","295","14","1"
"Orchard Grove","The Manford · Plot 289","4","460000","https://www.taylorwimpey.co.uk/new-homes/taunton/orchard-grove/plot-289","289","18","5"
"Orchard Grove","The Marford · Plot 239","4","480000","https://www.taylorwimpey.co.uk/new-homes/taunton/orchard-grove/plot-239","239","14","1"
"Orchard Grove","The Manford · Plot 294","4","490000","https://www.taylorwimpey.co.uk/new-homes/taunton/orchard-grove/plot-294","294","14","3"
"Orchard Grove","The Marford · Plot 304","4","500000","https://www.taylorwimpey.co.uk/new-homes/taunton/orchard-grove/plot-304","304","14","1"
"Orchard Grove","The Wayford · Plot 238","5","599000","https://www.taylorwimpey.co.uk/new-homes/taunton/orchard-grove/plot-238","238","18","10"
"Orchard Grove","The Wayford · Plot 302","5","625000","https://www.taylorwimpey.co.uk/new-homes/taunton/orchard-grove/plot-302","302","19","3"
"Bronze Park","The Harrton · Plot 12","3","415000","https://www.taylorwimpey.co.uk/new-homes/milton-keynes/bronze-park/plot-12","12","15","4"
"Bronze Park","The Lingthwaite · Plot 29","4","575000","https://www.taylorwimpey.co.uk/new-homes/milton-keynes/bronze-park/plot-29","29","15","2"
"Bronze Park","The Aireton · Plot 22","5","600000","https://www.taylorwimpey.co.uk/new-homes/milton-keynes/bronze-park/plot-22","22","18","9"
"Bronze Park","The Aireton · Plot 33","5","650000","https://www.taylorwimpey.co.uk/new-homes/milton-keynes/bronze-park/plot-33","33","15","3"
"Bronze Park","The Thirlford · Plot 103","5","765000","https://www.taylorwimpey.co.uk/new-homes/milton-keynes/bronze-park/plot-103","103","15","8"
"The Atrium at Overstone","The Gosford · Plot 202","3","315000","https://www.taylorwimpey.co.uk/new-homes/overstone/the-atrium-at-overstone/plot-202","202","14","6"
"The Atrium at Overstone","The Gosford · Plot 222","3","315000","https://www.taylorwimpey.co.uk/new-homes/overstone/the-atrium-at-overstone/plot-222","222","13","2"
"The Atrium at Overstone","The Braxton · Plot 276","3","340000","https://www.taylorwimpey.co.uk/new-homes/overstone/the-atrium-at-overstone/plot-276","276","15","6"
"The Atrium at Overstone","The Marford · Plot 219","4","500000","https://www.taylorwimpey.co.uk/new-homes/overstone/the-atrium-at-overstone/plot-219","219","13","5"
"The Atrium at Overstone","The Marford · Plot 227","4","500000","https://www.taylorwimpey.co.uk/new-homes/overstone/the-atrium-at-overstone/plot-227","227","13","5"
"The Atrium at Overstone","The Garrton · Plot 221","5","530000","https://www.taylorwimpey.co.uk/new-homes/overstone/the-atrium-at-overstone/plot-221","221","15","0"
"The Atrium at Overstone","The Garrton · Plot 220","5","550000","https://www.taylorwimpey.co.uk/new-homes/overstone/the-atrium-at-overstone/plot-220","220","15","0"
"The Atrium at Overstone","The Wayford · Plot 235","5","575000","https://www.taylorwimpey.co.uk/new-homes/overstone/the-atrium-at-overstone/plot-235","235","15","11"
"The Atrium at Overstone","The Wayford · Plot 198","5","585000","https://www.taylorwimpey.co.uk/new-homes/overstone/the-atrium-at-overstone/plot-198","198","15","11"
"The Atrium at Overstone","The Wayford · Plot 216","5","600000","https://www.taylorwimpey.co.uk/new-homes/overstone/the-atrium-at-overstone/plot-216","216","15","11"
"The Vista at Barton Grange","The Eynsford · Plot 92","3","460000","https://www.taylorwimpey.co.uk/new-homes/barton-le-clay/the-vista-at-barton-grange/plot-92","92","15","4"
"The Vista at Barton Grange","The Eynsford · Plot 89","3","495000","https://www.taylorwimpey.co.uk/new-homes/barton-le-clay/the-vista-at-barton-grange/plot-89","89","15","4"
"The Vista at Barton Grange","The Harrton · Plot 90","3","500000","https://www.taylorwimpey.co.uk/new-homes/barton-le-clay/the-vista-at-barton-grange/plot-90","90","15","4"
"The Vista at Barton Grange","The Harrton · Plot 91","3","500000","https://www.taylorwimpey.co.uk/new-homes/barton-le-clay/the-vista-at-barton-grange/plot-91","91","17","2"
"The Vista at Barton Grange","The Aireton · Plot 121","5","700000","https://www.taylorwimpey.co.uk/new-homes/barton-le-clay/the-vista-at-barton-grange/plot-121","121","20","10"
"The Vista at Barton Grange","The Raynford · Plot 7","4","715000","https://www.taylorwimpey.co.uk/new-homes/barton-le-clay/the-vista-at-barton-grange/plot-7","7","15","6"
"The Vista at Barton Grange","The Thirlford · Plot 120","5","775000","https://www.taylorwimpey.co.uk/new-homes/barton-le-clay/the-vista-at-barton-grange/plot-120","120","17","12"
"The Vista at Barton Grange","The Wadeford · Plot 119","5","815000","https://www.taylorwimpey.co.uk/new-homes/barton-le-clay/the-vista-at-barton-grange/plot-119","119","17","11"
"Salden Place East","The Beaford · Plot 53","2","350000","https://www.taylorwimpey.co.uk/new-homes/milton-keynes/salden-place-east/plot-53","53","13","6"
"Salden Place East","The Harrton · Plot 77","3","410000","https://www.taylorwimpey.co.uk/new-homes/milton-keynes/salden-place-east/plot-77","77","15","4"
"Salden Place East","The Trelton · Plot 133","4","440000","https://www.taylorwimpey.co.uk/new-homes/milton-keynes/salden-place-east/plot-133","133","16","6"
"Salden Place East","The Rightford · Plot 50","4","575000","https://www.taylorwimpey.co.uk/new-homes/milton-keynes/salden-place-east/plot-50","50","16","8"
"Salden Place East","The Waysdale · Plot 71","4","600000","https://www.taylorwimpey.co.uk/new-homes/milton-keynes/salden-place-east/plot-71","71","13","5"
"Salden Place West","The Harrton · Plot 181","3","400000","https://www.taylorwimpey.co.uk/new-homes/milton-keynes/salden-place-west/plot-181","181","16","6"
"Salden Place West","The Altbury · Plot 365","3","450000","https://www.taylorwimpey.co.uk/new-homes/milton-keynes/salden-place-west/plot-365","365","18","5"
"Salden Place West","The Trelton · Plot 179","4","450000","https://www.taylorwimpey.co.uk/new-homes/milton-keynes/salden-place-west/plot-179","179","16","6"
"Salden Place West","The Altbury · Plot 366","3","465000","https://www.taylorwimpey.co.uk/new-homes/milton-keynes/salden-place-west/plot-366","366","18","5"
"Salden Place West","The Elterdale · Plot 364","3","470000","https://www.taylorwimpey.co.uk/new-homes/milton-keynes/salden-place-west/plot-364","364","15","2"
"Salden Place West","The Elterdale · Plot 182","3","485000","https://www.taylorwimpey.co.uk/new-homes/milton-keynes/salden-place-west/plot-182","182","15","2"
"Salden Place West","The Colford · Plot 156","4","485000","https://www.taylorwimpey.co.uk/new-homes/milton-keynes/salden-place-west/plot-156","156","16","10"
"Salden Place West","The Plumdale · Plot 353","4","490000","https://www.taylorwimpey.co.uk/new-homes/milton-keynes/salden-place-west/plot-353","353","15","6"
"Salden Place West","The Rightford · Plot 354","4","565000","https://www.taylorwimpey.co.uk/new-homes/milton-keynes/salden-place-west/plot-354","354","16","10"
"Salden Place West","The Rightford · Plot 372","4","575000","https://www.taylorwimpey.co.uk/new-homes/milton-keynes/salden-place-west/plot-372","372","16","9"
"Salden Place West","The Waysdale · Plot 355","4","600000","https://www.taylorwimpey.co.uk/new-homes/milton-keynes/salden-place-west/plot-355","355","14","4"
"Hampden Fields West","The Eynsford · Plot 136","3","399000","https://www.taylorwimpey.co.uk/new-homes/aylesbury/hampden-fields-west/plot-136","136","14","4"
"Hampden Fields West","The Harrton · Plot 262","3","415000","https://www.taylorwimpey.co.uk/new-homes/aylesbury/hampden-fields-west/plot-262","262","16","6"
"Hampden Fields West","The Eynsford · Plot 295","3","415000","https://www.taylorwimpey.co.uk/new-homes/aylesbury/hampden-fields-west/plot-295","295","14","10"
"Hampden Fields West","The Owlton · Plot 139","3","425000","https://www.taylorwimpey.co.uk/new-homes/aylesbury/hampden-fields-west/plot-139","139","16","6"
"Hampden Fields West","The Aynesdale · Plot 209","3","435000","https://www.taylorwimpey.co.uk/new-homes/aylesbury/hampden-fields-west/plot-209","209","15","4"
"Hampden Fields West","The Aynesdale · Plot 294","3","440000","https://www.taylorwimpey.co.uk/new-homes/aylesbury/hampden-fields-west/plot-294","294","16","2"
"Hampden Fields West","The Trelton · Plot 206","3","450000","https://www.taylorwimpey.co.uk/new-homes/aylesbury/hampden-fields-west/plot-206","206","16","4"
"Hampden Fields West","The Densdale · Plot 148","3","465000","https://www.taylorwimpey.co.uk/new-homes/aylesbury/hampden-fields-west/plot-148","148","16","3"
"Hampden Fields West","The Threldale · Plot 263","4","475000","https://www.taylorwimpey.co.uk/new-homes/aylesbury/hampden-fields-west/plot-263","263","13","3"
"Hampden Fields West","The Threldale · Plot 348","4","475000","https://www.taylorwimpey.co.uk/new-homes/aylesbury/hampden-fields-west/plot-348","348","13","3"
"Hampden Fields East","The Buckland Apartments · Plot 445","2","265000","https://www.taylorwimpey.co.uk/new-homes/aylesbury/hampden-fields-east/plot-445","445","9","2"
"Hampden Fields East","The Buckland Apartments · Plot 449","2","270000","https://www.taylorwimpey.co.uk/new-homes/aylesbury/hampden-fields-east/plot-449","449","9","2"
"Hampden Fields East","The Eynsford · Plot 389","3","420000","https://www.taylorwimpey.co.uk/new-homes/aylesbury/hampden-fields-east/plot-389","389","14","10"
"Hampden Fields East","The Altbury · Plot 679","3","450000","https://www.taylorwimpey.co.uk/new-homes/aylesbury/hampden-fields-east/plot-679","679","18","5"
"Hampden Fields East","The Altbury · Plot 419","3","480000","https://www.taylorwimpey.co.uk/new-homes/aylesbury/hampden-fields-east/plot-419","419","18","5"
"Hampden Fields East","The Altbury · Plot 420","3","480000","https://www.taylorwimpey.co.uk/new-homes/aylesbury/hampden-fields-east/plot-420","420","18","5"