"development","house_type","bedrooms","property_url","image_file","image_url","reason"
"Farriers Chase","The Highstone (Plot 53) · Plot 53","4","https://www.wainhomes.co.uk/find-your-home/north-west/chorley/farriers-chase/fc-plot-53/","images/02761c1778e7671f808f48769e4ef24012131c347421be823dc29880a70e24d6.webp","https://www.wainhomes.co.uk/wp-content/uploads/2025/10/Highstone_Farriers_Chase_CGI_HR.jpg","This is an exterior photograph showcasing the front facade and front garden of the property."
"Farriers Chase","The Highstone (Plot 53) · Plot 53","4","https://www.wainhomes.co.uk/find-your-home/north-west/chorley/farriers-chase/fc-plot-53/","images/85a062287cf928fa7e9b4ed8ef86d2cfd575f521cd898977dc04d7f95dfb317e.webp","https://www.wainhomes.co.uk/wp-content/uploads/2026/09/The-Highstone-WH-Paddocks-51.jpg","This is an interior shot of the combined kitchen and dining space with garden views."
"Farriers Chase","The Highstone (Plot 53) · Plot 53","4","https://www.wainhomes.co.uk/find-your-home/north-west/chorley/farriers-chase/fc-plot-53/","images/0571cff965feb77f0f7edfe9454927f3225b8b97ad79c89bb12325d6147750dd.webp","https://www.wainhomes.co.uk/wp-content/uploads/2026/09/The-Highstone-WH-Paddocks-58.jpg","This is an interior photograph focusing specifically on the kitchen fittings and layout."
"Farriers Chase","The Highstone (Plot 53) · Plot 53","4","https://www.wainhomes.co.uk/find-your-home/north-west/chorley/farriers-chase/fc-plot-53/","images/2d05cf64d0e503079d487f8a85860f19f4b0ea27bce234fcb319f941e59d2645.webp","https://www.wainhomes.co.uk/wp-content/uploads/2026/09/The-Highstone-WH-Paddocks-57.jpg","This is an interior photograph showing a combined living and dining room layout."
"Farriers Chase","The Highstone (Plot 53) · Plot 53","4","https://www.wainhomes.co.uk/find-your-home/north-west/chorley/farriers-chase/fc-plot-53/","images/41321a54566bef17e4e79052840586c19dabf876b4f0574e06ecd937ee4f199b.webp","https://www.wainhomes.co.uk/wp-content/uploads/2026/09/The-Highstone-WH-Paddocks-39.jpg","The image shows a furnished living room space with sofas, seating, and decor."
"Farriers Chase","The Highstone (Plot 53) · Plot 53","4","https://www.wainhomes.co.uk/find-your-home/north-west/chorley/farriers-chase/fc-plot-53/","images/dd02ef2731f4a51da144ec787e0aee163f4baf796559177b9718353c4a6a7d37.webp","https://www.wainhomes.co.uk/wp-content/uploads/2026/09/The-Highstone-WH-Paddocks-37.jpg","This is another angle of the living room space shown in image-1."
"Farriers Chase","The Highstone (Plot 53) · Plot 53","4","https://www.wainhomes.co.uk/find-your-home/north-west/chorley/farriers-chase/fc-plot-53/","images/1c7f4ffe36b4b7f016fb938d51ffdee8e20c9faef4a3b8d0e2a7bdcf6a6905b3.webp","https://www.wainhomes.co.uk/wp-content/uploads/2026/09/The-Highstone-WH-Paddocks-42.jpg","The image shows a small bathroom or cloakroom with a toilet and sink."
"Farriers Chase","The Highstone (Plot 53) · Plot 53","4","https://www.wainhomes.co.uk/find-your-home/north-west/chorley/farriers-chase/fc-plot-53/","images/ebbf9241c9a1b1617589a4f2bf0a2834f82116c9fd21b578b4c1602016d7dcf4.webp","https://www.wainhomes.co.uk/wp-content/uploads/2026/09/The-Highstone-WH-Paddocks-84.jpg","The image shows a decorated bedroom with a bed and dressing area."
"Farriers Chase","The Highstone (Plot 53) · Plot 53","4","https://www.wainhomes.co.uk/find-your-home/north-west/chorley/farriers-chase/fc-plot-53/","images/ac4e70c0d9e19d565820f8fe075c8afc115f6b60c5a030c2a13676d82f770a80.webp","https://www.wainhomes.co.uk/wp-content/uploads/2026/09/The-Highstone-WH-Paddocks-76.jpg","The image shows a fully fitted residential bathroom with shower, bath, sink, and toilet."
"Farriers Chase","The Highstone (Plot 53) · Plot 53","4","https://www.wainhomes.co.uk/find-your-home/north-west/chorley/farriers-chase/fc-plot-53/","images/81c8743d9521e5bd0712626cdabd25d72a4a8bd63a00277cb5e0f01120a4e843.webp","https://www.wainhomes.co.uk/wp-content/uploads/2026/09/The-Highstone-WH-Paddocks-66.jpg","The image clearly shows a furnished bedroom with a large bed in the foreground."
"Farriers Chase","The Highstone (Plot 53) · Plot 53","4","https://www.wainhomes.co.uk/find-your-home/north-west/chorley/farriers-chase/fc-plot-53/","images/1bd7f756e846c175f772b9cd30f4afd500a5fe180982dec6b34bd0b7faf51fad.webp","https://www.wainhomes.co.uk/wp-content/uploads/2026/09/The-Highstone-WH-Paddocks-64.jpg","The image displays a decorated master bedroom with a large bed."
"Farriers Chase","The Highstone (Plot 53) · Plot 53","4","https://www.wainhomes.co.uk/find-your-home/north-west/chorley/farriers-chase/fc-plot-53/","images/534404d2082b076b6b418b0ce24ef6a11b552a50a28d2a6d8c3082b2c4e0cec4.webp","https://www.wainhomes.co.uk/wp-content/uploads/2026/09/The-Highstone-WH-Paddocks-59.jpg","The image shows a bedroom equipped with a double bed as well as a functional desk workspace."
"Farriers Chase","The Highstone (Plot 53) · Plot 53","4","https://www.wainhomes.co.uk/find-your-home/north-west/chorley/farriers-chase/fc-plot-53/","images/110aa088f1a8f64fd003ced2ce6fd57dccaab7c7881d8a719a20756885a5518d.webp","https://www.wainhomes.co.uk/wp-content/uploads/2026/09/The-Highstone-WH-Paddocks-68.jpg","The image shows a furnished bedroom with a single bed."
"Farriers Chase","The Highstone (Plot 53) · Plot 53","4","https://www.wainhomes.co.uk/find-your-home/north-west/chorley/farriers-chase/fc-plot-53/","images/80050048e1302fd032575807ebf26c08e0f13781a82ac0571f5589ee5fce33b7.webp","https://www.wainhomes.co.uk/wp-content/uploads/2026/09/The-Highstone-WH-Paddocks-87.jpg","The image shows a fully fitted modern bathroom with shower, sink, and toilet."
"Farriers Chase","The Highstone (Plot 53) · Plot 53","4","https://www.wainhomes.co.uk/find-your-home/north-west/chorley/farriers-chase/fc-plot-53/","images/a7325a50cad04d8ab0e746879db1f19a3bd7a5a96ef63683e56618ab7e178aea.webp","https://www.wainhomes.co.uk/wp-content/uploads/2025/08/The-Ash-Cardwell-Park-Wain-Homes-52.jpg","The image shows a modern fitted kitchen space."
"Farriers Chase","The Highstone (Plot 53) · Plot 53","4","https://www.wainhomes.co.uk/find-your-home/north-west/chorley/farriers-chase/fc-plot-53/","images/c66e43b47a6ce86674af637da89906344d4d636c988647cf931c2cb557519ced.webp","https://www.wainhomes.co.uk/wp-content/uploads/2025/08/The-Ash-Cardwell-Park-Wain-Homes-14.jpg","The image depicts a contemporary family bathroom with tub, shower, and toilet."
"Farriers Chase","The Highstone (Plot 53) · Plot 53","4","https://www.wainhomes.co.uk/find-your-home/north-west/chorley/farriers-chase/fc-plot-53/","images/dc1e75b9d2c42a791d5823c76a49418a4e2915f0afcac602818bbbf2953ad242.jpg","https://www.wainhomes.co.uk/wp-content/uploads/2025/12/WH-Badbury-Green-The-Marlow-SH-27.jpg","The image shows exterior property equipment in a garden setting."
"Farriers Chase","The Highstone (Plot 53) · Plot 53","4","https://www.wainhomes.co.uk/find-your-home/north-west/chorley/farriers-chase/fc-plot-53/","images/118df385785d342930b12c445669bc298342748cfb54913f12fba2a420beeae5.webp","https://www.wainhomes.co.uk/wp-content/uploads/2025/09/WH-The-Lawns-The-Cypress-67.jpg","This is a real photograph of a kitchen-diner space inside the property."
"Farriers Chase","The Highstone (Plot 53) · Plot 53","4","https://www.wainhomes.co.uk/find-your-home/north-west/chorley/farriers-chase/fc-plot-53/","images/fdfa277311ed25062393a04bc69a7b12bc07816153a94ab1f2f1e0d0c9889c17.webp","https://www.wainhomes.co.uk/wp-content/uploads/2025/03/ev-charger.jpg","This is an exterior photograph showing an EV charger on the property wall."
"Farriers Chase","The Highstone (Plot 53) · Plot 53","4","https://www.wainhomes.co.uk/find-your-home/north-west/chorley/farriers-chase/fc-plot-53/","images/c060307ae31bb28e5f6034d156c2c32d24605e0522c2778adca199289c18554c.webp","https://www.wainhomes.co.uk/wp-content/uploads/2025/01/SMALL-The-Hazel-Cardwell-Park-Wain-Homes-51.jpg","This is a real photograph of a living room interior."
"Farriers Chase","The Standish (Plot 6) · Plot 6","5","https://www.wainhomes.co.uk/find-your-home/north-west/chorley/farriers-chase/fc-plot-6/","images/0fb6e573abccceb4c65bae95801b3c0a2981b48062bab0ae6333eb063d194c7e.webp","https://www.wainhomes.co.uk/wp-content/uploads/2025/10/Standish_Farriers_Chase_CGI_HR-1.jpg","This shows the exterior elevation of the property from a different angle."
"Farriers Chase","The Standish (Plot 6) · Plot 6","5","https://www.wainhomes.co.uk/find-your-home/north-west/chorley/farriers-chase/fc-plot-6/","images/7aa661d7a6c03f3593400ac805b8669fe3924a115f827440e7cdb016302a008b.webp","https://www.wainhomes.co.uk/wp-content/uploads/2026/07/Standish-5BED_kitchen.jpg","This is an interior photograph of a kitchen and dining area."
"Farriers Chase","The Standish (Plot 6) · Plot 6","5","https://www.wainhomes.co.uk/find-your-home/north-west/chorley/farriers-chase/fc-plot-6/","images/426a9727c638aef11c114d8ba6ac6aa50b564617316b7a3cde35ef810d6bd5fa.webp","https://www.wainhomes.co.uk/wp-content/uploads/2026/07/Standish-5BED_kitchenb.jpg","This is an interior photo of the kitchen area highlighting the island and cabinetry."
"Farriers Chase","The Standish (Plot 6) · Plot 6","5","https://www.wainhomes.co.uk/find-your-home/north-west/chorley/farriers-chase/fc-plot-6/","images/5f0b953d34cb6c6acc11cc46d4d908b9b2f92756d465459c5c003227335ea892.webp","https://www.wainhomes.co.uk/wp-content/uploads/2026/07/Standish-5BED_living.jpg","This is an interior photograph of the main living room."
"Farriers Chase","The Standish (Plot 6) · Plot 6","5","https://www.wainhomes.co.uk/find-your-home/north-west/chorley/farriers-chase/fc-plot-6/","images/12ad46f7a3ec6c79bc90e0e8d5afcda0a09c75ba566627e9ee195bfafba35002.webp","https://www.wainhomes.co.uk/wp-content/uploads/2026/07/Standish-5BED_bed-1.jpg","The image clearly depicts a furnished bedroom with a large bed."
"Farriers Chase","The Standish (Plot 6) · Plot 6","5","https://www.wainhomes.co.uk/find-your-home/north-west/chorley/farriers-chase/fc-plot-6/","images/b89df3b0c026cafe189c199cf9e7498720c02d48dd9aed444fe82d9afea063a2.webp","https://www.wainhomes.co.uk/wp-content/uploads/2026/07/Standish-5BED_bed-1b.jpg","The image captures a bedroom interior with a bed and connecting room views."
"Farriers Chase","The Standish (Plot 6) · Plot 6","5","https://www.wainhomes.co.uk/find-your-home/north-west/chorley/farriers-chase/fc-plot-6/","images/1f129f49e8f05dc4d52568e198b6bf252f98ebcab66f8910a0a007426302f6ae.webp","https://www.wainhomes.co.uk/wp-content/uploads/2026/07/Standish-5BED_bed-2.jpg","The image displays a fully decorated bedroom interior."
"Farriers Chase","The Standish (Plot 6) · Plot 6","5","https://www.wainhomes.co.uk/find-your-home/north-west/chorley/farriers-chase/fc-plot-6/","images/69942e1658fcf5875528c32918091ba110356e94132b765f9fce99dd834e729e.webp","https://www.wainhomes.co.uk/wp-content/uploads/2026/07/Standish-5BED_bathroom.jpg","The image depicts a fully equipped contemporary bathroom."
"Farriers Chase","The Standish (Plot 6) · Plot 6","5","https://www.wainhomes.co.uk/find-your-home/north-west/chorley/farriers-chase/fc-plot-6/","images/2b81f04608c4c331ec5b55cbf6b905177b5fc3182cb877fce17cdb768533a9dc.webp","https://www.wainhomes.co.uk/wp-content/uploads/2026/07/Standish-5BED_bed-3.jpg","The image clearly shows a furnished double bedroom with a bed."
"Farriers Chase","The Standish (Plot 6) · Plot 6","5","https://www.wainhomes.co.uk/find-your-home/north-west/chorley/farriers-chase/fc-plot-6/","images/b3e57191dae76266c09d8032751dd4e5e9448f2498deb231de6e361e929259b9.webp","https://www.wainhomes.co.uk/wp-content/uploads/2026/07/Standish-5BED_bed-4.jpg","The image shows a dedicated home office or study room featuring a large desk and office chair."
"Farriers Chase","The Standish (Plot 6) · Plot 6","5","https://www.wainhomes.co.uk/find-your-home/north-west/chorley/farriers-chase/fc-plot-6/","images/02b51dbcd5ee080f740b0cfbe85a9b92054a1d3837521f1eb892e7d374b579ea.webp","https://www.wainhomes.co.uk/wp-content/uploads/2026/07/Standish-5BED_bed-5.jpg","The image depicts a child's single bedroom furnished with a bed and toys."
"Farriers Chase","The Standish (Plot 6) · Plot 6","5","https://www.wainhomes.co.uk/find-your-home/north-west/chorley/farriers-chase/fc-plot-6/","images/a7325a50cad04d8ab0e746879db1f19a3bd7a5a96ef63683e56618ab7e178aea.webp","https://www.wainhomes.co.uk/wp-content/uploads/2025/08/The-Ash-Cardwell-Park-Wain-Homes-52.jpg","The image shows a modern fitted kitchen space."
"Farriers Chase","The Standish (Plot 6) · Plot 6","5","https://www.wainhomes.co.uk/find-your-home/north-west/chorley/farriers-chase/fc-plot-6/","images/c66e43b47a6ce86674af637da89906344d4d636c988647cf931c2cb557519ced.webp","https://www.wainhomes.co.uk/wp-content/uploads/2025/08/The-Ash-Cardwell-Park-Wain-Homes-14.jpg","The image depicts a contemporary family bathroom with tub, shower, and toilet."
"Farriers Chase","The Standish (Plot 6) · Plot 6","5","https://www.wainhomes.co.uk/find-your-home/north-west/chorley/farriers-chase/fc-plot-6/","images/dc1e75b9d2c42a791d5823c76a49418a4e2915f0afcac602818bbbf2953ad242.jpg","https://www.wainhomes.co.uk/wp-content/uploads/2025/12/WH-Badbury-Green-The-Marlow-SH-27.jpg","The image shows exterior property equipment in a garden setting."
"Farriers Chase","The Standish (Plot 6) · Plot 6","5","https://www.wainhomes.co.uk/find-your-home/north-west/chorley/farriers-chase/fc-plot-6/","images/118df385785d342930b12c445669bc298342748cfb54913f12fba2a420beeae5.webp","https://www.wainhomes.co.uk/wp-content/uploads/2025/09/WH-The-Lawns-The-Cypress-67.jpg","This is a real photograph of a kitchen-diner space inside the property."
"Farriers Chase","The Standish (Plot 6) · Plot 6","5","https://www.wainhomes.co.uk/find-your-home/north-west/chorley/farriers-chase/fc-plot-6/","images/fdfa277311ed25062393a04bc69a7b12bc07816153a94ab1f2f1e0d0c9889c17.webp","https://www.wainhomes.co.uk/wp-content/uploads/2025/03/ev-charger.jpg","This is an exterior photograph showing an EV charger on the property wall."
"Farriers Chase","The Standish (Plot 6) · Plot 6","5","https://www.wainhomes.co.uk/find-your-home/north-west/chorley/farriers-chase/fc-plot-6/","images/c060307ae31bb28e5f6034d156c2c32d24605e0522c2778adca199289c18554c.webp","https://www.wainhomes.co.uk/wp-content/uploads/2025/01/SMALL-The-Hazel-Cardwell-Park-Wain-Homes-51.jpg","This is a real photograph of a living room interior."
"Farriers Chase","The Highstone (Plot 19) · Plot 19","4","https://www.wainhomes.co.uk/find-your-home/north-west/chorley/farriers-chase/fc-plot-19/","images/02761c1778e7671f808f48769e4ef24012131c347421be823dc29880a70e24d6.webp","https://www.wainhomes.co.uk/wp-content/uploads/2025/10/Highstone_Farriers_Chase_CGI_HR.jpg","This is an exterior photograph showcasing the front facade and front garden of the property."
"Farriers Chase","The Highstone (Plot 19) · Plot 19","4","https://www.wainhomes.co.uk/find-your-home/north-west/chorley/farriers-chase/fc-plot-19/","images/85a062287cf928fa7e9b4ed8ef86d2cfd575f521cd898977dc04d7f95dfb317e.webp","https://www.wainhomes.co.uk/wp-content/uploads/2026/09/The-Highstone-WH-Paddocks-51.jpg","This is an interior shot of the combined kitchen and dining space with garden views."
"Farriers Chase","The Highstone (Plot 19) · Plot 19","4","https://www.wainhomes.co.uk/find-your-home/north-west/chorley/farriers-chase/fc-plot-19/","images/0571cff965feb77f0f7edfe9454927f3225b8b97ad79c89bb12325d6147750dd.webp","https://www.wainhomes.co.uk/wp-content/uploads/2026/09/The-Highstone-WH-Paddocks-58.jpg","This is an interior photograph focusing specifically on the kitchen fittings and layout."
"Farriers Chase","The Highstone (Plot 19) · Plot 19","4","https://www.wainhomes.co.uk/find-your-home/north-west/chorley/farriers-chase/fc-plot-19/","images/2d05cf64d0e503079d487f8a85860f19f4b0ea27bce234fcb319f941e59d2645.webp","https://www.wainhomes.co.uk/wp-content/uploads/2026/09/The-Highstone-WH-Paddocks-57.jpg","This is an interior photograph showing a combined living and dining room layout."
"Farriers Chase","The Highstone (Plot 19) · Plot 19","4","https://www.wainhomes.co.uk/find-your-home/north-west/chorley/farriers-chase/fc-plot-19/","images/41321a54566bef17e4e79052840586c19dabf876b4f0574e06ecd937ee4f199b.webp","https://www.wainhomes.co.uk/wp-content/uploads/2026/09/The-Highstone-WH-Paddocks-39.jpg","The image shows a furnished living room space with sofas, seating, and decor."
"Farriers Chase","The Highstone (Plot 19) · Plot 19","4","https://www.wainhomes.co.uk/find-your-home/north-west/chorley/farriers-chase/fc-plot-19/","images/dd02ef2731f4a51da144ec787e0aee163f4baf796559177b9718353c4a6a7d37.webp","https://www.wainhomes.co.uk/wp-content/uploads/2026/09/The-Highstone-WH-Paddocks-37.jpg","This is another angle of the living room space shown in image-1."
"Farriers Chase","The Highstone (Plot 19) · Plot 19","4","https://www.wainhomes.co.uk/find-your-home/north-west/chorley/farriers-chase/fc-plot-19/","images/1c7f4ffe36b4b7f016fb938d51ffdee8e20c9faef4a3b8d0e2a7bdcf6a6905b3.webp","https://www.wainhomes.co.uk/wp-content/uploads/2026/09/The-Highstone-WH-Paddocks-42.jpg","The image shows a small bathroom or cloakroom with a toilet and sink."
"Farriers Chase","The Highstone (Plot 19) · Plot 19","4","https://www.wainhomes.co.uk/find-your-home/north-west/chorley/farriers-chase/fc-plot-19/","images/ebbf9241c9a1b1617589a4f2bf0a2834f82116c9fd21b578b4c1602016d7dcf4.webp","https://www.wainhomes.co.uk/wp-content/uploads/2026/09/The-Highstone-WH-Paddocks-84.jpg","The image shows a decorated bedroom with a bed and dressing area."
"Farriers Chase","The Highstone (Plot 19) · Plot 19","4","https://www.wainhomes.co.uk/find-your-home/north-west/chorley/farriers-chase/fc-plot-19/","images/ac4e70c0d9e19d565820f8fe075c8afc115f6b60c5a030c2a13676d82f770a80.webp","https://www.wainhomes.co.uk/wp-content/uploads/2026/09/The-Highstone-WH-Paddocks-76.jpg","The image shows a fully fitted residential bathroom with shower, bath, sink, and toilet."
"Farriers Chase","The Highstone (Plot 19) · Plot 19","4","https://www.wainhomes.co.uk/find-your-home/north-west/chorley/farriers-chase/fc-plot-19/","images/81c8743d9521e5bd0712626cdabd25d72a4a8bd63a00277cb5e0f01120a4e843.webp","https://www.wainhomes.co.uk/wp-content/uploads/2026/09/The-Highstone-WH-Paddocks-66.jpg","The image clearly shows a furnished bedroom with a large bed in the foreground."
"Farriers Chase","The Highstone (Plot 19) · Plot 19","4","https://www.wainhomes.co.uk/find-your-home/north-west/chorley/farriers-chase/fc-plot-19/","images/1bd7f756e846c175f772b9cd30f4afd500a5fe180982dec6b34bd0b7faf51fad.webp","https://www.wainhomes.co.uk/wp-content/uploads/2026/09/The-Highstone-WH-Paddocks-64.jpg","The image displays a decorated master bedroom with a large bed."
"Farriers Chase","The Highstone (Plot 19) · Plot 19","4","https://www.wainhomes.co.uk/find-your-home/north-west/chorley/farriers-chase/fc-plot-19/","images/534404d2082b076b6b418b0ce24ef6a11b552a50a28d2a6d8c3082b2c4e0cec4.webp","https://www.wainhomes.co.uk/wp-content/uploads/2026/09/The-Highstone-WH-Paddocks-59.jpg","The image shows a bedroom equipped with a double bed as well as a functional desk workspace."
"Farriers Chase","The Highstone (Plot 19) · Plot 19","4","https://www.wainhomes.co.uk/find-your-home/north-west/chorley/farriers-chase/fc-plot-19/","images/110aa088f1a8f64fd003ced2ce6fd57dccaab7c7881d8a719a20756885a5518d.webp","https://www.wainhomes.co.uk/wp-content/uploads/2026/09/The-Highstone-WH-Paddocks-68.jpg","The image shows a furnished bedroom with a single bed."
"Farriers Chase","The Highstone (Plot 19) · Plot 19","4","https://www.wainhomes.co.uk/find-your-home/north-west/chorley/farriers-chase/fc-plot-19/","images/80050048e1302fd032575807ebf26c08e0f13781a82ac0571f5589ee5fce33b7.webp","https://www.wainhomes.co.uk/wp-content/uploads/2026/09/The-Highstone-WH-Paddocks-87.jpg","The image shows a fully fitted modern bathroom with shower, sink, and toilet."
"Farriers Chase","The Highstone (Plot 19) · Plot 19","4","https://www.wainhomes.co.uk/find-your-home/north-west/chorley/farriers-chase/fc-plot-19/","images/a7325a50cad04d8ab0e746879db1f19a3bd7a5a96ef63683e56618ab7e178aea.webp","https://www.wainhomes.co.uk/wp-content/uploads/2025/08/The-Ash-Cardwell-Park-Wain-Homes-52.jpg","The image shows a modern fitted kitchen space."
"Farriers Chase","The Highstone (Plot 19) · Plot 19","4","https://www.wainhomes.co.uk/find-your-home/north-west/chorley/farriers-chase/fc-plot-19/","images/c66e43b47a6ce86674af637da89906344d4d636c988647cf931c2cb557519ced.webp","https://www.wainhomes.co.uk/wp-content/uploads/2025/08/The-Ash-Cardwell-Park-Wain-Homes-14.jpg","The image depicts a contemporary family bathroom with tub, shower, and toilet."
"Farriers Chase","The Highstone (Plot 19) · Plot 19","4","https://www.wainhomes.co.uk/find-your-home/north-west/chorley/farriers-chase/fc-plot-19/","images/dc1e75b9d2c42a791d5823c76a49418a4e2915f0afcac602818bbbf2953ad242.jpg","https://www.wainhomes.co.uk/wp-content/uploads/2025/12/WH-Badbury-Green-The-Marlow-SH-27.jpg","The image shows exterior property equipment in a garden setting."
"Farriers Chase","The Highstone (Plot 19) · Plot 19","4","https://www.wainhomes.co.uk/find-your-home/north-west/chorley/farriers-chase/fc-plot-19/","images/118df385785d342930b12c445669bc298342748cfb54913f12fba2a420beeae5.webp","https://www.wainhomes.co.uk/wp-content/uploads/2025/09/WH-The-Lawns-The-Cypress-67.jpg","This is a real photograph of a kitchen-diner space inside the property."
"Farriers Chase","The Highstone (Plot 19) · Plot 19","4","https://www.wainhomes.co.uk/find-your-home/north-west/chorley/farriers-chase/fc-plot-19/","images/fdfa277311ed25062393a04bc69a7b12bc07816153a94ab1f2f1e0d0c9889c17.webp","https://www.wainhomes.co.uk/wp-content/uploads/2025/03/ev-charger.jpg","This is an exterior photograph showing an EV charger on the property wall."
"Farriers Chase","The Highstone (Plot 19) · Plot 19","4","https://www.wainhomes.co.uk/find-your-home/north-west/chorley/farriers-chase/fc-plot-19/","images/c060307ae31bb28e5f6034d156c2c32d24605e0522c2778adca199289c18554c.webp","https://www.wainhomes.co.uk/wp-content/uploads/2025/01/SMALL-The-Hazel-Cardwell-Park-Wain-Homes-51.jpg","This is a real photograph of a living room interior."
"Farriers Chase","The Alderwood (Plot 31) · Plot 31","4","https://www.wainhomes.co.uk/find-your-home/north-west/chorley/farriers-chase/fc-plot-31/","images/725d31bb0ed9386153e529602d58be9348eee2092713847915581aacbe8ffdf9.webp","https://www.wainhomes.co.uk/wp-content/uploads/2025/10/Alderwood_Farriers_Chase_CGI_HR-1.jpg","This is an exterior CGI rendering of the property."
"Farriers Chase","The Alderwood (Plot 31) · Plot 31","4","https://www.wainhomes.co.uk/find-your-home/north-west/chorley/farriers-chase/fc-plot-31/","images/a7325a50cad04d8ab0e746879db1f19a3bd7a5a96ef63683e56618ab7e178aea.webp","https://www.wainhomes.co.uk/wp-content/uploads/2025/08/The-Ash-Cardwell-Park-Wain-Homes-52.jpg","The image shows a modern fitted kitchen space."
"Farriers Chase","The Alderwood (Plot 31) · Plot 31","4","https://www.wainhomes.co.uk/find-your-home/north-west/chorley/farriers-chase/fc-plot-31/","images/c66e43b47a6ce86674af637da89906344d4d636c988647cf931c2cb557519ced.webp","https://www.wainhomes.co.uk/wp-content/uploads/2025/08/The-Ash-Cardwell-Park-Wain-Homes-14.jpg","The image depicts a contemporary family bathroom with tub, shower, and toilet."
"Farriers Chase","The Alderwood (Plot 31) · Plot 31","4","https://www.wainhomes.co.uk/find-your-home/north-west/chorley/farriers-chase/fc-plot-31/","images/dc1e75b9d2c42a791d5823c76a49418a4e2915f0afcac602818bbbf2953ad242.jpg","https://www.wainhomes.co.uk/wp-content/uploads/2025/12/WH-Badbury-Green-The-Marlow-SH-27.jpg","The image shows exterior property equipment in a garden setting."
"Farriers Chase","The Alderwood (Plot 31) · Plot 31","4","https://www.wainhomes.co.uk/find-your-home/north-west/chorley/farriers-chase/fc-plot-31/","images/118df385785d342930b12c445669bc298342748cfb54913f12fba2a420beeae5.webp","https://www.wainhomes.co.uk/wp-content/uploads/2025/09/WH-The-Lawns-The-Cypress-67.jpg","This is a real photograph of a kitchen-diner space inside the property."
"Farriers Chase","The Alderwood (Plot 31) · Plot 31","4","https://www.wainhomes.co.uk/find-your-home/north-west/chorley/farriers-chase/fc-plot-31/","images/fdfa277311ed25062393a04bc69a7b12bc07816153a94ab1f2f1e0d0c9889c17.webp","https://www.wainhomes.co.uk/wp-content/uploads/2025/03/ev-charger.jpg","This is an exterior photograph showing an EV charger on the property wall."
"Farriers Chase","The Alderwood (Plot 31) · Plot 31","4","https://www.wainhomes.co.uk/find-your-home/north-west/chorley/farriers-chase/fc-plot-31/","images/c060307ae31bb28e5f6034d156c2c32d24605e0522c2778adca199289c18554c.webp","https://www.wainhomes.co.uk/wp-content/uploads/2025/01/SMALL-The-Hazel-Cardwell-Park-Wain-Homes-51.jpg","This is a real photograph of a living room interior."
"Farriers Chase","The Alderwood (Plot 31) · Plot 31","4","https://www.wainhomes.co.uk/find-your-home/north-west/chorley/farriers-chase/fc-plot-31/","images/dc894d080884c87a886bd8d82fc3604cef30739a1788d740cf384b568e57fd1f.webp","https://www.wainhomes.co.uk/wp-content/uploads/2025/10/Ashdene_Farriers_Chase_CGI_HR-1.jpg","This is an exterior CGI rendering of the property with a garage."
"Farriers Chase","The Ashdene (Plot 32) · Plot 32","4","https://www.wainhomes.co.uk/find-your-home/north-west/chorley/farriers-chase/fc-plot-32/","images/dc894d080884c87a886bd8d82fc3604cef30739a1788d740cf384b568e57fd1f.webp","https://www.wainhomes.co.uk/wp-content/uploads/2025/10/Ashdene_Farriers_Chase_CGI_HR-1.jpg","This is an exterior CGI rendering of the property with a garage."
"Farriers Chase","The Ashdene (Plot 32) · Plot 32","4","https://www.wainhomes.co.uk/find-your-home/north-west/chorley/farriers-chase/fc-plot-32/","images/61f902261d1e703713d8d45f9679a50e298614c3ea4d2161972a747e3362edae.webp","https://www.wainhomes.co.uk/wp-content/uploads/2026/06/Ashdene-23.jpg","This is a real photograph of a kitchen-diner inside the property."
"Farriers Chase","The Ashdene (Plot 32) · Plot 32","4","https://www.wainhomes.co.uk/find-your-home/north-west/chorley/farriers-chase/fc-plot-32/","images/5e491330bdcf0761abda0d719decf5f221edcc88609b2823fd71aa2a716c68bc.webp","https://www.wainhomes.co.uk/wp-content/uploads/2026/06/Ashdene-20.jpg","This image clearly shows a fitted kitchen space with cooking appliances and cabinetry."
"Farriers Chase","The Ashdene (Plot 32) · Plot 32","4","https://www.wainhomes.co.uk/find-your-home/north-west/chorley/farriers-chase/fc-plot-32/","images/a1a4c15d7fccab6e99126a1bdc6ab2ddff662f85d2ab63bbb1a18486a2a6ea1d.webp","https://www.wainhomes.co.uk/wp-content/uploads/2026/06/Ashdene-10.jpg","This is a real living room interior showing seating, a television unit, and decor."
"Farriers Chase","The Ashdene (Plot 32) · Plot 32","4","https://www.wainhomes.co.uk/find-your-home/north-west/chorley/farriers-chase/fc-plot-32/","images/b823aad02e29b0a9e92470fd8045f3dab3f7a1c119a083af826d2877a4377ac7.webp","https://www.wainhomes.co.uk/wp-content/uploads/2026/06/Ashdene-9.jpg","This is a real living room shot showcasing furniture and interior styling."
"Farriers Chase","The Ashdene (Plot 32) · Plot 32","4","https://www.wainhomes.co.uk/find-your-home/north-west/chorley/farriers-chase/fc-plot-32/","images/5c40a9b519d48fa5980a1d8bde4de7b88cf95cda3e7108ce294a5e8cf13d3a04.webp","https://www.wainhomes.co.uk/wp-content/uploads/2026/06/Ashdene-24.jpg","This is a real interior photograph of a functional home restroom and utility area."
"Farriers Chase","The Ashdene (Plot 32) · Plot 32","4","https://www.wainhomes.co.uk/find-your-home/north-west/chorley/farriers-chase/fc-plot-32/","images/30ad14ace924205b3f8a06ec1e85e2176ed08212b12379cb7d52d8dc426d54ce.webp","https://www.wainhomes.co.uk/wp-content/uploads/2026/06/Ashdene-32.jpg","The image clearly shows a bedroom with a double bed, bedside tables, and an en-suite bathroom door."
"Farriers Chase","The Ashdene (Plot 32) · Plot 32","4","https://www.wainhomes.co.uk/find-your-home/north-west/chorley/farriers-chase/fc-plot-32/","images/cdf9d109cca4f4316d777d38d45bd6611fd01030752fe1757f3aee49e8b20cde.webp","https://www.wainhomes.co.uk/wp-content/uploads/2026/06/Ashdene-28.jpg","The image shows a modern residential bathroom with a shower, toilet, and vanity unit."
"Farriers Chase","The Ashdene (Plot 32) · Plot 32","4","https://www.wainhomes.co.uk/find-your-home/north-west/chorley/farriers-chase/fc-plot-32/","images/127bce75e76d81f1d644d9b0eb190a3d25a3e35212bf9da46aaa506e83bc9992.webp","https://www.wainhomes.co.uk/wp-content/uploads/2026/06/Ashdene-41.jpg","This is a real photograph of a furnished bedroom interior."
"Farriers Chase","The Ashdene (Plot 32) · Plot 32","4","https://www.wainhomes.co.uk/find-your-home/north-west/chorley/farriers-chase/fc-plot-32/","images/22d03b124b5878c31657fd81093df89abac4a9047e891b3c1928690789d947b0.webp","https://www.wainhomes.co.uk/wp-content/uploads/2026/06/Ashdene-30.jpg","This is a real photograph of a modern bathroom interior."
"Farriers Chase","The Ashdene (Plot 32) · Plot 32","4","https://www.wainhomes.co.uk/find-your-home/north-west/chorley/farriers-chase/fc-plot-32/","images/35c796578e8c107be1257d3462a078a516fbdbd343cf5e393278795b9f7f4bc9.webp","https://www.wainhomes.co.uk/wp-content/uploads/2026/06/Ashdene-33.jpg","This is a real photograph of a decorated bedroom interior."
"Farriers Chase","The Ashdene (Plot 32) · Plot 32","4","https://www.wainhomes.co.uk/find-your-home/north-west/chorley/farriers-chase/fc-plot-32/","images/a87d021bcc065877a407badecebe72bc5af334833b81d8d32f05e9ca814b7abf.webp","https://www.wainhomes.co.uk/wp-content/uploads/2026/06/Ashdene-36.jpg","Real interior photograph of a child's bedroom."
"Farriers Chase","The Ashdene (Plot 32) · Plot 32","4","https://www.wainhomes.co.uk/find-your-home/north-west/chorley/farriers-chase/fc-plot-32/","images/a7325a50cad04d8ab0e746879db1f19a3bd7a5a96ef63683e56618ab7e178aea.webp","https://www.wainhomes.co.uk/wp-content/uploads/2025/08/The-Ash-Cardwell-Park-Wain-Homes-52.jpg","The image shows a modern fitted kitchen space."
"Farriers Chase","The Ashdene (Plot 32) · Plot 32","4","https://www.wainhomes.co.uk/find-your-home/north-west/chorley/farriers-chase/fc-plot-32/","images/c66e43b47a6ce86674af637da89906344d4d636c988647cf931c2cb557519ced.webp","https://www.wainhomes.co.uk/wp-content/uploads/2025/08/The-Ash-Cardwell-Park-Wain-Homes-14.jpg","The image depicts a contemporary family bathroom with tub, shower, and toilet."
"Farriers Chase","The Ashdene (Plot 32) · Plot 32","4","https://www.wainhomes.co.uk/find-your-home/north-west/chorley/farriers-chase/fc-plot-32/","images/dc1e75b9d2c42a791d5823c76a49418a4e2915f0afcac602818bbbf2953ad242.jpg","https://www.wainhomes.co.uk/wp-content/uploads/2025/12/WH-Badbury-Green-The-Marlow-SH-27.jpg","The image shows exterior property equipment in a garden setting."
"Farriers Chase","The Ashdene (Plot 32) · Plot 32","4","https://www.wainhomes.co.uk/find-your-home/north-west/chorley/farriers-chase/fc-plot-32/","images/118df385785d342930b12c445669bc298342748cfb54913f12fba2a420beeae5.webp","https://www.wainhomes.co.uk/wp-content/uploads/2025/09/WH-The-Lawns-The-Cypress-67.jpg","This is a real photograph of a kitchen-diner space inside the property."
"Farriers Chase","The Ashdene (Plot 32) · Plot 32","4","https://www.wainhomes.co.uk/find-your-home/north-west/chorley/farriers-chase/fc-plot-32/","images/fdfa277311ed25062393a04bc69a7b12bc07816153a94ab1f2f1e0d0c9889c17.webp","https://www.wainhomes.co.uk/wp-content/uploads/2025/03/ev-charger.jpg","This is an exterior photograph showing an EV charger on the property wall."
"Farriers Chase","The Ashdene (Plot 32) · Plot 32","4","https://www.wainhomes.co.uk/find-your-home/north-west/chorley/farriers-chase/fc-plot-32/","images/c060307ae31bb28e5f6034d156c2c32d24605e0522c2778adca199289c18554c.webp","https://www.wainhomes.co.uk/wp-content/uploads/2025/01/SMALL-The-Hazel-Cardwell-Park-Wain-Homes-51.jpg","This is a real photograph of a living room interior."
"Farriers Chase","The Ashdene (Plot 32) · Plot 32","4","https://www.wainhomes.co.uk/find-your-home/north-west/chorley/farriers-chase/fc-plot-32/","images/725d31bb0ed9386153e529602d58be9348eee2092713847915581aacbe8ffdf9.webp","https://www.wainhomes.co.uk/wp-content/uploads/2025/10/Alderwood_Farriers_Chase_CGI_HR-1.jpg","This is an exterior CGI rendering of the property."
"Farriers Chase","The Highstone (Plot 40) · Plot 40","4","https://www.wainhomes.co.uk/find-your-home/north-west/chorley/farriers-chase/fc-plot-40/","images/02761c1778e7671f808f48769e4ef24012131c347421be823dc29880a70e24d6.webp","https://www.wainhomes.co.uk/wp-content/uploads/2025/10/Highstone_Farriers_Chase_CGI_HR.jpg","This is an exterior photograph showcasing the front facade and front garden of the property."
"Farriers Chase","The Highstone (Plot 40) · Plot 40","4","https://www.wainhomes.co.uk/find-your-home/north-west/chorley/farriers-chase/fc-plot-40/","images/85a062287cf928fa7e9b4ed8ef86d2cfd575f521cd898977dc04d7f95dfb317e.webp","https://www.wainhomes.co.uk/wp-content/uploads/2026/09/The-Highstone-WH-Paddocks-51.jpg","This is an interior shot of the combined kitchen and dining space with garden views."
"Farriers Chase","The Highstone (Plot 40) · Plot 40","4","https://www.wainhomes.co.uk/find-your-home/north-west/chorley/farriers-chase/fc-plot-40/","images/0571cff965feb77f0f7edfe9454927f3225b8b97ad79c89bb12325d6147750dd.webp","https://www.wainhomes.co.uk/wp-content/uploads/2026/09/The-Highstone-WH-Paddocks-58.jpg","This is an interior photograph focusing specifically on the kitchen fittings and layout."
"Farriers Chase","The Highstone (Plot 40) · Plot 40","4","https://www.wainhomes.co.uk/find-your-home/north-west/chorley/farriers-chase/fc-plot-40/","images/2d05cf64d0e503079d487f8a85860f19f4b0ea27bce234fcb319f941e59d2645.webp","https://www.wainhomes.co.uk/wp-content/uploads/2026/09/The-Highstone-WH-Paddocks-57.jpg","This is an interior photograph showing a combined living and dining room layout."
"Farriers Chase","The Highstone (Plot 40) · Plot 40","4","https://www.wainhomes.co.uk/find-your-home/north-west/chorley/farriers-chase/fc-plot-40/","images/41321a54566bef17e4e79052840586c19dabf876b4f0574e06ecd937ee4f199b.webp","https://www.wainhomes.co.uk/wp-content/uploads/2026/09/The-Highstone-WH-Paddocks-39.jpg","The image shows a furnished living room space with sofas, seating, and decor."
"Farriers Chase","The Highstone (Plot 40) · Plot 40","4","https://www.wainhomes.co.uk/find-your-home/north-west/chorley/farriers-chase/fc-plot-40/","images/dd02ef2731f4a51da144ec787e0aee163f4baf796559177b9718353c4a6a7d37.webp","https://www.wainhomes.co.uk/wp-content/uploads/2026/09/The-Highstone-WH-Paddocks-37.jpg","This is another angle of the living room space shown in image-1."
"Farriers Chase","The Highstone (Plot 40) · Plot 40","4","https://www.wainhomes.co.uk/find-your-home/north-west/chorley/farriers-chase/fc-plot-40/","images/1c7f4ffe36b4b7f016fb938d51ffdee8e20c9faef4a3b8d0e2a7bdcf6a6905b3.webp","https://www.wainhomes.co.uk/wp-content/uploads/2026/09/The-Highstone-WH-Paddocks-42.jpg","The image shows a small bathroom or cloakroom with a toilet and sink."
"Farriers Chase","The Highstone (Plot 40) · Plot 40","4","https://www.wainhomes.co.uk/find-your-home/north-west/chorley/farriers-chase/fc-plot-40/","images/ebbf9241c9a1b1617589a4f2bf0a2834f82116c9fd21b578b4c1602016d7dcf4.webp","https://www.wainhomes.co.uk/wp-content/uploads/2026/09/The-Highstone-WH-Paddocks-84.jpg","The image shows a decorated bedroom with a bed and dressing area."
"Farriers Chase","The Highstone (Plot 40) · Plot 40","4","https://www.wainhomes.co.uk/find-your-home/north-west/chorley/farriers-chase/fc-plot-40/","images/ac4e70c0d9e19d565820f8fe075c8afc115f6b60c5a030c2a13676d82f770a80.webp","https://www.wainhomes.co.uk/wp-content/uploads/2026/09/The-Highstone-WH-Paddocks-76.jpg","The image shows a fully fitted residential bathroom with shower, bath, sink, and toilet."
"Farriers Chase","The Highstone (Plot 40) · Plot 40","4","https://www.wainhomes.co.uk/find-your-home/north-west/chorley/farriers-chase/fc-plot-40/","images/81c8743d9521e5bd0712626cdabd25d72a4a8bd63a00277cb5e0f01120a4e843.webp","https://www.wainhomes.co.uk/wp-content/uploads/2026/09/The-Highstone-WH-Paddocks-66.jpg","The image clearly shows a furnished bedroom with a large bed in the foreground."
"Farriers Chase","The Highstone (Plot 40) · Plot 40","4","https://www.wainhomes.co.uk/find-your-home/north-west/chorley/farriers-chase/fc-plot-40/","images/1bd7f756e846c175f772b9cd30f4afd500a5fe180982dec6b34bd0b7faf51fad.webp","https://www.wainhomes.co.uk/wp-content/uploads/2026/09/The-Highstone-WH-Paddocks-64.jpg","The image displays a decorated master bedroom with a large bed."
"Farriers Chase","The Highstone (Plot 40) · Plot 40","4","https://www.wainhomes.co.uk/find-your-home/north-west/chorley/farriers-chase/fc-plot-40/","images/534404d2082b076b6b418b0ce24ef6a11b552a50a28d2a6d8c3082b2c4e0cec4.webp","https://www.wainhomes.co.uk/wp-content/uploads/2026/09/The-Highstone-WH-Paddocks-59.jpg","The image shows a bedroom equipped with a double bed as well as a functional desk workspace."
"Farriers Chase","The Highstone (Plot 40) · Plot 40","4","https://www.wainhomes.co.uk/find-your-home/north-west/chorley/farriers-chase/fc-plot-40/","images/110aa088f1a8f64fd003ced2ce6fd57dccaab7c7881d8a719a20756885a5518d.webp","https://www.wainhomes.co.uk/wp-content/uploads/2026/09/The-Highstone-WH-Paddocks-68.jpg","The image shows a furnished bedroom with a single bed."
"Farriers Chase","The Highstone (Plot 40) · Plot 40","4","https://www.wainhomes.co.uk/find-your-home/north-west/chorley/farriers-chase/fc-plot-40/","images/80050048e1302fd032575807ebf26c08e0f13781a82ac0571f5589ee5fce33b7.webp","https://www.wainhomes.co.uk/wp-content/uploads/2026/09/The-Highstone-WH-Paddocks-87.jpg","The image shows a fully fitted modern bathroom with shower, sink, and toilet."
"Farriers Chase","The Highstone (Plot 40) · Plot 40","4","https://www.wainhomes.co.uk/find-your-home/north-west/chorley/farriers-chase/fc-plot-40/","images/a7325a50cad04d8ab0e746879db1f19a3bd7a5a96ef63683e56618ab7e178aea.webp","https://www.wainhomes.co.uk/wp-content/uploads/2025/08/The-Ash-Cardwell-Park-Wain-Homes-52.jpg","The image shows a modern fitted kitchen space."
"Farriers Chase","The Highstone (Plot 40) · Plot 40","4","https://www.wainhomes.co.uk/find-your-home/north-west/chorley/farriers-chase/fc-plot-40/","images/c66e43b47a6ce86674af637da89906344d4d636c988647cf931c2cb557519ced.webp","https://www.wainhomes.co.uk/wp-content/uploads/2025/08/The-Ash-Cardwell-Park-Wain-Homes-14.jpg","The image depicts a contemporary family bathroom with tub, shower, and toilet."
"Farriers Chase","The Highstone (Plot 40) · Plot 40","4","https://www.wainhomes.co.uk/find-your-home/north-west/chorley/farriers-chase/fc-plot-40/","images/dc1e75b9d2c42a791d5823c76a49418a4e2915f0afcac602818bbbf2953ad242.jpg","https://www.wainhomes.co.uk/wp-content/uploads/2025/12/WH-Badbury-Green-The-Marlow-SH-27.jpg","The image shows exterior property equipment in a garden setting."
"Farriers Chase","The Highstone (Plot 40) · Plot 40","4","https://www.wainhomes.co.uk/find-your-home/north-west/chorley/farriers-chase/fc-plot-40/","images/118df385785d342930b12c445669bc298342748cfb54913f12fba2a420beeae5.webp","https://www.wainhomes.co.uk/wp-content/uploads/2025/09/WH-The-Lawns-The-Cypress-67.jpg","This is a real photograph of a kitchen-diner space inside the property."
"Farriers Chase","The Highstone (Plot 40) · Plot 40","4","https://www.wainhomes.co.uk/find-your-home/north-west/chorley/farriers-chase/fc-plot-40/","images/fdfa277311ed25062393a04bc69a7b12bc07816153a94ab1f2f1e0d0c9889c17.webp","https://www.wainhomes.co.uk/wp-content/uploads/2025/03/ev-charger.jpg","This is an exterior photograph showing an EV charger on the property wall."
"Farriers Chase","The Highstone (Plot 40) · Plot 40","4","https://www.wainhomes.co.uk/find-your-home/north-west/chorley/farriers-chase/fc-plot-40/","images/c060307ae31bb28e5f6034d156c2c32d24605e0522c2778adca199289c18554c.webp","https://www.wainhomes.co.uk/wp-content/uploads/2025/01/SMALL-The-Hazel-Cardwell-Park-Wain-Homes-51.jpg","This is a real photograph of a living room interior."
"Farriers Chase","The Standish (Plot 45) · Plot 45","5","https://www.wainhomes.co.uk/find-your-home/north-west/chorley/farriers-chase/fc-plot-45/","images/0fb6e573abccceb4c65bae95801b3c0a2981b48062bab0ae6333eb063d194c7e.webp","https://www.wainhomes.co.uk/wp-content/uploads/2025/10/Standish_Farriers_Chase_CGI_HR-1.jpg","This shows the exterior elevation of the property from a different angle."
"Farriers Chase","The Standish (Plot 45) · Plot 45","5","https://www.wainhomes.co.uk/find-your-home/north-west/chorley/farriers-chase/fc-plot-45/","images/7aa661d7a6c03f3593400ac805b8669fe3924a115f827440e7cdb016302a008b.webp","https://www.wainhomes.co.uk/wp-content/uploads/2026/07/Standish-5BED_kitchen.jpg","This is an interior photograph of a kitchen and dining area."
"Farriers Chase","The Standish (Plot 45) · Plot 45","5","https://www.wainhomes.co.uk/find-your-home/north-west/chorley/farriers-chase/fc-plot-45/","images/426a9727c638aef11c114d8ba6ac6aa50b564617316b7a3cde35ef810d6bd5fa.webp","https://www.wainhomes.co.uk/wp-content/uploads/2026/07/Standish-5BED_kitchenb.jpg","This is an interior photo of the kitchen area highlighting the island and cabinetry."
"Farriers Chase","The Standish (Plot 45) · Plot 45","5","https://www.wainhomes.co.uk/find-your-home/north-west/chorley/farriers-chase/fc-plot-45/","images/5f0b953d34cb6c6acc11cc46d4d908b9b2f92756d465459c5c003227335ea892.webp","https://www.wainhomes.co.uk/wp-content/uploads/2026/07/Standish-5BED_living.jpg","This is an interior photograph of the main living room."
"Farriers Chase","The Standish (Plot 45) · Plot 45","5","https://www.wainhomes.co.uk/find-your-home/north-west/chorley/farriers-chase/fc-plot-45/","images/12ad46f7a3ec6c79bc90e0e8d5afcda0a09c75ba566627e9ee195bfafba35002.webp","https://www.wainhomes.co.uk/wp-content/uploads/2026/07/Standish-5BED_bed-1.jpg","The image clearly depicts a furnished bedroom with a large bed."
"Farriers Chase","The Standish (Plot 45) · Plot 45","5","https://www.wainhomes.co.uk/find-your-home/north-west/chorley/farriers-chase/fc-plot-45/","images/b89df3b0c026cafe189c199cf9e7498720c02d48dd9aed444fe82d9afea063a2.webp","https://www.wainhomes.co.uk/wp-content/uploads/2026/07/Standish-5BED_bed-1b.jpg","The image captures a bedroom interior with a bed and connecting room views."
"Farriers Chase","The Standish (Plot 45) · Plot 45","5","https://www.wainhomes.co.uk/find-your-home/north-west/chorley/farriers-chase/fc-plot-45/","images/1f129f49e8f05dc4d52568e198b6bf252f98ebcab66f8910a0a007426302f6ae.webp","https://www.wainhomes.co.uk/wp-content/uploads/2026/07/Standish-5BED_bed-2.jpg","The image displays a fully decorated bedroom interior."
"Farriers Chase","The Standish (Plot 45) · Plot 45","5","https://www.wainhomes.co.uk/find-your-home/north-west/chorley/farriers-chase/fc-plot-45/","images/69942e1658fcf5875528c32918091ba110356e94132b765f9fce99dd834e729e.webp","https://www.wainhomes.co.uk/wp-content/uploads/2026/07/Standish-5BED_bathroom.jpg","The image depicts a fully equipped contemporary bathroom."
"Farriers Chase","The Standish (Plot 45) · Plot 45","5","https://www.wainhomes.co.uk/find-your-home/north-west/chorley/farriers-chase/fc-plot-45/","images/2b81f04608c4c331ec5b55cbf6b905177b5fc3182cb877fce17cdb768533a9dc.webp","https://www.wainhomes.co.uk/wp-content/uploads/2026/07/Standish-5BED_bed-3.jpg","The image clearly shows a furnished double bedroom with a bed."
"Farriers Chase","The Standish (Plot 45) · Plot 45","5","https://www.wainhomes.co.uk/find-your-home/north-west/chorley/farriers-chase/fc-plot-45/","images/b3e57191dae76266c09d8032751dd4e5e9448f2498deb231de6e361e929259b9.webp","https://www.wainhomes.co.uk/wp-content/uploads/2026/07/Standish-5BED_bed-4.jpg","The image shows a dedicated home office or study room featuring a large desk and office chair."
"Farriers Chase","The Standish (Plot 45) · Plot 45","5","https://www.wainhomes.co.uk/find-your-home/north-west/chorley/farriers-chase/fc-plot-45/","images/02b51dbcd5ee080f740b0cfbe85a9b92054a1d3837521f1eb892e7d374b579ea.webp","https://www.wainhomes.co.uk/wp-content/uploads/2026/07/Standish-5BED_bed-5.jpg","The image depicts a child's single bedroom furnished with a bed and toys."
"Farriers Chase","The Standish (Plot 45) · Plot 45","5","https://www.wainhomes.co.uk/find-your-home/north-west/chorley/farriers-chase/fc-plot-45/","images/a7325a50cad04d8ab0e746879db1f19a3bd7a5a96ef63683e56618ab7e178aea.webp","https://www.wainhomes.co.uk/wp-content/uploads/2025/08/The-Ash-Cardwell-Park-Wain-Homes-52.jpg","The image shows a modern fitted kitchen space."
"Farriers Chase","The Standish (Plot 45) · Plot 45","5","https://www.wainhomes.co.uk/find-your-home/north-west/chorley/farriers-chase/fc-plot-45/","images/c66e43b47a6ce86674af637da89906344d4d636c988647cf931c2cb557519ced.webp","https://www.wainhomes.co.uk/wp-content/uploads/2025/08/The-Ash-Cardwell-Park-Wain-Homes-14.jpg","The image depicts a contemporary family bathroom with tub, shower, and toilet."
"Farriers Chase","The Standish (Plot 45) · Plot 45","5","https://www.wainhomes.co.uk/find-your-home/north-west/chorley/farriers-chase/fc-plot-45/","images/dc1e75b9d2c42a791d5823c76a49418a4e2915f0afcac602818bbbf2953ad242.jpg","https://www.wainhomes.co.uk/wp-content/uploads/2025/12/WH-Badbury-Green-The-Marlow-SH-27.jpg","The image shows exterior property equipment in a garden setting."
"Farriers Chase","The Standish (Plot 45) · Plot 45","5","https://www.wainhomes.co.uk/find-your-home/north-west/chorley/farriers-chase/fc-plot-45/","images/118df385785d342930b12c445669bc298342748cfb54913f12fba2a420beeae5.webp","https://www.wainhomes.co.uk/wp-content/uploads/2025/09/WH-The-Lawns-The-Cypress-67.jpg","This is a real photograph of a kitchen-diner space inside the property."
"Farriers Chase","The Standish (Plot 45) · Plot 45","5","https://www.wainhomes.co.uk/find-your-home/north-west/chorley/farriers-chase/fc-plot-45/","images/fdfa277311ed25062393a04bc69a7b12bc07816153a94ab1f2f1e0d0c9889c17.webp","https://www.wainhomes.co.uk/wp-content/uploads/2025/03/ev-charger.jpg","This is an exterior photograph showing an EV charger on the property wall."
"Farriers Chase","The Standish (Plot 45) · Plot 45","5","https://www.wainhomes.co.uk/find-your-home/north-west/chorley/farriers-chase/fc-plot-45/","images/c060307ae31bb28e5f6034d156c2c32d24605e0522c2778adca199289c18554c.webp","https://www.wainhomes.co.uk/wp-content/uploads/2025/01/SMALL-The-Hazel-Cardwell-Park-Wain-Homes-51.jpg","This is a real photograph of a living room interior."
"Farriers Chase","The Highstone (Plot 60) · Plot 60","4","https://www.wainhomes.co.uk/find-your-home/north-west/chorley/farriers-chase/fc-plot-60/","images/02761c1778e7671f808f48769e4ef24012131c347421be823dc29880a70e24d6.webp","https://www.wainhomes.co.uk/wp-content/uploads/2025/10/Highstone_Farriers_Chase_CGI_HR.jpg","This is an exterior photograph showcasing the front facade and front garden of the property."
"Farriers Chase","The Highstone (Plot 60) · Plot 60","4","https://www.wainhomes.co.uk/find-your-home/north-west/chorley/farriers-chase/fc-plot-60/","images/85a062287cf928fa7e9b4ed8ef86d2cfd575f521cd898977dc04d7f95dfb317e.webp","https://www.wainhomes.co.uk/wp-content/uploads/2026/09/The-Highstone-WH-Paddocks-51.jpg","This is an interior shot of the combined kitchen and dining space with garden views."
"Farriers Chase","The Highstone (Plot 60) · Plot 60","4","https://www.wainhomes.co.uk/find-your-home/north-west/chorley/farriers-chase/fc-plot-60/","images/0571cff965feb77f0f7edfe9454927f3225b8b97ad79c89bb12325d6147750dd.webp","https://www.wainhomes.co.uk/wp-content/uploads/2026/09/The-Highstone-WH-Paddocks-58.jpg","This is an interior photograph focusing specifically on the kitchen fittings and layout."
"Farriers Chase","The Highstone (Plot 60) · Plot 60","4","https://www.wainhomes.co.uk/find-your-home/north-west/chorley/farriers-chase/fc-plot-60/","images/2d05cf64d0e503079d487f8a85860f19f4b0ea27bce234fcb319f941e59d2645.webp","https://www.wainhomes.co.uk/wp-content/uploads/2026/09/The-Highstone-WH-Paddocks-57.jpg","This is an interior photograph showing a combined living and dining room layout."
"Farriers Chase","The Highstone (Plot 60) · Plot 60","4","https://www.wainhomes.co.uk/find-your-home/north-west/chorley/farriers-chase/fc-plot-60/","images/41321a54566bef17e4e79052840586c19dabf876b4f0574e06ecd937ee4f199b.webp","https://www.wainhomes.co.uk/wp-content/uploads/2026/09/The-Highstone-WH-Paddocks-39.jpg","The image shows a furnished living room space with sofas, seating, and decor."
"Farriers Chase","The Highstone (Plot 60) · Plot 60","4","https://www.wainhomes.co.uk/find-your-home/north-west/chorley/farriers-chase/fc-plot-60/","images/dd02ef2731f4a51da144ec787e0aee163f4baf796559177b9718353c4a6a7d37.webp","https://www.wainhomes.co.uk/wp-content/uploads/2026/09/The-Highstone-WH-Paddocks-37.jpg","This is another angle of the living room space shown in image-1."
"Farriers Chase","The Highstone (Plot 60) · Plot 60","4","https://www.wainhomes.co.uk/find-your-home/north-west/chorley/farriers-chase/fc-plot-60/","images/1c7f4ffe36b4b7f016fb938d51ffdee8e20c9faef4a3b8d0e2a7bdcf6a6905b3.webp","https://www.wainhomes.co.uk/wp-content/uploads/2026/09/The-Highstone-WH-Paddocks-42.jpg","The image shows a small bathroom or cloakroom with a toilet and sink."
"Farriers Chase","The Highstone (Plot 60) · Plot 60","4","https://www.wainhomes.co.uk/find-your-home/north-west/chorley/farriers-chase/fc-plot-60/","images/ebbf9241c9a1b1617589a4f2bf0a2834f82116c9fd21b578b4c1602016d7dcf4.webp","https://www.wainhomes.co.uk/wp-content/uploads/2026/09/The-Highstone-WH-Paddocks-84.jpg","The image shows a decorated bedroom with a bed and dressing area."
"Farriers Chase","The Highstone (Plot 60) · Plot 60","4","https://www.wainhomes.co.uk/find-your-home/north-west/chorley/farriers-chase/fc-plot-60/","images/ac4e70c0d9e19d565820f8fe075c8afc115f6b60c5a030c2a13676d82f770a80.webp","https://www.wainhomes.co.uk/wp-content/uploads/2026/09/The-Highstone-WH-Paddocks-76.jpg","The image shows a fully fitted residential bathroom with shower, bath, sink, and toilet."
"Farriers Chase","The Highstone (Plot 60) · Plot 60","4","https://www.wainhomes.co.uk/find-your-home/north-west/chorley/farriers-chase/fc-plot-60/","images/81c8743d9521e5bd0712626cdabd25d72a4a8bd63a00277cb5e0f01120a4e843.webp","https://www.wainhomes.co.uk/wp-content/uploads/2026/09/The-Highstone-WH-Paddocks-66.jpg","The image clearly shows a furnished bedroom with a large bed in the foreground."
"Farriers Chase","The Highstone (Plot 60) · Plot 60","4","https://www.wainhomes.co.uk/find-your-home/north-west/chorley/farriers-chase/fc-plot-60/","images/1bd7f756e846c175f772b9cd30f4afd500a5fe180982dec6b34bd0b7faf51fad.webp","https://www.wainhomes.co.uk/wp-content/uploads/2026/09/The-Highstone-WH-Paddocks-64.jpg","The image displays a decorated master bedroom with a large bed."
"Farriers Chase","The Highstone (Plot 60) · Plot 60","4","https://www.wainhomes.co.uk/find-your-home/north-west/chorley/farriers-chase/fc-plot-60/","images/534404d2082b076b6b418b0ce24ef6a11b552a50a28d2a6d8c3082b2c4e0cec4.webp","https://www.wainhomes.co.uk/wp-content/uploads/2026/09/The-Highstone-WH-Paddocks-59.jpg","The image shows a bedroom equipped with a double bed as well as a functional desk workspace."
"Farriers Chase","The Highstone (Plot 60) · Plot 60","4","https://www.wainhomes.co.uk/find-your-home/north-west/chorley/farriers-chase/fc-plot-60/","images/110aa088f1a8f64fd003ced2ce6fd57dccaab7c7881d8a719a20756885a5518d.webp","https://www.wainhomes.co.uk/wp-content/uploads/2026/09/The-Highstone-WH-Paddocks-68.jpg","The image shows a furnished bedroom with a single bed."
"Farriers Chase","The Highstone (Plot 60) · Plot 60","4","https://www.wainhomes.co.uk/find-your-home/north-west/chorley/farriers-chase/fc-plot-60/","images/80050048e1302fd032575807ebf26c08e0f13781a82ac0571f5589ee5fce33b7.webp","https://www.wainhomes.co.uk/wp-content/uploads/2026/09/The-Highstone-WH-Paddocks-87.jpg","The image shows a fully fitted modern bathroom with shower, sink, and toilet."
"Farriers Chase","The Highstone (Plot 60) · Plot 60","4","https://www.wainhomes.co.uk/find-your-home/north-west/chorley/farriers-chase/fc-plot-60/","images/a7325a50cad04d8ab0e746879db1f19a3bd7a5a96ef63683e56618ab7e178aea.webp","https://www.wainhomes.co.uk/wp-content/uploads/2025/08/The-Ash-Cardwell-Park-Wain-Homes-52.jpg","The image shows a modern fitted kitchen space."
"Farriers Chase","The Highstone (Plot 60) · Plot 60","4","https://www.wainhomes.co.uk/find-your-home/north-west/chorley/farriers-chase/fc-plot-60/","images/c66e43b47a6ce86674af637da89906344d4d636c988647cf931c2cb557519ced.webp","https://www.wainhomes.co.uk/wp-content/uploads/2025/08/The-Ash-Cardwell-Park-Wain-Homes-14.jpg","The image depicts a contemporary family bathroom with tub, shower, and toilet."
"Farriers Chase","The Highstone (Plot 60) · Plot 60","4","https://www.wainhomes.co.uk/find-your-home/north-west/chorley/farriers-chase/fc-plot-60/","images/dc1e75b9d2c42a791d5823c76a49418a4e2915f0afcac602818bbbf2953ad242.jpg","https://www.wainhomes.co.uk/wp-content/uploads/2025/12/WH-Badbury-Green-The-Marlow-SH-27.jpg","The image shows exterior property equipment in a garden setting."
"Farriers Chase","The Highstone (Plot 60) · Plot 60","4","https://www.wainhomes.co.uk/find-your-home/north-west/chorley/farriers-chase/fc-plot-60/","images/118df385785d342930b12c445669bc298342748cfb54913f12fba2a420beeae5.webp","https://www.wainhomes.co.uk/wp-content/uploads/2025/09/WH-The-Lawns-The-Cypress-67.jpg","This is a real photograph of a kitchen-diner space inside the property."
"Farriers Chase","The Highstone (Plot 60) · Plot 60","4","https://www.wainhomes.co.uk/find-your-home/north-west/chorley/farriers-chase/fc-plot-60/","images/fdfa277311ed25062393a04bc69a7b12bc07816153a94ab1f2f1e0d0c9889c17.webp","https://www.wainhomes.co.uk/wp-content/uploads/2025/03/ev-charger.jpg","This is an exterior photograph showing an EV charger on the property wall."
"Farriers Chase","The Highstone (Plot 60) · Plot 60","4","https://www.wainhomes.co.uk/find-your-home/north-west/chorley/farriers-chase/fc-plot-60/","images/c060307ae31bb28e5f6034d156c2c32d24605e0522c2778adca199289c18554c.webp","https://www.wainhomes.co.uk/wp-content/uploads/2025/01/SMALL-The-Hazel-Cardwell-Park-Wain-Homes-51.jpg","This is a real photograph of a living room interior."
"Farriers Chase","Farriers Chase development gallery","","https://www.wainhomes.co.uk/find-your-home/north-west/chorley/farriers-chase/","images/84304e77b233d3c8a595c6aa9d2d8ff6db64a0499cbfb269f1e18d9ce625d2d4.webp","https://www.wainhomes.co.uk/wp-content/uploads/2026/06/Farriers-Xhase-external.jpg","This is an exterior photograph of a newly built property and its sales office."
"Farriers Chase","Farriers Chase development gallery","","https://www.wainhomes.co.uk/find-your-home/north-west/chorley/farriers-chase/","images/16301619553ef06ce89360f99f15d47052af4b328bbc3e3e4d6dc1b934083dca.webp","https://www.wainhomes.co.uk/wp-content/uploads/2026/06/Farriers-Chase-The-Ashdene-show-home.jpg","The image displays the front facade and driveway of a modern residential property."
"Farriers Chase","Farriers Chase development gallery","","https://www.wainhomes.co.uk/find-your-home/north-west/chorley/farriers-chase/","images/3120c17d581a01201781f520147fb0976b8689335fde7c2e17af0c8da63b5166.webp","https://www.wainhomes.co.uk/wp-content/uploads/2026/06/Farriers-Chase-The-Hillgrove-6.jpg","The image presents a fully furnished living room with multiple seating areas and decor."
"Farriers Chase","Farriers Chase development gallery","","https://www.wainhomes.co.uk/find-your-home/north-west/chorley/farriers-chase/","images/e805ba35b7ad2693c076df9f07233b6336d29ed5675e33bea984a600a67ba288.webp","https://www.wainhomes.co.uk/wp-content/uploads/2025/10/Farriers_Chase_Streetscene_HR.jpg","The image shows the exterior street view of multiple new-build houses."
"Farriers Chase","Farriers Chase development gallery","","https://www.wainhomes.co.uk/find-your-home/north-west/chorley/farriers-chase/","images/4607d0b27aa3ca62fde779b7f2b0d25fd9fe318f5528a95a8bb4634660fcf468.webp","https://www.wainhomes.co.uk/wp-content/uploads/2026/06/Farriers-Chase-The-Hillgrove-8.jpg","This is a real photograph of a modern kitchen-diner space with a desk setup."
"Farriers Chase","Farriers Chase development gallery","","https://www.wainhomes.co.uk/find-your-home/north-west/chorley/farriers-chase/","images/5e8d4041c694f969feca31f4bb186e508c132756930582e438f49c6ed9af6cd1.webp","https://www.wainhomes.co.uk/wp-content/uploads/2026/06/Farriers-Chase-The-Hillgrove-74.jpg","This is a real aerial photograph of a property development site."
"Farriers Chase","Farriers Chase development gallery","","https://www.wainhomes.co.uk/find-your-home/north-west/chorley/farriers-chase/","images/30ad14ace924205b3f8a06ec1e85e2176ed08212b12379cb7d52d8dc426d54ce.webp","https://www.wainhomes.co.uk/wp-content/uploads/2026/06/Ashdene-32.jpg","The image clearly shows a bedroom with a double bed, bedside tables, and an en-suite bathroom door."
"Farriers Chase","Farriers Chase development gallery","","https://www.wainhomes.co.uk/find-your-home/north-west/chorley/farriers-chase/","images/0fb6e573abccceb4c65bae95801b3c0a2981b48062bab0ae6333eb063d194c7e.webp","https://www.wainhomes.co.uk/wp-content/uploads/2025/10/Standish_Farriers_Chase_CGI_HR-1.jpg","This shows the exterior elevation of the property from a different angle."
"Farriers Chase","Farriers Chase development gallery","","https://www.wainhomes.co.uk/find-your-home/north-west/chorley/farriers-chase/","images/14fea0a13f8a2b709b39097d14cd7839301ea3e1c0137522271a37ab0d7e5844.webp","https://www.wainhomes.co.uk/wp-content/uploads/2026/06/Farriers-Chase-The-Hillgrove-12.jpg","Real interior photograph of a kitchen and dining room space."
"Farriers Chase","Farriers Chase development gallery","","https://www.wainhomes.co.uk/find-your-home/north-west/chorley/farriers-chase/","images/02761c1778e7671f808f48769e4ef24012131c347421be823dc29880a70e24d6.webp","https://www.wainhomes.co.uk/wp-content/uploads/2025/10/Highstone_Farriers_Chase_CGI_HR.jpg","This is an exterior photograph showcasing the front facade and front garden of the property."
"Farriers Chase","Farriers Chase development gallery","","https://www.wainhomes.co.uk/find-your-home/north-west/chorley/farriers-chase/","images/85a062287cf928fa7e9b4ed8ef86d2cfd575f521cd898977dc04d7f95dfb317e.webp","https://www.wainhomes.co.uk/wp-content/uploads/2026/09/The-Highstone-WH-Paddocks-51.jpg","This is an interior shot of the combined kitchen and dining space with garden views."
"Farriers Chase","Farriers Chase development gallery","","https://www.wainhomes.co.uk/find-your-home/north-west/chorley/farriers-chase/","images/725d31bb0ed9386153e529602d58be9348eee2092713847915581aacbe8ffdf9.webp","https://www.wainhomes.co.uk/wp-content/uploads/2025/10/Alderwood_Farriers_Chase_CGI_HR-1.jpg","This is an exterior CGI rendering of the property."
"Farriers Chase","Farriers Chase development gallery","","https://www.wainhomes.co.uk/find-your-home/north-west/chorley/farriers-chase/","images/dc894d080884c87a886bd8d82fc3604cef30739a1788d740cf384b568e57fd1f.webp","https://www.wainhomes.co.uk/wp-content/uploads/2025/10/Ashdene_Farriers_Chase_CGI_HR-1.jpg","This is an exterior CGI rendering of the property with a garage."
"Farriers Chase","Farriers Chase development gallery","","https://www.wainhomes.co.uk/find-your-home/north-west/chorley/farriers-chase/","images/0571cff965feb77f0f7edfe9454927f3225b8b97ad79c89bb12325d6147750dd.webp","https://www.wainhomes.co.uk/wp-content/uploads/2026/09/The-Highstone-WH-Paddocks-58.jpg","This is an interior photograph focusing specifically on the kitchen fittings and layout."
"Farriers Chase","Farriers Chase development gallery","","https://www.wainhomes.co.uk/find-your-home/north-west/chorley/farriers-chase/","images/7aa661d7a6c03f3593400ac805b8669fe3924a115f827440e7cdb016302a008b.webp","https://www.wainhomes.co.uk/wp-content/uploads/2026/07/Standish-5BED_kitchen.jpg","This is an interior photograph of a kitchen and dining area."
"Farriers Chase","Farriers Chase development gallery","","https://www.wainhomes.co.uk/find-your-home/north-west/chorley/farriers-chase/","images/2d05cf64d0e503079d487f8a85860f19f4b0ea27bce234fcb319f941e59d2645.webp","https://www.wainhomes.co.uk/wp-content/uploads/2026/09/The-Highstone-WH-Paddocks-57.jpg","This is an interior photograph showing a combined living and dining room layout."
"Farriers Chase","Farriers Chase development gallery","","https://www.wainhomes.co.uk/find-your-home/north-west/chorley/farriers-chase/","images/2e5a2be0a833ad3cbac49828b80a2ef5a05f08b11295469d27a57bbf5f697ca4.webp","https://www.wainhomes.co.uk/wp-content/uploads/2026/06/Farriers-Chase-The-Hillgrove-2.jpg","Real interior photograph of a living room."
"Farriers Chase","Farriers Chase development gallery","","https://www.wainhomes.co.uk/find-your-home/north-west/chorley/farriers-chase/","images/61f902261d1e703713d8d45f9679a50e298614c3ea4d2161972a747e3362edae.webp","https://www.wainhomes.co.uk/wp-content/uploads/2026/06/Ashdene-23.jpg","This is a real photograph of a kitchen-diner inside the property."
"Farriers Chase","Farriers Chase development gallery","","https://www.wainhomes.co.uk/find-your-home/north-west/chorley/farriers-chase/","images/5288a961b5069b1ca5577ff8a0bf61af798f9510d00dac6a5ead26a2c75b1eb9.webp","https://www.wainhomes.co.uk/wp-content/uploads/2025/08/The-Ash-Cardwell-Park-Wain-Homes-63.jpg","Real exterior photograph of a house."
"Farriers Chase","Farriers Chase development gallery","","https://www.wainhomes.co.uk/find-your-home/north-west/chorley/farriers-chase/","images/5fe78b7a04a812fd703d88d78c2c861c6742171bd6ce26b67e23dbc05369d4a7.jpg","https://www.wainhomes.co.uk/wp-content/uploads/2025/02/Shakespeare-CGI.jpg","Exterior 3D architectural visualization of a residential house."
"Farriers Chase","Farriers Chase development gallery","","https://www.wainhomes.co.uk/find-your-home/north-west/chorley/farriers-chase/","images/9f12964e952052efc7a58c8622957b3f1491626dafaded20d2c1274b1711abfa.webp","https://www.wainhomes.co.uk/wp-content/uploads/2025/07/The-Lawns-Street-scene-1_CGI_HR-Jun-25-1.jpg","Shows the exterior development of multiple houses."
"Farriers Chase","Farriers Chase development gallery","","https://www.wainhomes.co.uk/find-your-home/north-west/chorley/farriers-chase/","images/d23f4bfb6956dd9986094b0d831f2326e152684315ab2bd13e9e537ddaa32837.webp","https://www.wainhomes.co.uk/wp-content/uploads/2026/09/The-Paddocks-street-scene-external-2.jpg","Shows the exterior of the property development including a sales office."
"Cardwell Park","The Willow Phase 2 (Plot 15) · Plot 15","4","https://www.wainhomes.co.uk/find-your-home/north-west/preston/cardwell-park/cpar-plot-15/","images/ec8be8eee7c391478374f671b176bdd3f9c985e31f3bf280e5a74bc8492dfb11.webp","https://www.wainhomes.co.uk/wp-content/uploads/2025/07/Willow-Plot-218_CGI_HR-1-scaled.jpg","This is an exterior architectural photo/rendering of the front of a house."
"Cardwell Park","The Willow Phase 2 (Plot 15) · Plot 15","4","https://www.wainhomes.co.uk/find-your-home/north-west/preston/cardwell-park/cpar-plot-15/","images/3c452e70b47921132c68f85003ce2af37146e78bbd14e3b445c3a9ce62e82613.webp","https://www.wainhomes.co.uk/wp-content/uploads/2025/04/Willow-10.jpg","The image shows a furnished interior living space with sofas and a television."
"Cardwell Park","The Willow Phase 2 (Plot 15) · Plot 15","4","https://www.wainhomes.co.uk/find-your-home/north-west/preston/cardwell-park/cpar-plot-15/","images/4b0c398c6822a3871ed1dab9651614464693599d0cb337aac0005083b0670758.webp","https://www.wainhomes.co.uk/wp-content/uploads/2025/04/Willow-9.jpg","The image depicts part of a living room interior with a sofa, bay window, and soft furnishings."
"Cardwell Park","The Willow Phase 2 (Plot 15) · Plot 15","4","https://www.wainhomes.co.uk/find-your-home/north-west/preston/cardwell-park/cpar-plot-15/","images/ee8678462d0cd733b55c097dd0bc1fd9c662cadb82321d68661b1cb270bb9064.webp","https://www.wainhomes.co.uk/wp-content/uploads/2025/04/Willow-5.jpg","The image displays built-in kitchen cabinetry, oven, hob, and extractor fan."
"Cardwell Park","The Willow Phase 2 (Plot 15) · Plot 15","4","https://www.wainhomes.co.uk/find-your-home/north-west/preston/cardwell-park/cpar-plot-15/","images/9cd37da0a12a3c9020904bebbdfbf2c2ac4f668f3d29f16c3b872026ee50c5a2.webp","https://www.wainhomes.co.uk/wp-content/uploads/2025/04/Willow-7.jpg","This is a real photograph of a furnished bedroom interior."
"Cardwell Park","The Willow Phase 2 (Plot 15) · Plot 15","4","https://www.wainhomes.co.uk/find-your-home/north-west/preston/cardwell-park/cpar-plot-15/","images/04d77ed57a1bf94d18be5e49215013f5fb61b502ef26c1899aa336a65a1e5a6b.webp","https://www.wainhomes.co.uk/wp-content/uploads/2025/04/Willow-8.jpg","This is a real photograph of a bathroom interior."
"Cardwell Park","The Willow Phase 2 (Plot 15) · Plot 15","4","https://www.wainhomes.co.uk/find-your-home/north-west/preston/cardwell-park/cpar-plot-15/","images/cd2f06419730b71c2c21ec4235df793e7283ae7fe682215db14121f073169475.webp","https://www.wainhomes.co.uk/wp-content/uploads/2025/04/Willow-3.jpg","This is a real photograph of a furnished bedroom interior."
"Cardwell Park","The Willow Phase 2 (Plot 15) · Plot 15","4","https://www.wainhomes.co.uk/find-your-home/north-west/preston/cardwell-park/cpar-plot-15/","images/fde67068a4126defbf426e256a08f89a4cf819c107bd32164ebaaeff4a2c3aa9.webp","https://www.wainhomes.co.uk/wp-content/uploads/2025/04/Willow-1.jpg","Real interior photograph of a bedroom."
"Cardwell Park","The Willow Phase 2 (Plot 15) · Plot 15","4","https://www.wainhomes.co.uk/find-your-home/north-west/preston/cardwell-park/cpar-plot-15/","images/e73a05831e9545e7cf1021b91c4967b7e33cc3ce55be5c9cf8a93ff59d1f8131.webp","https://www.wainhomes.co.uk/wp-content/uploads/2025/04/Willow-2.jpg","Real interior photograph of a bedroom."
"Cardwell Park","The Willow Phase 2 (Plot 15) · Plot 15","4","https://www.wainhomes.co.uk/find-your-home/north-west/preston/cardwell-park/cpar-plot-15/","images/eb990361b84ccfb3c6fd31949fecfce505eda6faebd99127684825a9bc6c2f42.webp","https://www.wainhomes.co.uk/wp-content/uploads/2025/04/Willow-6.jpg","Shows a fully finished bathroom interior with sanitaryware and shower enclosure."
"Cardwell Park","The Willow Phase 2 (Plot 15) · Plot 15","4","https://www.wainhomes.co.uk/find-your-home/north-west/preston/cardwell-park/cpar-plot-15/","images/e2c2e58a09e118ee49b9c3126f0e4d1998948af304b00130aeea3f164cfd37eb.webp","https://www.wainhomes.co.uk/wp-content/uploads/2025/08/The-Ash-Cardwell-Park-Wain-Homes-32.jpg","Interior photograph of a fitted residential kitchen."
"Cardwell Park","The Willow Phase 2 (Plot 15) · Plot 15","4","https://www.wainhomes.co.uk/find-your-home/north-west/preston/cardwell-park/cpar-plot-15/","images/9162bc20deebdfdc46b6a9b3e31d7002981d019fb2004eae866288f9a05ee6eb.webp","https://www.wainhomes.co.uk/wp-content/uploads/2025/03/The-Juniper-internal-11-1.jpg","This is a real interior photograph of a modern residential bathroom."
"Cardwell Park","The Willow Phase 2 (Plot 15) · Plot 15","4","https://www.wainhomes.co.uk/find-your-home/north-west/preston/cardwell-park/cpar-plot-15/","images/d5133b2707cc35e1fa09a42d1c780e83583c94ded7f67dfa921346c56231ddb4.webp","https://www.wainhomes.co.uk/wp-content/uploads/2025/08/The-Ash-Cardwell-Park-Wain-Homes-25.jpg","This is a real living room interior with couches, a coffee table, and a television."
"Cardwell Park","The Willow Phase 2 (Plot 15) · Plot 15","4","https://www.wainhomes.co.uk/find-your-home/north-west/preston/cardwell-park/cpar-plot-15/","images/fdfa277311ed25062393a04bc69a7b12bc07816153a94ab1f2f1e0d0c9889c17.webp","https://www.wainhomes.co.uk/wp-content/uploads/2025/03/ev-charger.jpg","This is an exterior photograph showing an EV charger on the property wall."
"Cardwell Park","The Willow Phase 2 (Plot 15) · Plot 15","4","https://www.wainhomes.co.uk/find-your-home/north-west/preston/cardwell-park/cpar-plot-15/","images/740e7c2c23cef3fbd6110882c23d920b9f1c5bbaeb8071431285c5a0318e304d.webp","https://www.wainhomes.co.uk/wp-content/uploads/2025/03/Street_Scene_CGI_LR.jpg","This is an architectural rendering showing the exterior streetscape of a housing estate."
"Cardwell Park","The Willow Phase 2 (Plot 15) · Plot 15","4","https://www.wainhomes.co.uk/find-your-home/north-west/preston/cardwell-park/cpar-plot-15/","images/fa11cbeb98354e16d51d437ddfcb6fec40f015832bbef014550131f0a5630884.jpg","https://www.wainhomes.co.uk/wp-content/uploads/2025/07/Candleberry-Plot-217_CGI_HR.jpg","This is a property exterior render."
"Cardwell Park","The Willow Phase 2 (Plot 15) · Plot 15","4","https://www.wainhomes.co.uk/find-your-home/north-west/preston/cardwell-park/cpar-plot-15/","images/8db47ca434a910363cd082eb32249811c5437bd164cac2a0f6b6d8127e79643f.webp","https://www.wainhomes.co.uk/wp-content/uploads/2025/04/Hornbeam-Plot-158_CGI_LR.jpg","This is a property exterior render."
"Cardwell Park","The Ash Show Home (Plot 1) · Plot 1","5","https://www.wainhomes.co.uk/find-your-home/north-west/preston/cardwell-park/cpar-plot-1/","images/5288a961b5069b1ca5577ff8a0bf61af798f9510d00dac6a5ead26a2c75b1eb9.webp","https://www.wainhomes.co.uk/wp-content/uploads/2025/08/The-Ash-Cardwell-Park-Wain-Homes-63.jpg","Real exterior photograph of a house."
"Cardwell Park","The Ash Show Home (Plot 1) · Plot 1","5","https://www.wainhomes.co.uk/find-your-home/north-west/preston/cardwell-park/cpar-plot-1/","images/62066b8f86de0530c2dfeabafc2afefd2b236b35c94ee66ad0301abfd77bbafa.webp","https://www.wainhomes.co.uk/wp-content/uploads/2025/08/The-Ash-Cardwell-Park-Wain-Homes-43.jpg","Interior photograph showing a finished living space combined with kitchen/dining."
"Cardwell Park","The Ash Show Home (Plot 1) · Plot 1","5","https://www.wainhomes.co.uk/find-your-home/north-west/preston/cardwell-park/cpar-plot-1/","images/a14b041ad00a98fe4baeb6ddb609223bb800e85e9eee2b488c3a8053e23d259d.webp","https://www.wainhomes.co.uk/wp-content/uploads/2025/08/The-Ash-Cardwell-Park-Wain-Homes-26.jpg","The image clearly shows a fully equipped contemporary kitchen with appliances, cabinetry, and a breakfast bar."
"Cardwell Park","The Ash Show Home (Plot 1) · Plot 1","5","https://www.wainhomes.co.uk/find-your-home/north-west/preston/cardwell-park/cpar-plot-1/","images/e2c2e58a09e118ee49b9c3126f0e4d1998948af304b00130aeea3f164cfd37eb.webp","https://www.wainhomes.co.uk/wp-content/uploads/2025/08/The-Ash-Cardwell-Park-Wain-Homes-32.jpg","Interior photograph of a fitted residential kitchen."
"Cardwell Park","The Ash Show Home (Plot 1) · Plot 1","5","https://www.wainhomes.co.uk/find-your-home/north-west/preston/cardwell-park/cpar-plot-1/","images/b5d0aa7fbd0a7798674e9a7225b308b26f4a19c504c7a38d8e1fa3ac1f8b37be.webp","https://www.wainhomes.co.uk/wp-content/uploads/2025/08/The-Ash-Cardwell-Park-Wain-Homes-37.jpg","This depicts a combined kitchen and living area with seating and kitchen installations."
"Cardwell Park","The Ash Show Home (Plot 1) · Plot 1","5","https://www.wainhomes.co.uk/find-your-home/north-west/preston/cardwell-park/cpar-plot-1/","images/3f8a70bc932eff3edc531f7ec590a02de145b18a6dbcc4e0289ddb4790a87229.webp","https://www.wainhomes.co.uk/wp-content/uploads/2025/08/The-Ash-Cardwell-Park-Wain-Homes-28.jpg","This is a cozy living area featuring a sofa and media unit overlooking the garden."
"Cardwell Park","The Ash Show Home (Plot 1) · Plot 1","5","https://www.wainhomes.co.uk/find-your-home/north-west/preston/cardwell-park/cpar-plot-1/","images/c1a2964f96eb65bcb80d3105e14bdc9edfccc191081676e0e679e6ddde20f857.webp","https://www.wainhomes.co.uk/wp-content/uploads/2025/08/The-Ash-Cardwell-Park-Wain-Homes-59.jpg","This is a real kitchen space showing built-in appliances and cabinetry."
"Cardwell Park","The Ash Show Home (Plot 1) · Plot 1","5","https://www.wainhomes.co.uk/find-your-home/north-west/preston/cardwell-park/cpar-plot-1/","images/a82efdc8aeb21dae4ca651d964f14846801b3bca5edb8b4b269d5976ecd8593e.webp","https://www.wainhomes.co.uk/wp-content/uploads/2025/08/The-Ash-Cardwell-Park-Wain-Homes-44.jpg","This is a real utility room adjacent to the kitchen."
"Cardwell Park","The Ash Show Home (Plot 1) · Plot 1","5","https://www.wainhomes.co.uk/find-your-home/north-west/preston/cardwell-park/cpar-plot-1/","images/2a2584e2c655be07cdd99f18a4abde926454618b04a4ece908037fe7dc988e2f.webp","https://www.wainhomes.co.uk/wp-content/uploads/2025/08/The-Ash-Cardwell-Park-Wain-Homes-40.jpg","This is a real living room interior."
"Cardwell Park","The Ash Show Home (Plot 1) · Plot 1","5","https://www.wainhomes.co.uk/find-your-home/north-west/preston/cardwell-park/cpar-plot-1/","images/d5133b2707cc35e1fa09a42d1c780e83583c94ded7f67dfa921346c56231ddb4.webp","https://www.wainhomes.co.uk/wp-content/uploads/2025/08/The-Ash-Cardwell-Park-Wain-Homes-25.jpg","This is a real living room interior with couches, a coffee table, and a television."
"Cardwell Park","The Ash Show Home (Plot 1) · Plot 1","5","https://www.wainhomes.co.uk/find-your-home/north-west/preston/cardwell-park/cpar-plot-1/","images/7c7c965103048e0c6949218dc3f1ca813682a9185421a73e7c49e6c3f70119b0.webp","https://www.wainhomes.co.uk/wp-content/uploads/2025/08/The-Ash-Cardwell-Park-Wain-Homes-19.jpg","This is a formal dining room setup with a dining table and chairs."
"Cardwell Park","The Ash Show Home (Plot 1) · Plot 1","5","https://www.wainhomes.co.uk/find-your-home/north-west/preston/cardwell-park/cpar-plot-1/","images/890c6050e022d1e121aca09671099e7085d39258b727344102179f55213469a5.webp","https://www.wainhomes.co.uk/wp-content/uploads/2025/08/The-Ash-Cardwell-Park-Wain-Homes-42.jpg","This is a property hallway connecting different rooms and stairs."
"Cardwell Park","The Ash Show Home (Plot 1) · Plot 1","5","https://www.wainhomes.co.uk/find-your-home/north-west/preston/cardwell-park/cpar-plot-1/","images/4e36192d6538f18ccc70414fef3de7857b33917a0f612fbfd036642f9fbc8a5c.webp","https://www.wainhomes.co.uk/wp-content/uploads/2025/08/The-Ash-Cardwell-Park-Wain-Homes-12.jpg","This is a finished bedroom containing a double bed and bedroom furniture."
"Cardwell Park","The Ash Show Home (Plot 1) · Plot 1","5","https://www.wainhomes.co.uk/find-your-home/north-west/preston/cardwell-park/cpar-plot-1/","images/060a9a3ab978d051fd5aab7f8865df8fba5b1288d6c26469ec69e8a370f3b59e.webp","https://www.wainhomes.co.uk/wp-content/uploads/2025/08/The-Ash-Cardwell-Park-Wain-Homes-13.jpg","This is a bedroom showing a bed, mirrored wardrobes, and dressing furniture."
"Cardwell Park","The Ash Show Home (Plot 1) · Plot 1","5","https://www.wainhomes.co.uk/find-your-home/north-west/preston/cardwell-park/cpar-plot-1/","images/43aaf881aba0a2e888e2b09c40cef19c795c648a6298617b7f4a12e756177a9a.webp","https://www.wainhomes.co.uk/wp-content/uploads/2025/08/The-Ash-Cardwell-Park-Wain-Homes-2.jpg","The image depicts a professionally staged bedroom."
"Cardwell Park","The Ash Show Home (Plot 1) · Plot 1","5","https://www.wainhomes.co.uk/find-your-home/north-west/preston/cardwell-park/cpar-plot-1/","images/3718fbb5e121d2ea1ae8ef14c350e0471b507dd5bd89a32217625996c4275eac.webp","https://www.wainhomes.co.uk/wp-content/uploads/2025/08/The-Ash-Cardwell-Park-Wain-Homes-1.jpg","The image shows a decorated bedroom inside a home."
"Cardwell Park","The Ash Show Home (Plot 1) · Plot 1","5","https://www.wainhomes.co.uk/find-your-home/north-west/preston/cardwell-park/cpar-plot-1/","images/c66e43b47a6ce86674af637da89906344d4d636c988647cf931c2cb557519ced.webp","https://www.wainhomes.co.uk/wp-content/uploads/2025/08/The-Ash-Cardwell-Park-Wain-Homes-14.jpg","The image depicts a contemporary family bathroom with tub, shower, and toilet."
"Cardwell Park","The Ash Show Home (Plot 1) · Plot 1","5","https://www.wainhomes.co.uk/find-your-home/north-west/preston/cardwell-park/cpar-plot-1/","images/82c9b7fe71b5b4817a524f739783cd8e3b887aa12ad52f8b52822f12346fcb13.webp","https://www.wainhomes.co.uk/wp-content/uploads/2025/08/The-Ash-Cardwell-Park-Wain-Homes-17.jpg","The image shows a residential bathroom with a walk-in shower."
"Cardwell Park","The Ash Show Home (Plot 1) · Plot 1","5","https://www.wainhomes.co.uk/find-your-home/north-west/preston/cardwell-park/cpar-plot-1/","images/4575fbf96ed7094a94055c50c57ae1ab054601c40b43f5546399097b5b43fc17.webp","https://www.wainhomes.co.uk/wp-content/uploads/2025/08/The-Ash-Cardwell-Park-Wain-Homes-6.jpg","The image shows a staged nursery room with a cot in a house."
"Cardwell Park","The Ash Show Home (Plot 1) · Plot 1","5","https://www.wainhomes.co.uk/find-your-home/north-west/preston/cardwell-park/cpar-plot-1/","images/9162bc20deebdfdc46b6a9b3e31d7002981d019fb2004eae866288f9a05ee6eb.webp","https://www.wainhomes.co.uk/wp-content/uploads/2025/03/The-Juniper-internal-11-1.jpg","This is a real interior photograph of a modern residential bathroom."
"Cardwell Park","The Ash Show Home (Plot 1) · Plot 1","5","https://www.wainhomes.co.uk/find-your-home/north-west/preston/cardwell-park/cpar-plot-1/","images/bc79afdbcebb24ea20f0eb4c987a9324d271b83bb53e0c07eb42d23258131cf9.webp","https://www.wainhomes.co.uk/wp-content/uploads/2025/02/PINFOLD-MANOR-THE-RICHMOND-84.jpg","It is a photograph of a real interior room (utility room)."
"Cardwell Park","The Ash Show Home (Plot 1) · Plot 1","5","https://www.wainhomes.co.uk/find-your-home/north-west/preston/cardwell-park/cpar-plot-1/","images/fdfa277311ed25062393a04bc69a7b12bc07816153a94ab1f2f1e0d0c9889c17.webp","https://www.wainhomes.co.uk/wp-content/uploads/2025/03/ev-charger.jpg","This is an exterior photograph showing an EV charger on the property wall."
"Cardwell Park","The Ash Show Home (Plot 1) · Plot 1","5","https://www.wainhomes.co.uk/find-your-home/north-west/preston/cardwell-park/cpar-plot-1/","images/740e7c2c23cef3fbd6110882c23d920b9f1c5bbaeb8071431285c5a0318e304d.webp","https://www.wainhomes.co.uk/wp-content/uploads/2025/03/Street_Scene_CGI_LR.jpg","This is an architectural rendering showing the exterior streetscape of a housing estate."
"Cardwell Park","The Ash Show Home (Plot 1) · Plot 1","5","https://www.wainhomes.co.uk/find-your-home/north-west/preston/cardwell-park/cpar-plot-1/","images/98c4556b0cf5fedb78188a75b0e1bf5491e22ae21f90e74aeda7cc85a5236a60.jpg","https://www.wainhomes.co.uk/wp-content/uploads/2025/07/Elm-Plot-173_CGI_HR.jpg","It is a CGI exterior property marketing image."
"Cardwell Park","The Laurel Semi Phase 2 – First Homes (Plot 18) · Plot 18","3","https://www.wainhomes.co.uk/find-your-home/north-west/preston/cardwell-park/cpar-plot-18/","images/5972a6451123bd88194a9c4ed0cab36487e1cbc9e6879a5932e0a2d542e4a610.webp","https://www.wainhomes.co.uk/wp-content/uploads/2025/07/Laurel-Plot-215-216_CGI_HR-1.jpg","This is an architectural rendering/exterior photograph showing the front of residential properties."
"Cardwell Park","The Laurel Semi Phase 2 – First Homes (Plot 18) · Plot 18","3","https://www.wainhomes.co.uk/find-your-home/north-west/preston/cardwell-park/cpar-plot-18/","images/b982041422ffb283c494603079432c5ff7efbf304559e1ed3babeafb2582ac3b.webp","https://www.wainhomes.co.uk/wp-content/uploads/2026/03/The-Laurel-Plot-Home-7-1.jpg","This space includes kitchen cabinets and a designated dining set."
"Cardwell Park","The Laurel Semi Phase 2 – First Homes (Plot 18) · Plot 18","3","https://www.wainhomes.co.uk/find-your-home/north-west/preston/cardwell-park/cpar-plot-18/","images/1323e528bf8d2fc9845fd259189a7b100dd9377ca5465958477c168501da9b2a.webp","https://www.wainhomes.co.uk/wp-content/uploads/2026/03/The-Laurel-Plot-Home-6-1.jpg","This is a real kitchen and dining room area inside a property."
"Cardwell Park","The Laurel Semi Phase 2 – First Homes (Plot 18) · Plot 18","3","https://www.wainhomes.co.uk/find-your-home/north-west/preston/cardwell-park/cpar-plot-18/","images/46c3cbe6e90a02e7e71fc4165e7dd642f1a5daea1e195ae52576d65fa9c57eea.webp","https://www.wainhomes.co.uk/wp-content/uploads/2026/03/The-Laurel-Plot-Home-10-1.jpg","This is a real interior view of a kitchen-diner."
"Cardwell Park","The Laurel Semi Phase 2 – First Homes (Plot 18) · Plot 18","3","https://www.wainhomes.co.uk/find-your-home/north-west/preston/cardwell-park/cpar-plot-18/","images/2e715c6e7149c66110a16f2ad15901e2e75632199b79135c4be6e3edd808cbea.webp","https://www.wainhomes.co.uk/wp-content/uploads/2026/03/The-Laurel-Plot-Home-3-1.jpg","This is a real living room interior."
"Cardwell Park","The Laurel Semi Phase 2 – First Homes (Plot 18) · Plot 18","3","https://www.wainhomes.co.uk/find-your-home/north-west/preston/cardwell-park/cpar-plot-18/","images/677b0bdb197b92b607b1d22f78cafb5ff210feb334046a0ae40d348a862c31c5.webp","https://www.wainhomes.co.uk/wp-content/uploads/2026/03/The-Laurel-Plot-Home-4-1.jpg","This is a finished living room furnished with a sofa, media unit, and modern styling."
"Cardwell Park","The Laurel Semi Phase 2 – First Homes (Plot 18) · Plot 18","3","https://www.wainhomes.co.uk/find-your-home/north-west/preston/cardwell-park/cpar-plot-18/","images/f3b06b1d0d821beac390c306522dbf527b8813ae585cf2cff60fd5eab184e59f.webp","https://www.wainhomes.co.uk/wp-content/uploads/2026/03/The-Laurel-Plot-Home-2-1.jpg","This is a downstairs cloakroom or WC featuring a toilet and washbasin."
"Cardwell Park","The Laurel Semi Phase 2 – First Homes (Plot 18) · Plot 18","3","https://www.wainhomes.co.uk/find-your-home/north-west/preston/cardwell-park/cpar-plot-18/","images/c78c10be8492608467891c2b117959e9fbf864b88f1c76e7b4fb981ddce9aa8d.webp","https://www.wainhomes.co.uk/wp-content/uploads/2026/03/The-Laurel-Plot-Home-23-1.jpg","This is a furnished bedroom featuring a double bed and bedside furniture."
"Cardwell Park","The Laurel Semi Phase 2 – First Homes (Plot 18) · Plot 18","3","https://www.wainhomes.co.uk/find-your-home/north-west/preston/cardwell-park/cpar-plot-18/","images/7da47e7353b098c7bc6dca8dbda5b12b4c1de195653f8b34379650d966a50f11.webp","https://www.wainhomes.co.uk/wp-content/uploads/2026/03/The-Laurel-Plot-Home-28-1.jpg","This is an ensuite bathroom featuring a shower, sink, and toilet facilities."
"Cardwell Park","The Laurel Semi Phase 2 – First Homes (Plot 18) · Plot 18","3","https://www.wainhomes.co.uk/find-your-home/north-west/preston/cardwell-park/cpar-plot-18/","images/2a5929983de3d3d75c21606638c691c50dbd6ec92d01279226225c21bf86b9a7.webp","https://www.wainhomes.co.uk/wp-content/uploads/2026/03/The-Laurel-Plot-Home-15-1.jpg","The image shows a furnished bedroom in a residential property."
"Cardwell Park","The Laurel Semi Phase 2 – First Homes (Plot 18) · Plot 18","3","https://www.wainhomes.co.uk/find-your-home/north-west/preston/cardwell-park/cpar-plot-18/","images/fbd0fc53673be8f7d69cd5f62010ba6f2c6c9edc958bc7662882e9cf55695259.webp","https://www.wainhomes.co.uk/wp-content/uploads/2026/03/The-Laurel-Plot-Home-18-1.jpg","The image shows a clean, fully fitted residential bathroom."
"Cardwell Park","The Laurel Semi Phase 2 – First Homes (Plot 18) · Plot 18","3","https://www.wainhomes.co.uk/find-your-home/north-west/preston/cardwell-park/cpar-plot-18/","images/96213c8c92aa21c9a9ac81139932756f3560d278f82c9ab3324b6a5360c42e68.webp","https://www.wainhomes.co.uk/wp-content/uploads/2026/03/The-Laurel-Plot-Home-13-1.jpg","The image displays a child's bedroom with a single bed."
"Cardwell Park","The Laurel Semi Phase 2 – First Homes (Plot 18) · Plot 18","3","https://www.wainhomes.co.uk/find-your-home/north-west/preston/cardwell-park/cpar-plot-18/","images/c1a71ed4ddca7a5838f95bd44d9da6d822950bd778aa35874be70d90a0b8f695.webp","https://www.wainhomes.co.uk/wp-content/uploads/2025/08/The-Hazel-Cardwell-Park-Wain-Homes-20.jpg","It is a photograph of a real interior room (kitchen/diner)."
"Cardwell Park","The Laurel Semi Phase 2 – First Homes (Plot 18) · Plot 18","3","https://www.wainhomes.co.uk/find-your-home/north-west/preston/cardwell-park/cpar-plot-18/","images/f5f83d3d1248b733c732f409b23dbf68c4c119c23beb75c14112c65352d1de52.webp","https://www.wainhomes.co.uk/wp-content/uploads/2025/08/The-Hazel-Cardwell-Park-Wain-Homes-11.jpg","It is a photograph of a real interior room (bathroom)."
"Cardwell Park","The Laurel Semi Phase 2 – First Homes (Plot 18) · Plot 18","3","https://www.wainhomes.co.uk/find-your-home/north-west/preston/cardwell-park/cpar-plot-18/","images/c060307ae31bb28e5f6034d156c2c32d24605e0522c2778adca199289c18554c.webp","https://www.wainhomes.co.uk/wp-content/uploads/2025/01/SMALL-The-Hazel-Cardwell-Park-Wain-Homes-51.jpg","This is a real photograph of a living room interior."
"Cardwell Park","The Laurel Semi Phase 2 – First Homes (Plot 18) · Plot 18","3","https://www.wainhomes.co.uk/find-your-home/north-west/preston/cardwell-park/cpar-plot-18/","images/fdfa277311ed25062393a04bc69a7b12bc07816153a94ab1f2f1e0d0c9889c17.webp","https://www.wainhomes.co.uk/wp-content/uploads/2025/03/ev-charger.jpg","This is an exterior photograph showing an EV charger on the property wall."
"Cardwell Park","The Laurel Semi Phase 2 – First Homes (Plot 18) · Plot 18","3","https://www.wainhomes.co.uk/find-your-home/north-west/preston/cardwell-park/cpar-plot-18/","images/740e7c2c23cef3fbd6110882c23d920b9f1c5bbaeb8071431285c5a0318e304d.webp","https://www.wainhomes.co.uk/wp-content/uploads/2025/03/Street_Scene_CGI_LR.jpg","This is an architectural rendering showing the exterior streetscape of a housing estate."
"Cardwell Park","The Laurel Semi Phase 2 – First Homes (Plot 18) · Plot 18","3","https://www.wainhomes.co.uk/find-your-home/north-west/preston/cardwell-park/cpar-plot-18/","images/d7ac5adf0c121fe5aa1fa44dd50e901db124bc65713117337200a99a5825404a.webp","https://www.wainhomes.co.uk/wp-content/uploads/2025/02/Walnut-Kingsley.jpg","It is a CGI exterior property marketing image."
"Cardwell Park","The Laurel Mid Phase 2 – First Homes (Plot 20) · Plot 20","3","https://www.wainhomes.co.uk/find-your-home/north-west/preston/cardwell-park/cpar-plot-20/","images/5972a6451123bd88194a9c4ed0cab36487e1cbc9e6879a5932e0a2d542e4a610.webp","https://www.wainhomes.co.uk/wp-content/uploads/2025/07/Laurel-Plot-215-216_CGI_HR-1.jpg","This is an architectural rendering/exterior photograph showing the front of residential properties."
"Cardwell Park","The Laurel Mid Phase 2 – First Homes (Plot 20) · Plot 20","3","https://www.wainhomes.co.uk/find-your-home/north-west/preston/cardwell-park/cpar-plot-20/","images/b982041422ffb283c494603079432c5ff7efbf304559e1ed3babeafb2582ac3b.webp","https://www.wainhomes.co.uk/wp-content/uploads/2026/03/The-Laurel-Plot-Home-7-1.jpg","This space includes kitchen cabinets and a designated dining set."
"Cardwell Park","The Laurel Mid Phase 2 – First Homes (Plot 20) · Plot 20","3","https://www.wainhomes.co.uk/find-your-home/north-west/preston/cardwell-park/cpar-plot-20/","images/46c3cbe6e90a02e7e71fc4165e7dd642f1a5daea1e195ae52576d65fa9c57eea.webp","https://www.wainhomes.co.uk/wp-content/uploads/2026/03/The-Laurel-Plot-Home-10-1.jpg","This is a real interior view of a kitchen-diner."
"Cardwell Park","The Laurel Mid Phase 2 – First Homes (Plot 20) · Plot 20","3","https://www.wainhomes.co.uk/find-your-home/north-west/preston/cardwell-park/cpar-plot-20/","images/1323e528bf8d2fc9845fd259189a7b100dd9377ca5465958477c168501da9b2a.webp","https://www.wainhomes.co.uk/wp-content/uploads/2026/03/The-Laurel-Plot-Home-6-1.jpg","This is a real kitchen and dining room area inside a property."
"Cardwell Park","The Laurel Mid Phase 2 – First Homes (Plot 20) · Plot 20","3","https://www.wainhomes.co.uk/find-your-home/north-west/preston/cardwell-park/cpar-plot-20/","images/2e715c6e7149c66110a16f2ad15901e2e75632199b79135c4be6e3edd808cbea.webp","https://www.wainhomes.co.uk/wp-content/uploads/2026/03/The-Laurel-Plot-Home-3-1.jpg","This is a real living room interior."
"Cardwell Park","The Laurel Mid Phase 2 – First Homes (Plot 20) · Plot 20","3","https://www.wainhomes.co.uk/find-your-home/north-west/preston/cardwell-park/cpar-plot-20/","images/677b0bdb197b92b607b1d22f78cafb5ff210feb334046a0ae40d348a862c31c5.webp","https://www.wainhomes.co.uk/wp-content/uploads/2026/03/The-Laurel-Plot-Home-4-1.jpg","This is a finished living room furnished with a sofa, media unit, and modern styling."
"Cardwell Park","The Laurel Mid Phase 2 – First Homes (Plot 20) · Plot 20","3","https://www.wainhomes.co.uk/find-your-home/north-west/preston/cardwell-park/cpar-plot-20/","images/f3b06b1d0d821beac390c306522dbf527b8813ae585cf2cff60fd5eab184e59f.webp","https://www.wainhomes.co.uk/wp-content/uploads/2026/03/The-Laurel-Plot-Home-2-1.jpg","This is a downstairs cloakroom or WC featuring a toilet and washbasin."
"Cardwell Park","The Laurel Mid Phase 2 – First Homes (Plot 20) · Plot 20","3","https://www.wainhomes.co.uk/find-your-home/north-west/preston/cardwell-park/cpar-plot-20/","images/c78c10be8492608467891c2b117959e9fbf864b88f1c76e7b4fb981ddce9aa8d.webp","https://www.wainhomes.co.uk/wp-content/uploads/2026/03/The-Laurel-Plot-Home-23-1.jpg","This is a furnished bedroom featuring a double bed and bedside furniture."
"Cardwell Park","The Laurel Mid Phase 2 – First Homes (Plot 20) · Plot 20","3","https://www.wainhomes.co.uk/find-your-home/north-west/preston/cardwell-park/cpar-plot-20/","images/7da47e7353b098c7bc6dca8dbda5b12b4c1de195653f8b34379650d966a50f11.webp","https://www.wainhomes.co.uk/wp-content/uploads/2026/03/The-Laurel-Plot-Home-28-1.jpg","This is an ensuite bathroom featuring a shower, sink, and toilet facilities."
"Cardwell Park","The Laurel Mid Phase 2 – First Homes (Plot 20) · Plot 20","3","https://www.wainhomes.co.uk/find-your-home/north-west/preston/cardwell-park/cpar-plot-20/","images/2a5929983de3d3d75c21606638c691c50dbd6ec92d01279226225c21bf86b9a7.webp","https://www.wainhomes.co.uk/wp-content/uploads/2026/03/The-Laurel-Plot-Home-15-1.jpg","The image shows a furnished bedroom in a residential property."
"Cardwell Park","The Laurel Mid Phase 2 – First Homes (Plot 20) · Plot 20","3","https://www.wainhomes.co.uk/find-your-home/north-west/preston/cardwell-park/cpar-plot-20/","images/fbd0fc53673be8f7d69cd5f62010ba6f2c6c9edc958bc7662882e9cf55695259.webp","https://www.wainhomes.co.uk/wp-content/uploads/2026/03/The-Laurel-Plot-Home-18-1.jpg","The image shows a clean, fully fitted residential bathroom."
"Cardwell Park","The Laurel Mid Phase 2 – First Homes (Plot 20) · Plot 20","3","https://www.wainhomes.co.uk/find-your-home/north-west/preston/cardwell-park/cpar-plot-20/","images/96213c8c92aa21c9a9ac81139932756f3560d278f82c9ab3324b6a5360c42e68.webp","https://www.wainhomes.co.uk/wp-content/uploads/2026/03/The-Laurel-Plot-Home-13-1.jpg","The image displays a child's bedroom with a single bed."
"Cardwell Park","The Laurel Mid Phase 2 – First Homes (Plot 20) · Plot 20","3","https://www.wainhomes.co.uk/find-your-home/north-west/preston/cardwell-park/cpar-plot-20/","images/c1a71ed4ddca7a5838f95bd44d9da6d822950bd778aa35874be70d90a0b8f695.webp","https://www.wainhomes.co.uk/wp-content/uploads/2025/08/The-Hazel-Cardwell-Park-Wain-Homes-20.jpg","It is a photograph of a real interior room (kitchen/diner)."
"Cardwell Park","The Laurel Mid Phase 2 – First Homes (Plot 20) · Plot 20","3","https://www.wainhomes.co.uk/find-your-home/north-west/preston/cardwell-park/cpar-plot-20/","images/f5f83d3d1248b733c732f409b23dbf68c4c119c23beb75c14112c65352d1de52.webp","https://www.wainhomes.co.uk/wp-content/uploads/2025/08/The-Hazel-Cardwell-Park-Wain-Homes-11.jpg","It is a photograph of a real interior room (bathroom)."
"Cardwell Park","The Laurel Mid Phase 2 – First Homes (Plot 20) · Plot 20","3","https://www.wainhomes.co.uk/find-your-home/north-west/preston/cardwell-park/cpar-plot-20/","images/c060307ae31bb28e5f6034d156c2c32d24605e0522c2778adca199289c18554c.webp","https://www.wainhomes.co.uk/wp-content/uploads/2025/01/SMALL-The-Hazel-Cardwell-Park-Wain-Homes-51.jpg","This is a real photograph of a living room interior."
"Cardwell Park","The Laurel Mid Phase 2 – First Homes (Plot 20) · Plot 20","3","https://www.wainhomes.co.uk/find-your-home/north-west/preston/cardwell-park/cpar-plot-20/","images/fdfa277311ed25062393a04bc69a7b12bc07816153a94ab1f2f1e0d0c9889c17.webp","https://www.wainhomes.co.uk/wp-content/uploads/2025/03/ev-charger.jpg","This is an exterior photograph showing an EV charger on the property wall."
"Cardwell Park","The Laurel Mid Phase 2 – First Homes (Plot 20) · Plot 20","3","https://www.wainhomes.co.uk/find-your-home/north-west/preston/cardwell-park/cpar-plot-20/","images/740e7c2c23cef3fbd6110882c23d920b9f1c5bbaeb8071431285c5a0318e304d.webp","https://www.wainhomes.co.uk/wp-content/uploads/2025/03/Street_Scene_CGI_LR.jpg","This is an architectural rendering showing the exterior streetscape of a housing estate."
"Cardwell Park","The Laurel Mid Phase 2 – First Homes (Plot 20) · Plot 20","3","https://www.wainhomes.co.uk/find-your-home/north-west/preston/cardwell-park/cpar-plot-20/","images/d7ac5adf0c121fe5aa1fa44dd50e901db124bc65713117337200a99a5825404a.webp","https://www.wainhomes.co.uk/wp-content/uploads/2025/02/Walnut-Kingsley.jpg","It is a CGI exterior property marketing image."
"Cardwell Park","The Laurel End Phase 2 – First Homes (Plot 21) · Plot 21","3","https://www.wainhomes.co.uk/find-your-home/north-west/preston/cardwell-park/cpar-plot-21/","images/5972a6451123bd88194a9c4ed0cab36487e1cbc9e6879a5932e0a2d542e4a610.webp","https://www.wainhomes.co.uk/wp-content/uploads/2025/07/Laurel-Plot-215-216_CGI_HR-1.jpg","This is an architectural rendering/exterior photograph showing the front of residential properties."
"Cardwell Park","The Laurel End Phase 2 – First Homes (Plot 21) · Plot 21","3","https://www.wainhomes.co.uk/find-your-home/north-west/preston/cardwell-park/cpar-plot-21/","images/b982041422ffb283c494603079432c5ff7efbf304559e1ed3babeafb2582ac3b.webp","https://www.wainhomes.co.uk/wp-content/uploads/2026/03/The-Laurel-Plot-Home-7-1.jpg","This space includes kitchen cabinets and a designated dining set."
"Cardwell Park","The Laurel End Phase 2 – First Homes (Plot 21) · Plot 21","3","https://www.wainhomes.co.uk/find-your-home/north-west/preston/cardwell-park/cpar-plot-21/","images/46c3cbe6e90a02e7e71fc4165e7dd642f1a5daea1e195ae52576d65fa9c57eea.webp","https://www.wainhomes.co.uk/wp-content/uploads/2026/03/The-Laurel-Plot-Home-10-1.jpg","This is a real interior view of a kitchen-diner."
"Cardwell Park","The Laurel End Phase 2 – First Homes (Plot 21) · Plot 21","3","https://www.wainhomes.co.uk/find-your-home/north-west/preston/cardwell-park/cpar-plot-21/","images/1323e528bf8d2fc9845fd259189a7b100dd9377ca5465958477c168501da9b2a.webp","https://www.wainhomes.co.uk/wp-content/uploads/2026/03/The-Laurel-Plot-Home-6-1.jpg","This is a real kitchen and dining room area inside a property."
"Cardwell Park","The Laurel End Phase 2 – First Homes (Plot 21) · Plot 21","3","https://www.wainhomes.co.uk/find-your-home/north-west/preston/cardwell-park/cpar-plot-21/","images/2e715c6e7149c66110a16f2ad15901e2e75632199b79135c4be6e3edd808cbea.webp","https://www.wainhomes.co.uk/wp-content/uploads/2026/03/The-Laurel-Plot-Home-3-1.jpg","This is a real living room interior."
"Cardwell Park","The Laurel End Phase 2 – First Homes (Plot 21) · Plot 21","3","https://www.wainhomes.co.uk/find-your-home/north-west/preston/cardwell-park/cpar-plot-21/","images/677b0bdb197b92b607b1d22f78cafb5ff210feb334046a0ae40d348a862c31c5.webp","https://www.wainhomes.co.uk/wp-content/uploads/2026/03/The-Laurel-Plot-Home-4-1.jpg","This is a finished living room furnished with a sofa, media unit, and modern styling."
"Cardwell Park","The Laurel End Phase 2 – First Homes (Plot 21) · Plot 21","3","https://www.wainhomes.co.uk/find-your-home/north-west/preston/cardwell-park/cpar-plot-21/","images/f3b06b1d0d821beac390c306522dbf527b8813ae585cf2cff60fd5eab184e59f.webp","https://www.wainhomes.co.uk/wp-content/uploads/2026/03/The-Laurel-Plot-Home-2-1.jpg","This is a downstairs cloakroom or WC featuring a toilet and washbasin."
"Cardwell Park","The Laurel End Phase 2 – First Homes (Plot 21) · Plot 21","3","https://www.wainhomes.co.uk/find-your-home/north-west/preston/cardwell-park/cpar-plot-21/","images/c78c10be8492608467891c2b117959e9fbf864b88f1c76e7b4fb981ddce9aa8d.webp","https://www.wainhomes.co.uk/wp-content/uploads/2026/03/The-Laurel-Plot-Home-23-1.jpg","This is a furnished bedroom featuring a double bed and bedside furniture."
"Cardwell Park","The Laurel End Phase 2 – First Homes (Plot 21) · Plot 21","3","https://www.wainhomes.co.uk/find-your-home/north-west/preston/cardwell-park/cpar-plot-21/","images/7da47e7353b098c7bc6dca8dbda5b12b4c1de195653f8b34379650d966a50f11.webp","https://www.wainhomes.co.uk/wp-content/uploads/2026/03/The-Laurel-Plot-Home-28-1.jpg","This is an ensuite bathroom featuring a shower, sink, and toilet facilities."
"Cardwell Park","The Laurel End Phase 2 – First Homes (Plot 21) · Plot 21","3","https://www.wainhomes.co.uk/find-your-home/north-west/preston/cardwell-park/cpar-plot-21/","images/2a5929983de3d3d75c21606638c691c50dbd6ec92d01279226225c21bf86b9a7.webp","https://www.wainhomes.co.uk/wp-content/uploads/2026/03/The-Laurel-Plot-Home-15-1.jpg","The image shows a furnished bedroom in a residential property."
"Cardwell Park","The Laurel End Phase 2 – First Homes (Plot 21) · Plot 21","3","https://www.wainhomes.co.uk/find-your-home/north-west/preston/cardwell-park/cpar-plot-21/","images/fbd0fc53673be8f7d69cd5f62010ba6f2c6c9edc958bc7662882e9cf55695259.webp","https://www.wainhomes.co.uk/wp-content/uploads/2026/03/The-Laurel-Plot-Home-18-1.jpg","The image shows a clean, fully fitted residential bathroom."
"Cardwell Park","The Laurel End Phase 2 – First Homes (Plot 21) · Plot 21","3","https://www.wainhomes.co.uk/find-your-home/north-west/preston/cardwell-park/cpar-plot-21/","images/96213c8c92aa21c9a9ac81139932756f3560d278f82c9ab3324b6a5360c42e68.webp","https://www.wainhomes.co.uk/wp-content/uploads/2026/03/The-Laurel-Plot-Home-13-1.jpg","The image displays a child's bedroom with a single bed."
"Cardwell Park","The Laurel End Phase 2 – First Homes (Plot 21) · Plot 21","3","https://www.wainhomes.co.uk/find-your-home/north-west/preston/cardwell-park/cpar-plot-21/","images/c1a71ed4ddca7a5838f95bd44d9da6d822950bd778aa35874be70d90a0b8f695.webp","https://www.wainhomes.co.uk/wp-content/uploads/2025/08/The-Hazel-Cardwell-Park-Wain-Homes-20.jpg","It is a photograph of a real interior room (kitchen/diner)."
"Cardwell Park","The Laurel End Phase 2 – First Homes (Plot 21) · Plot 21","3","https://www.wainhomes.co.uk/find-your-home/north-west/preston/cardwell-park/cpar-plot-21/","images/f5f83d3d1248b733c732f409b23dbf68c4c119c23beb75c14112c65352d1de52.webp","https://www.wainhomes.co.uk/wp-content/uploads/2025/08/The-Hazel-Cardwell-Park-Wain-Homes-11.jpg","It is a photograph of a real interior room (bathroom)."
"Cardwell Park","The Laurel End Phase 2 – First Homes (Plot 21) · Plot 21","3","https://www.wainhomes.co.uk/find-your-home/north-west/preston/cardwell-park/cpar-plot-21/","images/c060307ae31bb28e5f6034d156c2c32d24605e0522c2778adca199289c18554c.webp","https://www.wainhomes.co.uk/wp-content/uploads/2025/01/SMALL-The-Hazel-Cardwell-Park-Wain-Homes-51.jpg","This is a real photograph of a living room interior."
"Cardwell Park","The Laurel End Phase 2 – First Homes (Plot 21) · Plot 21","3","https://www.wainhomes.co.uk/find-your-home/north-west/preston/cardwell-park/cpar-plot-21/","images/fdfa277311ed25062393a04bc69a7b12bc07816153a94ab1f2f1e0d0c9889c17.webp","https://www.wainhomes.co.uk/wp-content/uploads/2025/03/ev-charger.jpg","This is an exterior photograph showing an EV charger on the property wall."
"Cardwell Park","The Laurel End Phase 2 – First Homes (Plot 21) · Plot 21","3","https://www.wainhomes.co.uk/find-your-home/north-west/preston/cardwell-park/cpar-plot-21/","images/740e7c2c23cef3fbd6110882c23d920b9f1c5bbaeb8071431285c5a0318e304d.webp","https://www.wainhomes.co.uk/wp-content/uploads/2025/03/Street_Scene_CGI_LR.jpg","This is an architectural rendering showing the exterior streetscape of a housing estate."
"Cardwell Park","The Laurel End Phase 2 – First Homes (Plot 21) · Plot 21","3","https://www.wainhomes.co.uk/find-your-home/north-west/preston/cardwell-park/cpar-plot-21/","images/d7ac5adf0c121fe5aa1fa44dd50e901db124bc65713117337200a99a5825404a.webp","https://www.wainhomes.co.uk/wp-content/uploads/2025/02/Walnut-Kingsley.jpg","It is a CGI exterior property marketing image."
"Cardwell Park","The Cypress Phase 2 (Plot 25) · Plot 25","4","https://www.wainhomes.co.uk/find-your-home/north-west/preston/cardwell-park/cpar-plot-25/","images/9e15ee624973ebbf24d405a427696c65b3821b54c7c41d9fa25ceb8ea69a1981.webp","https://www.wainhomes.co.uk/wp-content/uploads/2026/07/Cypress-Plot-210_CGI_HR.jpg","This is an exterior promotional photograph of the front of a modern residential house."
"Cardwell Park","The Cypress Phase 2 (Plot 25) · Plot 25","4","https://www.wainhomes.co.uk/find-your-home/north-west/preston/cardwell-park/cpar-plot-25/","images/118df385785d342930b12c445669bc298342748cfb54913f12fba2a420beeae5.webp","https://www.wainhomes.co.uk/wp-content/uploads/2025/09/WH-The-Lawns-The-Cypress-67.jpg","This is a real photograph of a kitchen-diner space inside the property."
"Cardwell Park","The Cypress Phase 2 (Plot 25) · Plot 25","4","https://www.wainhomes.co.uk/find-your-home/north-west/preston/cardwell-park/cpar-plot-25/","images/885f06de21d14ac11038d0df3ecc537d6dcdc0b49a97dc6224bbed0c5050786d.webp","https://www.wainhomes.co.uk/wp-content/uploads/2025/09/WH-The-Lawns-The-Cypress-75.jpg","The space contains kitchen counters, cabinets, sink, and cooking appliances."
"Cardwell Park","The Cypress Phase 2 (Plot 25) · Plot 25","4","https://www.wainhomes.co.uk/find-your-home/north-west/preston/cardwell-park/cpar-plot-25/","images/855554e8545dece13c64a1997a0eab1fcd2137a246633c5e68b276977b1dd8d9.webp","https://www.wainhomes.co.uk/wp-content/uploads/2025/09/WH-The-Lawns-The-Cypress-57.jpg","The room includes lounge seating, a sofa, coffee table, and decorative wall shelving characteristic of a living room."
"Cardwell Park","The Cypress Phase 2 (Plot 25) · Plot 25","4","https://www.wainhomes.co.uk/find-your-home/north-west/preston/cardwell-park/cpar-plot-25/","images/55e46cc65ea63330ce6df8e6df4e60717b6c806ca3110c7fc3c48199bcca0ca6.webp","https://www.wainhomes.co.uk/wp-content/uploads/2025/09/WH-The-Lawns-The-Cypress-69.jpg","The room is centrally arranged around a large dining table and chairs, functioning as a dedicated dining room."
"Cardwell Park","The Cypress Phase 2 (Plot 25) · Plot 25","4","https://www.wainhomes.co.uk/find-your-home/north-west/preston/cardwell-park/cpar-plot-25/","images/6a622919560d856fb0a7b0dbed55f8e45df214e1c046c3d8dbbef706782a528a.webp","https://www.wainhomes.co.uk/wp-content/uploads/2025/09/WH-The-Lawns-The-Cypress-64.jpg","The room contains a toilet and a hand basin, serving as a compact cloakroom or WC."
"Cardwell Park","The Cypress Phase 2 (Plot 25) · Plot 25","4","https://www.wainhomes.co.uk/find-your-home/north-west/preston/cardwell-park/cpar-plot-25/","images/f4ea1d440482f62cb12f7364fdb9ad4f4e9f0308b3165fb6cbe71e4d76185195.webp","https://www.wainhomes.co.uk/wp-content/uploads/2025/09/WH-The-Lawns-The-Cypress-88.jpg","This is a real bedroom inside a property."
"Cardwell Park","The Cypress Phase 2 (Plot 25) · Plot 25","4","https://www.wainhomes.co.uk/find-your-home/north-west/preston/cardwell-park/cpar-plot-25/","images/951818ec7154ca741582200f5d45778fae7ec108393677a555b742f66ecd06bf.webp","https://www.wainhomes.co.uk/wp-content/uploads/2025/09/WH-The-Lawns-The-Cypress-79.jpg","This is a real bedroom inside a property."
"Cardwell Park","The Cypress Phase 2 (Plot 25) · Plot 25","4","https://www.wainhomes.co.uk/find-your-home/north-west/preston/cardwell-park/cpar-plot-25/","images/ae4a424005ed7e58d48ea9376e7d33c7647ace3df2ca0eb75726b830ad6b643e.webp","https://www.wainhomes.co.uk/wp-content/uploads/2025/09/WH-The-Lawns-The-Cypress-83.jpg","This is a real home study room inside a property."
"Cardwell Park","The Cypress Phase 2 (Plot 25) · Plot 25","4","https://www.wainhomes.co.uk/find-your-home/north-west/preston/cardwell-park/cpar-plot-25/","images/226daa84d009cd879751d8e7dadb51b045f927ca803e3c68ffdd044584cb2229.webp","https://www.wainhomes.co.uk/wp-content/uploads/2025/09/WH-The-Lawns-The-Cypress-96.jpg","This is a real children's bedroom inside a property."
"Cardwell Park","The Cypress Phase 2 (Plot 25) · Plot 25","4","https://www.wainhomes.co.uk/find-your-home/north-west/preston/cardwell-park/cpar-plot-25/","images/58a0a96d3ef1f9b1b725e915ca08815a0e4950318e0c92f13c027c4b6870cb4a.webp","https://www.wainhomes.co.uk/wp-content/uploads/2025/09/WH-The-Lawns-The-Cypress-86.jpg","This is a real room photograph showing a contemporary bathroom."
"Cardwell Park","The Cypress Phase 2 (Plot 25) · Plot 25","4","https://www.wainhomes.co.uk/find-your-home/north-west/preston/cardwell-park/cpar-plot-25/","images/e2c2e58a09e118ee49b9c3126f0e4d1998948af304b00130aeea3f164cfd37eb.webp","https://www.wainhomes.co.uk/wp-content/uploads/2025/08/The-Ash-Cardwell-Park-Wain-Homes-32.jpg","Interior photograph of a fitted residential kitchen."
"Cardwell Park","The Cypress Phase 2 (Plot 25) · Plot 25","4","https://www.wainhomes.co.uk/find-your-home/north-west/preston/cardwell-park/cpar-plot-25/","images/9162bc20deebdfdc46b6a9b3e31d7002981d019fb2004eae866288f9a05ee6eb.webp","https://www.wainhomes.co.uk/wp-content/uploads/2025/03/The-Juniper-internal-11-1.jpg","This is a real interior photograph of a modern residential bathroom."
"Cardwell Park","The Cypress Phase 2 (Plot 25) · Plot 25","4","https://www.wainhomes.co.uk/find-your-home/north-west/preston/cardwell-park/cpar-plot-25/","images/d5133b2707cc35e1fa09a42d1c780e83583c94ded7f67dfa921346c56231ddb4.webp","https://www.wainhomes.co.uk/wp-content/uploads/2025/08/The-Ash-Cardwell-Park-Wain-Homes-25.jpg","This is a real living room interior with couches, a coffee table, and a television."
"Cardwell Park","The Cypress Phase 2 (Plot 25) · Plot 25","4","https://www.wainhomes.co.uk/find-your-home/north-west/preston/cardwell-park/cpar-plot-25/","images/fdfa277311ed25062393a04bc69a7b12bc07816153a94ab1f2f1e0d0c9889c17.webp","https://www.wainhomes.co.uk/wp-content/uploads/2025/03/ev-charger.jpg","This is an exterior photograph showing an EV charger on the property wall."
"Cardwell Park","The Cypress Phase 2 (Plot 25) · Plot 25","4","https://www.wainhomes.co.uk/find-your-home/north-west/preston/cardwell-park/cpar-plot-25/","images/740e7c2c23cef3fbd6110882c23d920b9f1c5bbaeb8071431285c5a0318e304d.webp","https://www.wainhomes.co.uk/wp-content/uploads/2025/03/Street_Scene_CGI_LR.jpg","This is an architectural rendering showing the exterior streetscape of a housing estate."
"Cardwell Park","The Cypress Phase 2 (Plot 25) · Plot 25","4","https://www.wainhomes.co.uk/find-your-home/north-west/preston/cardwell-park/cpar-plot-25/","images/fa11cbeb98354e16d51d437ddfcb6fec40f015832bbef014550131f0a5630884.jpg","https://www.wainhomes.co.uk/wp-content/uploads/2025/07/Candleberry-Plot-217_CGI_HR.jpg","This is a property exterior render."
"Cardwell Park","The Cypress Phase 2 (Plot 25) · Plot 25","4","https://www.wainhomes.co.uk/find-your-home/north-west/preston/cardwell-park/cpar-plot-25/","images/d7ac5adf0c121fe5aa1fa44dd50e901db124bc65713117337200a99a5825404a.webp","https://www.wainhomes.co.uk/wp-content/uploads/2025/02/Walnut-Kingsley.jpg","It is a CGI exterior property marketing image."
"Cardwell Park","The Cypress Phase 2 (Plot 26) · Plot 26","4","https://www.wainhomes.co.uk/find-your-home/north-west/preston/cardwell-park/cpar-plot-26/","images/9e15ee624973ebbf24d405a427696c65b3821b54c7c41d9fa25ceb8ea69a1981.webp","https://www.wainhomes.co.uk/wp-content/uploads/2026/07/Cypress-Plot-210_CGI_HR.jpg","This is an exterior promotional photograph of the front of a modern residential house."
"Cardwell Park","The Cypress Phase 2 (Plot 26) · Plot 26","4","https://www.wainhomes.co.uk/find-your-home/north-west/preston/cardwell-park/cpar-plot-26/","images/118df385785d342930b12c445669bc298342748cfb54913f12fba2a420beeae5.webp","https://www.wainhomes.co.uk/wp-content/uploads/2025/09/WH-The-Lawns-The-Cypress-67.jpg","This is a real photograph of a kitchen-diner space inside the property."
"Cardwell Park","The Cypress Phase 2 (Plot 26) · Plot 26","4","https://www.wainhomes.co.uk/find-your-home/north-west/preston/cardwell-park/cpar-plot-26/","images/885f06de21d14ac11038d0df3ecc537d6dcdc0b49a97dc6224bbed0c5050786d.webp","https://www.wainhomes.co.uk/wp-content/uploads/2025/09/WH-The-Lawns-The-Cypress-75.jpg","The space contains kitchen counters, cabinets, sink, and cooking appliances."
"Cardwell Park","The Cypress Phase 2 (Plot 26) · Plot 26","4","https://www.wainhomes.co.uk/find-your-home/north-west/preston/cardwell-park/cpar-plot-26/","images/855554e8545dece13c64a1997a0eab1fcd2137a246633c5e68b276977b1dd8d9.webp","https://www.wainhomes.co.uk/wp-content/uploads/2025/09/WH-The-Lawns-The-Cypress-57.jpg","The room includes lounge seating, a sofa, coffee table, and decorative wall shelving characteristic of a living room."
"Cardwell Park","The Cypress Phase 2 (Plot 26) · Plot 26","4","https://www.wainhomes.co.uk/find-your-home/north-west/preston/cardwell-park/cpar-plot-26/","images/55e46cc65ea63330ce6df8e6df4e60717b6c806ca3110c7fc3c48199bcca0ca6.webp","https://www.wainhomes.co.uk/wp-content/uploads/2025/09/WH-The-Lawns-The-Cypress-69.jpg","The room is centrally arranged around a large dining table and chairs, functioning as a dedicated dining room."
"Cardwell Park","The Cypress Phase 2 (Plot 26) · Plot 26","4","https://www.wainhomes.co.uk/find-your-home/north-west/preston/cardwell-park/cpar-plot-26/","images/6a622919560d856fb0a7b0dbed55f8e45df214e1c046c3d8dbbef706782a528a.webp","https://www.wainhomes.co.uk/wp-content/uploads/2025/09/WH-The-Lawns-The-Cypress-64.jpg","The room contains a toilet and a hand basin, serving as a compact cloakroom or WC."
"Cardwell Park","The Cypress Phase 2 (Plot 26) · Plot 26","4","https://www.wainhomes.co.uk/find-your-home/north-west/preston/cardwell-park/cpar-plot-26/","images/f4ea1d440482f62cb12f7364fdb9ad4f4e9f0308b3165fb6cbe71e4d76185195.webp","https://www.wainhomes.co.uk/wp-content/uploads/2025/09/WH-The-Lawns-The-Cypress-88.jpg","This is a real bedroom inside a property."
"Cardwell Park","The Cypress Phase 2 (Plot 26) · Plot 26","4","https://www.wainhomes.co.uk/find-your-home/north-west/preston/cardwell-park/cpar-plot-26/","images/951818ec7154ca741582200f5d45778fae7ec108393677a555b742f66ecd06bf.webp","https://www.wainhomes.co.uk/wp-content/uploads/2025/09/WH-The-Lawns-The-Cypress-79.jpg","This is a real bedroom inside a property."
"Cardwell Park","The Cypress Phase 2 (Plot 26) · Plot 26","4","https://www.wainhomes.co.uk/find-your-home/north-west/preston/cardwell-park/cpar-plot-26/","images/ae4a424005ed7e58d48ea9376e7d33c7647ace3df2ca0eb75726b830ad6b643e.webp","https://www.wainhomes.co.uk/wp-content/uploads/2025/09/WH-The-Lawns-The-Cypress-83.jpg","This is a real home study room inside a property."
"Cardwell Park","The Cypress Phase 2 (Plot 26) · Plot 26","4","https://www.wainhomes.co.uk/find-your-home/north-west/preston/cardwell-park/cpar-plot-26/","images/226daa84d009cd879751d8e7dadb51b045f927ca803e3c68ffdd044584cb2229.webp","https://www.wainhomes.co.uk/wp-content/uploads/2025/09/WH-The-Lawns-The-Cypress-96.jpg","This is a real children's bedroom inside a property."
"Cardwell Park","The Cypress Phase 2 (Plot 26) · Plot 26","4","https://www.wainhomes.co.uk/find-your-home/north-west/preston/cardwell-park/cpar-plot-26/","images/58a0a96d3ef1f9b1b725e915ca08815a0e4950318e0c92f13c027c4b6870cb4a.webp","https://www.wainhomes.co.uk/wp-content/uploads/2025/09/WH-The-Lawns-The-Cypress-86.jpg","This is a real room photograph showing a contemporary bathroom."
"Cardwell Park","The Cypress Phase 2 (Plot 26) · Plot 26","4","https://www.wainhomes.co.uk/find-your-home/north-west/preston/cardwell-park/cpar-plot-26/","images/e2c2e58a09e118ee49b9c3126f0e4d1998948af304b00130aeea3f164cfd37eb.webp","https://www.wainhomes.co.uk/wp-content/uploads/2025/08/The-Ash-Cardwell-Park-Wain-Homes-32.jpg","Interior photograph of a fitted residential kitchen."
"Cardwell Park","The Cypress Phase 2 (Plot 26) · Plot 26","4","https://www.wainhomes.co.uk/find-your-home/north-west/preston/cardwell-park/cpar-plot-26/","images/9162bc20deebdfdc46b6a9b3e31d7002981d019fb2004eae866288f9a05ee6eb.webp","https://www.wainhomes.co.uk/wp-content/uploads/2025/03/The-Juniper-internal-11-1.jpg","This is a real interior photograph of a modern residential bathroom."
"Cardwell Park","The Cypress Phase 2 (Plot 26) · Plot 26","4","https://www.wainhomes.co.uk/find-your-home/north-west/preston/cardwell-park/cpar-plot-26/","images/d5133b2707cc35e1fa09a42d1c780e83583c94ded7f67dfa921346c56231ddb4.webp","https://www.wainhomes.co.uk/wp-content/uploads/2025/08/The-Ash-Cardwell-Park-Wain-Homes-25.jpg","This is a real living room interior with couches, a coffee table, and a television."
"Cardwell Park","The Cypress Phase 2 (Plot 26) · Plot 26","4","https://www.wainhomes.co.uk/find-your-home/north-west/preston/cardwell-park/cpar-plot-26/","images/fdfa277311ed25062393a04bc69a7b12bc07816153a94ab1f2f1e0d0c9889c17.webp","https://www.wainhomes.co.uk/wp-content/uploads/2025/03/ev-charger.jpg","This is an exterior photograph showing an EV charger on the property wall."
"Cardwell Park","The Cypress Phase 2 (Plot 26) · Plot 26","4","https://www.wainhomes.co.uk/find-your-home/north-west/preston/cardwell-park/cpar-plot-26/","images/740e7c2c23cef3fbd6110882c23d920b9f1c5bbaeb8071431285c5a0318e304d.webp","https://www.wainhomes.co.uk/wp-content/uploads/2025/03/Street_Scene_CGI_LR.jpg","This is an architectural rendering showing the exterior streetscape of a housing estate."
"Cardwell Park","The Cypress Phase 2 (Plot 26) · Plot 26","4","https://www.wainhomes.co.uk/find-your-home/north-west/preston/cardwell-park/cpar-plot-26/","images/fa11cbeb98354e16d51d437ddfcb6fec40f015832bbef014550131f0a5630884.jpg","https://www.wainhomes.co.uk/wp-content/uploads/2025/07/Candleberry-Plot-217_CGI_HR.jpg","This is a property exterior render."
"Cardwell Park","The Cypress Phase 2 (Plot 26) · Plot 26","4","https://www.wainhomes.co.uk/find-your-home/north-west/preston/cardwell-park/cpar-plot-26/","images/d7ac5adf0c121fe5aa1fa44dd50e901db124bc65713117337200a99a5825404a.webp","https://www.wainhomes.co.uk/wp-content/uploads/2025/02/Walnut-Kingsley.jpg","It is a CGI exterior property marketing image."
"Cardwell Park","The Walnut Phase 2 (Plot 27) · Plot 27","4","https://www.wainhomes.co.uk/find-your-home/north-west/preston/cardwell-park/cpar-plot-27/","images/d7ac5adf0c121fe5aa1fa44dd50e901db124bc65713117337200a99a5825404a.webp","https://www.wainhomes.co.uk/wp-content/uploads/2025/02/Walnut-Kingsley.jpg","It is a CGI exterior property marketing image."
"Cardwell Park","The Walnut Phase 2 (Plot 27) · Plot 27","4","https://www.wainhomes.co.uk/find-your-home/north-west/preston/cardwell-park/cpar-plot-27/","images/c2376aeaacb07b1b3b061bf2e1daa90591f35dc9b19ae58ff3916d37a6850a00.webp","https://www.wainhomes.co.uk/wp-content/uploads/2025/02/001-Wain_KingsleyManor_Walnut_Internal.jpg","This is an open-plan kitchen and dining space with food preparation and dining furniture."
"Cardwell Park","The Walnut Phase 2 (Plot 27) · Plot 27","4","https://www.wainhomes.co.uk/find-your-home/north-west/preston/cardwell-park/cpar-plot-27/","images/45373e40f4a309b0e6f6d2836ad2d39e0401e62f4cf2d276b5b5cc1f12554a87.webp","https://www.wainhomes.co.uk/wp-content/uploads/2025/02/005-Wain_KingsleyManor_Walnut_Internal.jpg","This multifunction open-plan space includes a dining setup, kitchen cabinetry, and a dedicated small desk area."
"Cardwell Park","The Walnut Phase 2 (Plot 27) · Plot 27","4","https://www.wainhomes.co.uk/find-your-home/north-west/preston/cardwell-park/cpar-plot-27/","images/5b01b418d803e44acfdd8e457c378e44d388d47bac756b851151e131f94e2cf6.webp","https://www.wainhomes.co.uk/wp-content/uploads/2025/02/009-Wain_KingsleyManor_Walnut_Internal-1.jpg","This is a secondary living room or snug outfitted with comfortable sofas, a TV unit, and coffee table."
"Cardwell Park","The Walnut Phase 2 (Plot 27) · Plot 27","4","https://www.wainhomes.co.uk/find-your-home/north-west/preston/cardwell-park/cpar-plot-27/","images/ce08c69b1de976059315c2d2f5df74df76b787b636a985fbd0fec773fd5ad891.webp","https://www.wainhomes.co.uk/wp-content/uploads/2025/02/007-Wain_KingsleyManor_Walnut_Internal.jpg","This is a real living room inside a property."
"Cardwell Park","The Walnut Phase 2 (Plot 27) · Plot 27","4","https://www.wainhomes.co.uk/find-your-home/north-west/preston/cardwell-park/cpar-plot-27/","images/b7cd32c8a9cb3cdaeacb610f080a8e7449e69c0da590abc9a6c5d0a9cea78f1f.webp","https://www.wainhomes.co.uk/wp-content/uploads/2025/02/011-Wain_KingsleyManor_Walnut_Internal.jpg","This is a real bedroom inside a property."
"Cardwell Park","The Walnut Phase 2 (Plot 27) · Plot 27","4","https://www.wainhomes.co.uk/find-your-home/north-west/preston/cardwell-park/cpar-plot-27/","images/6c076cc499cfcacb30a69d462e730ee5d273ca0ea9169279c41b5e6f8875c7d8.webp","https://www.wainhomes.co.uk/wp-content/uploads/2025/02/014-Wain_KingsleyManor_Walnut_Internal.jpg","This is a real bedroom with a desk area inside a property."
"Cardwell Park","The Walnut Phase 2 (Plot 27) · Plot 27","4","https://www.wainhomes.co.uk/find-your-home/north-west/preston/cardwell-park/cpar-plot-27/","images/ced79143c60a4d4919b2060261730d06221dbec97141c6157d223acecd285513.webp","https://www.wainhomes.co.uk/wp-content/uploads/2025/02/016-Wain_KingsleyManor_Walnut_Internal.jpg","This is a real single bedroom inside a property."
"Cardwell Park","The Walnut Phase 2 (Plot 27) · Plot 27","4","https://www.wainhomes.co.uk/find-your-home/north-west/preston/cardwell-park/cpar-plot-27/","images/4141d6d2b0e366d721be39c366033553f37b1e8ee737b303b676db326a27c403.webp","https://www.wainhomes.co.uk/wp-content/uploads/2025/02/017-Wain_KingsleyManor_Walnut_Internal.jpg","This is a real room photograph showing a nursery with a cot."
"Cardwell Park","The Walnut Phase 2 (Plot 27) · Plot 27","4","https://www.wainhomes.co.uk/find-your-home/north-west/preston/cardwell-park/cpar-plot-27/","images/3418656fd088027999bc6ae896c4ba9bf51436e4b228c4495c612a0641a9fed1.webp","https://www.wainhomes.co.uk/wp-content/uploads/2025/02/018-Wain_KingsleyManor_Walnut_Internal.jpg","This is a real room photograph showing a bathroom with a shower and toilet."
"Cardwell Park","The Walnut Phase 2 (Plot 27) · Plot 27","4","https://www.wainhomes.co.uk/find-your-home/north-west/preston/cardwell-park/cpar-plot-27/","images/e2c2e58a09e118ee49b9c3126f0e4d1998948af304b00130aeea3f164cfd37eb.webp","https://www.wainhomes.co.uk/wp-content/uploads/2025/08/The-Ash-Cardwell-Park-Wain-Homes-32.jpg","Interior photograph of a fitted residential kitchen."
"Cardwell Park","The Walnut Phase 2 (Plot 27) · Plot 27","4","https://www.wainhomes.co.uk/find-your-home/north-west/preston/cardwell-park/cpar-plot-27/","images/9162bc20deebdfdc46b6a9b3e31d7002981d019fb2004eae866288f9a05ee6eb.webp","https://www.wainhomes.co.uk/wp-content/uploads/2025/03/The-Juniper-internal-11-1.jpg","This is a real interior photograph of a modern residential bathroom."
"Cardwell Park","The Walnut Phase 2 (Plot 27) · Plot 27","4","https://www.wainhomes.co.uk/find-your-home/north-west/preston/cardwell-park/cpar-plot-27/","images/d5133b2707cc35e1fa09a42d1c780e83583c94ded7f67dfa921346c56231ddb4.webp","https://www.wainhomes.co.uk/wp-content/uploads/2025/08/The-Ash-Cardwell-Park-Wain-Homes-25.jpg","This is a real living room interior with couches, a coffee table, and a television."
"Cardwell Park","The Walnut Phase 2 (Plot 27) · Plot 27","4","https://www.wainhomes.co.uk/find-your-home/north-west/preston/cardwell-park/cpar-plot-27/","images/fdfa277311ed25062393a04bc69a7b12bc07816153a94ab1f2f1e0d0c9889c17.webp","https://www.wainhomes.co.uk/wp-content/uploads/2025/03/ev-charger.jpg","This is an exterior photograph showing an EV charger on the property wall."
"Cardwell Park","The Walnut Phase 2 (Plot 27) · Plot 27","4","https://www.wainhomes.co.uk/find-your-home/north-west/preston/cardwell-park/cpar-plot-27/","images/740e7c2c23cef3fbd6110882c23d920b9f1c5bbaeb8071431285c5a0318e304d.webp","https://www.wainhomes.co.uk/wp-content/uploads/2025/03/Street_Scene_CGI_LR.jpg","This is an architectural rendering showing the exterior streetscape of a housing estate."
"Cardwell Park","The Walnut Phase 2 (Plot 27) · Plot 27","4","https://www.wainhomes.co.uk/find-your-home/north-west/preston/cardwell-park/cpar-plot-27/","images/5972a6451123bd88194a9c4ed0cab36487e1cbc9e6879a5932e0a2d542e4a610.webp","https://www.wainhomes.co.uk/wp-content/uploads/2025/07/Laurel-Plot-215-216_CGI_HR-1.jpg","This is an architectural rendering/exterior photograph showing the front of residential properties."
"Cardwell Park","The Walnut Phase 2 (Plot 27) · Plot 27","4","https://www.wainhomes.co.uk/find-your-home/north-west/preston/cardwell-park/cpar-plot-27/","images/9e15ee624973ebbf24d405a427696c65b3821b54c7c41d9fa25ceb8ea69a1981.webp","https://www.wainhomes.co.uk/wp-content/uploads/2026/07/Cypress-Plot-210_CGI_HR.jpg","This is an exterior promotional photograph of the front of a modern residential house."
"Cardwell Park","Cardwell Park development gallery","","https://www.wainhomes.co.uk/find-your-home/north-west/preston/cardwell-park/","images/5288a961b5069b1ca5577ff8a0bf61af798f9510d00dac6a5ead26a2c75b1eb9.webp","https://www.wainhomes.co.uk/wp-content/uploads/2025/08/The-Ash-Cardwell-Park-Wain-Homes-63.jpg","Real exterior photograph of a house."
"Cardwell Park","Cardwell Park development gallery","","https://www.wainhomes.co.uk/find-your-home/north-west/preston/cardwell-park/","images/6b434124e0cda1ef1e0ab750056921f679b9bd1634e4d1d26b26f61f7d037417.webp","https://www.wainhomes.co.uk/wp-content/uploads/2025/08/The-Hazel-Cardwell-Park-Wain-Homes-14.jpg","It is a photograph of a real furnished kitchen-diner room."
"Cardwell Park","Cardwell Park development gallery","","https://www.wainhomes.co.uk/find-your-home/north-west/preston/cardwell-park/","images/211192d780a922ac0c38a7e8fa9ee300ac55e7619309ee2c54dc883d6e96c0ca.webp","https://www.wainhomes.co.uk/wp-content/uploads/2025/08/The-Hazel-Cardwell-Park-Wain-Homes-59.jpg","It is a real photograph of a property exterior."
"Cardwell Park","Cardwell Park development gallery","","https://www.wainhomes.co.uk/find-your-home/north-west/preston/cardwell-park/","images/740e7c2c23cef3fbd6110882c23d920b9f1c5bbaeb8071431285c5a0318e304d.webp","https://www.wainhomes.co.uk/wp-content/uploads/2025/03/Street_Scene_CGI_LR.jpg","This is an architectural rendering showing the exterior streetscape of a housing estate."
"Cardwell Park","Cardwell Park development gallery","","https://www.wainhomes.co.uk/find-your-home/north-west/preston/cardwell-park/","images/480b12d775631b36145ee927a307af16df4ba2fa25b66910c7a603f3e2d6dcd0.webp","https://www.wainhomes.co.uk/wp-content/uploads/2025/08/The-Hazel-Cardwell-Park-Wain-Homes-24.jpg","It is a photograph of a real living room."
"Cardwell Park","Cardwell Park development gallery","","https://www.wainhomes.co.uk/find-your-home/north-west/preston/cardwell-park/","images/62066b8f86de0530c2dfeabafc2afefd2b236b35c94ee66ad0301abfd77bbafa.webp","https://www.wainhomes.co.uk/wp-content/uploads/2025/08/The-Ash-Cardwell-Park-Wain-Homes-43.jpg","Interior photograph showing a finished living space combined with kitchen/dining."
"Cardwell Park","Cardwell Park development gallery","","https://www.wainhomes.co.uk/find-your-home/north-west/preston/cardwell-park/","images/ff9fd2704a6d390b6a2712114e858ce43a421b461f48dea9abb4a1363925e601.webp","https://www.wainhomes.co.uk/wp-content/uploads/2025/08/The-Ash-Cardwell-Park-Wain-Homes-64.jpg","It is a real photograph of a property garden."
"Cardwell Park","Cardwell Park development gallery","","https://www.wainhomes.co.uk/find-your-home/north-west/preston/cardwell-park/","images/a84f881eb3b3135e08ff484f8056276796523bc66add01b60eac329f91de8910.webp","https://www.wainhomes.co.uk/wp-content/uploads/2025/08/The-Hazel-Cardwell-Park-Wain-Homes-2.jpg","Contains a double bed and bedroom furniture."
"Cardwell Park","Cardwell Park development gallery","","https://www.wainhomes.co.uk/find-your-home/north-west/preston/cardwell-park/","images/e78a262bc952bbfae230fb827d2a9e14058c0181643bee4558759962ece6af99.webp","https://www.wainhomes.co.uk/wp-content/uploads/2025/04/Cardwell-Park-flythrough-thumbnail.jpg","Shows the exterior facade of residential houses."
"Cardwell Park","Cardwell Park development gallery","","https://www.wainhomes.co.uk/find-your-home/north-west/preston/cardwell-park/","images/ec8be8eee7c391478374f671b176bdd3f9c985e31f3bf280e5a74bc8492dfb11.webp","https://www.wainhomes.co.uk/wp-content/uploads/2025/07/Willow-Plot-218_CGI_HR-1-scaled.jpg","This is an exterior architectural photo/rendering of the front of a house."
"Cardwell Park","Cardwell Park development gallery","","https://www.wainhomes.co.uk/find-your-home/north-west/preston/cardwell-park/","images/5972a6451123bd88194a9c4ed0cab36487e1cbc9e6879a5932e0a2d542e4a610.webp","https://www.wainhomes.co.uk/wp-content/uploads/2025/07/Laurel-Plot-215-216_CGI_HR-1.jpg","This is an architectural rendering/exterior photograph showing the front of residential properties."
"Cardwell Park","Cardwell Park development gallery","","https://www.wainhomes.co.uk/find-your-home/north-west/preston/cardwell-park/","images/9e15ee624973ebbf24d405a427696c65b3821b54c7c41d9fa25ceb8ea69a1981.webp","https://www.wainhomes.co.uk/wp-content/uploads/2026/07/Cypress-Plot-210_CGI_HR.jpg","This is an exterior promotional photograph of the front of a modern residential house."
"Cardwell Park","Cardwell Park development gallery","","https://www.wainhomes.co.uk/find-your-home/north-west/preston/cardwell-park/","images/118df385785d342930b12c445669bc298342748cfb54913f12fba2a420beeae5.webp","https://www.wainhomes.co.uk/wp-content/uploads/2025/09/WH-The-Lawns-The-Cypress-67.jpg","This is a real photograph of a kitchen-diner space inside the property."
"Cardwell Park","Cardwell Park development gallery","","https://www.wainhomes.co.uk/find-your-home/north-west/preston/cardwell-park/","images/d7ac5adf0c121fe5aa1fa44dd50e901db124bc65713117337200a99a5825404a.webp","https://www.wainhomes.co.uk/wp-content/uploads/2025/02/Walnut-Kingsley.jpg","It is a CGI exterior property marketing image."
"Cardwell Park","Cardwell Park development gallery","","https://www.wainhomes.co.uk/find-your-home/north-west/preston/cardwell-park/","images/84304e77b233d3c8a595c6aa9d2d8ff6db64a0499cbfb269f1e18d9ce625d2d4.webp","https://www.wainhomes.co.uk/wp-content/uploads/2026/06/Farriers-Xhase-external.jpg","This is an exterior photograph of a newly built property and its sales office."
"Cardwell Park","Cardwell Park development gallery","","https://www.wainhomes.co.uk/find-your-home/north-west/preston/cardwell-park/","images/171a87bf1ddb40281d9046738bb5772ee97295c5c68a6b5ba5834c5fc70fa3b9.jpg","https://www.wainhomes.co.uk/wp-content/uploads/2026/02/001-Wain_KingsleyManor_External-4.jpg","Shows the exterior front view of a standalone property."
"Cardwell Park","Cardwell Park development gallery","","https://www.wainhomes.co.uk/find-your-home/north-west/preston/cardwell-park/","images/9f12964e952052efc7a58c8622957b3f1491626dafaded20d2c1274b1711abfa.webp","https://www.wainhomes.co.uk/wp-content/uploads/2025/07/The-Lawns-Street-scene-1_CGI_HR-Jun-25-1.jpg","Shows the exterior development of multiple houses."
"Cardwell Park","Cardwell Park development gallery","","https://www.wainhomes.co.uk/find-your-home/north-west/preston/cardwell-park/","images/d23f4bfb6956dd9986094b0d831f2326e152684315ab2bd13e9e537ddaa32837.webp","https://www.wainhomes.co.uk/wp-content/uploads/2026/09/The-Paddocks-street-scene-external-2.jpg","Shows the exterior of the property development including a sales office."
"The Paddocks","The Greendale Mid (Plot 54) · Plot 54","3","https://www.wainhomes.co.uk/find-your-home/north-west/preston/the-paddocks/tp-plot-54/","images/c046682f49c2a44820e201802951ff54c2b8e873d91d7e233908c346d4f49e6c.webp","https://www.wainhomes.co.uk/wp-content/uploads/2026/04/Greendale_Terrace-The-Paddocks_CGI_LR.jpg","It is a rendering of property exteriors."
"The Paddocks","The Greendale Mid (Plot 54) · Plot 54","3","https://www.wainhomes.co.uk/find-your-home/north-west/preston/the-paddocks/tp-plot-54/","images/f495d394bc968ed5ecf7965ea991ea8421a25e064213b3f0ca349b29d47715d1.webp","https://www.wainhomes.co.uk/wp-content/uploads/2026/09/The-Greendale-WH-Paddocks-25.jpg","It is a photograph of a real kitchen."
"The Paddocks","The Greendale Mid (Plot 54) · Plot 54","3","https://www.wainhomes.co.uk/find-your-home/north-west/preston/the-paddocks/tp-plot-54/","images/70c8dbc2f909f83649277360dee923927fbe87e2f201efccdeee2011f4ce52a1.webp","https://www.wainhomes.co.uk/wp-content/uploads/2026/09/The-Greendale-WH-Paddocks-27.jpg","It is a photograph of a real kitchen-dining area."
"The Paddocks","The Greendale Mid (Plot 54) · Plot 54","3","https://www.wainhomes.co.uk/find-your-home/north-west/preston/the-paddocks/tp-plot-54/","images/e18df625eead80123c2e54e4fcaeed525d5860a76a69c7c25a2296003fbf8a39.webp","https://www.wainhomes.co.uk/wp-content/uploads/2026/09/The-Greendale-WH-Paddocks-11.jpg","Shows kitchen cabinetry, appliances, sink and countertops."
"The Paddocks","The Greendale Mid (Plot 54) · Plot 54","3","https://www.wainhomes.co.uk/find-your-home/north-west/preston/the-paddocks/tp-plot-54/","images/36e205255f21b561fc5e2f56c2369c94bbf70639aef2ca03a6053ae01432cd0d.webp","https://www.wainhomes.co.uk/wp-content/uploads/2026/09/The-Greendale-WH-Paddocks-35.jpg","Furnished living room with sofa, coffee table and seating area."
"The Paddocks","The Greendale Mid (Plot 54) · Plot 54","3","https://www.wainhomes.co.uk/find-your-home/north-west/preston/the-paddocks/tp-plot-54/","images/2ade813fa6df86afc849b236b3ebc69de44be2cf9acae2078c8a627608f51c54.webp","https://www.wainhomes.co.uk/wp-content/uploads/2026/09/The-Greendale-WH-Paddocks-60.jpg","Shows another angle of the living room space with TV and sofa."
"The Paddocks","The Greendale Mid (Plot 54) · Plot 54","3","https://www.wainhomes.co.uk/find-your-home/north-west/preston/the-paddocks/tp-plot-54/","images/e99722d5843105f2c97e05889e36b394d9dbf2969debdcc46d806d7d941da169.webp","https://www.wainhomes.co.uk/wp-content/uploads/2026/09/The-Greendale-WH-Paddocks-31.jpg","The image shows a small bathroom or cloakroom with a toilet and basin."
"The Paddocks","The Greendale Mid (Plot 54) · Plot 54","3","https://www.wainhomes.co.uk/find-your-home/north-west/preston/the-paddocks/tp-plot-54/","images/b7469d4214a241f621433d6bea647e52788da9f0340635a9a5c8d8c902d6091f.webp","https://www.wainhomes.co.uk/wp-content/uploads/2026/09/The-Greendale-WH-Paddocks-40.jpg","The image shows a furnished bedroom with a double bed."
"The Paddocks","The Greendale Mid (Plot 54) · Plot 54","3","https://www.wainhomes.co.uk/find-your-home/north-west/preston/the-paddocks/tp-plot-54/","images/0b6507ad0cc55a6b22014899ccff15dab61d7022d0674b2d5c2da24605cc097a.webp","https://www.wainhomes.co.uk/wp-content/uploads/2026/09/The-Greendale-WH-Paddocks-49.jpg","The image shows a residential bathroom with a bath, shower screen, toilet, and sink."
"The Paddocks","The Greendale Mid (Plot 54) · Plot 54","3","https://www.wainhomes.co.uk/find-your-home/north-west/preston/the-paddocks/tp-plot-54/","images/f2777d47ec02be9923f0517eaf7360b8eba7d073faaf5b77d7d25faa52b8e27d.webp","https://www.wainhomes.co.uk/wp-content/uploads/2026/09/The-Greendale-WH-Paddocks-41.jpg","This is a real interior photograph of a child's bedroom."
"The Paddocks","The Greendale Mid (Plot 54) · Plot 54","3","https://www.wainhomes.co.uk/find-your-home/north-west/preston/the-paddocks/tp-plot-54/","images/297e96ee16edbb6472865bd5a926853fc5e070b7b7fcc0b2d76e737468a74860.webp","https://www.wainhomes.co.uk/wp-content/uploads/2026/09/The-Greendale-WH-Paddocks-56.jpg","This is a real interior photograph of a bedroom."
"The Paddocks","The Greendale Mid (Plot 54) · Plot 54","3","https://www.wainhomes.co.uk/find-your-home/north-west/preston/the-paddocks/tp-plot-54/","images/447aca699ffa909244ca0b5d243fdcda084417401f1e8df676a15223a48454d7.webp","https://www.wainhomes.co.uk/wp-content/uploads/2026/09/The-Greendale-WH-Paddocks-54.jpg","This is a real interior photograph of a bedroom."
"The Paddocks","The Greendale Mid (Plot 54) · Plot 54","3","https://www.wainhomes.co.uk/find-your-home/north-west/preston/the-paddocks/tp-plot-54/","images/e69b0dbc19dc5d13f279221716b34625a807a7c74e9a6f53037e49348d36699e.webp","https://www.wainhomes.co.uk/wp-content/uploads/2026/09/The-Greendale-WH-Paddocks-51.jpg","This is a real interior photograph of a bathroom."
"The Paddocks","The Greendale Mid (Plot 54) · Plot 54","3","https://www.wainhomes.co.uk/find-your-home/north-west/preston/the-paddocks/tp-plot-54/","images/3a0fcef28ee0561bcf1461afe2bf0c11f00ab7b45ab5036a9397c9243ae9c0f2.webp","https://www.wainhomes.co.uk/wp-content/uploads/2026/09/The-Elmhurst-WH-Paddocks-40.jpg","The image clearly shows a fitted kitchen and dining space in a residential property."
"The Paddocks","The Greendale Mid (Plot 54) · Plot 54","3","https://www.wainhomes.co.uk/find-your-home/north-west/preston/the-paddocks/tp-plot-54/","images/e751f9fe4daa3d51568ca8c1c8335f4127dd8405a22e833bd16363ae3a6e470c.webp","https://www.wainhomes.co.uk/wp-content/uploads/2026/09/The-Elmhurst-WH-Paddocks-77.jpg","The image clearly displays a fully fitted residential bathroom with bath, shower, and toilet."
"The Paddocks","The Greendale Mid (Plot 54) · Plot 54","3","https://www.wainhomes.co.uk/find-your-home/north-west/preston/the-paddocks/tp-plot-54/","images/c1a2964f96eb65bcb80d3105e14bdc9edfccc191081676e0e679e6ddde20f857.webp","https://www.wainhomes.co.uk/wp-content/uploads/2025/08/The-Ash-Cardwell-Park-Wain-Homes-59.jpg","This is a real kitchen space showing built-in appliances and cabinetry."
"The Paddocks","The Greendale Mid (Plot 54) · Plot 54","3","https://www.wainhomes.co.uk/find-your-home/north-west/preston/the-paddocks/tp-plot-54/","images/692a475ea796f6b90bd52deec260ec0e8b4da4487b0f549b13ac4e8e61efc8de.webp","https://www.wainhomes.co.uk/wp-content/uploads/2026/09/The-Elmhurst-WH-Paddocks-55.jpg","The image displays a living room with sofas, armchairs, and coffee table."
"The Paddocks","The Greendale Mid (Plot 54) · Plot 54","3","https://www.wainhomes.co.uk/find-your-home/north-west/preston/the-paddocks/tp-plot-54/","images/fdfa277311ed25062393a04bc69a7b12bc07816153a94ab1f2f1e0d0c9889c17.webp","https://www.wainhomes.co.uk/wp-content/uploads/2025/03/ev-charger.jpg","This is an exterior photograph showing an EV charger on the property wall."
"The Paddocks","The Greendale Mid (Plot 54) · Plot 54","3","https://www.wainhomes.co.uk/find-your-home/north-west/preston/the-paddocks/tp-plot-54/","images/2d05cf64d0e503079d487f8a85860f19f4b0ea27bce234fcb319f941e59d2645.webp","https://www.wainhomes.co.uk/wp-content/uploads/2026/09/The-Highstone-WH-Paddocks-57.jpg","This is an interior photograph showing a combined living and dining room layout."
"The Paddocks","The Greendale Mid (Plot 54) · Plot 54","3","https://www.wainhomes.co.uk/find-your-home/north-west/preston/the-paddocks/tp-plot-54/","images/dc894d080884c87a886bd8d82fc3604cef30739a1788d740cf384b568e57fd1f.webp","https://www.wainhomes.co.uk/wp-content/uploads/2025/10/Ashdene_Farriers_Chase_CGI_HR-1.jpg","This is an exterior CGI rendering of the property with a garage."
"The Paddocks","The Greendale Mid (Plot 54) · Plot 54","3","https://www.wainhomes.co.uk/find-your-home/north-west/preston/the-paddocks/tp-plot-54/","images/56f22afaee198671e816004ec126a3d90a858f5f2b017d6e5c67969d5b47c39e.webp","https://www.wainhomes.co.uk/wp-content/uploads/2025/11/Lakeshore_The_Paddocks_CGI_LR.jpg","This is a computer-generated promotional exterior view of a property."
"The Paddocks","The Greendale Mid (Plot 54) · Plot 54","3","https://www.wainhomes.co.uk/find-your-home/north-west/preston/the-paddocks/tp-plot-54/","images/c3a492e8b2d6f4a94aa0d4feafb80c2d38f3049b7194706631bd12c7b8dc4bd4.webp","https://www.wainhomes.co.uk/wp-content/uploads/2025/11/Coppice_Semi-The-Paddocks_CGI_LR.jpg","The image shows the exterior front elevation of a residential property development."
"The Paddocks","The Ashdene (Plot 170) · Plot 170","4","https://www.wainhomes.co.uk/find-your-home/north-west/preston/the-paddocks/tp-plot-170/","images/dc894d080884c87a886bd8d82fc3604cef30739a1788d740cf384b568e57fd1f.webp","https://www.wainhomes.co.uk/wp-content/uploads/2025/10/Ashdene_Farriers_Chase_CGI_HR-1.jpg","This is an exterior CGI rendering of the property with a garage."
"The Paddocks","The Ashdene (Plot 170) · Plot 170","4","https://www.wainhomes.co.uk/find-your-home/north-west/preston/the-paddocks/tp-plot-170/","images/61f902261d1e703713d8d45f9679a50e298614c3ea4d2161972a747e3362edae.webp","https://www.wainhomes.co.uk/wp-content/uploads/2026/06/Ashdene-23.jpg","This is a real photograph of a kitchen-diner inside the property."
"The Paddocks","The Ashdene (Plot 170) · Plot 170","4","https://www.wainhomes.co.uk/find-your-home/north-west/preston/the-paddocks/tp-plot-170/","images/5e491330bdcf0761abda0d719decf5f221edcc88609b2823fd71aa2a716c68bc.webp","https://www.wainhomes.co.uk/wp-content/uploads/2026/06/Ashdene-20.jpg","This image clearly shows a fitted kitchen space with cooking appliances and cabinetry."
"The Paddocks","The Ashdene (Plot 170) · Plot 170","4","https://www.wainhomes.co.uk/find-your-home/north-west/preston/the-paddocks/tp-plot-170/","images/a1a4c15d7fccab6e99126a1bdc6ab2ddff662f85d2ab63bbb1a18486a2a6ea1d.webp","https://www.wainhomes.co.uk/wp-content/uploads/2026/06/Ashdene-10.jpg","This is a real living room interior showing seating, a television unit, and decor."
"The Paddocks","The Ashdene (Plot 170) · Plot 170","4","https://www.wainhomes.co.uk/find-your-home/north-west/preston/the-paddocks/tp-plot-170/","images/b823aad02e29b0a9e92470fd8045f3dab3f7a1c119a083af826d2877a4377ac7.webp","https://www.wainhomes.co.uk/wp-content/uploads/2026/06/Ashdene-9.jpg","This is a real living room shot showcasing furniture and interior styling."
"The Paddocks","The Ashdene (Plot 170) · Plot 170","4","https://www.wainhomes.co.uk/find-your-home/north-west/preston/the-paddocks/tp-plot-170/","images/5c40a9b519d48fa5980a1d8bde4de7b88cf95cda3e7108ce294a5e8cf13d3a04.webp","https://www.wainhomes.co.uk/wp-content/uploads/2026/06/Ashdene-24.jpg","This is a real interior photograph of a functional home restroom and utility area."
"The Paddocks","The Ashdene (Plot 170) · Plot 170","4","https://www.wainhomes.co.uk/find-your-home/north-west/preston/the-paddocks/tp-plot-170/","images/30ad14ace924205b3f8a06ec1e85e2176ed08212b12379cb7d52d8dc426d54ce.webp","https://www.wainhomes.co.uk/wp-content/uploads/2026/06/Ashdene-32.jpg","The image clearly shows a bedroom with a double bed, bedside tables, and an en-suite bathroom door."
"The Paddocks","The Ashdene (Plot 170) · Plot 170","4","https://www.wainhomes.co.uk/find-your-home/north-west/preston/the-paddocks/tp-plot-170/","images/cdf9d109cca4f4316d777d38d45bd6611fd01030752fe1757f3aee49e8b20cde.webp","https://www.wainhomes.co.uk/wp-content/uploads/2026/06/Ashdene-28.jpg","The image shows a modern residential bathroom with a shower, toilet, and vanity unit."
"The Paddocks","The Ashdene (Plot 170) · Plot 170","4","https://www.wainhomes.co.uk/find-your-home/north-west/preston/the-paddocks/tp-plot-170/","images/127bce75e76d81f1d644d9b0eb190a3d25a3e35212bf9da46aaa506e83bc9992.webp","https://www.wainhomes.co.uk/wp-content/uploads/2026/06/Ashdene-41.jpg","This is a real photograph of a furnished bedroom interior."
"The Paddocks","The Ashdene (Plot 170) · Plot 170","4","https://www.wainhomes.co.uk/find-your-home/north-west/preston/the-paddocks/tp-plot-170/","images/22d03b124b5878c31657fd81093df89abac4a9047e891b3c1928690789d947b0.webp","https://www.wainhomes.co.uk/wp-content/uploads/2026/06/Ashdene-30.jpg","This is a real photograph of a modern bathroom interior."
"The Paddocks","The Ashdene (Plot 170) · Plot 170","4","https://www.wainhomes.co.uk/find-your-home/north-west/preston/the-paddocks/tp-plot-170/","images/35c796578e8c107be1257d3462a078a516fbdbd343cf5e393278795b9f7f4bc9.webp","https://www.wainhomes.co.uk/wp-content/uploads/2026/06/Ashdene-33.jpg","This is a real photograph of a decorated bedroom interior."
"The Paddocks","The Ashdene (Plot 170) · Plot 170","4","https://www.wainhomes.co.uk/find-your-home/north-west/preston/the-paddocks/tp-plot-170/","images/a87d021bcc065877a407badecebe72bc5af334833b81d8d32f05e9ca814b7abf.webp","https://www.wainhomes.co.uk/wp-content/uploads/2026/06/Ashdene-36.jpg","Real interior photograph of a child's bedroom."
"The Paddocks","The Ashdene (Plot 170) · Plot 170","4","https://www.wainhomes.co.uk/find-your-home/north-west/preston/the-paddocks/tp-plot-170/","images/3a0fcef28ee0561bcf1461afe2bf0c11f00ab7b45ab5036a9397c9243ae9c0f2.webp","https://www.wainhomes.co.uk/wp-content/uploads/2026/09/The-Elmhurst-WH-Paddocks-40.jpg","The image clearly shows a fitted kitchen and dining space in a residential property."
"The Paddocks","The Ashdene (Plot 170) · Plot 170","4","https://www.wainhomes.co.uk/find-your-home/north-west/preston/the-paddocks/tp-plot-170/","images/e751f9fe4daa3d51568ca8c1c8335f4127dd8405a22e833bd16363ae3a6e470c.webp","https://www.wainhomes.co.uk/wp-content/uploads/2026/09/The-Elmhurst-WH-Paddocks-77.jpg","The image clearly displays a fully fitted residential bathroom with bath, shower, and toilet."
"The Paddocks","The Ashdene (Plot 170) · Plot 170","4","https://www.wainhomes.co.uk/find-your-home/north-west/preston/the-paddocks/tp-plot-170/","images/c1a2964f96eb65bcb80d3105e14bdc9edfccc191081676e0e679e6ddde20f857.webp","https://www.wainhomes.co.uk/wp-content/uploads/2025/08/The-Ash-Cardwell-Park-Wain-Homes-59.jpg","This is a real kitchen space showing built-in appliances and cabinetry."
"The Paddocks","The Ashdene (Plot 170) · Plot 170","4","https://www.wainhomes.co.uk/find-your-home/north-west/preston/the-paddocks/tp-plot-170/","images/692a475ea796f6b90bd52deec260ec0e8b4da4487b0f549b13ac4e8e61efc8de.webp","https://www.wainhomes.co.uk/wp-content/uploads/2026/09/The-Elmhurst-WH-Paddocks-55.jpg","The image displays a living room with sofas, armchairs, and coffee table."
"The Paddocks","The Ashdene (Plot 170) · Plot 170","4","https://www.wainhomes.co.uk/find-your-home/north-west/preston/the-paddocks/tp-plot-170/","images/fdfa277311ed25062393a04bc69a7b12bc07816153a94ab1f2f1e0d0c9889c17.webp","https://www.wainhomes.co.uk/wp-content/uploads/2025/03/ev-charger.jpg","This is an exterior photograph showing an EV charger on the property wall."
"The Paddocks","The Ashdene (Plot 170) · Plot 170","4","https://www.wainhomes.co.uk/find-your-home/north-west/preston/the-paddocks/tp-plot-170/","images/2d05cf64d0e503079d487f8a85860f19f4b0ea27bce234fcb319f941e59d2645.webp","https://www.wainhomes.co.uk/wp-content/uploads/2026/09/The-Highstone-WH-Paddocks-57.jpg","This is an interior photograph showing a combined living and dining room layout."
"The Paddocks","The Ashdene (Plot 170) · Plot 170","4","https://www.wainhomes.co.uk/find-your-home/north-west/preston/the-paddocks/tp-plot-170/","images/c046682f49c2a44820e201802951ff54c2b8e873d91d7e233908c346d4f49e6c.webp","https://www.wainhomes.co.uk/wp-content/uploads/2026/04/Greendale_Terrace-The-Paddocks_CGI_LR.jpg","It is a rendering of property exteriors."
"The Paddocks","The Ashdene (Plot 170) · Plot 170","4","https://www.wainhomes.co.uk/find-your-home/north-west/preston/the-paddocks/tp-plot-170/","images/c3a492e8b2d6f4a94aa0d4feafb80c2d38f3049b7194706631bd12c7b8dc4bd4.webp","https://www.wainhomes.co.uk/wp-content/uploads/2025/11/Coppice_Semi-The-Paddocks_CGI_LR.jpg","The image shows the exterior front elevation of a residential property development."
"The Paddocks","The Standish (Plot 172) · Plot 172","5","https://www.wainhomes.co.uk/find-your-home/north-west/preston/the-paddocks/tp-plot-172/","images/0fb6e573abccceb4c65bae95801b3c0a2981b48062bab0ae6333eb063d194c7e.webp","https://www.wainhomes.co.uk/wp-content/uploads/2025/10/Standish_Farriers_Chase_CGI_HR-1.jpg","This shows the exterior elevation of the property from a different angle."
"The Paddocks","The Standish (Plot 172) · Plot 172","5","https://www.wainhomes.co.uk/find-your-home/north-west/preston/the-paddocks/tp-plot-172/","images/7aa661d7a6c03f3593400ac805b8669fe3924a115f827440e7cdb016302a008b.webp","https://www.wainhomes.co.uk/wp-content/uploads/2026/07/Standish-5BED_kitchen.jpg","This is an interior photograph of a kitchen and dining area."
"The Paddocks","The Standish (Plot 172) · Plot 172","5","https://www.wainhomes.co.uk/find-your-home/north-west/preston/the-paddocks/tp-plot-172/","images/426a9727c638aef11c114d8ba6ac6aa50b564617316b7a3cde35ef810d6bd5fa.webp","https://www.wainhomes.co.uk/wp-content/uploads/2026/07/Standish-5BED_kitchenb.jpg","This is an interior photo of the kitchen area highlighting the island and cabinetry."
"The Paddocks","The Standish (Plot 172) · Plot 172","5","https://www.wainhomes.co.uk/find-your-home/north-west/preston/the-paddocks/tp-plot-172/","images/5f0b953d34cb6c6acc11cc46d4d908b9b2f92756d465459c5c003227335ea892.webp","https://www.wainhomes.co.uk/wp-content/uploads/2026/07/Standish-5BED_living.jpg","This is an interior photograph of the main living room."
"The Paddocks","The Standish (Plot 172) · Plot 172","5","https://www.wainhomes.co.uk/find-your-home/north-west/preston/the-paddocks/tp-plot-172/","images/12ad46f7a3ec6c79bc90e0e8d5afcda0a09c75ba566627e9ee195bfafba35002.webp","https://www.wainhomes.co.uk/wp-content/uploads/2026/07/Standish-5BED_bed-1.jpg","The image clearly depicts a furnished bedroom with a large bed."
"The Paddocks","The Standish (Plot 172) · Plot 172","5","https://www.wainhomes.co.uk/find-your-home/north-west/preston/the-paddocks/tp-plot-172/","images/1f129f49e8f05dc4d52568e198b6bf252f98ebcab66f8910a0a007426302f6ae.webp","https://www.wainhomes.co.uk/wp-content/uploads/2026/07/Standish-5BED_bed-2.jpg","The image displays a fully decorated bedroom interior."
"The Paddocks","The Standish (Plot 172) · Plot 172","5","https://www.wainhomes.co.uk/find-your-home/north-west/preston/the-paddocks/tp-plot-172/","images/b89df3b0c026cafe189c199cf9e7498720c02d48dd9aed444fe82d9afea063a2.webp","https://www.wainhomes.co.uk/wp-content/uploads/2026/07/Standish-5BED_bed-1b.jpg","The image captures a bedroom interior with a bed and connecting room views."
"The Paddocks","The Standish (Plot 172) · Plot 172","5","https://www.wainhomes.co.uk/find-your-home/north-west/preston/the-paddocks/tp-plot-172/","images/69942e1658fcf5875528c32918091ba110356e94132b765f9fce99dd834e729e.webp","https://www.wainhomes.co.uk/wp-content/uploads/2026/07/Standish-5BED_bathroom.jpg","The image depicts a fully equipped contemporary bathroom."
"The Paddocks","The Standish (Plot 172) · Plot 172","5","https://www.wainhomes.co.uk/find-your-home/north-west/preston/the-paddocks/tp-plot-172/","images/2b81f04608c4c331ec5b55cbf6b905177b5fc3182cb877fce17cdb768533a9dc.webp","https://www.wainhomes.co.uk/wp-content/uploads/2026/07/Standish-5BED_bed-3.jpg","The image clearly shows a furnished double bedroom with a bed."
"The Paddocks","The Standish (Plot 172) · Plot 172","5","https://www.wainhomes.co.uk/find-your-home/north-west/preston/the-paddocks/tp-plot-172/","images/b3e57191dae76266c09d8032751dd4e5e9448f2498deb231de6e361e929259b9.webp","https://www.wainhomes.co.uk/wp-content/uploads/2026/07/Standish-5BED_bed-4.jpg","The image shows a dedicated home office or study room featuring a large desk and office chair."
"The Paddocks","The Standish (Plot 172) · Plot 172","5","https://www.wainhomes.co.uk/find-your-home/north-west/preston/the-paddocks/tp-plot-172/","images/02b51dbcd5ee080f740b0cfbe85a9b92054a1d3837521f1eb892e7d374b579ea.webp","https://www.wainhomes.co.uk/wp-content/uploads/2026/07/Standish-5BED_bed-5.jpg","The image depicts a child's single bedroom furnished with a bed and toys."
"The Paddocks","The Standish (Plot 172) · Plot 172","5","https://www.wainhomes.co.uk/find-your-home/north-west/preston/the-paddocks/tp-plot-172/","images/3a0fcef28ee0561bcf1461afe2bf0c11f00ab7b45ab5036a9397c9243ae9c0f2.webp","https://www.wainhomes.co.uk/wp-content/uploads/2026/09/The-Elmhurst-WH-Paddocks-40.jpg","The image clearly shows a fitted kitchen and dining space in a residential property."
"The Paddocks","The Standish (Plot 172) · Plot 172","5","https://www.wainhomes.co.uk/find-your-home/north-west/preston/the-paddocks/tp-plot-172/","images/e751f9fe4daa3d51568ca8c1c8335f4127dd8405a22e833bd16363ae3a6e470c.webp","https://www.wainhomes.co.uk/wp-content/uploads/2026/09/The-Elmhurst-WH-Paddocks-77.jpg","The image clearly displays a fully fitted residential bathroom with bath, shower, and toilet."
"The Paddocks","The Standish (Plot 172) · Plot 172","5","https://www.wainhomes.co.uk/find-your-home/north-west/preston/the-paddocks/tp-plot-172/","images/c1a2964f96eb65bcb80d3105e14bdc9edfccc191081676e0e679e6ddde20f857.webp","https://www.wainhomes.co.uk/wp-content/uploads/2025/08/The-Ash-Cardwell-Park-Wain-Homes-59.jpg","This is a real kitchen space showing built-in appliances and cabinetry."
"The Paddocks","The Standish (Plot 172) · Plot 172","5","https://www.wainhomes.co.uk/find-your-home/north-west/preston/the-paddocks/tp-plot-172/","images/692a475ea796f6b90bd52deec260ec0e8b4da4487b0f549b13ac4e8e61efc8de.webp","https://www.wainhomes.co.uk/wp-content/uploads/2026/09/The-Elmhurst-WH-Paddocks-55.jpg","The image displays a living room with sofas, armchairs, and coffee table."
"The Paddocks","The Standish (Plot 172) · Plot 172","5","https://www.wainhomes.co.uk/find-your-home/north-west/preston/the-paddocks/tp-plot-172/","images/fdfa277311ed25062393a04bc69a7b12bc07816153a94ab1f2f1e0d0c9889c17.webp","https://www.wainhomes.co.uk/wp-content/uploads/2025/03/ev-charger.jpg","This is an exterior photograph showing an EV charger on the property wall."
"The Paddocks","The Standish (Plot 172) · Plot 172","5","https://www.wainhomes.co.uk/find-your-home/north-west/preston/the-paddocks/tp-plot-172/","images/2d05cf64d0e503079d487f8a85860f19f4b0ea27bce234fcb319f941e59d2645.webp","https://www.wainhomes.co.uk/wp-content/uploads/2026/09/The-Highstone-WH-Paddocks-57.jpg","This is an interior photograph showing a combined living and dining room layout."
"The Paddocks","The Standish (Plot 172) · Plot 172","5","https://www.wainhomes.co.uk/find-your-home/north-west/preston/the-paddocks/tp-plot-172/","images/687f26e123b4a4e02fbffdb7f4cd671c34c5a3946881d98e8dc62786a2b1b67a.webp","https://www.wainhomes.co.uk/wp-content/uploads/2025/11/Peakridge-The-Paddocks_CGI_LR.jpg","This is a computer-generated exterior image of a property."
"The Paddocks","The Elmhurst (Plot 417) · Plot 417","4","https://www.wainhomes.co.uk/find-your-home/north-west/preston/the-paddocks/tp-plot-417/","images/35e4d01a7fe8cae3672bd8150af84177269861f291cb4a546b87df5e3fb995af.webp","https://www.wainhomes.co.uk/wp-content/uploads/2025/11/Elmhurst_The_Paddocks_CGI_LR.jpg","This is a computer-generated exterior image of a property."
"The Paddocks","The Elmhurst (Plot 417) · Plot 417","4","https://www.wainhomes.co.uk/find-your-home/north-west/preston/the-paddocks/tp-plot-417/","images/7d222b70104a102d2b958d735de8a083a53aa944ff32881793b3abd34b56ad83.webp","https://www.wainhomes.co.uk/wp-content/uploads/2026/09/The-Elmhurst-WH-Paddocks-37.jpg","This is a real interior photograph of an open-plan kitchen, dining, and living space."
"The Paddocks","The Elmhurst (Plot 417) · Plot 417","4","https://www.wainhomes.co.uk/find-your-home/north-west/preston/the-paddocks/tp-plot-417/","images/3a0fcef28ee0561bcf1461afe2bf0c11f00ab7b45ab5036a9397c9243ae9c0f2.webp","https://www.wainhomes.co.uk/wp-content/uploads/2026/09/The-Elmhurst-WH-Paddocks-40.jpg","The image clearly shows a fitted kitchen and dining space in a residential property."
"The Paddocks","The Elmhurst (Plot 417) · Plot 417","4","https://www.wainhomes.co.uk/find-your-home/north-west/preston/the-paddocks/tp-plot-417/","images/8f2becea775f73817998fd828e9dcb16295e2bae8dd2e60d79ac7de57d8bf3b3.webp","https://www.wainhomes.co.uk/wp-content/uploads/2026/09/The-Elmhurst-WH-Paddocks-39.jpg","Real photograph showing a staged dining space and kitchen area."
"The Paddocks","The Elmhurst (Plot 417) · Plot 417","4","https://www.wainhomes.co.uk/find-your-home/north-west/preston/the-paddocks/tp-plot-417/","images/692a475ea796f6b90bd52deec260ec0e8b4da4487b0f549b13ac4e8e61efc8de.webp","https://www.wainhomes.co.uk/wp-content/uploads/2026/09/The-Elmhurst-WH-Paddocks-55.jpg","The image displays a living room with sofas, armchairs, and coffee table."
"The Paddocks","The Elmhurst (Plot 417) · Plot 417","4","https://www.wainhomes.co.uk/find-your-home/north-west/preston/the-paddocks/tp-plot-417/","images/a4fa1adf2e649cdd395f69e2530f9948a08c17fceccf52fbd6d7fe89175fa08a.webp","https://www.wainhomes.co.uk/wp-content/uploads/2026/09/The-Elmhurst-WH-Paddocks-59.jpg","Real photograph of a living room interior."
"The Paddocks","The Elmhurst (Plot 417) · Plot 417","4","https://www.wainhomes.co.uk/find-your-home/north-west/preston/the-paddocks/tp-plot-417/","images/e55721cddde9fe80c94de6126ee2e62bc5668525590f88b644f2add3ccf2c85a.webp","https://www.wainhomes.co.uk/wp-content/uploads/2026/09/The-Elmhurst-WH-Paddocks-office-1.jpg","Real photograph of a home office or study room."
"The Paddocks","The Elmhurst (Plot 417) · Plot 417","4","https://www.wainhomes.co.uk/find-your-home/north-west/preston/the-paddocks/tp-plot-417/","images/e0c376516ca34dbf004495407af206d8cbd19d51e48d016a3489cbaef7bc183d.webp","https://www.wainhomes.co.uk/wp-content/uploads/2026/09/The-Elmhurst-WH-Paddocks-48.jpg","Real photograph of a utility room or back entrance space."
"The Paddocks","The Elmhurst (Plot 417) · Plot 417","4","https://www.wainhomes.co.uk/find-your-home/north-west/preston/the-paddocks/tp-plot-417/","images/c7ecaf86e769e97c845d1cca17f3e6d171130be45418d2942355f660f75c25db.webp","https://www.wainhomes.co.uk/wp-content/uploads/2026/09/The-Elmhurst-WH-Paddocks-52.jpg","This is a photograph of a real downstairs cloakroom/toilet."
"The Paddocks","The Elmhurst (Plot 417) · Plot 417","4","https://www.wainhomes.co.uk/find-your-home/north-west/preston/the-paddocks/tp-plot-417/","images/5d096f3e854be49707c6f5f8989711b86698fe704918fc4dbebc7d66f66a4dda.webp","https://www.wainhomes.co.uk/wp-content/uploads/2026/09/The-Elmhurst-WH-Paddocks-67.jpg","This is a photograph of a staged real bedroom interior."
"The Paddocks","The Elmhurst (Plot 417) · Plot 417","4","https://www.wainhomes.co.uk/find-your-home/north-west/preston/the-paddocks/tp-plot-417/","images/fce4f03189ccfd41d5c00d2dace6418bd955b234cf0b7de8ff8ed7ff9a579e52.webp","https://www.wainhomes.co.uk/wp-content/uploads/2026/09/The-Elmhurst-WH-Paddocks-74.jpg","This is a photograph of a real bathroom interior."
"The Paddocks","The Elmhurst (Plot 417) · Plot 417","4","https://www.wainhomes.co.uk/find-your-home/north-west/preston/the-paddocks/tp-plot-417/","images/def4e43ce9a740ea181bf04acd72dcbaf62ae81347d1d6139be1ce7d67f9f03c.webp","https://www.wainhomes.co.uk/wp-content/uploads/2026/09/The-Elmhurst-WH-Paddocks-64.jpg","Features a double bed and a desk set against panelled walls."
"The Paddocks","The Elmhurst (Plot 417) · Plot 417","4","https://www.wainhomes.co.uk/find-your-home/north-west/preston/the-paddocks/tp-plot-417/","images/e751f9fe4daa3d51568ca8c1c8335f4127dd8405a22e833bd16363ae3a6e470c.webp","https://www.wainhomes.co.uk/wp-content/uploads/2026/09/The-Elmhurst-WH-Paddocks-77.jpg","The image clearly displays a fully fitted residential bathroom with bath, shower, and toilet."
"The Paddocks","The Elmhurst (Plot 417) · Plot 417","4","https://www.wainhomes.co.uk/find-your-home/north-west/preston/the-paddocks/tp-plot-417/","images/c98d83a65fd24dffd61f20a757e289ae955eb593f7e86659ba7245711318b1be.webp","https://www.wainhomes.co.uk/wp-content/uploads/2026/09/The-Elmhurst-WH-Paddocks-80.jpg","Contains a single bed and a desk in a child-themed bedroom."
"The Paddocks","The Elmhurst (Plot 417) · Plot 417","4","https://www.wainhomes.co.uk/find-your-home/north-west/preston/the-paddocks/tp-plot-417/","images/323c398989a55957a9baa3cb46cd6437eb7a20bb5b12df5cf94b55dbda6b7dbf.webp","https://www.wainhomes.co.uk/wp-content/uploads/2026/09/The-Elmhurst-WH-Paddocks-61.jpg","Features a baby cot and nursery styling."
"The Paddocks","The Elmhurst (Plot 417) · Plot 417","4","https://www.wainhomes.co.uk/find-your-home/north-west/preston/the-paddocks/tp-plot-417/","images/6b6891f3fd55888b06edd771e6b852fa8eeff8a8362a0fd5afa6c400b270670f.webp","https://www.wainhomes.co.uk/wp-content/uploads/2026/09/The-Elmhurst-WH-Paddocks-38.jpg","This is a photograph of an open-plan kitchen, dining, and living space in a home."
"The Paddocks","The Elmhurst (Plot 417) · Plot 417","4","https://www.wainhomes.co.uk/find-your-home/north-west/preston/the-paddocks/tp-plot-417/","images/c1a2964f96eb65bcb80d3105e14bdc9edfccc191081676e0e679e6ddde20f857.webp","https://www.wainhomes.co.uk/wp-content/uploads/2025/08/The-Ash-Cardwell-Park-Wain-Homes-59.jpg","This is a real kitchen space showing built-in appliances and cabinetry."
"The Paddocks","The Elmhurst (Plot 417) · Plot 417","4","https://www.wainhomes.co.uk/find-your-home/north-west/preston/the-paddocks/tp-plot-417/","images/fdfa277311ed25062393a04bc69a7b12bc07816153a94ab1f2f1e0d0c9889c17.webp","https://www.wainhomes.co.uk/wp-content/uploads/2025/03/ev-charger.jpg","This is an exterior photograph showing an EV charger on the property wall."
"The Paddocks","The Elmhurst (Plot 417) · Plot 417","4","https://www.wainhomes.co.uk/find-your-home/north-west/preston/the-paddocks/tp-plot-417/","images/2d05cf64d0e503079d487f8a85860f19f4b0ea27bce234fcb319f941e59d2645.webp","https://www.wainhomes.co.uk/wp-content/uploads/2026/09/The-Highstone-WH-Paddocks-57.jpg","This is an interior photograph showing a combined living and dining room layout."
"The Paddocks","The Elmhurst (Plot 417) · Plot 417","4","https://www.wainhomes.co.uk/find-your-home/north-west/preston/the-paddocks/tp-plot-417/","images/687f26e123b4a4e02fbffdb7f4cd671c34c5a3946881d98e8dc62786a2b1b67a.webp","https://www.wainhomes.co.uk/wp-content/uploads/2025/11/Peakridge-The-Paddocks_CGI_LR.jpg","This is a computer-generated exterior image of a property."
"The Paddocks","The Elmhurst (Plot 417) · Plot 417","4","https://www.wainhomes.co.uk/find-your-home/north-west/preston/the-paddocks/tp-plot-417/","images/02761c1778e7671f808f48769e4ef24012131c347421be823dc29880a70e24d6.webp","https://www.wainhomes.co.uk/wp-content/uploads/2025/10/Highstone_Farriers_Chase_CGI_HR.jpg","This is an exterior photograph showcasing the front facade and front garden of the property."
"The Paddocks","The Standish (Plot 424) · Plot 424","5","https://www.wainhomes.co.uk/find-your-home/north-west/preston/the-paddocks/tp-plot-424/","images/0fb6e573abccceb4c65bae95801b3c0a2981b48062bab0ae6333eb063d194c7e.webp","https://www.wainhomes.co.uk/wp-content/uploads/2025/10/Standish_Farriers_Chase_CGI_HR-1.jpg","This shows the exterior elevation of the property from a different angle."
"The Paddocks","The Standish (Plot 424) · Plot 424","5","https://www.wainhomes.co.uk/find-your-home/north-west/preston/the-paddocks/tp-plot-424/","images/7aa661d7a6c03f3593400ac805b8669fe3924a115f827440e7cdb016302a008b.webp","https://www.wainhomes.co.uk/wp-content/uploads/2026/07/Standish-5BED_kitchen.jpg","This is an interior photograph of a kitchen and dining area."
"The Paddocks","The Standish (Plot 424) · Plot 424","5","https://www.wainhomes.co.uk/find-your-home/north-west/preston/the-paddocks/tp-plot-424/","images/426a9727c638aef11c114d8ba6ac6aa50b564617316b7a3cde35ef810d6bd5fa.webp","https://www.wainhomes.co.uk/wp-content/uploads/2026/07/Standish-5BED_kitchenb.jpg","This is an interior photo of the kitchen area highlighting the island and cabinetry."
"The Paddocks","The Standish (Plot 424) · Plot 424","5","https://www.wainhomes.co.uk/find-your-home/north-west/preston/the-paddocks/tp-plot-424/","images/5f0b953d34cb6c6acc11cc46d4d908b9b2f92756d465459c5c003227335ea892.webp","https://www.wainhomes.co.uk/wp-content/uploads/2026/07/Standish-5BED_living.jpg","This is an interior photograph of the main living room."
"The Paddocks","The Standish (Plot 424) · Plot 424","5","https://www.wainhomes.co.uk/find-your-home/north-west/preston/the-paddocks/tp-plot-424/","images/12ad46f7a3ec6c79bc90e0e8d5afcda0a09c75ba566627e9ee195bfafba35002.webp","https://www.wainhomes.co.uk/wp-content/uploads/2026/07/Standish-5BED_bed-1.jpg","The image clearly depicts a furnished bedroom with a large bed."
"The Paddocks","The Standish (Plot 424) · Plot 424","5","https://www.wainhomes.co.uk/find-your-home/north-west/preston/the-paddocks/tp-plot-424/","images/1f129f49e8f05dc4d52568e198b6bf252f98ebcab66f8910a0a007426302f6ae.webp","https://www.wainhomes.co.uk/wp-content/uploads/2026/07/Standish-5BED_bed-2.jpg","The image displays a fully decorated bedroom interior."
"The Paddocks","The Standish (Plot 424) · Plot 424","5","https://www.wainhomes.co.uk/find-your-home/north-west/preston/the-paddocks/tp-plot-424/","images/b89df3b0c026cafe189c199cf9e7498720c02d48dd9aed444fe82d9afea063a2.webp","https://www.wainhomes.co.uk/wp-content/uploads/2026/07/Standish-5BED_bed-1b.jpg","The image captures a bedroom interior with a bed and connecting room views."
"The Paddocks","The Standish (Plot 424) · Plot 424","5","https://www.wainhomes.co.uk/find-your-home/north-west/preston/the-paddocks/tp-plot-424/","images/69942e1658fcf5875528c32918091ba110356e94132b765f9fce99dd834e729e.webp","https://www.wainhomes.co.uk/wp-content/uploads/2026/07/Standish-5BED_bathroom.jpg","The image depicts a fully equipped contemporary bathroom."
"The Paddocks","The Standish (Plot 424) · Plot 424","5","https://www.wainhomes.co.uk/find-your-home/north-west/preston/the-paddocks/tp-plot-424/","images/2b81f04608c4c331ec5b55cbf6b905177b5fc3182cb877fce17cdb768533a9dc.webp","https://www.wainhomes.co.uk/wp-content/uploads/2026/07/Standish-5BED_bed-3.jpg","The image clearly shows a furnished double bedroom with a bed."
"The Paddocks","The Standish (Plot 424) · Plot 424","5","https://www.wainhomes.co.uk/find-your-home/north-west/preston/the-paddocks/tp-plot-424/","images/b3e57191dae76266c09d8032751dd4e5e9448f2498deb231de6e361e929259b9.webp","https://www.wainhomes.co.uk/wp-content/uploads/2026/07/Standish-5BED_bed-4.jpg","The image shows a dedicated home office or study room featuring a large desk and office chair."
"The Paddocks","The Standish (Plot 424) · Plot 424","5","https://www.wainhomes.co.uk/find-your-home/north-west/preston/the-paddocks/tp-plot-424/","images/02b51dbcd5ee080f740b0cfbe85a9b92054a1d3837521f1eb892e7d374b579ea.webp","https://www.wainhomes.co.uk/wp-content/uploads/2026/07/Standish-5BED_bed-5.jpg","The image depicts a child's single bedroom furnished with a bed and toys."
"The Paddocks","The Standish (Plot 424) · Plot 424","5","https://www.wainhomes.co.uk/find-your-home/north-west/preston/the-paddocks/tp-plot-424/","images/3a0fcef28ee0561bcf1461afe2bf0c11f00ab7b45ab5036a9397c9243ae9c0f2.webp","https://www.wainhomes.co.uk/wp-content/uploads/2026/09/The-Elmhurst-WH-Paddocks-40.jpg","The image clearly shows a fitted kitchen and dining space in a residential property."
"The Paddocks","The Standish (Plot 424) · Plot 424","5","https://www.wainhomes.co.uk/find-your-home/north-west/preston/the-paddocks/tp-plot-424/","images/e751f9fe4daa3d51568ca8c1c8335f4127dd8405a22e833bd16363ae3a6e470c.webp","https://www.wainhomes.co.uk/wp-content/uploads/2026/09/The-Elmhurst-WH-Paddocks-77.jpg","The image clearly displays a fully fitted residential bathroom with bath, shower, and toilet."
"The Paddocks","The Standish (Plot 424) · Plot 424","5","https://www.wainhomes.co.uk/find-your-home/north-west/preston/the-paddocks/tp-plot-424/","images/c1a2964f96eb65bcb80d3105e14bdc9edfccc191081676e0e679e6ddde20f857.webp","https://www.wainhomes.co.uk/wp-content/uploads/2025/08/The-Ash-Cardwell-Park-Wain-Homes-59.jpg","This is a real kitchen space showing built-in appliances and cabinetry."
"The Paddocks","The Standish (Plot 424) · Plot 424","5","https://www.wainhomes.co.uk/find-your-home/north-west/preston/the-paddocks/tp-plot-424/","images/692a475ea796f6b90bd52deec260ec0e8b4da4487b0f549b13ac4e8e61efc8de.webp","https://www.wainhomes.co.uk/wp-content/uploads/2026/09/The-Elmhurst-WH-Paddocks-55.jpg","The image displays a living room with sofas, armchairs, and coffee table."
"The Paddocks","The Standish (Plot 424) · Plot 424","5","https://www.wainhomes.co.uk/find-your-home/north-west/preston/the-paddocks/tp-plot-424/","images/fdfa277311ed25062393a04bc69a7b12bc07816153a94ab1f2f1e0d0c9889c17.webp","https://www.wainhomes.co.uk/wp-content/uploads/2025/03/ev-charger.jpg","This is an exterior photograph showing an EV charger on the property wall."
"The Paddocks","The Standish (Plot 424) · Plot 424","5","https://www.wainhomes.co.uk/find-your-home/north-west/preston/the-paddocks/tp-plot-424/","images/2d05cf64d0e503079d487f8a85860f19f4b0ea27bce234fcb319f941e59d2645.webp","https://www.wainhomes.co.uk/wp-content/uploads/2026/09/The-Highstone-WH-Paddocks-57.jpg","This is an interior photograph showing a combined living and dining room layout."
"The Paddocks","The Highstone (Plot 425) · Plot 425","4","https://www.wainhomes.co.uk/find-your-home/north-west/preston/the-paddocks/tp-plot-425/","images/02761c1778e7671f808f48769e4ef24012131c347421be823dc29880a70e24d6.webp","https://www.wainhomes.co.uk/wp-content/uploads/2025/10/Highstone_Farriers_Chase_CGI_HR.jpg","This is an exterior photograph showcasing the front facade and front garden of the property."
"The Paddocks","The Highstone (Plot 425) · Plot 425","4","https://www.wainhomes.co.uk/find-your-home/north-west/preston/the-paddocks/tp-plot-425/","images/85a062287cf928fa7e9b4ed8ef86d2cfd575f521cd898977dc04d7f95dfb317e.webp","https://www.wainhomes.co.uk/wp-content/uploads/2026/09/The-Highstone-WH-Paddocks-51.jpg","This is an interior shot of the combined kitchen and dining space with garden views."
"The Paddocks","The Highstone (Plot 425) · Plot 425","4","https://www.wainhomes.co.uk/find-your-home/north-west/preston/the-paddocks/tp-plot-425/","images/0571cff965feb77f0f7edfe9454927f3225b8b97ad79c89bb12325d6147750dd.webp","https://www.wainhomes.co.uk/wp-content/uploads/2026/09/The-Highstone-WH-Paddocks-58.jpg","This is an interior photograph focusing specifically on the kitchen fittings and layout."
"The Paddocks","The Highstone (Plot 425) · Plot 425","4","https://www.wainhomes.co.uk/find-your-home/north-west/preston/the-paddocks/tp-plot-425/","images/2d05cf64d0e503079d487f8a85860f19f4b0ea27bce234fcb319f941e59d2645.webp","https://www.wainhomes.co.uk/wp-content/uploads/2026/09/The-Highstone-WH-Paddocks-57.jpg","This is an interior photograph showing a combined living and dining room layout."
"The Paddocks","The Highstone (Plot 425) · Plot 425","4","https://www.wainhomes.co.uk/find-your-home/north-west/preston/the-paddocks/tp-plot-425/","images/41321a54566bef17e4e79052840586c19dabf876b4f0574e06ecd937ee4f199b.webp","https://www.wainhomes.co.uk/wp-content/uploads/2026/09/The-Highstone-WH-Paddocks-39.jpg","The image shows a furnished living room space with sofas, seating, and decor."
"The Paddocks","The Highstone (Plot 425) · Plot 425","4","https://www.wainhomes.co.uk/find-your-home/north-west/preston/the-paddocks/tp-plot-425/","images/dd02ef2731f4a51da144ec787e0aee163f4baf796559177b9718353c4a6a7d37.webp","https://www.wainhomes.co.uk/wp-content/uploads/2026/09/The-Highstone-WH-Paddocks-37.jpg","This is another angle of the living room space shown in image-1."
"The Paddocks","The Highstone (Plot 425) · Plot 425","4","https://www.wainhomes.co.uk/find-your-home/north-west/preston/the-paddocks/tp-plot-425/","images/1c7f4ffe36b4b7f016fb938d51ffdee8e20c9faef4a3b8d0e2a7bdcf6a6905b3.webp","https://www.wainhomes.co.uk/wp-content/uploads/2026/09/The-Highstone-WH-Paddocks-42.jpg","The image shows a small bathroom or cloakroom with a toilet and sink."
"The Paddocks","The Highstone (Plot 425) · Plot 425","4","https://www.wainhomes.co.uk/find-your-home/north-west/preston/the-paddocks/tp-plot-425/","images/ebbf9241c9a1b1617589a4f2bf0a2834f82116c9fd21b578b4c1602016d7dcf4.webp","https://www.wainhomes.co.uk/wp-content/uploads/2026/09/The-Highstone-WH-Paddocks-84.jpg","The image shows a decorated bedroom with a bed and dressing area."
"The Paddocks","The Highstone (Plot 425) · Plot 425","4","https://www.wainhomes.co.uk/find-your-home/north-west/preston/the-paddocks/tp-plot-425/","images/80050048e1302fd032575807ebf26c08e0f13781a82ac0571f5589ee5fce33b7.webp","https://www.wainhomes.co.uk/wp-content/uploads/2026/09/The-Highstone-WH-Paddocks-87.jpg","The image shows a fully fitted modern bathroom with shower, sink, and toilet."
"The Paddocks","The Highstone (Plot 425) · Plot 425","4","https://www.wainhomes.co.uk/find-your-home/north-west/preston/the-paddocks/tp-plot-425/","images/1bd7f756e846c175f772b9cd30f4afd500a5fe180982dec6b34bd0b7faf51fad.webp","https://www.wainhomes.co.uk/wp-content/uploads/2026/09/The-Highstone-WH-Paddocks-64.jpg","The image displays a decorated master bedroom with a large bed."
"The Paddocks","The Highstone (Plot 425) · Plot 425","4","https://www.wainhomes.co.uk/find-your-home/north-west/preston/the-paddocks/tp-plot-425/","images/81c8743d9521e5bd0712626cdabd25d72a4a8bd63a00277cb5e0f01120a4e843.webp","https://www.wainhomes.co.uk/wp-content/uploads/2026/09/The-Highstone-WH-Paddocks-66.jpg","The image clearly shows a furnished bedroom with a large bed in the foreground."
"The Paddocks","The Highstone (Plot 425) · Plot 425","4","https://www.wainhomes.co.uk/find-your-home/north-west/preston/the-paddocks/tp-plot-425/","images/534404d2082b076b6b418b0ce24ef6a11b552a50a28d2a6d8c3082b2c4e0cec4.webp","https://www.wainhomes.co.uk/wp-content/uploads/2026/09/The-Highstone-WH-Paddocks-59.jpg","The image shows a bedroom equipped with a double bed as well as a functional desk workspace."
"The Paddocks","The Highstone (Plot 425) · Plot 425","4","https://www.wainhomes.co.uk/find-your-home/north-west/preston/the-paddocks/tp-plot-425/","images/110aa088f1a8f64fd003ced2ce6fd57dccaab7c7881d8a719a20756885a5518d.webp","https://www.wainhomes.co.uk/wp-content/uploads/2026/09/The-Highstone-WH-Paddocks-68.jpg","The image shows a furnished bedroom with a single bed."
"The Paddocks","The Highstone (Plot 425) · Plot 425","4","https://www.wainhomes.co.uk/find-your-home/north-west/preston/the-paddocks/tp-plot-425/","images/ac4e70c0d9e19d565820f8fe075c8afc115f6b60c5a030c2a13676d82f770a80.webp","https://www.wainhomes.co.uk/wp-content/uploads/2026/09/The-Highstone-WH-Paddocks-76.jpg","The image shows a fully fitted residential bathroom with shower, bath, sink, and toilet."
"The Paddocks","The Highstone (Plot 425) · Plot 425","4","https://www.wainhomes.co.uk/find-your-home/north-west/preston/the-paddocks/tp-plot-425/","images/3a0fcef28ee0561bcf1461afe2bf0c11f00ab7b45ab5036a9397c9243ae9c0f2.webp","https://www.wainhomes.co.uk/wp-content/uploads/2026/09/The-Elmhurst-WH-Paddocks-40.jpg","The image clearly shows a fitted kitchen and dining space in a residential property."
"The Paddocks","The Highstone (Plot 425) · Plot 425","4","https://www.wainhomes.co.uk/find-your-home/north-west/preston/the-paddocks/tp-plot-425/","images/e751f9fe4daa3d51568ca8c1c8335f4127dd8405a22e833bd16363ae3a6e470c.webp","https://www.wainhomes.co.uk/wp-content/uploads/2026/09/The-Elmhurst-WH-Paddocks-77.jpg","The image clearly displays a fully fitted residential bathroom with bath, shower, and toilet."
"The Paddocks","The Highstone (Plot 425) · Plot 425","4","https://www.wainhomes.co.uk/find-your-home/north-west/preston/the-paddocks/tp-plot-425/","images/c1a2964f96eb65bcb80d3105e14bdc9edfccc191081676e0e679e6ddde20f857.webp","https://www.wainhomes.co.uk/wp-content/uploads/2025/08/The-Ash-Cardwell-Park-Wain-Homes-59.jpg","This is a real kitchen space showing built-in appliances and cabinetry."
"The Paddocks","The Highstone (Plot 425) · Plot 425","4","https://www.wainhomes.co.uk/find-your-home/north-west/preston/the-paddocks/tp-plot-425/","images/692a475ea796f6b90bd52deec260ec0e8b4da4487b0f549b13ac4e8e61efc8de.webp","https://www.wainhomes.co.uk/wp-content/uploads/2026/09/The-Elmhurst-WH-Paddocks-55.jpg","The image displays a living room with sofas, armchairs, and coffee table."
"The Paddocks","The Highstone (Plot 425) · Plot 425","4","https://www.wainhomes.co.uk/find-your-home/north-west/preston/the-paddocks/tp-plot-425/","images/fdfa277311ed25062393a04bc69a7b12bc07816153a94ab1f2f1e0d0c9889c17.webp","https://www.wainhomes.co.uk/wp-content/uploads/2025/03/ev-charger.jpg","This is an exterior photograph showing an EV charger on the property wall."
"The Paddocks","The Highstone (Plot 425) · Plot 425","4","https://www.wainhomes.co.uk/find-your-home/north-west/preston/the-paddocks/tp-plot-425/","images/687f26e123b4a4e02fbffdb7f4cd671c34c5a3946881d98e8dc62786a2b1b67a.webp","https://www.wainhomes.co.uk/wp-content/uploads/2025/11/Peakridge-The-Paddocks_CGI_LR.jpg","This is a computer-generated exterior image of a property."
"The Paddocks","The Highstone (Plot 425) · Plot 425","4","https://www.wainhomes.co.uk/find-your-home/north-west/preston/the-paddocks/tp-plot-425/","images/35e4d01a7fe8cae3672bd8150af84177269861f291cb4a546b87df5e3fb995af.webp","https://www.wainhomes.co.uk/wp-content/uploads/2025/11/Elmhurst_The_Paddocks_CGI_LR.jpg","This is a computer-generated exterior image of a property."
"The Paddocks","The Peakridge (Plot 426) · Plot 426","5","https://www.wainhomes.co.uk/find-your-home/north-west/preston/the-paddocks/tp-plot-426/","images/687f26e123b4a4e02fbffdb7f4cd671c34c5a3946881d98e8dc62786a2b1b67a.webp","https://www.wainhomes.co.uk/wp-content/uploads/2025/11/Peakridge-The-Paddocks_CGI_LR.jpg","This is a computer-generated exterior image of a property."
"The Paddocks","The Peakridge (Plot 426) · Plot 426","5","https://www.wainhomes.co.uk/find-your-home/north-west/preston/the-paddocks/tp-plot-426/","images/3a0fcef28ee0561bcf1461afe2bf0c11f00ab7b45ab5036a9397c9243ae9c0f2.webp","https://www.wainhomes.co.uk/wp-content/uploads/2026/09/The-Elmhurst-WH-Paddocks-40.jpg","The image clearly shows a fitted kitchen and dining space in a residential property."
"The Paddocks","The Peakridge (Plot 426) · Plot 426","5","https://www.wainhomes.co.uk/find-your-home/north-west/preston/the-paddocks/tp-plot-426/","images/e751f9fe4daa3d51568ca8c1c8335f4127dd8405a22e833bd16363ae3a6e470c.webp","https://www.wainhomes.co.uk/wp-content/uploads/2026/09/The-Elmhurst-WH-Paddocks-77.jpg","The image clearly displays a fully fitted residential bathroom with bath, shower, and toilet."
"The Paddocks","The Peakridge (Plot 426) · Plot 426","5","https://www.wainhomes.co.uk/find-your-home/north-west/preston/the-paddocks/tp-plot-426/","images/c1a2964f96eb65bcb80d3105e14bdc9edfccc191081676e0e679e6ddde20f857.webp","https://www.wainhomes.co.uk/wp-content/uploads/2025/08/The-Ash-Cardwell-Park-Wain-Homes-59.jpg","This is a real kitchen space showing built-in appliances and cabinetry."
"The Paddocks","The Peakridge (Plot 426) · Plot 426","5","https://www.wainhomes.co.uk/find-your-home/north-west/preston/the-paddocks/tp-plot-426/","images/692a475ea796f6b90bd52deec260ec0e8b4da4487b0f549b13ac4e8e61efc8de.webp","https://www.wainhomes.co.uk/wp-content/uploads/2026/09/The-Elmhurst-WH-Paddocks-55.jpg","The image displays a living room with sofas, armchairs, and coffee table."
"The Paddocks","The Peakridge (Plot 426) · Plot 426","5","https://www.wainhomes.co.uk/find-your-home/north-west/preston/the-paddocks/tp-plot-426/","images/fdfa277311ed25062393a04bc69a7b12bc07816153a94ab1f2f1e0d0c9889c17.webp","https://www.wainhomes.co.uk/wp-content/uploads/2025/03/ev-charger.jpg","This is an exterior photograph showing an EV charger on the property wall."
"The Paddocks","The Peakridge (Plot 426) · Plot 426","5","https://www.wainhomes.co.uk/find-your-home/north-west/preston/the-paddocks/tp-plot-426/","images/2d05cf64d0e503079d487f8a85860f19f4b0ea27bce234fcb319f941e59d2645.webp","https://www.wainhomes.co.uk/wp-content/uploads/2026/09/The-Highstone-WH-Paddocks-57.jpg","This is an interior photograph showing a combined living and dining room layout."
"The Paddocks","The Peakridge (Plot 426) · Plot 426","5","https://www.wainhomes.co.uk/find-your-home/north-west/preston/the-paddocks/tp-plot-426/","images/35e4d01a7fe8cae3672bd8150af84177269861f291cb4a546b87df5e3fb995af.webp","https://www.wainhomes.co.uk/wp-content/uploads/2025/11/Elmhurst_The_Paddocks_CGI_LR.jpg","This is a computer-generated exterior image of a property."
"The Paddocks","The Peakridge (Plot 426) · Plot 426","5","https://www.wainhomes.co.uk/find-your-home/north-west/preston/the-paddocks/tp-plot-426/","images/02761c1778e7671f808f48769e4ef24012131c347421be823dc29880a70e24d6.webp","https://www.wainhomes.co.uk/wp-content/uploads/2025/10/Highstone_Farriers_Chase_CGI_HR.jpg","This is an exterior photograph showcasing the front facade and front garden of the property."
"The Paddocks","The Peakridge (Plot 426) · Plot 426","5","https://www.wainhomes.co.uk/find-your-home/north-west/preston/the-paddocks/tp-plot-426/","images/0fb6e573abccceb4c65bae95801b3c0a2981b48062bab0ae6333eb063d194c7e.webp","https://www.wainhomes.co.uk/wp-content/uploads/2025/10/Standish_Farriers_Chase_CGI_HR-1.jpg","This shows the exterior elevation of the property from a different angle."
"The Paddocks","The Highstone (Plot 428) · Plot 428","4","https://www.wainhomes.co.uk/find-your-home/north-west/preston/the-paddocks/tp-plot-428/","images/02761c1778e7671f808f48769e4ef24012131c347421be823dc29880a70e24d6.webp","https://www.wainhomes.co.uk/wp-content/uploads/2025/10/Highstone_Farriers_Chase_CGI_HR.jpg","This is an exterior photograph showcasing the front facade and front garden of the property."
"The Paddocks","The Highstone (Plot 428) · Plot 428","4","https://www.wainhomes.co.uk/find-your-home/north-west/preston/the-paddocks/tp-plot-428/","images/85a062287cf928fa7e9b4ed8ef86d2cfd575f521cd898977dc04d7f95dfb317e.webp","https://www.wainhomes.co.uk/wp-content/uploads/2026/09/The-Highstone-WH-Paddocks-51.jpg","This is an interior shot of the combined kitchen and dining space with garden views."
"The Paddocks","The Highstone (Plot 428) · Plot 428","4","https://www.wainhomes.co.uk/find-your-home/north-west/preston/the-paddocks/tp-plot-428/","images/0571cff965feb77f0f7edfe9454927f3225b8b97ad79c89bb12325d6147750dd.webp","https://www.wainhomes.co.uk/wp-content/uploads/2026/09/The-Highstone-WH-Paddocks-58.jpg","This is an interior photograph focusing specifically on the kitchen fittings and layout."
"The Paddocks","The Highstone (Plot 428) · Plot 428","4","https://www.wainhomes.co.uk/find-your-home/north-west/preston/the-paddocks/tp-plot-428/","images/2d05cf64d0e503079d487f8a85860f19f4b0ea27bce234fcb319f941e59d2645.webp","https://www.wainhomes.co.uk/wp-content/uploads/2026/09/The-Highstone-WH-Paddocks-57.jpg","This is an interior photograph showing a combined living and dining room layout."
"The Paddocks","The Highstone (Plot 428) · Plot 428","4","https://www.wainhomes.co.uk/find-your-home/north-west/preston/the-paddocks/tp-plot-428/","images/41321a54566bef17e4e79052840586c19dabf876b4f0574e06ecd937ee4f199b.webp","https://www.wainhomes.co.uk/wp-content/uploads/2026/09/The-Highstone-WH-Paddocks-39.jpg","The image shows a furnished living room space with sofas, seating, and decor."
"The Paddocks","The Highstone (Plot 428) · Plot 428","4","https://www.wainhomes.co.uk/find-your-home/north-west/preston/the-paddocks/tp-plot-428/","images/dd02ef2731f4a51da144ec787e0aee163f4baf796559177b9718353c4a6a7d37.webp","https://www.wainhomes.co.uk/wp-content/uploads/2026/09/The-Highstone-WH-Paddocks-37.jpg","This is another angle of the living room space shown in image-1."
"The Paddocks","The Highstone (Plot 428) · Plot 428","4","https://www.wainhomes.co.uk/find-your-home/north-west/preston/the-paddocks/tp-plot-428/","images/1c7f4ffe36b4b7f016fb938d51ffdee8e20c9faef4a3b8d0e2a7bdcf6a6905b3.webp","https://www.wainhomes.co.uk/wp-content/uploads/2026/09/The-Highstone-WH-Paddocks-42.jpg","The image shows a small bathroom or cloakroom with a toilet and sink."
"The Paddocks","The Highstone (Plot 428) · Plot 428","4","https://www.wainhomes.co.uk/find-your-home/north-west/preston/the-paddocks/tp-plot-428/","images/ebbf9241c9a1b1617589a4f2bf0a2834f82116c9fd21b578b4c1602016d7dcf4.webp","https://www.wainhomes.co.uk/wp-content/uploads/2026/09/The-Highstone-WH-Paddocks-84.jpg","The image shows a decorated bedroom with a bed and dressing area."
"The Paddocks","The Highstone (Plot 428) · Plot 428","4","https://www.wainhomes.co.uk/find-your-home/north-west/preston/the-paddocks/tp-plot-428/","images/80050048e1302fd032575807ebf26c08e0f13781a82ac0571f5589ee5fce33b7.webp","https://www.wainhomes.co.uk/wp-content/uploads/2026/09/The-Highstone-WH-Paddocks-87.jpg","The image shows a fully fitted modern bathroom with shower, sink, and toilet."
"The Paddocks","The Highstone (Plot 428) · Plot 428","4","https://www.wainhomes.co.uk/find-your-home/north-west/preston/the-paddocks/tp-plot-428/","images/1bd7f756e846c175f772b9cd30f4afd500a5fe180982dec6b34bd0b7faf51fad.webp","https://www.wainhomes.co.uk/wp-content/uploads/2026/09/The-Highstone-WH-Paddocks-64.jpg","The image displays a decorated master bedroom with a large bed."
"The Paddocks","The Highstone (Plot 428) · Plot 428","4","https://www.wainhomes.co.uk/find-your-home/north-west/preston/the-paddocks/tp-plot-428/","images/81c8743d9521e5bd0712626cdabd25d72a4a8bd63a00277cb5e0f01120a4e843.webp","https://www.wainhomes.co.uk/wp-content/uploads/2026/09/The-Highstone-WH-Paddocks-66.jpg","The image clearly shows a furnished bedroom with a large bed in the foreground."
"The Paddocks","The Highstone (Plot 428) · Plot 428","4","https://www.wainhomes.co.uk/find-your-home/north-west/preston/the-paddocks/tp-plot-428/","images/534404d2082b076b6b418b0ce24ef6a11b552a50a28d2a6d8c3082b2c4e0cec4.webp","https://www.wainhomes.co.uk/wp-content/uploads/2026/09/The-Highstone-WH-Paddocks-59.jpg","The image shows a bedroom equipped with a double bed as well as a functional desk workspace."
"The Paddocks","The Highstone (Plot 428) · Plot 428","4","https://www.wainhomes.co.uk/find-your-home/north-west/preston/the-paddocks/tp-plot-428/","images/110aa088f1a8f64fd003ced2ce6fd57dccaab7c7881d8a719a20756885a5518d.webp","https://www.wainhomes.co.uk/wp-content/uploads/2026/09/The-Highstone-WH-Paddocks-68.jpg","The image shows a furnished bedroom with a single bed."
"The Paddocks","The Highstone (Plot 428) · Plot 428","4","https://www.wainhomes.co.uk/find-your-home/north-west/preston/the-paddocks/tp-plot-428/","images/ac4e70c0d9e19d565820f8fe075c8afc115f6b60c5a030c2a13676d82f770a80.webp","https://www.wainhomes.co.uk/wp-content/uploads/2026/09/The-Highstone-WH-Paddocks-76.jpg","The image shows a fully fitted residential bathroom with shower, bath, sink, and toilet."
"The Paddocks","The Highstone (Plot 428) · Plot 428","4","https://www.wainhomes.co.uk/find-your-home/north-west/preston/the-paddocks/tp-plot-428/","images/3a0fcef28ee0561bcf1461afe2bf0c11f00ab7b45ab5036a9397c9243ae9c0f2.webp","https://www.wainhomes.co.uk/wp-content/uploads/2026/09/The-Elmhurst-WH-Paddocks-40.jpg","The image clearly shows a fitted kitchen and dining space in a residential property."
"The Paddocks","The Highstone (Plot 428) · Plot 428","4","https://www.wainhomes.co.uk/find-your-home/north-west/preston/the-paddocks/tp-plot-428/","images/e751f9fe4daa3d51568ca8c1c8335f4127dd8405a22e833bd16363ae3a6e470c.webp","https://www.wainhomes.co.uk/wp-content/uploads/2026/09/The-Elmhurst-WH-Paddocks-77.jpg","The image clearly displays a fully fitted residential bathroom with bath, shower, and toilet."
"The Paddocks","The Highstone (Plot 428) · Plot 428","4","https://www.wainhomes.co.uk/find-your-home/north-west/preston/the-paddocks/tp-plot-428/","images/c1a2964f96eb65bcb80d3105e14bdc9edfccc191081676e0e679e6ddde20f857.webp","https://www.wainhomes.co.uk/wp-content/uploads/2025/08/The-Ash-Cardwell-Park-Wain-Homes-59.jpg","This is a real kitchen space showing built-in appliances and cabinetry."
"The Paddocks","The Highstone (Plot 428) · Plot 428","4","https://www.wainhomes.co.uk/find-your-home/north-west/preston/the-paddocks/tp-plot-428/","images/692a475ea796f6b90bd52deec260ec0e8b4da4487b0f549b13ac4e8e61efc8de.webp","https://www.wainhomes.co.uk/wp-content/uploads/2026/09/The-Elmhurst-WH-Paddocks-55.jpg","The image displays a living room with sofas, armchairs, and coffee table."
"The Paddocks","The Highstone (Plot 428) · Plot 428","4","https://www.wainhomes.co.uk/find-your-home/north-west/preston/the-paddocks/tp-plot-428/","images/fdfa277311ed25062393a04bc69a7b12bc07816153a94ab1f2f1e0d0c9889c17.webp","https://www.wainhomes.co.uk/wp-content/uploads/2025/03/ev-charger.jpg","This is an exterior photograph showing an EV charger on the property wall."
"The Paddocks","The Highstone (Plot 428) · Plot 428","4","https://www.wainhomes.co.uk/find-your-home/north-west/preston/the-paddocks/tp-plot-428/","images/687f26e123b4a4e02fbffdb7f4cd671c34c5a3946881d98e8dc62786a2b1b67a.webp","https://www.wainhomes.co.uk/wp-content/uploads/2025/11/Peakridge-The-Paddocks_CGI_LR.jpg","This is a computer-generated exterior image of a property."
"The Paddocks","The Highstone (Plot 428) · Plot 428","4","https://www.wainhomes.co.uk/find-your-home/north-west/preston/the-paddocks/tp-plot-428/","images/35e4d01a7fe8cae3672bd8150af84177269861f291cb4a546b87df5e3fb995af.webp","https://www.wainhomes.co.uk/wp-content/uploads/2025/11/Elmhurst_The_Paddocks_CGI_LR.jpg","This is a computer-generated exterior image of a property."
"The Paddocks","The Paddocks development gallery","","https://www.wainhomes.co.uk/find-your-home/north-west/preston/the-paddocks/","images/d23f4bfb6956dd9986094b0d831f2326e152684315ab2bd13e9e537ddaa32837.webp","https://www.wainhomes.co.uk/wp-content/uploads/2026/09/The-Paddocks-street-scene-external-2.jpg","Shows the exterior of the property development including a sales office."
"The Paddocks","The Paddocks development gallery","","https://www.wainhomes.co.uk/find-your-home/north-west/preston/the-paddocks/","images/85a062287cf928fa7e9b4ed8ef86d2cfd575f521cd898977dc04d7f95dfb317e.webp","https://www.wainhomes.co.uk/wp-content/uploads/2026/09/The-Highstone-WH-Paddocks-51.jpg","This is an interior shot of the combined kitchen and dining space with garden views."
"The Paddocks","The Paddocks development gallery","","https://www.wainhomes.co.uk/find-your-home/north-west/preston/the-paddocks/","images/b9c76fc525545dc4e0e189c3f3c79c716ab8fd3e354ac0a4cae7798c2c2a0224.webp","https://www.wainhomes.co.uk/wp-content/uploads/2026/09/The-Paddocks-street-scene-external-6.jpg","Shows the front exterior view of modern properties."
"The Paddocks","The Paddocks development gallery","","https://www.wainhomes.co.uk/find-your-home/north-west/preston/the-paddocks/","images/41321a54566bef17e4e79052840586c19dabf876b4f0574e06ecd937ee4f199b.webp","https://www.wainhomes.co.uk/wp-content/uploads/2026/09/The-Highstone-WH-Paddocks-39.jpg","The image shows a furnished living room space with sofas, seating, and decor."
"The Paddocks","The Paddocks development gallery","","https://www.wainhomes.co.uk/find-your-home/north-west/preston/the-paddocks/","images/35e4d01a7fe8cae3672bd8150af84177269861f291cb4a546b87df5e3fb995af.webp","https://www.wainhomes.co.uk/wp-content/uploads/2025/11/Elmhurst_The_Paddocks_CGI_LR.jpg","This is a computer-generated exterior image of a property."
"The Paddocks","The Paddocks development gallery","","https://www.wainhomes.co.uk/find-your-home/north-west/preston/the-paddocks/","images/0fb6e573abccceb4c65bae95801b3c0a2981b48062bab0ae6333eb063d194c7e.webp","https://www.wainhomes.co.uk/wp-content/uploads/2025/10/Standish_Farriers_Chase_CGI_HR-1.jpg","This shows the exterior elevation of the property from a different angle."
"The Paddocks","The Paddocks development gallery","","https://www.wainhomes.co.uk/find-your-home/north-west/preston/the-paddocks/","images/687f26e123b4a4e02fbffdb7f4cd671c34c5a3946881d98e8dc62786a2b1b67a.webp","https://www.wainhomes.co.uk/wp-content/uploads/2025/11/Peakridge-The-Paddocks_CGI_LR.jpg","This is a computer-generated exterior image of a property."
"The Paddocks","The Paddocks development gallery","","https://www.wainhomes.co.uk/find-your-home/north-west/preston/the-paddocks/","images/c046682f49c2a44820e201802951ff54c2b8e873d91d7e233908c346d4f49e6c.webp","https://www.wainhomes.co.uk/wp-content/uploads/2026/04/Greendale_Terrace-The-Paddocks_CGI_LR.jpg","It is a rendering of property exteriors."
"The Paddocks","The Paddocks development gallery","","https://www.wainhomes.co.uk/find-your-home/north-west/preston/the-paddocks/","images/dc894d080884c87a886bd8d82fc3604cef30739a1788d740cf384b568e57fd1f.webp","https://www.wainhomes.co.uk/wp-content/uploads/2025/10/Ashdene_Farriers_Chase_CGI_HR-1.jpg","This is an exterior CGI rendering of the property with a garage."
"The Paddocks","The Paddocks development gallery","","https://www.wainhomes.co.uk/find-your-home/north-west/preston/the-paddocks/","images/7aa661d7a6c03f3593400ac805b8669fe3924a115f827440e7cdb016302a008b.webp","https://www.wainhomes.co.uk/wp-content/uploads/2026/07/Standish-5BED_kitchen.jpg","This is an interior photograph of a kitchen and dining area."
"The Paddocks","The Paddocks development gallery","","https://www.wainhomes.co.uk/find-your-home/north-west/preston/the-paddocks/","images/02761c1778e7671f808f48769e4ef24012131c347421be823dc29880a70e24d6.webp","https://www.wainhomes.co.uk/wp-content/uploads/2025/10/Highstone_Farriers_Chase_CGI_HR.jpg","This is an exterior photograph showcasing the front facade and front garden of the property."
"The Paddocks","The Paddocks development gallery","","https://www.wainhomes.co.uk/find-your-home/north-west/preston/the-paddocks/","images/2ade813fa6df86afc849b236b3ebc69de44be2cf9acae2078c8a627608f51c54.webp","https://www.wainhomes.co.uk/wp-content/uploads/2026/09/The-Greendale-WH-Paddocks-60.jpg","Shows another angle of the living room space with TV and sofa."
"The Paddocks","The Paddocks development gallery","","https://www.wainhomes.co.uk/find-your-home/north-west/preston/the-paddocks/","images/692a475ea796f6b90bd52deec260ec0e8b4da4487b0f549b13ac4e8e61efc8de.webp","https://www.wainhomes.co.uk/wp-content/uploads/2026/09/The-Elmhurst-WH-Paddocks-55.jpg","The image displays a living room with sofas, armchairs, and coffee table."
"The Paddocks","The Paddocks development gallery","","https://www.wainhomes.co.uk/find-your-home/north-west/preston/the-paddocks/","images/5288a961b5069b1ca5577ff8a0bf61af798f9510d00dac6a5ead26a2c75b1eb9.webp","https://www.wainhomes.co.uk/wp-content/uploads/2025/08/The-Ash-Cardwell-Park-Wain-Homes-63.jpg","Real exterior photograph of a house."
"The Paddocks","The Paddocks development gallery","","https://www.wainhomes.co.uk/find-your-home/north-west/preston/the-paddocks/","images/84304e77b233d3c8a595c6aa9d2d8ff6db64a0499cbfb269f1e18d9ce625d2d4.webp","https://www.wainhomes.co.uk/wp-content/uploads/2026/06/Farriers-Xhase-external.jpg","This is an exterior photograph of a newly built property and its sales office."
"The Paddocks","The Paddocks development gallery","","https://www.wainhomes.co.uk/find-your-home/north-west/preston/the-paddocks/","images/171a87bf1ddb40281d9046738bb5772ee97295c5c68a6b5ba5834c5fc70fa3b9.jpg","https://www.wainhomes.co.uk/wp-content/uploads/2026/02/001-Wain_KingsleyManor_External-4.jpg","Shows the exterior front view of a standalone property."
"The Paddocks","The Paddocks development gallery","","https://www.wainhomes.co.uk/find-your-home/north-west/preston/the-paddocks/","images/9f12964e952052efc7a58c8622957b3f1491626dafaded20d2c1274b1711abfa.webp","https://www.wainhomes.co.uk/wp-content/uploads/2025/07/The-Lawns-Street-scene-1_CGI_HR-Jun-25-1.jpg","Shows the exterior development of multiple houses."
"Oakdene","The Lydford (Plot 15) · Plot 15","2","https://www.wainhomes.co.uk/find-your-home/south-west/devon/oakdene/oak-plot-15/","images/ed1566d2a58c5d25b8a6d55578030e280fc3ebdc76e6000cce1d3e603dd91312.png","https://www.wainhomes.co.uk/wp-content/uploads/2025/01/Untitled-2.png","Exterior photograph of a finished single-story property."
"Oakdene","The Lydford (Plot 15) · Plot 15","2","https://www.wainhomes.co.uk/find-your-home/south-west/devon/oakdene/oak-plot-15/","images/32f1af72d46113033a1d05b37af8dfa3de200e69450a4989a65f32f56b8b2a37.webp","https://www.wainhomes.co.uk/wp-content/uploads/2025/04/web-8.jpg","Living room setup with sofa, armchairs, and decor."
"Oakdene","The Lydford (Plot 15) · Plot 15","2","https://www.wainhomes.co.uk/find-your-home/south-west/devon/oakdene/oak-plot-15/","images/2ef33558473ee204bef240fc601cc3681b207f5a62ee440c79689990b8a84b97.webp","https://www.wainhomes.co.uk/wp-content/uploads/2025/04/web-16.jpg","This is a photograph of a fitted domestic kitchen area."
"Oakdene","The Lydford (Plot 15) · Plot 15","2","https://www.wainhomes.co.uk/find-your-home/south-west/devon/oakdene/oak-plot-15/","images/5215a556314ffc795a68f70ab15947cf0133b97285e8a25d89152ad97f8c457f.webp","https://www.wainhomes.co.uk/wp-content/uploads/2025/04/web-3.jpg","This is a professionally styled photograph of a residential bedroom."
"Oakdene","The Lydford (Plot 15) · Plot 15","2","https://www.wainhomes.co.uk/find-your-home/south-west/devon/oakdene/oak-plot-15/","images/df66b88a6613f63885235a6ea7219da81edba2282baa4a0cffa8576524d6b30c.webp","https://www.wainhomes.co.uk/wp-content/uploads/2025/04/web-7.jpg","This is a real photograph of a bedroom interior showing a bed and nightstand."
"Oakdene","The Lydford (Plot 15) · Plot 15","2","https://www.wainhomes.co.uk/find-your-home/south-west/devon/oakdene/oak-plot-15/","images/7ee3f35b00f3802db2912b877f28bc12192a3d24adbfd68e700f393c8bfa8d16.webp","https://www.wainhomes.co.uk/wp-content/uploads/2025/04/web-6.jpg","This is a real photograph of a child's bedroom interior featuring a bed and themed decor."
"Oakdene","The Lydford (Plot 15) · Plot 15","2","https://www.wainhomes.co.uk/find-your-home/south-west/devon/oakdene/oak-plot-15/","images/9162bc20deebdfdc46b6a9b3e31d7002981d019fb2004eae866288f9a05ee6eb.webp","https://www.wainhomes.co.uk/wp-content/uploads/2025/03/The-Juniper-internal-11-1.jpg","This is a real interior photograph of a modern residential bathroom."
"Oakdene","The Lydford (Plot 15) · Plot 15","2","https://www.wainhomes.co.uk/find-your-home/south-west/devon/oakdene/oak-plot-15/","images/82b42a4a514a482109536645916fbdc9db413f98edf48afc9e38ab87398292a2.webp","https://www.wainhomes.co.uk/wp-content/uploads/2025/04/web-13.jpg","This is a real photograph showing a furnished living room interior."
"Oakdene","The Lydford (Plot 15) · Plot 15","2","https://www.wainhomes.co.uk/find-your-home/south-west/devon/oakdene/oak-plot-15/","images/cb19d817f176063549b2a649ed8d886b3f10c6e787243b34b2dc1676243d4134.webp","https://www.wainhomes.co.uk/wp-content/uploads/2025/04/The-Lydford-Oakdene-Lifton-Kitchen-2.jpg","Features fitted kitchen cabinets, countertops, and cooking appliances without dining furniture."
"Oakdene","The Lydford (Plot 15) · Plot 15","2","https://www.wainhomes.co.uk/find-your-home/south-west/devon/oakdene/oak-plot-15/","images/05b20b69ff603cad063a39d474930350cc9a498ed6c0ce2804df27b7e7753dbc.webp","https://www.wainhomes.co.uk/wp-content/uploads/2025/03/KEYFORD-ON-THE-GREEN-SHOWHOME-1-54.jpg","This is an exterior photograph showing the back garden and patio of the property."
"Oakdene","The Lydford (Plot 15) · Plot 15","2","https://www.wainhomes.co.uk/find-your-home/south-west/devon/oakdene/oak-plot-15/","images/d67da5088fc3d6a43131f6518c895cd4ce9175bfda04a90bc21668ea2ba9e5dc.webp","https://www.wainhomes.co.uk/wp-content/uploads/2025/01/WEB-The-Holly-Showhome-Wain-Homes-4.jpg","This image shows a detailed interior view of a kitchen worktop and sink area."
"Oakdene","Oakdene development gallery","","https://www.wainhomes.co.uk/find-your-home/south-west/devon/oakdene/","images/8deda7aaffeb89e19af895a4468921f99d11bf1e202717d0571db699e3097a30.webp","https://www.wainhomes.co.uk/wp-content/uploads/2025/01/Lifton-Oakdene-WH-21.jpg","The image shows a high-angle exterior photograph of a residential development estate."
"Oakdene","Oakdene development gallery","","https://www.wainhomes.co.uk/find-your-home/south-west/devon/oakdene/","images/ed1566d2a58c5d25b8a6d55578030e280fc3ebdc76e6000cce1d3e603dd91312.png","https://www.wainhomes.co.uk/wp-content/uploads/2025/01/Untitled-2.png","Exterior photograph of a finished single-story property."
"Oakdene","Oakdene development gallery","","https://www.wainhomes.co.uk/find-your-home/south-west/devon/oakdene/","images/707c50ef0b7efafbf74656bf21f94e6c42c1d9c791e3dcf13253f096552f87af.webp","https://www.wainhomes.co.uk/wp-content/uploads/2025/01/Wain-Homes-Lifton-Street-Scene-17-2-1-scaled.jpg","The image shows the exterior front elevation of newly built properties."
"Oakdene","Oakdene development gallery","","https://www.wainhomes.co.uk/find-your-home/south-west/devon/oakdene/","images/0734756381e3fb4f5754ce990ca112828048c56c1d174195ae18eb6a79fec98d.webp","https://www.wainhomes.co.uk/wp-content/uploads/2025/01/Lifton-Oakdene-WH-10.jpg","This is a real photograph showing the exterior and street view of the property development."
"Oakdene","Oakdene development gallery","","https://www.wainhomes.co.uk/find-your-home/south-west/devon/oakdene/","images/6c1a34146fa4630ea55067aaee35b4eb111d39372bb61210599249242f714756.webp","https://www.wainhomes.co.uk/wp-content/uploads/2025/02/DSC3406_02-scaled.jpg","This is a real photograph showing a fitted kitchen interior."
"Oakdene","Oakdene development gallery","","https://www.wainhomes.co.uk/find-your-home/south-west/devon/oakdene/","images/3aae23971606abcefe52d3b78834362f562fcf8ea41313c73ad257e4d0484365.webp","https://www.wainhomes.co.uk/wp-content/uploads/2025/01/Wain-Homes-Lifton-Street-Scene-13-1-scaled.jpg","This is a real photograph showing the countryside view and garden boundary from the property."
"Oakdene","Oakdene development gallery","","https://www.wainhomes.co.uk/find-your-home/south-west/devon/oakdene/","images/dcaf3b88a6206fa51b21982a0df1f54e27fef154465e8bdaa08da8395dc1c259.webp","https://www.wainhomes.co.uk/wp-content/uploads/2025/02/DSC4380_1_2_3_4-scaled.jpg","The space is furnished as a comfortable lounge area with multiple sofas, armchairs, and a coffee table."
"Oakdene","Oakdene development gallery","","https://www.wainhomes.co.uk/find-your-home/south-west/devon/oakdene/","images/8c1af27148918b6b09c2a297c0efd5232d6c2557e8cd4b93816befc368d02f3f.webp","https://www.wainhomes.co.uk/wp-content/uploads/2025/01/DS09711-scaled.jpg","Shows the front facade and exterior architecture of the completed property."
"Lark View","The Acer (Plot 112) · Plot 112","3","https://www.wainhomes.co.uk/find-your-home/south-west/cornwall/lark-view/lv-plot-112/","images/4c0e96767a636b5a9069c27ee0da7d25eb749e25e7e4c25bec7cbde5bf0b697e.jpg","https://www.wainhomes.co.uk/wp-content/uploads/2025/02/1-16.jpg","This is a real photograph showing an open-plan kitchen and dining space."
"Lark View","The Acer (Plot 112) · Plot 112","3","https://www.wainhomes.co.uk/find-your-home/south-west/cornwall/lark-view/lv-plot-112/","images/82b42a4a514a482109536645916fbdc9db413f98edf48afc9e38ab87398292a2.webp","https://www.wainhomes.co.uk/wp-content/uploads/2025/04/web-13.jpg","This is a real photograph showing a furnished living room interior."
"Lark View","The Acer (Plot 112) · Plot 112","3","https://www.wainhomes.co.uk/find-your-home/south-west/cornwall/lark-view/lv-plot-112/","images/11edfd0b5475fc3c7f9e400b6e88bfb20f13d59bd8af383cfa5d56d0806cbe4f.jpg","https://www.wainhomes.co.uk/wp-content/uploads/2025/02/1-17.jpg","Equipped with a dining table and benches for eating meals."
"Lark View","The Acer (Plot 112) · Plot 112","3","https://www.wainhomes.co.uk/find-your-home/south-west/cornwall/lark-view/lv-plot-112/","images/32f1af72d46113033a1d05b37af8dfa3de200e69450a4989a65f32f56b8b2a37.webp","https://www.wainhomes.co.uk/wp-content/uploads/2025/04/web-8.jpg","Living room setup with sofa, armchairs, and decor."
"Lark View","The Acer (Plot 112) · Plot 112","3","https://www.wainhomes.co.uk/find-your-home/south-west/cornwall/lark-view/lv-plot-112/","images/1f44ea3afe1fd2e8ca15b0bbac6374eaa9684b7c419876b57e1101bdc362fbd5.jpg","https://www.wainhomes.co.uk/wp-content/uploads/2025/02/1-7.jpg","Part of a bedroom set up as a relaxation or reading corner with an armchair and dresser."
"Lark View","The Acer (Plot 112) · Plot 112","3","https://www.wainhomes.co.uk/find-your-home/south-west/cornwall/lark-view/lv-plot-112/","images/a5c7eb50a4cb3b72df8b08bdd2075227f21588448b6d74bb8afe58ea63e1a54e.jpg","https://www.wainhomes.co.uk/wp-content/uploads/2025/02/1-1.jpg","Centrally features a large double bed intended for sleeping."
"Lark View","The Acer (Plot 112) · Plot 112","3","https://www.wainhomes.co.uk/find-your-home/south-west/cornwall/lark-view/lv-plot-112/","images/2ac6e44aa5710e8f8fab78b27f1e70b0b83856dd5323a3755e4b802fa95d3586.jpg","https://www.wainhomes.co.uk/wp-content/uploads/2025/02/1-2.jpg","This image clearly shows a furnished bedroom containing a bed, alongside an en-suite bathroom."
"Lark View","The Acer (Plot 112) · Plot 112","3","https://www.wainhomes.co.uk/find-your-home/south-west/cornwall/lark-view/lv-plot-112/","images/5215a556314ffc795a68f70ab15947cf0133b97285e8a25d89152ad97f8c457f.webp","https://www.wainhomes.co.uk/wp-content/uploads/2025/04/web-3.jpg","This is a professionally styled photograph of a residential bedroom."
"Lark View","The Acer (Plot 112) · Plot 112","3","https://www.wainhomes.co.uk/find-your-home/south-west/cornwall/lark-view/lv-plot-112/","images/e38e070c5e856cd5beb38990f852f5f3835f0527b4b92cb77f6a37e7e0cc0cca.webp","https://www.wainhomes.co.uk/wp-content/uploads/2025/03/The-Walnut-Showhome-Wain-Homes-47-scaled.jpg","This is an interior photograph of a bedroom clearly showing a double bed and bedroom furniture."
"Lark View","The Acer (Plot 112) · Plot 112","3","https://www.wainhomes.co.uk/find-your-home/south-west/cornwall/lark-view/lv-plot-112/","images/ef84fa44b6e7f3fa6f43244650563d52245679886b6bf080f6a1b6b2beb7f40e.jpg","https://www.wainhomes.co.uk/wp-content/uploads/2025/02/1-3.jpg","The image shows a fully fitted bathroom with a bathtub, toilet, and sink."
"Lark View","The Acer (Plot 112) · Plot 112","3","https://www.wainhomes.co.uk/find-your-home/south-west/cornwall/lark-view/lv-plot-112/","images/3de2fe5d2b3528da71cdb1121e194276b1375d71da6dfc47f32f25078bed0189.webp","https://www.wainhomes.co.uk/wp-content/uploads/2025/03/The-Juniper-internal-7-1.jpg","This is an indoor dining space with a dining table and benches."
"Lark View","The Acer (Plot 112) · Plot 112","3","https://www.wainhomes.co.uk/find-your-home/south-west/cornwall/lark-view/lv-plot-112/","images/3631715d4aed80a1db45439fffa67d13e270e225a8df802d3120a66888ac8ed7.webp","https://www.wainhomes.co.uk/wp-content/uploads/2025/01/The-Davy-kitchen-Kingsland.jpg","This is a fully equipped kitchen featuring cabinetry, countertops, and a breakfast bar."
"Lark View","The Acer (Plot 112) · Plot 112","3","https://www.wainhomes.co.uk/find-your-home/south-west/cornwall/lark-view/lv-plot-112/","images/6e844c63947d96cb0075d816b0685852860ab8d28c302c5344619a019b2ae91b.webp","https://www.wainhomes.co.uk/wp-content/uploads/2025/01/Wain_Homes_Westward_Ho_Street_Scenes_23_effa17f560.jpg","It is an exterior photograph showcasing the front facade of new-build residential houses."
"Lark View","The Acer (Plot 112) · Plot 112","3","https://www.wainhomes.co.uk/find-your-home/south-west/cornwall/lark-view/lv-plot-112/","images/d67da5088fc3d6a43131f6518c895cd4ce9175bfda04a90bc21668ea2ba9e5dc.webp","https://www.wainhomes.co.uk/wp-content/uploads/2025/01/WEB-The-Holly-Showhome-Wain-Homes-4.jpg","This image shows a detailed interior view of a kitchen worktop and sink area."
"Lark View","The Acer (Plot 112) · Plot 112","3","https://www.wainhomes.co.uk/find-your-home/south-west/cornwall/lark-view/lv-plot-112/","images/b1e2d8e284f0911c97d99ad92b53840febc0f1d49460b7b85f291f2dec6f7845.webp","https://www.wainhomes.co.uk/wp-content/uploads/2026/01/Alder_CGI_LR.jpg","It is an architectural exterior rendering of a detached residential property."
"Lark View","The Acer (Plot 112) · Plot 112","3","https://www.wainhomes.co.uk/find-your-home/south-west/cornwall/lark-view/lv-plot-112/","images/02f9d9217c00b5ba07fa3a5419c8135f4125b4f0d94958c903f773e695bbc8bd.webp","https://www.wainhomes.co.uk/wp-content/uploads/2025/08/Juniper_CGI_LR.jpg","It is an exterior photograph of the front elevation of semi-detached houses."
"Lark View","The Acer (Plot 112) · Plot 112","3","https://www.wainhomes.co.uk/find-your-home/south-west/cornwall/lark-view/lv-plot-112/","images/774a63f6ff3d034ac0baaef626d25643b4d235de8dcd94c005620bccc17cdd6d.webp","https://www.wainhomes.co.uk/wp-content/uploads/2026/01/Laurel_CGI_LR.jpg","This is an exterior photograph showing the front elevation and street view of the property."
"Lark View","The Laurel (Plot 32) · Plot 32","3","https://www.wainhomes.co.uk/find-your-home/south-west/cornwall/lark-view/lv-plot-32/","images/774a63f6ff3d034ac0baaef626d25643b4d235de8dcd94c005620bccc17cdd6d.webp","https://www.wainhomes.co.uk/wp-content/uploads/2026/01/Laurel_CGI_LR.jpg","This is an exterior photograph showing the front elevation and street view of the property."
"Lark View","The Laurel (Plot 32) · Plot 32","3","https://www.wainhomes.co.uk/find-your-home/south-west/cornwall/lark-view/lv-plot-32/","images/94e61effcae96d70971228edb8b9836d80e357bf4fa0ad4c05bd8d7d1d401b80.webp","https://www.wainhomes.co.uk/wp-content/uploads/2026/01/The-Laurel-Wh-Lark-View-4-1.jpg","This image shows a primary living room space complete with sofas, a coffee table, and decorative lounge furniture."
"Lark View","The Laurel (Plot 32) · Plot 32","3","https://www.wainhomes.co.uk/find-your-home/south-west/cornwall/lark-view/lv-plot-32/","images/3568ce072dcebd3253d3c21fc965832dab02e8a86d6903595e45fa649fb37c95.webp","https://www.wainhomes.co.uk/wp-content/uploads/2026/01/The-Laurel-Wh-Lark-View-5-1.jpg","This image shows a kitchen combined with a dining area, featuring kitchen cabinets and a dining table."
"Lark View","The Laurel (Plot 32) · Plot 32","3","https://www.wainhomes.co.uk/find-your-home/south-west/cornwall/lark-view/lv-plot-32/","images/80596a04086aca9bb27c89b1dbf111935092a9be4bd4587f42ee1e51e893da0a.webp","https://www.wainhomes.co.uk/wp-content/uploads/2026/01/The-Laurel-Wh-Lark-View-6.jpg","This image shows an open-plan kitchen and dining space adjacent to a hallway and staircase."
"Lark View","The Laurel (Plot 32) · Plot 32","3","https://www.wainhomes.co.uk/find-your-home/south-west/cornwall/lark-view/lv-plot-32/","images/d79941520b73bf7263f5d4888b7ba8b99a3d067674fe3420943eec6129a890e6.webp","https://www.wainhomes.co.uk/wp-content/uploads/2026/01/The-Laurel-Wh-Lark-View-2-1.jpg","The image shows a small cloakroom or WC with a toilet and basin."
"Lark View","The Laurel (Plot 32) · Plot 32","3","https://www.wainhomes.co.uk/find-your-home/south-west/cornwall/lark-view/lv-plot-32/","images/12046b118af6fc8e466fcb6fcce52767016959c1d4bb7a3a2c87046350c9c9dc.webp","https://www.wainhomes.co.uk/wp-content/uploads/2026/01/The-Laurel-Wh-Lark-View-11.jpg","The image shows a furnished bedroom with a double bed and wardrobes."
"Lark View","The Laurel (Plot 32) · Plot 32","3","https://www.wainhomes.co.uk/find-your-home/south-west/cornwall/lark-view/lv-plot-32/","images/55621d3d07cd8faaf9256dd8f6d8b0eed24e6e71896108af25a7c794b91c6a3d.webp","https://www.wainhomes.co.uk/wp-content/uploads/2026/01/The-Laurel-Wh-Lark-View-12.jpg","The image shows a contemporary residential bathroom with a bath and toilet."
"Lark View","The Laurel (Plot 32) · Plot 32","3","https://www.wainhomes.co.uk/find-your-home/south-west/cornwall/lark-view/lv-plot-32/","images/da0bee468d75c969442759e5184cf856ccb9712ed375f3d4debd31636e6a9eba.jpg","https://www.wainhomes.co.uk/wp-content/uploads/2026/01/The-Laurel-Wh-Lark-View-18.jpg","The image shows a fully furnished residential living room with a sofa and lounge seating."
"Lark View","The Laurel (Plot 32) · Plot 32","3","https://www.wainhomes.co.uk/find-your-home/south-west/cornwall/lark-view/lv-plot-32/","images/6d4cbb9f055a0667f714f2e092656152e753681cc6a557daf973da9b9f1c2a44.webp","https://www.wainhomes.co.uk/wp-content/uploads/2026/01/The-Laurel-Wh-Lark-View-20.jpg","This is a kitchen combined with an informal dining area featuring kitchen units and a dining table."
"Lark View","The Laurel (Plot 32) · Plot 32","3","https://www.wainhomes.co.uk/find-your-home/south-west/cornwall/lark-view/lv-plot-32/","images/fb67611411e3e186bdaa4bbf1551f5a5b30b4c9f43630c5893e9c92d334885ba.webp","https://www.wainhomes.co.uk/wp-content/uploads/2026/01/The-Laurel-Wh-Lark-View-25.jpg","This is a bathroom featuring a shower, basin, and heated towel rail."
"Lark View","The Laurel (Plot 32) · Plot 32","3","https://www.wainhomes.co.uk/find-your-home/south-west/cornwall/lark-view/lv-plot-32/","images/fc8d3f421157373fe77221be8f5a896e4cd6bb7f378e77c8aabb58ef8cb3704f.webp","https://www.wainhomes.co.uk/wp-content/uploads/2026/01/The-Laurel-Wh-Lark-View-26.jpg","This is a furnished bedroom featuring a double bed and bedside storage."
"Lark View","The Laurel (Plot 32) · Plot 32","3","https://www.wainhomes.co.uk/find-your-home/south-west/cornwall/lark-view/lv-plot-32/","images/a44ef889d92f553069ed25c5b0f7775b7bbf18e3da478e92bfd811f8d717070c.webp","https://www.wainhomes.co.uk/wp-content/uploads/2026/01/The-Laurel-Wh-Lark-View-31.jpg","The image clearly shows a bedroom featuring a single bed and child-themed decor."
"Lark View","The Laurel (Plot 32) · Plot 32","3","https://www.wainhomes.co.uk/find-your-home/south-west/cornwall/lark-view/lv-plot-32/","images/2db102dd45d5431f606478d626d023a20a6c3fb1a125fa564a0f391d2a7cad1b.jpg","https://www.wainhomes.co.uk/wp-content/uploads/2026/01/The-Laurel-Wh-Lark-View-33.jpg","The image captures the back garden and exterior facade of the property."
"Lark View","The Laurel (Plot 32) · Plot 32","3","https://www.wainhomes.co.uk/find-your-home/south-west/cornwall/lark-view/lv-plot-32/","images/47e85a15db6684a0fab9deb0c2ada3344d85519c385098119b6354573f2aab61.webp","https://www.wainhomes.co.uk/wp-content/uploads/2025/03/The-Laurel-Lark-View-Liskeard-Living-Room-1.jpg","It is a furnished living room space with a sofa, armchair, and coffee table."
"Lark View","The Laurel (Plot 32) · Plot 32","3","https://www.wainhomes.co.uk/find-your-home/south-west/cornwall/lark-view/lv-plot-32/","images/3631715d4aed80a1db45439fffa67d13e270e225a8df802d3120a66888ac8ed7.webp","https://www.wainhomes.co.uk/wp-content/uploads/2025/01/The-Davy-kitchen-Kingsland.jpg","This is a fully equipped kitchen featuring cabinetry, countertops, and a breakfast bar."
"Lark View","The Laurel (Plot 32) · Plot 32","3","https://www.wainhomes.co.uk/find-your-home/south-west/cornwall/lark-view/lv-plot-32/","images/6e844c63947d96cb0075d816b0685852860ab8d28c302c5344619a019b2ae91b.webp","https://www.wainhomes.co.uk/wp-content/uploads/2025/01/Wain_Homes_Westward_Ho_Street_Scenes_23_effa17f560.jpg","It is an exterior photograph showcasing the front facade of new-build residential houses."
"Lark View","The Laurel (Plot 32) · Plot 32","3","https://www.wainhomes.co.uk/find-your-home/south-west/cornwall/lark-view/lv-plot-32/","images/d67da5088fc3d6a43131f6518c895cd4ce9175bfda04a90bc21668ea2ba9e5dc.webp","https://www.wainhomes.co.uk/wp-content/uploads/2025/01/WEB-The-Holly-Showhome-Wain-Homes-4.jpg","This image shows a detailed interior view of a kitchen worktop and sink area."
"Lark View","The Laurel (Plot 32) · Plot 32","3","https://www.wainhomes.co.uk/find-your-home/south-west/cornwall/lark-view/lv-plot-32/","images/f54209392240b584424bb13523660c27cb1e5e4bb2dae03d59b3c1583960a4df.webp","https://www.wainhomes.co.uk/wp-content/uploads/2026/01/Oysterwood_CGI_LR.jpg","It is an exterior photograph showing the front of semi-detached homes."
"Lark View","The Laurel (Plot 32) · Plot 32","3","https://www.wainhomes.co.uk/find-your-home/south-west/cornwall/lark-view/lv-plot-32/","images/b1e2d8e284f0911c97d99ad92b53840febc0f1d49460b7b85f291f2dec6f7845.webp","https://www.wainhomes.co.uk/wp-content/uploads/2026/01/Alder_CGI_LR.jpg","It is an architectural exterior rendering of a detached residential property."
"Lark View","The Laurel (Plot 32) · Plot 32","3","https://www.wainhomes.co.uk/find-your-home/south-west/cornwall/lark-view/lv-plot-32/","images/02f9d9217c00b5ba07fa3a5419c8135f4125b4f0d94958c903f773e695bbc8bd.webp","https://www.wainhomes.co.uk/wp-content/uploads/2025/08/Juniper_CGI_LR.jpg","It is an exterior photograph of the front elevation of semi-detached houses."
"Lark View","The Mellyon (Plot 34) · Plot 34","2","https://www.wainhomes.co.uk/find-your-home/south-west/cornwall/lark-view/lv-plot-34/","images/7965ad1cde23b937550b21f35c59d813615e76abf7d61003073d73af06087f78.webp","https://www.wainhomes.co.uk/wp-content/uploads/2026/01/Mellyon_CGI_LR.jpg","This is a property exterior rendering showcasing the front facade and garages of the house."
"Lark View","The Mellyon (Plot 34) · Plot 34","2","https://www.wainhomes.co.uk/find-your-home/south-west/cornwall/lark-view/lv-plot-34/","images/926b2cb540cf9e1d69520f10d9cc073bf937542e91180f2fa8d1ffcd9defcbc0.webp","https://www.wainhomes.co.uk/wp-content/uploads/2025/01/240925-WHO-IIM01-GL-TREWINNIAN-LOUNGE-scaled.jpg","This is an open-plan living space combining kitchen, dining, and lounge functions."
"Lark View","The Mellyon (Plot 34) · Plot 34","2","https://www.wainhomes.co.uk/find-your-home/south-west/cornwall/lark-view/lv-plot-34/","images/be663e1f262799d8736314756474ad359222650be4ccee1b3955ed7b1331d786.webp","https://www.wainhomes.co.uk/wp-content/uploads/2025/01/240925-WHO-IIM01-GL-FISTRAL-BEDROOM-scaled.jpg","This is a furnished bedroom that includes a built-in study desk and chair."
"Lark View","The Mellyon (Plot 34) · Plot 34","2","https://www.wainhomes.co.uk/find-your-home/south-west/cornwall/lark-view/lv-plot-34/","images/b101273b3ac3da5157df58c4c5d37dc245a16f7b440510d0ff14db7ebd647920.webp","https://www.wainhomes.co.uk/wp-content/uploads/2025/01/240925-WHO-IIM01-GL-TREWINNIAN-BATHROOM-scaled.jpg","The image shows a fully furnished and finished modern bathroom with sanitaryware and tiling."
"Lark View","The Mellyon (Plot 34) · Plot 34","2","https://www.wainhomes.co.uk/find-your-home/south-west/cornwall/lark-view/lv-plot-34/","images/04701f60f2a18a57da9d9257ae617580ebbe6ba0b621a77d17106e4bf6c8f0cf.webp","https://www.wainhomes.co.uk/wp-content/uploads/2025/01/Kite-Vision-St-Austell-Hockney9-scaled.jpg","The room contains both a bed and a study desk, functioning as a bedroom/study hybrid."
"Lark View","The Mellyon (Plot 34) · Plot 34","2","https://www.wainhomes.co.uk/find-your-home/south-west/cornwall/lark-view/lv-plot-34/","images/3631715d4aed80a1db45439fffa67d13e270e225a8df802d3120a66888ac8ed7.webp","https://www.wainhomes.co.uk/wp-content/uploads/2025/01/The-Davy-kitchen-Kingsland.jpg","This is a fully equipped kitchen featuring cabinetry, countertops, and a breakfast bar."
"Lark View","The Mellyon (Plot 34) · Plot 34","2","https://www.wainhomes.co.uk/find-your-home/south-west/cornwall/lark-view/lv-plot-34/","images/6e844c63947d96cb0075d816b0685852860ab8d28c302c5344619a019b2ae91b.webp","https://www.wainhomes.co.uk/wp-content/uploads/2025/01/Wain_Homes_Westward_Ho_Street_Scenes_23_effa17f560.jpg","It is an exterior photograph showcasing the front facade of new-build residential houses."
"Lark View","The Mellyon (Plot 34) · Plot 34","2","https://www.wainhomes.co.uk/find-your-home/south-west/cornwall/lark-view/lv-plot-34/","images/d67da5088fc3d6a43131f6518c895cd4ce9175bfda04a90bc21668ea2ba9e5dc.webp","https://www.wainhomes.co.uk/wp-content/uploads/2025/01/WEB-The-Holly-Showhome-Wain-Homes-4.jpg","This image shows a detailed interior view of a kitchen worktop and sink area."
"Lark View","The Mellyon (Plot 34) · Plot 34","2","https://www.wainhomes.co.uk/find-your-home/south-west/cornwall/lark-view/lv-plot-34/","images/f54209392240b584424bb13523660c27cb1e5e4bb2dae03d59b3c1583960a4df.webp","https://www.wainhomes.co.uk/wp-content/uploads/2026/01/Oysterwood_CGI_LR.jpg","It is an exterior photograph showing the front of semi-detached homes."
"Lark View","The Juniper (Plot 49) · Plot 49","4","https://www.wainhomes.co.uk/find-your-home/south-west/cornwall/lark-view/lv-plot-49/","images/02f9d9217c00b5ba07fa3a5419c8135f4125b4f0d94958c903f773e695bbc8bd.webp","https://www.wainhomes.co.uk/wp-content/uploads/2025/08/Juniper_CGI_LR.jpg","It is an exterior photograph of the front elevation of semi-detached houses."
"Lark View","The Juniper (Plot 49) · Plot 49","4","https://www.wainhomes.co.uk/find-your-home/south-west/cornwall/lark-view/lv-plot-49/","images/258c0fb46585693077b058a54a3b7ea345c818eecf2f96a52a8b9eb9e273e977.webp","https://www.wainhomes.co.uk/wp-content/uploads/2025/03/The-Juniper-internal-6-1.jpg","It is an indoor photograph of a fully equipped kitchen combined with a dining space."
"Lark View","The Juniper (Plot 49) · Plot 49","4","https://www.wainhomes.co.uk/find-your-home/south-west/cornwall/lark-view/lv-plot-49/","images/97a60ed0f89c705ff5c5450806c9e7a8af46165e5e14ca19faee7655019a8b51.webp","https://www.wainhomes.co.uk/wp-content/uploads/2025/03/The-Juniper-internal-8-1.jpg","It is an interior photograph focusing on a section of a contemporary kitchen."
"Lark View","The Juniper (Plot 49) · Plot 49","4","https://www.wainhomes.co.uk/find-your-home/south-west/cornwall/lark-view/lv-plot-49/","images/3de2fe5d2b3528da71cdb1121e194276b1375d71da6dfc47f32f25078bed0189.webp","https://www.wainhomes.co.uk/wp-content/uploads/2025/03/The-Juniper-internal-7-1.jpg","This is an indoor dining space with a dining table and benches."
"Lark View","The Juniper (Plot 49) · Plot 49","4","https://www.wainhomes.co.uk/find-your-home/south-west/cornwall/lark-view/lv-plot-49/","images/82b42a4a514a482109536645916fbdc9db413f98edf48afc9e38ab87398292a2.webp","https://www.wainhomes.co.uk/wp-content/uploads/2025/04/web-13.jpg","This is a real photograph showing a furnished living room interior."
"Lark View","The Juniper (Plot 49) · Plot 49","4","https://www.wainhomes.co.uk/find-your-home/south-west/cornwall/lark-view/lv-plot-49/","images/5215a556314ffc795a68f70ab15947cf0133b97285e8a25d89152ad97f8c457f.webp","https://www.wainhomes.co.uk/wp-content/uploads/2025/04/web-3.jpg","This is a professionally styled photograph of a residential bedroom."
"Lark View","The Juniper (Plot 49) · Plot 49","4","https://www.wainhomes.co.uk/find-your-home/south-west/cornwall/lark-view/lv-plot-49/","images/4c46823b8e2f82bd2877a9400c98b0ced68aece46eb9fef7e502cf942760e306.webp","https://www.wainhomes.co.uk/wp-content/uploads/2025/03/The-Juniper-internal-9-1.jpg","This is a large attic bedroom with a double bed."
"Lark View","The Juniper (Plot 49) · Plot 49","4","https://www.wainhomes.co.uk/find-your-home/south-west/cornwall/lark-view/lv-plot-49/","images/01aa5947223021cd66be7491378f9c661bf0e6c8f90e79cca03f94cad1928e81.webp","https://www.wainhomes.co.uk/wp-content/uploads/2025/03/The-Juniper-internal-10-1.jpg","This is a bedroom showing an attached ensuite bathroom."
"Lark View","The Juniper (Plot 49) · Plot 49","4","https://www.wainhomes.co.uk/find-your-home/south-west/cornwall/lark-view/lv-plot-49/","images/59cfda963c27ede689a69f9a52e468e544557fcc0868df5eb38cf930fc0dbe3e.webp","https://www.wainhomes.co.uk/wp-content/uploads/2025/03/The-Juniper-internal-1-1.jpg","Contains a single bed, a desk setup, and child-friendly decor."
"Lark View","The Juniper (Plot 49) · Plot 49","4","https://www.wainhomes.co.uk/find-your-home/south-west/cornwall/lark-view/lv-plot-49/","images/9162bc20deebdfdc46b6a9b3e31d7002981d019fb2004eae866288f9a05ee6eb.webp","https://www.wainhomes.co.uk/wp-content/uploads/2025/03/The-Juniper-internal-11-1.jpg","This is a real interior photograph of a modern residential bathroom."
"Lark View","The Juniper (Plot 49) · Plot 49","4","https://www.wainhomes.co.uk/find-your-home/south-west/cornwall/lark-view/lv-plot-49/","images/3631715d4aed80a1db45439fffa67d13e270e225a8df802d3120a66888ac8ed7.webp","https://www.wainhomes.co.uk/wp-content/uploads/2025/01/The-Davy-kitchen-Kingsland.jpg","This is a fully equipped kitchen featuring cabinetry, countertops, and a breakfast bar."
"Lark View","The Juniper (Plot 49) · Plot 49","4","https://www.wainhomes.co.uk/find-your-home/south-west/cornwall/lark-view/lv-plot-49/","images/6e844c63947d96cb0075d816b0685852860ab8d28c302c5344619a019b2ae91b.webp","https://www.wainhomes.co.uk/wp-content/uploads/2025/01/Wain_Homes_Westward_Ho_Street_Scenes_23_effa17f560.jpg","It is an exterior photograph showcasing the front facade of new-build residential houses."
"Lark View","The Juniper (Plot 49) · Plot 49","4","https://www.wainhomes.co.uk/find-your-home/south-west/cornwall/lark-view/lv-plot-49/","images/d67da5088fc3d6a43131f6518c895cd4ce9175bfda04a90bc21668ea2ba9e5dc.webp","https://www.wainhomes.co.uk/wp-content/uploads/2025/01/WEB-The-Holly-Showhome-Wain-Homes-4.jpg","This image shows a detailed interior view of a kitchen worktop and sink area."
"Lark View","The Juniper (Plot 49) · Plot 49","4","https://www.wainhomes.co.uk/find-your-home/south-west/cornwall/lark-view/lv-plot-49/","images/b1e2d8e284f0911c97d99ad92b53840febc0f1d49460b7b85f291f2dec6f7845.webp","https://www.wainhomes.co.uk/wp-content/uploads/2026/01/Alder_CGI_LR.jpg","It is an architectural exterior rendering of a detached residential property."
"Lark View","The Juniper (Plot 49) · Plot 49","4","https://www.wainhomes.co.uk/find-your-home/south-west/cornwall/lark-view/lv-plot-49/","images/774a63f6ff3d034ac0baaef626d25643b4d235de8dcd94c005620bccc17cdd6d.webp","https://www.wainhomes.co.uk/wp-content/uploads/2026/01/Laurel_CGI_LR.jpg","This is an exterior photograph showing the front elevation and street view of the property."
"Lark View","The Oysterwood (Plot 51) · Plot 51","2","https://www.wainhomes.co.uk/find-your-home/south-west/cornwall/lark-view/lv-plot-51/","images/f54209392240b584424bb13523660c27cb1e5e4bb2dae03d59b3c1583960a4df.webp","https://www.wainhomes.co.uk/wp-content/uploads/2026/01/Oysterwood_CGI_LR.jpg","It is an exterior photograph showing the front of semi-detached homes."
"Lark View","The Oysterwood (Plot 51) · Plot 51","2","https://www.wainhomes.co.uk/find-your-home/south-west/cornwall/lark-view/lv-plot-51/","images/64c0bdf0461952f5218266f9725c26dfe3f14a13e4e133912d539587ea9c3d23.webp","https://www.wainhomes.co.uk/wp-content/uploads/2025/03/Lark-View-The-Oysterwood-8.jpg","It is an interior photograph showing a kitchen area combined with a dining table and chairs."
"Lark View","The Oysterwood (Plot 51) · Plot 51","2","https://www.wainhomes.co.uk/find-your-home/south-west/cornwall/lark-view/lv-plot-51/","images/adf0cd92ac126353f84fa70e42d266d3ffa04f495e88efbc34ae85387c11c620.webp","https://www.wainhomes.co.uk/wp-content/uploads/2026/01/Lark-View-The-Oysterwood-3.jpg","This is a furnished living room area."
"Lark View","The Oysterwood (Plot 51) · Plot 51","2","https://www.wainhomes.co.uk/find-your-home/south-west/cornwall/lark-view/lv-plot-51/","images/18c0af7b3c9510375d6ad51f6f77902df90aeb8b327a6c5cf739c1bf4788473e.webp","https://www.wainhomes.co.uk/wp-content/uploads/2026/01/Lark-View-The-Oysterwood-12.jpg","This is a furnished bedroom featuring a double bed."
"Lark View","The Oysterwood (Plot 51) · Plot 51","2","https://www.wainhomes.co.uk/find-your-home/south-west/cornwall/lark-view/lv-plot-51/","images/cb2632915022a3391b0509d9595af973fd364c6e5be3f9ec2bbc8aff7311cb54.webp","https://www.wainhomes.co.uk/wp-content/uploads/2026/01/Lark-View-The-Oysterwood-9.jpg","This is a bedroom featuring a double bed."
"Lark View","The Oysterwood (Plot 51) · Plot 51","2","https://www.wainhomes.co.uk/find-your-home/south-west/cornwall/lark-view/lv-plot-51/","images/3bfcfbc864ae0131009898d02e03c64f3404560cc09669864e95e7f85fa5a2ee.webp","https://www.wainhomes.co.uk/wp-content/uploads/2026/01/Lark-View-The-Oysterwood-16.jpg","Contains standard bathroom fixtures including a bathtub, toilet, and sink."
"Lark View","The Oysterwood (Plot 51) · Plot 51","2","https://www.wainhomes.co.uk/find-your-home/south-west/cornwall/lark-view/lv-plot-51/","images/20e92f3eabecf9552f8648cfd890f45c77507f9f0ca3e7360f72ba81d92d3e2e.webp","https://www.wainhomes.co.uk/wp-content/uploads/2026/01/Lark-View-The-Oysterwood-21.jpg","Combines a fully equipped kitchen with a dining space."
"Lark View","The Oysterwood (Plot 51) · Plot 51","2","https://www.wainhomes.co.uk/find-your-home/south-west/cornwall/lark-view/lv-plot-51/","images/ecf3a26e39ea94a5be734e98213a7b429d720b94a200578e60ba22f7de5500f5.webp","https://www.wainhomes.co.uk/wp-content/uploads/2026/01/Lark-View-The-Oysterwood-19.jpg","This is a real living room captured from a wide interior angle."
"Lark View","The Oysterwood (Plot 51) · Plot 51","2","https://www.wainhomes.co.uk/find-your-home/south-west/cornwall/lark-view/lv-plot-51/","images/19ba9861ac5ce70840ddd173339e1f14937b2374d16b70ea5d7c8290c879a4b0.webp","https://www.wainhomes.co.uk/wp-content/uploads/2026/01/Lark-View-The-Oysterwood-26.jpg","This is a real bedroom featuring a coordinated color scheme."
"Lark View","The Oysterwood (Plot 51) · Plot 51","2","https://www.wainhomes.co.uk/find-your-home/south-west/cornwall/lark-view/lv-plot-51/","images/694f2737471ed397b226a82d192bab22f0671dc0d98bbec5efcecf31c1f673bd.webp","https://www.wainhomes.co.uk/wp-content/uploads/2026/01/Lark-View-The-Oysterwood-45.jpg","This is a real home study or office room."
"Lark View","The Oysterwood (Plot 51) · Plot 51","2","https://www.wainhomes.co.uk/find-your-home/south-west/cornwall/lark-view/lv-plot-51/","images/3631715d4aed80a1db45439fffa67d13e270e225a8df802d3120a66888ac8ed7.webp","https://www.wainhomes.co.uk/wp-content/uploads/2025/01/The-Davy-kitchen-Kingsland.jpg","This is a fully equipped kitchen featuring cabinetry, countertops, and a breakfast bar."
"Lark View","The Oysterwood (Plot 51) · Plot 51","2","https://www.wainhomes.co.uk/find-your-home/south-west/cornwall/lark-view/lv-plot-51/","images/6e844c63947d96cb0075d816b0685852860ab8d28c302c5344619a019b2ae91b.webp","https://www.wainhomes.co.uk/wp-content/uploads/2025/01/Wain_Homes_Westward_Ho_Street_Scenes_23_effa17f560.jpg","It is an exterior photograph showcasing the front facade of new-build residential houses."
"Lark View","The Oysterwood (Plot 51) · Plot 51","2","https://www.wainhomes.co.uk/find-your-home/south-west/cornwall/lark-view/lv-plot-51/","images/d67da5088fc3d6a43131f6518c895cd4ce9175bfda04a90bc21668ea2ba9e5dc.webp","https://www.wainhomes.co.uk/wp-content/uploads/2025/01/WEB-The-Holly-Showhome-Wain-Homes-4.jpg","This image shows a detailed interior view of a kitchen worktop and sink area."
"Lark View","The Oysterwood (Plot 51) · Plot 51","2","https://www.wainhomes.co.uk/find-your-home/south-west/cornwall/lark-view/lv-plot-51/","images/7965ad1cde23b937550b21f35c59d813615e76abf7d61003073d73af06087f78.webp","https://www.wainhomes.co.uk/wp-content/uploads/2026/01/Mellyon_CGI_LR.jpg","This is a property exterior rendering showcasing the front facade and garages of the house."
"Lark View","The Oysterwood (Plot 51) · Plot 51","2","https://www.wainhomes.co.uk/find-your-home/south-west/cornwall/lark-view/lv-plot-51/","images/774a63f6ff3d034ac0baaef626d25643b4d235de8dcd94c005620bccc17cdd6d.webp","https://www.wainhomes.co.uk/wp-content/uploads/2026/01/Laurel_CGI_LR.jpg","This is an exterior photograph showing the front elevation and street view of the property."
"Lark View","The Holly (Plot 86) · Plot 86","4","https://www.wainhomes.co.uk/find-your-home/south-west/cornwall/lark-view/lv-plot-86/","images/ea7d62c835a001a9110dcdfad1afe8f8d4e3593d7b79a88aca953804f11fe6da.webp","https://www.wainhomes.co.uk/wp-content/uploads/2026/01/Holly_CGI_LR.jpg","This is an exterior photograph of the property."
"Lark View","The Holly (Plot 86) · Plot 86","4","https://www.wainhomes.co.uk/find-your-home/south-west/cornwall/lark-view/lv-plot-86/","images/a0e0ac34a206d446c13b1fca008af56e8c60c345d7885e189072607ce4a92a77.webp","https://www.wainhomes.co.uk/wp-content/uploads/2025/04/Holly-41-scaled.jpg","This is a combined kitchen and dining space."
"Lark View","The Holly (Plot 86) · Plot 86","4","https://www.wainhomes.co.uk/find-your-home/south-west/cornwall/lark-view/lv-plot-86/","images/1c165885f013a814b1edf0b540eb5cf7686f95dcc700b72397820da1e78fe783.webp","https://www.wainhomes.co.uk/wp-content/uploads/2025/04/Holly-43-scaled.jpg","This is a kitchen space."
"Lark View","The Holly (Plot 86) · Plot 86","4","https://www.wainhomes.co.uk/find-your-home/south-west/cornwall/lark-view/lv-plot-86/","images/34e134dbf218e8e53ce57e23522aaaf851bb802cdf9875bca6e8080bd11d4932.webp","https://www.wainhomes.co.uk/wp-content/uploads/2025/04/Holly-45-scaled.jpg","Shows a dining area and part of a utility space with table and chairs."
"Lark View","The Holly (Plot 86) · Plot 86","4","https://www.wainhomes.co.uk/find-your-home/south-west/cornwall/lark-view/lv-plot-86/","images/08fba868b2c8b2adee5d0396ea9857343a74c71d9394d8bffce5390d373be1cd.webp","https://www.wainhomes.co.uk/wp-content/uploads/2025/04/Holly-51-scaled.jpg","Features sofas, TV console, and living room furniture."
"Lark View","The Holly (Plot 86) · Plot 86","4","https://www.wainhomes.co.uk/find-your-home/south-west/cornwall/lark-view/lv-plot-86/","images/9505f617315ef18fa8bcca9063144f97dec0e98667ccb83cb4ff6a50a03b79a2.webp","https://www.wainhomes.co.uk/wp-content/uploads/2025/04/Holly-53-scaled.jpg","Shows the living room layout from a different angle with sofas and TV unit."
"Lark View","The Holly (Plot 86) · Plot 86","4","https://www.wainhomes.co.uk/find-your-home/south-west/cornwall/lark-view/lv-plot-86/","images/530edfc7cc7bbb2be7b6b19d3d0983ee34e08fc2918ee1b15e5d511f4aefd1a0.webp","https://www.wainhomes.co.uk/wp-content/uploads/2025/04/Holly-55-scaled.jpg","This is a real bedroom showcasing contemporary interior styling."
"Lark View","The Holly (Plot 86) · Plot 86","4","https://www.wainhomes.co.uk/find-your-home/south-west/cornwall/lark-view/lv-plot-86/","images/2e5228e6eae3582ce8e71d2763ace9379c2af83d7ae01a1779ea5580751db380.webp","https://www.wainhomes.co.uk/wp-content/uploads/2025/04/Holly-58-scaled.jpg","This is a real bedroom photographed from an interior perspective."
"Lark View","The Holly (Plot 86) · Plot 86","4","https://www.wainhomes.co.uk/find-your-home/south-west/cornwall/lark-view/lv-plot-86/","images/1353f2125d1d47f9f63e7638a98a34a50d7fc679192742a67f377cced2bca505.webp","https://www.wainhomes.co.uk/wp-content/uploads/2025/04/Holly-59-scaled.jpg","This is a real bathroom photographed with bright lighting."
"Lark View","The Holly (Plot 86) · Plot 86","4","https://www.wainhomes.co.uk/find-your-home/south-west/cornwall/lark-view/lv-plot-86/","images/bbf8cd4f189bed5293a4cf4e66d8bba0fa00556f1e9c6c4c2dc0ee2f5d82bc47.webp","https://www.wainhomes.co.uk/wp-content/uploads/2025/04/Holly-60-scaled.jpg","This is a real study or home office space."
"Lark View","The Holly (Plot 86) · Plot 86","4","https://www.wainhomes.co.uk/find-your-home/south-west/cornwall/lark-view/lv-plot-86/","images/0a6abda952f241dde6add4eac09b307eaf4e4334eaf75263590eef4e62a0e88a.webp","https://www.wainhomes.co.uk/wp-content/uploads/2025/04/Holly-66-scaled.jpg","This is a real photograph of a furnished bedroom."
"Lark View","The Holly (Plot 86) · Plot 86","4","https://www.wainhomes.co.uk/find-your-home/south-west/cornwall/lark-view/lv-plot-86/","images/f79e3209e358438335879296348e5ac7c39a9706aca2bee055a8a6d049f0292e.webp","https://www.wainhomes.co.uk/wp-content/uploads/2025/04/Holly-64-scaled.jpg","This is a real photograph of a modern residential bathroom."
"Lark View","The Holly (Plot 86) · Plot 86","4","https://www.wainhomes.co.uk/find-your-home/south-west/cornwall/lark-view/lv-plot-86/","images/06486cec458645bbd3666eb74f5980f75b1c5b1ddbb986f3b22aa77ccc696a7a.webp","https://www.wainhomes.co.uk/wp-content/uploads/2025/04/Holly-63-scaled.jpg","This is a real photograph of a residential hallway and landing."
"Lark View","The Holly (Plot 86) · Plot 86","4","https://www.wainhomes.co.uk/find-your-home/south-west/cornwall/lark-view/lv-plot-86/","images/3631715d4aed80a1db45439fffa67d13e270e225a8df802d3120a66888ac8ed7.webp","https://www.wainhomes.co.uk/wp-content/uploads/2025/01/The-Davy-kitchen-Kingsland.jpg","This is a fully equipped kitchen featuring cabinetry, countertops, and a breakfast bar."
"Lark View","The Holly (Plot 86) · Plot 86","4","https://www.wainhomes.co.uk/find-your-home/south-west/cornwall/lark-view/lv-plot-86/","images/6e844c63947d96cb0075d816b0685852860ab8d28c302c5344619a019b2ae91b.webp","https://www.wainhomes.co.uk/wp-content/uploads/2025/01/Wain_Homes_Westward_Ho_Street_Scenes_23_effa17f560.jpg","It is an exterior photograph showcasing the front facade of new-build residential houses."
"Lark View","The Holly (Plot 86) · Plot 86","4","https://www.wainhomes.co.uk/find-your-home/south-west/cornwall/lark-view/lv-plot-86/","images/d67da5088fc3d6a43131f6518c895cd4ce9175bfda04a90bc21668ea2ba9e5dc.webp","https://www.wainhomes.co.uk/wp-content/uploads/2025/01/WEB-The-Holly-Showhome-Wain-Homes-4.jpg","This image shows a detailed interior view of a kitchen worktop and sink area."
"Lark View","The Alder (Plot 88) · Plot 88","3","https://www.wainhomes.co.uk/find-your-home/south-west/cornwall/lark-view/lv-plot-88/","images/b1e2d8e284f0911c97d99ad92b53840febc0f1d49460b7b85f291f2dec6f7845.webp","https://www.wainhomes.co.uk/wp-content/uploads/2026/01/Alder_CGI_LR.jpg","It is an architectural exterior rendering of a detached residential property."
"Lark View","The Alder (Plot 88) · Plot 88","3","https://www.wainhomes.co.uk/find-your-home/south-west/cornwall/lark-view/lv-plot-88/","images/dacdc03c5ed60f9076860630eaf2e862d4d1de740d860faa67a5733608ae1363.webp","https://www.wainhomes.co.uk/wp-content/uploads/2026/05/WH-Trevow-Heights-The-Alder-6.jpg","This is a real photograph of a furnished kitchen and dining space."
"Lark View","The Alder (Plot 88) · Plot 88","3","https://www.wainhomes.co.uk/find-your-home/south-west/cornwall/lark-view/lv-plot-88/","images/c760bb44b3de20ab4132d5eb124db60408598bc91d3dc74bdb91fb14c202ec29.webp","https://www.wainhomes.co.uk/wp-content/uploads/2026/05/WH-Trevow-Heights-The-Alder-7.jpg","This is a real interior photo of a kitchen, dining area, and integrated workspace."
"Lark View","The Alder (Plot 88) · Plot 88","3","https://www.wainhomes.co.uk/find-your-home/south-west/cornwall/lark-view/lv-plot-88/","images/38cbb5da8d1a814af8edf7226b89aa3dbaf42e396d2f3667507db478e6fa5bf4.webp","https://www.wainhomes.co.uk/wp-content/uploads/2026/05/WH-Trevow-Heights-The-Alder-15.jpg","This is a real photograph of a living room interior."
"Lark View","The Alder (Plot 88) · Plot 88","3","https://www.wainhomes.co.uk/find-your-home/south-west/cornwall/lark-view/lv-plot-88/","images/87821353c434b9fb973d4ca75087dc8e4a95ca9e8337d8acdf75624023f51a41.webp","https://www.wainhomes.co.uk/wp-content/uploads/2026/05/WH-Trevow-Heights-The-Alder-14.jpg","This is a real photograph of a living room interior, viewed from an alternate angle."
"Lark View","The Alder (Plot 88) · Plot 88","3","https://www.wainhomes.co.uk/find-your-home/south-west/cornwall/lark-view/lv-plot-88/","images/22d4494c31da7fa72e0677c68ee183e5017bc9586e021ab1f692990001e9410c.webp","https://www.wainhomes.co.uk/wp-content/uploads/2026/05/WH-Trevow-Heights-The-Alder-17.jpg","This is a real photograph of a cloakroom/bathroom."
"Lark View","The Alder (Plot 88) · Plot 88","3","https://www.wainhomes.co.uk/find-your-home/south-west/cornwall/lark-view/lv-plot-88/","images/de831386af231b00aa5ff8b9ac1dd5fb94e0ab574f5534f88e0d5ba25d8383c1.webp","https://www.wainhomes.co.uk/wp-content/uploads/2026/05/WH-Trevow-Heights-The-Alder-21.jpg","This is a real bedroom interior shot showing a bed and bedroom furnishings."
"Lark View","The Alder (Plot 88) · Plot 88","3","https://www.wainhomes.co.uk/find-your-home/south-west/cornwall/lark-view/lv-plot-88/","images/d9f43c03fab86f0a7fd8d89c5e50fd94a729ae56ff1f0d08fec27dffd71f1ca2.webp","https://www.wainhomes.co.uk/wp-content/uploads/2026/05/WH-Trevow-Heights-The-Alder-22.jpg","This is a real bathroom/shower room interior shot."
"Lark View","The Alder (Plot 88) · Plot 88","3","https://www.wainhomes.co.uk/find-your-home/south-west/cornwall/lark-view/lv-plot-88/","images/69ab4e4ac51f442fdd518961281de447a7c336a66492670f45bd02503061db3c.webp","https://www.wainhomes.co.uk/wp-content/uploads/2026/05/WH-Trevow-Heights-The-Alder-25.jpg","This is a real bedroom interior shot showing a single bed and decor."
"Lark View","The Alder (Plot 88) · Plot 88","3","https://www.wainhomes.co.uk/find-your-home/south-west/cornwall/lark-view/lv-plot-88/","images/513544cbde99e39f0bc3dfa9bcf89a44a8b77dd81ea0ef02933e8a3957e75097.webp","https://www.wainhomes.co.uk/wp-content/uploads/2026/05/WH-Trevow-Heights-The-Alder-24.jpg","This is a real bathroom interior shot."
"Lark View","The Alder (Plot 88) · Plot 88","3","https://www.wainhomes.co.uk/find-your-home/south-west/cornwall/lark-view/lv-plot-88/","images/5f01751ee77a45ab6e240bca40ddf78aecb16f72ef4344a3f74ec9af56f9afba.webp","https://www.wainhomes.co.uk/wp-content/uploads/2026/05/WH-Trevow-Heights-The-Alder-28.jpg","It is a staged real bedroom with a bed and bedroom furniture."
"Lark View","The Alder (Plot 88) · Plot 88","3","https://www.wainhomes.co.uk/find-your-home/south-west/cornwall/lark-view/lv-plot-88/","images/3631715d4aed80a1db45439fffa67d13e270e225a8df802d3120a66888ac8ed7.webp","https://www.wainhomes.co.uk/wp-content/uploads/2025/01/The-Davy-kitchen-Kingsland.jpg","This is a fully equipped kitchen featuring cabinetry, countertops, and a breakfast bar."
"Lark View","The Alder (Plot 88) · Plot 88","3","https://www.wainhomes.co.uk/find-your-home/south-west/cornwall/lark-view/lv-plot-88/","images/6e844c63947d96cb0075d816b0685852860ab8d28c302c5344619a019b2ae91b.webp","https://www.wainhomes.co.uk/wp-content/uploads/2025/01/Wain_Homes_Westward_Ho_Street_Scenes_23_effa17f560.jpg","It is an exterior photograph showcasing the front facade of new-build residential houses."
"Lark View","The Alder (Plot 88) · Plot 88","3","https://www.wainhomes.co.uk/find-your-home/south-west/cornwall/lark-view/lv-plot-88/","images/d67da5088fc3d6a43131f6518c895cd4ce9175bfda04a90bc21668ea2ba9e5dc.webp","https://www.wainhomes.co.uk/wp-content/uploads/2025/01/WEB-The-Holly-Showhome-Wain-Homes-4.jpg","This image shows a detailed interior view of a kitchen worktop and sink area."
"Lark View","The Alder (Plot 88) · Plot 88","3","https://www.wainhomes.co.uk/find-your-home/south-west/cornwall/lark-view/lv-plot-88/","images/02f9d9217c00b5ba07fa3a5419c8135f4125b4f0d94958c903f773e695bbc8bd.webp","https://www.wainhomes.co.uk/wp-content/uploads/2025/08/Juniper_CGI_LR.jpg","It is an exterior photograph of the front elevation of semi-detached houses."
"Lark View","The Alder (Plot 88) · Plot 88","3","https://www.wainhomes.co.uk/find-your-home/south-west/cornwall/lark-view/lv-plot-88/","images/774a63f6ff3d034ac0baaef626d25643b4d235de8dcd94c005620bccc17cdd6d.webp","https://www.wainhomes.co.uk/wp-content/uploads/2026/01/Laurel_CGI_LR.jpg","This is an exterior photograph showing the front elevation and street view of the property."
"Lark View","Lark View development gallery","","https://www.wainhomes.co.uk/find-your-home/south-west/cornwall/lark-view/","images/aa6810473947230da30b6004a31caa4ee9bfef7bd4c9d3650e1ea24d849ea0a7.webp","https://www.wainhomes.co.uk/wp-content/uploads/2026/09/08482-01-Wain-September-Campaign_Web-Carousels_2000x1500_NON-ASCEND2.jpg","This is a real photograph of a dining and living space."
"Lark View","Lark View development gallery","","https://www.wainhomes.co.uk/find-your-home/south-west/cornwall/lark-view/","images/18c0af7b3c9510375d6ad51f6f77902df90aeb8b327a6c5cf739c1bf4788473e.webp","https://www.wainhomes.co.uk/wp-content/uploads/2026/01/Lark-View-The-Oysterwood-12.jpg","This is a furnished bedroom featuring a double bed."
"Lark View","Lark View development gallery","","https://www.wainhomes.co.uk/find-your-home/south-west/cornwall/lark-view/","images/4fa57370f6624131bdc4609b5978f0e2e75403eed3b32bf54306be268b641ca7.webp","https://www.wainhomes.co.uk/wp-content/uploads/2025/03/4-bed-images-2.jpg","This is a real exterior photograph of a residential property."
"Lark View","Lark View development gallery","","https://www.wainhomes.co.uk/find-your-home/south-west/cornwall/lark-view/","images/a4ff3c6032f47468dce245f367ae6339bb97493ce6b888284af740523d99e613.jpg","https://www.wainhomes.co.uk/wp-content/uploads/2026/01/Whiteberry_CGI_LR.jpg","This is a property exterior render showing the front view of a house."
"Lark View","Lark View development gallery","","https://www.wainhomes.co.uk/find-your-home/south-west/cornwall/lark-view/","images/a22a83cfc5f947006ffadeba20dec36fa83b9566aa6fc2204150c777eaa51399.jpg","https://www.wainhomes.co.uk/wp-content/uploads/2025/03/Larks-View-Images-4.jpg","This is a real nature/garden or exterior surrounding landscape view."
"Lark View","Lark View development gallery","","https://www.wainhomes.co.uk/find-your-home/south-west/cornwall/lark-view/","images/20e92f3eabecf9552f8648cfd890f45c77507f9f0ca3e7360f72ba81d92d3e2e.webp","https://www.wainhomes.co.uk/wp-content/uploads/2026/01/Lark-View-The-Oysterwood-21.jpg","Combines a fully equipped kitchen with a dining space."
"Lark View","Lark View development gallery","","https://www.wainhomes.co.uk/find-your-home/south-west/cornwall/lark-view/","images/5579bb0faa1f4a8ecee6d8b31a1987e020f689df2a3628112003709b97196183.jpg","https://www.wainhomes.co.uk/wp-content/uploads/2025/03/The-Laurel-Wh-Lark-View-4.jpg","This is a real living room interior shot."
"Lark View","Lark View development gallery","","https://www.wainhomes.co.uk/find-your-home/south-west/cornwall/lark-view/","images/ea7d62c835a001a9110dcdfad1afe8f8d4e3593d7b79a88aca953804f11fe6da.webp","https://www.wainhomes.co.uk/wp-content/uploads/2026/01/Holly_CGI_LR.jpg","This is an exterior photograph of the property."
"Lark View","Lark View development gallery","","https://www.wainhomes.co.uk/find-your-home/south-west/cornwall/lark-view/","images/9fffee1725ccd656f476ea2f000b918a0f29ce0c06fd863d44af2ff2fdcb999f.jpg","https://www.wainhomes.co.uk/wp-content/uploads/2025/03/The-Hazel-Wh-Lark-View-29.jpg","This is a real bathroom interior shot."
"Lark View","Lark View development gallery","","https://www.wainhomes.co.uk/find-your-home/south-west/cornwall/lark-view/","images/12cde8421fe1067bba772e97fef4d6347b807bedbec45efe139ae439ebac2aad.webp","https://www.wainhomes.co.uk/wp-content/uploads/2026/01/Hawthorn_CGI_LR.jpg","It is an exterior architectural rendering showing the front of the house."
"Lark View","Lark View development gallery","","https://www.wainhomes.co.uk/find-your-home/south-west/cornwall/lark-view/","images/39cfc3afc92672b7e9d502979f26806e07bca24ea37851bef034a33d674047f8.webp","https://www.wainhomes.co.uk/wp-content/uploads/2025/03/Larks-View-Images-6.jpg","It is an exterior photograph of a landscape and historic structure."
"Lark View","Lark View development gallery","","https://www.wainhomes.co.uk/find-your-home/south-west/cornwall/lark-view/","images/f3760cc46229b7d17c6b15d4aecede83109f626f4a7924d4b7e4a7c1a7cbcdc6.webp","https://www.wainhomes.co.uk/wp-content/uploads/2025/03/Larks-View-Images-3.jpg","Shows the natural surroundings and exterior environment of the property."
"Lark View","Lark View development gallery","","https://www.wainhomes.co.uk/find-your-home/south-west/cornwall/lark-view/","images/774a63f6ff3d034ac0baaef626d25643b4d235de8dcd94c005620bccc17cdd6d.webp","https://www.wainhomes.co.uk/wp-content/uploads/2026/01/Laurel_CGI_LR.jpg","This is an exterior photograph showing the front elevation and street view of the property."
"Lark View","Lark View development gallery","","https://www.wainhomes.co.uk/find-your-home/south-west/cornwall/lark-view/","images/7965ad1cde23b937550b21f35c59d813615e76abf7d61003073d73af06087f78.webp","https://www.wainhomes.co.uk/wp-content/uploads/2026/01/Mellyon_CGI_LR.jpg","This is a property exterior rendering showcasing the front facade and garages of the house."
"Lark View","Lark View development gallery","","https://www.wainhomes.co.uk/find-your-home/south-west/cornwall/lark-view/","images/02f9d9217c00b5ba07fa3a5419c8135f4125b4f0d94958c903f773e695bbc8bd.webp","https://www.wainhomes.co.uk/wp-content/uploads/2025/08/Juniper_CGI_LR.jpg","It is an exterior photograph of the front elevation of semi-detached houses."
"Lark View","Lark View development gallery","","https://www.wainhomes.co.uk/find-your-home/south-west/cornwall/lark-view/","images/f54209392240b584424bb13523660c27cb1e5e4bb2dae03d59b3c1583960a4df.webp","https://www.wainhomes.co.uk/wp-content/uploads/2026/01/Oysterwood_CGI_LR.jpg","It is an exterior photograph showing the front of semi-detached homes."
"Lark View","Lark View development gallery","","https://www.wainhomes.co.uk/find-your-home/south-west/cornwall/lark-view/","images/b1e2d8e284f0911c97d99ad92b53840febc0f1d49460b7b85f291f2dec6f7845.webp","https://www.wainhomes.co.uk/wp-content/uploads/2026/01/Alder_CGI_LR.jpg","It is an architectural exterior rendering of a detached residential property."
"Lark View","Lark View development gallery","","https://www.wainhomes.co.uk/find-your-home/south-west/cornwall/lark-view/","images/efa21e32223eb26878e7e7ff91c300a0dbcbf9a466ec581ffe1b4d41d02a6829.webp","https://www.wainhomes.co.uk/wp-content/uploads/2025/03/The-Hazel-Lark-View-Liskeard-Bedroom-5.jpg","Shows a fully furnished bedroom interior with a bed and desk."
"Lark View","Lark View development gallery","","https://www.wainhomes.co.uk/find-your-home/south-west/cornwall/lark-view/","images/47e85a15db6684a0fab9deb0c2ada3344d85519c385098119b6354573f2aab61.webp","https://www.wainhomes.co.uk/wp-content/uploads/2025/03/The-Laurel-Lark-View-Liskeard-Living-Room-1.jpg","It is a furnished living room space with a sofa, armchair, and coffee table."
"Lark View","Lark View development gallery","","https://www.wainhomes.co.uk/find-your-home/south-west/cornwall/lark-view/","images/64c0bdf0461952f5218266f9725c26dfe3f14a13e4e133912d539587ea9c3d23.webp","https://www.wainhomes.co.uk/wp-content/uploads/2025/03/Lark-View-The-Oysterwood-8.jpg","It is an interior photograph showing a kitchen area combined with a dining table and chairs."
"Otters Reach","The Candlewood (Plot 26) · Plot 26","2","https://www.wainhomes.co.uk/find-your-home/south-west/devon/otters-reach/or-plot-26/","images/87e4b369373413cb5a7f1e96d32f7bc55ea490df441c4713774150ff388deca1.webp","https://www.wainhomes.co.uk/wp-content/uploads/2025/06/Candlewood_CGI_HR.jpg","It is an exterior architectural rendering of the property."
"Otters Reach","The Candlewood (Plot 26) · Plot 26","2","https://www.wainhomes.co.uk/find-your-home/south-west/devon/otters-reach/or-plot-26/","images/207459f0968e88c71fab7df596867abc4ba8c5a32585ceb9346cb93efda680fc.webp","https://www.wainhomes.co.uk/wp-content/uploads/2026/01/The-Candlewood-Plot-Home-2.jpg","It is a staged living room interior photograph."
"Otters Reach","The Candlewood (Plot 26) · Plot 26","2","https://www.wainhomes.co.uk/find-your-home/south-west/devon/otters-reach/or-plot-26/","images/eed09216a74246ccd28070614ea628e910f76f370e890538621781804ee758ee.webp","https://www.wainhomes.co.uk/wp-content/uploads/2026/01/The-Candlewood-Plot-Home-5.jpg","It is another photograph of the same staged living room interior."
"Otters Reach","The Candlewood (Plot 26) · Plot 26","2","https://www.wainhomes.co.uk/find-your-home/south-west/devon/otters-reach/or-plot-26/","images/372023c531e43d0c09495b8695ee7f04a15b627c479689c8df6ca7b18cbf9f76.webp","https://www.wainhomes.co.uk/wp-content/uploads/2026/01/The-Candlewood-Plot-Home-8.jpg","Displays the kitchen and dining area of the property."
"Otters Reach","The Candlewood (Plot 26) · Plot 26","2","https://www.wainhomes.co.uk/find-your-home/south-west/devon/otters-reach/or-plot-26/","images/fc253ebf110d53966decf028c6bbd33156dd40219eda75e3248c9905e5189563.webp","https://www.wainhomes.co.uk/wp-content/uploads/2026/01/The-Candlewood-Plot-Home-11.jpg","Shows the kitchen and dining space clearly."
"Otters Reach","The Candlewood (Plot 26) · Plot 26","2","https://www.wainhomes.co.uk/find-your-home/south-west/devon/otters-reach/or-plot-26/","images/e50cba621edc1b1af48e133ee7cde08129ef64872a8886b86df205192d27fee1.webp","https://www.wainhomes.co.uk/wp-content/uploads/2026/01/The-Candlewood-Plot-Home-16.jpg","Depicts a bedroom interior with a double bed."
"Otters Reach","The Candlewood (Plot 26) · Plot 26","2","https://www.wainhomes.co.uk/find-your-home/south-west/devon/otters-reach/or-plot-26/","images/976d84cf19a5dbaa01faa84f79af45584b21f897b04462c53d12aa481e3e0967.webp","https://www.wainhomes.co.uk/wp-content/uploads/2026/01/The-Alder-Wain-Homes-Otters-Reach-75.jpg","Clearly shows a residential bathroom interior."
"Otters Reach","The Candlewood (Plot 26) · Plot 26","2","https://www.wainhomes.co.uk/find-your-home/south-west/devon/otters-reach/or-plot-26/","images/abdd8e418e8acc6c20af7e493fff4245e2c98ed24b9dfa6e54980e719f3d188a.webp","https://www.wainhomes.co.uk/wp-content/uploads/2026/01/Lark-View-The-Oysterwood-23.jpg","This is a real bedroom interior shot showing a bed and a study desk."
"Otters Reach","The Candlewood (Plot 26) · Plot 26","2","https://www.wainhomes.co.uk/find-your-home/south-west/devon/otters-reach/or-plot-26/","images/6c78f1b58a13e13a55999e0a0bd867f4f69d982a0e27a5622e62d0c32cc083b3.jpg","https://www.wainhomes.co.uk/wp-content/uploads/2026/01/Otters-Reach-Plot-46-13.jpg","This is a real kitchen interior showing units, appliances, and patio access."
"Otters Reach","The Candlewood (Plot 26) · Plot 26","2","https://www.wainhomes.co.uk/find-your-home/south-west/devon/otters-reach/or-plot-26/","images/827387aadc40aba6642fbd3526b533f8fbb0f10e30dd9a7871a3b0f771f96dd0.jpg","https://www.wainhomes.co.uk/wp-content/uploads/2025/03/The-Alder-Wain-Homes-Otters-Reach-2.jpg","This is a real interior photograph focusing on kitchen fittings and appliances."
"Otters Reach","The Candlewood (Plot 26) · Plot 26","2","https://www.wainhomes.co.uk/find-your-home/south-west/devon/otters-reach/or-plot-26/","images/83880343f0ba5397345a78d314b1c0ea0af24c3f02702e4c227031f3650995cd.jpg","https://www.wainhomes.co.uk/wp-content/uploads/2025/06/The-Alder-Wain-Homes-Otters-Reach-27.jpg","This is a real interior photograph of a bathroom."
"Otters Reach","The Candlewood (Plot 26) · Plot 26","2","https://www.wainhomes.co.uk/find-your-home/south-west/devon/otters-reach/or-plot-26/","images/5a3eed239831bcc20af9135b8396bc3bbfd96ccb72a1aa6982bef24de551041e.jpg","https://www.wainhomes.co.uk/wp-content/uploads/2025/03/The-Alder-Wain-Homes-Otters-Reach-41.jpg","The image shows the back garden and rear exterior facade of the property."
"Otters Reach","The Candlewood (Plot 26) · Plot 26","2","https://www.wainhomes.co.uk/find-your-home/south-west/devon/otters-reach/or-plot-26/","images/1be74b8835d27c515006ff7e6f85ae101f0e3e213cd1874b8dbf1fda51c88f16.jpg","https://www.wainhomes.co.uk/wp-content/uploads/2025/06/The-Alder-Wain-Homes-Otters-Reach-74.jpg","The image depicts a decorated bedroom interior and a connecting hallway."
"Otters Reach","The Candlewood (Plot 26) · Plot 26","2","https://www.wainhomes.co.uk/find-your-home/south-west/devon/otters-reach/or-plot-26/","images/18a939f41a444beb06cd00e77271cb22272cc455615a374a2195d8f258e679be.jpg","https://www.wainhomes.co.uk/wp-content/uploads/2025/03/The-Alder-Wain-Homes-Otters-Reach-39.jpg","Shows the exterior facade of the residential property."
"Otters Reach","The Candlewood (Plot 26) · Plot 26","2","https://www.wainhomes.co.uk/find-your-home/south-west/devon/otters-reach/or-plot-26/","images/a05e80b3a5fc950760a039b93fbece970647363b7adc3b282288fabe56cac762.jpg","https://www.wainhomes.co.uk/wp-content/uploads/2025/06/The-Alder-Wain-Homes-Otters-Reach-21.jpg","Shows a real interior room (bedroom)."
"Otters Reach","The Candlewood (Plot 26) · Plot 26","2","https://www.wainhomes.co.uk/find-your-home/south-west/devon/otters-reach/or-plot-26/","images/0ff47b1989fe972962cbe1de6025723a0263c4ab313afd7ca717307e472b2e87.webp","https://www.wainhomes.co.uk/wp-content/uploads/2025/06/The-Laurel-Kingsley-Manor-24.jpg","Shows a real interior room (kitchen-diner)."
"Otters Reach","The Candlewood (Plot 26) · Plot 26","2","https://www.wainhomes.co.uk/find-your-home/south-west/devon/otters-reach/or-plot-26/","images/c2376aeaacb07b1b3b061bf2e1daa90591f35dc9b19ae58ff3916d37a6850a00.webp","https://www.wainhomes.co.uk/wp-content/uploads/2025/02/001-Wain_KingsleyManor_Walnut_Internal.jpg","This is an open-plan kitchen and dining space with food preparation and dining furniture."
"Otters Reach","The Milton (Plot 32) · Plot 32","3","https://www.wainhomes.co.uk/find-your-home/south-west/devon/otters-reach/or-plot-32/","images/4cfd389750d8f3878708c7a3ff99c4ea447b8281c2522c0c9ff875e9aca02c34.webp","https://www.wainhomes.co.uk/wp-content/uploads/2026/01/Milton_CGI_LR.jpg","Shows the outside front elevation and exterior of the property."
"Otters Reach","The Milton (Plot 32) · Plot 32","3","https://www.wainhomes.co.uk/find-your-home/south-west/devon/otters-reach/or-plot-32/","images/1f17290df4c4bb1c723549a5edec359ea3f53c5f5a71149ae159e626723d14e3.webp","https://www.wainhomes.co.uk/wp-content/uploads/2025/01/WH-The-Lawns-The-Cypress-74.jpg","Depicts the kitchen area of the property."
"Otters Reach","The Milton (Plot 32) · Plot 32","3","https://www.wainhomes.co.uk/find-your-home/south-west/devon/otters-reach/or-plot-32/","images/ec60a6a579c9d1a5821d375c7916ecae031b6098bf06646cd4086533b6e10bd1.webp","https://www.wainhomes.co.uk/wp-content/uploads/2025/01/WH-The-Lawns-The-Cypress-2.jpg","This is a real living room interior showing seating and decor."
"Otters Reach","The Milton (Plot 32) · Plot 32","3","https://www.wainhomes.co.uk/find-your-home/south-west/devon/otters-reach/or-plot-32/","images/64a4d1afa6a86cc70280b2905e88122ecfec87fa03659e6b1901a59403e6e876.webp","https://www.wainhomes.co.uk/wp-content/uploads/2025/01/WH-The-Lawns-The-Cypress-14.jpg","This is a real dining room interior shot showing a formal dining setup."
"Otters Reach","The Milton (Plot 32) · Plot 32","3","https://www.wainhomes.co.uk/find-your-home/south-west/devon/otters-reach/or-plot-32/","images/7bccee762000e3fbe59da5fbb64ed1fab2c71cb56071b6f97cabc3e177c6a3bc.webp","https://www.wainhomes.co.uk/wp-content/uploads/2025/01/WH-The-Lawns-The-Cypress-89.jpg","This is a real bedroom interior shot showing a bed and en-suite doorway."
"Otters Reach","The Milton (Plot 32) · Plot 32","3","https://www.wainhomes.co.uk/find-your-home/south-west/devon/otters-reach/or-plot-32/","images/6d908d1ede829b0989b65ba2ddbbcaf6d8f55e87e7083fedf9299326ed31a5c8.webp","https://www.wainhomes.co.uk/wp-content/uploads/2025/01/WH-The-Lawns-The-Cypress-93.jpg","This is a real interior photograph of a bathroom."
"Otters Reach","The Milton (Plot 32) · Plot 32","3","https://www.wainhomes.co.uk/find-your-home/south-west/devon/otters-reach/or-plot-32/","images/818319df41f4c42cb2615417070c601e19548320486cc7bac58baa89d2894716.webp","https://www.wainhomes.co.uk/wp-content/uploads/2025/01/WH-The-Lawns-The-Cypress-19.jpg","This is a real residential bedroom photograph showcasing unique wall art and styling."
"Otters Reach","The Milton (Plot 32) · Plot 32","3","https://www.wainhomes.co.uk/find-your-home/south-west/devon/otters-reach/or-plot-32/","images/df8753f6eeb4eea81c11ebdbb99af72ea4a76c4e5d87a7a9a219ccf5f382389d.webp","https://www.wainhomes.co.uk/wp-content/uploads/2025/01/WH-The-Lawns-The-Cypress-25.jpg","This is a real residential bedroom photograph with distinctive woodwork and styling."
"Otters Reach","The Milton (Plot 32) · Plot 32","3","https://www.wainhomes.co.uk/find-your-home/south-west/devon/otters-reach/or-plot-32/","images/bd388f022bcfeef5f20961dd31252c1254d7aba7e40bc49306aa2cc1bf704e27.webp","https://www.wainhomes.co.uk/wp-content/uploads/2025/01/WH-The-Lawns-The-Cypress-63.jpg","The room contains a toilet and a washbasin in a compact space, styled as a downstairs cloakroom."
"Otters Reach","The Milton (Plot 32) · Plot 32","3","https://www.wainhomes.co.uk/find-your-home/south-west/devon/otters-reach/or-plot-32/","images/c56a2f3dd90c2336da08b1c6cf69217940cb4aa24422f49cac292702376dc425.webp","https://www.wainhomes.co.uk/wp-content/uploads/2026/01/The-Milton-Bungalow-Hillwood-Gardens-Coventry-Kitchen-1.jpg","Shows a real interior room (kitchen)."
"Otters Reach","The Hazel (Plot 33) · Plot 33","4","https://www.wainhomes.co.uk/find-your-home/south-west/devon/otters-reach/or-plot-33/","images/c060307ae31bb28e5f6034d156c2c32d24605e0522c2778adca199289c18554c.webp","https://www.wainhomes.co.uk/wp-content/uploads/2025/01/SMALL-The-Hazel-Cardwell-Park-Wain-Homes-51.jpg","This is a real photograph of a living room interior."
"Otters Reach","The Hazel (Plot 33) · Plot 33","4","https://www.wainhomes.co.uk/find-your-home/south-west/devon/otters-reach/or-plot-33/","images/662d4d2c825d834640f2b88f05359ef93a3ebc0a690728fe81c4ddaf73125660.webp","https://www.wainhomes.co.uk/wp-content/uploads/2025/03/Haze_CGI_HR.jpg","This is a computer-generated exterior image of the property."
"Otters Reach","The Hazel (Plot 33) · Plot 33","4","https://www.wainhomes.co.uk/find-your-home/south-west/devon/otters-reach/or-plot-33/","images/b820d43e73eb51b8ec0418cc0fbd25610e14eee9689e9c240a51a44ffb182cf1.webp","https://www.wainhomes.co.uk/wp-content/uploads/2025/06/The-Hazel-Cardwell-Park-Wain-Homes-3.jpg","This is a real residential bedroom photograph showing furniture, walls, and decor."
"Otters Reach","The Hazel (Plot 33) · Plot 33","4","https://www.wainhomes.co.uk/find-your-home/south-west/devon/otters-reach/or-plot-33/","images/63c255919f1da973f91d5c1773220c22a8a200ca7ce0208dffe39ed688eb8651.webp","https://www.wainhomes.co.uk/wp-content/uploads/2025/06/The-Hazel-Cardwell-Park-Wain-Homes-5.jpg","This is a real residential bedroom photograph."
"Otters Reach","The Hazel (Plot 33) · Plot 33","4","https://www.wainhomes.co.uk/find-your-home/south-west/devon/otters-reach/or-plot-33/","images/7280bcdbc779fb42dc9dea17acdaae1879d71303c63073257113867f0245730f.webp","https://www.wainhomes.co.uk/wp-content/uploads/2025/06/The-Hazel-Cardwell-Park-Wain-Homes-7.jpg","This is a real residential bedroom photograph."
"Otters Reach","The Hazel (Plot 33) · Plot 33","4","https://www.wainhomes.co.uk/find-your-home/south-west/devon/otters-reach/or-plot-33/","images/795027875e58ac3ac8985240be1d8546c5510c3bfc0c39106ee11e7974f3e584.webp","https://www.wainhomes.co.uk/wp-content/uploads/2025/06/The-Hazel-Cardwell-Park-Wain-Homes-11.jpg","The image clearly shows a fully fitted modern bathroom with a bathtub, toilet, washbasin, and shower enclosure."
"Otters Reach","The Hazel (Plot 33) · Plot 33","4","https://www.wainhomes.co.uk/find-your-home/south-west/devon/otters-reach/or-plot-33/","images/9254ff0dc7a549fa8e06f2f696c4cd13ffcba3fce62dd2714ab3efc256898e01.webp","https://www.wainhomes.co.uk/wp-content/uploads/2025/06/The-Hazel-Cardwell-Park-Wain-Homes-12.jpg","The compact layout features a toilet and a washbasin, typical of a modern cloakroom."
"Otters Reach","The Hazel (Plot 33) · Plot 33","4","https://www.wainhomes.co.uk/find-your-home/south-west/devon/otters-reach/or-plot-33/","images/9e35e50b797fd6aec5ae5dc47ea7b3f4511c68191678a9766ab312b81eef193a.webp","https://www.wainhomes.co.uk/wp-content/uploads/2025/06/The-Hazel-Cardwell-Park-Wain-Homes-25.jpg","The space contains a shower enclosure, toilet, and washbasin, clearly identifying it as a bathroom."
"Otters Reach","The Hazel (Plot 33) · Plot 33","4","https://www.wainhomes.co.uk/find-your-home/south-west/devon/otters-reach/or-plot-33/","images/3e5bad4cf7e2fd60590ff28580811ecf7d234c788a4be9bd076036c18a08dfb9.webp","https://www.wainhomes.co.uk/wp-content/uploads/2025/06/The-Hazel-Cardwell-Park-Wain-Homes-19.jpg","Shows a real interior room (kitchen and dining area)."
"Otters Reach","The Hazel (Plot 33) · Plot 33","4","https://www.wainhomes.co.uk/find-your-home/south-west/devon/otters-reach/or-plot-33/","images/a06b48cf9c934ad56af1c25ed1e4b26cc661b270caa55fa5babc157bb3f28895.webp","https://www.wainhomes.co.uk/wp-content/uploads/2025/06/The-Hazel-Cardwell-Park-Wain-Homes-45.jpg","Shows a real interior room (kitchen-diner)."
"Otters Reach","The Hazel (Plot 33) · Plot 33","4","https://www.wainhomes.co.uk/find-your-home/south-west/devon/otters-reach/or-plot-33/","images/614307eb21778719cd0ca54483d552afefe85e440739489bdc66808e0cee65d5.webp","https://www.wainhomes.co.uk/wp-content/uploads/2026/01/The-Hazel-Wh-Lark-View-13-1.jpg","It depicts a fully fitted modern kitchen space with an island and dining/breakfast bar area."
"Otters Reach","The Hazel (Plot 33) · Plot 33","4","https://www.wainhomes.co.uk/find-your-home/south-west/devon/otters-reach/or-plot-33/","images/6b434124e0cda1ef1e0ab750056921f679b9bd1634e4d1d26b26f61f7d037417.webp","https://www.wainhomes.co.uk/wp-content/uploads/2025/08/The-Hazel-Cardwell-Park-Wain-Homes-14.jpg","It is a photograph of a real furnished kitchen-diner room."
"Otters Reach","The Hazel (Plot 33) · Plot 33","4","https://www.wainhomes.co.uk/find-your-home/south-west/devon/otters-reach/or-plot-33/","images/827387aadc40aba6642fbd3526b533f8fbb0f10e30dd9a7871a3b0f771f96dd0.jpg","https://www.wainhomes.co.uk/wp-content/uploads/2025/03/The-Alder-Wain-Homes-Otters-Reach-2.jpg","This is a real interior photograph focusing on kitchen fittings and appliances."
"Otters Reach","The Hazel (Plot 33) · Plot 33","4","https://www.wainhomes.co.uk/find-your-home/south-west/devon/otters-reach/or-plot-33/","images/83880343f0ba5397345a78d314b1c0ea0af24c3f02702e4c227031f3650995cd.jpg","https://www.wainhomes.co.uk/wp-content/uploads/2025/06/The-Alder-Wain-Homes-Otters-Reach-27.jpg","This is a real interior photograph of a bathroom."
"Otters Reach","The Hazel (Plot 33) · Plot 33","4","https://www.wainhomes.co.uk/find-your-home/south-west/devon/otters-reach/or-plot-33/","images/976d84cf19a5dbaa01faa84f79af45584b21f897b04462c53d12aa481e3e0967.webp","https://www.wainhomes.co.uk/wp-content/uploads/2026/01/The-Alder-Wain-Homes-Otters-Reach-75.jpg","Clearly shows a residential bathroom interior."
"Otters Reach","The Hazel (Plot 33) · Plot 33","4","https://www.wainhomes.co.uk/find-your-home/south-west/devon/otters-reach/or-plot-33/","images/5a3eed239831bcc20af9135b8396bc3bbfd96ccb72a1aa6982bef24de551041e.jpg","https://www.wainhomes.co.uk/wp-content/uploads/2025/03/The-Alder-Wain-Homes-Otters-Reach-41.jpg","The image shows the back garden and rear exterior facade of the property."
"Otters Reach","The Hazel (Plot 33) · Plot 33","4","https://www.wainhomes.co.uk/find-your-home/south-west/devon/otters-reach/or-plot-33/","images/1be74b8835d27c515006ff7e6f85ae101f0e3e213cd1874b8dbf1fda51c88f16.jpg","https://www.wainhomes.co.uk/wp-content/uploads/2025/06/The-Alder-Wain-Homes-Otters-Reach-74.jpg","The image depicts a decorated bedroom interior and a connecting hallway."
"Otters Reach","The Hazel (Plot 33) · Plot 33","4","https://www.wainhomes.co.uk/find-your-home/south-west/devon/otters-reach/or-plot-33/","images/18a939f41a444beb06cd00e77271cb22272cc455615a374a2195d8f258e679be.jpg","https://www.wainhomes.co.uk/wp-content/uploads/2025/03/The-Alder-Wain-Homes-Otters-Reach-39.jpg","Shows the exterior facade of the residential property."
"Otters Reach","The Hazel (Plot 33) · Plot 33","4","https://www.wainhomes.co.uk/find-your-home/south-west/devon/otters-reach/or-plot-33/","images/a05e80b3a5fc950760a039b93fbece970647363b7adc3b282288fabe56cac762.jpg","https://www.wainhomes.co.uk/wp-content/uploads/2025/06/The-Alder-Wain-Homes-Otters-Reach-21.jpg","Shows a real interior room (bedroom)."
"Otters Reach","The Laburnum (Plot 4) · Plot 4","3","https://www.wainhomes.co.uk/find-your-home/south-west/devon/otters-reach/or-plot-4/","images/0ff47b1989fe972962cbe1de6025723a0263c4ab313afd7ca717307e472b2e87.webp","https://www.wainhomes.co.uk/wp-content/uploads/2025/06/The-Laurel-Kingsley-Manor-24.jpg","Shows a real interior room (kitchen-diner)."
"Otters Reach","The Laburnum (Plot 4) · Plot 4","3","https://www.wainhomes.co.uk/find-your-home/south-west/devon/otters-reach/or-plot-4/","images/3da9686685def98eb270ebf68f95f6be0b94d34518df180c4cfabf494b082623.webp","https://www.wainhomes.co.uk/wp-content/uploads/2025/06/The-Laurel-Kingsley-Manor-45.jpg","Shows a real interior room (dining area)."
"Otters Reach","The Laburnum (Plot 4) · Plot 4","3","https://www.wainhomes.co.uk/find-your-home/south-west/devon/otters-reach/or-plot-4/","images/01711131744f12015848b7df06f8136769ee723c49d949dfce50d45db9f1deb1.webp","https://www.wainhomes.co.uk/wp-content/uploads/2025/06/The-Laurel-Kingsley-Manor-4.jpg","It shows seating furniture and decorative elements inside a living space."
"Otters Reach","The Laburnum (Plot 4) · Plot 4","3","https://www.wainhomes.co.uk/find-your-home/south-west/devon/otters-reach/or-plot-4/","images/881190cd678d2806b82dd39d6ce57d1d0100a39faa1cb1962583cb9901c5a690.webp","https://www.wainhomes.co.uk/wp-content/uploads/2025/06/The-Laurel-Kingsley-Manor-55.jpg","It clearly shows bathroom sanitaryware including a bath, toilet, and basin."
"Otters Reach","The Laburnum (Plot 4) · Plot 4","3","https://www.wainhomes.co.uk/find-your-home/south-west/devon/otters-reach/or-plot-4/","images/fee02b5cebb20921bf31bb38333ba2c0fbfb90dedb1772e5eaede80dede908da.webp","https://www.wainhomes.co.uk/wp-content/uploads/2025/06/The-Laurel-Kingsley-Manor-22.jpg","It displays a bedroom setting featuring a headboard, bed cushions, and a bedside table."
"Otters Reach","The Laburnum (Plot 4) · Plot 4","3","https://www.wainhomes.co.uk/find-your-home/south-west/devon/otters-reach/or-plot-4/","images/033cd2a4444d3ca7722733fd4916b085d376506de0527dbfda80999bdf564b5e.webp","https://www.wainhomes.co.uk/wp-content/uploads/2025/06/Laburnum_CGI_HR.jpg","It shows the exterior facade and front garden of a property."
"Otters Reach","The Laburnum (Plot 4) · Plot 4","3","https://www.wainhomes.co.uk/find-your-home/south-west/devon/otters-reach/or-plot-4/","images/b265bfb95d6c384c1e92bd1086e949d8f0a551ece85cabb967adc0e4c95e411f.webp","https://www.wainhomes.co.uk/wp-content/uploads/2025/06/SS-27-31_CGI_HR.jpg","This is a computer-generated promotional exterior view of the housing development."
"Otters Reach","The Laburnum (Plot 4) · Plot 4","3","https://www.wainhomes.co.uk/find-your-home/south-west/devon/otters-reach/or-plot-4/","images/0a79ec653eece5e346de4cd6fff22a5a79fb534234b57fb29ba6cf31799e7600.webp","https://www.wainhomes.co.uk/wp-content/uploads/2025/03/Open-Space-CGI-v3-HR.jpg","This is an exterior computer-generated landscape view of the development."
"Otters Reach","The Laburnum (Plot 4) · Plot 4","3","https://www.wainhomes.co.uk/find-your-home/south-west/devon/otters-reach/or-plot-4/","images/154ae2ad2893610780f14892036f5faa2530e6e33b398fb3715e2271ea79db47.webp","https://www.wainhomes.co.uk/wp-content/uploads/2025/09/The-Laburnum-Otters-Reach-Yelland-Devon-02092026_111454.jpg","This is a real photograph showing an open-plan kitchen and dining interior."
"Otters Reach","The Laburnum (Plot 4) · Plot 4","3","https://www.wainhomes.co.uk/find-your-home/south-west/devon/otters-reach/or-plot-4/","images/827387aadc40aba6642fbd3526b533f8fbb0f10e30dd9a7871a3b0f771f96dd0.jpg","https://www.wainhomes.co.uk/wp-content/uploads/2025/03/The-Alder-Wain-Homes-Otters-Reach-2.jpg","This is a real interior photograph focusing on kitchen fittings and appliances."
"Otters Reach","The Laburnum (Plot 4) · Plot 4","3","https://www.wainhomes.co.uk/find-your-home/south-west/devon/otters-reach/or-plot-4/","images/83880343f0ba5397345a78d314b1c0ea0af24c3f02702e4c227031f3650995cd.jpg","https://www.wainhomes.co.uk/wp-content/uploads/2025/06/The-Alder-Wain-Homes-Otters-Reach-27.jpg","This is a real interior photograph of a bathroom."
"Otters Reach","The Laburnum (Plot 4) · Plot 4","3","https://www.wainhomes.co.uk/find-your-home/south-west/devon/otters-reach/or-plot-4/","images/976d84cf19a5dbaa01faa84f79af45584b21f897b04462c53d12aa481e3e0967.webp","https://www.wainhomes.co.uk/wp-content/uploads/2026/01/The-Alder-Wain-Homes-Otters-Reach-75.jpg","Clearly shows a residential bathroom interior."
"Otters Reach","The Laburnum (Plot 4) · Plot 4","3","https://www.wainhomes.co.uk/find-your-home/south-west/devon/otters-reach/or-plot-4/","images/5a3eed239831bcc20af9135b8396bc3bbfd96ccb72a1aa6982bef24de551041e.jpg","https://www.wainhomes.co.uk/wp-content/uploads/2025/03/The-Alder-Wain-Homes-Otters-Reach-41.jpg","The image shows the back garden and rear exterior facade of the property."
"Otters Reach","The Laburnum (Plot 4) · Plot 4","3","https://www.wainhomes.co.uk/find-your-home/south-west/devon/otters-reach/or-plot-4/","images/1be74b8835d27c515006ff7e6f85ae101f0e3e213cd1874b8dbf1fda51c88f16.jpg","https://www.wainhomes.co.uk/wp-content/uploads/2025/06/The-Alder-Wain-Homes-Otters-Reach-74.jpg","The image depicts a decorated bedroom interior and a connecting hallway."
"Otters Reach","The Laburnum (Plot 4) · Plot 4","3","https://www.wainhomes.co.uk/find-your-home/south-west/devon/otters-reach/or-plot-4/","images/18a939f41a444beb06cd00e77271cb22272cc455615a374a2195d8f258e679be.jpg","https://www.wainhomes.co.uk/wp-content/uploads/2025/03/The-Alder-Wain-Homes-Otters-Reach-39.jpg","Shows the exterior facade of the residential property."
"Otters Reach","The Laburnum (Plot 4) · Plot 4","3","https://www.wainhomes.co.uk/find-your-home/south-west/devon/otters-reach/or-plot-4/","images/a05e80b3a5fc950760a039b93fbece970647363b7adc3b282288fabe56cac762.jpg","https://www.wainhomes.co.uk/wp-content/uploads/2025/06/The-Alder-Wain-Homes-Otters-Reach-21.jpg","Shows a real interior room (bedroom)."
"Otters Reach","The Laburnum (Plot 4) · Plot 4","3","https://www.wainhomes.co.uk/find-your-home/south-west/devon/otters-reach/or-plot-4/","images/87e4b369373413cb5a7f1e96d32f7bc55ea490df441c4713774150ff388deca1.webp","https://www.wainhomes.co.uk/wp-content/uploads/2025/06/Candlewood_CGI_HR.jpg","It is an exterior architectural rendering of the property."
"Otters Reach","The Laburnum (Plot 4) · Plot 4","3","https://www.wainhomes.co.uk/find-your-home/south-west/devon/otters-reach/or-plot-4/","images/c2376aeaacb07b1b3b061bf2e1daa90591f35dc9b19ae58ff3916d37a6850a00.webp","https://www.wainhomes.co.uk/wp-content/uploads/2025/02/001-Wain_KingsleyManor_Walnut_Internal.jpg","This is an open-plan kitchen and dining space with food preparation and dining furniture."
"Otters Reach","The Oysterwood (Plot 53) · Plot 53","2","https://www.wainhomes.co.uk/find-your-home/south-west/devon/otters-reach/or-plot-53/","images/c2376aeaacb07b1b3b061bf2e1daa90591f35dc9b19ae58ff3916d37a6850a00.webp","https://www.wainhomes.co.uk/wp-content/uploads/2025/02/001-Wain_KingsleyManor_Walnut_Internal.jpg","This is an open-plan kitchen and dining space with food preparation and dining furniture."
"Otters Reach","The Oysterwood (Plot 53) · Plot 53","2","https://www.wainhomes.co.uk/find-your-home/south-west/devon/otters-reach/or-plot-53/","images/45373e40f4a309b0e6f6d2836ad2d39e0401e62f4cf2d276b5b5cc1f12554a87.webp","https://www.wainhomes.co.uk/wp-content/uploads/2025/02/005-Wain_KingsleyManor_Walnut_Internal.jpg","This multifunction open-plan space includes a dining setup, kitchen cabinetry, and a dedicated small desk area."
"Otters Reach","The Oysterwood (Plot 53) · Plot 53","2","https://www.wainhomes.co.uk/find-your-home/south-west/devon/otters-reach/or-plot-53/","images/ce08c69b1de976059315c2d2f5df74df76b787b636a985fbd0fec773fd5ad891.webp","https://www.wainhomes.co.uk/wp-content/uploads/2025/02/007-Wain_KingsleyManor_Walnut_Internal.jpg","This is a real living room inside a property."
"Otters Reach","The Oysterwood (Plot 53) · Plot 53","2","https://www.wainhomes.co.uk/find-your-home/south-west/devon/otters-reach/or-plot-53/","images/cafd2978d9cab65db109e781ea1f5ea7ee08f413249f82e41ebd4cdd6059912e.webp","https://www.wainhomes.co.uk/wp-content/uploads/2025/02/008-Wain_KingsleyManor_Walnut_Internal-scaled.jpg","It is a furnished living room area with sofas, coffee table, and entertainment setup."
"Otters Reach","The Oysterwood (Plot 53) · Plot 53","2","https://www.wainhomes.co.uk/find-your-home/south-west/devon/otters-reach/or-plot-53/","images/522bd3e7b75b2e3d97a5232cc8739b0926fb4c8e4e612c4e9c28d59a569d5dd4.webp","https://www.wainhomes.co.uk/wp-content/uploads/2025/03/The-Walnut-Showhome-Wain-Homes-39-scaled.jpg","This is a real photograph of a downstairs bathroom or cloakroom."
"Otters Reach","The Oysterwood (Plot 53) · Plot 53","2","https://www.wainhomes.co.uk/find-your-home/south-west/devon/otters-reach/or-plot-53/","images/e38e070c5e856cd5beb38990f852f5f3835f0527b4b92cb77f6a37e7e0cc0cca.webp","https://www.wainhomes.co.uk/wp-content/uploads/2025/03/The-Walnut-Showhome-Wain-Homes-47-scaled.jpg","This is an interior photograph of a bedroom clearly showing a double bed and bedroom furniture."
"Otters Reach","The Oysterwood (Plot 53) · Plot 53","2","https://www.wainhomes.co.uk/find-your-home/south-west/devon/otters-reach/or-plot-53/","images/cb1cc6256300d5a97741cc093e03ab6f8c341bb0ecde7ead7a5bf32d77585595.webp","https://www.wainhomes.co.uk/wp-content/uploads/2025/02/021-Wain_KingsleyManor_Walnut_Internal-scaled.jpg","This is a real photograph of a furnished double bedroom."
"Otters Reach","The Oysterwood (Plot 53) · Plot 53","2","https://www.wainhomes.co.uk/find-your-home/south-west/devon/otters-reach/or-plot-53/","images/9b2b2df8012839b62662ece9de2bf1abe9ecfc89cbb0d0e3c70c72203c04a8d3.webp","https://www.wainhomes.co.uk/wp-content/uploads/2025/11/wain-homes-cherry-horizon-bathroom.jpg","This is a real photograph of a bathroom showing sanitaryware, tiling, and fixtures."
"Otters Reach","The Oysterwood (Plot 53) · Plot 53","2","https://www.wainhomes.co.uk/find-your-home/south-west/devon/otters-reach/or-plot-53/","images/59e4050e975de99b255716fbcaf17ac5fd6395870c96d268edbdf0f415a65de2.webp","https://www.wainhomes.co.uk/wp-content/uploads/2025/06/Oysterwood_CGI_HR.jpg","This is a property exterior render showing the front elevation and surroundings of the houses."
"Otters Reach","The Oysterwood (Plot 53) · Plot 53","2","https://www.wainhomes.co.uk/find-your-home/south-west/devon/otters-reach/or-plot-53/","images/87e4b369373413cb5a7f1e96d32f7bc55ea490df441c4713774150ff388deca1.webp","https://www.wainhomes.co.uk/wp-content/uploads/2025/06/Candlewood_CGI_HR.jpg","It is an exterior architectural rendering of the property."
"Otters Reach","The Oysterwood (Plot 53) · Plot 53","2","https://www.wainhomes.co.uk/find-your-home/south-west/devon/otters-reach/or-plot-53/","images/0ff47b1989fe972962cbe1de6025723a0263c4ab313afd7ca717307e472b2e87.webp","https://www.wainhomes.co.uk/wp-content/uploads/2025/06/The-Laurel-Kingsley-Manor-24.jpg","Shows a real interior room (kitchen-diner)."
"Otters Reach","The Chinley GF (Plot 61) · Plot 61","1","https://www.wainhomes.co.uk/find-your-home/south-west/devon/otters-reach/or-plot-61/","images/2824efc1da9c2e57af9efccf246214da85155ad529c3796a22f14fe25c3283f7.webp","https://www.wainhomes.co.uk/wp-content/uploads/2026/04/Chinley_CGI_LR.jpg","It depicts the outside front elevation and parking area of properties."
"Otters Reach","The Chinley GF (Plot 61) · Plot 61","1","https://www.wainhomes.co.uk/find-your-home/south-west/devon/otters-reach/or-plot-61/","images/5ae642e9a05e999fe2203d0b2100b65e68362182109e12284b8b883243d9aa7a.webp","https://www.wainhomes.co.uk/wp-content/uploads/2025/05/The-Chinley-The-Paddocks-23.jpg","This is a real photograph of an open-plan living room and kitchen area."
"Otters Reach","The Chinley GF (Plot 61) · Plot 61","1","https://www.wainhomes.co.uk/find-your-home/south-west/devon/otters-reach/or-plot-61/","images/0056be1d33b89b32e9fac5f1c7a64da15e3c8a3ddda8cf5f1272cbacfff330d8.webp","https://www.wainhomes.co.uk/wp-content/uploads/2025/05/The-Chinley-The-Paddocks-31.jpg","This is a real photograph showing a different perspective of the open-plan living space and kitchen."
"Otters Reach","The Chinley GF (Plot 61) · Plot 61","1","https://www.wainhomes.co.uk/find-your-home/south-west/devon/otters-reach/or-plot-61/","images/0d266814b62c313768ff45315b0a6a77daaad4cf8e64729cb933e792c35a4507.webp","https://www.wainhomes.co.uk/wp-content/uploads/2025/05/The-Chinley-The-Paddocks-29.jpg","This is a real photograph showing another view of the open-plan kitchen and living space."
"Otters Reach","The Chinley GF (Plot 61) · Plot 61","1","https://www.wainhomes.co.uk/find-your-home/south-west/devon/otters-reach/or-plot-61/","images/a5630f8c0aa040859bbbc3865d5fbe010c3630fcfc13faad98b4a28393f7d19e.webp","https://www.wainhomes.co.uk/wp-content/uploads/2025/05/The-Chinley-The-Paddocks-2.jpg","This is a real photograph of a fitted kitchen interior."
"Otters Reach","The Chinley GF (Plot 61) · Plot 61","1","https://www.wainhomes.co.uk/find-your-home/south-west/devon/otters-reach/or-plot-61/","images/472fbd4f3db0d92008b61422ac3b20d6eed1a67f4dfa9fc35da6e6b6281a9ef7.webp","https://www.wainhomes.co.uk/wp-content/uploads/2025/05/The-Chinley-The-Paddocks-33.jpg","This is a real photograph showing a home entrance hallway and corridor area."
"Otters Reach","The Chinley GF (Plot 61) · Plot 61","1","https://www.wainhomes.co.uk/find-your-home/south-west/devon/otters-reach/or-plot-61/","images/a26bea1731ba9bc7a28edbfbe7a3d9fe49a5192e94faa1009d899f48c7b40b17.webp","https://www.wainhomes.co.uk/wp-content/uploads/2025/05/The-Chinley-The-Paddocks-20.jpg","This is a real photograph of a furnished bedroom interior containing a bed."
"Otters Reach","The Chinley GF (Plot 61) · Plot 61","1","https://www.wainhomes.co.uk/find-your-home/south-west/devon/otters-reach/or-plot-61/","images/1d3641b86fe283e8c5cd97d78679306c7b190a5740f656d4094dec19fa3d08d1.webp","https://www.wainhomes.co.uk/wp-content/uploads/2025/05/The-Chinley-The-Paddocks-18.jpg","The image displays a furnished bedroom with a double bed."
"Otters Reach","The Chinley GF (Plot 61) · Plot 61","1","https://www.wainhomes.co.uk/find-your-home/south-west/devon/otters-reach/or-plot-61/","images/e414aecf431b971c856cf60ddfc8c687584831bf6c4af5f43a6426798ee24ac5.webp","https://www.wainhomes.co.uk/wp-content/uploads/2025/05/The-Chinley-The-Paddocks-17.jpg","The image shows an indoor corridor connecting different rooms upstairs."
"Otters Reach","The Chinley GF (Plot 61) · Plot 61","1","https://www.wainhomes.co.uk/find-your-home/south-west/devon/otters-reach/or-plot-61/","images/1cab1005017b47e32d1386350b0de2968caa9bd7ed77db4005b2a8e531a04aa4.webp","https://www.wainhomes.co.uk/wp-content/uploads/2025/05/The-Chinley-The-Paddocks-21.jpg","The image shows a fully fitted residential bathroom."
"Otters Reach","The Chinley GF (Plot 61) · Plot 61","1","https://www.wainhomes.co.uk/find-your-home/south-west/devon/otters-reach/or-plot-61/","images/b57c79c4d1be7593b178f2817978171b7ae1e2f7e2bffbbd84b077e0188ef831.webp","https://www.wainhomes.co.uk/wp-content/uploads/2025/05/The-Chinley-The-Paddocks-32.jpg","This is a real interior photograph showing a bathroom and a partial view of another room."
"Otters Reach","The Chinley GF (Plot 61) · Plot 61","1","https://www.wainhomes.co.uk/find-your-home/south-west/devon/otters-reach/or-plot-61/","images/44b3ec66d5789923837530c76f320a6f9990f207468787c0efeb6d995273cf36.webp","https://www.wainhomes.co.uk/wp-content/uploads/2025/04/Chinley.jpg","This is a real interior photograph of a modern kitchen."
"Otters Reach","The Chinley GF (Plot 61) · Plot 61","1","https://www.wainhomes.co.uk/find-your-home/south-west/devon/otters-reach/or-plot-61/","images/827387aadc40aba6642fbd3526b533f8fbb0f10e30dd9a7871a3b0f771f96dd0.jpg","https://www.wainhomes.co.uk/wp-content/uploads/2025/03/The-Alder-Wain-Homes-Otters-Reach-2.jpg","This is a real interior photograph focusing on kitchen fittings and appliances."
"Otters Reach","The Chinley GF (Plot 61) · Plot 61","1","https://www.wainhomes.co.uk/find-your-home/south-west/devon/otters-reach/or-plot-61/","images/83880343f0ba5397345a78d314b1c0ea0af24c3f02702e4c227031f3650995cd.jpg","https://www.wainhomes.co.uk/wp-content/uploads/2025/06/The-Alder-Wain-Homes-Otters-Reach-27.jpg","This is a real interior photograph of a bathroom."
"Otters Reach","The Chinley GF (Plot 61) · Plot 61","1","https://www.wainhomes.co.uk/find-your-home/south-west/devon/otters-reach/or-plot-61/","images/976d84cf19a5dbaa01faa84f79af45584b21f897b04462c53d12aa481e3e0967.webp","https://www.wainhomes.co.uk/wp-content/uploads/2026/01/The-Alder-Wain-Homes-Otters-Reach-75.jpg","Clearly shows a residential bathroom interior."
"Otters Reach","The Chinley GF (Plot 61) · Plot 61","1","https://www.wainhomes.co.uk/find-your-home/south-west/devon/otters-reach/or-plot-61/","images/5a3eed239831bcc20af9135b8396bc3bbfd96ccb72a1aa6982bef24de551041e.jpg","https://www.wainhomes.co.uk/wp-content/uploads/2025/03/The-Alder-Wain-Homes-Otters-Reach-41.jpg","The image shows the back garden and rear exterior facade of the property."
"Otters Reach","The Chinley GF (Plot 61) · Plot 61","1","https://www.wainhomes.co.uk/find-your-home/south-west/devon/otters-reach/or-plot-61/","images/1be74b8835d27c515006ff7e6f85ae101f0e3e213cd1874b8dbf1fda51c88f16.jpg","https://www.wainhomes.co.uk/wp-content/uploads/2025/06/The-Alder-Wain-Homes-Otters-Reach-74.jpg","The image depicts a decorated bedroom interior and a connecting hallway."
"Otters Reach","The Chinley GF (Plot 61) · Plot 61","1","https://www.wainhomes.co.uk/find-your-home/south-west/devon/otters-reach/or-plot-61/","images/18a939f41a444beb06cd00e77271cb22272cc455615a374a2195d8f258e679be.jpg","https://www.wainhomes.co.uk/wp-content/uploads/2025/03/The-Alder-Wain-Homes-Otters-Reach-39.jpg","Shows the exterior facade of the residential property."
"Otters Reach","The Chinley GF (Plot 61) · Plot 61","1","https://www.wainhomes.co.uk/find-your-home/south-west/devon/otters-reach/or-plot-61/","images/a05e80b3a5fc950760a039b93fbece970647363b7adc3b282288fabe56cac762.jpg","https://www.wainhomes.co.uk/wp-content/uploads/2025/06/The-Alder-Wain-Homes-Otters-Reach-21.jpg","Shows a real interior room (bedroom)."
"Otters Reach","Otters Reach development gallery","","https://www.wainhomes.co.uk/find-your-home/south-west/devon/otters-reach/","images/ab2f3a40a5dac6ffea4a494e28675264b8dc4d7b64e0a64e750761ae20bd67d2.webp","https://www.wainhomes.co.uk/wp-content/uploads/2025/03/Otters-Reach-Yelland-14.jpg","This is a real aerial photograph showing the property development site and surrounding area."
"Otters Reach","Otters Reach development gallery","","https://www.wainhomes.co.uk/find-your-home/south-west/devon/otters-reach/","images/81ef00a8d3dd1319afdcec2093d7897c81f2f6be2ce993728862d5df48dc32c1.webp","https://www.wainhomes.co.uk/wp-content/uploads/2025/03/Otters-Reach-Yelland-7.jpg","The image shows the exterior of a newly built housing development."
"Otters Reach","Otters Reach development gallery","","https://www.wainhomes.co.uk/find-your-home/south-west/devon/otters-reach/","images/fab0e29ec56ad2ca584c90f09425d5f43657ecd8a3ce76ca7cca4ee73b4f89fe.webp","https://www.wainhomes.co.uk/wp-content/uploads/2025/03/Otters-Reach-Yelland-3.jpg","The image captures the front facade of a completed residential property."
"Otters Reach","Otters Reach development gallery","","https://www.wainhomes.co.uk/find-your-home/south-west/devon/otters-reach/","images/7ac9d666fa748184c0064a213e51d237c363da0a44a22008083121edf37999fd.webp","https://www.wainhomes.co.uk/wp-content/uploads/2025/03/The-Alder-Wain-Homes-Otters-Reach-44.jpg","The image portrays a private back garden and patio space."
"Otters Reach","Otters Reach development gallery","","https://www.wainhomes.co.uk/find-your-home/south-west/devon/otters-reach/","images/1d50bc8c59ca656f353048569a51566da742624d1ffdb5491ea076e7caed0f01.webp","https://www.wainhomes.co.uk/wp-content/uploads/2025/03/Otters-Reach-Yelland-1.jpg","This is an exterior photograph of the front of a property development showing houses and parking bays."
"Otters Reach","Otters Reach development gallery","","https://www.wainhomes.co.uk/find-your-home/south-west/devon/otters-reach/","images/976d84cf19a5dbaa01faa84f79af45584b21f897b04462c53d12aa481e3e0967.webp","https://www.wainhomes.co.uk/wp-content/uploads/2026/01/The-Alder-Wain-Homes-Otters-Reach-75.jpg","Clearly shows a residential bathroom interior."
"Otters Reach","Otters Reach development gallery","","https://www.wainhomes.co.uk/find-your-home/south-west/devon/otters-reach/","images/7e6e4b59d9dd1b72e7f420896c4b19c78f5d68dfa3951f50b3ed0dca4b913ee6.webp","https://www.wainhomes.co.uk/wp-content/uploads/2025/03/The-Alder-Wain-Homes-Otters-Reach-60.jpg","This is a real interior photograph focusing on a dining area within an open-plan room."
"Otters Reach","Otters Reach development gallery","","https://www.wainhomes.co.uk/find-your-home/south-west/devon/otters-reach/","images/59e4050e975de99b255716fbcaf17ac5fd6395870c96d268edbdf0f415a65de2.webp","https://www.wainhomes.co.uk/wp-content/uploads/2025/06/Oysterwood_CGI_HR.jpg","This is a property exterior render showing the front elevation and surroundings of the houses."
"Otters Reach","Otters Reach development gallery","","https://www.wainhomes.co.uk/find-your-home/south-west/devon/otters-reach/","images/2b2489da5f849e5a673e71e13be630b724b64a0f2b9645fb78ed8d1dd12a28b9.webp","https://www.wainhomes.co.uk/wp-content/uploads/2025/03/Otters-Reach-Yelland-11.jpg","This is an exterior photograph of properties showing the front elevation and parking."
"Otters Reach","Otters Reach development gallery","","https://www.wainhomes.co.uk/find-your-home/south-west/devon/otters-reach/","images/f053db8eb19782025428e91abe3f411030bc7e58012a76651db17d70edd10087.webp","https://www.wainhomes.co.uk/wp-content/uploads/2025/03/Devon-Countryside-scaled.jpg","This is an aerial exterior landscape shot showing the surrounding countryside and property location."
"Otters Reach","Otters Reach development gallery","","https://www.wainhomes.co.uk/find-your-home/south-west/devon/otters-reach/","images/58efee378fc2c52a7b4ed19674e6225fd9c34dc4f48c55b9b933172766c5c40c.webp","https://www.wainhomes.co.uk/wp-content/uploads/2025/09/The-Alder-Wain-Homes-Otters-Reach-51.jpg","This is an interior photograph of a staged living room with sofas, a TV unit, and decorative furniture."
"Otters Reach","Otters Reach development gallery","","https://www.wainhomes.co.uk/find-your-home/south-west/devon/otters-reach/","images/87e4b369373413cb5a7f1e96d32f7bc55ea490df441c4713774150ff388deca1.webp","https://www.wainhomes.co.uk/wp-content/uploads/2025/06/Candlewood_CGI_HR.jpg","It is an exterior architectural rendering of the property."
"Otters Reach","Otters Reach development gallery","","https://www.wainhomes.co.uk/find-your-home/south-west/devon/otters-reach/","images/4cfd389750d8f3878708c7a3ff99c4ea447b8281c2522c0c9ff875e9aca02c34.webp","https://www.wainhomes.co.uk/wp-content/uploads/2026/01/Milton_CGI_LR.jpg","Shows the outside front elevation and exterior of the property."
"Otters Reach","Otters Reach development gallery","","https://www.wainhomes.co.uk/find-your-home/south-west/devon/otters-reach/","images/c060307ae31bb28e5f6034d156c2c32d24605e0522c2778adca199289c18554c.webp","https://www.wainhomes.co.uk/wp-content/uploads/2025/01/SMALL-The-Hazel-Cardwell-Park-Wain-Homes-51.jpg","This is a real photograph of a living room interior."
"Otters Reach","Otters Reach development gallery","","https://www.wainhomes.co.uk/find-your-home/south-west/devon/otters-reach/","images/0ff47b1989fe972962cbe1de6025723a0263c4ab313afd7ca717307e472b2e87.webp","https://www.wainhomes.co.uk/wp-content/uploads/2025/06/The-Laurel-Kingsley-Manor-24.jpg","Shows a real interior room (kitchen-diner)."
"Otters Reach","Otters Reach development gallery","","https://www.wainhomes.co.uk/find-your-home/south-west/devon/otters-reach/","images/c2376aeaacb07b1b3b061bf2e1daa90591f35dc9b19ae58ff3916d37a6850a00.webp","https://www.wainhomes.co.uk/wp-content/uploads/2025/02/001-Wain_KingsleyManor_Walnut_Internal.jpg","This is an open-plan kitchen and dining space with food preparation and dining furniture."
"Otters Reach","Otters Reach development gallery","","https://www.wainhomes.co.uk/find-your-home/south-west/devon/otters-reach/","images/2824efc1da9c2e57af9efccf246214da85155ad529c3796a22f14fe25c3283f7.webp","https://www.wainhomes.co.uk/wp-content/uploads/2026/04/Chinley_CGI_LR.jpg","It depicts the outside front elevation and parking area of properties."
"Otters Reach","Otters Reach development gallery","","https://www.wainhomes.co.uk/find-your-home/south-west/devon/otters-reach/","images/a05e80b3a5fc950760a039b93fbece970647363b7adc3b282288fabe56cac762.jpg","https://www.wainhomes.co.uk/wp-content/uploads/2025/06/The-Alder-Wain-Homes-Otters-Reach-21.jpg","Shows a real interior room (bedroom)."
"Otters Reach","Otters Reach development gallery","","https://www.wainhomes.co.uk/find-your-home/south-west/devon/otters-reach/","images/8990ca1375bce5a0b06f5793f52c68a510e9ff6d7c779aec3c3b4347cd6ec35c.webp","https://www.wainhomes.co.uk/wp-content/uploads/2025/01/Molbrook-Street-Scenes-11.jpg","This is a real estate exterior photograph of property frontages."
"Kingsley Manor","The Walnut (Plot 238) · Plot 238","4","https://www.wainhomes.co.uk/find-your-home/north-west/fylde/kingsley-manor/km-plot-238/","images/d7ac5adf0c121fe5aa1fa44dd50e901db124bc65713117337200a99a5825404a.webp","https://www.wainhomes.co.uk/wp-content/uploads/2025/02/Walnut-Kingsley.jpg","It is a CGI exterior property marketing image."
"Kingsley Manor","The Walnut (Plot 238) · Plot 238","4","https://www.wainhomes.co.uk/find-your-home/north-west/fylde/kingsley-manor/km-plot-238/","images/c2376aeaacb07b1b3b061bf2e1daa90591f35dc9b19ae58ff3916d37a6850a00.webp","https://www.wainhomes.co.uk/wp-content/uploads/2025/02/001-Wain_KingsleyManor_Walnut_Internal.jpg","This is an open-plan kitchen and dining space with food preparation and dining furniture."
"Kingsley Manor","The Walnut (Plot 238) · Plot 238","4","https://www.wainhomes.co.uk/find-your-home/north-west/fylde/kingsley-manor/km-plot-238/","images/45373e40f4a309b0e6f6d2836ad2d39e0401e62f4cf2d276b5b5cc1f12554a87.webp","https://www.wainhomes.co.uk/wp-content/uploads/2025/02/005-Wain_KingsleyManor_Walnut_Internal.jpg","This multifunction open-plan space includes a dining setup, kitchen cabinetry, and a dedicated small desk area."
"Kingsley Manor","The Walnut (Plot 238) · Plot 238","4","https://www.wainhomes.co.uk/find-your-home/north-west/fylde/kingsley-manor/km-plot-238/","images/5b01b418d803e44acfdd8e457c378e44d388d47bac756b851151e131f94e2cf6.webp","https://www.wainhomes.co.uk/wp-content/uploads/2025/02/009-Wain_KingsleyManor_Walnut_Internal-1.jpg","This is a secondary living room or snug outfitted with comfortable sofas, a TV unit, and coffee table."
"Kingsley Manor","The Walnut (Plot 238) · Plot 238","4","https://www.wainhomes.co.uk/find-your-home/north-west/fylde/kingsley-manor/km-plot-238/","images/ce08c69b1de976059315c2d2f5df74df76b787b636a985fbd0fec773fd5ad891.webp","https://www.wainhomes.co.uk/wp-content/uploads/2025/02/007-Wain_KingsleyManor_Walnut_Internal.jpg","This is a real living room inside a property."
"Kingsley Manor","The Walnut (Plot 238) · Plot 238","4","https://www.wainhomes.co.uk/find-your-home/north-west/fylde/kingsley-manor/km-plot-238/","images/b7cd32c8a9cb3cdaeacb610f080a8e7449e69c0da590abc9a6c5d0a9cea78f1f.webp","https://www.wainhomes.co.uk/wp-content/uploads/2025/02/011-Wain_KingsleyManor_Walnut_Internal.jpg","This is a real bedroom inside a property."
"Kingsley Manor","The Walnut (Plot 238) · Plot 238","4","https://www.wainhomes.co.uk/find-your-home/north-west/fylde/kingsley-manor/km-plot-238/","images/6c076cc499cfcacb30a69d462e730ee5d273ca0ea9169279c41b5e6f8875c7d8.webp","https://www.wainhomes.co.uk/wp-content/uploads/2025/02/014-Wain_KingsleyManor_Walnut_Internal.jpg","This is a real bedroom with a desk area inside a property."
"Kingsley Manor","The Walnut (Plot 238) · Plot 238","4","https://www.wainhomes.co.uk/find-your-home/north-west/fylde/kingsley-manor/km-plot-238/","images/ced79143c60a4d4919b2060261730d06221dbec97141c6157d223acecd285513.webp","https://www.wainhomes.co.uk/wp-content/uploads/2025/02/016-Wain_KingsleyManor_Walnut_Internal.jpg","This is a real single bedroom inside a property."
"Kingsley Manor","The Walnut (Plot 238) · Plot 238","4","https://www.wainhomes.co.uk/find-your-home/north-west/fylde/kingsley-manor/km-plot-238/","images/4141d6d2b0e366d721be39c366033553f37b1e8ee737b303b676db326a27c403.webp","https://www.wainhomes.co.uk/wp-content/uploads/2025/02/017-Wain_KingsleyManor_Walnut_Internal.jpg","This is a real room photograph showing a nursery with a cot."
"Kingsley Manor","The Walnut (Plot 238) · Plot 238","4","https://www.wainhomes.co.uk/find-your-home/north-west/fylde/kingsley-manor/km-plot-238/","images/3418656fd088027999bc6ae896c4ba9bf51436e4b228c4495c612a0641a9fed1.webp","https://www.wainhomes.co.uk/wp-content/uploads/2025/02/018-Wain_KingsleyManor_Walnut_Internal.jpg","This is a real room photograph showing a bathroom with a shower and toilet."
"Kingsley Manor","The Walnut (Plot 238) · Plot 238","4","https://www.wainhomes.co.uk/find-your-home/north-west/fylde/kingsley-manor/km-plot-238/","images/a24c42529af448cb0cb54a64c642bef7a2b6bf9c0655dfcc43c35135a511c3ff.jpg","https://www.wainhomes.co.uk/wp-content/uploads/2025/02/Priestley-internal-7.jpg","This is a real interior photograph of a utility room or back kitchen space."
"Kingsley Manor","The Walnut (Plot 238) · Plot 238","4","https://www.wainhomes.co.uk/find-your-home/north-west/fylde/kingsley-manor/km-plot-238/","images/30b6751cd5175a94245f0cc443e4e0e12577577a7e35248660c009e385ed8ee9.webp","https://www.wainhomes.co.uk/wp-content/uploads/2025/02/Hawthorn-Kingsley.jpg","This is an architectural exterior rendering of a new build house and driveway."
"Kingsley Manor","The Walnut (Plot 238) · Plot 238","4","https://www.wainhomes.co.uk/find-your-home/north-west/fylde/kingsley-manor/km-plot-238/","images/b28a95ed846795df706dfcff5925693cb37c84918b7c4c48929e469cc5de4e65.webp","https://www.wainhomes.co.uk/wp-content/uploads/2025/02/Acacia-Kingsley-1.jpg","This is an architectural exterior rendering showcasing the front elevation and street view of a house."
"Kingsley Manor","The Walnut (Plot 238) · Plot 238","4","https://www.wainhomes.co.uk/find-your-home/north-west/fylde/kingsley-manor/km-plot-238/","images/e8bd9c0aaaa63c5666cf87d8ed6287eabdc489e2c8a43420883f077483d0dc35.webp","https://www.wainhomes.co.uk/wp-content/uploads/2025/02/Cypress-Kingsley.jpg","This is an exterior photograph of a residential property."
"Kingsley Manor","The Hawthorn (Plot 261) · Plot 261","4","https://www.wainhomes.co.uk/find-your-home/north-west/fylde/kingsley-manor/km-plot-261/","images/30b6751cd5175a94245f0cc443e4e0e12577577a7e35248660c009e385ed8ee9.webp","https://www.wainhomes.co.uk/wp-content/uploads/2025/02/Hawthorn-Kingsley.jpg","This is an architectural exterior rendering of a new build house and driveway."
"Kingsley Manor","The Hawthorn (Plot 261) · Plot 261","4","https://www.wainhomes.co.uk/find-your-home/north-west/fylde/kingsley-manor/km-plot-261/","images/a4dac83a98052626df7d8d53aa33bd55488fb1552584aa5ddc5d23d9c2906eb3.webp","https://www.wainhomes.co.uk/wp-content/uploads/2025/04/Hawthorn-12.jpg","This is an interior photograph of a modern living room featuring seating, a TV console, and stylish wall treatments."
"Kingsley Manor","The Hawthorn (Plot 261) · Plot 261","4","https://www.wainhomes.co.uk/find-your-home/north-west/fylde/kingsley-manor/km-plot-261/","images/316888adf870bbede1a6a8d1c44fb0d31bce823459bf18768f7a226d1a27028a.webp","https://www.wainhomes.co.uk/wp-content/uploads/2025/04/Hawthorn-2.jpg","This is an interior photograph of a fully fitted modern kitchen with cabinets, worktops, and appliances."
"Kingsley Manor","The Hawthorn (Plot 261) · Plot 261","4","https://www.wainhomes.co.uk/find-your-home/north-west/fylde/kingsley-manor/km-plot-261/","images/99650f76b6a931c7fa7c7fa2741bef39902bf6e4e2547a6462769baf18958ff4.webp","https://www.wainhomes.co.uk/wp-content/uploads/2025/04/Hawthorn-3.jpg","The image shows a styled indoor dining space with a dining table and chairs."
"Kingsley Manor","The Hawthorn (Plot 261) · Plot 261","4","https://www.wainhomes.co.uk/find-your-home/north-west/fylde/kingsley-manor/km-plot-261/","images/4cbe31f23ea2994f644de6c49184e4a7111f10bbd0315ca7b6d89a95508da4cb.webp","https://www.wainhomes.co.uk/wp-content/uploads/2025/04/Hawthorn-1.jpg","The image clearly shows a residential bathroom or cloakroom."
"Kingsley Manor","The Hawthorn (Plot 261) · Plot 261","4","https://www.wainhomes.co.uk/find-your-home/north-west/fylde/kingsley-manor/km-plot-261/","images/bf0cd61d1c7a540b02299df5805828ecaf0341304b76e282c40810120bfe922d.webp","https://www.wainhomes.co.uk/wp-content/uploads/2025/04/Hawthorn-7.jpg","The image depicts an upper floor hallway and landing area."
"Kingsley Manor","The Hawthorn (Plot 261) · Plot 261","4","https://www.wainhomes.co.uk/find-your-home/north-west/fylde/kingsley-manor/km-plot-261/","images/61a02f6ec2e81f984415eb0de7c42a6dc6198e176dc7e6ee90238847ff60b826.webp","https://www.wainhomes.co.uk/wp-content/uploads/2025/04/Hawthorn-5.jpg","The image shows a furnished residential bedroom with a bed."
"Kingsley Manor","The Hawthorn (Plot 261) · Plot 261","4","https://www.wainhomes.co.uk/find-your-home/north-west/fylde/kingsley-manor/km-plot-261/","images/9ab14796e51e14d0bf8462c9e1dc4cfde5d43126985bc09757f17c13233a5bab.webp","https://www.wainhomes.co.uk/wp-content/uploads/2025/04/Hawthorn-6.jpg","This is a real bedroom in a property."
"Kingsley Manor","The Hawthorn (Plot 261) · Plot 261","4","https://www.wainhomes.co.uk/find-your-home/north-west/fylde/kingsley-manor/km-plot-261/","images/52f74e6ef1f6636f3bbbb823f011e963e5c76f343de147ee5c21d2aefecf0d7d.webp","https://www.wainhomes.co.uk/wp-content/uploads/2025/04/Hawthorn-4.jpg","This is a real bathroom in a property."
"Kingsley Manor","The Hawthorn (Plot 261) · Plot 261","4","https://www.wainhomes.co.uk/find-your-home/north-west/fylde/kingsley-manor/km-plot-261/","images/d07257837d5b6a13a2c442762ba66b32d84e87108b4159a0ff42576577b89e1a.webp","https://www.wainhomes.co.uk/wp-content/uploads/2025/04/Hawthorn-11.jpg","This is a real bedroom in a property."
"Kingsley Manor","The Hawthorn (Plot 261) · Plot 261","4","https://www.wainhomes.co.uk/find-your-home/north-west/fylde/kingsley-manor/km-plot-261/","images/daaa30623dd9fb35b82128baa91f26bb1bf690d63c4302082379cc22ae165dc0.webp","https://www.wainhomes.co.uk/wp-content/uploads/2025/04/Hawthorn-8.jpg","This is a real bedroom interior photograph."
"Kingsley Manor","The Hawthorn (Plot 261) · Plot 261","4","https://www.wainhomes.co.uk/find-your-home/north-west/fylde/kingsley-manor/km-plot-261/","images/abb367f5aff0db902e6e04cb1d01bb42a4dbe00eef96683ee17a158774055d5d.webp","https://www.wainhomes.co.uk/wp-content/uploads/2025/04/Hawthorn-9.jpg","This is a real photograph of a nursery bedroom."
"Kingsley Manor","The Hawthorn (Plot 261) · Plot 261","4","https://www.wainhomes.co.uk/find-your-home/north-west/fylde/kingsley-manor/km-plot-261/","images/cdecdb99598e1336bcb6e0f63a39ad26cf2dd29090db2af6091ac8fda4932d1e.webp","https://www.wainhomes.co.uk/wp-content/uploads/2025/04/Hawthorn-10.jpg","This is a real photograph of a bathroom."
"Kingsley Manor","The Hawthorn (Plot 261) · Plot 261","4","https://www.wainhomes.co.uk/find-your-home/north-west/fylde/kingsley-manor/km-plot-261/","images/a24c42529af448cb0cb54a64c642bef7a2b6bf9c0655dfcc43c35135a511c3ff.jpg","https://www.wainhomes.co.uk/wp-content/uploads/2025/02/Priestley-internal-7.jpg","This is a real interior photograph of a utility room or back kitchen space."
"Kingsley Manor","The Hawthorn (Plot 261) · Plot 261","4","https://www.wainhomes.co.uk/find-your-home/north-west/fylde/kingsley-manor/km-plot-261/","images/b28a95ed846795df706dfcff5925693cb37c84918b7c4c48929e469cc5de4e65.webp","https://www.wainhomes.co.uk/wp-content/uploads/2025/02/Acacia-Kingsley-1.jpg","This is an architectural exterior rendering showcasing the front elevation and street view of a house."
"Kingsley Manor","The Hawthorn (Plot 261) · Plot 261","4","https://www.wainhomes.co.uk/find-your-home/north-west/fylde/kingsley-manor/km-plot-261/","images/e8bd9c0aaaa63c5666cf87d8ed6287eabdc489e2c8a43420883f077483d0dc35.webp","https://www.wainhomes.co.uk/wp-content/uploads/2025/02/Cypress-Kingsley.jpg","This is an exterior photograph of a residential property."
"Kingsley Manor","The Hawthorn (Plot 261) · Plot 261","4","https://www.wainhomes.co.uk/find-your-home/north-west/fylde/kingsley-manor/km-plot-261/","images/d7ac5adf0c121fe5aa1fa44dd50e901db124bc65713117337200a99a5825404a.webp","https://www.wainhomes.co.uk/wp-content/uploads/2025/02/Walnut-Kingsley.jpg","It is a CGI exterior property marketing image."
"Kingsley Manor","The Acacia (Plot 220) · Plot 220","3","https://www.wainhomes.co.uk/find-your-home/north-west/fylde/kingsley-manor/km-plot-220/","images/b28a95ed846795df706dfcff5925693cb37c84918b7c4c48929e469cc5de4e65.webp","https://www.wainhomes.co.uk/wp-content/uploads/2025/02/Acacia-Kingsley-1.jpg","This is an architectural exterior rendering showcasing the front elevation and street view of a house."
"Kingsley Manor","The Acacia (Plot 220) · Plot 220","3","https://www.wainhomes.co.uk/find-your-home/north-west/fylde/kingsley-manor/km-plot-220/","images/c0bfd93df9fabfee8454e7befa8b50078ec3940ee1c14a9d84fab9286d5600cc.webp","https://www.wainhomes.co.uk/wp-content/uploads/2025/02/Acacia-1.jpg","This is a real living room in a property."
"Kingsley Manor","The Acacia (Plot 220) · Plot 220","3","https://www.wainhomes.co.uk/find-your-home/north-west/fylde/kingsley-manor/km-plot-220/","images/e8e104dd85c01948210e49b32d93e69b899e94ab43fdd26b585cc059c7473846.webp","https://www.wainhomes.co.uk/wp-content/uploads/2025/03/KEYFORD-ON-THE-GREEN-SHOWHOME-1-67-1-scaled.jpg","This is a real living room in a property."
"Kingsley Manor","The Acacia (Plot 220) · Plot 220","3","https://www.wainhomes.co.uk/find-your-home/north-west/fylde/kingsley-manor/km-plot-220/","images/1d765a773c03c978cba0e863f54e65511b9285b487ee86f9a5d1aa3c90a1f1e4.webp","https://www.wainhomes.co.uk/wp-content/uploads/2025/02/Acacia-2.jpg","This is a real dining room and kitchen space in a property."
"Kingsley Manor","The Acacia (Plot 220) · Plot 220","3","https://www.wainhomes.co.uk/find-your-home/north-west/fylde/kingsley-manor/km-plot-220/","images/b131fe5ae330ecdbf817f4a2f1d0fc49de6b45b536074a7268570cc75d8b89f7.webp","https://www.wainhomes.co.uk/wp-content/uploads/2025/02/Acacia-3.jpg","This is a real kitchen in a property."
"Kingsley Manor","The Acacia (Plot 220) · Plot 220","3","https://www.wainhomes.co.uk/find-your-home/north-west/fylde/kingsley-manor/km-plot-220/","images/5febd01b0e695bcd091184db9d62416b3bdfc8b77b9fbdc8c3b81484b472439e.webp","https://www.wainhomes.co.uk/wp-content/uploads/2025/03/KEYFORD-ON-THE-GREEN-SHOWHOME-1-66-1-scaled.jpg","This is a real photograph of a bathroom/cloakroom."
"Kingsley Manor","The Acacia (Plot 220) · Plot 220","3","https://www.wainhomes.co.uk/find-your-home/north-west/fylde/kingsley-manor/km-plot-220/","images/c8158f59a72728fa0c3a6140eaf989d19c101b7f3b277abdc0a182a097918b1a.webp","https://www.wainhomes.co.uk/wp-content/uploads/2025/02/Acacia-5.jpg","This is a real photograph of a bedroom."
"Kingsley Manor","The Acacia (Plot 220) · Plot 220","3","https://www.wainhomes.co.uk/find-your-home/north-west/fylde/kingsley-manor/km-plot-220/","images/d78e002d6f89f96816246504737a01ee56c2f32092237f543f2e2169d034b856.webp","https://www.wainhomes.co.uk/wp-content/uploads/2025/02/Acacia-6.jpg","This is a real photograph of a bedroom."
"Kingsley Manor","The Acacia (Plot 220) · Plot 220","3","https://www.wainhomes.co.uk/find-your-home/north-west/fylde/kingsley-manor/km-plot-220/","images/458dac4e39e08d9027cb31e316e8097318660f0f98d76358f48112d0b1f6ef7a.webp","https://www.wainhomes.co.uk/wp-content/uploads/2025/02/Acacia-4-1.jpg","This image shows a photograph of a furnished bedroom."
"Kingsley Manor","The Acacia (Plot 220) · Plot 220","3","https://www.wainhomes.co.uk/find-your-home/north-west/fylde/kingsley-manor/km-plot-220/","images/a24c42529af448cb0cb54a64c642bef7a2b6bf9c0655dfcc43c35135a511c3ff.jpg","https://www.wainhomes.co.uk/wp-content/uploads/2025/02/Priestley-internal-7.jpg","This is a real interior photograph of a utility room or back kitchen space."
"Kingsley Manor","The Acacia (Plot 220) · Plot 220","3","https://www.wainhomes.co.uk/find-your-home/north-west/fylde/kingsley-manor/km-plot-220/","images/30b6751cd5175a94245f0cc443e4e0e12577577a7e35248660c009e385ed8ee9.webp","https://www.wainhomes.co.uk/wp-content/uploads/2025/02/Hawthorn-Kingsley.jpg","This is an architectural exterior rendering of a new build house and driveway."
"Kingsley Manor","The Acacia (Plot 220) · Plot 220","3","https://www.wainhomes.co.uk/find-your-home/north-west/fylde/kingsley-manor/km-plot-220/","images/e8bd9c0aaaa63c5666cf87d8ed6287eabdc489e2c8a43420883f077483d0dc35.webp","https://www.wainhomes.co.uk/wp-content/uploads/2025/02/Cypress-Kingsley.jpg","This is an exterior photograph of a residential property."
"Kingsley Manor","The Acacia (Plot 220) · Plot 220","3","https://www.wainhomes.co.uk/find-your-home/north-west/fylde/kingsley-manor/km-plot-220/","images/d7ac5adf0c121fe5aa1fa44dd50e901db124bc65713117337200a99a5825404a.webp","https://www.wainhomes.co.uk/wp-content/uploads/2025/02/Walnut-Kingsley.jpg","It is a CGI exterior property marketing image."
"Kingsley Manor","The Cypress (Plot 243) · Plot 243","4","https://www.wainhomes.co.uk/find-your-home/north-west/fylde/kingsley-manor/km-plot-243/","images/e8bd9c0aaaa63c5666cf87d8ed6287eabdc489e2c8a43420883f077483d0dc35.webp","https://www.wainhomes.co.uk/wp-content/uploads/2025/02/Cypress-Kingsley.jpg","This is an exterior photograph of a residential property."
"Kingsley Manor","The Cypress (Plot 243) · Plot 243","4","https://www.wainhomes.co.uk/find-your-home/north-west/fylde/kingsley-manor/km-plot-243/","images/118df385785d342930b12c445669bc298342748cfb54913f12fba2a420beeae5.webp","https://www.wainhomes.co.uk/wp-content/uploads/2025/09/WH-The-Lawns-The-Cypress-67.jpg","This is a real photograph of a kitchen-diner space inside the property."
"Kingsley Manor","The Cypress (Plot 243) · Plot 243","4","https://www.wainhomes.co.uk/find-your-home/north-west/fylde/kingsley-manor/km-plot-243/","images/55e46cc65ea63330ce6df8e6df4e60717b6c806ca3110c7fc3c48199bcca0ca6.webp","https://www.wainhomes.co.uk/wp-content/uploads/2025/09/WH-The-Lawns-The-Cypress-69.jpg","The room is centrally arranged around a large dining table and chairs, functioning as a dedicated dining room."
"Kingsley Manor","The Cypress (Plot 243) · Plot 243","4","https://www.wainhomes.co.uk/find-your-home/north-west/fylde/kingsley-manor/km-plot-243/","images/885f06de21d14ac11038d0df3ecc537d6dcdc0b49a97dc6224bbed0c5050786d.webp","https://www.wainhomes.co.uk/wp-content/uploads/2025/09/WH-The-Lawns-The-Cypress-75.jpg","The space contains kitchen counters, cabinets, sink, and cooking appliances."
"Kingsley Manor","The Cypress (Plot 243) · Plot 243","4","https://www.wainhomes.co.uk/find-your-home/north-west/fylde/kingsley-manor/km-plot-243/","images/855554e8545dece13c64a1997a0eab1fcd2137a246633c5e68b276977b1dd8d9.webp","https://www.wainhomes.co.uk/wp-content/uploads/2025/09/WH-The-Lawns-The-Cypress-57.jpg","The room includes lounge seating, a sofa, coffee table, and decorative wall shelving characteristic of a living room."
"Kingsley Manor","The Cypress (Plot 243) · Plot 243","4","https://www.wainhomes.co.uk/find-your-home/north-west/fylde/kingsley-manor/km-plot-243/","images/6a622919560d856fb0a7b0dbed55f8e45df214e1c046c3d8dbbef706782a528a.webp","https://www.wainhomes.co.uk/wp-content/uploads/2025/09/WH-The-Lawns-The-Cypress-64.jpg","The room contains a toilet and a hand basin, serving as a compact cloakroom or WC."
"Kingsley Manor","The Cypress (Plot 243) · Plot 243","4","https://www.wainhomes.co.uk/find-your-home/north-west/fylde/kingsley-manor/km-plot-243/","images/7bccee762000e3fbe59da5fbb64ed1fab2c71cb56071b6f97cabc3e177c6a3bc.webp","https://www.wainhomes.co.uk/wp-content/uploads/2025/01/WH-The-Lawns-The-Cypress-89.jpg","This is a real bedroom interior shot showing a bed and en-suite doorway."
"Kingsley Manor","The Cypress (Plot 243) · Plot 243","4","https://www.wainhomes.co.uk/find-your-home/north-west/fylde/kingsley-manor/km-plot-243/","images/951818ec7154ca741582200f5d45778fae7ec108393677a555b742f66ecd06bf.webp","https://www.wainhomes.co.uk/wp-content/uploads/2025/09/WH-The-Lawns-The-Cypress-79.jpg","This is a real bedroom inside a property."
"Kingsley Manor","The Cypress (Plot 243) · Plot 243","4","https://www.wainhomes.co.uk/find-your-home/north-west/fylde/kingsley-manor/km-plot-243/","images/226daa84d009cd879751d8e7dadb51b045f927ca803e3c68ffdd044584cb2229.webp","https://www.wainhomes.co.uk/wp-content/uploads/2025/09/WH-The-Lawns-The-Cypress-96.jpg","This is a real children's bedroom inside a property."
"Kingsley Manor","The Cypress (Plot 243) · Plot 243","4","https://www.wainhomes.co.uk/find-your-home/north-west/fylde/kingsley-manor/km-plot-243/","images/c2117f2ef01dfa509605e0ba6b12afc5aec0bb57f8d7f4fccb3afd06d82f0827.webp","https://www.wainhomes.co.uk/wp-content/uploads/2025/09/WH-The-Lawns-The-Cypress-84.jpg","This is a real study room in a property."
"Kingsley Manor","The Cypress (Plot 243) · Plot 243","4","https://www.wainhomes.co.uk/find-your-home/north-west/fylde/kingsley-manor/km-plot-243/","images/58a0a96d3ef1f9b1b725e915ca08815a0e4950318e0c92f13c027c4b6870cb4a.webp","https://www.wainhomes.co.uk/wp-content/uploads/2025/09/WH-The-Lawns-The-Cypress-86.jpg","This is a real room photograph showing a contemporary bathroom."
"Kingsley Manor","The Cypress (Plot 243) · Plot 243","4","https://www.wainhomes.co.uk/find-your-home/north-west/fylde/kingsley-manor/km-plot-243/","images/a24c42529af448cb0cb54a64c642bef7a2b6bf9c0655dfcc43c35135a511c3ff.jpg","https://www.wainhomes.co.uk/wp-content/uploads/2025/02/Priestley-internal-7.jpg","This is a real interior photograph of a utility room or back kitchen space."
"Kingsley Manor","The Cypress (Plot 243) · Plot 243","4","https://www.wainhomes.co.uk/find-your-home/north-west/fylde/kingsley-manor/km-plot-243/","images/30b6751cd5175a94245f0cc443e4e0e12577577a7e35248660c009e385ed8ee9.webp","https://www.wainhomes.co.uk/wp-content/uploads/2025/02/Hawthorn-Kingsley.jpg","This is an architectural exterior rendering of a new build house and driveway."
"Kingsley Manor","The Cypress (Plot 243) · Plot 243","4","https://www.wainhomes.co.uk/find-your-home/north-west/fylde/kingsley-manor/km-plot-243/","images/b28a95ed846795df706dfcff5925693cb37c84918b7c4c48929e469cc5de4e65.webp","https://www.wainhomes.co.uk/wp-content/uploads/2025/02/Acacia-Kingsley-1.jpg","This is an architectural exterior rendering showcasing the front elevation and street view of a house."
"Kingsley Manor","The Cypress (Plot 243) · Plot 243","4","https://www.wainhomes.co.uk/find-your-home/north-west/fylde/kingsley-manor/km-plot-243/","images/d7ac5adf0c121fe5aa1fa44dd50e901db124bc65713117337200a99a5825404a.webp","https://www.wainhomes.co.uk/wp-content/uploads/2025/02/Walnut-Kingsley.jpg","It is a CGI exterior property marketing image."
"Kingsley Manor","The Acacia (Plot 264) · Plot 264","3","https://www.wainhomes.co.uk/find-your-home/north-west/fylde/kingsley-manor/km-plot-264/","images/b28a95ed846795df706dfcff5925693cb37c84918b7c4c48929e469cc5de4e65.webp","https://www.wainhomes.co.uk/wp-content/uploads/2025/02/Acacia-Kingsley-1.jpg","This is an architectural exterior rendering showcasing the front elevation and street view of a house."
"Kingsley Manor","The Acacia (Plot 264) · Plot 264","3","https://www.wainhomes.co.uk/find-your-home/north-west/fylde/kingsley-manor/km-plot-264/","images/c0bfd93df9fabfee8454e7befa8b50078ec3940ee1c14a9d84fab9286d5600cc.webp","https://www.wainhomes.co.uk/wp-content/uploads/2025/02/Acacia-1.jpg","This is a real living room in a property."
"Kingsley Manor","The Acacia (Plot 264) · Plot 264","3","https://www.wainhomes.co.uk/find-your-home/north-west/fylde/kingsley-manor/km-plot-264/","images/e8e104dd85c01948210e49b32d93e69b899e94ab43fdd26b585cc059c7473846.webp","https://www.wainhomes.co.uk/wp-content/uploads/2025/03/KEYFORD-ON-THE-GREEN-SHOWHOME-1-67-1-scaled.jpg","This is a real living room in a property."
"Kingsley Manor","The Acacia (Plot 264) · Plot 264","3","https://www.wainhomes.co.uk/find-your-home/north-west/fylde/kingsley-manor/km-plot-264/","images/1d765a773c03c978cba0e863f54e65511b9285b487ee86f9a5d1aa3c90a1f1e4.webp","https://www.wainhomes.co.uk/wp-content/uploads/2025/02/Acacia-2.jpg","This is a real dining room and kitchen space in a property."
"Kingsley Manor","The Acacia (Plot 264) · Plot 264","3","https://www.wainhomes.co.uk/find-your-home/north-west/fylde/kingsley-manor/km-plot-264/","images/b131fe5ae330ecdbf817f4a2f1d0fc49de6b45b536074a7268570cc75d8b89f7.webp","https://www.wainhomes.co.uk/wp-content/uploads/2025/02/Acacia-3.jpg","This is a real kitchen in a property."
"Kingsley Manor","The Acacia (Plot 264) · Plot 264","3","https://www.wainhomes.co.uk/find-your-home/north-west/fylde/kingsley-manor/km-plot-264/","images/5febd01b0e695bcd091184db9d62416b3bdfc8b77b9fbdc8c3b81484b472439e.webp","https://www.wainhomes.co.uk/wp-content/uploads/2025/03/KEYFORD-ON-THE-GREEN-SHOWHOME-1-66-1-scaled.jpg","This is a real photograph of a bathroom/cloakroom."
"Kingsley Manor","The Acacia (Plot 264) · Plot 264","3","https://www.wainhomes.co.uk/find-your-home/north-west/fylde/kingsley-manor/km-plot-264/","images/c8158f59a72728fa0c3a6140eaf989d19c101b7f3b277abdc0a182a097918b1a.webp","https://www.wainhomes.co.uk/wp-content/uploads/2025/02/Acacia-5.jpg","This is a real photograph of a bedroom."
"Kingsley Manor","The Acacia (Plot 264) · Plot 264","3","https://www.wainhomes.co.uk/find-your-home/north-west/fylde/kingsley-manor/km-plot-264/","images/d78e002d6f89f96816246504737a01ee56c2f32092237f543f2e2169d034b856.webp","https://www.wainhomes.co.uk/wp-content/uploads/2025/02/Acacia-6.jpg","This is a real photograph of a bedroom."
"Kingsley Manor","The Acacia (Plot 264) · Plot 264","3","https://www.wainhomes.co.uk/find-your-home/north-west/fylde/kingsley-manor/km-plot-264/","images/458dac4e39e08d9027cb31e316e8097318660f0f98d76358f48112d0b1f6ef7a.webp","https://www.wainhomes.co.uk/wp-content/uploads/2025/02/Acacia-4-1.jpg","This image shows a photograph of a furnished bedroom."
"Kingsley Manor","The Acacia (Plot 264) · Plot 264","3","https://www.wainhomes.co.uk/find-your-home/north-west/fylde/kingsley-manor/km-plot-264/","images/a24c42529af448cb0cb54a64c642bef7a2b6bf9c0655dfcc43c35135a511c3ff.jpg","https://www.wainhomes.co.uk/wp-content/uploads/2025/02/Priestley-internal-7.jpg","This is a real interior photograph of a utility room or back kitchen space."
"Kingsley Manor","The Acacia (Plot 264) · Plot 264","3","https://www.wainhomes.co.uk/find-your-home/north-west/fylde/kingsley-manor/km-plot-264/","images/30b6751cd5175a94245f0cc443e4e0e12577577a7e35248660c009e385ed8ee9.webp","https://www.wainhomes.co.uk/wp-content/uploads/2025/02/Hawthorn-Kingsley.jpg","This is an architectural exterior rendering of a new build house and driveway."
"Kingsley Manor","The Acacia (Plot 264) · Plot 264","3","https://www.wainhomes.co.uk/find-your-home/north-west/fylde/kingsley-manor/km-plot-264/","images/e8bd9c0aaaa63c5666cf87d8ed6287eabdc489e2c8a43420883f077483d0dc35.webp","https://www.wainhomes.co.uk/wp-content/uploads/2025/02/Cypress-Kingsley.jpg","This is an exterior photograph of a residential property."
"Kingsley Manor","The Acacia (Plot 264) · Plot 264","3","https://www.wainhomes.co.uk/find-your-home/north-west/fylde/kingsley-manor/km-plot-264/","images/d7ac5adf0c121fe5aa1fa44dd50e901db124bc65713117337200a99a5825404a.webp","https://www.wainhomes.co.uk/wp-content/uploads/2025/02/Walnut-Kingsley.jpg","It is a CGI exterior property marketing image."
"Kingsley Manor","The Hawthorn (Plot 265) · Plot 265","4","https://www.wainhomes.co.uk/find-your-home/north-west/fylde/kingsley-manor/km-plot-265/","images/30b6751cd5175a94245f0cc443e4e0e12577577a7e35248660c009e385ed8ee9.webp","https://www.wainhomes.co.uk/wp-content/uploads/2025/02/Hawthorn-Kingsley.jpg","This is an architectural exterior rendering of a new build house and driveway."
"Kingsley Manor","The Hawthorn (Plot 265) · Plot 265","4","https://www.wainhomes.co.uk/find-your-home/north-west/fylde/kingsley-manor/km-plot-265/","images/a4dac83a98052626df7d8d53aa33bd55488fb1552584aa5ddc5d23d9c2906eb3.webp","https://www.wainhomes.co.uk/wp-content/uploads/2025/04/Hawthorn-12.jpg","This is an interior photograph of a modern living room featuring seating, a TV console, and stylish wall treatments."
"Kingsley Manor","The Hawthorn (Plot 265) · Plot 265","4","https://www.wainhomes.co.uk/find-your-home/north-west/fylde/kingsley-manor/km-plot-265/","images/316888adf870bbede1a6a8d1c44fb0d31bce823459bf18768f7a226d1a27028a.webp","https://www.wainhomes.co.uk/wp-content/uploads/2025/04/Hawthorn-2.jpg","This is an interior photograph of a fully fitted modern kitchen with cabinets, worktops, and appliances."
"Kingsley Manor","The Hawthorn (Plot 265) · Plot 265","4","https://www.wainhomes.co.uk/find-your-home/north-west/fylde/kingsley-manor/km-plot-265/","images/99650f76b6a931c7fa7c7fa2741bef39902bf6e4e2547a6462769baf18958ff4.webp","https://www.wainhomes.co.uk/wp-content/uploads/2025/04/Hawthorn-3.jpg","The image shows a styled indoor dining space with a dining table and chairs."
"Kingsley Manor","The Hawthorn (Plot 265) · Plot 265","4","https://www.wainhomes.co.uk/find-your-home/north-west/fylde/kingsley-manor/km-plot-265/","images/4cbe31f23ea2994f644de6c49184e4a7111f10bbd0315ca7b6d89a95508da4cb.webp","https://www.wainhomes.co.uk/wp-content/uploads/2025/04/Hawthorn-1.jpg","The image clearly shows a residential bathroom or cloakroom."
"Kingsley Manor","The Hawthorn (Plot 265) · Plot 265","4","https://www.wainhomes.co.uk/find-your-home/north-west/fylde/kingsley-manor/km-plot-265/","images/bf0cd61d1c7a540b02299df5805828ecaf0341304b76e282c40810120bfe922d.webp","https://www.wainhomes.co.uk/wp-content/uploads/2025/04/Hawthorn-7.jpg","The image depicts an upper floor hallway and landing area."
"Kingsley Manor","The Hawthorn (Plot 265) · Plot 265","4","https://www.wainhomes.co.uk/find-your-home/north-west/fylde/kingsley-manor/km-plot-265/","images/61a02f6ec2e81f984415eb0de7c42a6dc6198e176dc7e6ee90238847ff60b826.webp","https://www.wainhomes.co.uk/wp-content/uploads/2025/04/Hawthorn-5.jpg","The image shows a furnished residential bedroom with a bed."
"Kingsley Manor","The Hawthorn (Plot 265) · Plot 265","4","https://www.wainhomes.co.uk/find-your-home/north-west/fylde/kingsley-manor/km-plot-265/","images/9ab14796e51e14d0bf8462c9e1dc4cfde5d43126985bc09757f17c13233a5bab.webp","https://www.wainhomes.co.uk/wp-content/uploads/2025/04/Hawthorn-6.jpg","This is a real bedroom in a property."
"Kingsley Manor","The Hawthorn (Plot 265) · Plot 265","4","https://www.wainhomes.co.uk/find-your-home/north-west/fylde/kingsley-manor/km-plot-265/","images/52f74e6ef1f6636f3bbbb823f011e963e5c76f343de147ee5c21d2aefecf0d7d.webp","https://www.wainhomes.co.uk/wp-content/uploads/2025/04/Hawthorn-4.jpg","This is a real bathroom in a property."
"Kingsley Manor","The Hawthorn (Plot 265) · Plot 265","4","https://www.wainhomes.co.uk/find-your-home/north-west/fylde/kingsley-manor/km-plot-265/","images/d07257837d5b6a13a2c442762ba66b32d84e87108b4159a0ff42576577b89e1a.webp","https://www.wainhomes.co.uk/wp-content/uploads/2025/04/Hawthorn-11.jpg","This is a real bedroom in a property."
"Kingsley Manor","The Hawthorn (Plot 265) · Plot 265","4","https://www.wainhomes.co.uk/find-your-home/north-west/fylde/kingsley-manor/km-plot-265/","images/daaa30623dd9fb35b82128baa91f26bb1bf690d63c4302082379cc22ae165dc0.webp","https://www.wainhomes.co.uk/wp-content/uploads/2025/04/Hawthorn-8.jpg","This is a real bedroom interior photograph."
"Kingsley Manor","The Hawthorn (Plot 265) · Plot 265","4","https://www.wainhomes.co.uk/find-your-home/north-west/fylde/kingsley-manor/km-plot-265/","images/abb367f5aff0db902e6e04cb1d01bb42a4dbe00eef96683ee17a158774055d5d.webp","https://www.wainhomes.co.uk/wp-content/uploads/2025/04/Hawthorn-9.jpg","This is a real photograph of a nursery bedroom."
"Kingsley Manor","The Hawthorn (Plot 265) · Plot 265","4","https://www.wainhomes.co.uk/find-your-home/north-west/fylde/kingsley-manor/km-plot-265/","images/cdecdb99598e1336bcb6e0f63a39ad26cf2dd29090db2af6091ac8fda4932d1e.webp","https://www.wainhomes.co.uk/wp-content/uploads/2025/04/Hawthorn-10.jpg","This is a real photograph of a bathroom."
"Kingsley Manor","The Hawthorn (Plot 265) · Plot 265","4","https://www.wainhomes.co.uk/find-your-home/north-west/fylde/kingsley-manor/km-plot-265/","images/a24c42529af448cb0cb54a64c642bef7a2b6bf9c0655dfcc43c35135a511c3ff.jpg","https://www.wainhomes.co.uk/wp-content/uploads/2025/02/Priestley-internal-7.jpg","This is a real interior photograph of a utility room or back kitchen space."
"Kingsley Manor","The Hawthorn (Plot 265) · Plot 265","4","https://www.wainhomes.co.uk/find-your-home/north-west/fylde/kingsley-manor/km-plot-265/","images/b28a95ed846795df706dfcff5925693cb37c84918b7c4c48929e469cc5de4e65.webp","https://www.wainhomes.co.uk/wp-content/uploads/2025/02/Acacia-Kingsley-1.jpg","This is an architectural exterior rendering showcasing the front elevation and street view of a house."
"Kingsley Manor","The Hawthorn (Plot 265) · Plot 265","4","https://www.wainhomes.co.uk/find-your-home/north-west/fylde/kingsley-manor/km-plot-265/","images/e8bd9c0aaaa63c5666cf87d8ed6287eabdc489e2c8a43420883f077483d0dc35.webp","https://www.wainhomes.co.uk/wp-content/uploads/2025/02/Cypress-Kingsley.jpg","This is an exterior photograph of a residential property."
"Kingsley Manor","The Hawthorn (Plot 265) · Plot 265","4","https://www.wainhomes.co.uk/find-your-home/north-west/fylde/kingsley-manor/km-plot-265/","images/d7ac5adf0c121fe5aa1fa44dd50e901db124bc65713117337200a99a5825404a.webp","https://www.wainhomes.co.uk/wp-content/uploads/2025/02/Walnut-Kingsley.jpg","It is a CGI exterior property marketing image."
"Kingsley Manor","The Foxglove (Plot 266) · Plot 266","4","https://www.wainhomes.co.uk/find-your-home/north-west/fylde/kingsley-manor/km-plot-266/","images/a24c42529af448cb0cb54a64c642bef7a2b6bf9c0655dfcc43c35135a511c3ff.jpg","https://www.wainhomes.co.uk/wp-content/uploads/2025/02/Priestley-internal-7.jpg","This is a real interior photograph of a utility room or back kitchen space."
"Kingsley Manor","The Foxglove (Plot 266) · Plot 266","4","https://www.wainhomes.co.uk/find-your-home/north-west/fylde/kingsley-manor/km-plot-266/","images/30b6751cd5175a94245f0cc443e4e0e12577577a7e35248660c009e385ed8ee9.webp","https://www.wainhomes.co.uk/wp-content/uploads/2025/02/Hawthorn-Kingsley.jpg","This is an architectural exterior rendering of a new build house and driveway."
"Kingsley Manor","The Foxglove (Plot 266) · Plot 266","4","https://www.wainhomes.co.uk/find-your-home/north-west/fylde/kingsley-manor/km-plot-266/","images/e8bd9c0aaaa63c5666cf87d8ed6287eabdc489e2c8a43420883f077483d0dc35.webp","https://www.wainhomes.co.uk/wp-content/uploads/2025/02/Cypress-Kingsley.jpg","This is an exterior photograph of a residential property."
"Kingsley Manor","The Hornbeam (Plot 267) · Plot 267","4","https://www.wainhomes.co.uk/find-your-home/north-west/fylde/kingsley-manor/km-plot-267/","images/e2c2e58a09e118ee49b9c3126f0e4d1998948af304b00130aeea3f164cfd37eb.webp","https://www.wainhomes.co.uk/wp-content/uploads/2025/08/The-Ash-Cardwell-Park-Wain-Homes-32.jpg","Interior photograph of a fitted residential kitchen."
"Kingsley Manor","The Hornbeam (Plot 267) · Plot 267","4","https://www.wainhomes.co.uk/find-your-home/north-west/fylde/kingsley-manor/km-plot-267/","images/9162bc20deebdfdc46b6a9b3e31d7002981d019fb2004eae866288f9a05ee6eb.webp","https://www.wainhomes.co.uk/wp-content/uploads/2025/03/The-Juniper-internal-11-1.jpg","This is a real interior photograph of a modern residential bathroom."
"Kingsley Manor","The Hornbeam (Plot 267) · Plot 267","4","https://www.wainhomes.co.uk/find-your-home/north-west/fylde/kingsley-manor/km-plot-267/","images/bc79afdbcebb24ea20f0eb4c987a9324d271b83bb53e0c07eb42d23258131cf9.webp","https://www.wainhomes.co.uk/wp-content/uploads/2025/02/PINFOLD-MANOR-THE-RICHMOND-84.jpg","It is a photograph of a real interior room (utility room)."
"Kingsley Manor","The Hornbeam (Plot 267) · Plot 267","4","https://www.wainhomes.co.uk/find-your-home/north-west/fylde/kingsley-manor/km-plot-267/","images/d5133b2707cc35e1fa09a42d1c780e83583c94ded7f67dfa921346c56231ddb4.webp","https://www.wainhomes.co.uk/wp-content/uploads/2025/08/The-Ash-Cardwell-Park-Wain-Homes-25.jpg","This is a real living room interior with couches, a coffee table, and a television."
"Kingsley Manor","The Hornbeam (Plot 267) · Plot 267","4","https://www.wainhomes.co.uk/find-your-home/north-west/fylde/kingsley-manor/km-plot-267/","images/fdfa277311ed25062393a04bc69a7b12bc07816153a94ab1f2f1e0d0c9889c17.webp","https://www.wainhomes.co.uk/wp-content/uploads/2025/03/ev-charger.jpg","This is an exterior photograph showing an EV charger on the property wall."
"Kingsley Manor","The Hornbeam (Plot 267) · Plot 267","4","https://www.wainhomes.co.uk/find-your-home/north-west/fylde/kingsley-manor/km-plot-267/","images/740e7c2c23cef3fbd6110882c23d920b9f1c5bbaeb8071431285c5a0318e304d.webp","https://www.wainhomes.co.uk/wp-content/uploads/2025/03/Street_Scene_CGI_LR.jpg","This is an architectural rendering showing the exterior streetscape of a housing estate."
"Kingsley Manor","Kingsley Manor development gallery","","https://www.wainhomes.co.uk/find-your-home/north-west/fylde/kingsley-manor/","images/c2376aeaacb07b1b3b061bf2e1daa90591f35dc9b19ae58ff3916d37a6850a00.webp","https://www.wainhomes.co.uk/wp-content/uploads/2025/02/001-Wain_KingsleyManor_Walnut_Internal.jpg","This is an open-plan kitchen and dining space with food preparation and dining furniture."
"Kingsley Manor","Kingsley Manor development gallery","","https://www.wainhomes.co.uk/find-your-home/north-west/fylde/kingsley-manor/","images/d7ac5adf0c121fe5aa1fa44dd50e901db124bc65713117337200a99a5825404a.webp","https://www.wainhomes.co.uk/wp-content/uploads/2025/02/Walnut-Kingsley.jpg","It is a CGI exterior property marketing image."
"Kingsley Manor","Kingsley Manor development gallery","","https://www.wainhomes.co.uk/find-your-home/north-west/fylde/kingsley-manor/","images/30b6751cd5175a94245f0cc443e4e0e12577577a7e35248660c009e385ed8ee9.webp","https://www.wainhomes.co.uk/wp-content/uploads/2025/02/Hawthorn-Kingsley.jpg","This is an architectural exterior rendering of a new build house and driveway."
"Kingsley Manor","Kingsley Manor development gallery","","https://www.wainhomes.co.uk/find-your-home/north-west/fylde/kingsley-manor/","images/b28a95ed846795df706dfcff5925693cb37c84918b7c4c48929e469cc5de4e65.webp","https://www.wainhomes.co.uk/wp-content/uploads/2025/02/Acacia-Kingsley-1.jpg","This is an architectural exterior rendering showcasing the front elevation and street view of a house."
"Kingsley Manor","Kingsley Manor development gallery","","https://www.wainhomes.co.uk/find-your-home/north-west/fylde/kingsley-manor/","images/e8bd9c0aaaa63c5666cf87d8ed6287eabdc489e2c8a43420883f077483d0dc35.webp","https://www.wainhomes.co.uk/wp-content/uploads/2025/02/Cypress-Kingsley.jpg","This is an exterior photograph of a residential property."
"Kingsley Manor","Kingsley Manor development gallery","","https://www.wainhomes.co.uk/find-your-home/north-west/fylde/kingsley-manor/","images/c0bfd93df9fabfee8454e7befa8b50078ec3940ee1c14a9d84fab9286d5600cc.webp","https://www.wainhomes.co.uk/wp-content/uploads/2025/02/Acacia-1.jpg","This is a real living room in a property."
"Kingsley Manor","Kingsley Manor development gallery","","https://www.wainhomes.co.uk/find-your-home/north-west/fylde/kingsley-manor/","images/a4dac83a98052626df7d8d53aa33bd55488fb1552584aa5ddc5d23d9c2906eb3.webp","https://www.wainhomes.co.uk/wp-content/uploads/2025/04/Hawthorn-12.jpg","This is an interior photograph of a modern living room featuring seating, a TV console, and stylish wall treatments."
"Kingsley Manor","Kingsley Manor development gallery","","https://www.wainhomes.co.uk/find-your-home/north-west/fylde/kingsley-manor/","images/5288a961b5069b1ca5577ff8a0bf61af798f9510d00dac6a5ead26a2c75b1eb9.webp","https://www.wainhomes.co.uk/wp-content/uploads/2025/08/The-Ash-Cardwell-Park-Wain-Homes-63.jpg","Real exterior photograph of a house."
"Kingsley Manor","Kingsley Manor development gallery","","https://www.wainhomes.co.uk/find-your-home/north-west/fylde/kingsley-manor/","images/9f12964e952052efc7a58c8622957b3f1491626dafaded20d2c1274b1711abfa.webp","https://www.wainhomes.co.uk/wp-content/uploads/2025/07/The-Lawns-Street-scene-1_CGI_HR-Jun-25-1.jpg","Shows the exterior development of multiple houses."
"Kingsley Manor","Kingsley Manor development gallery","","https://www.wainhomes.co.uk/find-your-home/north-west/fylde/kingsley-manor/","images/d23f4bfb6956dd9986094b0d831f2326e152684315ab2bd13e9e537ddaa32837.webp","https://www.wainhomes.co.uk/wp-content/uploads/2026/09/The-Paddocks-street-scene-external-2.jpg","Shows the exterior of the property development including a sales office."
"Latune Gardens","Latune Gardens development gallery","","https://www.wainhomes.co.uk/find-your-home/north-west/lancashire/latune-gardens/","images/84304e77b233d3c8a595c6aa9d2d8ff6db64a0499cbfb269f1e18d9ce625d2d4.webp","https://www.wainhomes.co.uk/wp-content/uploads/2026/06/Farriers-Xhase-external.jpg","This is an exterior photograph of a newly built property and its sales office."
"Latune Gardens","Latune Gardens development gallery","","https://www.wainhomes.co.uk/find-your-home/north-west/lancashire/latune-gardens/","images/85a062287cf928fa7e9b4ed8ef86d2cfd575f521cd898977dc04d7f95dfb317e.webp","https://www.wainhomes.co.uk/wp-content/uploads/2026/09/The-Highstone-WH-Paddocks-51.jpg","This is an interior shot of the combined kitchen and dining space with garden views."
"Maple Cross","The Stafford (Plot 10) · Plot 10","3","https://www.wainhomes.co.uk/find-your-home/south-west/devon/maple-cross/mc-plot-10/","images/05b20b69ff603cad063a39d474930350cc9a498ed6c0ce2804df27b7e7753dbc.webp","https://www.wainhomes.co.uk/wp-content/uploads/2025/03/KEYFORD-ON-THE-GREEN-SHOWHOME-1-54.jpg","This is an exterior photograph showing the back garden and patio of the property."
"Maple Cross","The Stafford (Plot 10) · Plot 10","3","https://www.wainhomes.co.uk/find-your-home/south-west/devon/maple-cross/mc-plot-10/","images/d67da5088fc3d6a43131f6518c895cd4ce9175bfda04a90bc21668ea2ba9e5dc.webp","https://www.wainhomes.co.uk/wp-content/uploads/2025/01/WEB-The-Holly-Showhome-Wain-Homes-4.jpg","This image shows a detailed interior view of a kitchen worktop and sink area."
"Maple Cross","The Foxton (Plot 12) · Plot 12","4","https://www.wainhomes.co.uk/find-your-home/south-west/devon/maple-cross/mc-plot-12/","images/05b20b69ff603cad063a39d474930350cc9a498ed6c0ce2804df27b7e7753dbc.webp","https://www.wainhomes.co.uk/wp-content/uploads/2025/03/KEYFORD-ON-THE-GREEN-SHOWHOME-1-54.jpg","This is an exterior photograph showing the back garden and patio of the property."
"Maple Cross","The Foxton (Plot 12) · Plot 12","4","https://www.wainhomes.co.uk/find-your-home/south-west/devon/maple-cross/mc-plot-12/","images/d67da5088fc3d6a43131f6518c895cd4ce9175bfda04a90bc21668ea2ba9e5dc.webp","https://www.wainhomes.co.uk/wp-content/uploads/2025/01/WEB-The-Holly-Showhome-Wain-Homes-4.jpg","This image shows a detailed interior view of a kitchen worktop and sink area."
"Maple Cross","The Foxton (Plot 16) · Plot 16","4","https://www.wainhomes.co.uk/find-your-home/south-west/devon/maple-cross/mc-plot-16/","images/05b20b69ff603cad063a39d474930350cc9a498ed6c0ce2804df27b7e7753dbc.webp","https://www.wainhomes.co.uk/wp-content/uploads/2025/03/KEYFORD-ON-THE-GREEN-SHOWHOME-1-54.jpg","This is an exterior photograph showing the back garden and patio of the property."
"Maple Cross","The Foxton (Plot 16) · Plot 16","4","https://www.wainhomes.co.uk/find-your-home/south-west/devon/maple-cross/mc-plot-16/","images/d67da5088fc3d6a43131f6518c895cd4ce9175bfda04a90bc21668ea2ba9e5dc.webp","https://www.wainhomes.co.uk/wp-content/uploads/2025/01/WEB-The-Holly-Showhome-Wain-Homes-4.jpg","This image shows a detailed interior view of a kitchen worktop and sink area."
"Maple Cross","The Whitebeam (Plot 17) · Plot 17","3","https://www.wainhomes.co.uk/find-your-home/south-west/devon/maple-cross/mc-plot-17/","images/05b20b69ff603cad063a39d474930350cc9a498ed6c0ce2804df27b7e7753dbc.webp","https://www.wainhomes.co.uk/wp-content/uploads/2025/03/KEYFORD-ON-THE-GREEN-SHOWHOME-1-54.jpg","This is an exterior photograph showing the back garden and patio of the property."
"Maple Cross","The Whitebeam (Plot 17) · Plot 17","3","https://www.wainhomes.co.uk/find-your-home/south-west/devon/maple-cross/mc-plot-17/","images/d67da5088fc3d6a43131f6518c895cd4ce9175bfda04a90bc21668ea2ba9e5dc.webp","https://www.wainhomes.co.uk/wp-content/uploads/2025/01/WEB-The-Holly-Showhome-Wain-Homes-4.jpg","This image shows a detailed interior view of a kitchen worktop and sink area."
"Maple Cross","The Alder (Plot 21) · Plot 21","3","https://www.wainhomes.co.uk/find-your-home/south-west/devon/maple-cross/mc-plot-21/","images/58efee378fc2c52a7b4ed19674e6225fd9c34dc4f48c55b9b933172766c5c40c.webp","https://www.wainhomes.co.uk/wp-content/uploads/2025/09/The-Alder-Wain-Homes-Otters-Reach-51.jpg","This is an interior photograph of a staged living room with sofas, a TV unit, and decorative furniture."
"Maple Cross","The Alder (Plot 21) · Plot 21","3","https://www.wainhomes.co.uk/find-your-home/south-west/devon/maple-cross/mc-plot-21/","images/7e6e4b59d9dd1b72e7f420896c4b19c78f5d68dfa3951f50b3ed0dca4b913ee6.webp","https://www.wainhomes.co.uk/wp-content/uploads/2025/03/The-Alder-Wain-Homes-Otters-Reach-60.jpg","This is a real interior photograph focusing on a dining area within an open-plan room."
"Maple Cross","The Alder (Plot 21) · Plot 21","3","https://www.wainhomes.co.uk/find-your-home/south-west/devon/maple-cross/mc-plot-21/","images/05b20b69ff603cad063a39d474930350cc9a498ed6c0ce2804df27b7e7753dbc.webp","https://www.wainhomes.co.uk/wp-content/uploads/2025/03/KEYFORD-ON-THE-GREEN-SHOWHOME-1-54.jpg","This is an exterior photograph showing the back garden and patio of the property."
"Maple Cross","The Alder (Plot 21) · Plot 21","3","https://www.wainhomes.co.uk/find-your-home/south-west/devon/maple-cross/mc-plot-21/","images/d67da5088fc3d6a43131f6518c895cd4ce9175bfda04a90bc21668ea2ba9e5dc.webp","https://www.wainhomes.co.uk/wp-content/uploads/2025/01/WEB-The-Holly-Showhome-Wain-Homes-4.jpg","This image shows a detailed interior view of a kitchen worktop and sink area."
"Maple Cross","The Poplar (Plot 46) · Plot 46","4","https://www.wainhomes.co.uk/find-your-home/south-west/devon/maple-cross/mc-plot-46/","images/05b20b69ff603cad063a39d474930350cc9a498ed6c0ce2804df27b7e7753dbc.webp","https://www.wainhomes.co.uk/wp-content/uploads/2025/03/KEYFORD-ON-THE-GREEN-SHOWHOME-1-54.jpg","This is an exterior photograph showing the back garden and patio of the property."
"Maple Cross","The Poplar (Plot 46) · Plot 46","4","https://www.wainhomes.co.uk/find-your-home/south-west/devon/maple-cross/mc-plot-46/","images/d67da5088fc3d6a43131f6518c895cd4ce9175bfda04a90bc21668ea2ba9e5dc.webp","https://www.wainhomes.co.uk/wp-content/uploads/2025/01/WEB-The-Holly-Showhome-Wain-Homes-4.jpg","This image shows a detailed interior view of a kitchen worktop and sink area."
"Maple Cross","The Coral (Plot 51) · Plot 51","3","https://www.wainhomes.co.uk/find-your-home/south-west/devon/maple-cross/mc-plot-51/","images/05b20b69ff603cad063a39d474930350cc9a498ed6c0ce2804df27b7e7753dbc.webp","https://www.wainhomes.co.uk/wp-content/uploads/2025/03/KEYFORD-ON-THE-GREEN-SHOWHOME-1-54.jpg","This is an exterior photograph showing the back garden and patio of the property."
"Maple Cross","The Coral (Plot 51) · Plot 51","3","https://www.wainhomes.co.uk/find-your-home/south-west/devon/maple-cross/mc-plot-51/","images/d67da5088fc3d6a43131f6518c895cd4ce9175bfda04a90bc21668ea2ba9e5dc.webp","https://www.wainhomes.co.uk/wp-content/uploads/2025/01/WEB-The-Holly-Showhome-Wain-Homes-4.jpg","This image shows a detailed interior view of a kitchen worktop and sink area."
"Buttercup View","The Chapel (Plot 62) · Plot 62","3","https://www.wainhomes.co.uk/find-your-home/north-west/whitchurch/buttercup-view/bv-plot-62/","images/a7325a50cad04d8ab0e746879db1f19a3bd7a5a96ef63683e56618ab7e178aea.webp","https://www.wainhomes.co.uk/wp-content/uploads/2025/08/The-Ash-Cardwell-Park-Wain-Homes-52.jpg","The image shows a modern fitted kitchen space."
"Buttercup View","The Chapel (Plot 62) · Plot 62","3","https://www.wainhomes.co.uk/find-your-home/north-west/whitchurch/buttercup-view/bv-plot-62/","images/c66e43b47a6ce86674af637da89906344d4d636c988647cf931c2cb557519ced.webp","https://www.wainhomes.co.uk/wp-content/uploads/2025/08/The-Ash-Cardwell-Park-Wain-Homes-14.jpg","The image depicts a contemporary family bathroom with tub, shower, and toilet."
"Buttercup View","The Chapel (Plot 62) · Plot 62","3","https://www.wainhomes.co.uk/find-your-home/north-west/whitchurch/buttercup-view/bv-plot-62/","images/dc1e75b9d2c42a791d5823c76a49418a4e2915f0afcac602818bbbf2953ad242.jpg","https://www.wainhomes.co.uk/wp-content/uploads/2025/12/WH-Badbury-Green-The-Marlow-SH-27.jpg","The image shows exterior property equipment in a garden setting."
"Buttercup View","The Chapel (Plot 62) · Plot 62","3","https://www.wainhomes.co.uk/find-your-home/north-west/whitchurch/buttercup-view/bv-plot-62/","images/118df385785d342930b12c445669bc298342748cfb54913f12fba2a420beeae5.webp","https://www.wainhomes.co.uk/wp-content/uploads/2025/09/WH-The-Lawns-The-Cypress-67.jpg","This is a real photograph of a kitchen-diner space inside the property."
"Buttercup View","The Chapel (Plot 62) · Plot 62","3","https://www.wainhomes.co.uk/find-your-home/north-west/whitchurch/buttercup-view/bv-plot-62/","images/fdfa277311ed25062393a04bc69a7b12bc07816153a94ab1f2f1e0d0c9889c17.webp","https://www.wainhomes.co.uk/wp-content/uploads/2025/03/ev-charger.jpg","This is an exterior photograph showing an EV charger on the property wall."
"Buttercup View","The Chapel (Plot 62) · Plot 62","3","https://www.wainhomes.co.uk/find-your-home/north-west/whitchurch/buttercup-view/bv-plot-62/","images/c060307ae31bb28e5f6034d156c2c32d24605e0522c2778adca199289c18554c.webp","https://www.wainhomes.co.uk/wp-content/uploads/2025/01/SMALL-The-Hazel-Cardwell-Park-Wain-Homes-51.jpg","This is a real photograph of a living room interior."
"Buttercup View","The Chapel (Plot 59) · Plot 59","3","https://www.wainhomes.co.uk/find-your-home/north-west/whitchurch/buttercup-view/bv-plot-59/","images/a7325a50cad04d8ab0e746879db1f19a3bd7a5a96ef63683e56618ab7e178aea.webp","https://www.wainhomes.co.uk/wp-content/uploads/2025/08/The-Ash-Cardwell-Park-Wain-Homes-52.jpg","The image shows a modern fitted kitchen space."
"Buttercup View","The Chapel (Plot 59) · Plot 59","3","https://www.wainhomes.co.uk/find-your-home/north-west/whitchurch/buttercup-view/bv-plot-59/","images/c66e43b47a6ce86674af637da89906344d4d636c988647cf931c2cb557519ced.webp","https://www.wainhomes.co.uk/wp-content/uploads/2025/08/The-Ash-Cardwell-Park-Wain-Homes-14.jpg","The image depicts a contemporary family bathroom with tub, shower, and toilet."
"Buttercup View","The Chapel (Plot 59) · Plot 59","3","https://www.wainhomes.co.uk/find-your-home/north-west/whitchurch/buttercup-view/bv-plot-59/","images/dc1e75b9d2c42a791d5823c76a49418a4e2915f0afcac602818bbbf2953ad242.jpg","https://www.wainhomes.co.uk/wp-content/uploads/2025/12/WH-Badbury-Green-The-Marlow-SH-27.jpg","The image shows exterior property equipment in a garden setting."
"Buttercup View","The Chapel (Plot 59) · Plot 59","3","https://www.wainhomes.co.uk/find-your-home/north-west/whitchurch/buttercup-view/bv-plot-59/","images/118df385785d342930b12c445669bc298342748cfb54913f12fba2a420beeae5.webp","https://www.wainhomes.co.uk/wp-content/uploads/2025/09/WH-The-Lawns-The-Cypress-67.jpg","This is a real photograph of a kitchen-diner space inside the property."
"Buttercup View","The Chapel (Plot 59) · Plot 59","3","https://www.wainhomes.co.uk/find-your-home/north-west/whitchurch/buttercup-view/bv-plot-59/","images/fdfa277311ed25062393a04bc69a7b12bc07816153a94ab1f2f1e0d0c9889c17.webp","https://www.wainhomes.co.uk/wp-content/uploads/2025/03/ev-charger.jpg","This is an exterior photograph showing an EV charger on the property wall."
"Buttercup View","The Chapel (Plot 59) · Plot 59","3","https://www.wainhomes.co.uk/find-your-home/north-west/whitchurch/buttercup-view/bv-plot-59/","images/c060307ae31bb28e5f6034d156c2c32d24605e0522c2778adca199289c18554c.webp","https://www.wainhomes.co.uk/wp-content/uploads/2025/01/SMALL-The-Hazel-Cardwell-Park-Wain-Homes-51.jpg","This is a real photograph of a living room interior."
"Buttercup View","Buttercup View development gallery","","https://www.wainhomes.co.uk/find-your-home/north-west/whitchurch/buttercup-view/","images/aa6810473947230da30b6004a31caa4ee9bfef7bd4c9d3650e1ea24d849ea0a7.webp","https://www.wainhomes.co.uk/wp-content/uploads/2026/09/08482-01-Wain-September-Campaign_Web-Carousels_2000x1500_NON-ASCEND2.jpg","This is a real photograph of a dining and living space."
"Buttercup View","Buttercup View development gallery","","https://www.wainhomes.co.uk/find-your-home/north-west/whitchurch/buttercup-view/","images/118df385785d342930b12c445669bc298342748cfb54913f12fba2a420beeae5.webp","https://www.wainhomes.co.uk/wp-content/uploads/2025/09/WH-The-Lawns-The-Cypress-67.jpg","This is a real photograph of a kitchen-diner space inside the property."
"Redmill Gardens","The Coral Semi (Plot 3) · Plot 3","3","https://www.wainhomes.co.uk/find-your-home/north-west/newton-le-willows/redmill-gardens/rg-plot-3/","images/e2c2e58a09e118ee49b9c3126f0e4d1998948af304b00130aeea3f164cfd37eb.webp","https://www.wainhomes.co.uk/wp-content/uploads/2025/08/The-Ash-Cardwell-Park-Wain-Homes-32.jpg","Interior photograph of a fitted residential kitchen."
"Redmill Gardens","The Coral Semi (Plot 3) · Plot 3","3","https://www.wainhomes.co.uk/find-your-home/north-west/newton-le-willows/redmill-gardens/rg-plot-3/","images/6a622919560d856fb0a7b0dbed55f8e45df214e1c046c3d8dbbef706782a528a.webp","https://www.wainhomes.co.uk/wp-content/uploads/2025/09/WH-The-Lawns-The-Cypress-64.jpg","The room contains a toilet and a hand basin, serving as a compact cloakroom or WC."
"Redmill Gardens","The Coral Semi (Plot 3) · Plot 3","3","https://www.wainhomes.co.uk/find-your-home/north-west/newton-le-willows/redmill-gardens/rg-plot-3/","images/d5133b2707cc35e1fa09a42d1c780e83583c94ded7f67dfa921346c56231ddb4.webp","https://www.wainhomes.co.uk/wp-content/uploads/2025/08/The-Ash-Cardwell-Park-Wain-Homes-25.jpg","This is a real living room interior with couches, a coffee table, and a television."
"Redmill Gardens","The Coral Semi (Plot 3) · Plot 3","3","https://www.wainhomes.co.uk/find-your-home/north-west/newton-le-willows/redmill-gardens/rg-plot-3/","images/fdfa277311ed25062393a04bc69a7b12bc07816153a94ab1f2f1e0d0c9889c17.webp","https://www.wainhomes.co.uk/wp-content/uploads/2025/03/ev-charger.jpg","This is an exterior photograph showing an EV charger on the property wall."
"Redmill Gardens","The Coral Detached (Plot 15) · Plot 15","3","https://www.wainhomes.co.uk/find-your-home/north-west/newton-le-willows/redmill-gardens/rg-plot-15/","images/e2c2e58a09e118ee49b9c3126f0e4d1998948af304b00130aeea3f164cfd37eb.webp","https://www.wainhomes.co.uk/wp-content/uploads/2025/08/The-Ash-Cardwell-Park-Wain-Homes-32.jpg","Interior photograph of a fitted residential kitchen."
"Redmill Gardens","The Coral Detached (Plot 15) · Plot 15","3","https://www.wainhomes.co.uk/find-your-home/north-west/newton-le-willows/redmill-gardens/rg-plot-15/","images/6a622919560d856fb0a7b0dbed55f8e45df214e1c046c3d8dbbef706782a528a.webp","https://www.wainhomes.co.uk/wp-content/uploads/2025/09/WH-The-Lawns-The-Cypress-64.jpg","The room contains a toilet and a hand basin, serving as a compact cloakroom or WC."
"Redmill Gardens","The Coral Detached (Plot 15) · Plot 15","3","https://www.wainhomes.co.uk/find-your-home/north-west/newton-le-willows/redmill-gardens/rg-plot-15/","images/d5133b2707cc35e1fa09a42d1c780e83583c94ded7f67dfa921346c56231ddb4.webp","https://www.wainhomes.co.uk/wp-content/uploads/2025/08/The-Ash-Cardwell-Park-Wain-Homes-25.jpg","This is a real living room interior with couches, a coffee table, and a television."
"Redmill Gardens","The Coral Detached (Plot 15) · Plot 15","3","https://www.wainhomes.co.uk/find-your-home/north-west/newton-le-willows/redmill-gardens/rg-plot-15/","images/fdfa277311ed25062393a04bc69a7b12bc07816153a94ab1f2f1e0d0c9889c17.webp","https://www.wainhomes.co.uk/wp-content/uploads/2025/03/ev-charger.jpg","This is an exterior photograph showing an EV charger on the property wall."
"Redmill Gardens","The Spindle (Plot 17) · Plot 17","3","https://www.wainhomes.co.uk/find-your-home/north-west/newton-le-willows/redmill-gardens/rg-plot-17/","images/e2c2e58a09e118ee49b9c3126f0e4d1998948af304b00130aeea3f164cfd37eb.webp","https://www.wainhomes.co.uk/wp-content/uploads/2025/08/The-Ash-Cardwell-Park-Wain-Homes-32.jpg","Interior photograph of a fitted residential kitchen."
"Redmill Gardens","The Spindle (Plot 17) · Plot 17","3","https://www.wainhomes.co.uk/find-your-home/north-west/newton-le-willows/redmill-gardens/rg-plot-17/","images/6a622919560d856fb0a7b0dbed55f8e45df214e1c046c3d8dbbef706782a528a.webp","https://www.wainhomes.co.uk/wp-content/uploads/2025/09/WH-The-Lawns-The-Cypress-64.jpg","The room contains a toilet and a hand basin, serving as a compact cloakroom or WC."
"Redmill Gardens","The Spindle (Plot 17) · Plot 17","3","https://www.wainhomes.co.uk/find-your-home/north-west/newton-le-willows/redmill-gardens/rg-plot-17/","images/d5133b2707cc35e1fa09a42d1c780e83583c94ded7f67dfa921346c56231ddb4.webp","https://www.wainhomes.co.uk/wp-content/uploads/2025/08/The-Ash-Cardwell-Park-Wain-Homes-25.jpg","This is a real living room interior with couches, a coffee table, and a television."
"Redmill Gardens","The Spindle (Plot 17) · Plot 17","3","https://www.wainhomes.co.uk/find-your-home/north-west/newton-le-willows/redmill-gardens/rg-plot-17/","images/fdfa277311ed25062393a04bc69a7b12bc07816153a94ab1f2f1e0d0c9889c17.webp","https://www.wainhomes.co.uk/wp-content/uploads/2025/03/ev-charger.jpg","This is an exterior photograph showing an EV charger on the property wall."
"Redmill Gardens","The Lune Semi (Plot 2) · Plot 2","3","https://www.wainhomes.co.uk/find-your-home/north-west/newton-le-willows/redmill-gardens/rg-plot-2/","images/e2c2e58a09e118ee49b9c3126f0e4d1998948af304b00130aeea3f164cfd37eb.webp","https://www.wainhomes.co.uk/wp-content/uploads/2025/08/The-Ash-Cardwell-Park-Wain-Homes-32.jpg","Interior photograph of a fitted residential kitchen."
"Redmill Gardens","The Lune Semi (Plot 2) · Plot 2","3","https://www.wainhomes.co.uk/find-your-home/north-west/newton-le-willows/redmill-gardens/rg-plot-2/","images/6a622919560d856fb0a7b0dbed55f8e45df214e1c046c3d8dbbef706782a528a.webp","https://www.wainhomes.co.uk/wp-content/uploads/2025/09/WH-The-Lawns-The-Cypress-64.jpg","The room contains a toilet and a hand basin, serving as a compact cloakroom or WC."
"Redmill Gardens","The Lune Semi (Plot 2) · Plot 2","3","https://www.wainhomes.co.uk/find-your-home/north-west/newton-le-willows/redmill-gardens/rg-plot-2/","images/d5133b2707cc35e1fa09a42d1c780e83583c94ded7f67dfa921346c56231ddb4.webp","https://www.wainhomes.co.uk/wp-content/uploads/2025/08/The-Ash-Cardwell-Park-Wain-Homes-25.jpg","This is a real living room interior with couches, a coffee table, and a television."
"Redmill Gardens","The Lune Semi (Plot 2) · Plot 2","3","https://www.wainhomes.co.uk/find-your-home/north-west/newton-le-willows/redmill-gardens/rg-plot-2/","images/fdfa277311ed25062393a04bc69a7b12bc07816153a94ab1f2f1e0d0c9889c17.webp","https://www.wainhomes.co.uk/wp-content/uploads/2025/03/ev-charger.jpg","This is an exterior photograph showing an EV charger on the property wall."
"Redmill Gardens","The Aire Detached (Plot 21) · Plot 21","3","https://www.wainhomes.co.uk/find-your-home/north-west/newton-le-willows/redmill-gardens/rg-plot-21/","images/e2c2e58a09e118ee49b9c3126f0e4d1998948af304b00130aeea3f164cfd37eb.webp","https://www.wainhomes.co.uk/wp-content/uploads/2025/08/The-Ash-Cardwell-Park-Wain-Homes-32.jpg","Interior photograph of a fitted residential kitchen."
"Redmill Gardens","The Aire Detached (Plot 21) · Plot 21","3","https://www.wainhomes.co.uk/find-your-home/north-west/newton-le-willows/redmill-gardens/rg-plot-21/","images/6a622919560d856fb0a7b0dbed55f8e45df214e1c046c3d8dbbef706782a528a.webp","https://www.wainhomes.co.uk/wp-content/uploads/2025/09/WH-The-Lawns-The-Cypress-64.jpg","The room contains a toilet and a hand basin, serving as a compact cloakroom or WC."
"Redmill Gardens","The Aire Detached (Plot 21) · Plot 21","3","https://www.wainhomes.co.uk/find-your-home/north-west/newton-le-willows/redmill-gardens/rg-plot-21/","images/d5133b2707cc35e1fa09a42d1c780e83583c94ded7f67dfa921346c56231ddb4.webp","https://www.wainhomes.co.uk/wp-content/uploads/2025/08/The-Ash-Cardwell-Park-Wain-Homes-25.jpg","This is a real living room interior with couches, a coffee table, and a television."
"Redmill Gardens","The Aire Detached (Plot 21) · Plot 21","3","https://www.wainhomes.co.uk/find-your-home/north-west/newton-le-willows/redmill-gardens/rg-plot-21/","images/fdfa277311ed25062393a04bc69a7b12bc07816153a94ab1f2f1e0d0c9889c17.webp","https://www.wainhomes.co.uk/wp-content/uploads/2025/03/ev-charger.jpg","This is an exterior photograph showing an EV charger on the property wall."
"Redmill Gardens","The Foxglove (Plot 29) · Plot 29","4","https://www.wainhomes.co.uk/find-your-home/north-west/newton-le-willows/redmill-gardens/rg-plot-29/","images/e2c2e58a09e118ee49b9c3126f0e4d1998948af304b00130aeea3f164cfd37eb.webp","https://www.wainhomes.co.uk/wp-content/uploads/2025/08/The-Ash-Cardwell-Park-Wain-Homes-32.jpg","Interior photograph of a fitted residential kitchen."
"Redmill Gardens","The Foxglove (Plot 29) · Plot 29","4","https://www.wainhomes.co.uk/find-your-home/north-west/newton-le-willows/redmill-gardens/rg-plot-29/","images/9162bc20deebdfdc46b6a9b3e31d7002981d019fb2004eae866288f9a05ee6eb.webp","https://www.wainhomes.co.uk/wp-content/uploads/2025/03/The-Juniper-internal-11-1.jpg","This is a real interior photograph of a modern residential bathroom."
"Redmill Gardens","The Foxglove (Plot 29) · Plot 29","4","https://www.wainhomes.co.uk/find-your-home/north-west/newton-le-willows/redmill-gardens/rg-plot-29/","images/bc79afdbcebb24ea20f0eb4c987a9324d271b83bb53e0c07eb42d23258131cf9.webp","https://www.wainhomes.co.uk/wp-content/uploads/2025/02/PINFOLD-MANOR-THE-RICHMOND-84.jpg","It is a photograph of a real interior room (utility room)."
"Redmill Gardens","The Foxglove (Plot 29) · Plot 29","4","https://www.wainhomes.co.uk/find-your-home/north-west/newton-le-willows/redmill-gardens/rg-plot-29/","images/d5133b2707cc35e1fa09a42d1c780e83583c94ded7f67dfa921346c56231ddb4.webp","https://www.wainhomes.co.uk/wp-content/uploads/2025/08/The-Ash-Cardwell-Park-Wain-Homes-25.jpg","This is a real living room interior with couches, a coffee table, and a television."
"Redmill Gardens","The Foxglove (Plot 29) · Plot 29","4","https://www.wainhomes.co.uk/find-your-home/north-west/newton-le-willows/redmill-gardens/rg-plot-29/","images/fdfa277311ed25062393a04bc69a7b12bc07816153a94ab1f2f1e0d0c9889c17.webp","https://www.wainhomes.co.uk/wp-content/uploads/2025/03/ev-charger.jpg","This is an exterior photograph showing an EV charger on the property wall."
"Redmill Gardens","The Foxglove (Plot 29) · Plot 29","4","https://www.wainhomes.co.uk/find-your-home/north-west/newton-le-willows/redmill-gardens/rg-plot-29/","images/740e7c2c23cef3fbd6110882c23d920b9f1c5bbaeb8071431285c5a0318e304d.webp","https://www.wainhomes.co.uk/wp-content/uploads/2025/03/Street_Scene_CGI_LR.jpg","This is an architectural rendering showing the exterior streetscape of a housing estate."
"Redmill Gardens","The Holly (Plot 32) · Plot 32","4","https://www.wainhomes.co.uk/find-your-home/north-west/newton-le-willows/redmill-gardens/rg-plot-32/","images/a0e0ac34a206d446c13b1fca008af56e8c60c345d7885e189072607ce4a92a77.webp","https://www.wainhomes.co.uk/wp-content/uploads/2025/04/Holly-41-scaled.jpg","This is a combined kitchen and dining space."
"Redmill Gardens","The Holly (Plot 32) · Plot 32","4","https://www.wainhomes.co.uk/find-your-home/north-west/newton-le-willows/redmill-gardens/rg-plot-32/","images/1c165885f013a814b1edf0b540eb5cf7686f95dcc700b72397820da1e78fe783.webp","https://www.wainhomes.co.uk/wp-content/uploads/2025/04/Holly-43-scaled.jpg","This is a kitchen space."
"Redmill Gardens","The Holly (Plot 32) · Plot 32","4","https://www.wainhomes.co.uk/find-your-home/north-west/newton-le-willows/redmill-gardens/rg-plot-32/","images/34e134dbf218e8e53ce57e23522aaaf851bb802cdf9875bca6e8080bd11d4932.webp","https://www.wainhomes.co.uk/wp-content/uploads/2025/04/Holly-45-scaled.jpg","Shows a dining area and part of a utility space with table and chairs."
"Redmill Gardens","The Holly (Plot 32) · Plot 32","4","https://www.wainhomes.co.uk/find-your-home/north-west/newton-le-willows/redmill-gardens/rg-plot-32/","images/9505f617315ef18fa8bcca9063144f97dec0e98667ccb83cb4ff6a50a03b79a2.webp","https://www.wainhomes.co.uk/wp-content/uploads/2025/04/Holly-53-scaled.jpg","Shows the living room layout from a different angle with sofas and TV unit."
"Redmill Gardens","The Holly (Plot 32) · Plot 32","4","https://www.wainhomes.co.uk/find-your-home/north-west/newton-le-willows/redmill-gardens/rg-plot-32/","images/530edfc7cc7bbb2be7b6b19d3d0983ee34e08fc2918ee1b15e5d511f4aefd1a0.webp","https://www.wainhomes.co.uk/wp-content/uploads/2025/04/Holly-55-scaled.jpg","This is a real bedroom showcasing contemporary interior styling."
"Redmill Gardens","The Holly (Plot 32) · Plot 32","4","https://www.wainhomes.co.uk/find-your-home/north-west/newton-le-willows/redmill-gardens/rg-plot-32/","images/2e5228e6eae3582ce8e71d2763ace9379c2af83d7ae01a1779ea5580751db380.webp","https://www.wainhomes.co.uk/wp-content/uploads/2025/04/Holly-58-scaled.jpg","This is a real bedroom photographed from an interior perspective."
"Redmill Gardens","The Holly (Plot 32) · Plot 32","4","https://www.wainhomes.co.uk/find-your-home/north-west/newton-le-willows/redmill-gardens/rg-plot-32/","images/1353f2125d1d47f9f63e7638a98a34a50d7fc679192742a67f377cced2bca505.webp","https://www.wainhomes.co.uk/wp-content/uploads/2025/04/Holly-59-scaled.jpg","This is a real bathroom photographed with bright lighting."
"Redmill Gardens","The Holly (Plot 32) · Plot 32","4","https://www.wainhomes.co.uk/find-your-home/north-west/newton-le-willows/redmill-gardens/rg-plot-32/","images/bbf8cd4f189bed5293a4cf4e66d8bba0fa00556f1e9c6c4c2dc0ee2f5d82bc47.webp","https://www.wainhomes.co.uk/wp-content/uploads/2025/04/Holly-60-scaled.jpg","This is a real study or home office space."
"Redmill Gardens","The Holly (Plot 32) · Plot 32","4","https://www.wainhomes.co.uk/find-your-home/north-west/newton-le-willows/redmill-gardens/rg-plot-32/","images/0a6abda952f241dde6add4eac09b307eaf4e4334eaf75263590eef4e62a0e88a.webp","https://www.wainhomes.co.uk/wp-content/uploads/2025/04/Holly-66-scaled.jpg","This is a real photograph of a furnished bedroom."
"Redmill Gardens","The Holly (Plot 32) · Plot 32","4","https://www.wainhomes.co.uk/find-your-home/north-west/newton-le-willows/redmill-gardens/rg-plot-32/","images/f79e3209e358438335879296348e5ac7c39a9706aca2bee055a8a6d049f0292e.webp","https://www.wainhomes.co.uk/wp-content/uploads/2025/04/Holly-64-scaled.jpg","This is a real photograph of a modern residential bathroom."
"Redmill Gardens","The Holly (Plot 32) · Plot 32","4","https://www.wainhomes.co.uk/find-your-home/north-west/newton-le-willows/redmill-gardens/rg-plot-32/","images/06486cec458645bbd3666eb74f5980f75b1c5b1ddbb986f3b22aa77ccc696a7a.webp","https://www.wainhomes.co.uk/wp-content/uploads/2025/04/Holly-63-scaled.jpg","This is a real photograph of a residential hallway and landing."
"Redmill Gardens","The Holly (Plot 32) · Plot 32","4","https://www.wainhomes.co.uk/find-your-home/north-west/newton-le-willows/redmill-gardens/rg-plot-32/","images/e2c2e58a09e118ee49b9c3126f0e4d1998948af304b00130aeea3f164cfd37eb.webp","https://www.wainhomes.co.uk/wp-content/uploads/2025/08/The-Ash-Cardwell-Park-Wain-Homes-32.jpg","Interior photograph of a fitted residential kitchen."
"Redmill Gardens","The Holly (Plot 32) · Plot 32","4","https://www.wainhomes.co.uk/find-your-home/north-west/newton-le-willows/redmill-gardens/rg-plot-32/","images/6a622919560d856fb0a7b0dbed55f8e45df214e1c046c3d8dbbef706782a528a.webp","https://www.wainhomes.co.uk/wp-content/uploads/2025/09/WH-The-Lawns-The-Cypress-64.jpg","The room contains a toilet and a hand basin, serving as a compact cloakroom or WC."
"Redmill Gardens","The Holly (Plot 32) · Plot 32","4","https://www.wainhomes.co.uk/find-your-home/north-west/newton-le-willows/redmill-gardens/rg-plot-32/","images/d5133b2707cc35e1fa09a42d1c780e83583c94ded7f67dfa921346c56231ddb4.webp","https://www.wainhomes.co.uk/wp-content/uploads/2025/08/The-Ash-Cardwell-Park-Wain-Homes-25.jpg","This is a real living room interior with couches, a coffee table, and a television."
"Redmill Gardens","The Holly (Plot 32) · Plot 32","4","https://www.wainhomes.co.uk/find-your-home/north-west/newton-le-willows/redmill-gardens/rg-plot-32/","images/fdfa277311ed25062393a04bc69a7b12bc07816153a94ab1f2f1e0d0c9889c17.webp","https://www.wainhomes.co.uk/wp-content/uploads/2025/03/ev-charger.jpg","This is an exterior photograph showing an EV charger on the property wall."
"Redmill Gardens","The Coral Detached (Plot 33) · Plot 33","3","https://www.wainhomes.co.uk/find-your-home/north-west/newton-le-willows/redmill-gardens/rg-plot-33/","images/e2c2e58a09e118ee49b9c3126f0e4d1998948af304b00130aeea3f164cfd37eb.webp","https://www.wainhomes.co.uk/wp-content/uploads/2025/08/The-Ash-Cardwell-Park-Wain-Homes-32.jpg","Interior photograph of a fitted residential kitchen."
"Redmill Gardens","The Coral Detached (Plot 33) · Plot 33","3","https://www.wainhomes.co.uk/find-your-home/north-west/newton-le-willows/redmill-gardens/rg-plot-33/","images/6a622919560d856fb0a7b0dbed55f8e45df214e1c046c3d8dbbef706782a528a.webp","https://www.wainhomes.co.uk/wp-content/uploads/2025/09/WH-The-Lawns-The-Cypress-64.jpg","The room contains a toilet and a hand basin, serving as a compact cloakroom or WC."
"Redmill Gardens","The Coral Detached (Plot 33) · Plot 33","3","https://www.wainhomes.co.uk/find-your-home/north-west/newton-le-willows/redmill-gardens/rg-plot-33/","images/d5133b2707cc35e1fa09a42d1c780e83583c94ded7f67dfa921346c56231ddb4.webp","https://www.wainhomes.co.uk/wp-content/uploads/2025/08/The-Ash-Cardwell-Park-Wain-Homes-25.jpg","This is a real living room interior with couches, a coffee table, and a television."
"Redmill Gardens","The Coral Detached (Plot 33) · Plot 33","3","https://www.wainhomes.co.uk/find-your-home/north-west/newton-le-willows/redmill-gardens/rg-plot-33/","images/fdfa277311ed25062393a04bc69a7b12bc07816153a94ab1f2f1e0d0c9889c17.webp","https://www.wainhomes.co.uk/wp-content/uploads/2025/03/ev-charger.jpg","This is an exterior photograph showing an EV charger on the property wall."
"Redmill Gardens","Redmill Gardens development gallery","","https://www.wainhomes.co.uk/find-your-home/north-west/st-helens/redmill-gardens/","images/118df385785d342930b12c445669bc298342748cfb54913f12fba2a420beeae5.webp","https://www.wainhomes.co.uk/wp-content/uploads/2025/09/WH-The-Lawns-The-Cypress-67.jpg","This is a real photograph of a kitchen-diner space inside the property."
"Redmill Gardens","Redmill Gardens development gallery","","https://www.wainhomes.co.uk/find-your-home/north-west/st-helens/redmill-gardens/","images/a84f881eb3b3135e08ff484f8056276796523bc66add01b60eac329f91de8910.webp","https://www.wainhomes.co.uk/wp-content/uploads/2025/08/The-Hazel-Cardwell-Park-Wain-Homes-2.jpg","Contains a double bed and bedroom furniture."
"Redmill Gardens","Redmill Gardens development gallery","","https://www.wainhomes.co.uk/find-your-home/north-west/st-helens/redmill-gardens/","images/85a062287cf928fa7e9b4ed8ef86d2cfd575f521cd898977dc04d7f95dfb317e.webp","https://www.wainhomes.co.uk/wp-content/uploads/2026/09/The-Highstone-WH-Paddocks-51.jpg","This is an interior shot of the combined kitchen and dining space with garden views."
"Redmill Gardens","Redmill Gardens development gallery","","https://www.wainhomes.co.uk/find-your-home/north-west/st-helens/redmill-gardens/","images/5fe78b7a04a812fd703d88d78c2c861c6742171bd6ce26b67e23dbc05369d4a7.jpg","https://www.wainhomes.co.uk/wp-content/uploads/2025/02/Shakespeare-CGI.jpg","Exterior 3D architectural visualization of a residential house."
"Trevow Heights","The Laurel (Plot 21) · Plot 21","3","https://www.wainhomes.co.uk/find-your-home/south-west/cornwall/trevow-heights/tvh-plot-21/","images/827387aadc40aba6642fbd3526b533f8fbb0f10e30dd9a7871a3b0f771f96dd0.jpg","https://www.wainhomes.co.uk/wp-content/uploads/2025/03/The-Alder-Wain-Homes-Otters-Reach-2.jpg","This is a real interior photograph focusing on kitchen fittings and appliances."
"Trevow Heights","The Laurel (Plot 21) · Plot 21","3","https://www.wainhomes.co.uk/find-your-home/south-west/cornwall/trevow-heights/tvh-plot-21/","images/83880343f0ba5397345a78d314b1c0ea0af24c3f02702e4c227031f3650995cd.jpg","https://www.wainhomes.co.uk/wp-content/uploads/2025/06/The-Alder-Wain-Homes-Otters-Reach-27.jpg","This is a real interior photograph of a bathroom."
"Trevow Heights","The Laurel (Plot 21) · Plot 21","3","https://www.wainhomes.co.uk/find-your-home/south-west/cornwall/trevow-heights/tvh-plot-21/","images/976d84cf19a5dbaa01faa84f79af45584b21f897b04462c53d12aa481e3e0967.webp","https://www.wainhomes.co.uk/wp-content/uploads/2026/01/The-Alder-Wain-Homes-Otters-Reach-75.jpg","Clearly shows a residential bathroom interior."
"Trevow Heights","The Laurel (Plot 21) · Plot 21","3","https://www.wainhomes.co.uk/find-your-home/south-west/cornwall/trevow-heights/tvh-plot-21/","images/5a3eed239831bcc20af9135b8396bc3bbfd96ccb72a1aa6982bef24de551041e.jpg","https://www.wainhomes.co.uk/wp-content/uploads/2025/03/The-Alder-Wain-Homes-Otters-Reach-41.jpg","The image shows the back garden and rear exterior facade of the property."
"Trevow Heights","The Laurel (Plot 21) · Plot 21","3","https://www.wainhomes.co.uk/find-your-home/south-west/cornwall/trevow-heights/tvh-plot-21/","images/1be74b8835d27c515006ff7e6f85ae101f0e3e213cd1874b8dbf1fda51c88f16.jpg","https://www.wainhomes.co.uk/wp-content/uploads/2025/06/The-Alder-Wain-Homes-Otters-Reach-74.jpg","The image depicts a decorated bedroom interior and a connecting hallway."
"Trevow Heights","The Laurel (Plot 21) · Plot 21","3","https://www.wainhomes.co.uk/find-your-home/south-west/cornwall/trevow-heights/tvh-plot-21/","images/18a939f41a444beb06cd00e77271cb22272cc455615a374a2195d8f258e679be.jpg","https://www.wainhomes.co.uk/wp-content/uploads/2025/03/The-Alder-Wain-Homes-Otters-Reach-39.jpg","Shows the exterior facade of the residential property."
"Trevow Heights","The Laurel (Plot 21) · Plot 21","3","https://www.wainhomes.co.uk/find-your-home/south-west/cornwall/trevow-heights/tvh-plot-21/","images/a05e80b3a5fc950760a039b93fbece970647363b7adc3b282288fabe56cac762.jpg","https://www.wainhomes.co.uk/wp-content/uploads/2025/06/The-Alder-Wain-Homes-Otters-Reach-21.jpg","Shows a real interior room (bedroom)."
"Trevow Heights","The Candleberry (Plot 270) · Plot 270","4","https://www.wainhomes.co.uk/find-your-home/south-west/cornwall/trevow-heights/tvh-plot-270/","images/827387aadc40aba6642fbd3526b533f8fbb0f10e30dd9a7871a3b0f771f96dd0.jpg","https://www.wainhomes.co.uk/wp-content/uploads/2025/03/The-Alder-Wain-Homes-Otters-Reach-2.jpg","This is a real interior photograph focusing on kitchen fittings and appliances."
"Trevow Heights","The Candleberry (Plot 270) · Plot 270","4","https://www.wainhomes.co.uk/find-your-home/south-west/cornwall/trevow-heights/tvh-plot-270/","images/83880343f0ba5397345a78d314b1c0ea0af24c3f02702e4c227031f3650995cd.jpg","https://www.wainhomes.co.uk/wp-content/uploads/2025/06/The-Alder-Wain-Homes-Otters-Reach-27.jpg","This is a real interior photograph of a bathroom."
"Trevow Heights","The Candleberry (Plot 270) · Plot 270","4","https://www.wainhomes.co.uk/find-your-home/south-west/cornwall/trevow-heights/tvh-plot-270/","images/976d84cf19a5dbaa01faa84f79af45584b21f897b04462c53d12aa481e3e0967.webp","https://www.wainhomes.co.uk/wp-content/uploads/2026/01/The-Alder-Wain-Homes-Otters-Reach-75.jpg","Clearly shows a residential bathroom interior."
"Trevow Heights","The Candleberry (Plot 270) · Plot 270","4","https://www.wainhomes.co.uk/find-your-home/south-west/cornwall/trevow-heights/tvh-plot-270/","images/5a3eed239831bcc20af9135b8396bc3bbfd96ccb72a1aa6982bef24de551041e.jpg","https://www.wainhomes.co.uk/wp-content/uploads/2025/03/The-Alder-Wain-Homes-Otters-Reach-41.jpg","The image shows the back garden and rear exterior facade of the property."
"Trevow Heights","The Candleberry (Plot 270) · Plot 270","4","https://www.wainhomes.co.uk/find-your-home/south-west/cornwall/trevow-heights/tvh-plot-270/","images/1be74b8835d27c515006ff7e6f85ae101f0e3e213cd1874b8dbf1fda51c88f16.jpg","https://www.wainhomes.co.uk/wp-content/uploads/2025/06/The-Alder-Wain-Homes-Otters-Reach-74.jpg","The image depicts a decorated bedroom interior and a connecting hallway."
"Trevow Heights","The Candleberry (Plot 270) · Plot 270","4","https://www.wainhomes.co.uk/find-your-home/south-west/cornwall/trevow-heights/tvh-plot-270/","images/18a939f41a444beb06cd00e77271cb22272cc455615a374a2195d8f258e679be.jpg","https://www.wainhomes.co.uk/wp-content/uploads/2025/03/The-Alder-Wain-Homes-Otters-Reach-39.jpg","Shows the exterior facade of the residential property."
"Trevow Heights","The Candleberry (Plot 270) · Plot 270","4","https://www.wainhomes.co.uk/find-your-home/south-west/cornwall/trevow-heights/tvh-plot-270/","images/a05e80b3a5fc950760a039b93fbece970647363b7adc3b282288fabe56cac762.jpg","https://www.wainhomes.co.uk/wp-content/uploads/2025/06/The-Alder-Wain-Homes-Otters-Reach-21.jpg","Shows a real interior room (bedroom)."
"Trevow Heights","The Coral (Plot 272) · Plot 272","3","https://www.wainhomes.co.uk/find-your-home/south-west/cornwall/trevow-heights/tvh-plot-272/","images/827387aadc40aba6642fbd3526b533f8fbb0f10e30dd9a7871a3b0f771f96dd0.jpg","https://www.wainhomes.co.uk/wp-content/uploads/2025/03/The-Alder-Wain-Homes-Otters-Reach-2.jpg","This is a real interior photograph focusing on kitchen fittings and appliances."
"Trevow Heights","The Coral (Plot 272) · Plot 272","3","https://www.wainhomes.co.uk/find-your-home/south-west/cornwall/trevow-heights/tvh-plot-272/","images/83880343f0ba5397345a78d314b1c0ea0af24c3f02702e4c227031f3650995cd.jpg","https://www.wainhomes.co.uk/wp-content/uploads/2025/06/The-Alder-Wain-Homes-Otters-Reach-27.jpg","This is a real interior photograph of a bathroom."
"Trevow Heights","The Coral (Plot 272) · Plot 272","3","https://www.wainhomes.co.uk/find-your-home/south-west/cornwall/trevow-heights/tvh-plot-272/","images/976d84cf19a5dbaa01faa84f79af45584b21f897b04462c53d12aa481e3e0967.webp","https://www.wainhomes.co.uk/wp-content/uploads/2026/01/The-Alder-Wain-Homes-Otters-Reach-75.jpg","Clearly shows a residential bathroom interior."
"Trevow Heights","The Coral (Plot 272) · Plot 272","3","https://www.wainhomes.co.uk/find-your-home/south-west/cornwall/trevow-heights/tvh-plot-272/","images/5a3eed239831bcc20af9135b8396bc3bbfd96ccb72a1aa6982bef24de551041e.jpg","https://www.wainhomes.co.uk/wp-content/uploads/2025/03/The-Alder-Wain-Homes-Otters-Reach-41.jpg","The image shows the back garden and rear exterior facade of the property."
"Trevow Heights","The Coral (Plot 272) · Plot 272","3","https://www.wainhomes.co.uk/find-your-home/south-west/cornwall/trevow-heights/tvh-plot-272/","images/1be74b8835d27c515006ff7e6f85ae101f0e3e213cd1874b8dbf1fda51c88f16.jpg","https://www.wainhomes.co.uk/wp-content/uploads/2025/06/The-Alder-Wain-Homes-Otters-Reach-74.jpg","The image depicts a decorated bedroom interior and a connecting hallway."
"Trevow Heights","The Coral (Plot 272) · Plot 272","3","https://www.wainhomes.co.uk/find-your-home/south-west/cornwall/trevow-heights/tvh-plot-272/","images/18a939f41a444beb06cd00e77271cb22272cc455615a374a2195d8f258e679be.jpg","https://www.wainhomes.co.uk/wp-content/uploads/2025/03/The-Alder-Wain-Homes-Otters-Reach-39.jpg","Shows the exterior facade of the residential property."
"Trevow Heights","The Coral (Plot 272) · Plot 272","3","https://www.wainhomes.co.uk/find-your-home/south-west/cornwall/trevow-heights/tvh-plot-272/","images/a05e80b3a5fc950760a039b93fbece970647363b7adc3b282288fabe56cac762.jpg","https://www.wainhomes.co.uk/wp-content/uploads/2025/06/The-Alder-Wain-Homes-Otters-Reach-21.jpg","Shows a real interior room (bedroom)."
"Trevow Heights","The Alder (Plot 273) · Plot 273","3","https://www.wainhomes.co.uk/find-your-home/south-west/cornwall/trevow-heights/tvh-plot-273/","images/38cbb5da8d1a814af8edf7226b89aa3dbaf42e396d2f3667507db478e6fa5bf4.webp","https://www.wainhomes.co.uk/wp-content/uploads/2026/05/WH-Trevow-Heights-The-Alder-15.jpg","This is a real photograph of a living room interior."
"Trevow Heights","The Alder (Plot 273) · Plot 273","3","https://www.wainhomes.co.uk/find-your-home/south-west/cornwall/trevow-heights/tvh-plot-273/","images/c760bb44b3de20ab4132d5eb124db60408598bc91d3dc74bdb91fb14c202ec29.webp","https://www.wainhomes.co.uk/wp-content/uploads/2026/05/WH-Trevow-Heights-The-Alder-7.jpg","This is a real interior photo of a kitchen, dining area, and integrated workspace."
"Trevow Heights","The Alder (Plot 273) · Plot 273","3","https://www.wainhomes.co.uk/find-your-home/south-west/cornwall/trevow-heights/tvh-plot-273/","images/dacdc03c5ed60f9076860630eaf2e862d4d1de740d860faa67a5733608ae1363.webp","https://www.wainhomes.co.uk/wp-content/uploads/2026/05/WH-Trevow-Heights-The-Alder-6.jpg","This is a real photograph of a furnished kitchen and dining space."
"Trevow Heights","The Alder (Plot 273) · Plot 273","3","https://www.wainhomes.co.uk/find-your-home/south-west/cornwall/trevow-heights/tvh-plot-273/","images/22d4494c31da7fa72e0677c68ee183e5017bc9586e021ab1f692990001e9410c.webp","https://www.wainhomes.co.uk/wp-content/uploads/2026/05/WH-Trevow-Heights-The-Alder-17.jpg","This is a real photograph of a cloakroom/bathroom."
"Trevow Heights","The Alder (Plot 273) · Plot 273","3","https://www.wainhomes.co.uk/find-your-home/south-west/cornwall/trevow-heights/tvh-plot-273/","images/de831386af231b00aa5ff8b9ac1dd5fb94e0ab574f5534f88e0d5ba25d8383c1.webp","https://www.wainhomes.co.uk/wp-content/uploads/2026/05/WH-Trevow-Heights-The-Alder-21.jpg","This is a real bedroom interior shot showing a bed and bedroom furnishings."
"Trevow Heights","The Alder (Plot 273) · Plot 273","3","https://www.wainhomes.co.uk/find-your-home/south-west/cornwall/trevow-heights/tvh-plot-273/","images/d9f43c03fab86f0a7fd8d89c5e50fd94a729ae56ff1f0d08fec27dffd71f1ca2.webp","https://www.wainhomes.co.uk/wp-content/uploads/2026/05/WH-Trevow-Heights-The-Alder-22.jpg","This is a real bathroom/shower room interior shot."
"Trevow Heights","The Alder (Plot 273) · Plot 273","3","https://www.wainhomes.co.uk/find-your-home/south-west/cornwall/trevow-heights/tvh-plot-273/","images/69ab4e4ac51f442fdd518961281de447a7c336a66492670f45bd02503061db3c.webp","https://www.wainhomes.co.uk/wp-content/uploads/2026/05/WH-Trevow-Heights-The-Alder-25.jpg","This is a real bedroom interior shot showing a single bed and decor."
"Trevow Heights","The Alder (Plot 273) · Plot 273","3","https://www.wainhomes.co.uk/find-your-home/south-west/cornwall/trevow-heights/tvh-plot-273/","images/513544cbde99e39f0bc3dfa9bcf89a44a8b77dd81ea0ef02933e8a3957e75097.webp","https://www.wainhomes.co.uk/wp-content/uploads/2026/05/WH-Trevow-Heights-The-Alder-24.jpg","This is a real bathroom interior shot."
"Trevow Heights","The Alder (Plot 273) · Plot 273","3","https://www.wainhomes.co.uk/find-your-home/south-west/cornwall/trevow-heights/tvh-plot-273/","images/5f01751ee77a45ab6e240bca40ddf78aecb16f72ef4344a3f74ec9af56f9afba.webp","https://www.wainhomes.co.uk/wp-content/uploads/2026/05/WH-Trevow-Heights-The-Alder-28.jpg","It is a staged real bedroom with a bed and bedroom furniture."
"Trevow Heights","The Alder (Plot 273) · Plot 273","3","https://www.wainhomes.co.uk/find-your-home/south-west/cornwall/trevow-heights/tvh-plot-273/","images/87821353c434b9fb973d4ca75087dc8e4a95ca9e8337d8acdf75624023f51a41.webp","https://www.wainhomes.co.uk/wp-content/uploads/2026/05/WH-Trevow-Heights-The-Alder-14.jpg","This is a real photograph of a living room interior, viewed from an alternate angle."
"Trevow Heights","The Alder (Plot 273) · Plot 273","3","https://www.wainhomes.co.uk/find-your-home/south-west/cornwall/trevow-heights/tvh-plot-273/","images/827387aadc40aba6642fbd3526b533f8fbb0f10e30dd9a7871a3b0f771f96dd0.jpg","https://www.wainhomes.co.uk/wp-content/uploads/2025/03/The-Alder-Wain-Homes-Otters-Reach-2.jpg","This is a real interior photograph focusing on kitchen fittings and appliances."
"Trevow Heights","The Alder (Plot 273) · Plot 273","3","https://www.wainhomes.co.uk/find-your-home/south-west/cornwall/trevow-heights/tvh-plot-273/","images/83880343f0ba5397345a78d314b1c0ea0af24c3f02702e4c227031f3650995cd.jpg","https://www.wainhomes.co.uk/wp-content/uploads/2025/06/The-Alder-Wain-Homes-Otters-Reach-27.jpg","This is a real interior photograph of a bathroom."
"Trevow Heights","The Alder (Plot 273) · Plot 273","3","https://www.wainhomes.co.uk/find-your-home/south-west/cornwall/trevow-heights/tvh-plot-273/","images/976d84cf19a5dbaa01faa84f79af45584b21f897b04462c53d12aa481e3e0967.webp","https://www.wainhomes.co.uk/wp-content/uploads/2026/01/The-Alder-Wain-Homes-Otters-Reach-75.jpg","Clearly shows a residential bathroom interior."
"Trevow Heights","The Alder (Plot 273) · Plot 273","3","https://www.wainhomes.co.uk/find-your-home/south-west/cornwall/trevow-heights/tvh-plot-273/","images/5a3eed239831bcc20af9135b8396bc3bbfd96ccb72a1aa6982bef24de551041e.jpg","https://www.wainhomes.co.uk/wp-content/uploads/2025/03/The-Alder-Wain-Homes-Otters-Reach-41.jpg","The image shows the back garden and rear exterior facade of the property."
"Trevow Heights","The Alder (Plot 273) · Plot 273","3","https://www.wainhomes.co.uk/find-your-home/south-west/cornwall/trevow-heights/tvh-plot-273/","images/1be74b8835d27c515006ff7e6f85ae101f0e3e213cd1874b8dbf1fda51c88f16.jpg","https://www.wainhomes.co.uk/wp-content/uploads/2025/06/The-Alder-Wain-Homes-Otters-Reach-74.jpg","The image depicts a decorated bedroom interior and a connecting hallway."
"Trevow Heights","The Alder (Plot 273) · Plot 273","3","https://www.wainhomes.co.uk/find-your-home/south-west/cornwall/trevow-heights/tvh-plot-273/","images/18a939f41a444beb06cd00e77271cb22272cc455615a374a2195d8f258e679be.jpg","https://www.wainhomes.co.uk/wp-content/uploads/2025/03/The-Alder-Wain-Homes-Otters-Reach-39.jpg","Shows the exterior facade of the residential property."
"Trevow Heights","The Alder (Plot 273) · Plot 273","3","https://www.wainhomes.co.uk/find-your-home/south-west/cornwall/trevow-heights/tvh-plot-273/","images/a05e80b3a5fc950760a039b93fbece970647363b7adc3b282288fabe56cac762.jpg","https://www.wainhomes.co.uk/wp-content/uploads/2025/06/The-Alder-Wain-Homes-Otters-Reach-21.jpg","Shows a real interior room (bedroom)."
"Trevow Heights","The Oysterwood (Plot 31) · Plot 31","2","https://www.wainhomes.co.uk/find-your-home/south-west/cornwall/trevow-heights/tvh-plot-31/","images/c2376aeaacb07b1b3b061bf2e1daa90591f35dc9b19ae58ff3916d37a6850a00.webp","https://www.wainhomes.co.uk/wp-content/uploads/2025/02/001-Wain_KingsleyManor_Walnut_Internal.jpg","This is an open-plan kitchen and dining space with food preparation and dining furniture."
"Trevow Heights","The Oysterwood (Plot 31) · Plot 31","2","https://www.wainhomes.co.uk/find-your-home/south-west/cornwall/trevow-heights/tvh-plot-31/","images/45373e40f4a309b0e6f6d2836ad2d39e0401e62f4cf2d276b5b5cc1f12554a87.webp","https://www.wainhomes.co.uk/wp-content/uploads/2025/02/005-Wain_KingsleyManor_Walnut_Internal.jpg","This multifunction open-plan space includes a dining setup, kitchen cabinetry, and a dedicated small desk area."
"Trevow Heights","The Oysterwood (Plot 31) · Plot 31","2","https://www.wainhomes.co.uk/find-your-home/south-west/cornwall/trevow-heights/tvh-plot-31/","images/ce08c69b1de976059315c2d2f5df74df76b787b636a985fbd0fec773fd5ad891.webp","https://www.wainhomes.co.uk/wp-content/uploads/2025/02/007-Wain_KingsleyManor_Walnut_Internal.jpg","This is a real living room inside a property."
"Trevow Heights","The Oysterwood (Plot 31) · Plot 31","2","https://www.wainhomes.co.uk/find-your-home/south-west/cornwall/trevow-heights/tvh-plot-31/","images/cafd2978d9cab65db109e781ea1f5ea7ee08f413249f82e41ebd4cdd6059912e.webp","https://www.wainhomes.co.uk/wp-content/uploads/2025/02/008-Wain_KingsleyManor_Walnut_Internal-scaled.jpg","It is a furnished living room area with sofas, coffee table, and entertainment setup."
"Trevow Heights","The Oysterwood (Plot 31) · Plot 31","2","https://www.wainhomes.co.uk/find-your-home/south-west/cornwall/trevow-heights/tvh-plot-31/","images/522bd3e7b75b2e3d97a5232cc8739b0926fb4c8e4e612c4e9c28d59a569d5dd4.webp","https://www.wainhomes.co.uk/wp-content/uploads/2025/03/The-Walnut-Showhome-Wain-Homes-39-scaled.jpg","This is a real photograph of a downstairs bathroom or cloakroom."
"Trevow Heights","The Oysterwood (Plot 31) · Plot 31","2","https://www.wainhomes.co.uk/find-your-home/south-west/cornwall/trevow-heights/tvh-plot-31/","images/e38e070c5e856cd5beb38990f852f5f3835f0527b4b92cb77f6a37e7e0cc0cca.webp","https://www.wainhomes.co.uk/wp-content/uploads/2025/03/The-Walnut-Showhome-Wain-Homes-47-scaled.jpg","This is an interior photograph of a bedroom clearly showing a double bed and bedroom furniture."
"Trevow Heights","The Oysterwood (Plot 31) · Plot 31","2","https://www.wainhomes.co.uk/find-your-home/south-west/cornwall/trevow-heights/tvh-plot-31/","images/cb1cc6256300d5a97741cc093e03ab6f8c341bb0ecde7ead7a5bf32d77585595.webp","https://www.wainhomes.co.uk/wp-content/uploads/2025/02/021-Wain_KingsleyManor_Walnut_Internal-scaled.jpg","This is a real photograph of a furnished double bedroom."
"Trevow Heights","The Oysterwood (Plot 31) · Plot 31","2","https://www.wainhomes.co.uk/find-your-home/south-west/cornwall/trevow-heights/tvh-plot-31/","images/9b2b2df8012839b62662ece9de2bf1abe9ecfc89cbb0d0e3c70c72203c04a8d3.webp","https://www.wainhomes.co.uk/wp-content/uploads/2025/11/wain-homes-cherry-horizon-bathroom.jpg","This is a real photograph of a bathroom showing sanitaryware, tiling, and fixtures."
"Trevow Heights","The Oysterwood (Plot 31) · Plot 31","2","https://www.wainhomes.co.uk/find-your-home/south-west/cornwall/trevow-heights/tvh-plot-31/","images/827387aadc40aba6642fbd3526b533f8fbb0f10e30dd9a7871a3b0f771f96dd0.jpg","https://www.wainhomes.co.uk/wp-content/uploads/2025/03/The-Alder-Wain-Homes-Otters-Reach-2.jpg","This is a real interior photograph focusing on kitchen fittings and appliances."
"Trevow Heights","The Oysterwood (Plot 31) · Plot 31","2","https://www.wainhomes.co.uk/find-your-home/south-west/cornwall/trevow-heights/tvh-plot-31/","images/83880343f0ba5397345a78d314b1c0ea0af24c3f02702e4c227031f3650995cd.jpg","https://www.wainhomes.co.uk/wp-content/uploads/2025/06/The-Alder-Wain-Homes-Otters-Reach-27.jpg","This is a real interior photograph of a bathroom."
"Trevow Heights","The Oysterwood (Plot 31) · Plot 31","2","https://www.wainhomes.co.uk/find-your-home/south-west/cornwall/trevow-heights/tvh-plot-31/","images/976d84cf19a5dbaa01faa84f79af45584b21f897b04462c53d12aa481e3e0967.webp","https://www.wainhomes.co.uk/wp-content/uploads/2026/01/The-Alder-Wain-Homes-Otters-Reach-75.jpg","Clearly shows a residential bathroom interior."
"Trevow Heights","The Oysterwood (Plot 31) · Plot 31","2","https://www.wainhomes.co.uk/find-your-home/south-west/cornwall/trevow-heights/tvh-plot-31/","images/5a3eed239831bcc20af9135b8396bc3bbfd96ccb72a1aa6982bef24de551041e.jpg","https://www.wainhomes.co.uk/wp-content/uploads/2025/03/The-Alder-Wain-Homes-Otters-Reach-41.jpg","The image shows the back garden and rear exterior facade of the property."
"Trevow Heights","The Oysterwood (Plot 31) · Plot 31","2","https://www.wainhomes.co.uk/find-your-home/south-west/cornwall/trevow-heights/tvh-plot-31/","images/1be74b8835d27c515006ff7e6f85ae101f0e3e213cd1874b8dbf1fda51c88f16.jpg","https://www.wainhomes.co.uk/wp-content/uploads/2025/06/The-Alder-Wain-Homes-Otters-Reach-74.jpg","The image depicts a decorated bedroom interior and a connecting hallway."
"Trevow Heights","The Oysterwood (Plot 31) · Plot 31","2","https://www.wainhomes.co.uk/find-your-home/south-west/cornwall/trevow-heights/tvh-plot-31/","images/18a939f41a444beb06cd00e77271cb22272cc455615a374a2195d8f258e679be.jpg","https://www.wainhomes.co.uk/wp-content/uploads/2025/03/The-Alder-Wain-Homes-Otters-Reach-39.jpg","Shows the exterior facade of the residential property."
"Trevow Heights","The Oysterwood (Plot 31) · Plot 31","2","https://www.wainhomes.co.uk/find-your-home/south-west/cornwall/trevow-heights/tvh-plot-31/","images/a05e80b3a5fc950760a039b93fbece970647363b7adc3b282288fabe56cac762.jpg","https://www.wainhomes.co.uk/wp-content/uploads/2025/06/The-Alder-Wain-Homes-Otters-Reach-21.jpg","Shows a real interior room (bedroom)."
"Trevow Heights","The Candlewood (Plot 36) · Plot 36","2","https://www.wainhomes.co.uk/find-your-home/south-west/cornwall/trevow-heights/tvh-plot-36/","images/6c78f1b58a13e13a55999e0a0bd867f4f69d982a0e27a5622e62d0c32cc083b3.jpg","https://www.wainhomes.co.uk/wp-content/uploads/2026/01/Otters-Reach-Plot-46-13.jpg","This is a real kitchen interior showing units, appliances, and patio access."
"Trevow Heights","The Candlewood (Plot 36) · Plot 36","2","https://www.wainhomes.co.uk/find-your-home/south-west/cornwall/trevow-heights/tvh-plot-36/","images/827387aadc40aba6642fbd3526b533f8fbb0f10e30dd9a7871a3b0f771f96dd0.jpg","https://www.wainhomes.co.uk/wp-content/uploads/2025/03/The-Alder-Wain-Homes-Otters-Reach-2.jpg","This is a real interior photograph focusing on kitchen fittings and appliances."
"Trevow Heights","The Candlewood (Plot 36) · Plot 36","2","https://www.wainhomes.co.uk/find-your-home/south-west/cornwall/trevow-heights/tvh-plot-36/","images/83880343f0ba5397345a78d314b1c0ea0af24c3f02702e4c227031f3650995cd.jpg","https://www.wainhomes.co.uk/wp-content/uploads/2025/06/The-Alder-Wain-Homes-Otters-Reach-27.jpg","This is a real interior photograph of a bathroom."
"Trevow Heights","The Candlewood (Plot 36) · Plot 36","2","https://www.wainhomes.co.uk/find-your-home/south-west/cornwall/trevow-heights/tvh-plot-36/","images/976d84cf19a5dbaa01faa84f79af45584b21f897b04462c53d12aa481e3e0967.webp","https://www.wainhomes.co.uk/wp-content/uploads/2026/01/The-Alder-Wain-Homes-Otters-Reach-75.jpg","Clearly shows a residential bathroom interior."
"Trevow Heights","The Candlewood (Plot 36) · Plot 36","2","https://www.wainhomes.co.uk/find-your-home/south-west/cornwall/trevow-heights/tvh-plot-36/","images/5a3eed239831bcc20af9135b8396bc3bbfd96ccb72a1aa6982bef24de551041e.jpg","https://www.wainhomes.co.uk/wp-content/uploads/2025/03/The-Alder-Wain-Homes-Otters-Reach-41.jpg","The image shows the back garden and rear exterior facade of the property."
"Trevow Heights","The Candlewood (Plot 36) · Plot 36","2","https://www.wainhomes.co.uk/find-your-home/south-west/cornwall/trevow-heights/tvh-plot-36/","images/1be74b8835d27c515006ff7e6f85ae101f0e3e213cd1874b8dbf1fda51c88f16.jpg","https://www.wainhomes.co.uk/wp-content/uploads/2025/06/The-Alder-Wain-Homes-Otters-Reach-74.jpg","The image depicts a decorated bedroom interior and a connecting hallway."
"Trevow Heights","The Candlewood (Plot 36) · Plot 36","2","https://www.wainhomes.co.uk/find-your-home/south-west/cornwall/trevow-heights/tvh-plot-36/","images/18a939f41a444beb06cd00e77271cb22272cc455615a374a2195d8f258e679be.jpg","https://www.wainhomes.co.uk/wp-content/uploads/2025/03/The-Alder-Wain-Homes-Otters-Reach-39.jpg","Shows the exterior facade of the residential property."
"Trevow Heights","The Candlewood (Plot 36) · Plot 36","2","https://www.wainhomes.co.uk/find-your-home/south-west/cornwall/trevow-heights/tvh-plot-36/","images/a05e80b3a5fc950760a039b93fbece970647363b7adc3b282288fabe56cac762.jpg","https://www.wainhomes.co.uk/wp-content/uploads/2025/06/The-Alder-Wain-Homes-Otters-Reach-21.jpg","Shows a real interior room (bedroom)."
"Trevow Heights","The Alder (Plot 77) · Plot 77","3","https://www.wainhomes.co.uk/find-your-home/south-west/cornwall/trevow-heights/tvh-plot-77/","images/dacdc03c5ed60f9076860630eaf2e862d4d1de740d860faa67a5733608ae1363.webp","https://www.wainhomes.co.uk/wp-content/uploads/2026/05/WH-Trevow-Heights-The-Alder-6.jpg","This is a real photograph of a furnished kitchen and dining space."
"Trevow Heights","The Alder (Plot 77) · Plot 77","3","https://www.wainhomes.co.uk/find-your-home/south-west/cornwall/trevow-heights/tvh-plot-77/","images/c760bb44b3de20ab4132d5eb124db60408598bc91d3dc74bdb91fb14c202ec29.webp","https://www.wainhomes.co.uk/wp-content/uploads/2026/05/WH-Trevow-Heights-The-Alder-7.jpg","This is a real interior photo of a kitchen, dining area, and integrated workspace."
"Trevow Heights","The Alder (Plot 77) · Plot 77","3","https://www.wainhomes.co.uk/find-your-home/south-west/cornwall/trevow-heights/tvh-plot-77/","images/38cbb5da8d1a814af8edf7226b89aa3dbaf42e396d2f3667507db478e6fa5bf4.webp","https://www.wainhomes.co.uk/wp-content/uploads/2026/05/WH-Trevow-Heights-The-Alder-15.jpg","This is a real photograph of a living room interior."
"Trevow Heights","The Alder (Plot 77) · Plot 77","3","https://www.wainhomes.co.uk/find-your-home/south-west/cornwall/trevow-heights/tvh-plot-77/","images/87821353c434b9fb973d4ca75087dc8e4a95ca9e8337d8acdf75624023f51a41.webp","https://www.wainhomes.co.uk/wp-content/uploads/2026/05/WH-Trevow-Heights-The-Alder-14.jpg","This is a real photograph of a living room interior, viewed from an alternate angle."
"Trevow Heights","The Alder (Plot 77) · Plot 77","3","https://www.wainhomes.co.uk/find-your-home/south-west/cornwall/trevow-heights/tvh-plot-77/","images/22d4494c31da7fa72e0677c68ee183e5017bc9586e021ab1f692990001e9410c.webp","https://www.wainhomes.co.uk/wp-content/uploads/2026/05/WH-Trevow-Heights-The-Alder-17.jpg","This is a real photograph of a cloakroom/bathroom."
"Trevow Heights","The Alder (Plot 77) · Plot 77","3","https://www.wainhomes.co.uk/find-your-home/south-west/cornwall/trevow-heights/tvh-plot-77/","images/de831386af231b00aa5ff8b9ac1dd5fb94e0ab574f5534f88e0d5ba25d8383c1.webp","https://www.wainhomes.co.uk/wp-content/uploads/2026/05/WH-Trevow-Heights-The-Alder-21.jpg","This is a real bedroom interior shot showing a bed and bedroom furnishings."
"Trevow Heights","The Alder (Plot 77) · Plot 77","3","https://www.wainhomes.co.uk/find-your-home/south-west/cornwall/trevow-heights/tvh-plot-77/","images/d9f43c03fab86f0a7fd8d89c5e50fd94a729ae56ff1f0d08fec27dffd71f1ca2.webp","https://www.wainhomes.co.uk/wp-content/uploads/2026/05/WH-Trevow-Heights-The-Alder-22.jpg","This is a real bathroom/shower room interior shot."
"Trevow Heights","The Alder (Plot 77) · Plot 77","3","https://www.wainhomes.co.uk/find-your-home/south-west/cornwall/trevow-heights/tvh-plot-77/","images/513544cbde99e39f0bc3dfa9bcf89a44a8b77dd81ea0ef02933e8a3957e75097.webp","https://www.wainhomes.co.uk/wp-content/uploads/2026/05/WH-Trevow-Heights-The-Alder-24.jpg","This is a real bathroom interior shot."
"Trevow Heights","The Alder (Plot 77) · Plot 77","3","https://www.wainhomes.co.uk/find-your-home/south-west/cornwall/trevow-heights/tvh-plot-77/","images/5f01751ee77a45ab6e240bca40ddf78aecb16f72ef4344a3f74ec9af56f9afba.webp","https://www.wainhomes.co.uk/wp-content/uploads/2026/05/WH-Trevow-Heights-The-Alder-28.jpg","It is a staged real bedroom with a bed and bedroom furniture."
"Trevow Heights","The Alder (Plot 77) · Plot 77","3","https://www.wainhomes.co.uk/find-your-home/south-west/cornwall/trevow-heights/tvh-plot-77/","images/69ab4e4ac51f442fdd518961281de447a7c336a66492670f45bd02503061db3c.webp","https://www.wainhomes.co.uk/wp-content/uploads/2026/05/WH-Trevow-Heights-The-Alder-25.jpg","This is a real bedroom interior shot showing a single bed and decor."
"Trevow Heights","The Alder (Plot 77) · Plot 77","3","https://www.wainhomes.co.uk/find-your-home/south-west/cornwall/trevow-heights/tvh-plot-77/","images/827387aadc40aba6642fbd3526b533f8fbb0f10e30dd9a7871a3b0f771f96dd0.jpg","https://www.wainhomes.co.uk/wp-content/uploads/2025/03/The-Alder-Wain-Homes-Otters-Reach-2.jpg","This is a real interior photograph focusing on kitchen fittings and appliances."
"Trevow Heights","The Alder (Plot 77) · Plot 77","3","https://www.wainhomes.co.uk/find-your-home/south-west/cornwall/trevow-heights/tvh-plot-77/","images/83880343f0ba5397345a78d314b1c0ea0af24c3f02702e4c227031f3650995cd.jpg","https://www.wainhomes.co.uk/wp-content/uploads/2025/06/The-Alder-Wain-Homes-Otters-Reach-27.jpg","This is a real interior photograph of a bathroom."
"Trevow Heights","The Alder (Plot 77) · Plot 77","3","https://www.wainhomes.co.uk/find-your-home/south-west/cornwall/trevow-heights/tvh-plot-77/","images/976d84cf19a5dbaa01faa84f79af45584b21f897b04462c53d12aa481e3e0967.webp","https://www.wainhomes.co.uk/wp-content/uploads/2026/01/The-Alder-Wain-Homes-Otters-Reach-75.jpg","Clearly shows a residential bathroom interior."
"Trevow Heights","The Alder (Plot 77) · Plot 77","3","https://www.wainhomes.co.uk/find-your-home/south-west/cornwall/trevow-heights/tvh-plot-77/","images/5a3eed239831bcc20af9135b8396bc3bbfd96ccb72a1aa6982bef24de551041e.jpg","https://www.wainhomes.co.uk/wp-content/uploads/2025/03/The-Alder-Wain-Homes-Otters-Reach-41.jpg","The image shows the back garden and rear exterior facade of the property."
"Trevow Heights","The Alder (Plot 77) · Plot 77","3","https://www.wainhomes.co.uk/find-your-home/south-west/cornwall/trevow-heights/tvh-plot-77/","images/1be74b8835d27c515006ff7e6f85ae101f0e3e213cd1874b8dbf1fda51c88f16.jpg","https://www.wainhomes.co.uk/wp-content/uploads/2025/06/The-Alder-Wain-Homes-Otters-Reach-74.jpg","The image depicts a decorated bedroom interior and a connecting hallway."
"Trevow Heights","The Alder (Plot 77) · Plot 77","3","https://www.wainhomes.co.uk/find-your-home/south-west/cornwall/trevow-heights/tvh-plot-77/","images/18a939f41a444beb06cd00e77271cb22272cc455615a374a2195d8f258e679be.jpg","https://www.wainhomes.co.uk/wp-content/uploads/2025/03/The-Alder-Wain-Homes-Otters-Reach-39.jpg","Shows the exterior facade of the residential property."
"Trevow Heights","The Alder (Plot 77) · Plot 77","3","https://www.wainhomes.co.uk/find-your-home/south-west/cornwall/trevow-heights/tvh-plot-77/","images/a05e80b3a5fc950760a039b93fbece970647363b7adc3b282288fabe56cac762.jpg","https://www.wainhomes.co.uk/wp-content/uploads/2025/06/The-Alder-Wain-Homes-Otters-Reach-21.jpg","Shows a real interior room (bedroom)."
"Trevow Heights","The Coral (Plot 9) · Plot 9","3","https://www.wainhomes.co.uk/find-your-home/south-west/cornwall/trevow-heights/tvh-plot-9/","images/827387aadc40aba6642fbd3526b533f8fbb0f10e30dd9a7871a3b0f771f96dd0.jpg","https://www.wainhomes.co.uk/wp-content/uploads/2025/03/The-Alder-Wain-Homes-Otters-Reach-2.jpg","This is a real interior photograph focusing on kitchen fittings and appliances."
"Trevow Heights","The Coral (Plot 9) · Plot 9","3","https://www.wainhomes.co.uk/find-your-home/south-west/cornwall/trevow-heights/tvh-plot-9/","images/83880343f0ba5397345a78d314b1c0ea0af24c3f02702e4c227031f3650995cd.jpg","https://www.wainhomes.co.uk/wp-content/uploads/2025/06/The-Alder-Wain-Homes-Otters-Reach-27.jpg","This is a real interior photograph of a bathroom."
"Trevow Heights","The Coral (Plot 9) · Plot 9","3","https://www.wainhomes.co.uk/find-your-home/south-west/cornwall/trevow-heights/tvh-plot-9/","images/976d84cf19a5dbaa01faa84f79af45584b21f897b04462c53d12aa481e3e0967.webp","https://www.wainhomes.co.uk/wp-content/uploads/2026/01/The-Alder-Wain-Homes-Otters-Reach-75.jpg","Clearly shows a residential bathroom interior."
"Trevow Heights","The Coral (Plot 9) · Plot 9","3","https://www.wainhomes.co.uk/find-your-home/south-west/cornwall/trevow-heights/tvh-plot-9/","images/5a3eed239831bcc20af9135b8396bc3bbfd96ccb72a1aa6982bef24de551041e.jpg","https://www.wainhomes.co.uk/wp-content/uploads/2025/03/The-Alder-Wain-Homes-Otters-Reach-41.jpg","The image shows the back garden and rear exterior facade of the property."
"Trevow Heights","The Coral (Plot 9) · Plot 9","3","https://www.wainhomes.co.uk/find-your-home/south-west/cornwall/trevow-heights/tvh-plot-9/","images/1be74b8835d27c515006ff7e6f85ae101f0e3e213cd1874b8dbf1fda51c88f16.jpg","https://www.wainhomes.co.uk/wp-content/uploads/2025/06/The-Alder-Wain-Homes-Otters-Reach-74.jpg","The image depicts a decorated bedroom interior and a connecting hallway."
"Trevow Heights","The Coral (Plot 9) · Plot 9","3","https://www.wainhomes.co.uk/find-your-home/south-west/cornwall/trevow-heights/tvh-plot-9/","images/18a939f41a444beb06cd00e77271cb22272cc455615a374a2195d8f258e679be.jpg","https://www.wainhomes.co.uk/wp-content/uploads/2025/03/The-Alder-Wain-Homes-Otters-Reach-39.jpg","Shows the exterior facade of the residential property."
"Trevow Heights","The Coral (Plot 9) · Plot 9","3","https://www.wainhomes.co.uk/find-your-home/south-west/cornwall/trevow-heights/tvh-plot-9/","images/a05e80b3a5fc950760a039b93fbece970647363b7adc3b282288fabe56cac762.jpg","https://www.wainhomes.co.uk/wp-content/uploads/2025/06/The-Alder-Wain-Homes-Otters-Reach-21.jpg","Shows a real interior room (bedroom)."
"Trevow Heights","Trevow Heights development gallery","","https://www.wainhomes.co.uk/find-your-home/south-west/cornwall/trevow-heights/","images/dacdc03c5ed60f9076860630eaf2e862d4d1de740d860faa67a5733608ae1363.webp","https://www.wainhomes.co.uk/wp-content/uploads/2026/05/WH-Trevow-Heights-The-Alder-6.jpg","This is a real photograph of a furnished kitchen and dining space."
"Trevemper","The Lime (Plot 120) · Plot 120","3","https://www.wainhomes.co.uk/find-your-home/south-west/cornwall/trevemper/tre-plot-120/","images/d67da5088fc3d6a43131f6518c895cd4ce9175bfda04a90bc21668ea2ba9e5dc.webp","https://www.wainhomes.co.uk/wp-content/uploads/2025/01/WEB-The-Holly-Showhome-Wain-Homes-4.jpg","This image shows a detailed interior view of a kitchen worktop and sink area."
"Trevemper","The Red Oak (Plot 129) · Plot 129","2","https://www.wainhomes.co.uk/find-your-home/south-west/cornwall/trevemper/tre-plot-129/","images/d67da5088fc3d6a43131f6518c895cd4ce9175bfda04a90bc21668ea2ba9e5dc.webp","https://www.wainhomes.co.uk/wp-content/uploads/2025/01/WEB-The-Holly-Showhome-Wain-Homes-4.jpg","This image shows a detailed interior view of a kitchen worktop and sink area."
"Trevemper","The Almond (Plot 151) · Plot 151","4","https://www.wainhomes.co.uk/find-your-home/south-west/cornwall/trevemper/tre-plot-151/","images/d67da5088fc3d6a43131f6518c895cd4ce9175bfda04a90bc21668ea2ba9e5dc.webp","https://www.wainhomes.co.uk/wp-content/uploads/2025/01/WEB-The-Holly-Showhome-Wain-Homes-4.jpg","This image shows a detailed interior view of a kitchen worktop and sink area."
"Trevemper","The Laburnum (Plot 152) · Plot 152","3","https://www.wainhomes.co.uk/find-your-home/south-west/cornwall/trevemper/tre-plot-152/","images/154ae2ad2893610780f14892036f5faa2530e6e33b398fb3715e2271ea79db47.webp","https://www.wainhomes.co.uk/wp-content/uploads/2025/09/The-Laburnum-Otters-Reach-Yelland-Devon-02092026_111454.jpg","This is a real photograph showing an open-plan kitchen and dining interior."
"Trevemper","The Laburnum (Plot 152) · Plot 152","3","https://www.wainhomes.co.uk/find-your-home/south-west/cornwall/trevemper/tre-plot-152/","images/d67da5088fc3d6a43131f6518c895cd4ce9175bfda04a90bc21668ea2ba9e5dc.webp","https://www.wainhomes.co.uk/wp-content/uploads/2025/01/WEB-The-Holly-Showhome-Wain-Homes-4.jpg","This image shows a detailed interior view of a kitchen worktop and sink area."
"Trevemper","The Elderberry (Plot 166) · Plot 166","3","https://www.wainhomes.co.uk/find-your-home/south-west/cornwall/trevemper/tre-plot-166/","images/d67da5088fc3d6a43131f6518c895cd4ce9175bfda04a90bc21668ea2ba9e5dc.webp","https://www.wainhomes.co.uk/wp-content/uploads/2025/01/WEB-The-Holly-Showhome-Wain-Homes-4.jpg","This image shows a detailed interior view of a kitchen worktop and sink area."
"Trevemper","The Elderberry (Plot 167) · Plot 167","3","https://www.wainhomes.co.uk/find-your-home/south-west/cornwall/trevemper/tre-plot-167/","images/d67da5088fc3d6a43131f6518c895cd4ce9175bfda04a90bc21668ea2ba9e5dc.webp","https://www.wainhomes.co.uk/wp-content/uploads/2025/01/WEB-The-Holly-Showhome-Wain-Homes-4.jpg","This image shows a detailed interior view of a kitchen worktop and sink area."
"Trevemper","Trevemper development gallery","","https://www.wainhomes.co.uk/find-your-home/south-west/cornwall/trevemper/","images/aa6810473947230da30b6004a31caa4ee9bfef7bd4c9d3650e1ea24d849ea0a7.webp","https://www.wainhomes.co.uk/wp-content/uploads/2026/09/08482-01-Wain-September-Campaign_Web-Carousels_2000x1500_NON-ASCEND2.jpg","This is a real photograph of a dining and living space."
"Higher Trewhiddle","The Dunmere (Plot 268) · Plot 268","4","https://www.wainhomes.co.uk/find-your-home/south-west/cornwall/higher-trewhiddle/ht-plot-268/","images/d67da5088fc3d6a43131f6518c895cd4ce9175bfda04a90bc21668ea2ba9e5dc.webp","https://www.wainhomes.co.uk/wp-content/uploads/2025/01/WEB-The-Holly-Showhome-Wain-Homes-4.jpg","This image shows a detailed interior view of a kitchen worktop and sink area."
"Higher Trewhiddle","The Curie (Plot 278) · Plot 278","3","https://www.wainhomes.co.uk/find-your-home/south-west/cornwall/higher-trewhiddle/ht-plot-278/","images/d67da5088fc3d6a43131f6518c895cd4ce9175bfda04a90bc21668ea2ba9e5dc.webp","https://www.wainhomes.co.uk/wp-content/uploads/2025/01/WEB-The-Holly-Showhome-Wain-Homes-4.jpg","This image shows a detailed interior view of a kitchen worktop and sink area."
"Higher Trewhiddle","The Tregony (Plot 280) · Plot 280","4","https://www.wainhomes.co.uk/find-your-home/south-west/cornwall/higher-trewhiddle/ht-plot-280/","images/d67da5088fc3d6a43131f6518c895cd4ce9175bfda04a90bc21668ea2ba9e5dc.webp","https://www.wainhomes.co.uk/wp-content/uploads/2025/01/WEB-The-Holly-Showhome-Wain-Homes-4.jpg","This image shows a detailed interior view of a kitchen worktop and sink area."
"Higher Trewhiddle","The Hockney (Plot 382) · Plot 382","2","https://www.wainhomes.co.uk/find-your-home/south-west/cornwall/higher-trewhiddle/ht-plot-382/","images/04701f60f2a18a57da9d9257ae617580ebbe6ba0b621a77d17106e4bf6c8f0cf.webp","https://www.wainhomes.co.uk/wp-content/uploads/2025/01/Kite-Vision-St-Austell-Hockney9-scaled.jpg","The room contains both a bed and a study desk, functioning as a bedroom/study hybrid."
"Higher Trewhiddle","The Hockney (Plot 382) · Plot 382","2","https://www.wainhomes.co.uk/find-your-home/south-west/cornwall/higher-trewhiddle/ht-plot-382/","images/d67da5088fc3d6a43131f6518c895cd4ce9175bfda04a90bc21668ea2ba9e5dc.webp","https://www.wainhomes.co.uk/wp-content/uploads/2025/01/WEB-The-Holly-Showhome-Wain-Homes-4.jpg","This image shows a detailed interior view of a kitchen worktop and sink area."
"Higher Trewhiddle","Higher Trewhiddle development gallery","","https://www.wainhomes.co.uk/find-your-home/south-west/cornwall/higher-trewhiddle/","images/efa21e32223eb26878e7e7ff91c300a0dbcbf9a466ec581ffe1b4d41d02a6829.webp","https://www.wainhomes.co.uk/wp-content/uploads/2025/03/The-Hazel-Lark-View-Liskeard-Bedroom-5.jpg","Shows a fully furnished bedroom interior with a bed and desk."
"Molbrook","The Egerton (Plot 110) · Plot 110","4","https://www.wainhomes.co.uk/find-your-home/south-west/devon/molbrook/mb-plot-110/","images/d67da5088fc3d6a43131f6518c895cd4ce9175bfda04a90bc21668ea2ba9e5dc.webp","https://www.wainhomes.co.uk/wp-content/uploads/2025/01/WEB-The-Holly-Showhome-Wain-Homes-4.jpg","This image shows a detailed interior view of a kitchen worktop and sink area."
"Molbrook","The Haversham (Plot 161) · Plot 161","4","https://www.wainhomes.co.uk/find-your-home/south-west/devon/molbrook/mb-plot-161/","images/d67da5088fc3d6a43131f6518c895cd4ce9175bfda04a90bc21668ea2ba9e5dc.webp","https://www.wainhomes.co.uk/wp-content/uploads/2025/01/WEB-The-Holly-Showhome-Wain-Homes-4.jpg","This image shows a detailed interior view of a kitchen worktop and sink area."
"Molbrook","The Milton (Plot 165) · Plot 165","3","https://www.wainhomes.co.uk/find-your-home/south-west/devon/molbrook/mb-plot-165/","images/1f17290df4c4bb1c723549a5edec359ea3f53c5f5a71149ae159e626723d14e3.webp","https://www.wainhomes.co.uk/wp-content/uploads/2025/01/WH-The-Lawns-The-Cypress-74.jpg","Depicts the kitchen area of the property."
"Molbrook","The Milton (Plot 165) · Plot 165","3","https://www.wainhomes.co.uk/find-your-home/south-west/devon/molbrook/mb-plot-165/","images/ec60a6a579c9d1a5821d375c7916ecae031b6098bf06646cd4086533b6e10bd1.webp","https://www.wainhomes.co.uk/wp-content/uploads/2025/01/WH-The-Lawns-The-Cypress-2.jpg","This is a real living room interior showing seating and decor."
"Molbrook","The Milton (Plot 165) · Plot 165","3","https://www.wainhomes.co.uk/find-your-home/south-west/devon/molbrook/mb-plot-165/","images/64a4d1afa6a86cc70280b2905e88122ecfec87fa03659e6b1901a59403e6e876.webp","https://www.wainhomes.co.uk/wp-content/uploads/2025/01/WH-The-Lawns-The-Cypress-14.jpg","This is a real dining room interior shot showing a formal dining setup."
"Molbrook","The Milton (Plot 165) · Plot 165","3","https://www.wainhomes.co.uk/find-your-home/south-west/devon/molbrook/mb-plot-165/","images/7bccee762000e3fbe59da5fbb64ed1fab2c71cb56071b6f97cabc3e177c6a3bc.webp","https://www.wainhomes.co.uk/wp-content/uploads/2025/01/WH-The-Lawns-The-Cypress-89.jpg","This is a real bedroom interior shot showing a bed and en-suite doorway."
"Molbrook","The Milton (Plot 165) · Plot 165","3","https://www.wainhomes.co.uk/find-your-home/south-west/devon/molbrook/mb-plot-165/","images/6d908d1ede829b0989b65ba2ddbbcaf6d8f55e87e7083fedf9299326ed31a5c8.webp","https://www.wainhomes.co.uk/wp-content/uploads/2025/01/WH-The-Lawns-The-Cypress-93.jpg","This is a real interior photograph of a bathroom."
"Molbrook","The Milton (Plot 165) · Plot 165","3","https://www.wainhomes.co.uk/find-your-home/south-west/devon/molbrook/mb-plot-165/","images/818319df41f4c42cb2615417070c601e19548320486cc7bac58baa89d2894716.webp","https://www.wainhomes.co.uk/wp-content/uploads/2025/01/WH-The-Lawns-The-Cypress-19.jpg","This is a real residential bedroom photograph showcasing unique wall art and styling."
"Molbrook","The Milton (Plot 165) · Plot 165","3","https://www.wainhomes.co.uk/find-your-home/south-west/devon/molbrook/mb-plot-165/","images/df8753f6eeb4eea81c11ebdbb99af72ea4a76c4e5d87a7a9a219ccf5f382389d.webp","https://www.wainhomes.co.uk/wp-content/uploads/2025/01/WH-The-Lawns-The-Cypress-25.jpg","This is a real residential bedroom photograph with distinctive woodwork and styling."
"Molbrook","The Milton (Plot 165) · Plot 165","3","https://www.wainhomes.co.uk/find-your-home/south-west/devon/molbrook/mb-plot-165/","images/bd388f022bcfeef5f20961dd31252c1254d7aba7e40bc49306aa2cc1bf704e27.webp","https://www.wainhomes.co.uk/wp-content/uploads/2025/01/WH-The-Lawns-The-Cypress-63.jpg","The room contains a toilet and a washbasin in a compact space, styled as a downstairs cloakroom."
"Molbrook","The Milton (Plot 165) · Plot 165","3","https://www.wainhomes.co.uk/find-your-home/south-west/devon/molbrook/mb-plot-165/","images/c56a2f3dd90c2336da08b1c6cf69217940cb4aa24422f49cac292702376dc425.webp","https://www.wainhomes.co.uk/wp-content/uploads/2026/01/The-Milton-Bungalow-Hillwood-Gardens-Coventry-Kitchen-1.jpg","Shows a real interior room (kitchen)."
"Molbrook","The Milton (Plot 165) · Plot 165","3","https://www.wainhomes.co.uk/find-your-home/south-west/devon/molbrook/mb-plot-165/","images/d67da5088fc3d6a43131f6518c895cd4ce9175bfda04a90bc21668ea2ba9e5dc.webp","https://www.wainhomes.co.uk/wp-content/uploads/2025/01/WEB-The-Holly-Showhome-Wain-Homes-4.jpg","This image shows a detailed interior view of a kitchen worktop and sink area."
"Molbrook","The Chinley (Plot 170) · Plot 170","1","https://www.wainhomes.co.uk/find-your-home/south-west/devon/molbrook/mb-plot-170/","images/5ae642e9a05e999fe2203d0b2100b65e68362182109e12284b8b883243d9aa7a.webp","https://www.wainhomes.co.uk/wp-content/uploads/2025/05/The-Chinley-The-Paddocks-23.jpg","This is a real photograph of an open-plan living room and kitchen area."
"Molbrook","The Chinley (Plot 170) · Plot 170","1","https://www.wainhomes.co.uk/find-your-home/south-west/devon/molbrook/mb-plot-170/","images/0056be1d33b89b32e9fac5f1c7a64da15e3c8a3ddda8cf5f1272cbacfff330d8.webp","https://www.wainhomes.co.uk/wp-content/uploads/2025/05/The-Chinley-The-Paddocks-31.jpg","This is a real photograph showing a different perspective of the open-plan living space and kitchen."
"Molbrook","The Chinley (Plot 170) · Plot 170","1","https://www.wainhomes.co.uk/find-your-home/south-west/devon/molbrook/mb-plot-170/","images/0d266814b62c313768ff45315b0a6a77daaad4cf8e64729cb933e792c35a4507.webp","https://www.wainhomes.co.uk/wp-content/uploads/2025/05/The-Chinley-The-Paddocks-29.jpg","This is a real photograph showing another view of the open-plan kitchen and living space."
"Molbrook","The Chinley (Plot 170) · Plot 170","1","https://www.wainhomes.co.uk/find-your-home/south-west/devon/molbrook/mb-plot-170/","images/a5630f8c0aa040859bbbc3865d5fbe010c3630fcfc13faad98b4a28393f7d19e.webp","https://www.wainhomes.co.uk/wp-content/uploads/2025/05/The-Chinley-The-Paddocks-2.jpg","This is a real photograph of a fitted kitchen interior."
"Molbrook","The Chinley (Plot 170) · Plot 170","1","https://www.wainhomes.co.uk/find-your-home/south-west/devon/molbrook/mb-plot-170/","images/472fbd4f3db0d92008b61422ac3b20d6eed1a67f4dfa9fc35da6e6b6281a9ef7.webp","https://www.wainhomes.co.uk/wp-content/uploads/2025/05/The-Chinley-The-Paddocks-33.jpg","This is a real photograph showing a home entrance hallway and corridor area."
"Molbrook","The Chinley (Plot 170) · Plot 170","1","https://www.wainhomes.co.uk/find-your-home/south-west/devon/molbrook/mb-plot-170/","images/a26bea1731ba9bc7a28edbfbe7a3d9fe49a5192e94faa1009d899f48c7b40b17.webp","https://www.wainhomes.co.uk/wp-content/uploads/2025/05/The-Chinley-The-Paddocks-20.jpg","This is a real photograph of a furnished bedroom interior containing a bed."
"Molbrook","The Chinley (Plot 170) · Plot 170","1","https://www.wainhomes.co.uk/find-your-home/south-west/devon/molbrook/mb-plot-170/","images/1d3641b86fe283e8c5cd97d78679306c7b190a5740f656d4094dec19fa3d08d1.webp","https://www.wainhomes.co.uk/wp-content/uploads/2025/05/The-Chinley-The-Paddocks-18.jpg","The image displays a furnished bedroom with a double bed."
"Molbrook","The Chinley (Plot 170) · Plot 170","1","https://www.wainhomes.co.uk/find-your-home/south-west/devon/molbrook/mb-plot-170/","images/e414aecf431b971c856cf60ddfc8c687584831bf6c4af5f43a6426798ee24ac5.webp","https://www.wainhomes.co.uk/wp-content/uploads/2025/05/The-Chinley-The-Paddocks-17.jpg","The image shows an indoor corridor connecting different rooms upstairs."
"Molbrook","The Chinley (Plot 170) · Plot 170","1","https://www.wainhomes.co.uk/find-your-home/south-west/devon/molbrook/mb-plot-170/","images/1cab1005017b47e32d1386350b0de2968caa9bd7ed77db4005b2a8e531a04aa4.webp","https://www.wainhomes.co.uk/wp-content/uploads/2025/05/The-Chinley-The-Paddocks-21.jpg","The image shows a fully fitted residential bathroom."
"Molbrook","The Chinley (Plot 170) · Plot 170","1","https://www.wainhomes.co.uk/find-your-home/south-west/devon/molbrook/mb-plot-170/","images/b57c79c4d1be7593b178f2817978171b7ae1e2f7e2bffbbd84b077e0188ef831.webp","https://www.wainhomes.co.uk/wp-content/uploads/2025/05/The-Chinley-The-Paddocks-32.jpg","This is a real interior photograph showing a bathroom and a partial view of another room."
"Molbrook","The Chinley (Plot 170) · Plot 170","1","https://www.wainhomes.co.uk/find-your-home/south-west/devon/molbrook/mb-plot-170/","images/44b3ec66d5789923837530c76f320a6f9990f207468787c0efeb6d995273cf36.webp","https://www.wainhomes.co.uk/wp-content/uploads/2025/04/Chinley.jpg","This is a real interior photograph of a modern kitchen."
"Molbrook","The Chinley (Plot 170) · Plot 170","1","https://www.wainhomes.co.uk/find-your-home/south-west/devon/molbrook/mb-plot-170/","images/d67da5088fc3d6a43131f6518c895cd4ce9175bfda04a90bc21668ea2ba9e5dc.webp","https://www.wainhomes.co.uk/wp-content/uploads/2025/01/WEB-The-Holly-Showhome-Wain-Homes-4.jpg","This image shows a detailed interior view of a kitchen worktop and sink area."
"Molbrook","The Brahms (Plot 88) · Plot 88","2","https://www.wainhomes.co.uk/find-your-home/south-west/devon/molbrook/mb-plot-88/","images/d67da5088fc3d6a43131f6518c895cd4ce9175bfda04a90bc21668ea2ba9e5dc.webp","https://www.wainhomes.co.uk/wp-content/uploads/2025/01/WEB-The-Holly-Showhome-Wain-Homes-4.jpg","This image shows a detailed interior view of a kitchen worktop and sink area."
"Molbrook","The Churchill (Plot 95) · Plot 95","3","https://www.wainhomes.co.uk/find-your-home/south-west/devon/molbrook/mb-plot-95/","images/d67da5088fc3d6a43131f6518c895cd4ce9175bfda04a90bc21668ea2ba9e5dc.webp","https://www.wainhomes.co.uk/wp-content/uploads/2025/01/WEB-The-Holly-Showhome-Wain-Homes-4.jpg","This image shows a detailed interior view of a kitchen worktop and sink area."
"Molbrook","The Elgar (Plot 98) · Plot 98","3","https://www.wainhomes.co.uk/find-your-home/south-west/devon/molbrook/mb-plot-98/","images/827387aadc40aba6642fbd3526b533f8fbb0f10e30dd9a7871a3b0f771f96dd0.jpg","https://www.wainhomes.co.uk/wp-content/uploads/2025/03/The-Alder-Wain-Homes-Otters-Reach-2.jpg","This is a real interior photograph focusing on kitchen fittings and appliances."
"Molbrook","The Elgar (Plot 98) · Plot 98","3","https://www.wainhomes.co.uk/find-your-home/south-west/devon/molbrook/mb-plot-98/","images/d67da5088fc3d6a43131f6518c895cd4ce9175bfda04a90bc21668ea2ba9e5dc.webp","https://www.wainhomes.co.uk/wp-content/uploads/2025/01/WEB-The-Holly-Showhome-Wain-Homes-4.jpg","This image shows a detailed interior view of a kitchen worktop and sink area."
"Molbrook","Molbrook development gallery","","https://www.wainhomes.co.uk/find-your-home/south-west/devon/molbrook/","images/8990ca1375bce5a0b06f5793f52c68a510e9ff6d7c779aec3c3b4347cd6ec35c.webp","https://www.wainhomes.co.uk/wp-content/uploads/2025/01/Molbrook-Street-Scenes-11.jpg","This is a real estate exterior photograph of property frontages."
"Molbrook","Molbrook development gallery","","https://www.wainhomes.co.uk/find-your-home/south-west/devon/molbrook/","images/81ef00a8d3dd1319afdcec2093d7897c81f2f6be2ce993728862d5df48dc32c1.webp","https://www.wainhomes.co.uk/wp-content/uploads/2025/03/Otters-Reach-Yelland-7.jpg","The image shows the exterior of a newly built housing development."
"Bordesley Manor","The Hillgrove (Plot 21) · Plot 21","4","https://www.wainhomes.co.uk/find-your-home/west-midlands/birmingham/bordesley-manor/bm-plot-21/","images/4607d0b27aa3ca62fde779b7f2b0d25fd9fe318f5528a95a8bb4634660fcf468.webp","https://www.wainhomes.co.uk/wp-content/uploads/2026/06/Farriers-Chase-The-Hillgrove-8.jpg","This is a real photograph of a modern kitchen-diner space with a desk setup."
"Bordesley Manor","The Standish (Plot 41) · Plot 41","5","https://www.wainhomes.co.uk/find-your-home/west-midlands/birmingham/bordesley-manor/bm-plot-41/","images/7aa661d7a6c03f3593400ac805b8669fe3924a115f827440e7cdb016302a008b.webp","https://www.wainhomes.co.uk/wp-content/uploads/2026/07/Standish-5BED_kitchen.jpg","This is an interior photograph of a kitchen and dining area."
"Bordesley Manor","The Standish (Plot 41) · Plot 41","5","https://www.wainhomes.co.uk/find-your-home/west-midlands/birmingham/bordesley-manor/bm-plot-41/","images/426a9727c638aef11c114d8ba6ac6aa50b564617316b7a3cde35ef810d6bd5fa.webp","https://www.wainhomes.co.uk/wp-content/uploads/2026/07/Standish-5BED_kitchenb.jpg","This is an interior photo of the kitchen area highlighting the island and cabinetry."
"Bordesley Manor","The Standish (Plot 41) · Plot 41","5","https://www.wainhomes.co.uk/find-your-home/west-midlands/birmingham/bordesley-manor/bm-plot-41/","images/5f0b953d34cb6c6acc11cc46d4d908b9b2f92756d465459c5c003227335ea892.webp","https://www.wainhomes.co.uk/wp-content/uploads/2026/07/Standish-5BED_living.jpg","This is an interior photograph of the main living room."
"Bordesley Manor","The Standish (Plot 41) · Plot 41","5","https://www.wainhomes.co.uk/find-your-home/west-midlands/birmingham/bordesley-manor/bm-plot-41/","images/b3e57191dae76266c09d8032751dd4e5e9448f2498deb231de6e361e929259b9.webp","https://www.wainhomes.co.uk/wp-content/uploads/2026/07/Standish-5BED_bed-4.jpg","The image shows a dedicated home office or study room featuring a large desk and office chair."
"Bordesley Manor","The Standish (Plot 41) · Plot 41","5","https://www.wainhomes.co.uk/find-your-home/west-midlands/birmingham/bordesley-manor/bm-plot-41/","images/2b81f04608c4c331ec5b55cbf6b905177b5fc3182cb877fce17cdb768533a9dc.webp","https://www.wainhomes.co.uk/wp-content/uploads/2026/07/Standish-5BED_bed-3.jpg","The image clearly shows a furnished double bedroom with a bed."
"Bordesley Manor","The Standish (Plot 41) · Plot 41","5","https://www.wainhomes.co.uk/find-your-home/west-midlands/birmingham/bordesley-manor/bm-plot-41/","images/1f129f49e8f05dc4d52568e198b6bf252f98ebcab66f8910a0a007426302f6ae.webp","https://www.wainhomes.co.uk/wp-content/uploads/2026/07/Standish-5BED_bed-2.jpg","The image displays a fully decorated bedroom interior."
"Bordesley Manor","The Standish (Plot 41) · Plot 41","5","https://www.wainhomes.co.uk/find-your-home/west-midlands/birmingham/bordesley-manor/bm-plot-41/","images/b89df3b0c026cafe189c199cf9e7498720c02d48dd9aed444fe82d9afea063a2.webp","https://www.wainhomes.co.uk/wp-content/uploads/2026/07/Standish-5BED_bed-1b.jpg","The image captures a bedroom interior with a bed and connecting room views."
"Bordesley Manor","The Standish (Plot 41) · Plot 41","5","https://www.wainhomes.co.uk/find-your-home/west-midlands/birmingham/bordesley-manor/bm-plot-41/","images/02b51dbcd5ee080f740b0cfbe85a9b92054a1d3837521f1eb892e7d374b579ea.webp","https://www.wainhomes.co.uk/wp-content/uploads/2026/07/Standish-5BED_bed-5.jpg","The image depicts a child's single bedroom furnished with a bed and toys."
"Bordesley Manor","The Standish (Plot 41) · Plot 41","5","https://www.wainhomes.co.uk/find-your-home/west-midlands/birmingham/bordesley-manor/bm-plot-41/","images/12ad46f7a3ec6c79bc90e0e8d5afcda0a09c75ba566627e9ee195bfafba35002.webp","https://www.wainhomes.co.uk/wp-content/uploads/2026/07/Standish-5BED_bed-1.jpg","The image clearly depicts a furnished bedroom with a large bed."
"Bordesley Manor","The Standish (Plot 41) · Plot 41","5","https://www.wainhomes.co.uk/find-your-home/west-midlands/birmingham/bordesley-manor/bm-plot-41/","images/69942e1658fcf5875528c32918091ba110356e94132b765f9fce99dd834e729e.webp","https://www.wainhomes.co.uk/wp-content/uploads/2026/07/Standish-5BED_bathroom.jpg","The image depicts a fully equipped contemporary bathroom."
"Widham Gardens","The Madeira (Plot 10) · Plot 10","4","https://www.wainhomes.co.uk/find-your-home/south-west/swindon/widham-gardens/wg-plot-10/","images/0571cff965feb77f0f7edfe9454927f3225b8b97ad79c89bb12325d6147750dd.webp","https://www.wainhomes.co.uk/wp-content/uploads/2026/09/The-Highstone-WH-Paddocks-58.jpg","This is an interior photograph focusing specifically on the kitchen fittings and layout."
"Widham Gardens","The Highstone (Plot 3) · Plot 3","4","https://www.wainhomes.co.uk/find-your-home/south-west/swindon/widham-gardens/wg-plot-3/","images/0571cff965feb77f0f7edfe9454927f3225b8b97ad79c89bb12325d6147750dd.webp","https://www.wainhomes.co.uk/wp-content/uploads/2026/09/The-Highstone-WH-Paddocks-58.jpg","This is an interior photograph focusing specifically on the kitchen fittings and layout."
"Widham Gardens","The Highstone (Plot 3) · Plot 3","4","https://www.wainhomes.co.uk/find-your-home/south-west/swindon/widham-gardens/wg-plot-3/","images/85a062287cf928fa7e9b4ed8ef86d2cfd575f521cd898977dc04d7f95dfb317e.webp","https://www.wainhomes.co.uk/wp-content/uploads/2026/09/The-Highstone-WH-Paddocks-51.jpg","This is an interior shot of the combined kitchen and dining space with garden views."
"Widham Gardens","The Highstone (Plot 3) · Plot 3","4","https://www.wainhomes.co.uk/find-your-home/south-west/swindon/widham-gardens/wg-plot-3/","images/2d05cf64d0e503079d487f8a85860f19f4b0ea27bce234fcb319f941e59d2645.webp","https://www.wainhomes.co.uk/wp-content/uploads/2026/09/The-Highstone-WH-Paddocks-57.jpg","This is an interior photograph showing a combined living and dining room layout."
"Widham Gardens","The Highstone (Plot 3) · Plot 3","4","https://www.wainhomes.co.uk/find-your-home/south-west/swindon/widham-gardens/wg-plot-3/","images/41321a54566bef17e4e79052840586c19dabf876b4f0574e06ecd937ee4f199b.webp","https://www.wainhomes.co.uk/wp-content/uploads/2026/09/The-Highstone-WH-Paddocks-39.jpg","The image shows a furnished living room space with sofas, seating, and decor."
"Widham Gardens","The Highstone (Plot 3) · Plot 3","4","https://www.wainhomes.co.uk/find-your-home/south-west/swindon/widham-gardens/wg-plot-3/","images/534404d2082b076b6b418b0ce24ef6a11b552a50a28d2a6d8c3082b2c4e0cec4.webp","https://www.wainhomes.co.uk/wp-content/uploads/2026/09/The-Highstone-WH-Paddocks-59.jpg","The image shows a bedroom equipped with a double bed as well as a functional desk workspace."
"Widham Gardens","The Highstone (Plot 3) · Plot 3","4","https://www.wainhomes.co.uk/find-your-home/south-west/swindon/widham-gardens/wg-plot-3/","images/1bd7f756e846c175f772b9cd30f4afd500a5fe180982dec6b34bd0b7faf51fad.webp","https://www.wainhomes.co.uk/wp-content/uploads/2026/09/The-Highstone-WH-Paddocks-64.jpg","The image displays a decorated master bedroom with a large bed."
"Widham Gardens","The Highstone (Plot 3) · Plot 3","4","https://www.wainhomes.co.uk/find-your-home/south-west/swindon/widham-gardens/wg-plot-3/","images/110aa088f1a8f64fd003ced2ce6fd57dccaab7c7881d8a719a20756885a5518d.webp","https://www.wainhomes.co.uk/wp-content/uploads/2026/09/The-Highstone-WH-Paddocks-68.jpg","The image shows a furnished bedroom with a single bed."
"Widham Gardens","The Highstone (Plot 3) · Plot 3","4","https://www.wainhomes.co.uk/find-your-home/south-west/swindon/widham-gardens/wg-plot-3/","images/ac4e70c0d9e19d565820f8fe075c8afc115f6b60c5a030c2a13676d82f770a80.webp","https://www.wainhomes.co.uk/wp-content/uploads/2026/09/The-Highstone-WH-Paddocks-76.jpg","The image shows a fully fitted residential bathroom with shower, bath, sink, and toilet."
"Widham Gardens","The Willowcrest (Plot 4) · Plot 4","5","https://www.wainhomes.co.uk/find-your-home/south-west/swindon/widham-gardens/wg-plot-4/","images/a7325a50cad04d8ab0e746879db1f19a3bd7a5a96ef63683e56618ab7e178aea.webp","https://www.wainhomes.co.uk/wp-content/uploads/2025/08/The-Ash-Cardwell-Park-Wain-Homes-52.jpg","The image shows a modern fitted kitchen space."
"Widham Gardens","The Willowcrest (Plot 4) · Plot 4","5","https://www.wainhomes.co.uk/find-your-home/south-west/swindon/widham-gardens/wg-plot-4/","images/62066b8f86de0530c2dfeabafc2afefd2b236b35c94ee66ad0301abfd77bbafa.webp","https://www.wainhomes.co.uk/wp-content/uploads/2025/08/The-Ash-Cardwell-Park-Wain-Homes-43.jpg","Interior photograph showing a finished living space combined with kitchen/dining."
"Widham Gardens","The Willowcrest (Plot 4) · Plot 4","5","https://www.wainhomes.co.uk/find-your-home/south-west/swindon/widham-gardens/wg-plot-4/","images/c1a2964f96eb65bcb80d3105e14bdc9edfccc191081676e0e679e6ddde20f857.webp","https://www.wainhomes.co.uk/wp-content/uploads/2025/08/The-Ash-Cardwell-Park-Wain-Homes-59.jpg","This is a real kitchen space showing built-in appliances and cabinetry."
"Widham Gardens","The Willowcrest (Plot 4) · Plot 4","5","https://www.wainhomes.co.uk/find-your-home/south-west/swindon/widham-gardens/wg-plot-4/","images/a14b041ad00a98fe4baeb6ddb609223bb800e85e9eee2b488c3a8053e23d259d.webp","https://www.wainhomes.co.uk/wp-content/uploads/2025/08/The-Ash-Cardwell-Park-Wain-Homes-26.jpg","The image clearly shows a fully equipped contemporary kitchen with appliances, cabinetry, and a breakfast bar."
"Widham Gardens","The Willowcrest (Plot 4) · Plot 4","5","https://www.wainhomes.co.uk/find-your-home/south-west/swindon/widham-gardens/wg-plot-4/","images/a82efdc8aeb21dae4ca651d964f14846801b3bca5edb8b4b269d5976ecd8593e.webp","https://www.wainhomes.co.uk/wp-content/uploads/2025/08/The-Ash-Cardwell-Park-Wain-Homes-44.jpg","This is a real utility room adjacent to the kitchen."
"Widham Gardens","The Willowcrest (Plot 4) · Plot 4","5","https://www.wainhomes.co.uk/find-your-home/south-west/swindon/widham-gardens/wg-plot-4/","images/890c6050e022d1e121aca09671099e7085d39258b727344102179f55213469a5.webp","https://www.wainhomes.co.uk/wp-content/uploads/2025/08/The-Ash-Cardwell-Park-Wain-Homes-42.jpg","This is a property hallway connecting different rooms and stairs."
"Widham Gardens","The Willowcrest (Plot 4) · Plot 4","5","https://www.wainhomes.co.uk/find-your-home/south-west/swindon/widham-gardens/wg-plot-4/","images/d5133b2707cc35e1fa09a42d1c780e83583c94ded7f67dfa921346c56231ddb4.webp","https://www.wainhomes.co.uk/wp-content/uploads/2025/08/The-Ash-Cardwell-Park-Wain-Homes-25.jpg","This is a real living room interior with couches, a coffee table, and a television."
"Widham Gardens","The Willowcrest (Plot 4) · Plot 4","5","https://www.wainhomes.co.uk/find-your-home/south-west/swindon/widham-gardens/wg-plot-4/","images/3718fbb5e121d2ea1ae8ef14c350e0471b507dd5bd89a32217625996c4275eac.webp","https://www.wainhomes.co.uk/wp-content/uploads/2025/08/The-Ash-Cardwell-Park-Wain-Homes-1.jpg","The image shows a decorated bedroom inside a home."
"Widham Gardens","The Willowcrest (Plot 4) · Plot 4","5","https://www.wainhomes.co.uk/find-your-home/south-west/swindon/widham-gardens/wg-plot-4/","images/43aaf881aba0a2e888e2b09c40cef19c795c648a6298617b7f4a12e756177a9a.webp","https://www.wainhomes.co.uk/wp-content/uploads/2025/08/The-Ash-Cardwell-Park-Wain-Homes-2.jpg","The image depicts a professionally staged bedroom."
"Widham Gardens","The Willowcrest (Plot 4) · Plot 4","5","https://www.wainhomes.co.uk/find-your-home/south-west/swindon/widham-gardens/wg-plot-4/","images/4e36192d6538f18ccc70414fef3de7857b33917a0f612fbfd036642f9fbc8a5c.webp","https://www.wainhomes.co.uk/wp-content/uploads/2025/08/The-Ash-Cardwell-Park-Wain-Homes-12.jpg","This is a finished bedroom containing a double bed and bedroom furniture."
"Widham Gardens","The Willowcrest (Plot 4) · Plot 4","5","https://www.wainhomes.co.uk/find-your-home/south-west/swindon/widham-gardens/wg-plot-4/","images/060a9a3ab978d051fd5aab7f8865df8fba5b1288d6c26469ec69e8a370f3b59e.webp","https://www.wainhomes.co.uk/wp-content/uploads/2025/08/The-Ash-Cardwell-Park-Wain-Homes-13.jpg","This is a bedroom showing a bed, mirrored wardrobes, and dressing furniture."
"Widham Gardens","The Willowcrest (Plot 4) · Plot 4","5","https://www.wainhomes.co.uk/find-your-home/south-west/swindon/widham-gardens/wg-plot-4/","images/4575fbf96ed7094a94055c50c57ae1ab054601c40b43f5546399097b5b43fc17.webp","https://www.wainhomes.co.uk/wp-content/uploads/2025/08/The-Ash-Cardwell-Park-Wain-Homes-6.jpg","The image shows a staged nursery room with a cot in a house."
"Widham Gardens","The Willowcrest (Plot 4) · Plot 4","5","https://www.wainhomes.co.uk/find-your-home/south-west/swindon/widham-gardens/wg-plot-4/","images/c66e43b47a6ce86674af637da89906344d4d636c988647cf931c2cb557519ced.webp","https://www.wainhomes.co.uk/wp-content/uploads/2025/08/The-Ash-Cardwell-Park-Wain-Homes-14.jpg","The image depicts a contemporary family bathroom with tub, shower, and toilet."
"Widham Gardens","The Willowcrest (Plot 45) · Plot 45","5","https://www.wainhomes.co.uk/find-your-home/south-west/swindon/widham-gardens/wg-plot-45/","images/a7325a50cad04d8ab0e746879db1f19a3bd7a5a96ef63683e56618ab7e178aea.webp","https://www.wainhomes.co.uk/wp-content/uploads/2025/08/The-Ash-Cardwell-Park-Wain-Homes-52.jpg","The image shows a modern fitted kitchen space."
"Widham Gardens","The Willowcrest (Plot 45) · Plot 45","5","https://www.wainhomes.co.uk/find-your-home/south-west/swindon/widham-gardens/wg-plot-45/","images/62066b8f86de0530c2dfeabafc2afefd2b236b35c94ee66ad0301abfd77bbafa.webp","https://www.wainhomes.co.uk/wp-content/uploads/2025/08/The-Ash-Cardwell-Park-Wain-Homes-43.jpg","Interior photograph showing a finished living space combined with kitchen/dining."
"Widham Gardens","The Willowcrest (Plot 45) · Plot 45","5","https://www.wainhomes.co.uk/find-your-home/south-west/swindon/widham-gardens/wg-plot-45/","images/c1a2964f96eb65bcb80d3105e14bdc9edfccc191081676e0e679e6ddde20f857.webp","https://www.wainhomes.co.uk/wp-content/uploads/2025/08/The-Ash-Cardwell-Park-Wain-Homes-59.jpg","This is a real kitchen space showing built-in appliances and cabinetry."
"Widham Gardens","The Willowcrest (Plot 45) · Plot 45","5","https://www.wainhomes.co.uk/find-your-home/south-west/swindon/widham-gardens/wg-plot-45/","images/a14b041ad00a98fe4baeb6ddb609223bb800e85e9eee2b488c3a8053e23d259d.webp","https://www.wainhomes.co.uk/wp-content/uploads/2025/08/The-Ash-Cardwell-Park-Wain-Homes-26.jpg","The image clearly shows a fully equipped contemporary kitchen with appliances, cabinetry, and a breakfast bar."
"Widham Gardens","The Willowcrest (Plot 45) · Plot 45","5","https://www.wainhomes.co.uk/find-your-home/south-west/swindon/widham-gardens/wg-plot-45/","images/a82efdc8aeb21dae4ca651d964f14846801b3bca5edb8b4b269d5976ecd8593e.webp","https://www.wainhomes.co.uk/wp-content/uploads/2025/08/The-Ash-Cardwell-Park-Wain-Homes-44.jpg","This is a real utility room adjacent to the kitchen."
"Widham Gardens","The Willowcrest (Plot 45) · Plot 45","5","https://www.wainhomes.co.uk/find-your-home/south-west/swindon/widham-gardens/wg-plot-45/","images/890c6050e022d1e121aca09671099e7085d39258b727344102179f55213469a5.webp","https://www.wainhomes.co.uk/wp-content/uploads/2025/08/The-Ash-Cardwell-Park-Wain-Homes-42.jpg","This is a property hallway connecting different rooms and stairs."
"Widham Gardens","The Willowcrest (Plot 45) · Plot 45","5","https://www.wainhomes.co.uk/find-your-home/south-west/swindon/widham-gardens/wg-plot-45/","images/d5133b2707cc35e1fa09a42d1c780e83583c94ded7f67dfa921346c56231ddb4.webp","https://www.wainhomes.co.uk/wp-content/uploads/2025/08/The-Ash-Cardwell-Park-Wain-Homes-25.jpg","This is a real living room interior with couches, a coffee table, and a television."
"Widham Gardens","The Willowcrest (Plot 45) · Plot 45","5","https://www.wainhomes.co.uk/find-your-home/south-west/swindon/widham-gardens/wg-plot-45/","images/3718fbb5e121d2ea1ae8ef14c350e0471b507dd5bd89a32217625996c4275eac.webp","https://www.wainhomes.co.uk/wp-content/uploads/2025/08/The-Ash-Cardwell-Park-Wain-Homes-1.jpg","The image shows a decorated bedroom inside a home."
"Widham Gardens","The Willowcrest (Plot 45) · Plot 45","5","https://www.wainhomes.co.uk/find-your-home/south-west/swindon/widham-gardens/wg-plot-45/","images/43aaf881aba0a2e888e2b09c40cef19c795c648a6298617b7f4a12e756177a9a.webp","https://www.wainhomes.co.uk/wp-content/uploads/2025/08/The-Ash-Cardwell-Park-Wain-Homes-2.jpg","The image depicts a professionally staged bedroom."
"Widham Gardens","The Willowcrest (Plot 45) · Plot 45","5","https://www.wainhomes.co.uk/find-your-home/south-west/swindon/widham-gardens/wg-plot-45/","images/4e36192d6538f18ccc70414fef3de7857b33917a0f612fbfd036642f9fbc8a5c.webp","https://www.wainhomes.co.uk/wp-content/uploads/2025/08/The-Ash-Cardwell-Park-Wain-Homes-12.jpg","This is a finished bedroom containing a double bed and bedroom furniture."
"Widham Gardens","The Willowcrest (Plot 45) · Plot 45","5","https://www.wainhomes.co.uk/find-your-home/south-west/swindon/widham-gardens/wg-plot-45/","images/060a9a3ab978d051fd5aab7f8865df8fba5b1288d6c26469ec69e8a370f3b59e.webp","https://www.wainhomes.co.uk/wp-content/uploads/2025/08/The-Ash-Cardwell-Park-Wain-Homes-13.jpg","This is a bedroom showing a bed, mirrored wardrobes, and dressing furniture."
"Widham Gardens","The Willowcrest (Plot 45) · Plot 45","5","https://www.wainhomes.co.uk/find-your-home/south-west/swindon/widham-gardens/wg-plot-45/","images/4575fbf96ed7094a94055c50c57ae1ab054601c40b43f5546399097b5b43fc17.webp","https://www.wainhomes.co.uk/wp-content/uploads/2025/08/The-Ash-Cardwell-Park-Wain-Homes-6.jpg","The image shows a staged nursery room with a cot in a house."
"Widham Gardens","The Willowcrest (Plot 45) · Plot 45","5","https://www.wainhomes.co.uk/find-your-home/south-west/swindon/widham-gardens/wg-plot-45/","images/c66e43b47a6ce86674af637da89906344d4d636c988647cf931c2cb557519ced.webp","https://www.wainhomes.co.uk/wp-content/uploads/2025/08/The-Ash-Cardwell-Park-Wain-Homes-14.jpg","The image depicts a contemporary family bathroom with tub, shower, and toilet."
"Widham Gardens","The Madeira (Plot 48) · Plot 48","4","https://www.wainhomes.co.uk/find-your-home/south-west/swindon/widham-gardens/wg-plot-48/","images/0571cff965feb77f0f7edfe9454927f3225b8b97ad79c89bb12325d6147750dd.webp","https://www.wainhomes.co.uk/wp-content/uploads/2026/09/The-Highstone-WH-Paddocks-58.jpg","This is an interior photograph focusing specifically on the kitchen fittings and layout."
"Widham Gardens","The Elmhurst (Plot 49) · Plot 49","4","https://www.wainhomes.co.uk/find-your-home/south-west/swindon/widham-gardens/wg-plot-49/","images/3a0fcef28ee0561bcf1461afe2bf0c11f00ab7b45ab5036a9397c9243ae9c0f2.webp","https://www.wainhomes.co.uk/wp-content/uploads/2026/09/The-Elmhurst-WH-Paddocks-40.jpg","The image clearly shows a fitted kitchen and dining space in a residential property."
"Widham Gardens","The Elmhurst (Plot 49) · Plot 49","4","https://www.wainhomes.co.uk/find-your-home/south-west/swindon/widham-gardens/wg-plot-49/","images/6b6891f3fd55888b06edd771e6b852fa8eeff8a8362a0fd5afa6c400b270670f.webp","https://www.wainhomes.co.uk/wp-content/uploads/2026/09/The-Elmhurst-WH-Paddocks-38.jpg","This is a photograph of an open-plan kitchen, dining, and living space in a home."
"Widham Gardens","The Elmhurst (Plot 49) · Plot 49","4","https://www.wainhomes.co.uk/find-your-home/south-west/swindon/widham-gardens/wg-plot-49/","images/7d222b70104a102d2b958d735de8a083a53aa944ff32881793b3abd34b56ad83.webp","https://www.wainhomes.co.uk/wp-content/uploads/2026/09/The-Elmhurst-WH-Paddocks-37.jpg","This is a real interior photograph of an open-plan kitchen, dining, and living space."
"Widham Gardens","The Elmhurst (Plot 49) · Plot 49","4","https://www.wainhomes.co.uk/find-your-home/south-west/swindon/widham-gardens/wg-plot-49/","images/8f2becea775f73817998fd828e9dcb16295e2bae8dd2e60d79ac7de57d8bf3b3.webp","https://www.wainhomes.co.uk/wp-content/uploads/2026/09/The-Elmhurst-WH-Paddocks-39.jpg","Real photograph showing a staged dining space and kitchen area."
"Widham Gardens","The Elmhurst (Plot 49) · Plot 49","4","https://www.wainhomes.co.uk/find-your-home/south-west/swindon/widham-gardens/wg-plot-49/","images/e0c376516ca34dbf004495407af206d8cbd19d51e48d016a3489cbaef7bc183d.webp","https://www.wainhomes.co.uk/wp-content/uploads/2026/09/The-Elmhurst-WH-Paddocks-48.jpg","Real photograph of a utility room or back entrance space."
"Widham Gardens","The Elmhurst (Plot 49) · Plot 49","4","https://www.wainhomes.co.uk/find-your-home/south-west/swindon/widham-gardens/wg-plot-49/","images/692a475ea796f6b90bd52deec260ec0e8b4da4487b0f549b13ac4e8e61efc8de.webp","https://www.wainhomes.co.uk/wp-content/uploads/2026/09/The-Elmhurst-WH-Paddocks-55.jpg","The image displays a living room with sofas, armchairs, and coffee table."
"Widham Gardens","The Elmhurst (Plot 49) · Plot 49","4","https://www.wainhomes.co.uk/find-your-home/south-west/swindon/widham-gardens/wg-plot-49/","images/a4fa1adf2e649cdd395f69e2530f9948a08c17fceccf52fbd6d7fe89175fa08a.webp","https://www.wainhomes.co.uk/wp-content/uploads/2026/09/The-Elmhurst-WH-Paddocks-59.jpg","Real photograph of a living room interior."
"Widham Gardens","The Elmhurst (Plot 49) · Plot 49","4","https://www.wainhomes.co.uk/find-your-home/south-west/swindon/widham-gardens/wg-plot-49/","images/5d096f3e854be49707c6f5f8989711b86698fe704918fc4dbebc7d66f66a4dda.webp","https://www.wainhomes.co.uk/wp-content/uploads/2026/09/The-Elmhurst-WH-Paddocks-67.jpg","This is a photograph of a staged real bedroom interior."
"Widham Gardens","The Elmhurst (Plot 49) · Plot 49","4","https://www.wainhomes.co.uk/find-your-home/south-west/swindon/widham-gardens/wg-plot-49/","images/def4e43ce9a740ea181bf04acd72dcbaf62ae81347d1d6139be1ce7d67f9f03c.webp","https://www.wainhomes.co.uk/wp-content/uploads/2026/09/The-Elmhurst-WH-Paddocks-64.jpg","Features a double bed and a desk set against panelled walls."
"Widham Gardens","The Elmhurst (Plot 49) · Plot 49","4","https://www.wainhomes.co.uk/find-your-home/south-west/swindon/widham-gardens/wg-plot-49/","images/323c398989a55957a9baa3cb46cd6437eb7a20bb5b12df5cf94b55dbda6b7dbf.webp","https://www.wainhomes.co.uk/wp-content/uploads/2026/09/The-Elmhurst-WH-Paddocks-61.jpg","Features a baby cot and nursery styling."
"Widham Gardens","The Elmhurst (Plot 49) · Plot 49","4","https://www.wainhomes.co.uk/find-your-home/south-west/swindon/widham-gardens/wg-plot-49/","images/fce4f03189ccfd41d5c00d2dace6418bd955b234cf0b7de8ff8ed7ff9a579e52.webp","https://www.wainhomes.co.uk/wp-content/uploads/2026/09/The-Elmhurst-WH-Paddocks-74.jpg","This is a photograph of a real bathroom interior."
"Widham Gardens","The Elmhurst (Plot 49) · Plot 49","4","https://www.wainhomes.co.uk/find-your-home/south-west/swindon/widham-gardens/wg-plot-49/","images/0571cff965feb77f0f7edfe9454927f3225b8b97ad79c89bb12325d6147750dd.webp","https://www.wainhomes.co.uk/wp-content/uploads/2026/09/The-Highstone-WH-Paddocks-58.jpg","This is an interior photograph focusing specifically on the kitchen fittings and layout."
"Widham Gardens","Widham Gardens development gallery","","https://www.wainhomes.co.uk/find-your-home/south-west/swindon/widham-gardens/","images/0571cff965feb77f0f7edfe9454927f3225b8b97ad79c89bb12325d6147750dd.webp","https://www.wainhomes.co.uk/wp-content/uploads/2026/09/The-Highstone-WH-Paddocks-58.jpg","This is an interior photograph focusing specifically on the kitchen fittings and layout."
"Widham Gardens","Widham Gardens development gallery","","https://www.wainhomes.co.uk/find-your-home/south-west/swindon/widham-gardens/","images/a7325a50cad04d8ab0e746879db1f19a3bd7a5a96ef63683e56618ab7e178aea.webp","https://www.wainhomes.co.uk/wp-content/uploads/2025/08/The-Ash-Cardwell-Park-Wain-Homes-52.jpg","The image shows a modern fitted kitchen space."
"Mead Fields","Mead Fields development gallery","","https://www.wainhomes.co.uk/find-your-home/south-west/somerset/mead-fields/","images/a0e0ac34a206d446c13b1fca008af56e8c60c345d7885e189072607ce4a92a77.webp","https://www.wainhomes.co.uk/wp-content/uploads/2025/04/Holly-41-scaled.jpg","This is a combined kitchen and dining space."
"Horizon","Horizon development gallery","","https://www.wainhomes.co.uk/find-your-home/south-west/wiltshire/horizon/","images/aa6810473947230da30b6004a31caa4ee9bfef7bd4c9d3650e1ea24d849ea0a7.webp","https://www.wainhomes.co.uk/wp-content/uploads/2026/09/08482-01-Wain-September-Campaign_Web-Carousels_2000x1500_NON-ASCEND2.jpg","This is a real photograph of a dining and living space."
"Hillwood Gardens","The Chinley (Plot 38) · Plot 38","1","https://www.wainhomes.co.uk/find-your-home/west-midlands/coventry/hillwood-gardens/hg-plot-38/","images/44b3ec66d5789923837530c76f320a6f9990f207468787c0efeb6d995273cf36.webp","https://www.wainhomes.co.uk/wp-content/uploads/2025/04/Chinley.jpg","This is a real interior photograph of a modern kitchen."
"Hillwood Gardens","The Chinley (Plot 38) · Plot 38","1","https://www.wainhomes.co.uk/find-your-home/west-midlands/coventry/hillwood-gardens/hg-plot-38/","images/d67da5088fc3d6a43131f6518c895cd4ce9175bfda04a90bc21668ea2ba9e5dc.webp","https://www.wainhomes.co.uk/wp-content/uploads/2025/01/WEB-The-Holly-Showhome-Wain-Homes-4.jpg","This image shows a detailed interior view of a kitchen worktop and sink area."
"Hillwood Gardens","The Chinley (Plot 39) · Plot 39","1","https://www.wainhomes.co.uk/find-your-home/west-midlands/coventry/hillwood-gardens/hg-plot-39/","images/44b3ec66d5789923837530c76f320a6f9990f207468787c0efeb6d995273cf36.webp","https://www.wainhomes.co.uk/wp-content/uploads/2025/04/Chinley.jpg","This is a real interior photograph of a modern kitchen."
"Hillwood Gardens","The Chinley (Plot 39) · Plot 39","1","https://www.wainhomes.co.uk/find-your-home/west-midlands/coventry/hillwood-gardens/hg-plot-39/","images/d67da5088fc3d6a43131f6518c895cd4ce9175bfda04a90bc21668ea2ba9e5dc.webp","https://www.wainhomes.co.uk/wp-content/uploads/2025/01/WEB-The-Holly-Showhome-Wain-Homes-4.jpg","This image shows a detailed interior view of a kitchen worktop and sink area."
"Hillwood Gardens","The Chinley (Plot 42) · Plot 42","1","https://www.wainhomes.co.uk/find-your-home/west-midlands/coventry/hillwood-gardens/hg-plot-42/","images/44b3ec66d5789923837530c76f320a6f9990f207468787c0efeb6d995273cf36.webp","https://www.wainhomes.co.uk/wp-content/uploads/2025/04/Chinley.jpg","This is a real interior photograph of a modern kitchen."
"Hillwood Gardens","The Chinley (Plot 42) · Plot 42","1","https://www.wainhomes.co.uk/find-your-home/west-midlands/coventry/hillwood-gardens/hg-plot-42/","images/d67da5088fc3d6a43131f6518c895cd4ce9175bfda04a90bc21668ea2ba9e5dc.webp","https://www.wainhomes.co.uk/wp-content/uploads/2025/01/WEB-The-Holly-Showhome-Wain-Homes-4.jpg","This image shows a detailed interior view of a kitchen worktop and sink area."
"Badbury Green","The Bude (Plot 44) · Plot 44","3","https://www.wainhomes.co.uk/find-your-home/south-west/oxfordshire/badbury-green/bg-plot-44/","images/885f06de21d14ac11038d0df3ecc537d6dcdc0b49a97dc6224bbed0c5050786d.webp","https://www.wainhomes.co.uk/wp-content/uploads/2025/09/WH-The-Lawns-The-Cypress-75.jpg","The space contains kitchen counters, cabinets, sink, and cooking appliances."
"Badbury Green","The Bude (Plot 44) · Plot 44","3","https://www.wainhomes.co.uk/find-your-home/south-west/oxfordshire/badbury-green/bg-plot-44/","images/f4ea1d440482f62cb12f7364fdb9ad4f4e9f0308b3165fb6cbe71e4d76185195.webp","https://www.wainhomes.co.uk/wp-content/uploads/2025/09/WH-The-Lawns-The-Cypress-88.jpg","This is a real bedroom inside a property."
"Badbury Green","The Bude (Plot 44) · Plot 44","3","https://www.wainhomes.co.uk/find-your-home/south-west/oxfordshire/badbury-green/bg-plot-44/","images/951818ec7154ca741582200f5d45778fae7ec108393677a555b742f66ecd06bf.webp","https://www.wainhomes.co.uk/wp-content/uploads/2025/09/WH-The-Lawns-The-Cypress-79.jpg","This is a real bedroom inside a property."
"Badbury Green","The Bude (Plot 44) · Plot 44","3","https://www.wainhomes.co.uk/find-your-home/south-west/oxfordshire/badbury-green/bg-plot-44/","images/c2117f2ef01dfa509605e0ba6b12afc5aec0bb57f8d7f4fccb3afd06d82f0827.webp","https://www.wainhomes.co.uk/wp-content/uploads/2025/09/WH-The-Lawns-The-Cypress-84.jpg","This is a real study room in a property."
"Badbury Green","The Bude (Plot 44) · Plot 44","3","https://www.wainhomes.co.uk/find-your-home/south-west/oxfordshire/badbury-green/bg-plot-44/","images/6a622919560d856fb0a7b0dbed55f8e45df214e1c046c3d8dbbef706782a528a.webp","https://www.wainhomes.co.uk/wp-content/uploads/2025/09/WH-The-Lawns-The-Cypress-64.jpg","The room contains a toilet and a hand basin, serving as a compact cloakroom or WC."
"Badbury Green","The Bude (Plot 45) · Plot 45","3","https://www.wainhomes.co.uk/find-your-home/south-west/oxfordshire/badbury-green/bg-plot-45/","images/885f06de21d14ac11038d0df3ecc537d6dcdc0b49a97dc6224bbed0c5050786d.webp","https://www.wainhomes.co.uk/wp-content/uploads/2025/09/WH-The-Lawns-The-Cypress-75.jpg","The space contains kitchen counters, cabinets, sink, and cooking appliances."
"Badbury Green","The Bude (Plot 45) · Plot 45","3","https://www.wainhomes.co.uk/find-your-home/south-west/oxfordshire/badbury-green/bg-plot-45/","images/f4ea1d440482f62cb12f7364fdb9ad4f4e9f0308b3165fb6cbe71e4d76185195.webp","https://www.wainhomes.co.uk/wp-content/uploads/2025/09/WH-The-Lawns-The-Cypress-88.jpg","This is a real bedroom inside a property."
"Badbury Green","The Bude (Plot 45) · Plot 45","3","https://www.wainhomes.co.uk/find-your-home/south-west/oxfordshire/badbury-green/bg-plot-45/","images/951818ec7154ca741582200f5d45778fae7ec108393677a555b742f66ecd06bf.webp","https://www.wainhomes.co.uk/wp-content/uploads/2025/09/WH-The-Lawns-The-Cypress-79.jpg","This is a real bedroom inside a property."
"Badbury Green","The Bude (Plot 45) · Plot 45","3","https://www.wainhomes.co.uk/find-your-home/south-west/oxfordshire/badbury-green/bg-plot-45/","images/c2117f2ef01dfa509605e0ba6b12afc5aec0bb57f8d7f4fccb3afd06d82f0827.webp","https://www.wainhomes.co.uk/wp-content/uploads/2025/09/WH-The-Lawns-The-Cypress-84.jpg","This is a real study room in a property."
"Badbury Green","The Bude (Plot 45) · Plot 45","3","https://www.wainhomes.co.uk/find-your-home/south-west/oxfordshire/badbury-green/bg-plot-45/","images/6a622919560d856fb0a7b0dbed55f8e45df214e1c046c3d8dbbef706782a528a.webp","https://www.wainhomes.co.uk/wp-content/uploads/2025/09/WH-The-Lawns-The-Cypress-64.jpg","The room contains a toilet and a hand basin, serving as a compact cloakroom or WC."
"Badbury Green","The Marlow (Plot 46) · Plot 46","3","https://www.wainhomes.co.uk/find-your-home/south-west/oxfordshire/badbury-green/bg-plot-46/","images/885f06de21d14ac11038d0df3ecc537d6dcdc0b49a97dc6224bbed0c5050786d.webp","https://www.wainhomes.co.uk/wp-content/uploads/2025/09/WH-The-Lawns-The-Cypress-75.jpg","The space contains kitchen counters, cabinets, sink, and cooking appliances."
"Badbury Green","Badbury Green development gallery","","https://www.wainhomes.co.uk/find-your-home/south-west/oxfordshire/badbury-green/","images/885f06de21d14ac11038d0df3ecc537d6dcdc0b49a97dc6224bbed0c5050786d.webp","https://www.wainhomes.co.uk/wp-content/uploads/2025/09/WH-The-Lawns-The-Cypress-75.jpg","The space contains kitchen counters, cabinets, sink, and cooking appliances."
"Shropshire Heights","The Cypress (Plot 33) · Plot 33","4","https://www.wainhomes.co.uk/find-your-home/west-midlands/shropshire/shropshire-heights/sh-plot-33/","images/118df385785d342930b12c445669bc298342748cfb54913f12fba2a420beeae5.webp","https://www.wainhomes.co.uk/wp-content/uploads/2025/09/WH-The-Lawns-The-Cypress-67.jpg","This is a real photograph of a kitchen-diner space inside the property."
"Shropshire Heights","The Cypress (Plot 33) · Plot 33","4","https://www.wainhomes.co.uk/find-your-home/west-midlands/shropshire/shropshire-heights/sh-plot-33/","images/885f06de21d14ac11038d0df3ecc537d6dcdc0b49a97dc6224bbed0c5050786d.webp","https://www.wainhomes.co.uk/wp-content/uploads/2025/09/WH-The-Lawns-The-Cypress-75.jpg","The space contains kitchen counters, cabinets, sink, and cooking appliances."
"Shropshire Heights","The Cypress (Plot 33) · Plot 33","4","https://www.wainhomes.co.uk/find-your-home/west-midlands/shropshire/shropshire-heights/sh-plot-33/","images/55e46cc65ea63330ce6df8e6df4e60717b6c806ca3110c7fc3c48199bcca0ca6.webp","https://www.wainhomes.co.uk/wp-content/uploads/2025/09/WH-The-Lawns-The-Cypress-69.jpg","The room is centrally arranged around a large dining table and chairs, functioning as a dedicated dining room."
"Shropshire Heights","The Cypress (Plot 33) · Plot 33","4","https://www.wainhomes.co.uk/find-your-home/west-midlands/shropshire/shropshire-heights/sh-plot-33/","images/855554e8545dece13c64a1997a0eab1fcd2137a246633c5e68b276977b1dd8d9.webp","https://www.wainhomes.co.uk/wp-content/uploads/2025/09/WH-The-Lawns-The-Cypress-57.jpg","The room includes lounge seating, a sofa, coffee table, and decorative wall shelving characteristic of a living room."
"Shropshire Heights","The Cypress (Plot 33) · Plot 33","4","https://www.wainhomes.co.uk/find-your-home/west-midlands/shropshire/shropshire-heights/sh-plot-33/","images/7bccee762000e3fbe59da5fbb64ed1fab2c71cb56071b6f97cabc3e177c6a3bc.webp","https://www.wainhomes.co.uk/wp-content/uploads/2025/01/WH-The-Lawns-The-Cypress-89.jpg","This is a real bedroom interior shot showing a bed and en-suite doorway."
"Shropshire Heights","The Cypress (Plot 33) · Plot 33","4","https://www.wainhomes.co.uk/find-your-home/west-midlands/shropshire/shropshire-heights/sh-plot-33/","images/951818ec7154ca741582200f5d45778fae7ec108393677a555b742f66ecd06bf.webp","https://www.wainhomes.co.uk/wp-content/uploads/2025/09/WH-The-Lawns-The-Cypress-79.jpg","This is a real bedroom inside a property."
"Shropshire Heights","The Cypress (Plot 33) · Plot 33","4","https://www.wainhomes.co.uk/find-your-home/west-midlands/shropshire/shropshire-heights/sh-plot-33/","images/c2117f2ef01dfa509605e0ba6b12afc5aec0bb57f8d7f4fccb3afd06d82f0827.webp","https://www.wainhomes.co.uk/wp-content/uploads/2025/09/WH-The-Lawns-The-Cypress-84.jpg","This is a real study room in a property."
"Shropshire Heights","The Cypress (Plot 33) · Plot 33","4","https://www.wainhomes.co.uk/find-your-home/west-midlands/shropshire/shropshire-heights/sh-plot-33/","images/226daa84d009cd879751d8e7dadb51b045f927ca803e3c68ffdd044584cb2229.webp","https://www.wainhomes.co.uk/wp-content/uploads/2025/09/WH-The-Lawns-The-Cypress-96.jpg","This is a real children's bedroom inside a property."
"Shropshire Heights","The Cypress (Plot 33) · Plot 33","4","https://www.wainhomes.co.uk/find-your-home/west-midlands/shropshire/shropshire-heights/sh-plot-33/","images/58a0a96d3ef1f9b1b725e915ca08815a0e4950318e0c92f13c027c4b6870cb4a.webp","https://www.wainhomes.co.uk/wp-content/uploads/2025/09/WH-The-Lawns-The-Cypress-86.jpg","This is a real room photograph showing a contemporary bathroom."
"Shropshire Heights","The Willow Phase 2 (Plot 32) · Plot 32","4","https://www.wainhomes.co.uk/find-your-home/west-midlands/shropshire/shropshire-heights/sh-plot-32/","images/9cd37da0a12a3c9020904bebbdfbf2c2ac4f668f3d29f16c3b872026ee50c5a2.webp","https://www.wainhomes.co.uk/wp-content/uploads/2025/04/Willow-7.jpg","This is a real photograph of a furnished bedroom interior."
"Shropshire Heights","The Willow Phase 2 (Plot 32) · Plot 32","4","https://www.wainhomes.co.uk/find-your-home/west-midlands/shropshire/shropshire-heights/sh-plot-32/","images/eb990361b84ccfb3c6fd31949fecfce505eda6faebd99127684825a9bc6c2f42.webp","https://www.wainhomes.co.uk/wp-content/uploads/2025/04/Willow-6.jpg","Shows a fully finished bathroom interior with sanitaryware and shower enclosure."
"Shropshire Heights","The Willow Phase 2 (Plot 32) · Plot 32","4","https://www.wainhomes.co.uk/find-your-home/west-midlands/shropshire/shropshire-heights/sh-plot-32/","images/cd2f06419730b71c2c21ec4235df793e7283ae7fe682215db14121f073169475.webp","https://www.wainhomes.co.uk/wp-content/uploads/2025/04/Willow-3.jpg","This is a real photograph of a furnished bedroom interior."
"Shropshire Heights","The Willow Phase 2 (Plot 32) · Plot 32","4","https://www.wainhomes.co.uk/find-your-home/west-midlands/shropshire/shropshire-heights/sh-plot-32/","images/fde67068a4126defbf426e256a08f89a4cf819c107bd32164ebaaeff4a2c3aa9.webp","https://www.wainhomes.co.uk/wp-content/uploads/2025/04/Willow-1.jpg","Real interior photograph of a bedroom."
"Shropshire Heights","The Willow Phase 2 (Plot 32) · Plot 32","4","https://www.wainhomes.co.uk/find-your-home/west-midlands/shropshire/shropshire-heights/sh-plot-32/","images/e73a05831e9545e7cf1021b91c4967b7e33cc3ce55be5c9cf8a93ff59d1f8131.webp","https://www.wainhomes.co.uk/wp-content/uploads/2025/04/Willow-2.jpg","Real interior photograph of a bedroom."
"Shropshire Heights","The Willow Phase 2 (Plot 32) · Plot 32","4","https://www.wainhomes.co.uk/find-your-home/west-midlands/shropshire/shropshire-heights/sh-plot-32/","images/04d77ed57a1bf94d18be5e49215013f5fb61b502ef26c1899aa336a65a1e5a6b.webp","https://www.wainhomes.co.uk/wp-content/uploads/2025/04/Willow-8.jpg","This is a real photograph of a bathroom interior."
"Cherry Blossom View","The Lancewood (Plot 47) · Plot 47","4","https://www.wainhomes.co.uk/find-your-home/south-west/somerset/cherry-blossom-view/cbv-plot-47/","images/522bd3e7b75b2e3d97a5232cc8739b0926fb4c8e4e612c4e9c28d59a569d5dd4.webp","https://www.wainhomes.co.uk/wp-content/uploads/2025/03/The-Walnut-Showhome-Wain-Homes-39-scaled.jpg","This is a real photograph of a downstairs bathroom or cloakroom."
"Brookstone Walk","The Jordan Semi (Plot 5) · Plot 5","3","https://www.wainhomes.co.uk/find-your-home/north-west/glossop/brookstone-walk/bw-plot-5/","images/a7325a50cad04d8ab0e746879db1f19a3bd7a5a96ef63683e56618ab7e178aea.webp","https://www.wainhomes.co.uk/wp-content/uploads/2025/08/The-Ash-Cardwell-Park-Wain-Homes-52.jpg","The image shows a modern fitted kitchen space."
"Brookstone Walk","The Jordan Semi (Plot 5) · Plot 5","3","https://www.wainhomes.co.uk/find-your-home/north-west/glossop/brookstone-walk/bw-plot-5/","images/c66e43b47a6ce86674af637da89906344d4d636c988647cf931c2cb557519ced.webp","https://www.wainhomes.co.uk/wp-content/uploads/2025/08/The-Ash-Cardwell-Park-Wain-Homes-14.jpg","The image depicts a contemporary family bathroom with tub, shower, and toilet."
"Brookstone Walk","The Jordan Semi (Plot 5) · Plot 5","3","https://www.wainhomes.co.uk/find-your-home/north-west/glossop/brookstone-walk/bw-plot-5/","images/dc1e75b9d2c42a791d5823c76a49418a4e2915f0afcac602818bbbf2953ad242.jpg","https://www.wainhomes.co.uk/wp-content/uploads/2025/12/WH-Badbury-Green-The-Marlow-SH-27.jpg","The image shows exterior property equipment in a garden setting."
"Brookstone Walk","The Jordan Semi (Plot 5) · Plot 5","3","https://www.wainhomes.co.uk/find-your-home/north-west/glossop/brookstone-walk/bw-plot-5/","images/118df385785d342930b12c445669bc298342748cfb54913f12fba2a420beeae5.webp","https://www.wainhomes.co.uk/wp-content/uploads/2025/09/WH-The-Lawns-The-Cypress-67.jpg","This is a real photograph of a kitchen-diner space inside the property."
"Brookstone Walk","The Jordan Semi (Plot 5) · Plot 5","3","https://www.wainhomes.co.uk/find-your-home/north-west/glossop/brookstone-walk/bw-plot-5/","images/fdfa277311ed25062393a04bc69a7b12bc07816153a94ab1f2f1e0d0c9889c17.webp","https://www.wainhomes.co.uk/wp-content/uploads/2025/03/ev-charger.jpg","This is an exterior photograph showing an EV charger on the property wall."
"Brookstone Walk","The Jordan Semi (Plot 5) · Plot 5","3","https://www.wainhomes.co.uk/find-your-home/north-west/glossop/brookstone-walk/bw-plot-5/","images/c060307ae31bb28e5f6034d156c2c32d24605e0522c2778adca199289c18554c.webp","https://www.wainhomes.co.uk/wp-content/uploads/2025/01/SMALL-The-Hazel-Cardwell-Park-Wain-Homes-51.jpg","This is a real photograph of a living room interior."
"Brookstone Walk","The Jordan Semi (Plot 6) · Plot 6","3","https://www.wainhomes.co.uk/find-your-home/north-west/glossop/brookstone-walk/bw-plot-6/","images/a7325a50cad04d8ab0e746879db1f19a3bd7a5a96ef63683e56618ab7e178aea.webp","https://www.wainhomes.co.uk/wp-content/uploads/2025/08/The-Ash-Cardwell-Park-Wain-Homes-52.jpg","The image shows a modern fitted kitchen space."
"Brookstone Walk","The Jordan Semi (Plot 6) · Plot 6","3","https://www.wainhomes.co.uk/find-your-home/north-west/glossop/brookstone-walk/bw-plot-6/","images/c66e43b47a6ce86674af637da89906344d4d636c988647cf931c2cb557519ced.webp","https://www.wainhomes.co.uk/wp-content/uploads/2025/08/The-Ash-Cardwell-Park-Wain-Homes-14.jpg","The image depicts a contemporary family bathroom with tub, shower, and toilet."
"Brookstone Walk","The Jordan Semi (Plot 6) · Plot 6","3","https://www.wainhomes.co.uk/find-your-home/north-west/glossop/brookstone-walk/bw-plot-6/","images/dc1e75b9d2c42a791d5823c76a49418a4e2915f0afcac602818bbbf2953ad242.jpg","https://www.wainhomes.co.uk/wp-content/uploads/2025/12/WH-Badbury-Green-The-Marlow-SH-27.jpg","The image shows exterior property equipment in a garden setting."
"Brookstone Walk","The Jordan Semi (Plot 6) · Plot 6","3","https://www.wainhomes.co.uk/find-your-home/north-west/glossop/brookstone-walk/bw-plot-6/","images/118df385785d342930b12c445669bc298342748cfb54913f12fba2a420beeae5.webp","https://www.wainhomes.co.uk/wp-content/uploads/2025/09/WH-The-Lawns-The-Cypress-67.jpg","This is a real photograph of a kitchen-diner space inside the property."
"Brookstone Walk","The Jordan Semi (Plot 6) · Plot 6","3","https://www.wainhomes.co.uk/find-your-home/north-west/glossop/brookstone-walk/bw-plot-6/","images/fdfa277311ed25062393a04bc69a7b12bc07816153a94ab1f2f1e0d0c9889c17.webp","https://www.wainhomes.co.uk/wp-content/uploads/2025/03/ev-charger.jpg","This is an exterior photograph showing an EV charger on the property wall."
"Brookstone Walk","The Jordan Semi (Plot 6) · Plot 6","3","https://www.wainhomes.co.uk/find-your-home/north-west/glossop/brookstone-walk/bw-plot-6/","images/c060307ae31bb28e5f6034d156c2c32d24605e0522c2778adca199289c18554c.webp","https://www.wainhomes.co.uk/wp-content/uploads/2025/01/SMALL-The-Hazel-Cardwell-Park-Wain-Homes-51.jpg","This is a real photograph of a living room interior."
"Brookstone Walk","The Vale Type C (Plot 92) · Plot 92","1","https://www.wainhomes.co.uk/find-your-home/north-west/glossop/brookstone-walk/bw-plot-92/","images/a7325a50cad04d8ab0e746879db1f19a3bd7a5a96ef63683e56618ab7e178aea.webp","https://www.wainhomes.co.uk/wp-content/uploads/2025/08/The-Ash-Cardwell-Park-Wain-Homes-52.jpg","The image shows a modern fitted kitchen space."
"Brookstone Walk","The Vale Type C (Plot 92) · Plot 92","1","https://www.wainhomes.co.uk/find-your-home/north-west/glossop/brookstone-walk/bw-plot-92/","images/c66e43b47a6ce86674af637da89906344d4d636c988647cf931c2cb557519ced.webp","https://www.wainhomes.co.uk/wp-content/uploads/2025/08/The-Ash-Cardwell-Park-Wain-Homes-14.jpg","The image depicts a contemporary family bathroom with tub, shower, and toilet."
"Brookstone Walk","The Vale Type C (Plot 92) · Plot 92","1","https://www.wainhomes.co.uk/find-your-home/north-west/glossop/brookstone-walk/bw-plot-92/","images/dc1e75b9d2c42a791d5823c76a49418a4e2915f0afcac602818bbbf2953ad242.jpg","https://www.wainhomes.co.uk/wp-content/uploads/2025/12/WH-Badbury-Green-The-Marlow-SH-27.jpg","The image shows exterior property equipment in a garden setting."
"Brookstone Walk","The Vale Type C (Plot 92) · Plot 92","1","https://www.wainhomes.co.uk/find-your-home/north-west/glossop/brookstone-walk/bw-plot-92/","images/118df385785d342930b12c445669bc298342748cfb54913f12fba2a420beeae5.webp","https://www.wainhomes.co.uk/wp-content/uploads/2025/09/WH-The-Lawns-The-Cypress-67.jpg","This is a real photograph of a kitchen-diner space inside the property."
"Brookstone Walk","The Vale Type C (Plot 92) · Plot 92","1","https://www.wainhomes.co.uk/find-your-home/north-west/glossop/brookstone-walk/bw-plot-92/","images/fdfa277311ed25062393a04bc69a7b12bc07816153a94ab1f2f1e0d0c9889c17.webp","https://www.wainhomes.co.uk/wp-content/uploads/2025/03/ev-charger.jpg","This is an exterior photograph showing an EV charger on the property wall."
"Brookstone Walk","The Vale Type C (Plot 92) · Plot 92","1","https://www.wainhomes.co.uk/find-your-home/north-west/glossop/brookstone-walk/bw-plot-92/","images/c060307ae31bb28e5f6034d156c2c32d24605e0522c2778adca199289c18554c.webp","https://www.wainhomes.co.uk/wp-content/uploads/2025/01/SMALL-The-Hazel-Cardwell-Park-Wain-Homes-51.jpg","This is a real photograph of a living room interior."
"The Lawns","The Lawns development gallery","","https://www.wainhomes.co.uk/find-your-home/north-west/preston/the-lawns/","images/9f12964e952052efc7a58c8622957b3f1491626dafaded20d2c1274b1711abfa.webp","https://www.wainhomes.co.uk/wp-content/uploads/2025/07/The-Lawns-Street-scene-1_CGI_HR-Jun-25-1.jpg","Shows the exterior development of multiple houses."
"The Lawns","The Lawns development gallery","","https://www.wainhomes.co.uk/find-your-home/north-west/preston/the-lawns/","images/118df385785d342930b12c445669bc298342748cfb54913f12fba2a420beeae5.webp","https://www.wainhomes.co.uk/wp-content/uploads/2025/09/WH-The-Lawns-The-Cypress-67.jpg","This is a real photograph of a kitchen-diner space inside the property."
"The Lawns","The Lawns development gallery","","https://www.wainhomes.co.uk/find-your-home/north-west/preston/the-lawns/","images/855554e8545dece13c64a1997a0eab1fcd2137a246633c5e68b276977b1dd8d9.webp","https://www.wainhomes.co.uk/wp-content/uploads/2025/09/WH-The-Lawns-The-Cypress-57.jpg","The room includes lounge seating, a sofa, coffee table, and decorative wall shelving characteristic of a living room."
"The Lawns","The Lawns development gallery","","https://www.wainhomes.co.uk/find-your-home/north-west/preston/the-lawns/","images/f4ea1d440482f62cb12f7364fdb9ad4f4e9f0308b3165fb6cbe71e4d76185195.webp","https://www.wainhomes.co.uk/wp-content/uploads/2025/09/WH-The-Lawns-The-Cypress-88.jpg","This is a real bedroom inside a property."
"The Lawns","The Lawns development gallery","","https://www.wainhomes.co.uk/find-your-home/north-west/preston/the-lawns/","images/885f06de21d14ac11038d0df3ecc537d6dcdc0b49a97dc6224bbed0c5050786d.webp","https://www.wainhomes.co.uk/wp-content/uploads/2025/09/WH-The-Lawns-The-Cypress-75.jpg","The space contains kitchen counters, cabinets, sink, and cooking appliances."
"The Lawns","The Lawns development gallery","","https://www.wainhomes.co.uk/find-your-home/north-west/preston/the-lawns/","images/951818ec7154ca741582200f5d45778fae7ec108393677a555b742f66ecd06bf.webp","https://www.wainhomes.co.uk/wp-content/uploads/2025/09/WH-The-Lawns-The-Cypress-79.jpg","This is a real bedroom inside a property."
"The Lawns","The Lawns development gallery","","https://www.wainhomes.co.uk/find-your-home/north-west/preston/the-lawns/","images/5288a961b5069b1ca5577ff8a0bf61af798f9510d00dac6a5ead26a2c75b1eb9.webp","https://www.wainhomes.co.uk/wp-content/uploads/2025/08/The-Ash-Cardwell-Park-Wain-Homes-63.jpg","Real exterior photograph of a house."
"The Lawns","The Lawns development gallery","","https://www.wainhomes.co.uk/find-your-home/north-west/preston/the-lawns/","images/84304e77b233d3c8a595c6aa9d2d8ff6db64a0499cbfb269f1e18d9ce625d2d4.webp","https://www.wainhomes.co.uk/wp-content/uploads/2026/06/Farriers-Xhase-external.jpg","This is an exterior photograph of a newly built property and its sales office."
"The Lawns","The Lawns development gallery","","https://www.wainhomes.co.uk/find-your-home/north-west/preston/the-lawns/","images/171a87bf1ddb40281d9046738bb5772ee97295c5c68a6b5ba5834c5fc70fa3b9.jpg","https://www.wainhomes.co.uk/wp-content/uploads/2026/02/001-Wain_KingsleyManor_External-4.jpg","Shows the exterior front view of a standalone property."
"The Lawns","The Lawns development gallery","","https://www.wainhomes.co.uk/find-your-home/north-west/preston/the-lawns/","images/d23f4bfb6956dd9986094b0d831f2326e152684315ab2bd13e9e537ddaa32837.webp","https://www.wainhomes.co.uk/wp-content/uploads/2026/09/The-Paddocks-street-scene-external-2.jpg","Shows the exterior of the property development including a sales office."
"Bosvenna Parc","Bosvenna Parc development gallery","","https://www.wainhomes.co.uk/find-your-home/south-west/bodmin/bosvenna/","images/4fa57370f6624131bdc4609b5978f0e2e75403eed3b32bf54306be268b641ca7.webp","https://www.wainhomes.co.uk/wp-content/uploads/2025/03/4-bed-images-2.jpg","This is a real exterior photograph of a residential property."
"The Green","The Ivy Apartment (Plot 44) · Plot 44","2","https://www.wainhomes.co.uk/find-your-home/west-midlands/birmingham/the-green/tg-plot-44/","images/f79e3209e358438335879296348e5ac7c39a9706aca2bee055a8a6d049f0292e.webp","https://www.wainhomes.co.uk/wp-content/uploads/2025/04/Holly-64-scaled.jpg","This is a real photograph of a modern residential bathroom."
"The Green","The Ivy Apartment (Plot 41) · Plot 41","2","https://www.wainhomes.co.uk/find-your-home/west-midlands/birmingham/the-green/tg-plot-41/","images/f79e3209e358438335879296348e5ac7c39a9706aca2bee055a8a6d049f0292e.webp","https://www.wainhomes.co.uk/wp-content/uploads/2025/04/Holly-64-scaled.jpg","This is a real photograph of a modern residential bathroom."
"The Green","The Lotus Apartment (Plot 42) · Plot 42","2","https://www.wainhomes.co.uk/find-your-home/west-midlands/birmingham/the-green/tg-plot-42/","images/f79e3209e358438335879296348e5ac7c39a9706aca2bee055a8a6d049f0292e.webp","https://www.wainhomes.co.uk/wp-content/uploads/2025/04/Holly-64-scaled.jpg","This is a real photograph of a modern residential bathroom."
"The Green","The Ivy Apartment (Plot 45) · Plot 45","2","https://www.wainhomes.co.uk/find-your-home/west-midlands/birmingham/the-green/tg-plot-45/","images/f79e3209e358438335879296348e5ac7c39a9706aca2bee055a8a6d049f0292e.webp","https://www.wainhomes.co.uk/wp-content/uploads/2025/04/Holly-64-scaled.jpg","This is a real photograph of a modern residential bathroom."
"The Green","The Ivy Apartment (Plot 48) · Plot 48","2","https://www.wainhomes.co.uk/find-your-home/west-midlands/birmingham/the-green/tg-plot-48/","images/f79e3209e358438335879296348e5ac7c39a9706aca2bee055a8a6d049f0292e.webp","https://www.wainhomes.co.uk/wp-content/uploads/2025/04/Holly-64-scaled.jpg","This is a real photograph of a modern residential bathroom."