"development","house_type","bedrooms","property_url","image_file","image_url","reason"
"Oakwood Edge - Mayfield","Aberdour","2","https://newhomes.lovell.co.uk/development/oakwood-edge-mayfield/aberdour-oakwood-edge/","images/ab1e17614bd8a0fb13c86497d8aa373e2a0b35c36017647084b5bfade7960a1b.jpg","https://newhomes.lovell.co.uk/media/bjfltqu3/carnoustie-lounge.jpg?rmode=max&width=2048","The image shows a furnished living area."
"Oakwood Edge - Mayfield","Aberdour","2","https://newhomes.lovell.co.uk/development/oakwood-edge-mayfield/aberdour-oakwood-edge/","images/94cf88a5b46b32337d5e21620646eef9f96c2f3abd6f2017e66d912129f7d728.jpg","https://newhomes.lovell.co.uk/media/gnjjuner/oakwood-edge-aberdour.jpg?rmode=max&width=2048","The image shows the exterior of a property."
"Oakwood Edge - Mayfield","Aberdour","2","https://newhomes.lovell.co.uk/development/oakwood-edge-mayfield/aberdour-oakwood-edge/","images/dc0ab7bec697a158f422d67e3a836adabeca92f6051bbde18b776dc3b4aa46ea.jpg","https://newhomes.lovell.co.uk/media/lx0jx5eo/bed-2.jpg?rmode=max&width=2048","The image shows a furnished bedroom."
"Oakwood Edge - Mayfield","Aberdour","2","https://newhomes.lovell.co.uk/development/oakwood-edge-mayfield/aberdour-oakwood-edge/","images/0c9d0dc0acf11980480efcb08a79d23353bd9ea4acdf814fd26618408fb0f3bb.jpg","https://newhomes.lovell.co.uk/media/davfiawa/lounge-2.jpg?rmode=max&width=2048","The image shows a furnished living room."
"Oakwood Edge - Mayfield","Aberdour","2","https://newhomes.lovell.co.uk/development/oakwood-edge-mayfield/aberdour-oakwood-edge/","images/bbe206bb1145e813ed426814b7e29ebaa23ec26a8455151c44855ddc0275e14d.jpg","https://newhomes.lovell.co.uk/media/sbaghoby/lounge.jpg?rmode=max&width=2048","The image shows a furnished living room."
"Oakwood Edge - Mayfield","Aberdour","2","https://newhomes.lovell.co.uk/development/oakwood-edge-mayfield/aberdour-oakwood-edge/","images/b5870a713981ee11c9aa14d7ff1b96ebd86c5cc1342377cb45aabde0542fa6dd.jpg","https://newhomes.lovell.co.uk/media/efkoezyk/bed-3.jpg?rmode=max&width=2048","The image shows a furnished bedroom."
"Oakwood Edge - Mayfield","Aberdour","2","https://newhomes.lovell.co.uk/development/oakwood-edge-mayfield/aberdour-oakwood-edge/","images/5f91741296ab4358b1af56b74a74c26724bdf28a9959c8d3481805c66c9ff373.jpg","https://newhomes.lovell.co.uk/media/elicn4dh/bathroom.jpg?rmode=max&width=2048","The image shows a furnished bathroom."
"Oakwood Edge - Mayfield","Aberdour","2","https://newhomes.lovell.co.uk/development/oakwood-edge-mayfield/aberdour-oakwood-edge/","images/9163d59a013c990ef27af69a224de9cbf7e601e91fa9cb097494a19450bfb31a.jpg","https://newhomes.lovell.co.uk/media/vhpfc3c1/bed-1.jpg?rmode=max&width=2048","The image shows a furnished bedroom."
"Oakwood Edge - Mayfield","Aberdour","2","https://newhomes.lovell.co.uk/development/oakwood-edge-mayfield/aberdour-oakwood-edge/","images/f93a52db2a58398bb76089427dd77d7fee60597112e8202385a0c839c683ddcc.jpg","https://newhomes.lovell.co.uk/media/r0fluevn/kitchen-2.jpg?rmode=max&width=2048","The image shows a functional kitchen space with cabinets, appliances, and countertops."
"Oakwood Edge - Mayfield","Aberdour","2","https://newhomes.lovell.co.uk/development/oakwood-edge-mayfield/aberdour-oakwood-edge/","images/cc67d0e919dd77a36f4ecac245353cfd2b0474f1a78f51d755924a50dfc98001.jpg","https://newhomes.lovell.co.uk/media/0lbholhc/ensuite.jpg?rmode=max&width=2048","The image depicts a bathroom or cloakroom with sanitary fixtures."
"Oakwood Edge - Mayfield","Aberdour","2","https://newhomes.lovell.co.uk/development/oakwood-edge-mayfield/aberdour-oakwood-edge/","images/4551a6455af247de73614499e21766f0e496dfdf3e9ae130d46809f965145465.jpg","https://newhomes.lovell.co.uk/media/4hpcjmkk/kitchen.jpg?rmode=max&width=2048","The image shows a kitchen interior."
"Oakwood Edge - Mayfield","Aberdour","2","https://newhomes.lovell.co.uk/development/oakwood-edge-mayfield/aberdour-oakwood-edge/","images/57e99bc5d8667cd8dc6bed6d085ed72a575f4c67525b87cf318e8ce24121ad73.jpg","https://newhomes.lovell.co.uk/media/w0mhvatq/wc.jpg?rmode=max&width=2048","The image shows a small bathroom or cloakroom."
"Oakwood Edge - Mayfield","Aberdour","2","https://newhomes.lovell.co.uk/development/oakwood-edge-mayfield/aberdour-oakwood-edge/","images/a6bdee58e0e746b328044999f70abb2c94c920c431f284b609ae7feb714c524a.jpg","https://newhomes.lovell.co.uk/media/images/development/NHQC-banner.jpg?rmode=max&width=2048","The image shows the exterior of residential properties."
"Oakwood Edge - Mayfield","Aberdour","2","https://newhomes.lovell.co.uk/development/oakwood-edge-mayfield/aberdour-oakwood-edge/","images/61ec2b802ae164ac09e1ae33050f7013628c86f1d9ac77bfa34940d167c995d8.jpg","https://newhomes.lovell.co.uk/media/images/development/trustpilot-review-background-banner.jpg?rmode=max&width=2048","The image shows a kitchen interior."
"Oakwood Edge - Mayfield","Bothwell","3","https://newhomes.lovell.co.uk/development/oakwood-edge-mayfield/bothwell-end-terrace-oakwood-edge/","images/77db0038e85ff1390707dcb7a9c974e7211d170cf647948d442fcf6b896ee20e.jpg","https://newhomes.lovell.co.uk/media/jnbbqzvy/oakwood-edge-bothwell.jpg?rmode=max&width=2048","This is an exterior view of a property."
"Oakwood Edge - Mayfield","Bothwell","3","https://newhomes.lovell.co.uk/development/oakwood-edge-mayfield/bothwell-end-terrace-oakwood-edge/","images/0c9d0dc0acf11980480efcb08a79d23353bd9ea4acdf814fd26618408fb0f3bb.jpg","https://newhomes.lovell.co.uk/media/davfiawa/lounge-2.jpg?rmode=max&width=2048","The image shows a furnished living room."
"Oakwood Edge - Mayfield","Bothwell","3","https://newhomes.lovell.co.uk/development/oakwood-edge-mayfield/bothwell-end-terrace-oakwood-edge/","images/bbe206bb1145e813ed426814b7e29ebaa23ec26a8455151c44855ddc0275e14d.jpg","https://newhomes.lovell.co.uk/media/sbaghoby/lounge.jpg?rmode=max&width=2048","The image shows a furnished living room."
"Oakwood Edge - Mayfield","Bothwell","3","https://newhomes.lovell.co.uk/development/oakwood-edge-mayfield/bothwell-end-terrace-oakwood-edge/","images/4551a6455af247de73614499e21766f0e496dfdf3e9ae130d46809f965145465.jpg","https://newhomes.lovell.co.uk/media/4hpcjmkk/kitchen.jpg?rmode=max&width=2048","The image shows a kitchen interior."
"Oakwood Edge - Mayfield","Bothwell","3","https://newhomes.lovell.co.uk/development/oakwood-edge-mayfield/bothwell-end-terrace-oakwood-edge/","images/f93a52db2a58398bb76089427dd77d7fee60597112e8202385a0c839c683ddcc.jpg","https://newhomes.lovell.co.uk/media/r0fluevn/kitchen-2.jpg?rmode=max&width=2048","The image shows a functional kitchen space with cabinets, appliances, and countertops."
"Oakwood Edge - Mayfield","Bothwell","3","https://newhomes.lovell.co.uk/development/oakwood-edge-mayfield/bothwell-end-terrace-oakwood-edge/","images/57e99bc5d8667cd8dc6bed6d085ed72a575f4c67525b87cf318e8ce24121ad73.jpg","https://newhomes.lovell.co.uk/media/w0mhvatq/wc.jpg?rmode=max&width=2048","The image shows a small bathroom or cloakroom."
"Oakwood Edge - Mayfield","Bothwell","3","https://newhomes.lovell.co.uk/development/oakwood-edge-mayfield/bothwell-end-terrace-oakwood-edge/","images/dc0ab7bec697a158f422d67e3a836adabeca92f6051bbde18b776dc3b4aa46ea.jpg","https://newhomes.lovell.co.uk/media/lx0jx5eo/bed-2.jpg?rmode=max&width=2048","The image shows a furnished bedroom."
"Oakwood Edge - Mayfield","Bothwell","3","https://newhomes.lovell.co.uk/development/oakwood-edge-mayfield/bothwell-end-terrace-oakwood-edge/","images/b5870a713981ee11c9aa14d7ff1b96ebd86c5cc1342377cb45aabde0542fa6dd.jpg","https://newhomes.lovell.co.uk/media/efkoezyk/bed-3.jpg?rmode=max&width=2048","The image shows a furnished bedroom."
"Oakwood Edge - Mayfield","Bothwell","3","https://newhomes.lovell.co.uk/development/oakwood-edge-mayfield/bothwell-end-terrace-oakwood-edge/","images/5f91741296ab4358b1af56b74a74c26724bdf28a9959c8d3481805c66c9ff373.jpg","https://newhomes.lovell.co.uk/media/elicn4dh/bathroom.jpg?rmode=max&width=2048","The image shows a furnished bathroom."
"Oakwood Edge - Mayfield","Bothwell","3","https://newhomes.lovell.co.uk/development/oakwood-edge-mayfield/bothwell-end-terrace-oakwood-edge/","images/9163d59a013c990ef27af69a224de9cbf7e601e91fa9cb097494a19450bfb31a.jpg","https://newhomes.lovell.co.uk/media/vhpfc3c1/bed-1.jpg?rmode=max&width=2048","The image shows a furnished bedroom."
"Oakwood Edge - Mayfield","Bothwell","3","https://newhomes.lovell.co.uk/development/oakwood-edge-mayfield/bothwell-end-terrace-oakwood-edge/","images/cc67d0e919dd77a36f4ecac245353cfd2b0474f1a78f51d755924a50dfc98001.jpg","https://newhomes.lovell.co.uk/media/0lbholhc/ensuite.jpg?rmode=max&width=2048","The image depicts a bathroom or cloakroom with sanitary fixtures."
"Oakwood Edge - Mayfield","Bothwell","3","https://newhomes.lovell.co.uk/development/oakwood-edge-mayfield/bothwell-end-terrace-oakwood-edge/","images/a6bdee58e0e746b328044999f70abb2c94c920c431f284b609ae7feb714c524a.jpg","https://newhomes.lovell.co.uk/media/images/development/NHQC-banner.jpg?rmode=max&width=2048","The image shows the exterior of residential properties."
"Oakwood Edge - Mayfield","Bothwell","3","https://newhomes.lovell.co.uk/development/oakwood-edge-mayfield/bothwell-end-terrace-oakwood-edge/","images/61ec2b802ae164ac09e1ae33050f7013628c86f1d9ac77bfa34940d167c995d8.jpg","https://newhomes.lovell.co.uk/media/images/development/trustpilot-review-background-banner.jpg?rmode=max&width=2048","The image shows a kitchen interior."
"Oakwood Edge - Mayfield","Bothwell Semi","3","https://newhomes.lovell.co.uk/development/oakwood-edge-mayfield/bothwell-semi-oakwood-edge/","images/77db0038e85ff1390707dcb7a9c974e7211d170cf647948d442fcf6b896ee20e.jpg","https://newhomes.lovell.co.uk/media/jnbbqzvy/oakwood-edge-bothwell.jpg?rmode=max&width=2048","This is an exterior view of a property."
"Oakwood Edge - Mayfield","Bothwell Semi","3","https://newhomes.lovell.co.uk/development/oakwood-edge-mayfield/bothwell-semi-oakwood-edge/","images/0c9d0dc0acf11980480efcb08a79d23353bd9ea4acdf814fd26618408fb0f3bb.jpg","https://newhomes.lovell.co.uk/media/davfiawa/lounge-2.jpg?rmode=max&width=2048","The image shows a furnished living room."
"Oakwood Edge - Mayfield","Bothwell Semi","3","https://newhomes.lovell.co.uk/development/oakwood-edge-mayfield/bothwell-semi-oakwood-edge/","images/bbe206bb1145e813ed426814b7e29ebaa23ec26a8455151c44855ddc0275e14d.jpg","https://newhomes.lovell.co.uk/media/sbaghoby/lounge.jpg?rmode=max&width=2048","The image shows a furnished living room."
"Oakwood Edge - Mayfield","Bothwell Semi","3","https://newhomes.lovell.co.uk/development/oakwood-edge-mayfield/bothwell-semi-oakwood-edge/","images/f93a52db2a58398bb76089427dd77d7fee60597112e8202385a0c839c683ddcc.jpg","https://newhomes.lovell.co.uk/media/r0fluevn/kitchen-2.jpg?rmode=max&width=2048","The image shows a functional kitchen space with cabinets, appliances, and countertops."
"Oakwood Edge - Mayfield","Bothwell Semi","3","https://newhomes.lovell.co.uk/development/oakwood-edge-mayfield/bothwell-semi-oakwood-edge/","images/4551a6455af247de73614499e21766f0e496dfdf3e9ae130d46809f965145465.jpg","https://newhomes.lovell.co.uk/media/4hpcjmkk/kitchen.jpg?rmode=max&width=2048","The image shows a kitchen interior."
"Oakwood Edge - Mayfield","Bothwell Semi","3","https://newhomes.lovell.co.uk/development/oakwood-edge-mayfield/bothwell-semi-oakwood-edge/","images/9163d59a013c990ef27af69a224de9cbf7e601e91fa9cb097494a19450bfb31a.jpg","https://newhomes.lovell.co.uk/media/vhpfc3c1/bed-1.jpg?rmode=max&width=2048","The image shows a furnished bedroom."
"Oakwood Edge - Mayfield","Bothwell Semi","3","https://newhomes.lovell.co.uk/development/oakwood-edge-mayfield/bothwell-semi-oakwood-edge/","images/cc67d0e919dd77a36f4ecac245353cfd2b0474f1a78f51d755924a50dfc98001.jpg","https://newhomes.lovell.co.uk/media/0lbholhc/ensuite.jpg?rmode=max&width=2048","The image depicts a bathroom or cloakroom with sanitary fixtures."
"Oakwood Edge - Mayfield","Bothwell Semi","3","https://newhomes.lovell.co.uk/development/oakwood-edge-mayfield/bothwell-semi-oakwood-edge/","images/dc0ab7bec697a158f422d67e3a836adabeca92f6051bbde18b776dc3b4aa46ea.jpg","https://newhomes.lovell.co.uk/media/lx0jx5eo/bed-2.jpg?rmode=max&width=2048","The image shows a furnished bedroom."
"Oakwood Edge - Mayfield","Bothwell Semi","3","https://newhomes.lovell.co.uk/development/oakwood-edge-mayfield/bothwell-semi-oakwood-edge/","images/5f91741296ab4358b1af56b74a74c26724bdf28a9959c8d3481805c66c9ff373.jpg","https://newhomes.lovell.co.uk/media/elicn4dh/bathroom.jpg?rmode=max&width=2048","The image shows a furnished bathroom."
"Oakwood Edge - Mayfield","Bothwell Semi","3","https://newhomes.lovell.co.uk/development/oakwood-edge-mayfield/bothwell-semi-oakwood-edge/","images/57e99bc5d8667cd8dc6bed6d085ed72a575f4c67525b87cf318e8ce24121ad73.jpg","https://newhomes.lovell.co.uk/media/w0mhvatq/wc.jpg?rmode=max&width=2048","The image shows a small bathroom or cloakroom."
"Oakwood Edge - Mayfield","Bothwell Semi","3","https://newhomes.lovell.co.uk/development/oakwood-edge-mayfield/bothwell-semi-oakwood-edge/","images/b5870a713981ee11c9aa14d7ff1b96ebd86c5cc1342377cb45aabde0542fa6dd.jpg","https://newhomes.lovell.co.uk/media/efkoezyk/bed-3.jpg?rmode=max&width=2048","The image shows a furnished bedroom."
"Oakwood Edge - Mayfield","Bothwell Semi","3","https://newhomes.lovell.co.uk/development/oakwood-edge-mayfield/bothwell-semi-oakwood-edge/","images/5da53e9d76491efc6559774e71d9f8dc48a6542687e4558cf93ef2d553d565bd.jpg","https://newhomes.lovell.co.uk/media/5lijnf3t/shutterstock_1290675169-large.jpg?rmode=max&width=2048","This is a photograph of a living room interior."
"Oakwood Edge - Mayfield","Bothwell Semi","3","https://newhomes.lovell.co.uk/development/oakwood-edge-mayfield/bothwell-semi-oakwood-edge/","images/a6bdee58e0e746b328044999f70abb2c94c920c431f284b609ae7feb714c524a.jpg","https://newhomes.lovell.co.uk/media/images/development/NHQC-banner.jpg?rmode=max&width=2048","The image shows the exterior of residential properties."
"Oakwood Edge - Mayfield","Bothwell Semi","3","https://newhomes.lovell.co.uk/development/oakwood-edge-mayfield/bothwell-semi-oakwood-edge/","images/61ec2b802ae164ac09e1ae33050f7013628c86f1d9ac77bfa34940d167c995d8.jpg","https://newhomes.lovell.co.uk/media/images/development/trustpilot-review-background-banner.jpg?rmode=max&width=2048","The image shows a kitchen interior."
"Oakwood Edge - Mayfield","Carnoustie","3","https://newhomes.lovell.co.uk/development/oakwood-edge-mayfield/carnoustie/","images/94a53acd105a8a7c7d260fc6a5393b9082b1c805281ed2cf1bc9ebfedeb17d39.jpg","https://newhomes.lovell.co.uk/media/01vdkwij/oakwood-edge-carnoustie.jpg?rmode=max&width=2048","This is an exterior view of a property."
"Oakwood Edge - Mayfield","Carnoustie","3","https://newhomes.lovell.co.uk/development/oakwood-edge-mayfield/carnoustie/","images/4d83d984c6778760134b31443273f8b9b46b2fe2392b164b210b2056d7ca1b74.jpg","https://newhomes.lovell.co.uk/media/taqd0yo3/oakwood-edge-carnoustie-lounge-2.jpg?rmode=max&width=2048","This is a photograph of a living room interior."
"Oakwood Edge - Mayfield","Carnoustie","3","https://newhomes.lovell.co.uk/development/oakwood-edge-mayfield/carnoustie/","images/ab1e17614bd8a0fb13c86497d8aa373e2a0b35c36017647084b5bfade7960a1b.jpg","https://newhomes.lovell.co.uk/media/bjfltqu3/carnoustie-lounge.jpg?rmode=max&width=2048","The image shows a furnished living area."
"Oakwood Edge - Mayfield","Carnoustie","3","https://newhomes.lovell.co.uk/development/oakwood-edge-mayfield/carnoustie/","images/09b916a5ded8b3991c52137e4efc812ceb94bd807d61c771980b3064adbc64fd.jpg","https://newhomes.lovell.co.uk/media/uh1mf4nx/oakwood-edge-carnoustie-kitchen-4.jpg?rmode=max&width=2048","This is a photograph of a functional kitchen space."
"Oakwood Edge - Mayfield","Carnoustie","3","https://newhomes.lovell.co.uk/development/oakwood-edge-mayfield/carnoustie/","images/49e59c8c13d5d0215356ae89dc4a971ce9be062ae26f7c0bbc3217e13875ceea.jpg","https://newhomes.lovell.co.uk/media/xvamrzcx/oakwood-edge-carnoustie-kitchen-7.jpg?rmode=max&width=2048","This is a photograph of a dining room."
"Oakwood Edge - Mayfield","Carnoustie","3","https://newhomes.lovell.co.uk/development/oakwood-edge-mayfield/carnoustie/","images/a0f4b2fd12135ca1ba5514275b24ce89e4ad965ddedf3eef595767168bec3af0.jpg","https://newhomes.lovell.co.uk/media/rpyf5jdy/oakwood-edge-carnoustie-main-bedroom-1.jpg?rmode=max&width=2048","This is a photograph of a bedroom."
"Oakwood Edge - Mayfield","Carnoustie","3","https://newhomes.lovell.co.uk/development/oakwood-edge-mayfield/carnoustie/","images/3d541dd405aca8c32ed7dbd5ca607a3f6782fa8ea0de9d3a577ec53bcb887a38.jpg","https://newhomes.lovell.co.uk/media/v43hliqn/oakwood-edge-carnoustie-2nd-bedroom-2.jpg?rmode=max&width=2048","This is a photograph of a bedroom."
"Oakwood Edge - Mayfield","Carnoustie","3","https://newhomes.lovell.co.uk/development/oakwood-edge-mayfield/carnoustie/","images/1ccbd0d291012952c4494a306799b59d5b3bbb069dbf087bbb3730b7916f005c.jpg","https://newhomes.lovell.co.uk/media/u24fwuk1/oakwood-edge-carnoustie-3rd-bedroom-kids-2.jpg?rmode=max&width=2048","This is a photograph of a bedroom."
"Oakwood Edge - Mayfield","Carnoustie","3","https://newhomes.lovell.co.uk/development/oakwood-edge-mayfield/carnoustie/","images/b83c7f971a64c6e9afdc2f488ea7396bc22d4ecdda68a1298a6c487dc44b4b97.jpg","https://newhomes.lovell.co.uk/media/fyvhttzz/oakwood-edge-carnoustie-bathroom-2.jpg?rmode=max&width=2048","This is a photograph of a bathroom."
"Oakwood Edge - Mayfield","Carnoustie","3","https://newhomes.lovell.co.uk/development/oakwood-edge-mayfield/carnoustie/","images/a6bdee58e0e746b328044999f70abb2c94c920c431f284b609ae7feb714c524a.jpg","https://newhomes.lovell.co.uk/media/images/development/NHQC-banner.jpg?rmode=max&width=2048","The image shows the exterior of residential properties."
"Oakwood Edge - Mayfield","Carnoustie","3","https://newhomes.lovell.co.uk/development/oakwood-edge-mayfield/carnoustie/","images/61ec2b802ae164ac09e1ae33050f7013628c86f1d9ac77bfa34940d167c995d8.jpg","https://newhomes.lovell.co.uk/media/images/development/trustpilot-review-background-banner.jpg?rmode=max&width=2048","The image shows a kitchen interior."
"Oakwood Edge - Mayfield","Crail","3","https://newhomes.lovell.co.uk/development/oakwood-edge-mayfield/crail-oakwood-edge/","images/8da6e455aa1171772d720159f7cb7ae0bc701d1f98f0156e72b33925ac03b813.jpg","https://newhomes.lovell.co.uk/media/pz5eif5o/oakwood-edge-crail.jpg?rmode=max&width=2048","This is an exterior view of a residential property."
"Oakwood Edge - Mayfield","Crail","3","https://newhomes.lovell.co.uk/development/oakwood-edge-mayfield/crail-oakwood-edge/","images/55c7adeffcca9474077f4473062d358cd3389ebd50086a67105b784cc880ba90.jpg","https://newhomes.lovell.co.uk/media/kgcf3jff/the-crossings-crail-lounge-9.jpg?rmode=max&width=2048","This is a furnished living room area."
"Oakwood Edge - Mayfield","Crail","3","https://newhomes.lovell.co.uk/development/oakwood-edge-mayfield/crail-oakwood-edge/","images/e760df8e5f9361e6ede33138f773f7865218a7e90b8d2f04d03b44702c681a7d.jpg","https://newhomes.lovell.co.uk/media/tlrba2yu/the-crossings-crail-kitchen-11.jpg?rmode=max&width=2048","This is a combined kitchen and dining space."
"Oakwood Edge - Mayfield","Crail","3","https://newhomes.lovell.co.uk/development/oakwood-edge-mayfield/crail-oakwood-edge/","images/f93a52db2a58398bb76089427dd77d7fee60597112e8202385a0c839c683ddcc.jpg","https://newhomes.lovell.co.uk/media/r0fluevn/kitchen-2.jpg?rmode=max&width=2048","The image shows a functional kitchen space with cabinets, appliances, and countertops."
"Oakwood Edge - Mayfield","Crail","3","https://newhomes.lovell.co.uk/development/oakwood-edge-mayfield/crail-oakwood-edge/","images/4eb0fbc4abd56fa40885f2fe9fac4d748f3aaf1c42790f87dd243c61939921f3.jpg","https://newhomes.lovell.co.uk/media/kfak0jht/the-crossings-crail-bathroom-5.jpg?rmode=max&width=2048","This is a residential bathroom."
"Oakwood Edge - Mayfield","Crail","3","https://newhomes.lovell.co.uk/development/oakwood-edge-mayfield/crail-oakwood-edge/","images/cbbe2f0562f3925a8835726c354020c1d1a8937da24e9441948ac29b8b6f541b.jpg","https://newhomes.lovell.co.uk/media/sejlcslb/the-crossings-crail-main-bedroom-1.jpg?rmode=max&width=2048","This is a furnished bedroom."
"Oakwood Edge - Mayfield","Crail","3","https://newhomes.lovell.co.uk/development/oakwood-edge-mayfield/crail-oakwood-edge/","images/8cd63957579b7d98346dd79daa4ffd6297ca58ac6e47f0eb352f67a639f7262e.jpg","https://newhomes.lovell.co.uk/media/r3fb3fr2/the-crossings-crail-en-suite-1.jpg?rmode=max&width=2048","This is a residential bathroom."
"Oakwood Edge - Mayfield","Crail","3","https://newhomes.lovell.co.uk/development/oakwood-edge-mayfield/crail-oakwood-edge/","images/58b65480257b96e3845d4bad6254b3e097fe0e76810969e0e7e2a567a7901f71.jpg","https://newhomes.lovell.co.uk/media/w1tcbumw/the-crossings-crail-bedroom-2_1.jpg?rmode=max&width=2048","This is a furnished bedroom."
"Oakwood Edge - Mayfield","Crail","3","https://newhomes.lovell.co.uk/development/oakwood-edge-mayfield/crail-oakwood-edge/","images/e0467b35ce12f2fda1c6552bddb7379c7220be92d369b2265ccee20bd555997a.jpg","https://newhomes.lovell.co.uk/media/fitl4lfd/the-crossings-crail-bedroom-3_4.jpg?rmode=max&width=2048","This is a furnished bedroom."
"Oakwood Edge - Mayfield","Crail","3","https://newhomes.lovell.co.uk/development/oakwood-edge-mayfield/crail-oakwood-edge/","images/a6bdee58e0e746b328044999f70abb2c94c920c431f284b609ae7feb714c524a.jpg","https://newhomes.lovell.co.uk/media/images/development/NHQC-banner.jpg?rmode=max&width=2048","The image shows the exterior of residential properties."
"Oakwood Edge - Mayfield","Crail","3","https://newhomes.lovell.co.uk/development/oakwood-edge-mayfield/crail-oakwood-edge/","images/61ec2b802ae164ac09e1ae33050f7013628c86f1d9ac77bfa34940d167c995d8.jpg","https://newhomes.lovell.co.uk/media/images/development/trustpilot-review-background-banner.jpg?rmode=max&width=2048","The image shows a kitchen interior."
"Oakwood Edge - Mayfield","Dundonald","3","https://newhomes.lovell.co.uk/development/oakwood-edge-mayfield/dundonald-oakwood-edge/","images/91e769d771cf4c6dbe803bb435aacfcf1d01510e78da388185a7c6442197542f.jpg","https://newhomes.lovell.co.uk/media/uirafwiw/oakwood-edge-dundonald.jpg?rmode=max&width=2048","This is an exterior photograph of the property."
"Oakwood Edge - Mayfield","Dundonald","3","https://newhomes.lovell.co.uk/development/oakwood-edge-mayfield/dundonald-oakwood-edge/","images/4d83d984c6778760134b31443273f8b9b46b2fe2392b164b210b2056d7ca1b74.jpg","https://newhomes.lovell.co.uk/media/taqd0yo3/oakwood-edge-carnoustie-lounge-2.jpg?rmode=max&width=2048","This is a photograph of a living room interior."
"Oakwood Edge - Mayfield","Dundonald","3","https://newhomes.lovell.co.uk/development/oakwood-edge-mayfield/dundonald-oakwood-edge/","images/889023f6af02dd60c17467af52c09920914ebf2aa1aa15bd5db581f56bd2c7ef.jpg","https://newhomes.lovell.co.uk/media/t35hwbfg/kitchen.jpg?rmode=max&width=2048","This is a photograph of a kitchen."
"Oakwood Edge - Mayfield","Dundonald","3","https://newhomes.lovell.co.uk/development/oakwood-edge-mayfield/dundonald-oakwood-edge/","images/ec545274d47b6ede88e38d11e4edb9c7a074b391151ba730fd92fec519d72dea.jpg","https://newhomes.lovell.co.uk/media/nj3pil14/dining.jpg?rmode=max&width=2048","This is a photograph of a dining area."
"Oakwood Edge - Mayfield","Dundonald","3","https://newhomes.lovell.co.uk/development/oakwood-edge-mayfield/dundonald-oakwood-edge/","images/b83c7f971a64c6e9afdc2f488ea7396bc22d4ecdda68a1298a6c487dc44b4b97.jpg","https://newhomes.lovell.co.uk/media/fyvhttzz/oakwood-edge-carnoustie-bathroom-2.jpg?rmode=max&width=2048","This is a photograph of a bathroom."
"Oakwood Edge - Mayfield","Dundonald","3","https://newhomes.lovell.co.uk/development/oakwood-edge-mayfield/dundonald-oakwood-edge/","images/5819b9dee398203895ae594adea6dd69141d5124658fd2c11d8df202d1f12e52.jpg","https://newhomes.lovell.co.uk/media/dcuib4ue/bathroom-2.jpg?rmode=max&width=2048","This is a photograph of a bathroom interior."
"Oakwood Edge - Mayfield","Dundonald","3","https://newhomes.lovell.co.uk/development/oakwood-edge-mayfield/dundonald-oakwood-edge/","images/98e17d1a830b29add96bdd97b2a929fc944139aa9b636c3f9d5493238b84e4c5.jpg","https://newhomes.lovell.co.uk/media/5vsfvoxq/landing.jpg?rmode=max&width=2048","This is a photograph of a hallway/landing."
"Oakwood Edge - Mayfield","Dundonald","3","https://newhomes.lovell.co.uk/development/oakwood-edge-mayfield/dundonald-oakwood-edge/","images/a0f4b2fd12135ca1ba5514275b24ce89e4ad965ddedf3eef595767168bec3af0.jpg","https://newhomes.lovell.co.uk/media/rpyf5jdy/oakwood-edge-carnoustie-main-bedroom-1.jpg?rmode=max&width=2048","This is a photograph of a bedroom."
"Oakwood Edge - Mayfield","Dundonald","3","https://newhomes.lovell.co.uk/development/oakwood-edge-mayfield/dundonald-oakwood-edge/","images/52e694d04cf46fd29d0ff069a0eb6cd7dc391e62a10393d3f1326252d2683c01.jpg","https://newhomes.lovell.co.uk/media/ghdgrewn/ensuite.jpg?rmode=max&width=2048","This is a photograph of a bathroom interior."
"Oakwood Edge - Mayfield","Dundonald","3","https://newhomes.lovell.co.uk/development/oakwood-edge-mayfield/dundonald-oakwood-edge/","images/dabad6e718e6d930a109d1066962860b7576ef5f2a9245985d14474fd4b4f181.jpg","https://newhomes.lovell.co.uk/media/0eldalo5/bed-2.jpg?rmode=max&width=2048","This is a photograph of a furnished bedroom."
"Oakwood Edge - Mayfield","Dundonald","3","https://newhomes.lovell.co.uk/development/oakwood-edge-mayfield/dundonald-oakwood-edge/","images/f11b5c9347dc3eecaa931ec003f34092377a874396c112763e04d313733f84a3.jpg","https://newhomes.lovell.co.uk/media/pnflqd0b/ensuite-2.jpg?rmode=max&width=2048","This is a photograph of a bathroom."
"Oakwood Edge - Mayfield","Dundonald","3","https://newhomes.lovell.co.uk/development/oakwood-edge-mayfield/dundonald-oakwood-edge/","images/ccdf7d01aafed35e77099da3292dd156764082847f081d3362591f315ed0edaa.jpg","https://newhomes.lovell.co.uk/media/uixhmwxg/bed-3.jpg?rmode=max&width=2048","This is a photograph of a child's bedroom."
"Oakwood Edge - Mayfield","Dundonald","3","https://newhomes.lovell.co.uk/development/oakwood-edge-mayfield/dundonald-oakwood-edge/","images/a6bdee58e0e746b328044999f70abb2c94c920c431f284b609ae7feb714c524a.jpg","https://newhomes.lovell.co.uk/media/images/development/NHQC-banner.jpg?rmode=max&width=2048","The image shows the exterior of residential properties."
"Oakwood Edge - Mayfield","Dundonald","3","https://newhomes.lovell.co.uk/development/oakwood-edge-mayfield/dundonald-oakwood-edge/","images/61ec2b802ae164ac09e1ae33050f7013628c86f1d9ac77bfa34940d167c995d8.jpg","https://newhomes.lovell.co.uk/media/images/development/trustpilot-review-background-banner.jpg?rmode=max&width=2048","The image shows a kitchen interior."
"Oakwood Edge - Mayfield","Elmwood","4","https://newhomes.lovell.co.uk/development/oakwood-edge-mayfield/elmwood-oakwood-edge/","images/dca4c76a065d71935cfdf1e825c7a7e8bf40fe655e89ba7d1190bc09d294bdf4.jpg","https://newhomes.lovell.co.uk/media/khrffqjq/2806-elmwood-dea-ext01-c_central-square.jpg?rmode=max&width=2048","This is a promotional exterior rendering of a property."
"Oakwood Edge - Mayfield","Elmwood","4","https://newhomes.lovell.co.uk/development/oakwood-edge-mayfield/elmwood-oakwood-edge/","images/658578b22eb82a1fd6eecbd66bcc6949d70be93007e58b97cf5dd6e32c519a07.jpg","https://newhomes.lovell.co.uk/media/h1apyfn1/lounge.jpg?rmode=max&width=2048","This is a photograph of a living room."
"Oakwood Edge - Mayfield","Elmwood","4","https://newhomes.lovell.co.uk/development/oakwood-edge-mayfield/elmwood-oakwood-edge/","images/003128e5a79f5f1373b4e16952975db06b9b2d4f32152688cdb52f22f5f66d0c.jpg","https://newhomes.lovell.co.uk/media/kpzjleif/kit-2.jpg?rmode=max&width=2048","This is a photograph of a functional kitchen and dining space."
"Oakwood Edge - Mayfield","Elmwood","4","https://newhomes.lovell.co.uk/development/oakwood-edge-mayfield/elmwood-oakwood-edge/","images/2ae3b4085ccf097a0d9f3dc63df66cd82771217a2597034a0536938834c54919.jpg","https://newhomes.lovell.co.uk/media/dankbamw/bathroom.jpg?rmode=max&width=2048","This is a photograph of a residential bathroom."
"Oakwood Edge - Mayfield","Elmwood","4","https://newhomes.lovell.co.uk/development/oakwood-edge-mayfield/elmwood-oakwood-edge/","images/0f2ecb5b389656c4046880d6b58caa6b79a95a9d6364b793cd9c8d76cd4bd50b.jpg","https://newhomes.lovell.co.uk/media/2xzjgz4o/kitchen.jpg?rmode=max&width=2048","This is a photograph of a kitchen area."
"Oakwood Edge - Mayfield","Elmwood","4","https://newhomes.lovell.co.uk/development/oakwood-edge-mayfield/elmwood-oakwood-edge/","images/90e89492ae4247d854cca161dad01b3afa426e645f54c226eba7edabcfd81659.jpg","https://newhomes.lovell.co.uk/media/5sqf3l3t/family-room.jpg?rmode=max&width=2048","This is a photograph of a living room."
"Oakwood Edge - Mayfield","Elmwood","4","https://newhomes.lovell.co.uk/development/oakwood-edge-mayfield/elmwood-oakwood-edge/","images/bf2989813539fe6e203f0aabce6aea5388d4bfbbe31e8b41916bd5f765bd66bf.jpg","https://newhomes.lovell.co.uk/media/2kffpdna/bed-1.jpg?rmode=max&width=2048","This is a photograph of a bedroom."
"Oakwood Edge - Mayfield","Elmwood","4","https://newhomes.lovell.co.uk/development/oakwood-edge-mayfield/elmwood-oakwood-edge/","images/42b29ac548f0c477ca2be592ae5c75012fdfd719a382cb602faf022d03992ccc.jpg","https://newhomes.lovell.co.uk/media/l55fwzfa/bed-2.jpg?rmode=max&width=2048","This is a photograph of a bedroom."
"Oakwood Edge - Mayfield","Elmwood","4","https://newhomes.lovell.co.uk/development/oakwood-edge-mayfield/elmwood-oakwood-edge/","images/d8567c4b9b4be80a1e2c06a8420034dec8b2b2885c3f2c2a22a7d3d1d9c0de4b.jpg","https://newhomes.lovell.co.uk/media/g1uhqwlt/ensuite.jpg?rmode=max&width=2048","This is a photograph of a bathroom."
"Oakwood Edge - Mayfield","Elmwood","4","https://newhomes.lovell.co.uk/development/oakwood-edge-mayfield/elmwood-oakwood-edge/","images/4af920050103598367aea8174718306b89cc7026bf7fa3e8b9e4b82bb990afe6.jpg","https://newhomes.lovell.co.uk/media/exsj0sfs/bed-3.jpg?rmode=max&width=2048","This is a photograph of a bedroom."
"Oakwood Edge - Mayfield","Elmwood","4","https://newhomes.lovell.co.uk/development/oakwood-edge-mayfield/elmwood-oakwood-edge/","images/f24789a4e990498d88a9cb984a1e2e04d003ed7a36673f8b9721647d8ca6a078.jpg","https://newhomes.lovell.co.uk/media/orhljcgi/ensuite-2.jpg?rmode=max&width=2048","This is a photograph of a functional bathroom interior."
"Oakwood Edge - Mayfield","Elmwood","4","https://newhomes.lovell.co.uk/development/oakwood-edge-mayfield/elmwood-oakwood-edge/","images/f1d3ea150f706f5ce2dfbb6488b6faa9f3837929d50026563410cb9349d43141.jpg","https://newhomes.lovell.co.uk/media/rp2ieab1/bed-4.jpg?rmode=max&width=2048","This is a photograph of a furnished bedroom."
"Oakwood Edge - Mayfield","Elmwood","4","https://newhomes.lovell.co.uk/development/oakwood-edge-mayfield/elmwood-oakwood-edge/","images/a6bdee58e0e746b328044999f70abb2c94c920c431f284b609ae7feb714c524a.jpg","https://newhomes.lovell.co.uk/media/images/development/NHQC-banner.jpg?rmode=max&width=2048","The image shows the exterior of residential properties."
"Oakwood Edge - Mayfield","Elmwood","4","https://newhomes.lovell.co.uk/development/oakwood-edge-mayfield/elmwood-oakwood-edge/","images/61ec2b802ae164ac09e1ae33050f7013628c86f1d9ac77bfa34940d167c995d8.jpg","https://newhomes.lovell.co.uk/media/images/development/trustpilot-review-background-banner.jpg?rmode=max&width=2048","The image shows a kitchen interior."
"Oakwood Edge - Mayfield","Gullane","4","https://newhomes.lovell.co.uk/development/oakwood-edge-mayfield/gullane-oakwood-edge/","images/f33fd271bdbce894d664445bdb3a5d5a57da70bb4de30aaf83671b9973dd9815.jpg","https://newhomes.lovell.co.uk/media/kbcnakt3/oakwood-edge-gullane.jpg?rmode=max&width=2048","This is an exterior view of a residential property."
"Oakwood Edge - Mayfield","Gullane","4","https://newhomes.lovell.co.uk/development/oakwood-edge-mayfield/gullane-oakwood-edge/","images/6685b34a686bd3703f245ed13ad09ba78d761d9df7606ae50a22ec0d24f56fd5.jpg","https://newhomes.lovell.co.uk/media/suvgnrkm/bed-1.jpg?rmode=max&width=2048","This is a furnished bedroom."
"Oakwood Edge - Mayfield","Gullane","4","https://newhomes.lovell.co.uk/development/oakwood-edge-mayfield/gullane-oakwood-edge/","images/b2042b060f2971a0dd151e36780cb2ae4417493a1979df2ba47b3372eec7fe02.jpg","https://newhomes.lovell.co.uk/media/rtwhi1vw/bath.jpg?rmode=max&width=2048","This is a residential bathroom."
"Oakwood Edge - Mayfield","Gullane","4","https://newhomes.lovell.co.uk/development/oakwood-edge-mayfield/gullane-oakwood-edge/","images/aa8d6e853b144fe89e7785e424f0f9f309d230de8fbda130ea1b6c2adef93bf5.jpg","https://newhomes.lovell.co.uk/media/cljb22pf/bath-2.jpg?rmode=max&width=2048","This is a residential bathroom."
"Oakwood Edge - Mayfield","Gullane","4","https://newhomes.lovell.co.uk/development/oakwood-edge-mayfield/gullane-oakwood-edge/","images/ca029851596164be943bb867bea0fdf4677ed3c448c03c4e6232d95c3ce96e5b.jpg","https://newhomes.lovell.co.uk/media/ewvntjil/bed-2.jpg?rmode=max&width=2048","This is a furnished bedroom."
"Oakwood Edge - Mayfield","Gullane","4","https://newhomes.lovell.co.uk/development/oakwood-edge-mayfield/gullane-oakwood-edge/","images/b223a18e360886f77f26a450fde0a1ed61b68e2f229fd2e0b9e8cef2bce0d0b0.jpg","https://newhomes.lovell.co.uk/media/csykcrv1/ensuite-2.jpg?rmode=max&width=2048","This is a residential bathroom."
"Oakwood Edge - Mayfield","Gullane","4","https://newhomes.lovell.co.uk/development/oakwood-edge-mayfield/gullane-oakwood-edge/","images/788239daced9b95a258a4e23a3d92bc58ad5fa634d09a8967d2c25e7724777ba.jpg","https://newhomes.lovell.co.uk/media/b5gbiqyh/ensuite.jpg?rmode=max&width=2048","This is a bedroom showing an adjacent bathroom."
"Oakwood Edge - Mayfield","Gullane","4","https://newhomes.lovell.co.uk/development/oakwood-edge-mayfield/gullane-oakwood-edge/","images/2eec44813b5035f6005c14087587b26ba310634149e617e028feefea44adbebf.jpg","https://newhomes.lovell.co.uk/media/wl0iw5pz/family.jpg?rmode=max&width=2048","This is a furnished living room."
"Oakwood Edge - Mayfield","Gullane","4","https://newhomes.lovell.co.uk/development/oakwood-edge-mayfield/gullane-oakwood-edge/","images/8e8066e7ccad56265f7d4ec653e58b4f3949c9106708744e4d648a018940b14a.jpg","https://newhomes.lovell.co.uk/media/uv5mlxnm/fam-2.jpg?rmode=max&width=2048","This is a living room area featuring a sofa and decorative elements."
"Oakwood Edge - Mayfield","Gullane","4","https://newhomes.lovell.co.uk/development/oakwood-edge-mayfield/gullane-oakwood-edge/","images/0a0ee4766e18ec4013c101a661df6552bcf85bdb149647a05261acb7a15b7bd4.jpg","https://newhomes.lovell.co.uk/media/ag2jhjr2/kit-2.jpg?rmode=max&width=2048","This is a dining area within an open-plan kitchen space."
"Oakwood Edge - Mayfield","Gullane","4","https://newhomes.lovell.co.uk/development/oakwood-edge-mayfield/gullane-oakwood-edge/","images/adc90db3c8b536cda50b7839b8775f5223f91433c76240a3f4984d527cbfbaff.jpg","https://newhomes.lovell.co.uk/media/nqjk3wbw/kit.jpg?rmode=max&width=2048","This is a combined kitchen and dining room."
"Oakwood Edge - Mayfield","Gullane","4","https://newhomes.lovell.co.uk/development/oakwood-edge-mayfield/gullane-oakwood-edge/","images/6b5042dbaf045d95ff89685931c87d3b2d80c6282dcabd2948788e542619f326.jpg","https://newhomes.lovell.co.uk/media/m2ierbu2/lounge.jpg?rmode=max&width=2048","This is a living room space."
"Oakwood Edge - Mayfield","Gullane","4","https://newhomes.lovell.co.uk/development/oakwood-edge-mayfield/gullane-oakwood-edge/","images/a7c20906c54792cd2841150cca737e7dc84e5037fe27b0e45d1d088c6081d50e.jpg","https://newhomes.lovell.co.uk/media/j1qaj1lh/bed-4.jpg?rmode=max&width=2048","This is a bedroom specifically styled as a nursery."
"Oakwood Edge - Mayfield","Gullane","4","https://newhomes.lovell.co.uk/development/oakwood-edge-mayfield/gullane-oakwood-edge/","images/9e8e904371f136575e0bb629abb1d764c3712b776f6e927ec27341463f8e9d5b.jpg","https://newhomes.lovell.co.uk/media/zovhi5x4/bed-3.jpg?rmode=max&width=2048","This is a bedroom."
"Oakwood Edge - Mayfield","Gullane","4","https://newhomes.lovell.co.uk/development/oakwood-edge-mayfield/gullane-oakwood-edge/","images/ccdf7d01aafed35e77099da3292dd156764082847f081d3362591f315ed0edaa.jpg","https://newhomes.lovell.co.uk/media/uixhmwxg/bed-3.jpg?rmode=max&width=2048","This is a photograph of a child's bedroom."
"Oakwood Edge - Mayfield","Gullane","4","https://newhomes.lovell.co.uk/development/oakwood-edge-mayfield/gullane-oakwood-edge/","images/a6bdee58e0e746b328044999f70abb2c94c920c431f284b609ae7feb714c524a.jpg","https://newhomes.lovell.co.uk/media/images/development/NHQC-banner.jpg?rmode=max&width=2048","The image shows the exterior of residential properties."
"Oakwood Edge - Mayfield","Gullane","4","https://newhomes.lovell.co.uk/development/oakwood-edge-mayfield/gullane-oakwood-edge/","images/61ec2b802ae164ac09e1ae33050f7013628c86f1d9ac77bfa34940d167c995d8.jpg","https://newhomes.lovell.co.uk/media/images/development/trustpilot-review-background-banner.jpg?rmode=max&width=2048","The image shows a kitchen interior."
"Oakwood Edge - Mayfield","Inverurie","4","https://newhomes.lovell.co.uk/development/oakwood-edge-mayfield/inverurie-oakwood-edge/","images/b333219fc3e1bbc9a6de9d65ed35f64dbc188501d4d479ed4082278a24788f91.jpg","https://newhomes.lovell.co.uk/media/25klttp3/oakwood-edge-inverurie.jpg?rmode=max&width=2048","This is a promotional exterior photograph of the property."
"Oakwood Edge - Mayfield","Inverurie","4","https://newhomes.lovell.co.uk/development/oakwood-edge-mayfield/inverurie-oakwood-edge/","images/cfa5135b0a0ed01cf588e75189820e1b70e19bbbfb55fde467329478648c9853.jpg","https://newhomes.lovell.co.uk/media/034b45uu/oakwood-edge-inverurie-lounge-16.jpg?rmode=max&width=2048","This is a photograph of a living and dining space."
"Oakwood Edge - Mayfield","Inverurie","4","https://newhomes.lovell.co.uk/development/oakwood-edge-mayfield/inverurie-oakwood-edge/","images/9b5c23a42d18d2856a6a0cf70e8736af35aba9c919d34651e4b967984237bcb1.jpg","https://newhomes.lovell.co.uk/media/21qhpkml/oakwood-edge-inverurie-kitchen-10.jpg?rmode=max&width=2048","This is a photograph of a kitchen and dining area."
"Oakwood Edge - Mayfield","Inverurie","4","https://newhomes.lovell.co.uk/development/oakwood-edge-mayfield/inverurie-oakwood-edge/","images/d19ce5e66694725d8dbe1ed8edfb236cec30a4c0514459468dc336ff243102c7.jpg","https://newhomes.lovell.co.uk/media/1y2ga1h4/oakwood-edge-inverurie-hallway-1.jpg?rmode=max&width=2048","This is a photograph of an entrance hallway."
"Oakwood Edge - Mayfield","Inverurie","4","https://newhomes.lovell.co.uk/development/oakwood-edge-mayfield/inverurie-oakwood-edge/","images/2eec44813b5035f6005c14087587b26ba310634149e617e028feefea44adbebf.jpg","https://newhomes.lovell.co.uk/media/wl0iw5pz/family.jpg?rmode=max&width=2048","This is a furnished living room."
"Oakwood Edge - Mayfield","Inverurie","4","https://newhomes.lovell.co.uk/development/oakwood-edge-mayfield/inverurie-oakwood-edge/","images/ca029851596164be943bb867bea0fdf4677ed3c448c03c4e6232d95c3ce96e5b.jpg","https://newhomes.lovell.co.uk/media/ewvntjil/bed-2.jpg?rmode=max&width=2048","This is a furnished bedroom."
"Oakwood Edge - Mayfield","Inverurie","4","https://newhomes.lovell.co.uk/development/oakwood-edge-mayfield/inverurie-oakwood-edge/","images/39ea5836e9c9be2a55c4e4486da12de4e5de7fbf6655cc9c904eb27b18da424e.jpg","https://newhomes.lovell.co.uk/media/grpbq4bk/oakwood-edge-inverurie-bedroom-11.jpg?rmode=max&width=2048","This is a photograph of a bedroom interior."
"Oakwood Edge - Mayfield","Inverurie","4","https://newhomes.lovell.co.uk/development/oakwood-edge-mayfield/inverurie-oakwood-edge/","images/a7c20906c54792cd2841150cca737e7dc84e5037fe27b0e45d1d088c6081d50e.jpg","https://newhomes.lovell.co.uk/media/j1qaj1lh/bed-4.jpg?rmode=max&width=2048","This is a bedroom specifically styled as a nursery."
"Oakwood Edge - Mayfield","Inverurie","4","https://newhomes.lovell.co.uk/development/oakwood-edge-mayfield/inverurie-oakwood-edge/","images/b2042b060f2971a0dd151e36780cb2ae4417493a1979df2ba47b3372eec7fe02.jpg","https://newhomes.lovell.co.uk/media/rtwhi1vw/bath.jpg?rmode=max&width=2048","This is a residential bathroom."
"Oakwood Edge - Mayfield","Inverurie","4","https://newhomes.lovell.co.uk/development/oakwood-edge-mayfield/inverurie-oakwood-edge/","images/a6bdee58e0e746b328044999f70abb2c94c920c431f284b609ae7feb714c524a.jpg","https://newhomes.lovell.co.uk/media/images/development/NHQC-banner.jpg?rmode=max&width=2048","The image shows the exterior of residential properties."
"Oakwood Edge - Mayfield","Inverurie","4","https://newhomes.lovell.co.uk/development/oakwood-edge-mayfield/inverurie-oakwood-edge/","images/61ec2b802ae164ac09e1ae33050f7013628c86f1d9ac77bfa34940d167c995d8.jpg","https://newhomes.lovell.co.uk/media/images/development/trustpilot-review-background-banner.jpg?rmode=max&width=2048","The image shows a kitchen interior."
"Oakwood Edge - Mayfield","Oakwood Edge - Mayfield development gallery","","https://newhomes.lovell.co.uk/development/oakwood-edge-mayfield/","images/ab1e17614bd8a0fb13c86497d8aa373e2a0b35c36017647084b5bfade7960a1b.jpg","https://newhomes.lovell.co.uk/media/bjfltqu3/carnoustie-lounge.jpg?rmode=max&width=2048","The image shows a furnished living area."
"Oakwood Edge - Mayfield","Oakwood Edge - Mayfield development gallery","","https://newhomes.lovell.co.uk/development/oakwood-edge-mayfield/","images/ca5a4ef5c7fa639643d3a1b77cff8b55d7f7f44009709d0b0297254589b09bc6.jpg","https://newhomes.lovell.co.uk/media/51qllyvy/69180_oakwoodfinal_sr-010.jpg?rmode=max&width=2048","This is a photograph of a furnished living room."
"Oakwood Edge - Mayfield","Oakwood Edge - Mayfield development gallery","","https://newhomes.lovell.co.uk/development/oakwood-edge-mayfield/","images/bd918171826109a260fe9bdf4cbe649e4b67929c1515b7155e10f0b65124e45e.jpg","https://newhomes.lovell.co.uk/media/b00bsbiu/69180_oakwoodfinal_sr-012.jpg?rmode=max&width=2048","This is a photograph of a furnished kitchen and dining space."
"Oakwood Edge - Mayfield","Oakwood Edge - Mayfield development gallery","","https://newhomes.lovell.co.uk/development/oakwood-edge-mayfield/","images/7d41a65afb3c3ffa0f83705a9b614c265f750e313afc30610c08893e753603b6.jpg","https://newhomes.lovell.co.uk/media/5n3e4wsl/69180_oakwoodfinal_sr-021.jpg?rmode=max&width=2048","This is a photograph of a furnished hallway."
"Oakwood Edge - Mayfield","Oakwood Edge - Mayfield development gallery","","https://newhomes.lovell.co.uk/development/oakwood-edge-mayfield/","images/42546bbfb19159feed050c592b52f50d14cd7450a786798186ba3d12c8e66f8b.jpg","https://newhomes.lovell.co.uk/media/yigfzicg/69180_oakwoodfinal_sr-018.jpg?rmode=max&width=2048","This is a photograph of a furnished living room."
"Oakwood Edge - Mayfield","Oakwood Edge - Mayfield development gallery","","https://newhomes.lovell.co.uk/development/oakwood-edge-mayfield/","images/ca029851596164be943bb867bea0fdf4677ed3c448c03c4e6232d95c3ce96e5b.jpg","https://newhomes.lovell.co.uk/media/ewvntjil/bed-2.jpg?rmode=max&width=2048","This is a furnished bedroom."
"Oakwood Edge - Mayfield","Oakwood Edge - Mayfield development gallery","","https://newhomes.lovell.co.uk/development/oakwood-edge-mayfield/","images/a2b433f84581a5c370993f1bda2c1bd98e3d52ce9a78b001a5c091b5c920c21c.jpg","https://newhomes.lovell.co.uk/media/hvqpt55x/oakwood-edge-1.jpg?rmode=max&width=2048","This is a photograph of the local area/exterior landscape."
"Oakwood Edge - Mayfield","Oakwood Edge - Mayfield development gallery","","https://newhomes.lovell.co.uk/development/oakwood-edge-mayfield/","images/17a2116151130f5fe957617420a988d8335fdf9a060909af76f3bf164ed9efc5.jpg","https://newhomes.lovell.co.uk/media/zipf54mr/oakwood-edge-2.jpg?rmode=max&width=2048","This is a photograph of an exterior location/facility."
"Oakwood Edge - Mayfield","Oakwood Edge - Mayfield development gallery","","https://newhomes.lovell.co.uk/development/oakwood-edge-mayfield/","images/a6bdee58e0e746b328044999f70abb2c94c920c431f284b609ae7feb714c524a.jpg","https://newhomes.lovell.co.uk/media/images/development/NHQC-banner.jpg?rmode=max&width=2048","The image shows the exterior of residential properties."
"Oakwood Edge - Mayfield","Oakwood Edge - Mayfield development gallery","","https://newhomes.lovell.co.uk/development/oakwood-edge-mayfield/","images/61ec2b802ae164ac09e1ae33050f7013628c86f1d9ac77bfa34940d167c995d8.jpg","https://newhomes.lovell.co.uk/media/images/development/trustpilot-review-background-banner.jpg?rmode=max&width=2048","The image shows a kitchen interior."
"Glow Garren - Hamilton","Fidra","4","https://newhomes.lovell.co.uk/development/glow-garren-hamilton/fidra-glow-garren/","images/2e4d905b8dda10ab3056138d89e54c1a5741892beb3b5f307d2bf9de783c7938.jpg","https://newhomes.lovell.co.uk/media/4zznjbtz/glow-garren-fidra-cgi.jpg?rmode=max&width=2048","This is a rendering of a property exterior."
"Glow Garren - Hamilton","Fidra","4","https://newhomes.lovell.co.uk/development/glow-garren-hamilton/fidra-glow-garren/","images/adc90db3c8b536cda50b7839b8775f5223f91433c76240a3f4984d527cbfbaff.jpg","https://newhomes.lovell.co.uk/media/nqjk3wbw/kit.jpg?rmode=max&width=2048","This is a combined kitchen and dining room."
"Glow Garren - Hamilton","Fidra","4","https://newhomes.lovell.co.uk/development/glow-garren-hamilton/fidra-glow-garren/","images/0a0ee4766e18ec4013c101a661df6552bcf85bdb149647a05261acb7a15b7bd4.jpg","https://newhomes.lovell.co.uk/media/ag2jhjr2/kit-2.jpg?rmode=max&width=2048","This is a dining area within an open-plan kitchen space."
"Glow Garren - Hamilton","Fidra","4","https://newhomes.lovell.co.uk/development/glow-garren-hamilton/fidra-glow-garren/","images/6b5042dbaf045d95ff89685931c87d3b2d80c6282dcabd2948788e542619f326.jpg","https://newhomes.lovell.co.uk/media/m2ierbu2/lounge.jpg?rmode=max&width=2048","This is a living room space."
"Glow Garren - Hamilton","Fidra","4","https://newhomes.lovell.co.uk/development/glow-garren-hamilton/fidra-glow-garren/","images/2eec44813b5035f6005c14087587b26ba310634149e617e028feefea44adbebf.jpg","https://newhomes.lovell.co.uk/media/wl0iw5pz/family.jpg?rmode=max&width=2048","This is a furnished living room."
"Glow Garren - Hamilton","Fidra","4","https://newhomes.lovell.co.uk/development/glow-garren-hamilton/fidra-glow-garren/","images/8e8066e7ccad56265f7d4ec653e58b4f3949c9106708744e4d648a018940b14a.jpg","https://newhomes.lovell.co.uk/media/uv5mlxnm/fam-2.jpg?rmode=max&width=2048","This is a living room area featuring a sofa and decorative elements."
"Glow Garren - Hamilton","Fidra","4","https://newhomes.lovell.co.uk/development/glow-garren-hamilton/fidra-glow-garren/","images/6685b34a686bd3703f245ed13ad09ba78d761d9df7606ae50a22ec0d24f56fd5.jpg","https://newhomes.lovell.co.uk/media/suvgnrkm/bed-1.jpg?rmode=max&width=2048","This is a furnished bedroom."
"Glow Garren - Hamilton","Fidra","4","https://newhomes.lovell.co.uk/development/glow-garren-hamilton/fidra-glow-garren/","images/788239daced9b95a258a4e23a3d92bc58ad5fa634d09a8967d2c25e7724777ba.jpg","https://newhomes.lovell.co.uk/media/b5gbiqyh/ensuite.jpg?rmode=max&width=2048","This is a bedroom showing an adjacent bathroom."
"Glow Garren - Hamilton","Fidra","4","https://newhomes.lovell.co.uk/development/glow-garren-hamilton/fidra-glow-garren/","images/aa8d6e853b144fe89e7785e424f0f9f309d230de8fbda130ea1b6c2adef93bf5.jpg","https://newhomes.lovell.co.uk/media/cljb22pf/bath-2.jpg?rmode=max&width=2048","This is a residential bathroom."
"Glow Garren - Hamilton","Fidra","4","https://newhomes.lovell.co.uk/development/glow-garren-hamilton/fidra-glow-garren/","images/b2042b060f2971a0dd151e36780cb2ae4417493a1979df2ba47b3372eec7fe02.jpg","https://newhomes.lovell.co.uk/media/rtwhi1vw/bath.jpg?rmode=max&width=2048","This is a residential bathroom."
"Glow Garren - Hamilton","Fidra","4","https://newhomes.lovell.co.uk/development/glow-garren-hamilton/fidra-glow-garren/","images/9e8e904371f136575e0bb629abb1d764c3712b776f6e927ec27341463f8e9d5b.jpg","https://newhomes.lovell.co.uk/media/zovhi5x4/bed-3.jpg?rmode=max&width=2048","This is a bedroom."
"Glow Garren - Hamilton","Fidra","4","https://newhomes.lovell.co.uk/development/glow-garren-hamilton/fidra-glow-garren/","images/b223a18e360886f77f26a450fde0a1ed61b68e2f229fd2e0b9e8cef2bce0d0b0.jpg","https://newhomes.lovell.co.uk/media/csykcrv1/ensuite-2.jpg?rmode=max&width=2048","This is a residential bathroom."
"Glow Garren - Hamilton","Fidra","4","https://newhomes.lovell.co.uk/development/glow-garren-hamilton/fidra-glow-garren/","images/ccdf7d01aafed35e77099da3292dd156764082847f081d3362591f315ed0edaa.jpg","https://newhomes.lovell.co.uk/media/uixhmwxg/bed-3.jpg?rmode=max&width=2048","This is a photograph of a child's bedroom."
"Glow Garren - Hamilton","Fidra","4","https://newhomes.lovell.co.uk/development/glow-garren-hamilton/fidra-glow-garren/","images/a7c20906c54792cd2841150cca737e7dc84e5037fe27b0e45d1d088c6081d50e.jpg","https://newhomes.lovell.co.uk/media/j1qaj1lh/bed-4.jpg?rmode=max&width=2048","This is a bedroom specifically styled as a nursery."
"Glow Garren - Hamilton","Fidra","4","https://newhomes.lovell.co.uk/development/glow-garren-hamilton/fidra-glow-garren/","images/ca029851596164be943bb867bea0fdf4677ed3c448c03c4e6232d95c3ce96e5b.jpg","https://newhomes.lovell.co.uk/media/ewvntjil/bed-2.jpg?rmode=max&width=2048","This is a furnished bedroom."
"Glow Garren - Hamilton","Fidra","4","https://newhomes.lovell.co.uk/development/glow-garren-hamilton/fidra-glow-garren/","images/a6bdee58e0e746b328044999f70abb2c94c920c431f284b609ae7feb714c524a.jpg","https://newhomes.lovell.co.uk/media/images/development/NHQC-banner.jpg?rmode=max&width=2048","The image shows the exterior of residential properties."
"Glow Garren - Hamilton","Fidra","4","https://newhomes.lovell.co.uk/development/glow-garren-hamilton/fidra-glow-garren/","images/61ec2b802ae164ac09e1ae33050f7013628c86f1d9ac77bfa34940d167c995d8.jpg","https://newhomes.lovell.co.uk/media/images/development/trustpilot-review-background-banner.jpg?rmode=max&width=2048","The image shows a kitchen interior."
"Glow Garren - Hamilton","Gullane","4","https://newhomes.lovell.co.uk/development/glow-garren-hamilton/gullane-glow-garren/","images/0f39c78ff8fd522aece0bc8549897528a817a8f93dacd0c63c63fa9d786265d1.jpg","https://newhomes.lovell.co.uk/media/1hclz4ib/glow-garren-gullane-cgi.jpg?rmode=max&width=2048","This is an exterior architectural visualization of a property."
"Glow Garren - Hamilton","Gullane","4","https://newhomes.lovell.co.uk/development/glow-garren-hamilton/gullane-glow-garren/","images/6b5042dbaf045d95ff89685931c87d3b2d80c6282dcabd2948788e542619f326.jpg","https://newhomes.lovell.co.uk/media/m2ierbu2/lounge.jpg?rmode=max&width=2048","This is a living room space."
"Glow Garren - Hamilton","Gullane","4","https://newhomes.lovell.co.uk/development/glow-garren-hamilton/gullane-glow-garren/","images/adc90db3c8b536cda50b7839b8775f5223f91433c76240a3f4984d527cbfbaff.jpg","https://newhomes.lovell.co.uk/media/nqjk3wbw/kit.jpg?rmode=max&width=2048","This is a combined kitchen and dining room."
"Glow Garren - Hamilton","Gullane","4","https://newhomes.lovell.co.uk/development/glow-garren-hamilton/gullane-glow-garren/","images/788239daced9b95a258a4e23a3d92bc58ad5fa634d09a8967d2c25e7724777ba.jpg","https://newhomes.lovell.co.uk/media/b5gbiqyh/ensuite.jpg?rmode=max&width=2048","This is a bedroom showing an adjacent bathroom."
"Glow Garren - Hamilton","Gullane","4","https://newhomes.lovell.co.uk/development/glow-garren-hamilton/gullane-glow-garren/","images/0a0ee4766e18ec4013c101a661df6552bcf85bdb149647a05261acb7a15b7bd4.jpg","https://newhomes.lovell.co.uk/media/ag2jhjr2/kit-2.jpg?rmode=max&width=2048","This is a dining area within an open-plan kitchen space."
"Glow Garren - Hamilton","Gullane","4","https://newhomes.lovell.co.uk/development/glow-garren-hamilton/gullane-glow-garren/","images/2eec44813b5035f6005c14087587b26ba310634149e617e028feefea44adbebf.jpg","https://newhomes.lovell.co.uk/media/wl0iw5pz/family.jpg?rmode=max&width=2048","This is a furnished living room."
"Glow Garren - Hamilton","Gullane","4","https://newhomes.lovell.co.uk/development/glow-garren-hamilton/gullane-glow-garren/","images/8e8066e7ccad56265f7d4ec653e58b4f3949c9106708744e4d648a018940b14a.jpg","https://newhomes.lovell.co.uk/media/uv5mlxnm/fam-2.jpg?rmode=max&width=2048","This is a living room area featuring a sofa and decorative elements."
"Glow Garren - Hamilton","Gullane","4","https://newhomes.lovell.co.uk/development/glow-garren-hamilton/gullane-glow-garren/","images/b2042b060f2971a0dd151e36780cb2ae4417493a1979df2ba47b3372eec7fe02.jpg","https://newhomes.lovell.co.uk/media/rtwhi1vw/bath.jpg?rmode=max&width=2048","This is a residential bathroom."
"Glow Garren - Hamilton","Gullane","4","https://newhomes.lovell.co.uk/development/glow-garren-hamilton/gullane-glow-garren/","images/aa8d6e853b144fe89e7785e424f0f9f309d230de8fbda130ea1b6c2adef93bf5.jpg","https://newhomes.lovell.co.uk/media/cljb22pf/bath-2.jpg?rmode=max&width=2048","This is a residential bathroom."
"Glow Garren - Hamilton","Gullane","4","https://newhomes.lovell.co.uk/development/glow-garren-hamilton/gullane-glow-garren/","images/9e8e904371f136575e0bb629abb1d764c3712b776f6e927ec27341463f8e9d5b.jpg","https://newhomes.lovell.co.uk/media/zovhi5x4/bed-3.jpg?rmode=max&width=2048","This is a bedroom."
"Glow Garren - Hamilton","Gullane","4","https://newhomes.lovell.co.uk/development/glow-garren-hamilton/gullane-glow-garren/","images/b223a18e360886f77f26a450fde0a1ed61b68e2f229fd2e0b9e8cef2bce0d0b0.jpg","https://newhomes.lovell.co.uk/media/csykcrv1/ensuite-2.jpg?rmode=max&width=2048","This is a residential bathroom."
"Glow Garren - Hamilton","Gullane","4","https://newhomes.lovell.co.uk/development/glow-garren-hamilton/gullane-glow-garren/","images/a7c20906c54792cd2841150cca737e7dc84e5037fe27b0e45d1d088c6081d50e.jpg","https://newhomes.lovell.co.uk/media/j1qaj1lh/bed-4.jpg?rmode=max&width=2048","This is a bedroom specifically styled as a nursery."
"Glow Garren - Hamilton","Gullane","4","https://newhomes.lovell.co.uk/development/glow-garren-hamilton/gullane-glow-garren/","images/6685b34a686bd3703f245ed13ad09ba78d761d9df7606ae50a22ec0d24f56fd5.jpg","https://newhomes.lovell.co.uk/media/suvgnrkm/bed-1.jpg?rmode=max&width=2048","This is a furnished bedroom."
"Glow Garren - Hamilton","Gullane","4","https://newhomes.lovell.co.uk/development/glow-garren-hamilton/gullane-glow-garren/","images/ccdf7d01aafed35e77099da3292dd156764082847f081d3362591f315ed0edaa.jpg","https://newhomes.lovell.co.uk/media/uixhmwxg/bed-3.jpg?rmode=max&width=2048","This is a photograph of a child's bedroom."
"Glow Garren - Hamilton","Gullane","4","https://newhomes.lovell.co.uk/development/glow-garren-hamilton/gullane-glow-garren/","images/ca029851596164be943bb867bea0fdf4677ed3c448c03c4e6232d95c3ce96e5b.jpg","https://newhomes.lovell.co.uk/media/ewvntjil/bed-2.jpg?rmode=max&width=2048","This is a furnished bedroom."
"Glow Garren - Hamilton","Gullane","4","https://newhomes.lovell.co.uk/development/glow-garren-hamilton/gullane-glow-garren/","images/a6bdee58e0e746b328044999f70abb2c94c920c431f284b609ae7feb714c524a.jpg","https://newhomes.lovell.co.uk/media/images/development/NHQC-banner.jpg?rmode=max&width=2048","The image shows the exterior of residential properties."
"Glow Garren - Hamilton","Gullane","4","https://newhomes.lovell.co.uk/development/glow-garren-hamilton/gullane-glow-garren/","images/61ec2b802ae164ac09e1ae33050f7013628c86f1d9ac77bfa34940d167c995d8.jpg","https://newhomes.lovell.co.uk/media/images/development/trustpilot-review-background-banner.jpg?rmode=max&width=2048","The image shows a kitchen interior."
"Glow Garren - Hamilton","Inverurie","4","https://newhomes.lovell.co.uk/development/glow-garren-hamilton/inverurie-glow-garren/","images/6d48df2adde15422aa927b1ac50f6214658794249c763a53c07ccb7443ef8d99.jpg","https://newhomes.lovell.co.uk/media/mv3o2n44/glow-garren-inverurie-cgi.jpg?rmode=max&width=2048","This is an exterior architectural visualization of a property."
"Glow Garren - Hamilton","Inverurie","4","https://newhomes.lovell.co.uk/development/glow-garren-hamilton/inverurie-glow-garren/","images/adc90db3c8b536cda50b7839b8775f5223f91433c76240a3f4984d527cbfbaff.jpg","https://newhomes.lovell.co.uk/media/nqjk3wbw/kit.jpg?rmode=max&width=2048","This is a combined kitchen and dining room."
"Glow Garren - Hamilton","Inverurie","4","https://newhomes.lovell.co.uk/development/glow-garren-hamilton/inverurie-glow-garren/","images/cfa5135b0a0ed01cf588e75189820e1b70e19bbbfb55fde467329478648c9853.jpg","https://newhomes.lovell.co.uk/media/034b45uu/oakwood-edge-inverurie-lounge-16.jpg?rmode=max&width=2048","This is a photograph of a living and dining space."
"Glow Garren - Hamilton","Inverurie","4","https://newhomes.lovell.co.uk/development/glow-garren-hamilton/inverurie-glow-garren/","images/45142f6c83880e689436d68c3fb0c663560444d581b4dea1ed96d32474b7c08b.jpg","https://newhomes.lovell.co.uk/media/hf2b0lyq/oakwood-edge-inverurie-hallway-3.jpg?rmode=max&width=2048","This is an interior photograph of a hallway."
"Glow Garren - Hamilton","Inverurie","4","https://newhomes.lovell.co.uk/development/glow-garren-hamilton/inverurie-glow-garren/","images/1b5cbd68c3b0d5e1d589c4e170e3c33124770a3add16dc6c03fc226e62a7e5fe.jpg","https://newhomes.lovell.co.uk/media/gxvndnbx/oakwood-edge-inverurie-family-room-2.jpg?rmode=max&width=2048","This is an interior photograph of a living room."
"Glow Garren - Hamilton","Inverurie","4","https://newhomes.lovell.co.uk/development/glow-garren-hamilton/inverurie-glow-garren/","images/ca029851596164be943bb867bea0fdf4677ed3c448c03c4e6232d95c3ce96e5b.jpg","https://newhomes.lovell.co.uk/media/ewvntjil/bed-2.jpg?rmode=max&width=2048","This is a furnished bedroom."
"Glow Garren - Hamilton","Inverurie","4","https://newhomes.lovell.co.uk/development/glow-garren-hamilton/inverurie-glow-garren/","images/6685b34a686bd3703f245ed13ad09ba78d761d9df7606ae50a22ec0d24f56fd5.jpg","https://newhomes.lovell.co.uk/media/suvgnrkm/bed-1.jpg?rmode=max&width=2048","This is a furnished bedroom."
"Glow Garren - Hamilton","Inverurie","4","https://newhomes.lovell.co.uk/development/glow-garren-hamilton/inverurie-glow-garren/","images/a3e5261044fc89c832b8ea3215a94657ea2806680a4e6c1f9c8c5c29c26e4c74.jpg","https://newhomes.lovell.co.uk/media/0c4juh3w/oakwood-edge-inverurie-bedroom-kids-1.jpg?rmode=max&width=2048","The room is clearly a nursery, evidenced by the cot, soft toys, and child-themed decor."
"Glow Garren - Hamilton","Inverurie","4","https://newhomes.lovell.co.uk/development/glow-garren-hamilton/inverurie-glow-garren/","images/df916c6778471773675ae554dbbeb32f754b19d6396584f7e40bb1af51306153.jpg","https://newhomes.lovell.co.uk/media/0cghvzs1/oakwood-edge-inverurie-en-suite-2.jpg?rmode=max&width=2048","The presence of a toilet, sink, and shower confirms this is a bathroom."
"Glow Garren - Hamilton","Inverurie","4","https://newhomes.lovell.co.uk/development/glow-garren-hamilton/inverurie-glow-garren/","images/32f9441004687f31e341c264446bf1b20ea1061f3f5504dca26fa62ba69010ee.jpg","https://newhomes.lovell.co.uk/media/q2cpqupn/oakwood-edge-inverurie-upper-hallway.jpg?rmode=max&width=2048","The space connects multiple rooms and includes a staircase, identifying it as a landing."
"Glow Garren - Hamilton","Inverurie","4","https://newhomes.lovell.co.uk/development/glow-garren-hamilton/inverurie-glow-garren/","images/b2042b060f2971a0dd151e36780cb2ae4417493a1979df2ba47b3372eec7fe02.jpg","https://newhomes.lovell.co.uk/media/rtwhi1vw/bath.jpg?rmode=max&width=2048","This is a residential bathroom."
"Glow Garren - Hamilton","Inverurie","4","https://newhomes.lovell.co.uk/development/glow-garren-hamilton/inverurie-glow-garren/","images/a6bdee58e0e746b328044999f70abb2c94c920c431f284b609ae7feb714c524a.jpg","https://newhomes.lovell.co.uk/media/images/development/NHQC-banner.jpg?rmode=max&width=2048","The image shows the exterior of residential properties."
"Glow Garren - Hamilton","Inverurie","4","https://newhomes.lovell.co.uk/development/glow-garren-hamilton/inverurie-glow-garren/","images/61ec2b802ae164ac09e1ae33050f7013628c86f1d9ac77bfa34940d167c995d8.jpg","https://newhomes.lovell.co.uk/media/images/development/trustpilot-review-background-banner.jpg?rmode=max&width=2048","The image shows a kitchen interior."
"Glow Garren - Hamilton","Jedburgh","5","https://newhomes.lovell.co.uk/development/glow-garren-hamilton/jedburgh-glow-garren/","images/0e7354331cc277b424666f0d168da777feffbf9f6fb87f828183f898f8fda767.jpg","https://newhomes.lovell.co.uk/media/ldhd035m/glow-garren-jedburgh-cgi.jpg?rmode=max&width=2048","This is an exterior view of the property."
"Glow Garren - Hamilton","Jedburgh","5","https://newhomes.lovell.co.uk/development/glow-garren-hamilton/jedburgh-glow-garren/","images/03284c8d03d121261bd97dd6e60e73f64748dcd7ea0150b1fd26bf0b75509053.jpg","https://newhomes.lovell.co.uk/media/lonop5nt/20250312-lovell-homes-glow-garren-jedburgh-lounge-002.jpg?rmode=max&width=2048","This is a photograph of a furnished living room."
"Glow Garren - Hamilton","Jedburgh","5","https://newhomes.lovell.co.uk/development/glow-garren-hamilton/jedburgh-glow-garren/","images/966538ae8a93a51aa33498842a14d1e0c39a8d63d16aa89868b9ad2b8587ffbe.jpg","https://newhomes.lovell.co.uk/media/x53odyq1/20250312-lovell-homes-glow-garren-jedburgh-lounge-003.jpg?rmode=max&width=2048","This is a photograph of a furnished living room."
"Glow Garren - Hamilton","Jedburgh","5","https://newhomes.lovell.co.uk/development/glow-garren-hamilton/jedburgh-glow-garren/","images/37300941b87e427aaecb76a3a461142a300ca6ff92cf2341b0592e5b50c7ed54.jpg","https://newhomes.lovell.co.uk/media/xndnoxkt/20250312-lovell-homes-glow-garren-jedburgh-lounge-005.jpg?rmode=max&width=2048","This is a photograph showing the transition between the living room and dining area."
"Glow Garren - Hamilton","Jedburgh","5","https://newhomes.lovell.co.uk/development/glow-garren-hamilton/jedburgh-glow-garren/","images/e7a197cd851d9e3a36c4bac4dd7a088925fccfa961d2f0b53fdcbd33dc99c238.jpg","https://newhomes.lovell.co.uk/media/pebae1sz/20250312-lovell-homes-glow-garren-jedburgh-kitchen-dining-001.jpg?rmode=max&width=2048","This is a photograph of a furnished dining room."
"Glow Garren - Hamilton","Jedburgh","5","https://newhomes.lovell.co.uk/development/glow-garren-hamilton/jedburgh-glow-garren/","images/13a177f599bb8466d6e9dc687b055254bc8168b57c0c808366e168423b5270de.jpg","https://newhomes.lovell.co.uk/media/qqafyfhn/20250312-lovell-homes-glow-garren-jedburgh-kitchen-dining-003.jpg?rmode=max&width=2048","This is a photograph of a furnished kitchen."
"Glow Garren - Hamilton","Jedburgh","5","https://newhomes.lovell.co.uk/development/glow-garren-hamilton/jedburgh-glow-garren/","images/df2116031af4819572dab2ec94b41a7d68a18d45642c5da845fc56caf0403b1f.jpg","https://newhomes.lovell.co.uk/media/ugub0tln/20250312-lovell-homes-glow-garren-jedburgh-kitchen-dining-002.jpg?rmode=max&width=2048","The image shows a dining room and kitchen area within a residential property."
"Glow Garren - Hamilton","Jedburgh","5","https://newhomes.lovell.co.uk/development/glow-garren-hamilton/jedburgh-glow-garren/","images/549f09af738902e21075c24b40b1335b51d4bb90ddb0404e3dcebddd3406755d.jpg","https://newhomes.lovell.co.uk/media/jn2j2qji/20250312-lovell-homes-glow-garren-jedburgh-utility-001.jpg?rmode=max&width=2048","The image depicts a utility room, which is a functional space in a home."
"Glow Garren - Hamilton","Jedburgh","5","https://newhomes.lovell.co.uk/development/glow-garren-hamilton/jedburgh-glow-garren/","images/3ce4a0b5e6aad46dc54d7bdc57e59407d6bc964d624c56de298cf0948afa2108.jpg","https://newhomes.lovell.co.uk/media/orweingz/20250312-lovell-homes-glow-garren-jedburgh-hall-001.jpg?rmode=max&width=2048","The image shows the entrance hallway of a residential property."
"Glow Garren - Hamilton","Jedburgh","5","https://newhomes.lovell.co.uk/development/glow-garren-hamilton/jedburgh-glow-garren/","images/2abaf8a4561b5cedd0d172a941360d41676dcb544a18fbfec0e787197dd0198e.jpg","https://newhomes.lovell.co.uk/media/2hafn25g/20250312-lovell-homes-glow-garren-jedburgh-hall-002.jpg?rmode=max&width=2048","This is a photograph of an entrance hallway in a residential property."
"Glow Garren - Hamilton","Jedburgh","5","https://newhomes.lovell.co.uk/development/glow-garren-hamilton/jedburgh-glow-garren/","images/aa8d6e853b144fe89e7785e424f0f9f309d230de8fbda130ea1b6c2adef93bf5.jpg","https://newhomes.lovell.co.uk/media/cljb22pf/bath-2.jpg?rmode=max&width=2048","This is a residential bathroom."
"Glow Garren - Hamilton","Jedburgh","5","https://newhomes.lovell.co.uk/development/glow-garren-hamilton/jedburgh-glow-garren/","images/b2042b060f2971a0dd151e36780cb2ae4417493a1979df2ba47b3372eec7fe02.jpg","https://newhomes.lovell.co.uk/media/rtwhi1vw/bath.jpg?rmode=max&width=2048","This is a residential bathroom."
"Glow Garren - Hamilton","Jedburgh","5","https://newhomes.lovell.co.uk/development/glow-garren-hamilton/jedburgh-glow-garren/","images/a7c20906c54792cd2841150cca737e7dc84e5037fe27b0e45d1d088c6081d50e.jpg","https://newhomes.lovell.co.uk/media/j1qaj1lh/bed-4.jpg?rmode=max&width=2048","This is a bedroom specifically styled as a nursery."
"Glow Garren - Hamilton","Jedburgh","5","https://newhomes.lovell.co.uk/development/glow-garren-hamilton/jedburgh-glow-garren/","images/d125e5502bc0572d3c0f6c37f0d1c9cbb6404b904df46c386118bd994c0ea801.jpg","https://newhomes.lovell.co.uk/media/2dmfgdub/ensuite.jpg?rmode=max&width=2048","This is a photograph of a bathroom or shower room."
"Glow Garren - Hamilton","Jedburgh","5","https://newhomes.lovell.co.uk/development/glow-garren-hamilton/jedburgh-glow-garren/","images/42b29ac548f0c477ca2be592ae5c75012fdfd719a382cb602faf022d03992ccc.jpg","https://newhomes.lovell.co.uk/media/l55fwzfa/bed-2.jpg?rmode=max&width=2048","This is a photograph of a bedroom."
"Glow Garren - Hamilton","Jedburgh","5","https://newhomes.lovell.co.uk/development/glow-garren-hamilton/jedburgh-glow-garren/","images/e475af658b538cea3ad6df83b50ab895cbf2508abf63f184b7926197a292c738.jpg","https://newhomes.lovell.co.uk/media/4dimky1i/bed-4.jpg?rmode=max&width=2048","This is a photograph of a furnished bedroom."
"Glow Garren - Hamilton","Jedburgh","5","https://newhomes.lovell.co.uk/development/glow-garren-hamilton/jedburgh-glow-garren/","images/b4ca0fc88a22d992f8f7730f81a82edb97d0ef1af6aa89b4533f5bd505919a6b.jpg","https://newhomes.lovell.co.uk/media/mgih1vgy/bed-3.jpg?rmode=max&width=2048","This is a photograph of a furnished bedroom."
"Glow Garren - Hamilton","Jedburgh","5","https://newhomes.lovell.co.uk/development/glow-garren-hamilton/jedburgh-glow-garren/","images/ba97b033225b66cbf0c2284f98c4f0762ab51b44576d907c3ba4ed57b400f950.jpg","https://newhomes.lovell.co.uk/media/m3ap3icq/bed-2.jpg?rmode=max&width=2048","This is a photograph of a furnished bedroom."
"Glow Garren - Hamilton","Jedburgh","5","https://newhomes.lovell.co.uk/development/glow-garren-hamilton/jedburgh-glow-garren/","images/8c2ca10439783c44d768047b3521f31f7421c5ba0e0daaa2cfcaf6bc0854488d.jpg","https://newhomes.lovell.co.uk/media/ffshpayo/ensuite-2.jpg?rmode=max&width=2048","This is a photograph of a bathroom or shower room."
"Glow Garren - Hamilton","Jedburgh","5","https://newhomes.lovell.co.uk/development/glow-garren-hamilton/jedburgh-glow-garren/","images/a6bdee58e0e746b328044999f70abb2c94c920c431f284b609ae7feb714c524a.jpg","https://newhomes.lovell.co.uk/media/images/development/NHQC-banner.jpg?rmode=max&width=2048","The image shows the exterior of residential properties."
"Glow Garren - Hamilton","Jedburgh","5","https://newhomes.lovell.co.uk/development/glow-garren-hamilton/jedburgh-glow-garren/","images/61ec2b802ae164ac09e1ae33050f7013628c86f1d9ac77bfa34940d167c995d8.jpg","https://newhomes.lovell.co.uk/media/images/development/trustpilot-review-background-banner.jpg?rmode=max&width=2048","The image shows a kitchen interior."
"Glow Garren - Hamilton","Bothwell","3","https://newhomes.lovell.co.uk/development/glow-garren-hamilton/bothwell-glow-garren/","images/ebe190d9048c708f9e95c09a34b9c4fa076dea030851b497328bcd94c3d6a631.jpg","https://newhomes.lovell.co.uk/media/gatl3zgi/glow-garren-bothwell-cgi.jpg?rmode=max&width=2048","The image is a high-quality architectural rendering of the exterior of a residential building."
"Glow Garren - Hamilton","Bothwell","3","https://newhomes.lovell.co.uk/development/glow-garren-hamilton/bothwell-glow-garren/","images/f93a52db2a58398bb76089427dd77d7fee60597112e8202385a0c839c683ddcc.jpg","https://newhomes.lovell.co.uk/media/r0fluevn/kitchen-2.jpg?rmode=max&width=2048","The image shows a functional kitchen space with cabinets, appliances, and countertops."
"Glow Garren - Hamilton","Bothwell","3","https://newhomes.lovell.co.uk/development/glow-garren-hamilton/bothwell-glow-garren/","images/5f91741296ab4358b1af56b74a74c26724bdf28a9959c8d3481805c66c9ff373.jpg","https://newhomes.lovell.co.uk/media/elicn4dh/bathroom.jpg?rmode=max&width=2048","The image shows a furnished bathroom."
"Glow Garren - Hamilton","Bothwell","3","https://newhomes.lovell.co.uk/development/glow-garren-hamilton/bothwell-glow-garren/","images/dc0ab7bec697a158f422d67e3a836adabeca92f6051bbde18b776dc3b4aa46ea.jpg","https://newhomes.lovell.co.uk/media/lx0jx5eo/bed-2.jpg?rmode=max&width=2048","The image shows a furnished bedroom."
"Glow Garren - Hamilton","Bothwell","3","https://newhomes.lovell.co.uk/development/glow-garren-hamilton/bothwell-glow-garren/","images/b5870a713981ee11c9aa14d7ff1b96ebd86c5cc1342377cb45aabde0542fa6dd.jpg","https://newhomes.lovell.co.uk/media/efkoezyk/bed-3.jpg?rmode=max&width=2048","The image shows a furnished bedroom."
"Glow Garren - Hamilton","Bothwell","3","https://newhomes.lovell.co.uk/development/glow-garren-hamilton/bothwell-glow-garren/","images/9163d59a013c990ef27af69a224de9cbf7e601e91fa9cb097494a19450bfb31a.jpg","https://newhomes.lovell.co.uk/media/vhpfc3c1/bed-1.jpg?rmode=max&width=2048","The image shows a furnished bedroom."
"Glow Garren - Hamilton","Bothwell","3","https://newhomes.lovell.co.uk/development/glow-garren-hamilton/bothwell-glow-garren/","images/4551a6455af247de73614499e21766f0e496dfdf3e9ae130d46809f965145465.jpg","https://newhomes.lovell.co.uk/media/4hpcjmkk/kitchen.jpg?rmode=max&width=2048","The image shows a kitchen interior."
"Glow Garren - Hamilton","Bothwell","3","https://newhomes.lovell.co.uk/development/glow-garren-hamilton/bothwell-glow-garren/","images/bbe206bb1145e813ed426814b7e29ebaa23ec26a8455151c44855ddc0275e14d.jpg","https://newhomes.lovell.co.uk/media/sbaghoby/lounge.jpg?rmode=max&width=2048","The image shows a furnished living room."
"Glow Garren - Hamilton","Bothwell","3","https://newhomes.lovell.co.uk/development/glow-garren-hamilton/bothwell-glow-garren/","images/0c9d0dc0acf11980480efcb08a79d23353bd9ea4acdf814fd26618408fb0f3bb.jpg","https://newhomes.lovell.co.uk/media/davfiawa/lounge-2.jpg?rmode=max&width=2048","The image shows a furnished living room."
"Glow Garren - Hamilton","Bothwell","3","https://newhomes.lovell.co.uk/development/glow-garren-hamilton/bothwell-glow-garren/","images/57e99bc5d8667cd8dc6bed6d085ed72a575f4c67525b87cf318e8ce24121ad73.jpg","https://newhomes.lovell.co.uk/media/w0mhvatq/wc.jpg?rmode=max&width=2048","The image shows a small bathroom or cloakroom."
"Glow Garren - Hamilton","Bothwell","3","https://newhomes.lovell.co.uk/development/glow-garren-hamilton/bothwell-glow-garren/","images/cc67d0e919dd77a36f4ecac245353cfd2b0474f1a78f51d755924a50dfc98001.jpg","https://newhomes.lovell.co.uk/media/0lbholhc/ensuite.jpg?rmode=max&width=2048","The image depicts a bathroom or cloakroom with sanitary fixtures."
"Glow Garren - Hamilton","Bothwell","3","https://newhomes.lovell.co.uk/development/glow-garren-hamilton/bothwell-glow-garren/","images/a6bdee58e0e746b328044999f70abb2c94c920c431f284b609ae7feb714c524a.jpg","https://newhomes.lovell.co.uk/media/images/development/NHQC-banner.jpg?rmode=max&width=2048","The image shows the exterior of residential properties."
"Glow Garren - Hamilton","Bothwell","3","https://newhomes.lovell.co.uk/development/glow-garren-hamilton/bothwell-glow-garren/","images/61ec2b802ae164ac09e1ae33050f7013628c86f1d9ac77bfa34940d167c995d8.jpg","https://newhomes.lovell.co.uk/media/images/development/trustpilot-review-background-banner.jpg?rmode=max&width=2048","The image shows a kitchen interior."
"Glow Garren - Hamilton","Carnoustie","3","https://newhomes.lovell.co.uk/development/glow-garren-hamilton/carnoustie-glow-garren/","images/81bfa8ea52acbb39da76fd6d96b88b365c9e3efc0950b5c951274077831fbae1.jpg","https://newhomes.lovell.co.uk/media/vqud4p2x/glow-garren-carnoustie-cgi.jpg?rmode=max&width=2048","This is a promotional exterior rendering of a residential property."
"Glow Garren - Hamilton","Carnoustie","3","https://newhomes.lovell.co.uk/development/glow-garren-hamilton/carnoustie-glow-garren/","images/ab1e17614bd8a0fb13c86497d8aa373e2a0b35c36017647084b5bfade7960a1b.jpg","https://newhomes.lovell.co.uk/media/bjfltqu3/carnoustie-lounge.jpg?rmode=max&width=2048","The image shows a furnished living area."
"Glow Garren - Hamilton","Carnoustie","3","https://newhomes.lovell.co.uk/development/glow-garren-hamilton/carnoustie-glow-garren/","images/49e59c8c13d5d0215356ae89dc4a971ce9be062ae26f7c0bbc3217e13875ceea.jpg","https://newhomes.lovell.co.uk/media/xvamrzcx/oakwood-edge-carnoustie-kitchen-7.jpg?rmode=max&width=2048","This is a photograph of a dining room."
"Glow Garren - Hamilton","Carnoustie","3","https://newhomes.lovell.co.uk/development/glow-garren-hamilton/carnoustie-glow-garren/","images/09b916a5ded8b3991c52137e4efc812ceb94bd807d61c771980b3064adbc64fd.jpg","https://newhomes.lovell.co.uk/media/uh1mf4nx/oakwood-edge-carnoustie-kitchen-4.jpg?rmode=max&width=2048","This is a photograph of a functional kitchen space."
"Glow Garren - Hamilton","Carnoustie","3","https://newhomes.lovell.co.uk/development/glow-garren-hamilton/carnoustie-glow-garren/","images/51ecbb9d6c1ae063cf1851c7925a80fdab854f75e011e4930949f15e8a609442.jpg","https://newhomes.lovell.co.uk/media/4e2d0i50/oakwood-edge-carnoustie-downstairs-bathrooom-1.jpg?rmode=max&width=2048","This is a photograph of a functional bathroom/cloakroom space."
"Glow Garren - Hamilton","Carnoustie","3","https://newhomes.lovell.co.uk/development/glow-garren-hamilton/carnoustie-glow-garren/","images/8b1b0a3f90b64aeb633aa654cde3e9c406125e22ed12fd914c8706f18fc3b88a.jpg","https://newhomes.lovell.co.uk/media/mf1fahdd/oakwood-edge-carnoustie-main-bedroom-ensuite.jpg?rmode=max&width=2048","This is a photograph of a bedroom interior."
"Glow Garren - Hamilton","Carnoustie","3","https://newhomes.lovell.co.uk/development/glow-garren-hamilton/carnoustie-glow-garren/","images/dabad6e718e6d930a109d1066962860b7576ef5f2a9245985d14474fd4b4f181.jpg","https://newhomes.lovell.co.uk/media/0eldalo5/bed-2.jpg?rmode=max&width=2048","This is a photograph of a furnished bedroom."
"Glow Garren - Hamilton","Carnoustie","3","https://newhomes.lovell.co.uk/development/glow-garren-hamilton/carnoustie-glow-garren/","images/1ccbd0d291012952c4494a306799b59d5b3bbb069dbf087bbb3730b7916f005c.jpg","https://newhomes.lovell.co.uk/media/u24fwuk1/oakwood-edge-carnoustie-3rd-bedroom-kids-2.jpg?rmode=max&width=2048","This is a photograph of a bedroom."
"Glow Garren - Hamilton","Carnoustie","3","https://newhomes.lovell.co.uk/development/glow-garren-hamilton/carnoustie-glow-garren/","images/52e694d04cf46fd29d0ff069a0eb6cd7dc391e62a10393d3f1326252d2683c01.jpg","https://newhomes.lovell.co.uk/media/ghdgrewn/ensuite.jpg?rmode=max&width=2048","This is a photograph of a bathroom interior."
"Glow Garren - Hamilton","Carnoustie","3","https://newhomes.lovell.co.uk/development/glow-garren-hamilton/carnoustie-glow-garren/","images/a6bdee58e0e746b328044999f70abb2c94c920c431f284b609ae7feb714c524a.jpg","https://newhomes.lovell.co.uk/media/images/development/NHQC-banner.jpg?rmode=max&width=2048","The image shows the exterior of residential properties."
"Glow Garren - Hamilton","Carnoustie","3","https://newhomes.lovell.co.uk/development/glow-garren-hamilton/carnoustie-glow-garren/","images/61ec2b802ae164ac09e1ae33050f7013628c86f1d9ac77bfa34940d167c995d8.jpg","https://newhomes.lovell.co.uk/media/images/development/trustpilot-review-background-banner.jpg?rmode=max&width=2048","The image shows a kitchen interior."
"Glow Garren - Hamilton","Dundonald","3","https://newhomes.lovell.co.uk/development/glow-garren-hamilton/dundonald-glow-garren/","images/cf258aed02d2feeee62d1873aa0a62be962a514f8d2fee1d8f967cc6adbeb07a.jpg","https://newhomes.lovell.co.uk/media/uqvf3hpa/glow-garren-dundonald-cgi.jpg?rmode=max&width=2048","This is a promotional exterior rendering of a residential property."
"Glow Garren - Hamilton","Dundonald","3","https://newhomes.lovell.co.uk/development/glow-garren-hamilton/dundonald-glow-garren/","images/889023f6af02dd60c17467af52c09920914ebf2aa1aa15bd5db581f56bd2c7ef.jpg","https://newhomes.lovell.co.uk/media/t35hwbfg/kitchen.jpg?rmode=max&width=2048","This is a photograph of a kitchen."
"Glow Garren - Hamilton","Dundonald","3","https://newhomes.lovell.co.uk/development/glow-garren-hamilton/dundonald-glow-garren/","images/ec545274d47b6ede88e38d11e4edb9c7a074b391151ba730fd92fec519d72dea.jpg","https://newhomes.lovell.co.uk/media/nj3pil14/dining.jpg?rmode=max&width=2048","This is a photograph of a dining area."
"Glow Garren - Hamilton","Dundonald","3","https://newhomes.lovell.co.uk/development/glow-garren-hamilton/dundonald-glow-garren/","images/4d83d984c6778760134b31443273f8b9b46b2fe2392b164b210b2056d7ca1b74.jpg","https://newhomes.lovell.co.uk/media/taqd0yo3/oakwood-edge-carnoustie-lounge-2.jpg?rmode=max&width=2048","This is a photograph of a living room interior."
"Glow Garren - Hamilton","Dundonald","3","https://newhomes.lovell.co.uk/development/glow-garren-hamilton/dundonald-glow-garren/","images/5819b9dee398203895ae594adea6dd69141d5124658fd2c11d8df202d1f12e52.jpg","https://newhomes.lovell.co.uk/media/dcuib4ue/bathroom-2.jpg?rmode=max&width=2048","This is a photograph of a bathroom interior."
"Glow Garren - Hamilton","Dundonald","3","https://newhomes.lovell.co.uk/development/glow-garren-hamilton/dundonald-glow-garren/","images/b83c7f971a64c6e9afdc2f488ea7396bc22d4ecdda68a1298a6c487dc44b4b97.jpg","https://newhomes.lovell.co.uk/media/fyvhttzz/oakwood-edge-carnoustie-bathroom-2.jpg?rmode=max&width=2048","This is a photograph of a bathroom."
"Glow Garren - Hamilton","Dundonald","3","https://newhomes.lovell.co.uk/development/glow-garren-hamilton/dundonald-glow-garren/","images/a0f4b2fd12135ca1ba5514275b24ce89e4ad965ddedf3eef595767168bec3af0.jpg","https://newhomes.lovell.co.uk/media/rpyf5jdy/oakwood-edge-carnoustie-main-bedroom-1.jpg?rmode=max&width=2048","This is a photograph of a bedroom."
"Glow Garren - Hamilton","Dundonald","3","https://newhomes.lovell.co.uk/development/glow-garren-hamilton/dundonald-glow-garren/","images/52e694d04cf46fd29d0ff069a0eb6cd7dc391e62a10393d3f1326252d2683c01.jpg","https://newhomes.lovell.co.uk/media/ghdgrewn/ensuite.jpg?rmode=max&width=2048","This is a photograph of a bathroom interior."
"Glow Garren - Hamilton","Dundonald","3","https://newhomes.lovell.co.uk/development/glow-garren-hamilton/dundonald-glow-garren/","images/f11b5c9347dc3eecaa931ec003f34092377a874396c112763e04d313733f84a3.jpg","https://newhomes.lovell.co.uk/media/pnflqd0b/ensuite-2.jpg?rmode=max&width=2048","This is a photograph of a bathroom."
"Glow Garren - Hamilton","Dundonald","3","https://newhomes.lovell.co.uk/development/glow-garren-hamilton/dundonald-glow-garren/","images/dabad6e718e6d930a109d1066962860b7576ef5f2a9245985d14474fd4b4f181.jpg","https://newhomes.lovell.co.uk/media/0eldalo5/bed-2.jpg?rmode=max&width=2048","This is a photograph of a furnished bedroom."
"Glow Garren - Hamilton","Dundonald","3","https://newhomes.lovell.co.uk/development/glow-garren-hamilton/dundonald-glow-garren/","images/ccdf7d01aafed35e77099da3292dd156764082847f081d3362591f315ed0edaa.jpg","https://newhomes.lovell.co.uk/media/uixhmwxg/bed-3.jpg?rmode=max&width=2048","This is a photograph of a child's bedroom."
"Glow Garren - Hamilton","Dundonald","3","https://newhomes.lovell.co.uk/development/glow-garren-hamilton/dundonald-glow-garren/","images/98e17d1a830b29add96bdd97b2a929fc944139aa9b636c3f9d5493238b84e4c5.jpg","https://newhomes.lovell.co.uk/media/5vsfvoxq/landing.jpg?rmode=max&width=2048","This is a photograph of a hallway/landing."
"Glow Garren - Hamilton","Dundonald","3","https://newhomes.lovell.co.uk/development/glow-garren-hamilton/dundonald-glow-garren/","images/a6bdee58e0e746b328044999f70abb2c94c920c431f284b609ae7feb714c524a.jpg","https://newhomes.lovell.co.uk/media/images/development/NHQC-banner.jpg?rmode=max&width=2048","The image shows the exterior of residential properties."
"Glow Garren - Hamilton","Dundonald","3","https://newhomes.lovell.co.uk/development/glow-garren-hamilton/dundonald-glow-garren/","images/61ec2b802ae164ac09e1ae33050f7013628c86f1d9ac77bfa34940d167c995d8.jpg","https://newhomes.lovell.co.uk/media/images/development/trustpilot-review-background-banner.jpg?rmode=max&width=2048","The image shows a kitchen interior."
"Glow Garren - Hamilton","Elmwood","4","https://newhomes.lovell.co.uk/development/glow-garren-hamilton/elmwood-glow-garren/","images/917a17c8c4db690a178949605f12b5d774ea8420292ab1e03caddccce3663d82.jpg","https://newhomes.lovell.co.uk/media/y52h3pi5/glow-garren-elmwood-cgi.jpg?rmode=max&width=2048","This is a promotional exterior rendering of a residential property."
"Glow Garren - Hamilton","Elmwood","4","https://newhomes.lovell.co.uk/development/glow-garren-hamilton/elmwood-glow-garren/","images/0f2ecb5b389656c4046880d6b58caa6b79a95a9d6364b793cd9c8d76cd4bd50b.jpg","https://newhomes.lovell.co.uk/media/2xzjgz4o/kitchen.jpg?rmode=max&width=2048","This is a photograph of a kitchen area."
"Glow Garren - Hamilton","Elmwood","4","https://newhomes.lovell.co.uk/development/glow-garren-hamilton/elmwood-glow-garren/","images/003128e5a79f5f1373b4e16952975db06b9b2d4f32152688cdb52f22f5f66d0c.jpg","https://newhomes.lovell.co.uk/media/kpzjleif/kit-2.jpg?rmode=max&width=2048","This is a photograph of a functional kitchen and dining space."
"Glow Garren - Hamilton","Elmwood","4","https://newhomes.lovell.co.uk/development/glow-garren-hamilton/elmwood-glow-garren/","images/90e89492ae4247d854cca161dad01b3afa426e645f54c226eba7edabcfd81659.jpg","https://newhomes.lovell.co.uk/media/5sqf3l3t/family-room.jpg?rmode=max&width=2048","This is a photograph of a living room."
"Glow Garren - Hamilton","Elmwood","4","https://newhomes.lovell.co.uk/development/glow-garren-hamilton/elmwood-glow-garren/","images/658578b22eb82a1fd6eecbd66bcc6949d70be93007e58b97cf5dd6e32c519a07.jpg","https://newhomes.lovell.co.uk/media/h1apyfn1/lounge.jpg?rmode=max&width=2048","This is a photograph of a living room."
"Glow Garren - Hamilton","Elmwood","4","https://newhomes.lovell.co.uk/development/glow-garren-hamilton/elmwood-glow-garren/","images/4af920050103598367aea8174718306b89cc7026bf7fa3e8b9e4b82bb990afe6.jpg","https://newhomes.lovell.co.uk/media/exsj0sfs/bed-3.jpg?rmode=max&width=2048","This is a photograph of a bedroom."
"Glow Garren - Hamilton","Elmwood","4","https://newhomes.lovell.co.uk/development/glow-garren-hamilton/elmwood-glow-garren/","images/2ae3b4085ccf097a0d9f3dc63df66cd82771217a2597034a0536938834c54919.jpg","https://newhomes.lovell.co.uk/media/dankbamw/bathroom.jpg?rmode=max&width=2048","This is a photograph of a residential bathroom."
"Glow Garren - Hamilton","Elmwood","4","https://newhomes.lovell.co.uk/development/glow-garren-hamilton/elmwood-glow-garren/","images/bf2989813539fe6e203f0aabce6aea5388d4bfbbe31e8b41916bd5f765bd66bf.jpg","https://newhomes.lovell.co.uk/media/2kffpdna/bed-1.jpg?rmode=max&width=2048","This is a photograph of a bedroom."
"Glow Garren - Hamilton","Elmwood","4","https://newhomes.lovell.co.uk/development/glow-garren-hamilton/elmwood-glow-garren/","images/f24789a4e990498d88a9cb984a1e2e04d003ed7a36673f8b9721647d8ca6a078.jpg","https://newhomes.lovell.co.uk/media/orhljcgi/ensuite-2.jpg?rmode=max&width=2048","This is a photograph of a functional bathroom interior."
"Glow Garren - Hamilton","Elmwood","4","https://newhomes.lovell.co.uk/development/glow-garren-hamilton/elmwood-glow-garren/","images/42b29ac548f0c477ca2be592ae5c75012fdfd719a382cb602faf022d03992ccc.jpg","https://newhomes.lovell.co.uk/media/l55fwzfa/bed-2.jpg?rmode=max&width=2048","This is a photograph of a bedroom."
"Glow Garren - Hamilton","Elmwood","4","https://newhomes.lovell.co.uk/development/glow-garren-hamilton/elmwood-glow-garren/","images/d8567c4b9b4be80a1e2c06a8420034dec8b2b2885c3f2c2a22a7d3d1d9c0de4b.jpg","https://newhomes.lovell.co.uk/media/g1uhqwlt/ensuite.jpg?rmode=max&width=2048","This is a photograph of a bathroom."
"Glow Garren - Hamilton","Elmwood","4","https://newhomes.lovell.co.uk/development/glow-garren-hamilton/elmwood-glow-garren/","images/f1d3ea150f706f5ce2dfbb6488b6faa9f3837929d50026563410cb9349d43141.jpg","https://newhomes.lovell.co.uk/media/rp2ieab1/bed-4.jpg?rmode=max&width=2048","This is a photograph of a furnished bedroom."
"Glow Garren - Hamilton","Elmwood","4","https://newhomes.lovell.co.uk/development/glow-garren-hamilton/elmwood-glow-garren/","images/a6bdee58e0e746b328044999f70abb2c94c920c431f284b609ae7feb714c524a.jpg","https://newhomes.lovell.co.uk/media/images/development/NHQC-banner.jpg?rmode=max&width=2048","The image shows the exterior of residential properties."
"Glow Garren - Hamilton","Elmwood","4","https://newhomes.lovell.co.uk/development/glow-garren-hamilton/elmwood-glow-garren/","images/61ec2b802ae164ac09e1ae33050f7013628c86f1d9ac77bfa34940d167c995d8.jpg","https://newhomes.lovell.co.uk/media/images/development/trustpilot-review-background-banner.jpg?rmode=max&width=2048","The image shows a kitchen interior."
"Glow Garren - Hamilton","Glow Garren - Hamilton development gallery","","https://newhomes.lovell.co.uk/development/glow-garren-hamilton/","images/03284c8d03d121261bd97dd6e60e73f64748dcd7ea0150b1fd26bf0b75509053.jpg","https://newhomes.lovell.co.uk/media/lonop5nt/20250312-lovell-homes-glow-garren-jedburgh-lounge-002.jpg?rmode=max&width=2048","This is a photograph of a furnished living room."
"Glow Garren - Hamilton","Glow Garren - Hamilton development gallery","","https://newhomes.lovell.co.uk/development/glow-garren-hamilton/","images/966538ae8a93a51aa33498842a14d1e0c39a8d63d16aa89868b9ad2b8587ffbe.jpg","https://newhomes.lovell.co.uk/media/x53odyq1/20250312-lovell-homes-glow-garren-jedburgh-lounge-003.jpg?rmode=max&width=2048","This is a photograph of a furnished living room."
"Glow Garren - Hamilton","Glow Garren - Hamilton development gallery","","https://newhomes.lovell.co.uk/development/glow-garren-hamilton/","images/37300941b87e427aaecb76a3a461142a300ca6ff92cf2341b0592e5b50c7ed54.jpg","https://newhomes.lovell.co.uk/media/xndnoxkt/20250312-lovell-homes-glow-garren-jedburgh-lounge-005.jpg?rmode=max&width=2048","This is a photograph showing the transition between the living room and dining area."
"Glow Garren - Hamilton","Glow Garren - Hamilton development gallery","","https://newhomes.lovell.co.uk/development/glow-garren-hamilton/","images/e7a197cd851d9e3a36c4bac4dd7a088925fccfa961d2f0b53fdcbd33dc99c238.jpg","https://newhomes.lovell.co.uk/media/pebae1sz/20250312-lovell-homes-glow-garren-jedburgh-kitchen-dining-001.jpg?rmode=max&width=2048","This is a photograph of a furnished dining room."
"Glow Garren - Hamilton","Glow Garren - Hamilton development gallery","","https://newhomes.lovell.co.uk/development/glow-garren-hamilton/","images/13a177f599bb8466d6e9dc687b055254bc8168b57c0c808366e168423b5270de.jpg","https://newhomes.lovell.co.uk/media/qqafyfhn/20250312-lovell-homes-glow-garren-jedburgh-kitchen-dining-003.jpg?rmode=max&width=2048","This is a photograph of a furnished kitchen."
"Glow Garren - Hamilton","Glow Garren - Hamilton development gallery","","https://newhomes.lovell.co.uk/development/glow-garren-hamilton/","images/df2116031af4819572dab2ec94b41a7d68a18d45642c5da845fc56caf0403b1f.jpg","https://newhomes.lovell.co.uk/media/ugub0tln/20250312-lovell-homes-glow-garren-jedburgh-kitchen-dining-002.jpg?rmode=max&width=2048","The image shows a dining room and kitchen area within a residential property."
"Glow Garren - Hamilton","Glow Garren - Hamilton development gallery","","https://newhomes.lovell.co.uk/development/glow-garren-hamilton/","images/549f09af738902e21075c24b40b1335b51d4bb90ddb0404e3dcebddd3406755d.jpg","https://newhomes.lovell.co.uk/media/jn2j2qji/20250312-lovell-homes-glow-garren-jedburgh-utility-001.jpg?rmode=max&width=2048","The image depicts a utility room, which is a functional space in a home."
"Glow Garren - Hamilton","Glow Garren - Hamilton development gallery","","https://newhomes.lovell.co.uk/development/glow-garren-hamilton/","images/2abaf8a4561b5cedd0d172a941360d41676dcb544a18fbfec0e787197dd0198e.jpg","https://newhomes.lovell.co.uk/media/2hafn25g/20250312-lovell-homes-glow-garren-jedburgh-hall-002.jpg?rmode=max&width=2048","This is a photograph of an entrance hallway in a residential property."
"Glow Garren - Hamilton","Glow Garren - Hamilton development gallery","","https://newhomes.lovell.co.uk/development/glow-garren-hamilton/","images/3ce4a0b5e6aad46dc54d7bdc57e59407d6bc964d624c56de298cf0948afa2108.jpg","https://newhomes.lovell.co.uk/media/orweingz/20250312-lovell-homes-glow-garren-jedburgh-hall-001.jpg?rmode=max&width=2048","The image shows the entrance hallway of a residential property."
"Glow Garren - Hamilton","Glow Garren - Hamilton development gallery","","https://newhomes.lovell.co.uk/development/glow-garren-hamilton/","images/8f18fb29199d53bbec38029117a82c9d098e01f10112d26e91d7c3a7cece7df5.jpg","https://newhomes.lovell.co.uk/media/5hhgrv1g/g_230425_medium.jpg?rmode=max&width=2048","This is a photograph of the exterior of a property development."
"Glow Garren - Hamilton","Glow Garren - Hamilton development gallery","","https://newhomes.lovell.co.uk/development/glow-garren-hamilton/","images/29f25fc3ca6455f099d257a775509e7d38d721b3aa8aa55976c897a46079d703.jpg","https://newhomes.lovell.co.uk/media/gaqhte43/chatelherault-parkv2.jpg?rmode=max&width=2048","This is a photograph of the exterior of a historic building."
"Glow Garren - Hamilton","Glow Garren - Hamilton development gallery","","https://newhomes.lovell.co.uk/development/glow-garren-hamilton/","images/a6bdee58e0e746b328044999f70abb2c94c920c431f284b609ae7feb714c524a.jpg","https://newhomes.lovell.co.uk/media/images/development/NHQC-banner.jpg?rmode=max&width=2048","The image shows the exterior of residential properties."
"Glow Garren - Hamilton","Glow Garren - Hamilton development gallery","","https://newhomes.lovell.co.uk/development/glow-garren-hamilton/","images/61ec2b802ae164ac09e1ae33050f7013628c86f1d9ac77bfa34940d167c995d8.jpg","https://newhomes.lovell.co.uk/media/images/development/trustpilot-review-background-banner.jpg?rmode=max&width=2048","The image shows a kitchen interior."
"The Crossings, South Queensferry","Aberdour","2","https://newhomes.lovell.co.uk/development/the-crossings-south-queensferry/aberdour-the-crossings/","images/0c9d0dc0acf11980480efcb08a79d23353bd9ea4acdf814fd26618408fb0f3bb.jpg","https://newhomes.lovell.co.uk/media/davfiawa/lounge-2.jpg?rmode=max&width=2048","The image shows a furnished living room."
"The Crossings, South Queensferry","Aberdour","2","https://newhomes.lovell.co.uk/development/the-crossings-south-queensferry/aberdour-the-crossings/","images/897eaae33d4f6694c775e8f3042986e9324bcf467f47af42a0c962fc94e8416a.jpg","https://newhomes.lovell.co.uk/media/gsojj4v4/the-crossings-aberdour-cgi.jpg?rmode=max&width=2048","This is a photograph of the exterior of a residential property."
"The Crossings, South Queensferry","Aberdour","2","https://newhomes.lovell.co.uk/development/the-crossings-south-queensferry/aberdour-the-crossings/","images/55c7adeffcca9474077f4473062d358cd3389ebd50086a67105b784cc880ba90.jpg","https://newhomes.lovell.co.uk/media/kgcf3jff/the-crossings-crail-lounge-9.jpg?rmode=max&width=2048","This is a furnished living room area."
"The Crossings, South Queensferry","Aberdour","2","https://newhomes.lovell.co.uk/development/the-crossings-south-queensferry/aberdour-the-crossings/","images/f93a52db2a58398bb76089427dd77d7fee60597112e8202385a0c839c683ddcc.jpg","https://newhomes.lovell.co.uk/media/r0fluevn/kitchen-2.jpg?rmode=max&width=2048","The image shows a functional kitchen space with cabinets, appliances, and countertops."
"The Crossings, South Queensferry","Aberdour","2","https://newhomes.lovell.co.uk/development/the-crossings-south-queensferry/aberdour-the-crossings/","images/e760df8e5f9361e6ede33138f773f7865218a7e90b8d2f04d03b44702c681a7d.jpg","https://newhomes.lovell.co.uk/media/tlrba2yu/the-crossings-crail-kitchen-11.jpg?rmode=max&width=2048","This is a combined kitchen and dining space."
"The Crossings, South Queensferry","Aberdour","2","https://newhomes.lovell.co.uk/development/the-crossings-south-queensferry/aberdour-the-crossings/","images/cbbe2f0562f3925a8835726c354020c1d1a8937da24e9441948ac29b8b6f541b.jpg","https://newhomes.lovell.co.uk/media/sejlcslb/the-crossings-crail-main-bedroom-1.jpg?rmode=max&width=2048","This is a furnished bedroom."
"The Crossings, South Queensferry","Aberdour","2","https://newhomes.lovell.co.uk/development/the-crossings-south-queensferry/aberdour-the-crossings/","images/8cd63957579b7d98346dd79daa4ffd6297ca58ac6e47f0eb352f67a639f7262e.jpg","https://newhomes.lovell.co.uk/media/r3fb3fr2/the-crossings-crail-en-suite-1.jpg?rmode=max&width=2048","This is a residential bathroom."
"The Crossings, South Queensferry","Aberdour","2","https://newhomes.lovell.co.uk/development/the-crossings-south-queensferry/aberdour-the-crossings/","images/4eb0fbc4abd56fa40885f2fe9fac4d748f3aaf1c42790f87dd243c61939921f3.jpg","https://newhomes.lovell.co.uk/media/kfak0jht/the-crossings-crail-bathroom-5.jpg?rmode=max&width=2048","This is a residential bathroom."
"The Crossings, South Queensferry","Aberdour","2","https://newhomes.lovell.co.uk/development/the-crossings-south-queensferry/aberdour-the-crossings/","images/58b65480257b96e3845d4bad6254b3e097fe0e76810969e0e7e2a567a7901f71.jpg","https://newhomes.lovell.co.uk/media/w1tcbumw/the-crossings-crail-bedroom-2_1.jpg?rmode=max&width=2048","This is a furnished bedroom."
"The Crossings, South Queensferry","Aberdour","2","https://newhomes.lovell.co.uk/development/the-crossings-south-queensferry/aberdour-the-crossings/","images/e0467b35ce12f2fda1c6552bddb7379c7220be92d369b2265ccee20bd555997a.jpg","https://newhomes.lovell.co.uk/media/fitl4lfd/the-crossings-crail-bedroom-3_4.jpg?rmode=max&width=2048","This is a furnished bedroom."
"The Crossings, South Queensferry","Aberdour","2","https://newhomes.lovell.co.uk/development/the-crossings-south-queensferry/aberdour-the-crossings/","images/a6bdee58e0e746b328044999f70abb2c94c920c431f284b609ae7feb714c524a.jpg","https://newhomes.lovell.co.uk/media/images/development/NHQC-banner.jpg?rmode=max&width=2048","The image shows the exterior of residential properties."
"The Crossings, South Queensferry","Aberdour","2","https://newhomes.lovell.co.uk/development/the-crossings-south-queensferry/aberdour-the-crossings/","images/61ec2b802ae164ac09e1ae33050f7013628c86f1d9ac77bfa34940d167c995d8.jpg","https://newhomes.lovell.co.uk/media/images/development/trustpilot-review-background-banner.jpg?rmode=max&width=2048","The image shows a kitchen interior."
"The Crossings, South Queensferry","Bothwell","3","https://newhomes.lovell.co.uk/development/the-crossings-south-queensferry/bothwell-the-crossings/","images/d4c024ee014f5c89c55ed5c54cb3d906ce354d7e30bba2e41e8576140c9fe551.jpg","https://newhomes.lovell.co.uk/media/4temghsz/the-crossings-bothwell-terrace-cgi.jpg?rmode=max&width=2048","This is an architectural visualization of the property exterior."
"The Crossings, South Queensferry","Bothwell","3","https://newhomes.lovell.co.uk/development/the-crossings-south-queensferry/bothwell-the-crossings/","images/f93a52db2a58398bb76089427dd77d7fee60597112e8202385a0c839c683ddcc.jpg","https://newhomes.lovell.co.uk/media/r0fluevn/kitchen-2.jpg?rmode=max&width=2048","The image shows a functional kitchen space with cabinets, appliances, and countertops."
"The Crossings, South Queensferry","Bothwell","3","https://newhomes.lovell.co.uk/development/the-crossings-south-queensferry/bothwell-the-crossings/","images/e760df8e5f9361e6ede33138f773f7865218a7e90b8d2f04d03b44702c681a7d.jpg","https://newhomes.lovell.co.uk/media/tlrba2yu/the-crossings-crail-kitchen-11.jpg?rmode=max&width=2048","This is a combined kitchen and dining space."
"The Crossings, South Queensferry","Bothwell","3","https://newhomes.lovell.co.uk/development/the-crossings-south-queensferry/bothwell-the-crossings/","images/55c7adeffcca9474077f4473062d358cd3389ebd50086a67105b784cc880ba90.jpg","https://newhomes.lovell.co.uk/media/kgcf3jff/the-crossings-crail-lounge-9.jpg?rmode=max&width=2048","This is a furnished living room area."
"The Crossings, South Queensferry","Bothwell","3","https://newhomes.lovell.co.uk/development/the-crossings-south-queensferry/bothwell-the-crossings/","images/4eb0fbc4abd56fa40885f2fe9fac4d748f3aaf1c42790f87dd243c61939921f3.jpg","https://newhomes.lovell.co.uk/media/kfak0jht/the-crossings-crail-bathroom-5.jpg?rmode=max&width=2048","This is a residential bathroom."
"The Crossings, South Queensferry","Bothwell","3","https://newhomes.lovell.co.uk/development/the-crossings-south-queensferry/bothwell-the-crossings/","images/cbbe2f0562f3925a8835726c354020c1d1a8937da24e9441948ac29b8b6f541b.jpg","https://newhomes.lovell.co.uk/media/sejlcslb/the-crossings-crail-main-bedroom-1.jpg?rmode=max&width=2048","This is a furnished bedroom."
"The Crossings, South Queensferry","Bothwell","3","https://newhomes.lovell.co.uk/development/the-crossings-south-queensferry/bothwell-the-crossings/","images/8cd63957579b7d98346dd79daa4ffd6297ca58ac6e47f0eb352f67a639f7262e.jpg","https://newhomes.lovell.co.uk/media/r3fb3fr2/the-crossings-crail-en-suite-1.jpg?rmode=max&width=2048","This is a residential bathroom."
"The Crossings, South Queensferry","Bothwell","3","https://newhomes.lovell.co.uk/development/the-crossings-south-queensferry/bothwell-the-crossings/","images/58b65480257b96e3845d4bad6254b3e097fe0e76810969e0e7e2a567a7901f71.jpg","https://newhomes.lovell.co.uk/media/w1tcbumw/the-crossings-crail-bedroom-2_1.jpg?rmode=max&width=2048","This is a furnished bedroom."
"The Crossings, South Queensferry","Bothwell","3","https://newhomes.lovell.co.uk/development/the-crossings-south-queensferry/bothwell-the-crossings/","images/e0467b35ce12f2fda1c6552bddb7379c7220be92d369b2265ccee20bd555997a.jpg","https://newhomes.lovell.co.uk/media/fitl4lfd/the-crossings-crail-bedroom-3_4.jpg?rmode=max&width=2048","This is a furnished bedroom."
"The Crossings, South Queensferry","Bothwell","3","https://newhomes.lovell.co.uk/development/the-crossings-south-queensferry/bothwell-the-crossings/","images/5da53e9d76491efc6559774e71d9f8dc48a6542687e4558cf93ef2d553d565bd.jpg","https://newhomes.lovell.co.uk/media/5lijnf3t/shutterstock_1290675169-large.jpg?rmode=max&width=2048","This is a photograph of a living room interior."
"The Crossings, South Queensferry","Bothwell","3","https://newhomes.lovell.co.uk/development/the-crossings-south-queensferry/bothwell-the-crossings/","images/a6bdee58e0e746b328044999f70abb2c94c920c431f284b609ae7feb714c524a.jpg","https://newhomes.lovell.co.uk/media/images/development/NHQC-banner.jpg?rmode=max&width=2048","The image shows the exterior of residential properties."
"The Crossings, South Queensferry","Bothwell","3","https://newhomes.lovell.co.uk/development/the-crossings-south-queensferry/bothwell-the-crossings/","images/61ec2b802ae164ac09e1ae33050f7013628c86f1d9ac77bfa34940d167c995d8.jpg","https://newhomes.lovell.co.uk/media/images/development/trustpilot-review-background-banner.jpg?rmode=max&width=2048","The image shows a kitchen interior."
"The Crossings, South Queensferry","Carnoustie","3","https://newhomes.lovell.co.uk/development/the-crossings-south-queensferry/carnoustie-the-crossings/","images/fd7be4e89c28de49d6c3fd5e481a3e8bcf7cde6c87a241c3283e91c520929f3a.jpg","https://newhomes.lovell.co.uk/media/fmcomkj4/the-crossings-carnoustie-cgi.jpg?rmode=max&width=2048","This is an architectural visualization of the property exterior."
"The Crossings, South Queensferry","Carnoustie","3","https://newhomes.lovell.co.uk/development/the-crossings-south-queensferry/carnoustie-the-crossings/","images/4d83d984c6778760134b31443273f8b9b46b2fe2392b164b210b2056d7ca1b74.jpg","https://newhomes.lovell.co.uk/media/taqd0yo3/oakwood-edge-carnoustie-lounge-2.jpg?rmode=max&width=2048","This is a photograph of a living room interior."
"The Crossings, South Queensferry","Carnoustie","3","https://newhomes.lovell.co.uk/development/the-crossings-south-queensferry/carnoustie-the-crossings/","images/ec545274d47b6ede88e38d11e4edb9c7a074b391151ba730fd92fec519d72dea.jpg","https://newhomes.lovell.co.uk/media/nj3pil14/dining.jpg?rmode=max&width=2048","This is a photograph of a dining area."
"The Crossings, South Queensferry","Carnoustie","3","https://newhomes.lovell.co.uk/development/the-crossings-south-queensferry/carnoustie-the-crossings/","images/a0f4b2fd12135ca1ba5514275b24ce89e4ad965ddedf3eef595767168bec3af0.jpg","https://newhomes.lovell.co.uk/media/rpyf5jdy/oakwood-edge-carnoustie-main-bedroom-1.jpg?rmode=max&width=2048","This is a photograph of a bedroom."
"The Crossings, South Queensferry","Carnoustie","3","https://newhomes.lovell.co.uk/development/the-crossings-south-queensferry/carnoustie-the-crossings/","images/dabad6e718e6d930a109d1066962860b7576ef5f2a9245985d14474fd4b4f181.jpg","https://newhomes.lovell.co.uk/media/0eldalo5/bed-2.jpg?rmode=max&width=2048","This is a photograph of a furnished bedroom."
"The Crossings, South Queensferry","Carnoustie","3","https://newhomes.lovell.co.uk/development/the-crossings-south-queensferry/carnoustie-the-crossings/","images/1ccbd0d291012952c4494a306799b59d5b3bbb069dbf087bbb3730b7916f005c.jpg","https://newhomes.lovell.co.uk/media/u24fwuk1/oakwood-edge-carnoustie-3rd-bedroom-kids-2.jpg?rmode=max&width=2048","This is a photograph of a bedroom."
"The Crossings, South Queensferry","Carnoustie","3","https://newhomes.lovell.co.uk/development/the-crossings-south-queensferry/carnoustie-the-crossings/","images/049df20977d28f6d3cb1670848119f9df92576b9eb15a0e0ee6cb0056c4c12db.jpg","https://newhomes.lovell.co.uk/media/pt3hcfd2/oakwood-edge-carnoustie-upper-hallway.jpg?rmode=max&width=2048","This is a photograph of an interior hallway."
"The Crossings, South Queensferry","Carnoustie","3","https://newhomes.lovell.co.uk/development/the-crossings-south-queensferry/carnoustie-the-crossings/","images/b83c7f971a64c6e9afdc2f488ea7396bc22d4ecdda68a1298a6c487dc44b4b97.jpg","https://newhomes.lovell.co.uk/media/fyvhttzz/oakwood-edge-carnoustie-bathroom-2.jpg?rmode=max&width=2048","This is a photograph of a bathroom."
"The Crossings, South Queensferry","Carnoustie","3","https://newhomes.lovell.co.uk/development/the-crossings-south-queensferry/carnoustie-the-crossings/","images/a6bdee58e0e746b328044999f70abb2c94c920c431f284b609ae7feb714c524a.jpg","https://newhomes.lovell.co.uk/media/images/development/NHQC-banner.jpg?rmode=max&width=2048","The image shows the exterior of residential properties."
"The Crossings, South Queensferry","Carnoustie","3","https://newhomes.lovell.co.uk/development/the-crossings-south-queensferry/carnoustie-the-crossings/","images/61ec2b802ae164ac09e1ae33050f7013628c86f1d9ac77bfa34940d167c995d8.jpg","https://newhomes.lovell.co.uk/media/images/development/trustpilot-review-background-banner.jpg?rmode=max&width=2048","The image shows a kitchen interior."
"The Crossings, South Queensferry","Crail","3","https://newhomes.lovell.co.uk/development/the-crossings-south-queensferry/crail-the-crossings/","images/dff29fc3fe921f316a16584837fc0e879b888efc28a343756e9347afdefdfa27.jpg","https://newhomes.lovell.co.uk/media/4uflwy0b/the-crossings-crail-cgi.jpg?rmode=max&width=2048","This is a photograph/render of the exterior of a property."
"The Crossings, South Queensferry","Crail","3","https://newhomes.lovell.co.uk/development/the-crossings-south-queensferry/crail-the-crossings/","images/55c7adeffcca9474077f4473062d358cd3389ebd50086a67105b784cc880ba90.jpg","https://newhomes.lovell.co.uk/media/kgcf3jff/the-crossings-crail-lounge-9.jpg?rmode=max&width=2048","This is a furnished living room area."
"The Crossings, South Queensferry","Crail","3","https://newhomes.lovell.co.uk/development/the-crossings-south-queensferry/crail-the-crossings/","images/e760df8e5f9361e6ede33138f773f7865218a7e90b8d2f04d03b44702c681a7d.jpg","https://newhomes.lovell.co.uk/media/tlrba2yu/the-crossings-crail-kitchen-11.jpg?rmode=max&width=2048","This is a combined kitchen and dining space."
"The Crossings, South Queensferry","Crail","3","https://newhomes.lovell.co.uk/development/the-crossings-south-queensferry/crail-the-crossings/","images/f93a52db2a58398bb76089427dd77d7fee60597112e8202385a0c839c683ddcc.jpg","https://newhomes.lovell.co.uk/media/r0fluevn/kitchen-2.jpg?rmode=max&width=2048","The image shows a functional kitchen space with cabinets, appliances, and countertops."
"The Crossings, South Queensferry","Crail","3","https://newhomes.lovell.co.uk/development/the-crossings-south-queensferry/crail-the-crossings/","images/cbbe2f0562f3925a8835726c354020c1d1a8937da24e9441948ac29b8b6f541b.jpg","https://newhomes.lovell.co.uk/media/sejlcslb/the-crossings-crail-main-bedroom-1.jpg?rmode=max&width=2048","This is a furnished bedroom."
"The Crossings, South Queensferry","Crail","3","https://newhomes.lovell.co.uk/development/the-crossings-south-queensferry/crail-the-crossings/","images/8cd63957579b7d98346dd79daa4ffd6297ca58ac6e47f0eb352f67a639f7262e.jpg","https://newhomes.lovell.co.uk/media/r3fb3fr2/the-crossings-crail-en-suite-1.jpg?rmode=max&width=2048","This is a residential bathroom."
"The Crossings, South Queensferry","Crail","3","https://newhomes.lovell.co.uk/development/the-crossings-south-queensferry/crail-the-crossings/","images/58b65480257b96e3845d4bad6254b3e097fe0e76810969e0e7e2a567a7901f71.jpg","https://newhomes.lovell.co.uk/media/w1tcbumw/the-crossings-crail-bedroom-2_1.jpg?rmode=max&width=2048","This is a furnished bedroom."
"The Crossings, South Queensferry","Crail","3","https://newhomes.lovell.co.uk/development/the-crossings-south-queensferry/crail-the-crossings/","images/e0467b35ce12f2fda1c6552bddb7379c7220be92d369b2265ccee20bd555997a.jpg","https://newhomes.lovell.co.uk/media/fitl4lfd/the-crossings-crail-bedroom-3_4.jpg?rmode=max&width=2048","This is a furnished bedroom."
"The Crossings, South Queensferry","Crail","3","https://newhomes.lovell.co.uk/development/the-crossings-south-queensferry/crail-the-crossings/","images/4eb0fbc4abd56fa40885f2fe9fac4d748f3aaf1c42790f87dd243c61939921f3.jpg","https://newhomes.lovell.co.uk/media/kfak0jht/the-crossings-crail-bathroom-5.jpg?rmode=max&width=2048","This is a residential bathroom."
"The Crossings, South Queensferry","Crail","3","https://newhomes.lovell.co.uk/development/the-crossings-south-queensferry/crail-the-crossings/","images/a6bdee58e0e746b328044999f70abb2c94c920c431f284b609ae7feb714c524a.jpg","https://newhomes.lovell.co.uk/media/images/development/NHQC-banner.jpg?rmode=max&width=2048","The image shows the exterior of residential properties."
"The Crossings, South Queensferry","Crail","3","https://newhomes.lovell.co.uk/development/the-crossings-south-queensferry/crail-the-crossings/","images/61ec2b802ae164ac09e1ae33050f7013628c86f1d9ac77bfa34940d167c995d8.jpg","https://newhomes.lovell.co.uk/media/images/development/trustpilot-review-background-banner.jpg?rmode=max&width=2048","The image shows a kitchen interior."
"The Crossings, South Queensferry","Dundonald","3","https://newhomes.lovell.co.uk/development/the-crossings-south-queensferry/dundonald-the-crossings/","images/de26de0956024b8d86bf9e820efc70a2342feb5adf93b42875fc719c869ccb90.jpg","https://newhomes.lovell.co.uk/media/fspcs34m/the-crossings-dundonald-cgi.jpg?rmode=max&width=2048","This is an architectural exterior rendering of a property."
"The Crossings, South Queensferry","Dundonald","3","https://newhomes.lovell.co.uk/development/the-crossings-south-queensferry/dundonald-the-crossings/","images/98e17d1a830b29add96bdd97b2a929fc944139aa9b636c3f9d5493238b84e4c5.jpg","https://newhomes.lovell.co.uk/media/5vsfvoxq/landing.jpg?rmode=max&width=2048","This is a photograph of a hallway/landing."
"The Crossings, South Queensferry","Dundonald","3","https://newhomes.lovell.co.uk/development/the-crossings-south-queensferry/dundonald-the-crossings/","images/ccdf7d01aafed35e77099da3292dd156764082847f081d3362591f315ed0edaa.jpg","https://newhomes.lovell.co.uk/media/uixhmwxg/bed-3.jpg?rmode=max&width=2048","This is a photograph of a child's bedroom."
"The Crossings, South Queensferry","Dundonald","3","https://newhomes.lovell.co.uk/development/the-crossings-south-queensferry/dundonald-the-crossings/","images/52e694d04cf46fd29d0ff069a0eb6cd7dc391e62a10393d3f1326252d2683c01.jpg","https://newhomes.lovell.co.uk/media/ghdgrewn/ensuite.jpg?rmode=max&width=2048","This is a photograph of a bathroom interior."
"The Crossings, South Queensferry","Dundonald","3","https://newhomes.lovell.co.uk/development/the-crossings-south-queensferry/dundonald-the-crossings/","images/a0f4b2fd12135ca1ba5514275b24ce89e4ad965ddedf3eef595767168bec3af0.jpg","https://newhomes.lovell.co.uk/media/rpyf5jdy/oakwood-edge-carnoustie-main-bedroom-1.jpg?rmode=max&width=2048","This is a photograph of a bedroom."
"The Crossings, South Queensferry","Dundonald","3","https://newhomes.lovell.co.uk/development/the-crossings-south-queensferry/dundonald-the-crossings/","images/f11b5c9347dc3eecaa931ec003f34092377a874396c112763e04d313733f84a3.jpg","https://newhomes.lovell.co.uk/media/pnflqd0b/ensuite-2.jpg?rmode=max&width=2048","This is a photograph of a bathroom."
"The Crossings, South Queensferry","Dundonald","3","https://newhomes.lovell.co.uk/development/the-crossings-south-queensferry/dundonald-the-crossings/","images/5819b9dee398203895ae594adea6dd69141d5124658fd2c11d8df202d1f12e52.jpg","https://newhomes.lovell.co.uk/media/dcuib4ue/bathroom-2.jpg?rmode=max&width=2048","This is a photograph of a bathroom interior."
"The Crossings, South Queensferry","Dundonald","3","https://newhomes.lovell.co.uk/development/the-crossings-south-queensferry/dundonald-the-crossings/","images/dabad6e718e6d930a109d1066962860b7576ef5f2a9245985d14474fd4b4f181.jpg","https://newhomes.lovell.co.uk/media/0eldalo5/bed-2.jpg?rmode=max&width=2048","This is a photograph of a furnished bedroom."
"The Crossings, South Queensferry","Dundonald","3","https://newhomes.lovell.co.uk/development/the-crossings-south-queensferry/dundonald-the-crossings/","images/b83c7f971a64c6e9afdc2f488ea7396bc22d4ecdda68a1298a6c487dc44b4b97.jpg","https://newhomes.lovell.co.uk/media/fyvhttzz/oakwood-edge-carnoustie-bathroom-2.jpg?rmode=max&width=2048","This is a photograph of a bathroom."
"The Crossings, South Queensferry","Dundonald","3","https://newhomes.lovell.co.uk/development/the-crossings-south-queensferry/dundonald-the-crossings/","images/ec545274d47b6ede88e38d11e4edb9c7a074b391151ba730fd92fec519d72dea.jpg","https://newhomes.lovell.co.uk/media/nj3pil14/dining.jpg?rmode=max&width=2048","This is a photograph of a dining area."
"The Crossings, South Queensferry","Dundonald","3","https://newhomes.lovell.co.uk/development/the-crossings-south-queensferry/dundonald-the-crossings/","images/889023f6af02dd60c17467af52c09920914ebf2aa1aa15bd5db581f56bd2c7ef.jpg","https://newhomes.lovell.co.uk/media/t35hwbfg/kitchen.jpg?rmode=max&width=2048","This is a photograph of a kitchen."
"The Crossings, South Queensferry","Dundonald","3","https://newhomes.lovell.co.uk/development/the-crossings-south-queensferry/dundonald-the-crossings/","images/4d83d984c6778760134b31443273f8b9b46b2fe2392b164b210b2056d7ca1b74.jpg","https://newhomes.lovell.co.uk/media/taqd0yo3/oakwood-edge-carnoustie-lounge-2.jpg?rmode=max&width=2048","This is a photograph of a living room interior."
"The Crossings, South Queensferry","Dundonald","3","https://newhomes.lovell.co.uk/development/the-crossings-south-queensferry/dundonald-the-crossings/","images/a6bdee58e0e746b328044999f70abb2c94c920c431f284b609ae7feb714c524a.jpg","https://newhomes.lovell.co.uk/media/images/development/NHQC-banner.jpg?rmode=max&width=2048","The image shows the exterior of residential properties."
"The Crossings, South Queensferry","Dundonald","3","https://newhomes.lovell.co.uk/development/the-crossings-south-queensferry/dundonald-the-crossings/","images/61ec2b802ae164ac09e1ae33050f7013628c86f1d9ac77bfa34940d167c995d8.jpg","https://newhomes.lovell.co.uk/media/images/development/trustpilot-review-background-banner.jpg?rmode=max&width=2048","The image shows a kitchen interior."
"The Crossings, South Queensferry","Elmwood","4","https://newhomes.lovell.co.uk/development/the-crossings-south-queensferry/elmwood-the-crossings/","images/0c9d0dc0acf11980480efcb08a79d23353bd9ea4acdf814fd26618408fb0f3bb.jpg","https://newhomes.lovell.co.uk/media/davfiawa/lounge-2.jpg?rmode=max&width=2048","The image shows a furnished living room."
"The Crossings, South Queensferry","Elmwood","4","https://newhomes.lovell.co.uk/development/the-crossings-south-queensferry/elmwood-the-crossings/","images/6b3ff5dc19a72f9ff654cd73064b73ba87012223c5a0717e8c27a59b4e32bb95.jpg","https://newhomes.lovell.co.uk/media/sw2l4tu2/the-crossings-elmwood-cgi.jpg?rmode=max&width=2048","This is an architectural exterior rendering of a property."
"The Crossings, South Queensferry","Elmwood","4","https://newhomes.lovell.co.uk/development/the-crossings-south-queensferry/elmwood-the-crossings/","images/0f2ecb5b389656c4046880d6b58caa6b79a95a9d6364b793cd9c8d76cd4bd50b.jpg","https://newhomes.lovell.co.uk/media/2xzjgz4o/kitchen.jpg?rmode=max&width=2048","This is a photograph of a kitchen area."
"The Crossings, South Queensferry","Elmwood","4","https://newhomes.lovell.co.uk/development/the-crossings-south-queensferry/elmwood-the-crossings/","images/003128e5a79f5f1373b4e16952975db06b9b2d4f32152688cdb52f22f5f66d0c.jpg","https://newhomes.lovell.co.uk/media/kpzjleif/kit-2.jpg?rmode=max&width=2048","This is a photograph of a functional kitchen and dining space."
"The Crossings, South Queensferry","Elmwood","4","https://newhomes.lovell.co.uk/development/the-crossings-south-queensferry/elmwood-the-crossings/","images/658578b22eb82a1fd6eecbd66bcc6949d70be93007e58b97cf5dd6e32c519a07.jpg","https://newhomes.lovell.co.uk/media/h1apyfn1/lounge.jpg?rmode=max&width=2048","This is a photograph of a living room."
"The Crossings, South Queensferry","Elmwood","4","https://newhomes.lovell.co.uk/development/the-crossings-south-queensferry/elmwood-the-crossings/","images/90e89492ae4247d854cca161dad01b3afa426e645f54c226eba7edabcfd81659.jpg","https://newhomes.lovell.co.uk/media/5sqf3l3t/family-room.jpg?rmode=max&width=2048","This is a photograph of a living room."
"The Crossings, South Queensferry","Elmwood","4","https://newhomes.lovell.co.uk/development/the-crossings-south-queensferry/elmwood-the-crossings/","images/2ae3b4085ccf097a0d9f3dc63df66cd82771217a2597034a0536938834c54919.jpg","https://newhomes.lovell.co.uk/media/dankbamw/bathroom.jpg?rmode=max&width=2048","This is a photograph of a residential bathroom."
"The Crossings, South Queensferry","Elmwood","4","https://newhomes.lovell.co.uk/development/the-crossings-south-queensferry/elmwood-the-crossings/","images/4af920050103598367aea8174718306b89cc7026bf7fa3e8b9e4b82bb990afe6.jpg","https://newhomes.lovell.co.uk/media/exsj0sfs/bed-3.jpg?rmode=max&width=2048","This is a photograph of a bedroom."
"The Crossings, South Queensferry","Elmwood","4","https://newhomes.lovell.co.uk/development/the-crossings-south-queensferry/elmwood-the-crossings/","images/42b29ac548f0c477ca2be592ae5c75012fdfd719a382cb602faf022d03992ccc.jpg","https://newhomes.lovell.co.uk/media/l55fwzfa/bed-2.jpg?rmode=max&width=2048","This is a photograph of a bedroom."
"The Crossings, South Queensferry","Elmwood","4","https://newhomes.lovell.co.uk/development/the-crossings-south-queensferry/elmwood-the-crossings/","images/bf2989813539fe6e203f0aabce6aea5388d4bfbbe31e8b41916bd5f765bd66bf.jpg","https://newhomes.lovell.co.uk/media/2kffpdna/bed-1.jpg?rmode=max&width=2048","This is a photograph of a bedroom."
"The Crossings, South Queensferry","Elmwood","4","https://newhomes.lovell.co.uk/development/the-crossings-south-queensferry/elmwood-the-crossings/","images/f24789a4e990498d88a9cb984a1e2e04d003ed7a36673f8b9721647d8ca6a078.jpg","https://newhomes.lovell.co.uk/media/orhljcgi/ensuite-2.jpg?rmode=max&width=2048","This is a photograph of a functional bathroom interior."
"The Crossings, South Queensferry","Elmwood","4","https://newhomes.lovell.co.uk/development/the-crossings-south-queensferry/elmwood-the-crossings/","images/f1d3ea150f706f5ce2dfbb6488b6faa9f3837929d50026563410cb9349d43141.jpg","https://newhomes.lovell.co.uk/media/rp2ieab1/bed-4.jpg?rmode=max&width=2048","This is a photograph of a furnished bedroom."
"The Crossings, South Queensferry","Elmwood","4","https://newhomes.lovell.co.uk/development/the-crossings-south-queensferry/elmwood-the-crossings/","images/d8567c4b9b4be80a1e2c06a8420034dec8b2b2885c3f2c2a22a7d3d1d9c0de4b.jpg","https://newhomes.lovell.co.uk/media/g1uhqwlt/ensuite.jpg?rmode=max&width=2048","This is a photograph of a bathroom."
"The Crossings, South Queensferry","Elmwood","4","https://newhomes.lovell.co.uk/development/the-crossings-south-queensferry/elmwood-the-crossings/","images/a6bdee58e0e746b328044999f70abb2c94c920c431f284b609ae7feb714c524a.jpg","https://newhomes.lovell.co.uk/media/images/development/NHQC-banner.jpg?rmode=max&width=2048","The image shows the exterior of residential properties."
"The Crossings, South Queensferry","Elmwood","4","https://newhomes.lovell.co.uk/development/the-crossings-south-queensferry/elmwood-the-crossings/","images/61ec2b802ae164ac09e1ae33050f7013628c86f1d9ac77bfa34940d167c995d8.jpg","https://newhomes.lovell.co.uk/media/images/development/trustpilot-review-background-banner.jpg?rmode=max&width=2048","The image shows a kitchen interior."
"The Crossings, South Queensferry","Gullane","4","https://newhomes.lovell.co.uk/development/the-crossings-south-queensferry/gullane-the-crossings/","images/0c9d0dc0acf11980480efcb08a79d23353bd9ea4acdf814fd26618408fb0f3bb.jpg","https://newhomes.lovell.co.uk/media/davfiawa/lounge-2.jpg?rmode=max&width=2048","The image shows a furnished living room."
"The Crossings, South Queensferry","Gullane","4","https://newhomes.lovell.co.uk/development/the-crossings-south-queensferry/gullane-the-crossings/","images/ab6163b72774635feaa4415441c0d8217b2907c7ca442ec0dd87ca626f4aced0.jpg","https://newhomes.lovell.co.uk/media/vb1mqfud/the-crossings-gullane-cgi.jpg?rmode=max&width=2048","This is a photograph of the exterior of a house."
"The Crossings, South Queensferry","Gullane","4","https://newhomes.lovell.co.uk/development/the-crossings-south-queensferry/gullane-the-crossings/","images/adc90db3c8b536cda50b7839b8775f5223f91433c76240a3f4984d527cbfbaff.jpg","https://newhomes.lovell.co.uk/media/nqjk3wbw/kit.jpg?rmode=max&width=2048","This is a combined kitchen and dining room."
"The Crossings, South Queensferry","Gullane","4","https://newhomes.lovell.co.uk/development/the-crossings-south-queensferry/gullane-the-crossings/","images/0a0ee4766e18ec4013c101a661df6552bcf85bdb149647a05261acb7a15b7bd4.jpg","https://newhomes.lovell.co.uk/media/ag2jhjr2/kit-2.jpg?rmode=max&width=2048","This is a dining area within an open-plan kitchen space."
"The Crossings, South Queensferry","Gullane","4","https://newhomes.lovell.co.uk/development/the-crossings-south-queensferry/gullane-the-crossings/","images/788239daced9b95a258a4e23a3d92bc58ad5fa634d09a8967d2c25e7724777ba.jpg","https://newhomes.lovell.co.uk/media/b5gbiqyh/ensuite.jpg?rmode=max&width=2048","This is a bedroom showing an adjacent bathroom."
"The Crossings, South Queensferry","Gullane","4","https://newhomes.lovell.co.uk/development/the-crossings-south-queensferry/gullane-the-crossings/","images/6b5042dbaf045d95ff89685931c87d3b2d80c6282dcabd2948788e542619f326.jpg","https://newhomes.lovell.co.uk/media/m2ierbu2/lounge.jpg?rmode=max&width=2048","This is a living room space."
"The Crossings, South Queensferry","Gullane","4","https://newhomes.lovell.co.uk/development/the-crossings-south-queensferry/gullane-the-crossings/","images/aa8d6e853b144fe89e7785e424f0f9f309d230de8fbda130ea1b6c2adef93bf5.jpg","https://newhomes.lovell.co.uk/media/cljb22pf/bath-2.jpg?rmode=max&width=2048","This is a residential bathroom."
"The Crossings, South Queensferry","Gullane","4","https://newhomes.lovell.co.uk/development/the-crossings-south-queensferry/gullane-the-crossings/","images/b2042b060f2971a0dd151e36780cb2ae4417493a1979df2ba47b3372eec7fe02.jpg","https://newhomes.lovell.co.uk/media/rtwhi1vw/bath.jpg?rmode=max&width=2048","This is a residential bathroom."
"The Crossings, South Queensferry","Gullane","4","https://newhomes.lovell.co.uk/development/the-crossings-south-queensferry/gullane-the-crossings/","images/2eec44813b5035f6005c14087587b26ba310634149e617e028feefea44adbebf.jpg","https://newhomes.lovell.co.uk/media/wl0iw5pz/family.jpg?rmode=max&width=2048","This is a furnished living room."
"The Crossings, South Queensferry","Gullane","4","https://newhomes.lovell.co.uk/development/the-crossings-south-queensferry/gullane-the-crossings/","images/8e8066e7ccad56265f7d4ec653e58b4f3949c9106708744e4d648a018940b14a.jpg","https://newhomes.lovell.co.uk/media/uv5mlxnm/fam-2.jpg?rmode=max&width=2048","This is a living room area featuring a sofa and decorative elements."
"The Crossings, South Queensferry","Gullane","4","https://newhomes.lovell.co.uk/development/the-crossings-south-queensferry/gullane-the-crossings/","images/9e8e904371f136575e0bb629abb1d764c3712b776f6e927ec27341463f8e9d5b.jpg","https://newhomes.lovell.co.uk/media/zovhi5x4/bed-3.jpg?rmode=max&width=2048","This is a bedroom."
"The Crossings, South Queensferry","Gullane","4","https://newhomes.lovell.co.uk/development/the-crossings-south-queensferry/gullane-the-crossings/","images/b223a18e360886f77f26a450fde0a1ed61b68e2f229fd2e0b9e8cef2bce0d0b0.jpg","https://newhomes.lovell.co.uk/media/csykcrv1/ensuite-2.jpg?rmode=max&width=2048","This is a residential bathroom."
"The Crossings, South Queensferry","Gullane","4","https://newhomes.lovell.co.uk/development/the-crossings-south-queensferry/gullane-the-crossings/","images/a7c20906c54792cd2841150cca737e7dc84e5037fe27b0e45d1d088c6081d50e.jpg","https://newhomes.lovell.co.uk/media/j1qaj1lh/bed-4.jpg?rmode=max&width=2048","This is a bedroom specifically styled as a nursery."
"The Crossings, South Queensferry","Gullane","4","https://newhomes.lovell.co.uk/development/the-crossings-south-queensferry/gullane-the-crossings/","images/ca029851596164be943bb867bea0fdf4677ed3c448c03c4e6232d95c3ce96e5b.jpg","https://newhomes.lovell.co.uk/media/ewvntjil/bed-2.jpg?rmode=max&width=2048","This is a furnished bedroom."
"The Crossings, South Queensferry","Gullane","4","https://newhomes.lovell.co.uk/development/the-crossings-south-queensferry/gullane-the-crossings/","images/6685b34a686bd3703f245ed13ad09ba78d761d9df7606ae50a22ec0d24f56fd5.jpg","https://newhomes.lovell.co.uk/media/suvgnrkm/bed-1.jpg?rmode=max&width=2048","This is a furnished bedroom."
"The Crossings, South Queensferry","Gullane","4","https://newhomes.lovell.co.uk/development/the-crossings-south-queensferry/gullane-the-crossings/","images/ccdf7d01aafed35e77099da3292dd156764082847f081d3362591f315ed0edaa.jpg","https://newhomes.lovell.co.uk/media/uixhmwxg/bed-3.jpg?rmode=max&width=2048","This is a photograph of a child's bedroom."
"The Crossings, South Queensferry","Gullane","4","https://newhomes.lovell.co.uk/development/the-crossings-south-queensferry/gullane-the-crossings/","images/a6bdee58e0e746b328044999f70abb2c94c920c431f284b609ae7feb714c524a.jpg","https://newhomes.lovell.co.uk/media/images/development/NHQC-banner.jpg?rmode=max&width=2048","The image shows the exterior of residential properties."
"The Crossings, South Queensferry","Gullane","4","https://newhomes.lovell.co.uk/development/the-crossings-south-queensferry/gullane-the-crossings/","images/61ec2b802ae164ac09e1ae33050f7013628c86f1d9ac77bfa34940d167c995d8.jpg","https://newhomes.lovell.co.uk/media/images/development/trustpilot-review-background-banner.jpg?rmode=max&width=2048","The image shows a kitchen interior."
"The Crossings, South Queensferry","Inverurie","4","https://newhomes.lovell.co.uk/development/the-crossings-south-queensferry/inverurie-the-crossings/","images/1a0ac9ff9b9aab6f03405bbecd10b8dc47234178aabaeba45089dfdac484bd36.jpg","https://newhomes.lovell.co.uk/media/po5muc2p/the-crossings-inverurie-cgi.jpg?rmode=max&width=2048","This is an architectural rendering of the property exterior."
"The Crossings, South Queensferry","Inverurie","4","https://newhomes.lovell.co.uk/development/the-crossings-south-queensferry/inverurie-the-crossings/","images/cd21985738cf396f018b5909a660448004b328c573f3816ade99dbb1208051f7.jpg","https://newhomes.lovell.co.uk/media/lfto35w4/69180_oakwoodfinal_sr-006.jpg?rmode=max&width=2048","This is a photograph of a furnished living room."
"The Crossings, South Queensferry","Inverurie","4","https://newhomes.lovell.co.uk/development/the-crossings-south-queensferry/inverurie-the-crossings/","images/cfa5135b0a0ed01cf588e75189820e1b70e19bbbfb55fde467329478648c9853.jpg","https://newhomes.lovell.co.uk/media/034b45uu/oakwood-edge-inverurie-lounge-16.jpg?rmode=max&width=2048","This is a photograph of a living and dining space."
"The Crossings, South Queensferry","Inverurie","4","https://newhomes.lovell.co.uk/development/the-crossings-south-queensferry/inverurie-the-crossings/","images/d19ce5e66694725d8dbe1ed8edfb236cec30a4c0514459468dc336ff243102c7.jpg","https://newhomes.lovell.co.uk/media/1y2ga1h4/oakwood-edge-inverurie-hallway-1.jpg?rmode=max&width=2048","This is a photograph of an entrance hallway."
"The Crossings, South Queensferry","Inverurie","4","https://newhomes.lovell.co.uk/development/the-crossings-south-queensferry/inverurie-the-crossings/","images/de1bbd8295e1e4ae3fd83442161be821d0b82ee7ccced5f88fae0cde26f1ccd1.jpg","https://newhomes.lovell.co.uk/media/4yynvfyt/69180_oakwoodfinal_sr-009.jpg?rmode=max&width=2048","This is a photograph of a furnished living room."
"The Crossings, South Queensferry","Inverurie","4","https://newhomes.lovell.co.uk/development/the-crossings-south-queensferry/inverurie-the-crossings/","images/bd918171826109a260fe9bdf4cbe649e4b67929c1515b7155e10f0b65124e45e.jpg","https://newhomes.lovell.co.uk/media/b00bsbiu/69180_oakwoodfinal_sr-012.jpg?rmode=max&width=2048","This is a photograph of a furnished kitchen and dining space."
"The Crossings, South Queensferry","Inverurie","4","https://newhomes.lovell.co.uk/development/the-crossings-south-queensferry/inverurie-the-crossings/","images/834c8ae2485fa8c4f59df0573c975858234215029dadb06c03190e0f99a715fc.jpg","https://newhomes.lovell.co.uk/media/gu5fugaq/69180_oakwoodfinal_sr-013.jpg?rmode=max&width=2048","This is a photograph of a furnished kitchen and dining area."
"The Crossings, South Queensferry","Inverurie","4","https://newhomes.lovell.co.uk/development/the-crossings-south-queensferry/inverurie-the-crossings/","images/1b5cbd68c3b0d5e1d589c4e170e3c33124770a3add16dc6c03fc226e62a7e5fe.jpg","https://newhomes.lovell.co.uk/media/gxvndnbx/oakwood-edge-inverurie-family-room-2.jpg?rmode=max&width=2048","This is an interior photograph of a living room."
"The Crossings, South Queensferry","Inverurie","4","https://newhomes.lovell.co.uk/development/the-crossings-south-queensferry/inverurie-the-crossings/","images/6685b34a686bd3703f245ed13ad09ba78d761d9df7606ae50a22ec0d24f56fd5.jpg","https://newhomes.lovell.co.uk/media/suvgnrkm/bed-1.jpg?rmode=max&width=2048","This is a furnished bedroom."
"The Crossings, South Queensferry","Inverurie","4","https://newhomes.lovell.co.uk/development/the-crossings-south-queensferry/inverurie-the-crossings/","images/14330fda2d4418f8db5c4b0591dde747ad9be63b7d646e638c400b4a3858a80d.jpg","https://newhomes.lovell.co.uk/media/3c0gxrlz/69180_oakwoodfinal_sr-030.jpg?rmode=max&width=2048","This is a photograph of a furnished bathroom."
"The Crossings, South Queensferry","Inverurie","4","https://newhomes.lovell.co.uk/development/the-crossings-south-queensferry/inverurie-the-crossings/","images/fd7c73f931396078184cddcc0fed645948a376acb2bb04e80f36eb9d227d7223.jpg","https://newhomes.lovell.co.uk/media/15pjbkd5/69180_oakwoodfinal_sr-035.jpg?rmode=max&width=2048","This is a photograph of a furnished bedroom."
"The Crossings, South Queensferry","Inverurie","4","https://newhomes.lovell.co.uk/development/the-crossings-south-queensferry/inverurie-the-crossings/","images/788239daced9b95a258a4e23a3d92bc58ad5fa634d09a8967d2c25e7724777ba.jpg","https://newhomes.lovell.co.uk/media/b5gbiqyh/ensuite.jpg?rmode=max&width=2048","This is a bedroom showing an adjacent bathroom."
"The Crossings, South Queensferry","Inverurie","4","https://newhomes.lovell.co.uk/development/the-crossings-south-queensferry/inverurie-the-crossings/","images/b223a18e360886f77f26a450fde0a1ed61b68e2f229fd2e0b9e8cef2bce0d0b0.jpg","https://newhomes.lovell.co.uk/media/csykcrv1/ensuite-2.jpg?rmode=max&width=2048","This is a residential bathroom."
"The Crossings, South Queensferry","Inverurie","4","https://newhomes.lovell.co.uk/development/the-crossings-south-queensferry/inverurie-the-crossings/","images/a7c20906c54792cd2841150cca737e7dc84e5037fe27b0e45d1d088c6081d50e.jpg","https://newhomes.lovell.co.uk/media/j1qaj1lh/bed-4.jpg?rmode=max&width=2048","This is a bedroom specifically styled as a nursery."
"The Crossings, South Queensferry","Inverurie","4","https://newhomes.lovell.co.uk/development/the-crossings-south-queensferry/inverurie-the-crossings/","images/b2042b060f2971a0dd151e36780cb2ae4417493a1979df2ba47b3372eec7fe02.jpg","https://newhomes.lovell.co.uk/media/rtwhi1vw/bath.jpg?rmode=max&width=2048","This is a residential bathroom."
"The Crossings, South Queensferry","Inverurie","4","https://newhomes.lovell.co.uk/development/the-crossings-south-queensferry/inverurie-the-crossings/","images/32f9441004687f31e341c264446bf1b20ea1061f3f5504dca26fa62ba69010ee.jpg","https://newhomes.lovell.co.uk/media/q2cpqupn/oakwood-edge-inverurie-upper-hallway.jpg?rmode=max&width=2048","The space connects multiple rooms and includes a staircase, identifying it as a landing."
"The Crossings, South Queensferry","Inverurie","4","https://newhomes.lovell.co.uk/development/the-crossings-south-queensferry/inverurie-the-crossings/","images/0c9d0dc0acf11980480efcb08a79d23353bd9ea4acdf814fd26618408fb0f3bb.jpg","https://newhomes.lovell.co.uk/media/davfiawa/lounge-2.jpg?rmode=max&width=2048","The image shows a furnished living room."
"The Crossings, South Queensferry","Inverurie","4","https://newhomes.lovell.co.uk/development/the-crossings-south-queensferry/inverurie-the-crossings/","images/a6bdee58e0e746b328044999f70abb2c94c920c431f284b609ae7feb714c524a.jpg","https://newhomes.lovell.co.uk/media/images/development/NHQC-banner.jpg?rmode=max&width=2048","The image shows the exterior of residential properties."
"The Crossings, South Queensferry","Inverurie","4","https://newhomes.lovell.co.uk/development/the-crossings-south-queensferry/inverurie-the-crossings/","images/61ec2b802ae164ac09e1ae33050f7013628c86f1d9ac77bfa34940d167c995d8.jpg","https://newhomes.lovell.co.uk/media/images/development/trustpilot-review-background-banner.jpg?rmode=max&width=2048","The image shows a kitchen interior."
"The Crossings, South Queensferry","Jedburgh","5","https://newhomes.lovell.co.uk/development/the-crossings-south-queensferry/jedburgh-the-crossings/","images/e93164ada61e0a79a0d9d49ca1890e8b8316b8b3e3288ce59d64fe10f30eb9b2.jpg","https://newhomes.lovell.co.uk/media/cq3hthmb/the-crossings-jedburgh-cgi.jpg?rmode=max&width=2048","This is an exterior architectural visualization of a property."
"The Crossings, South Queensferry","Jedburgh","5","https://newhomes.lovell.co.uk/development/the-crossings-south-queensferry/jedburgh-the-crossings/","images/03284c8d03d121261bd97dd6e60e73f64748dcd7ea0150b1fd26bf0b75509053.jpg","https://newhomes.lovell.co.uk/media/lonop5nt/20250312-lovell-homes-glow-garren-jedburgh-lounge-002.jpg?rmode=max&width=2048","This is a photograph of a furnished living room."
"The Crossings, South Queensferry","Jedburgh","5","https://newhomes.lovell.co.uk/development/the-crossings-south-queensferry/jedburgh-the-crossings/","images/966538ae8a93a51aa33498842a14d1e0c39a8d63d16aa89868b9ad2b8587ffbe.jpg","https://newhomes.lovell.co.uk/media/x53odyq1/20250312-lovell-homes-glow-garren-jedburgh-lounge-003.jpg?rmode=max&width=2048","This is a photograph of a furnished living room."
"The Crossings, South Queensferry","Jedburgh","5","https://newhomes.lovell.co.uk/development/the-crossings-south-queensferry/jedburgh-the-crossings/","images/e7a197cd851d9e3a36c4bac4dd7a088925fccfa961d2f0b53fdcbd33dc99c238.jpg","https://newhomes.lovell.co.uk/media/pebae1sz/20250312-lovell-homes-glow-garren-jedburgh-kitchen-dining-001.jpg?rmode=max&width=2048","This is a photograph of a furnished dining room."
"The Crossings, South Queensferry","Jedburgh","5","https://newhomes.lovell.co.uk/development/the-crossings-south-queensferry/jedburgh-the-crossings/","images/13a177f599bb8466d6e9dc687b055254bc8168b57c0c808366e168423b5270de.jpg","https://newhomes.lovell.co.uk/media/qqafyfhn/20250312-lovell-homes-glow-garren-jedburgh-kitchen-dining-003.jpg?rmode=max&width=2048","This is a photograph of a furnished kitchen."
"The Crossings, South Queensferry","Jedburgh","5","https://newhomes.lovell.co.uk/development/the-crossings-south-queensferry/jedburgh-the-crossings/","images/df2116031af4819572dab2ec94b41a7d68a18d45642c5da845fc56caf0403b1f.jpg","https://newhomes.lovell.co.uk/media/ugub0tln/20250312-lovell-homes-glow-garren-jedburgh-kitchen-dining-002.jpg?rmode=max&width=2048","The image shows a dining room and kitchen area within a residential property."
"The Crossings, South Queensferry","Jedburgh","5","https://newhomes.lovell.co.uk/development/the-crossings-south-queensferry/jedburgh-the-crossings/","images/3ce4a0b5e6aad46dc54d7bdc57e59407d6bc964d624c56de298cf0948afa2108.jpg","https://newhomes.lovell.co.uk/media/orweingz/20250312-lovell-homes-glow-garren-jedburgh-hall-001.jpg?rmode=max&width=2048","The image shows the entrance hallway of a residential property."
"The Crossings, South Queensferry","Jedburgh","5","https://newhomes.lovell.co.uk/development/the-crossings-south-queensferry/jedburgh-the-crossings/","images/2abaf8a4561b5cedd0d172a941360d41676dcb544a18fbfec0e787197dd0198e.jpg","https://newhomes.lovell.co.uk/media/2hafn25g/20250312-lovell-homes-glow-garren-jedburgh-hall-002.jpg?rmode=max&width=2048","This is a photograph of an entrance hallway in a residential property."
"The Crossings, South Queensferry","Jedburgh","5","https://newhomes.lovell.co.uk/development/the-crossings-south-queensferry/jedburgh-the-crossings/","images/549f09af738902e21075c24b40b1335b51d4bb90ddb0404e3dcebddd3406755d.jpg","https://newhomes.lovell.co.uk/media/jn2j2qji/20250312-lovell-homes-glow-garren-jedburgh-utility-001.jpg?rmode=max&width=2048","The image depicts a utility room, which is a functional space in a home."
"The Crossings, South Queensferry","Jedburgh","5","https://newhomes.lovell.co.uk/development/the-crossings-south-queensferry/jedburgh-the-crossings/","images/b2042b060f2971a0dd151e36780cb2ae4417493a1979df2ba47b3372eec7fe02.jpg","https://newhomes.lovell.co.uk/media/rtwhi1vw/bath.jpg?rmode=max&width=2048","This is a residential bathroom."
"The Crossings, South Queensferry","Jedburgh","5","https://newhomes.lovell.co.uk/development/the-crossings-south-queensferry/jedburgh-the-crossings/","images/aa8d6e853b144fe89e7785e424f0f9f309d230de8fbda130ea1b6c2adef93bf5.jpg","https://newhomes.lovell.co.uk/media/cljb22pf/bath-2.jpg?rmode=max&width=2048","This is a residential bathroom."
"The Crossings, South Queensferry","Jedburgh","5","https://newhomes.lovell.co.uk/development/the-crossings-south-queensferry/jedburgh-the-crossings/","images/ba97b033225b66cbf0c2284f98c4f0762ab51b44576d907c3ba4ed57b400f950.jpg","https://newhomes.lovell.co.uk/media/m3ap3icq/bed-2.jpg?rmode=max&width=2048","This is a photograph of a furnished bedroom."
"The Crossings, South Queensferry","Jedburgh","5","https://newhomes.lovell.co.uk/development/the-crossings-south-queensferry/jedburgh-the-crossings/","images/b4ca0fc88a22d992f8f7730f81a82edb97d0ef1af6aa89b4533f5bd505919a6b.jpg","https://newhomes.lovell.co.uk/media/mgih1vgy/bed-3.jpg?rmode=max&width=2048","This is a photograph of a furnished bedroom."
"The Crossings, South Queensferry","Jedburgh","5","https://newhomes.lovell.co.uk/development/the-crossings-south-queensferry/jedburgh-the-crossings/","images/8c2ca10439783c44d768047b3521f31f7421c5ba0e0daaa2cfcaf6bc0854488d.jpg","https://newhomes.lovell.co.uk/media/ffshpayo/ensuite-2.jpg?rmode=max&width=2048","This is a photograph of a bathroom or shower room."
"The Crossings, South Queensferry","Jedburgh","5","https://newhomes.lovell.co.uk/development/the-crossings-south-queensferry/jedburgh-the-crossings/","images/a7c20906c54792cd2841150cca737e7dc84e5037fe27b0e45d1d088c6081d50e.jpg","https://newhomes.lovell.co.uk/media/j1qaj1lh/bed-4.jpg?rmode=max&width=2048","This is a bedroom specifically styled as a nursery."
"The Crossings, South Queensferry","Jedburgh","5","https://newhomes.lovell.co.uk/development/the-crossings-south-queensferry/jedburgh-the-crossings/","images/0c9d0dc0acf11980480efcb08a79d23353bd9ea4acdf814fd26618408fb0f3bb.jpg","https://newhomes.lovell.co.uk/media/davfiawa/lounge-2.jpg?rmode=max&width=2048","The image shows a furnished living room."
"The Crossings, South Queensferry","Jedburgh","5","https://newhomes.lovell.co.uk/development/the-crossings-south-queensferry/jedburgh-the-crossings/","images/a6bdee58e0e746b328044999f70abb2c94c920c431f284b609ae7feb714c524a.jpg","https://newhomes.lovell.co.uk/media/images/development/NHQC-banner.jpg?rmode=max&width=2048","The image shows the exterior of residential properties."
"The Crossings, South Queensferry","Jedburgh","5","https://newhomes.lovell.co.uk/development/the-crossings-south-queensferry/jedburgh-the-crossings/","images/61ec2b802ae164ac09e1ae33050f7013628c86f1d9ac77bfa34940d167c995d8.jpg","https://newhomes.lovell.co.uk/media/images/development/trustpilot-review-background-banner.jpg?rmode=max&width=2048","The image shows a kitchen interior."
"The Crossings, South Queensferry","The Crossings, South Queensferry development gallery","","https://newhomes.lovell.co.uk/development/the-crossings-south-queensferry/","images/f80a5f13d76cf34c00fc39f5eb07b344145d333793268782c946940d9646984c.png","https://newhomes.lovell.co.uk/media/kmtncee1/crossings-btbl.png?rmode=max&width=2048","This is a photograph of a furnished interior living space."
"The Crossings, South Queensferry","The Crossings, South Queensferry development gallery","","https://newhomes.lovell.co.uk/development/the-crossings-south-queensferry/","images/28c61b9ea61026aa4bbe76a87372a3bd611572edf63a7e1eaabaa2612c9a6792.jpg","https://newhomes.lovell.co.uk/media/q5ifiqfq/streetscene.jpg?rmode=max&width=2048","This is an exterior architectural visualization of a housing development."
"The Crossings, South Queensferry","The Crossings, South Queensferry development gallery","","https://newhomes.lovell.co.uk/development/the-crossings-south-queensferry/","images/4d83d984c6778760134b31443273f8b9b46b2fe2392b164b210b2056d7ca1b74.jpg","https://newhomes.lovell.co.uk/media/taqd0yo3/oakwood-edge-carnoustie-lounge-2.jpg?rmode=max&width=2048","This is a photograph of a living room interior."
"The Crossings, South Queensferry","The Crossings, South Queensferry development gallery","","https://newhomes.lovell.co.uk/development/the-crossings-south-queensferry/","images/ab1e17614bd8a0fb13c86497d8aa373e2a0b35c36017647084b5bfade7960a1b.jpg","https://newhomes.lovell.co.uk/media/bjfltqu3/carnoustie-lounge.jpg?rmode=max&width=2048","The image shows a furnished living area."
"The Crossings, South Queensferry","The Crossings, South Queensferry development gallery","","https://newhomes.lovell.co.uk/development/the-crossings-south-queensferry/","images/09b916a5ded8b3991c52137e4efc812ceb94bd807d61c771980b3064adbc64fd.jpg","https://newhomes.lovell.co.uk/media/uh1mf4nx/oakwood-edge-carnoustie-kitchen-4.jpg?rmode=max&width=2048","This is a photograph of a functional kitchen space."
"The Crossings, South Queensferry","The Crossings, South Queensferry development gallery","","https://newhomes.lovell.co.uk/development/the-crossings-south-queensferry/","images/49e59c8c13d5d0215356ae89dc4a971ce9be062ae26f7c0bbc3217e13875ceea.jpg","https://newhomes.lovell.co.uk/media/xvamrzcx/oakwood-edge-carnoustie-kitchen-7.jpg?rmode=max&width=2048","This is a photograph of a dining room."
"The Crossings, South Queensferry","The Crossings, South Queensferry development gallery","","https://newhomes.lovell.co.uk/development/the-crossings-south-queensferry/","images/97a679f7d647386042b71fca1d5370acfea897bd46ca1da4a0ba7dd1a0f5337a.jpg","https://newhomes.lovell.co.uk/media/vwjevs02/g_240704_n2_medium.jpg?rmode=max&width=2048","This is a photograph of a furnished interior living and dining space."
"The Crossings, South Queensferry","The Crossings, South Queensferry development gallery","","https://newhomes.lovell.co.uk/development/the-crossings-south-queensferry/","images/a24c16c47c93c3a6eb39d9c579788404d1d0a395572ab0542d17cdd8b675fc3c.jpg","https://newhomes.lovell.co.uk/media/1uup5b4u/g_240704_n9_medium.jpg?rmode=max&width=2048","This is a photograph of a functional kitchen and dining area within a property."
"The Crossings, South Queensferry","The Crossings, South Queensferry development gallery","","https://newhomes.lovell.co.uk/development/the-crossings-south-queensferry/","images/aba254fa9786a29d97346b7f66f248255ad535b6d1a90c339b9e171b249c9358.jpg","https://newhomes.lovell.co.uk/media/2nkkvrte/g_240704_n21_medium.jpg?rmode=max&width=2048","This is a photograph of a residential hallway."
"The Crossings, South Queensferry","The Crossings, South Queensferry development gallery","","https://newhomes.lovell.co.uk/development/the-crossings-south-queensferry/","images/2fa9a4760d82b7d4e2b13c68ac5d9e18ea972410f26f85377449451a1249f154.jpg","https://newhomes.lovell.co.uk/media/gn2d2uw2/g_240704_n15_medium.jpg?rmode=max&width=2048","This is a photograph of a residential living room."
"The Crossings, South Queensferry","The Crossings, South Queensferry development gallery","","https://newhomes.lovell.co.uk/development/the-crossings-south-queensferry/","images/ba97b033225b66cbf0c2284f98c4f0762ab51b44576d907c3ba4ed57b400f950.jpg","https://newhomes.lovell.co.uk/media/m3ap3icq/bed-2.jpg?rmode=max&width=2048","This is a photograph of a furnished bedroom."
"The Crossings, South Queensferry","The Crossings, South Queensferry development gallery","","https://newhomes.lovell.co.uk/development/the-crossings-south-queensferry/","images/791dbb4eeed548ab59945db4d0bb89571c65e728feb20cba4e6ed3bfd93ae2df.jpg","https://newhomes.lovell.co.uk/media/kcpnns2w/g_240704_n39_medium.jpg?rmode=max&width=2048","This is a photograph of a residential bedroom."
"The Crossings, South Queensferry","The Crossings, South Queensferry development gallery","","https://newhomes.lovell.co.uk/development/the-crossings-south-queensferry/","images/9369d5b2a4392b3b17ef96f81642c5319e0be54f3a54a713e7b4917894e00226.jpg","https://newhomes.lovell.co.uk/media/hwjnw2b4/g_240704_n42_medium.jpg?rmode=max&width=2048","This is a photograph of a functional bathroom within a property."
"The Crossings, South Queensferry","The Crossings, South Queensferry development gallery","","https://newhomes.lovell.co.uk/development/the-crossings-south-queensferry/","images/1ccbd0d291012952c4494a306799b59d5b3bbb069dbf087bbb3730b7916f005c.jpg","https://newhomes.lovell.co.uk/media/u24fwuk1/oakwood-edge-carnoustie-3rd-bedroom-kids-2.jpg?rmode=max&width=2048","This is a photograph of a bedroom."
"The Crossings, South Queensferry","The Crossings, South Queensferry development gallery","","https://newhomes.lovell.co.uk/development/the-crossings-south-queensferry/","images/b83c7f971a64c6e9afdc2f488ea7396bc22d4ecdda68a1298a6c487dc44b4b97.jpg","https://newhomes.lovell.co.uk/media/fyvhttzz/oakwood-edge-carnoustie-bathroom-2.jpg?rmode=max&width=2048","This is a photograph of a bathroom."
"The Crossings, South Queensferry","The Crossings, South Queensferry development gallery","","https://newhomes.lovell.co.uk/development/the-crossings-south-queensferry/","images/b2240e4b48b966f5658e5b89d559529225c7458e788b7fdcb95fd73c64e6f388.jpg","https://newhomes.lovell.co.uk/media/f1vjvv40/newhalls-road-copy-2.jpg?rmode=max&width=2048","This is an exterior view of a location, which is part of the property's surroundings."
"The Crossings, South Queensferry","The Crossings, South Queensferry development gallery","","https://newhomes.lovell.co.uk/development/the-crossings-south-queensferry/","images/e44bae51aa59dff1ef8707f6a8d0a06b05f94c2f1220efd1da0537502c819b35.jpg","https://newhomes.lovell.co.uk/media/1lvg5jlj/3-queenferry-bridges-2-copy-2.jpg?rmode=max&width=2048","This is an exterior landscape view of the property's surroundings."
"The Crossings, South Queensferry","The Crossings, South Queensferry development gallery","","https://newhomes.lovell.co.uk/development/the-crossings-south-queensferry/","images/484dd79e93be02ae68b0d283f0029128dc9f95b58e79509919d934342a48fa8b.jpg","https://newhomes.lovell.co.uk/media/3lwatqn5/south-queensferry-high-street-2-copy-2.jpg?rmode=max&width=2048","This is an exterior view of a street, representing the local area of the property."
"The Crossings, South Queensferry","The Crossings, South Queensferry development gallery","","https://newhomes.lovell.co.uk/development/the-crossings-south-queensferry/","images/a6bdee58e0e746b328044999f70abb2c94c920c431f284b609ae7feb714c524a.jpg","https://newhomes.lovell.co.uk/media/images/development/NHQC-banner.jpg?rmode=max&width=2048","The image shows the exterior of residential properties."
"The Crossings, South Queensferry","The Crossings, South Queensferry development gallery","","https://newhomes.lovell.co.uk/development/the-crossings-south-queensferry/","images/61ec2b802ae164ac09e1ae33050f7013628c86f1d9ac77bfa34940d167c995d8.jpg","https://newhomes.lovell.co.uk/media/images/development/trustpilot-review-background-banner.jpg?rmode=max&width=2048","The image shows a kitchen interior."