"development","house_type","bedrooms","property_url","image_file","image_url","reason"
"Cable Wharf, Northfleet","The Mersey","1","https://www.keepmoat.com/cable-wharf-northfleet/the-mersey","images/195ac6ba176926b3bf332a2abfdb376fb14fa77faea1aff0f209b6d25d71c6b0.jpg","https://www.keepmoat.com/getmedia/ca00d868-2f30-43ba-a8a3-cc7b89123910/924-CableWharf-Dusk-1024x683.jpg","Staged showhome interior space."
"Cable Wharf, Northfleet","The Mersey","1","https://www.keepmoat.com/cable-wharf-northfleet/the-mersey","images/7ee06c24e6bc6de4014d1b57abfc30cc0daca984a66faedce142dd7888d11ed6.jpg","https://www.keepmoat.com/getmedia/97ef45e4-7b7a-458b-b1d0-e3e2198baf6c/8633604-stills-interior01(1)-800.jpg","Staged showhome interior space."
"Cable Wharf, Northfleet","The Mersey","1","https://www.keepmoat.com/cable-wharf-northfleet/the-mersey","images/e1ae040e8150c372415da48d07331714eab83816be336810066ac15c0201c8d5.jpg","https://www.keepmoat.com/getmedia/cc342a34-678f-44c8-b662-cf5eaa148ed8/8633604-stills-interior03(1)-800.jpg","Staged showhome interior space."
"Cable Wharf, Northfleet","The Mersey","1","https://www.keepmoat.com/cable-wharf-northfleet/the-mersey","images/8364102143fd420dcd9817313a7b46c18197b689fd27a1af2fd6eb60f7144167.jpg","https://www.keepmoat.com/getmedia/40cc47f0-294b-4d8a-ada2-c418fbb7de5e/8633604-stills-interior06(1)-800.jpg","Staged showhome interior space."
"Cable Wharf, Northfleet","The Mersey","1","https://www.keepmoat.com/cable-wharf-northfleet/the-mersey","images/65176a159b0445e9f27f359539bc3c7df3c06070cd984795182ec1c5aca2d5ef.jpg","https://www.keepmoat.com/getmedia/9365894d-e490-4af3-aa32-98345471d33f/8633604-stills-interior09(1)-800.jpg","Staged showhome interior space."
"Cable Wharf, Northfleet","The Mersey","1","https://www.keepmoat.com/cable-wharf-northfleet/the-mersey","images/f2890d4bba89e49f2659d2db7574bb5e920d32c1d2242931ba66a77de8bfc1b1.jpg","https://www.keepmoat.com/getmedia/26efe8d2-2b60-4784-a57b-0b5b76dcfac9/8633604-stills-interior10(1)-800.jpg","Staged showhome interior space."
"Cable Wharf, Northfleet","The Mersey","1","https://www.keepmoat.com/cable-wharf-northfleet/the-mersey","images/8b47fe45bb915d4b76ac573c1ca756ad321892065b1848d341e802999901453d.jpg","https://www.keepmoat.com/getmedia/01af4edd-f00a-4abe-8ecd-e3a288fcea19/8633604-stills-interior12(1)-800.jpg","Staged showhome interior space."
"Cable Wharf, Northfleet","The Mersey","1","https://www.keepmoat.com/cable-wharf-northfleet/the-mersey","images/d8ff876f31e423b9979e38a3def8fcf6b4c875810c72d9d646611e0db5a467c9.jpg","https://www.keepmoat.com/getmedia/45b8df8b-9406-4a43-9921-9abaa788b705/8633604-stills-interior13(1)-800.jpg","Staged showhome interior space."
"Cable Wharf, Northfleet","The Mersey","1","https://www.keepmoat.com/cable-wharf-northfleet/the-mersey","images/43b69921bb5e1740d5412c4b5a847e53dccf46861c4bb65ce75b687427451bb1.jpg","https://www.keepmoat.com/getmedia/e8fef315-7601-415b-8956-9ccadacdbb9a/KMSM0211-Keepmoat-CableWharf-USP-Website-Infographic-1024x684px-JUN26-V2-Option-1_4.jpg","Staged showhome interior space."
"Cable Wharf, Northfleet","The Witham","2","https://www.keepmoat.com/cable-wharf-northfleet/the-witham","images/e109061bfa6a21259da26e9abadaabf5eb5dfef6b31b67769525a16f9cd1a822.jpg","https://www.keepmoat.com/getmedia/d99dfd74-8e08-4828-9856-5897d82fc5d7/BlockB-1024x683.jpg","Staged showhome interior space."
"Cable Wharf, Northfleet","The Witham","2","https://www.keepmoat.com/cable-wharf-northfleet/the-witham","images/d986c2469fc65de52f83c337284a5bcb5c9b97d2f8f07d95fbb53dd85db425d3.jpg","https://www.keepmoat.com/getmedia/35f1194c-f7ad-4e29-91e2-b51796af970f/1024x683-corner-kitchen-example.jpg","Staged showhome kitchen."
"Cable Wharf, Northfleet","The Witham","2","https://www.keepmoat.com/cable-wharf-northfleet/the-witham","images/ae6a64e805745ea7c270dd7f22a2bde1475def1e9cd49dba76c347afe687f0e2.jpg","https://www.keepmoat.com/getmedia/8440a520-04cc-4a08-a0a1-d60e562183cf/WEBCable-Wharf-Show-Apartment-60905.jpg","Staged showhome interior space."
"Cable Wharf, Northfleet","The Witham","2","https://www.keepmoat.com/cable-wharf-northfleet/the-witham","images/8b507fd9fdf0bad9109815a9a42fd55454312f8834d3580ea7b21cff57414050.jpg","https://www.keepmoat.com/getmedia/17f2b011-7289-4505-86ad-e7d1d4fd8caf/018-sf-sowerby-kingfields-park-hull-jpg.jpg","Staged showhome interior space."
"Cable Wharf, Northfleet","The Witham","2","https://www.keepmoat.com/cable-wharf-northfleet/the-witham","images/d4ec98025d52f96385d09350b37fe552a22fb68ac62c79d323e172a88eaec025.jpg","https://www.keepmoat.com/getmedia/7bbd6564-cdce-4dab-a3f1-a86161346e69/015-sf-sowerby-kingfields-park-hull-jpg.jpg","Staged showhome interior space."
"Cable Wharf, Northfleet","The Witham","2","https://www.keepmoat.com/cable-wharf-northfleet/the-witham","images/9683ee2afc79a652d12d546f044e2dfdbd8cc79ec80f85c4d824e50bfe7a71c8.jpg","https://www.keepmoat.com/getmedia/b57467f7-6b34-43a4-bad6-7ab235c576af/1024x683-bathroom-windowcroped2.jpg","Staged showhome bathroom."
"Cable Wharf, Northfleet","The Witham","2","https://www.keepmoat.com/cable-wharf-northfleet/the-witham","images/c02f7ba8cb09a56a27651bc347320bab0afa7e535a289eeb52a7b493b97566c4.jpg","https://www.keepmoat.com/getmedia/bd1217bb-c7cc-48a9-94ef-0c20fe18dc81/240624-CABLEWHARF-AERIALVIEW.jpg","Staged showhome interior space."
"Cable Wharf, Northfleet","The Witham","2","https://www.keepmoat.com/cable-wharf-northfleet/the-witham","images/43b69921bb5e1740d5412c4b5a847e53dccf46861c4bb65ce75b687427451bb1.jpg","https://www.keepmoat.com/getmedia/e8fef315-7601-415b-8956-9ccadacdbb9a/KMSM0211-Keepmoat-CableWharf-USP-Website-Infographic-1024x684px-JUN26-V2-Option-1_4.jpg","Staged showhome interior space."
"Cable Wharf, Northfleet","The Tyne","2","https://www.keepmoat.com/cable-wharf-northfleet/the-tyne","images/faf1d68c0419f1fc8ea3fd24c99c23ee02b039750e5b6847815400f3adc05458.jpg","https://www.keepmoat.com/getmedia/2d334410-e93e-4fa5-9e08-2c7feaddfc55/016-sf-the-tyne-apartment-cable-wharf-JPEG-Keepmoat-1024x683-72ppi.jpg","Staged showhome interior space."
"Cable Wharf, Northfleet","The Tyne","2","https://www.keepmoat.com/cable-wharf-northfleet/the-tyne","images/1ee266e486aa93792466dc95cfdcab63abad6c891425a90bf26cbd4e03b54030.jpg","https://www.keepmoat.com/getmedia/14f79220-80e8-4397-a4f5-9508ac17a29e/009-sf-the-tyne-apartment-cable-wharf-JPEG-Keepmoat-1024x683-72ppi.jpg","Staged showhome interior space."
"Cable Wharf, Northfleet","The Tyne","2","https://www.keepmoat.com/cable-wharf-northfleet/the-tyne","images/1ff6f717f493775440e2f3ba17ad47b97a2f8f334f3ac50dc6c559b79acdd607.jpg","https://www.keepmoat.com/getmedia/0a9bf943-b68d-4bd0-a2d8-81b4bb42bc37/011-sf-the-tyne-apartment-cable-wharf-JPEG-Keepmoat-1024x683-72ppi.jpg","Staged showhome interior space."
"Cable Wharf, Northfleet","The Tyne","2","https://www.keepmoat.com/cable-wharf-northfleet/the-tyne","images/d5dbc856ce7e549911e6aa0161e44a44c8543778deee57072f8d4bfcb4abb249.jpg","https://www.keepmoat.com/getmedia/217b5cd3-8054-4e52-831b-70eb1479d396/007-sf-the-tyne-apartment-cable-wharf-JPEG-Keepmoat-1024x683-72ppi.jpg","Staged showhome interior space."
"Cable Wharf, Northfleet","The Tyne","2","https://www.keepmoat.com/cable-wharf-northfleet/the-tyne","images/3acaacf8f70b0037741abf840d069eccfb8e52151b340589301de81e1401bfb7.jpg","https://www.keepmoat.com/getmedia/60eebd62-049f-417a-bd51-00d4ab6e4541/013-sf-the-tyne-apartment-cable-wharf-JPEG-Keepmoat-1024x683-72ppi.jpg","Staged showhome interior space."
"Cable Wharf, Northfleet","The Tyne","2","https://www.keepmoat.com/cable-wharf-northfleet/the-tyne","images/1809618f08d96877a8e3936ec42ae1314f25838fc23b2e809c1e014426a79b19.jpg","https://www.keepmoat.com/getmedia/7fea834a-7d3f-4969-b181-650819edd9c5/015-sf-the-tyne-apartment-cable-wharf-JPEG-Keepmoat-1024x683-72ppi.jpg","Staged showhome interior space."
"Cable Wharf, Northfleet","The Tyne","2","https://www.keepmoat.com/cable-wharf-northfleet/the-tyne","images/af5ca887120af539ed604081daab83c1f55baeb4b09a42b84b9c7ca5a6d69267.jpg","https://www.keepmoat.com/getmedia/6b52ffaf-7eca-4939-85a6-97d679f367a2/014-sf-the-tyne-apartment-cable-wharf-JPEG-Keepmoat-1024x683-72ppi.jpg","Staged showhome interior space."
"Cable Wharf, Northfleet","The Tyne","2","https://www.keepmoat.com/cable-wharf-northfleet/the-tyne","images/969454d016f3fe37cde561058b7814a242e9aa46ecdd70e4cf67741fe7ef37ad.jpg","https://www.keepmoat.com/getmedia/7918ee25-21fb-4b67-9cc0-403aadfbbb9c/002-sf-the-tyne-apartment-cable-wharf-JPEG-Keepmoat-1024x683-72ppi.jpg","Staged showhome interior space."
"Cable Wharf, Northfleet","The Tyne","2","https://www.keepmoat.com/cable-wharf-northfleet/the-tyne","images/2e94dca45b707a67ec3f0126805c23c3918f445939b8f1451226f30a669c4b67.jpg","https://www.keepmoat.com/getmedia/cc91cc34-6ce4-488c-a85e-7e91604a821b/001-sf-the-tyne-apartment-cable-wharf-JPEG-Keepmoat-1024x683-72ppi.jpg","Staged showhome interior space."
"Cable Wharf, Northfleet","The Tyne","2","https://www.keepmoat.com/cable-wharf-northfleet/the-tyne","images/39f9fd559436ecb371709b0dcc4b0967bc0b400977a9ce82839dad4b7eb2e2e6.jpg","https://www.keepmoat.com/getmedia/2d47c8d9-a249-4a10-96b8-4f43b336f0ad/036-sf-the-tyne-apartment-cable-wharf-JPEG-Keepmoat-1024x683-72ppi.jpg","Staged showhome interior space."
"Cable Wharf, Northfleet","The Tyne","2","https://www.keepmoat.com/cable-wharf-northfleet/the-tyne","images/44f06d0b36470edfad82f2a4678b9baf3e8a2b4ce644e15b46497097af870983.jpg","https://www.keepmoat.com/getmedia/5f4d0a71-b29f-47b1-8998-78e597381723/035-sf-the-tyne-apartment-cable-wharf-JPEG-Keepmoat-1024x683-72ppi.jpg","Staged showhome interior space."
"Cable Wharf, Northfleet","The Tyne","2","https://www.keepmoat.com/cable-wharf-northfleet/the-tyne","images/5745855f0bfb0e3c2f299669bac12ab4be4e4dd8c6801832ad91edb804c6bd33.jpg","https://www.keepmoat.com/getmedia/093c2205-5e83-44e9-a8ec-86391c58d1d9/031-sf-the-tyne-apartment-cable-wharf-JPEG-Keepmoat-1024x683-72ppi.jpg","Staged showhome interior space."
"Cable Wharf, Northfleet","The Tyne","2","https://www.keepmoat.com/cable-wharf-northfleet/the-tyne","images/43b69921bb5e1740d5412c4b5a847e53dccf46861c4bb65ce75b687427451bb1.jpg","https://www.keepmoat.com/getmedia/e8fef315-7601-415b-8956-9ccadacdbb9a/KMSM0211-Keepmoat-CableWharf-USP-Website-Infographic-1024x684px-JUN26-V2-Option-1_4.jpg","Staged showhome interior space."
"Cable Wharf, Northfleet","The Levant","1","https://www.keepmoat.com/cable-wharf-northfleet/levant","images/7a1391996810eaed9037ea0c3d72a9729c88d622d4b8996eaaf25cf702209730.jpg","https://www.keepmoat.com/getmedia/c3577ff4-7666-4750-8cc2-a1d4f71e1c29/1024x683-KM-Cable-Wharf-4238.jpg","Staged showhome interior space."
"Cable Wharf, Northfleet","The Levant","1","https://www.keepmoat.com/cable-wharf-northfleet/levant","images/081c95be0433d5015a088eb39b638718e5173d49331a6dd333efb700c24a40dd.jpg","https://www.keepmoat.com/getmedia/e0f3e28d-0c3a-4452-ac3e-76a89959c8aa/02-Living-Dining-Kitchen.jpg","Staged showhome kitchen."
"Cable Wharf, Northfleet","The Levant","1","https://www.keepmoat.com/cable-wharf-northfleet/levant","images/0b2d8fa4b000188d2eebcd9f859493431b7dc634a57eb23ef742045c0cf40698.jpg","https://www.keepmoat.com/getmedia/8c8d48f4-3810-4923-b94f-b9c691b37379/Henley-Building-1024x683.jpg","Staged showhome interior space."
"Cable Wharf, Northfleet","The Levant","1","https://www.keepmoat.com/cable-wharf-northfleet/levant","images/862c88ede1b6c55fd4955f5ccb4a78f076a99acc0e8a825b19ddc50250e77b8c.jpg","https://www.keepmoat.com/getmedia/7833b040-4392-4007-a751-dd6a577e992b/01-Living-Dining.jpg","Staged showhome kitchen."
"Cable Wharf, Northfleet","The Levant","1","https://www.keepmoat.com/cable-wharf-northfleet/levant","images/80b840ce5f365a7abb8a37e300a31ef78cdd884b3e6f33d24d3ca5de92a85739.jpg","https://www.keepmoat.com/getmedia/d29079ec-f408-4538-9aa6-a160ca518016/03-Kitchen-Dining.jpg","Staged showhome kitchen."
"Cable Wharf, Northfleet","The Levant","1","https://www.keepmoat.com/cable-wharf-northfleet/levant","images/c5235117238e91f7b3a97f5f2630ebc437673cdf2cef5d7544d07aa435c49741.jpg","https://www.keepmoat.com/getmedia/67c630bc-dc1d-4e7d-b800-be356eb3f979/04-Bedroom1.jpg","Staged showhome interior space."
"Cable Wharf, Northfleet","The Empire","1","https://www.keepmoat.com/cable-wharf-northfleet/empire","images/0b2d8fa4b000188d2eebcd9f859493431b7dc634a57eb23ef742045c0cf40698.jpg","https://www.keepmoat.com/getmedia/8c8d48f4-3810-4923-b94f-b9c691b37379/Henley-Building-1024x683.jpg","Staged showhome interior space."
"Cable Wharf, Northfleet","The Empire","1","https://www.keepmoat.com/cable-wharf-northfleet/empire","images/1ff6f717f493775440e2f3ba17ad47b97a2f8f334f3ac50dc6c559b79acdd607.jpg","https://www.keepmoat.com/getmedia/0a9bf943-b68d-4bd0-a2d8-81b4bb42bc37/011-sf-the-tyne-apartment-cable-wharf-JPEG-Keepmoat-1024x683-72ppi.jpg","Staged showhome interior space."
"Cable Wharf, Northfleet","The Empire","1","https://www.keepmoat.com/cable-wharf-northfleet/empire","images/39f9fd559436ecb371709b0dcc4b0967bc0b400977a9ce82839dad4b7eb2e2e6.jpg","https://www.keepmoat.com/getmedia/2d47c8d9-a249-4a10-96b8-4f43b336f0ad/036-sf-the-tyne-apartment-cable-wharf-JPEG-Keepmoat-1024x683-72ppi.jpg","Staged showhome interior space."
"Cable Wharf, Northfleet","The Empire","1","https://www.keepmoat.com/cable-wharf-northfleet/empire","images/2e94dca45b707a67ec3f0126805c23c3918f445939b8f1451226f30a669c4b67.jpg","https://www.keepmoat.com/getmedia/cc91cc34-6ce4-488c-a85e-7e91604a821b/001-sf-the-tyne-apartment-cable-wharf-JPEG-Keepmoat-1024x683-72ppi.jpg","Staged showhome interior space."
"Cable Wharf, Northfleet","The Empire","1","https://www.keepmoat.com/cable-wharf-northfleet/empire","images/3c3270179fcc1e12046e98f1934169da16691e46551489b64c1d6e98c4ddfe3e.jpg","https://www.keepmoat.com/getmedia/afc74784-c8d8-4102-859f-5b3f8783069a/003-sf-the-tyne-apartment-cable-wharf-JPEG-Keepmoat-1024x683-72ppi.jpg","Staged showhome interior space."
"Cable Wharf, Northfleet","The Empire","1","https://www.keepmoat.com/cable-wharf-northfleet/empire","images/43b69921bb5e1740d5412c4b5a847e53dccf46861c4bb65ce75b687427451bb1.jpg","https://www.keepmoat.com/getmedia/e8fef315-7601-415b-8956-9ccadacdbb9a/KMSM0211-Keepmoat-CableWharf-USP-Website-Infographic-1024x684px-JUN26-V2-Option-1_4.jpg","Staged showhome interior space."
"Cable Wharf, Northfleet","The Orient","2","https://www.keepmoat.com/cable-wharf-northfleet/orient","images/9007939dc6344a713e515150a53c0ea5b6df549febe81ae4bab5b19a10c1ee1e.jpg","https://www.keepmoat.com/getmedia/ad645ede-dc45-4ce0-b542-6f4605e52a39/1024x683-edit-KM-Cable-Wharf-4272.jpg","Staged showhome interior space."
"Cable Wharf, Northfleet","The Orient","2","https://www.keepmoat.com/cable-wharf-northfleet/orient","images/862c88ede1b6c55fd4955f5ccb4a78f076a99acc0e8a825b19ddc50250e77b8c.jpg","https://www.keepmoat.com/getmedia/7833b040-4392-4007-a751-dd6a577e992b/01-Living-Dining.jpg","Staged showhome kitchen."
"Cable Wharf, Northfleet","The Orient","2","https://www.keepmoat.com/cable-wharf-northfleet/orient","images/081c95be0433d5015a088eb39b638718e5173d49331a6dd333efb700c24a40dd.jpg","https://www.keepmoat.com/getmedia/e0f3e28d-0c3a-4452-ac3e-76a89959c8aa/02-Living-Dining-Kitchen.jpg","Staged showhome kitchen."
"Cable Wharf, Northfleet","The Orient","2","https://www.keepmoat.com/cable-wharf-northfleet/orient","images/80b840ce5f365a7abb8a37e300a31ef78cdd884b3e6f33d24d3ca5de92a85739.jpg","https://www.keepmoat.com/getmedia/d29079ec-f408-4538-9aa6-a160ca518016/03-Kitchen-Dining.jpg","Staged showhome kitchen."
"Cable Wharf, Northfleet","The Orient","2","https://www.keepmoat.com/cable-wharf-northfleet/orient","images/c5235117238e91f7b3a97f5f2630ebc437673cdf2cef5d7544d07aa435c49741.jpg","https://www.keepmoat.com/getmedia/67c630bc-dc1d-4e7d-b800-be356eb3f979/04-Bedroom1.jpg","Staged showhome interior space."
"Cable Wharf, Northfleet","The Orient","2","https://www.keepmoat.com/cable-wharf-northfleet/orient","images/d5b3cde4d1e5ebc7136c517a263353f309be47b03b077f51b8cfc7da3e70a182.jpg","https://www.keepmoat.com/getmedia/8d161eab-be80-43f2-94f5-9c0505e47e9b/05-Ensuite.jpg","Staged showhome bathroom."
"Cable Wharf, Northfleet","The Orient","2","https://www.keepmoat.com/cable-wharf-northfleet/orient","images/f8bb32ef760583716a9c423f00c52a0e8a6f17a03f5a9f3c5a027720f414e770.jpg","https://www.keepmoat.com/getmedia/04cc5e1f-8739-4dc5-9800-d4a7f431a314/06-Bedroom2.jpg","Staged showhome interior space."
"Cable Wharf, Northfleet","The Orient","2","https://www.keepmoat.com/cable-wharf-northfleet/orient","images/0b2d8fa4b000188d2eebcd9f859493431b7dc634a57eb23ef742045c0cf40698.jpg","https://www.keepmoat.com/getmedia/8c8d48f4-3810-4923-b94f-b9c691b37379/Henley-Building-1024x683.jpg","Staged showhome interior space."
"Cable Wharf, Northfleet","The Orient","2","https://www.keepmoat.com/cable-wharf-northfleet/orient","images/de0bdf1ee34bba7cddb475f5cc9639b34884cbe5feb16596720eeb4ae4943a02.jpg","https://www.keepmoat.com/getmedia/cb14397f-6bbd-44cb-9cfe-a13b3a9dea00/1024x683-edit-KM-Cable-Wharf-4255.jpg","Staged showhome interior space."
"Cable Wharf, Northfleet","The Navigator","2","https://www.keepmoat.com/cable-wharf-northfleet/navigator","images/862c88ede1b6c55fd4955f5ccb4a78f076a99acc0e8a825b19ddc50250e77b8c.jpg","https://www.keepmoat.com/getmedia/7833b040-4392-4007-a751-dd6a577e992b/01-Living-Dining.jpg","Staged showhome kitchen."
"Cable Wharf, Northfleet","The Navigator","2","https://www.keepmoat.com/cable-wharf-northfleet/navigator","images/0b2d8fa4b000188d2eebcd9f859493431b7dc634a57eb23ef742045c0cf40698.jpg","https://www.keepmoat.com/getmedia/8c8d48f4-3810-4923-b94f-b9c691b37379/Henley-Building-1024x683.jpg","Staged showhome interior space."
"Cable Wharf, Northfleet","The Navigator","2","https://www.keepmoat.com/cable-wharf-northfleet/navigator","images/081c95be0433d5015a088eb39b638718e5173d49331a6dd333efb700c24a40dd.jpg","https://www.keepmoat.com/getmedia/e0f3e28d-0c3a-4452-ac3e-76a89959c8aa/02-Living-Dining-Kitchen.jpg","Staged showhome kitchen."
"Cable Wharf, Northfleet","The Navigator","2","https://www.keepmoat.com/cable-wharf-northfleet/navigator","images/80b840ce5f365a7abb8a37e300a31ef78cdd884b3e6f33d24d3ca5de92a85739.jpg","https://www.keepmoat.com/getmedia/d29079ec-f408-4538-9aa6-a160ca518016/03-Kitchen-Dining.jpg","Staged showhome kitchen."
"Cable Wharf, Northfleet","The Navigator","2","https://www.keepmoat.com/cable-wharf-northfleet/navigator","images/c5235117238e91f7b3a97f5f2630ebc437673cdf2cef5d7544d07aa435c49741.jpg","https://www.keepmoat.com/getmedia/67c630bc-dc1d-4e7d-b800-be356eb3f979/04-Bedroom1.jpg","Staged showhome interior space."
"Cable Wharf, Northfleet","The Navigator","2","https://www.keepmoat.com/cable-wharf-northfleet/navigator","images/d5b3cde4d1e5ebc7136c517a263353f309be47b03b077f51b8cfc7da3e70a182.jpg","https://www.keepmoat.com/getmedia/8d161eab-be80-43f2-94f5-9c0505e47e9b/05-Ensuite.jpg","Staged showhome bathroom."
"Cable Wharf, Northfleet","The Navigator","2","https://www.keepmoat.com/cable-wharf-northfleet/navigator","images/f8bb32ef760583716a9c423f00c52a0e8a6f17a03f5a9f3c5a027720f414e770.jpg","https://www.keepmoat.com/getmedia/04cc5e1f-8739-4dc5-9800-d4a7f431a314/06-Bedroom2.jpg","Staged showhome interior space."
"Cable Wharf, Northfleet","The Navigator","2","https://www.keepmoat.com/cable-wharf-northfleet/navigator","images/de0bdf1ee34bba7cddb475f5cc9639b34884cbe5feb16596720eeb4ae4943a02.jpg","https://www.keepmoat.com/getmedia/cb14397f-6bbd-44cb-9cfe-a13b3a9dea00/1024x683-edit-KM-Cable-Wharf-4255.jpg","Staged showhome interior space."
"Cable Wharf, Northfleet","The Navigator","2","https://www.keepmoat.com/cable-wharf-northfleet/navigator","images/9007939dc6344a713e515150a53c0ea5b6df549febe81ae4bab5b19a10c1ee1e.jpg","https://www.keepmoat.com/getmedia/ad645ede-dc45-4ce0-b542-6f4605e52a39/1024x683-edit-KM-Cable-Wharf-4272.jpg","Staged showhome interior space."
"Foxlow Fields, Buxton","The Cinnamon","2","https://www.keepmoat.com/foxlow-fields-buxton/the-cinnamon","images/f8caa8f2e1dc89725802d02858099e0b346e7fb997239bcd5484237dacc87c4b.jpg","https://www.keepmoat.com/getmedia/739386f3-5cb0-4262-a836-1441535cdfd5/Cinnamon-CGI.jpg","Staged showhome interior space."
"Foxlow Fields, Buxton","The Cinnamon","2","https://www.keepmoat.com/foxlow-fields-buxton/the-cinnamon","images/0ac8edc7c1ca2aaa5f9ae8c394afc6b3460d5a14ea982ced26931537c09c8cf8.jpg","https://www.keepmoat.com/getmedia/428d167c-696e-494f-9cd8-dd02204db4b6/2-Welford.jpg","Staged showhome interior space."
"Foxlow Fields, Buxton","The Cinnamon","2","https://www.keepmoat.com/foxlow-fields-buxton/the-cinnamon","images/aeafb4ef49f1fa8632a7e1ab77d75bbbc52e93da4a033c281cd2a97854231f40.jpg","https://www.keepmoat.com/getmedia/eb3b9ffc-dbb8-45b8-8435-0b7ec469fec8/3-Welford.jpg","Staged showhome interior space."
"Foxlow Fields, Buxton","The Cinnamon","2","https://www.keepmoat.com/foxlow-fields-buxton/the-cinnamon","images/ccdc066ddecd7d22fb4fe90a031f68c7422157441e3f51510c6661e99c0cd326.jpg","https://www.keepmoat.com/getmedia/12c19407-553e-4c55-b0f8-9c673505b850/4-Welford.jpg","Staged showhome interior space."
"Foxlow Fields, Buxton","The Cinnamon","2","https://www.keepmoat.com/foxlow-fields-buxton/the-cinnamon","images/c2e54b861a7bac668b50f280204848860da144f00f095ed2c1d6237e0498d49e.jpg","https://www.keepmoat.com/getmedia/ec0294de-e1fc-46be-8605-f5ac77d1f280/5-Welford.jpg","Staged showhome interior space."
"Foxlow Fields, Buxton","The Cinnamon","2","https://www.keepmoat.com/foxlow-fields-buxton/the-cinnamon","images/971a3c980271b8428fa6aa672b197b70753babdb9b5984d76b33f96e1163e65c.jpg","https://www.keepmoat.com/getmedia/7a8d7a30-0c6e-44e4-8237-ec119871778d/6-Welford.jpg","Staged showhome interior space."
"Foxlow Fields, Buxton","The Cinnamon","2","https://www.keepmoat.com/foxlow-fields-buxton/the-cinnamon","images/826f674227268517189f3c929def6d5e32fc614c02f4854aadc23eb691f76600.jpg","https://www.keepmoat.com/getmedia/6f261931-2418-4d5e-aca0-3aeae7e2fbd8/7-Welford.jpg","Staged showhome interior space."
"Foxlow Fields, Buxton","The Cinnamon","2","https://www.keepmoat.com/foxlow-fields-buxton/the-cinnamon","images/b8eef1c72b5707b5980957decb9574097400e4aba29dbde5918476e86d060dfb.jpg","https://www.keepmoat.com/getmedia/c81ba797-726c-4d16-8bba-b18d03f828a7/9-Welford.jpg","Staged showhome interior space."
"Foxlow Fields, Buxton","The Cinnamon","2","https://www.keepmoat.com/foxlow-fields-buxton/the-cinnamon","images/63db4b58feffe1ac2e127a88e8ef33389d8ab65bee227ad26fad02a1eaadd923.jpg","https://www.keepmoat.com/getmedia/0237624e-03dd-44e5-879f-bb80af0e040f/10-Welford.jpg","Staged showhome interior space."
"Foxlow Fields, Buxton","The Elm","3","https://www.keepmoat.com/foxlow-fields-buxton/the-elm","images/1acfa693f208beae83e90b7703a433963a46067412a0484597ddb8a635209455.jpg","https://www.keepmoat.com/getmedia/687b25de-dfb5-4e33-a582-ab4c6da186f3/Elm-CGI.jpg","Staged showhome interior space."
"Foxlow Fields, Buxton","The Elm","3","https://www.keepmoat.com/foxlow-fields-buxton/the-elm","images/c954d51a31ef336e104cda8e75db721f1ce11e32331150c8eb250517c60d67c9.jpg","https://www.keepmoat.com/getmedia/60b3b29a-55e5-46fa-8ebe-683800718df0/Danbury-showhome-Warren-Wood-View-Gainsborough-57783.jpg","Staged showhome interior space."
"Foxlow Fields, Buxton","The Elm","3","https://www.keepmoat.com/foxlow-fields-buxton/the-elm","images/c747eae8c13e55fd3b31bf8ba81fc69d9318f566b88305c7a01f92e36552aca6.jpg","https://www.keepmoat.com/getmedia/d3d820b7-7388-43f5-a213-d7c9a96423d9/Danbury-showhome-Warren-Wood-View-Gainsborough-57785.jpg","Staged showhome interior space."
"Foxlow Fields, Buxton","The Elm","3","https://www.keepmoat.com/foxlow-fields-buxton/the-elm","images/a55e70425701043344553b41ea457966db23d60657638f676380362367b530e9.jpg","https://www.keepmoat.com/getmedia/7607ebab-122c-4976-84ab-5ef2fd70971c/Danbury-showhome-Warren-Wood-View-Gainsborough-57790.jpg","Staged showhome interior space."
"Foxlow Fields, Buxton","The Elm","3","https://www.keepmoat.com/foxlow-fields-buxton/the-elm","images/84eb31316e15f7d45b66326f2b8f15207b67c3ae282d63df8fe5b9e8e19ef353.jpg","https://www.keepmoat.com/getmedia/518068f5-f729-45d9-aab6-9b95dea4782c/Danbury-showhome-Warren-Wood-View-Gainsborough-57794.jpg","Staged showhome interior space."
"Foxlow Fields, Buxton","The Clove","3","https://www.keepmoat.com/foxlow-fields-buxton/the-clove","images/04866390c322a59cbcc86e828f9a75cdcb8e477ff1586091ff27813b3dd89cbe.jpg","https://www.keepmoat.com/getmedia/cd9f91f6-8a5a-421c-a031-38f767f24e41/001-sf-the-lawton-dominion-keepmoat-homes.jpg","Staged showhome interior space."
"Foxlow Fields, Buxton","The Clove","3","https://www.keepmoat.com/foxlow-fields-buxton/the-clove","images/deeb138439989ea1e5abb34e8258d115ecb330b1a6e7f2ce99cc81c1131a005e.jpg","https://www.keepmoat.com/getmedia/21ec08e6-5121-420d-b5e3-321edf7b91b0/008-sf-the-lawton-dominion-keepmoat-homes.jpg","Staged showhome interior space."
"Foxlow Fields, Buxton","The Clove","3","https://www.keepmoat.com/foxlow-fields-buxton/the-clove","images/f27b5711d7aee631dc0f589186423ff4114b47857640d3fdab111d4b632f9fba.jpg","https://www.keepmoat.com/getmedia/d4d78609-b399-4711-9179-222559e22321/009-sf-the-lawton-dominion-keepmoat-homes.jpg","Staged showhome interior space."
"Foxlow Fields, Buxton","The Clove","3","https://www.keepmoat.com/foxlow-fields-buxton/the-clove","images/7264de05071fc4977e00908559a17dfcdaf6d38a4b2566927d07ca37c0ed75b5.jpg","https://www.keepmoat.com/getmedia/a85f676b-feab-4248-bedb-e630e178b28d/003-sf-the-lawton-dominion-keepmoat-homes.jpg","Staged showhome interior space."
"Foxlow Fields, Buxton","The Clove","3","https://www.keepmoat.com/foxlow-fields-buxton/the-clove","images/66f4dd296e303549c1b3a74cdf36c5ad9373c5e05901cf120dd73bd1d4b985ad.jpg","https://www.keepmoat.com/getmedia/9a3e902b-7fba-4be2-8d5b-ea60d98c3696/022-sf-the-lawton-dominion-keepmoat-homes.jpg","Staged showhome interior space."
"Foxlow Fields, Buxton","The Clove","3","https://www.keepmoat.com/foxlow-fields-buxton/the-clove","images/318af3245fd9e98095ec0b17fcea073f6ed08aa22a16659de702882bbaf692d8.jpg","https://www.keepmoat.com/getmedia/75756ef1-89a9-4cdd-b249-11e972e9c10d/013-sf-the-danbury-warren-wood-view.jpg","Staged showhome interior space."
"Foxlow Fields, Buxton","The Clove","3","https://www.keepmoat.com/foxlow-fields-buxton/the-clove","images/fdf2bd35a59c43e99e76f11edfd4fa6d332224d2928140ccad48c7812ac06aa2.jpg","https://www.keepmoat.com/getmedia/f260a604-c48a-4ab3-b029-0cf9435641cb/016-sf-the-danbury-warren-wood-view.jpg","Staged showhome interior space."
"Foxlow Fields, Buxton","The Clove","3","https://www.keepmoat.com/foxlow-fields-buxton/the-clove","images/4af0f3d61d7b4952f9dbad13f867515dbcf9c3703b8a28e475fb8fe3790ebb41.jpg","https://www.keepmoat.com/getmedia/9ec0a05d-da9d-4a1b-900f-69ee25d6cb65/014-sf-the-lawton-dominion-keepmoat-homes.jpg","Staged showhome interior space."
"Foxlow Fields, Buxton","The Crimson - Detached","3","https://www.keepmoat.com/foxlow-fields-buxton/the-crimson-detached","images/9a1ccc507f54b585f3e784e71b97de5b3f71a2491ce9059eae1bf60c8b850336.jpg","https://www.keepmoat.com/getmedia/53b44225-107b-4699-89fb-7110c234ee4a/Crimson-CGI.jpg","Staged showhome interior space."
"Foxlow Fields, Buxton","The Crimson - Detached","3","https://www.keepmoat.com/foxlow-fields-buxton/the-crimson-detached","images/6a85a7d5e7d43f9c719777d5965df01fec761e6570c068a03b9a446f960b393d.jpg","https://www.keepmoat.com/getmedia/42db75b5-ccc1-49bc-88a2-3dd9012c7d08/002-sf-the-windsor-warren-wood-view.jpg","Staged showhome interior space."
"Foxlow Fields, Buxton","The Crimson - Detached","3","https://www.keepmoat.com/foxlow-fields-buxton/the-crimson-detached","images/dc89f4105089ca81c3da73dd01dcfc7d4497382f726efc4762367e6b1e19dc54.jpg","https://www.keepmoat.com/getmedia/0ce4b3ea-67a7-484c-b826-2250af0559b6/1024x683-004-sf-the-vlgKR.jpg","Staged showhome interior space."
"Foxlow Fields, Buxton","The Crimson - Detached","3","https://www.keepmoat.com/foxlow-fields-buxton/the-crimson-detached","images/0230c3db424ec82c508b9ba7136d701661f63cb6c062c757be23b87de005ef0c.jpg","https://www.keepmoat.com/getmedia/38a73d14-e362-43cd-8a27-d44760696008/007-sf-the-windsor-warren-wood-view.jpg","Staged showhome interior space."
"Foxlow Fields, Buxton","The Crimson - Detached","3","https://www.keepmoat.com/foxlow-fields-buxton/the-crimson-detached","images/df8fbc2fce273b5b64b893c5134917ae92a503f332e0787ca8400a16f1209898.jpg","https://www.keepmoat.com/getmedia/551a1c02-5a02-4685-8183-c122b1061a0e/011-sf-the-windsor-warren-wood-view.jpg","Staged showhome interior space."
"Foxlow Fields, Buxton","The Crimson - Detached","3","https://www.keepmoat.com/foxlow-fields-buxton/the-crimson-detached","images/46c8295707f229a5405bad8e83be96f590914450f7faca96f79af5aa14f13d02.jpg","https://www.keepmoat.com/getmedia/10798637-4e31-4567-a19f-69ce0a80442c/015-sf-the-windsor-warren-wood-view.jpg","Staged showhome interior space."
"Foxlow Fields, Buxton","The Crimson - Detached","3","https://www.keepmoat.com/foxlow-fields-buxton/the-crimson-detached","images/1bdce3575a7e0015ad6614d2dc6623738c3504e53b2f13a14e75733e061fbad7.jpg","https://www.keepmoat.com/getmedia/129f55fd-7e8e-4d82-936b-68452954ff2b/018-sf-the-windsor-warren-wood-view.jpg","Staged showhome interior space."
"Foxlow Fields, Buxton","The Crimson - Detached","3","https://www.keepmoat.com/foxlow-fields-buxton/the-crimson-detached","images/8124fa465481555e19434b2cc39acf44db3b4deeeb29928c6fae53cef5c27e00.jpg","https://www.keepmoat.com/getmedia/627edba5-9182-47df-8ba2-533f73b8637c/009-sf-the-windsor-warren-wood-view.jpg","Staged showhome interior space."
"Foxlow Fields, Buxton","The Crimson - Detached","3","https://www.keepmoat.com/foxlow-fields-buxton/the-crimson-detached","images/3d25b7e61a84498ed29429593fd3fce9c543336d172999f8bc359394fbbe09f5.jpg","https://www.keepmoat.com/getmedia/7d89fab4-2e95-4e8e-a6cb-0a35a9f9ce87/021-sf-the-windsor-warren-wood-view.jpg","Staged showhome interior space."
"Foxlow Fields, Buxton","The Thornton","4","https://www.keepmoat.com/foxlow-fields-buxton/the-thornton","images/70546c9d140c29e5d5318671fcf3861e40c7691a0e54eaf73d3d7af2f67f484f.jpg","https://www.keepmoat.com/getmedia/e2d52d3f-0008-4331-a518-3f2f58e359c7/Thornton-1024x683.jpg","Staged showhome interior space."
"Foxlow Fields, Buxton","The Thornton","4","https://www.keepmoat.com/foxlow-fields-buxton/the-thornton","images/be6c173931039b94edf9ff98c10795bf00eba19091d0fa8419f671ebd7378402.jpg","https://www.keepmoat.com/getmedia/762f42b6-f800-4cb9-8317-a9ea580d5bb7/4-TheStaveley.jpg","Staged showhome interior space."
"Foxlow Fields, Buxton","The Thornton","4","https://www.keepmoat.com/foxlow-fields-buxton/the-thornton","images/59477a64cd377cb7c58683c1a424eefcd2cf5a82c551f31fe517a7e65c624a9b.jpg","https://www.keepmoat.com/getmedia/8b9f6415-9b7c-4500-940b-bc38dd66af01/5-TheStaveley.jpg","Staged showhome interior space."
"Foxlow Fields, Buxton","The Thornton","4","https://www.keepmoat.com/foxlow-fields-buxton/the-thornton","images/c8ac3aba670fa1ff64bbc92e0864f30427f0c47dac85590c1de006a107650807.jpg","https://www.keepmoat.com/getmedia/f38a9df9-59ab-4a85-abaf-04980ec92cda/2-TheStaveley.jpg","Staged showhome interior space."
"Foxlow Fields, Buxton","The Thornton","4","https://www.keepmoat.com/foxlow-fields-buxton/the-thornton","images/7b8b5624d67b3cc02efa293bf06f625c35feff0804121865321f1eaccc98fcde.jpg","https://www.keepmoat.com/getmedia/74a7c095-7826-4219-a64f-467ac9f92319/6-TheStaveley.jpg","Staged showhome interior space."
"Foxlow Fields, Buxton","The Thornton","4","https://www.keepmoat.com/foxlow-fields-buxton/the-thornton","images/07099b7f5e7c8da4ce18a2b2ce4bb83629636546859d01df3c52018fc237e733.jpg","https://www.keepmoat.com/getmedia/0b31b701-6e68-4648-9775-c5d0ab5cee65/013-sf-the-richmond-cygnet-keepmoat-homes.jpg","Staged showhome interior space."
"Foxlow Fields, Buxton","The Thornton","4","https://www.keepmoat.com/foxlow-fields-buxton/the-thornton","images/4bd1aaeff78b942f7f6332a6f18c12db765cdab382fec2316f3f979b081b060f.jpg","https://www.keepmoat.com/getmedia/a9cc915c-294b-4051-b364-51435f1b03f9/036-sf-the-richmond-cygnet-keepmoat-homes.jpg","Staged showhome interior space."
"Foxlow Fields, Buxton","The Thornton","4","https://www.keepmoat.com/foxlow-fields-buxton/the-thornton","images/63545e6c96bc83823bc1719c37ba5b982b97a0352e9aeb6511ab267e241d2271.jpg","https://www.keepmoat.com/getmedia/fe9e27a8-4b99-4391-b562-5dc76b6f6308/017-sf-the-richmond-cygnet-keepmoat-homes.jpg","Staged showhome interior space."
"Foxlow Fields, Buxton","The Thornton","4","https://www.keepmoat.com/foxlow-fields-buxton/the-thornton","images/b942d1d959eeb348a3a38fb8b6c26c0ca0c99ebaec6769a34780695a93972e69.jpg","https://www.keepmoat.com/getmedia/2452b29b-9cde-453e-8311-47ee3ac0bc50/012-sf-the-bamburgh-cygnet-keepmoat-homes.jpg","Staged showhome interior space."
"Foxlow Fields, Buxton","The Mulberry","3","https://www.keepmoat.com/foxlow-fields-buxton/the-mulberry","images/0601f3aa81b2a099a5e79475eb51a2fa7c0772cfdd52caf97a901eadb5e07df4.jpg","https://www.keepmoat.com/getmedia/404d76e4-715d-4e95-961d-d04a0892a07a/Mulberry-CGI.jpg","Staged showhome interior space."
"Foxlow Fields, Buxton","The Mulberry","3","https://www.keepmoat.com/foxlow-fields-buxton/the-mulberry","images/49cc651c05b39883bd64f8dbf55186bd28e628fcf93f1c033a6c4a2b5e1db368.jpg","https://www.keepmoat.com/getmedia/8aa51b01-a94e-4e40-aefe-914ac8764657/02-Kitchen-Dining-web.jpg","Staged showhome kitchen."
"Foxlow Fields, Buxton","The Mulberry","3","https://www.keepmoat.com/foxlow-fields-buxton/the-mulberry","images/712b257c7469c367c8bd3f8bb142fbbb746ee86ceeeb10898e00fa10cddd1a5c.jpg","https://www.keepmoat.com/getmedia/6f74982d-0782-4fcd-89b9-06d73338de6e/04-Bedroom-1-web.jpg","Staged showhome bedroom."
"Foxlow Fields, Buxton","The Mulberry","3","https://www.keepmoat.com/foxlow-fields-buxton/the-mulberry","images/072c817795310abcb2d800515dc0b7c4b39a665eb9f4f9fbfe93f2882b1b7ea9.jpg","https://www.keepmoat.com/getmedia/9cec648a-399d-4209-af07-2666613dee84/01-Lounge-web-size.jpg","Staged showhome living room."
"Foxlow Fields, Buxton","The Mulberry","3","https://www.keepmoat.com/foxlow-fields-buxton/the-mulberry","images/8a2773d99c75149a1780bd8bcf4b0b1918e6b92acb8e83b5f28ac64e340141cd.jpg","https://www.keepmoat.com/getmedia/58b3f9f0-f321-4e5a-8d20-8c5f5bf68d05/03-Kitchen-Dining-web.jpg","Staged showhome kitchen."
"Foxlow Fields, Buxton","The Mulberry","3","https://www.keepmoat.com/foxlow-fields-buxton/the-mulberry","images/0d7f2bb36e1a61f15183de166de9404b4412e4bc0c3c8e1dba5614b20d6c8502.jpg","https://www.keepmoat.com/getmedia/df00fe52-b5c7-4397-bb5b-36ae58511aa5/014-sf-the-padbury-liberty-rise-hull.jpg","Staged showhome interior space."
"Foxlow Fields, Buxton","The Fern","3","https://www.keepmoat.com/foxlow-fields-buxton/the-fern","images/c7f69c9d2ace3caf12ed74b5efc33eb8015c215590cc53e67ac047f79677eba0.jpg","https://www.keepmoat.com/getmedia/1ac6d37c-71b5-46f8-9925-7140d141f9a9/Fern-CGI.jpg","Staged showhome interior space."
"Foxlow Fields, Buxton","The Fern","3","https://www.keepmoat.com/foxlow-fields-buxton/the-fern","images/5dda23c32715601f56f13c954c118b10e6d20402bec92ab01ab9b6c3c7873ac3.jpg","https://www.keepmoat.com/getmedia/8e61e908-92f7-42b6-acc5-00f3c503dddd/004-sf-sowerby-kingfields-park-hull-jpg.jpg","Staged showhome interior space."
"Foxlow Fields, Buxton","The Fern","3","https://www.keepmoat.com/foxlow-fields-buxton/the-fern","images/bff79304938298ac45d49a5bb9f35f8bb808b0f61ba55c1cbd082d8406187c78.jpg","https://www.keepmoat.com/getmedia/6c4b48ac-3b5b-4e32-8efd-0db66939360e/002-sf-sowerby-kingfields-park-hull.jpg","Staged showhome interior space."
"Foxlow Fields, Buxton","The Fern","3","https://www.keepmoat.com/foxlow-fields-buxton/the-fern","images/6faec85662f33df5d13e055cf56592e4e5c7598eccc1269c551eae9096ed2f83.jpg","https://www.keepmoat.com/getmedia/82444f8d-96df-4342-86e9-08bec3fef9c1/008-sf-sowerby-kingfields-park-hull-jpg_1.jpg","Staged showhome interior space."
"Foxlow Fields, Buxton","The Fern","3","https://www.keepmoat.com/foxlow-fields-buxton/the-fern","images/8b507fd9fdf0bad9109815a9a42fd55454312f8834d3580ea7b21cff57414050.jpg","https://www.keepmoat.com/getmedia/17f2b011-7289-4505-86ad-e7d1d4fd8caf/018-sf-sowerby-kingfields-park-hull-jpg.jpg","Staged showhome interior space."
"Foxlow Fields, Buxton","The Fern","3","https://www.keepmoat.com/foxlow-fields-buxton/the-fern","images/1049a8ec5efd4edaa5900beeeb8f6af4efd2f0c9a64674daa2f7094c9d549add.jpg","https://www.keepmoat.com/getmedia/bf4bf8f5-0004-4d62-a696-f4f3bdc35ba6/017-sf-the-hardwick-kestrel-gardens.jpg","Staged showhome interior space."
"Foxlow Fields, Buxton","The Fern","3","https://www.keepmoat.com/foxlow-fields-buxton/the-fern","images/41a32998a2637f4e53a47af4884b5b09589119c5db9738312179b6a6ef6515bd.jpg","https://www.keepmoat.com/getmedia/cd4813bb-6ffc-414a-82d7-ec6252b78b7e/013-sf-sowerby-kingfields-park-hull-jpg_1.jpg","Staged showhome interior space."
"Foxlow Fields, Buxton","The Fern","3","https://www.keepmoat.com/foxlow-fields-buxton/the-fern","images/9050e68223051f33745bf806d60c273ea7094991d461946f17b5985a8835f84f.jpg","https://www.keepmoat.com/getmedia/dc2a0ae8-9b78-4551-8385-48166eb8e1e8/027-sf-the-hardwick-kestrel-gardens.jpg","Staged showhome interior space."
"Waterside, Leicester","Waterside House","2","https://www.keepmoat.com/waterside-leicester/waterside-house","images/7279201a0d7f6da121f5a044e070ce801a35bac607b2a1b7820335fd2352517f.jpg","https://www.keepmoat.com/getmedia/1b356b8e-44cd-432c-970c-169fbf9aac35/WatersideHouse-Retouched.jpg","Staged showhome interior space."
"Waterside, Leicester","Waterside House","2","https://www.keepmoat.com/waterside-leicester/waterside-house","images/f18aaecb672c3c3f6fc9cd836a68832ae91aff6440d928d4de1b127a0ab1de4b.jpg","https://www.keepmoat.com/getmedia/a66889c3-0fa2-420b-9eef-7c60f53c5410/Waterside-apartment-dining-lounge_1.jpg","Staged showhome kitchen."
"Waterside, Leicester","Waterside House","2","https://www.keepmoat.com/waterside-leicester/waterside-house","images/638df16030baa0cd70cf3b61deac3fbbc24d36dd27c9ec594242b1f6dbd9874e.jpg","https://www.keepmoat.com/getmedia/383d8d81-0826-4e38-af81-a479d82c8881/Waterside-apartment-bed2-study_1.jpg","Staged showhome interior space."
"Waterside, Leicester","Waterside House","2","https://www.keepmoat.com/waterside-leicester/waterside-house","images/60ae9edf722c25270de63571616cf76bb9331bf2788aae27781401f77cdf8bd9.jpg","https://www.keepmoat.com/getmedia/b69db862-89a8-49d6-a3e7-eb709a627a94/Waterside-apartment-bed1_1.jpg","Staged showhome interior space."
"Waterside, Leicester","Waterside House","2","https://www.keepmoat.com/waterside-leicester/waterside-house","images/f7bba69d5f7d545a3f975d2d3d3f93fbd12e84b515b289ca29de9d452a433315.jpg","https://www.keepmoat.com/getmedia/91cd3b99-ef49-4982-bb82-bb407a279357/Waterside-apartment-bed2_1.jpg","Staged showhome interior space."
"Waterside, Leicester","Waterside House","2","https://www.keepmoat.com/waterside-leicester/waterside-house","images/4327821e75e79dd7af9c694e33645154fc8ce88a058da0183a32c9e197fdf21b.jpg","https://www.keepmoat.com/getmedia/e8e885b9-d304-4fc5-a9ba-2d127516cc95/Waterside-apartment-lounge.jpg","Staged showhome living room."
"Waterside, Leicester","Waterside House","2","https://www.keepmoat.com/waterside-leicester/waterside-house","images/2559072696595ad552c83f86c41f7f8ab3ce05cffd945ceabcbb471d93d155d7.jpg","https://www.keepmoat.com/getmedia/51a7c09c-ffdf-4a05-a9db-14eed2c5131d/Waterside-apartment-shower.jpg","Staged showhome bathroom."
"Waterside, Leicester","The Barkby","3","https://www.keepmoat.com/waterside-leicester/the-barkby","images/069642971e5eb090aa9aa9494f71fcafbab007ef74bbb1e9f821c204133183a0.jpg","https://www.keepmoat.com/getmedia/547a0a16-344c-4351-aeb0-a5c7d8ad817b/Barkby-CGI-Retouched.jpg","Staged showhome interior space."
"Waterside, Leicester","The Barkby","3","https://www.keepmoat.com/waterside-leicester/the-barkby","images/4ea31821fc063b785a2c32321567726dc21f842bf06ed8a00ca1ea059df3c2ae.png","https://www.keepmoat.com/getmedia/e063ac9e-df32-4372-8036-60e43ed4e002/Barkby-living.png","Staged showhome living room."
"Waterside, Leicester","The Barkby","3","https://www.keepmoat.com/waterside-leicester/the-barkby","images/4ecc8ee8451aa93d2e7b56c53eb3aa152f458867913a3063717136dac06dd63e.png","https://www.keepmoat.com/getmedia/060e751b-97be-450a-934e-b3dc83d06e74/Barkby-kitchen.png","Staged showhome kitchen."
"Waterside, Leicester","The Barkby","3","https://www.keepmoat.com/waterside-leicester/the-barkby","images/a6b4e9e2df6acbfba29edc6bd6fc12bb4189dfca48d3312e13e7699a072375b1.png","https://www.keepmoat.com/getmedia/36811e74-a210-4e65-a975-7d03cf3a5d02/Barkby-dining.png","Staged showhome kitchen."
"Waterside, Leicester","The Barkby","3","https://www.keepmoat.com/waterside-leicester/the-barkby","images/02a85c911d6dc94f258df18b4fea2b352684832c8431cf1d1ff3c1cc4789affc.png","https://www.keepmoat.com/getmedia/e8de34f3-4fee-4ed3-8366-e916886f33f0/Barkby-bedroom1.png","Staged showhome interior space."
"Waterside, Leicester","The Barkby","3","https://www.keepmoat.com/waterside-leicester/the-barkby","images/3da4cee932f05e6045b79bb0e11f44998448e3346d63835932dd1baac23c6f10.png","https://www.keepmoat.com/getmedia/4b86b72a-cfbb-49bb-983b-13906e3ebfc6/Barkby-bedroom-2.png","Staged showhome bedroom."
"Waterside, Leicester","The Barkby","3","https://www.keepmoat.com/waterside-leicester/the-barkby","images/3e5e008e7981b20eaa5b218df143b28ba99130a6b7aaf795953be6f433b086d1.png","https://www.keepmoat.com/getmedia/0b964ec5-3b4c-4b26-941d-2a69dc4affb3/Barkby-bathroom.png","Staged showhome bathroom."
"Waterside, Leicester","The Barkby","3","https://www.keepmoat.com/waterside-leicester/the-barkby","images/bc787d14c114ee9bba2e77d80c11c36faea06380a2cb27beccaf2a426a34b7b4.png","https://www.keepmoat.com/getmedia/f87cfff9-6f55-445c-a096-3dba1a90b760/Barkby-study.png","Staged showhome home office."
"Waterside, Leicester","The Barkby","3","https://www.keepmoat.com/waterside-leicester/the-barkby","images/97c64b5e59712c34016d2b86f1bf2aa557b337c13b37f475057061ee08d7abf1.png","https://www.keepmoat.com/getmedia/b5396d0f-1848-4eae-a316-ad0c93d04c94/Barkby-terrace2.png","Staged showhome interior space."
"Waterside, Leicester","The Barkby","3","https://www.keepmoat.com/waterside-leicester/the-barkby","images/d2a0821766f8650a036a1e4fbf4cc89100f8e9b757867b25437925bfdaf53ffb.png","https://www.keepmoat.com/getmedia/16048abd-05bd-4267-bc28-6015284ff375/Barkby-lounge.png","Staged showhome living room."
"Waterside, Leicester","The Ashby","3","https://www.keepmoat.com/waterside-leicester/the-ashby","images/daee1b94ba4010a57f3ea42822c75c3918ecb6f8aa8babb04ae8519eb258ee86.jpg","https://www.keepmoat.com/getmedia/0631b541-f5d8-4fba-9a18-33fa20cdc677/(1294)-The-Ashby-Plot-19-Crop-Compressed.jpg","Staged showhome interior space."
"Waterside, Leicester","The Ashby","3","https://www.keepmoat.com/waterside-leicester/the-ashby","images/7df73c9ef69a40de28487a8fe91f27a295708e842d723b91f5055fb6c81ec4ad.png","https://www.keepmoat.com/getmedia/cd0aaad1-8ba1-46bd-a308-217e1e294ed5/Ashby-living-1.png","Staged showhome living room."
"Waterside, Leicester","The Ashby","3","https://www.keepmoat.com/waterside-leicester/the-ashby","images/a785fe21341ddbec451ca41e70d212acfe77db87a089b03bbd175186916000a7.png","https://www.keepmoat.com/getmedia/9bcec9e6-69a2-4469-9f7e-972d8e03bed0/Ashby-kitchen-living-1.png","Staged showhome kitchen."
"Waterside, Leicester","The Ashby","3","https://www.keepmoat.com/waterside-leicester/the-ashby","images/0212e4395e77f2e878b76500b45f5ca49bb29b2bd49d4ef6d5aac47cb0838771.png","https://www.keepmoat.com/getmedia/ac195d38-3fe5-4cee-9664-995852dc0923/Ashby-kitchen.png","Staged showhome kitchen."
"Waterside, Leicester","The Ashby","3","https://www.keepmoat.com/waterside-leicester/the-ashby","images/cc5c2350e4449ca94b987348d64cc02d28efd6ed8b862b02a7e3b64ee1632eb6.png","https://www.keepmoat.com/getmedia/b2118ea2-60a2-43bb-88e2-3985dc9ac844/Ashby-bedroom-1.png","Staged showhome bedroom."
"Waterside, Leicester","The Ashby","3","https://www.keepmoat.com/waterside-leicester/the-ashby","images/6dff0e16d03bec7fd97dc1434e338f8397d55224a21cf236814ed7cf04ffad79.png","https://www.keepmoat.com/getmedia/a42e82e4-8148-4d36-8478-a6e834f5906a/Ashby-bedroom-2.png","Staged showhome bedroom."
"Waterside, Leicester","The Ashby","3","https://www.keepmoat.com/waterside-leicester/the-ashby","images/448da7e3c793149bfe84eadf77f3c84ccf94e9ddf111cb324b06b71567531177.png","https://www.keepmoat.com/getmedia/3d510085-0bb6-42f6-881d-6e29607b4334/Ashby-bedroom-3.png","Staged showhome bedroom."
"Waterside, Leicester","The Ashby","3","https://www.keepmoat.com/waterside-leicester/the-ashby","images/755a6f37458635270f03311e19558df803777ac85bdc94d5f54de5d587b13c77.png","https://www.keepmoat.com/getmedia/614ad506-7510-4013-8483-bbbed43b01f6/Ashby-ensuite.png","Staged showhome bathroom."
"Waterside, Leicester","The Ashby","3","https://www.keepmoat.com/waterside-leicester/the-ashby","images/6ccceb9df893693e601764160d7683c908d3ef7b1064204a7db46d8eeb368403.png","https://www.keepmoat.com/getmedia/56d7c753-c70a-4583-ab1c-066aa748cc01/Ashby-study.png","Staged showhome home office."
"Waterside, Leicester","The Ashby","3","https://www.keepmoat.com/waterside-leicester/the-ashby","images/16196c0348530d04d48d4ebbcfa23672442f0d7d2a2aec120a7c74f0df92044d.png","https://www.keepmoat.com/getmedia/4b650b31-bc39-4467-ad3f-5439b2c0e7fc/Ashby-terrace2.png","Staged showhome interior space."
"Waterside, Leicester","The Melton","3","https://www.keepmoat.com/waterside-leicester/the-melton","images/0d7b1cef9ea7e6a5da23285bd5d09a3c3474caeb33ecb9c0866e261cc663d08d.jpg","https://www.keepmoat.com/getmedia/75bb9f53-bd1c-4fcb-85cd-033547ecf8d0/Melton-resize.jpg","Staged showhome interior space."
"Waterside, Leicester","The Melton","3","https://www.keepmoat.com/waterside-leicester/the-melton","images/ed35a6a811e62de1ac05348a7a34ec48945e854651891dff491518439a1d46a0.png","https://www.keepmoat.com/getmedia/66373026-b6e9-4073-9ea9-da183e1bb5a3/Melton-lounge2.png","Staged showhome interior space."
"Waterside, Leicester","The Melton","3","https://www.keepmoat.com/waterside-leicester/the-melton","images/d6bbb7119620fed81d47d67dbfa50b813a6b2622b30fc3e9c8457c99315fade7.png","https://www.keepmoat.com/getmedia/27ae6600-2d8c-4bea-b3ec-7af718231c78/Melton-lounge1.png","Staged showhome interior space."
"Waterside, Leicester","The Melton","3","https://www.keepmoat.com/waterside-leicester/the-melton","images/f3b35588fe54c70d226a97cd24a83aa9e3260aaad8045462896ce4c0dd140fb2.png","https://www.keepmoat.com/getmedia/1ec7820a-400a-4f2c-a2e3-100815d4f4ab/Melton-kitchen.png","Staged showhome kitchen."
"Waterside, Leicester","The Melton","3","https://www.keepmoat.com/waterside-leicester/the-melton","images/131ee1de2ffb677036af718bfcc69c84b8cbc8429b142ae8f24c8f555f9b9dcb.png","https://www.keepmoat.com/getmedia/45e35610-06c8-414e-9022-1bed65bdf8f1/Melton-dining.png","Staged showhome kitchen."
"Waterside, Leicester","The Melton","3","https://www.keepmoat.com/waterside-leicester/the-melton","images/bd5b4baf9716ae1f08347254fa62212984c9493ce68a8d65a15b705711f12dac.png","https://www.keepmoat.com/getmedia/92459efc-cfa2-4868-bacf-7908aac2034d/Melton-bedroom-1.png","Staged showhome bedroom."
"Waterside, Leicester","The Melton","3","https://www.keepmoat.com/waterside-leicester/the-melton","images/44a1a2136cc76e1251be616360fec3c58a6413082fdfa336e94f5de8e3742fd8.png","https://www.keepmoat.com/getmedia/35e3dbda-8224-4b35-93a3-bd69fc1a48a4/Melton-bedroom-2.png","Staged showhome bedroom."
"Waterside, Leicester","The Melton","3","https://www.keepmoat.com/waterside-leicester/the-melton","images/da65c2f225f717f62bef363adc9565b42d3a0bad9b608e867469aa513cf0f42c.png","https://www.keepmoat.com/getmedia/17a7e883-8dd7-4a5a-b7fa-bf5e36f16b81/Melton-bathroom.png","Staged showhome bathroom."
"Waterside, Leicester","The Melton","3","https://www.keepmoat.com/waterside-leicester/the-melton","images/24e4b9389e3e8ffe19f70af1abd32cf022a3c2d619dd16809b3024d6962ff261.png","https://www.keepmoat.com/getmedia/3ff5a79d-ec7f-4b88-9bee-a93e1d903ed9/Melton-study.png","Staged showhome home office."
"Waterside, Leicester","The Melton","3","https://www.keepmoat.com/waterside-leicester/the-melton","images/74232f19fee2588a67692db1183505a4b7574a34d0c5697f1b77a515d335e2a3.png","https://www.keepmoat.com/getmedia/0aad8f88-0bc1-45bb-9fad-5a1905b9adcd/Melton-terrace2.png","Staged showhome interior space."
"Waterside, Leicester","The Melton","3","https://www.keepmoat.com/waterside-leicester/the-melton","images/9b4edccb3305bd2cecfdcc741f1a6da3087b0779872dddda45c012015a8b35c8.jpg","https://www.keepmoat.com/getmedia/520696c3-353e-4a1d-9dc0-c37eb659d69f/Melton-Retouched.jpg","Staged showhome interior space."
"Waterside, Leicester","The Rothley","4","https://www.keepmoat.com/waterside-leicester/the-rothley","images/4825ab815812aba5d706133af81531ecb3a2ed192c90fa781219ae2351071288.jpg","https://www.keepmoat.com/getmedia/2b6fa7fc-b88b-434f-a678-7590865d9282/Rothley-Retouched.jpg","Staged showhome interior space."
"Waterside, Leicester","The Rothley","4","https://www.keepmoat.com/waterside-leicester/the-rothley","images/69fe1900fb6e6f4fadc01e75d679f4728becc541a0bf32021d9ba6657ab5ed8a.png","https://www.keepmoat.com/getmedia/f9097d2d-9b5a-4a99-893a-fb35b1f8941d/Rothley-living1.png","Staged showhome interior space."
"Waterside, Leicester","The Rothley","4","https://www.keepmoat.com/waterside-leicester/the-rothley","images/2de616acd9bdec7968132fb1885b817e0cd3c0e99ed1d8f2d575bd4162528f1e.png","https://www.keepmoat.com/getmedia/90435ccc-a1cb-41d6-9390-a7b530871361/Rothley-kitchen.png","Staged showhome kitchen."
"Waterside, Leicester","The Rothley","4","https://www.keepmoat.com/waterside-leicester/the-rothley","images/0675bcac250781eccd8acf21784bf857e73be5e8a5d787c0b9c972c2dd57f9b7.png","https://www.keepmoat.com/getmedia/099e6077-5829-4533-bd53-ffba40243147/Rothley-dining.png","Staged showhome kitchen."
"Waterside, Leicester","The Rothley","4","https://www.keepmoat.com/waterside-leicester/the-rothley","images/2778ab9ccd936a26e1bfab29dfc65296ab223b6b7785e776db674c59dc2f5577.png","https://www.keepmoat.com/getmedia/aff2203d-8aa0-4c37-b8f6-70294cf0d4ce/Rothley-lounge_1.png","Staged showhome interior space."
"Waterside, Leicester","The Rothley","4","https://www.keepmoat.com/waterside-leicester/the-rothley","images/0543864b705ef7d27688bf30dee32f238b06a7fb291ce9e356d0c4bb19df5e56.png","https://www.keepmoat.com/getmedia/67ef7e6a-eebc-4f72-af64-e3dce2500ea5/Rothley-bedroom1.png","Staged showhome interior space."
"Waterside, Leicester","The Rothley","4","https://www.keepmoat.com/waterside-leicester/the-rothley","images/95a60c70816983182a71de78b202b73c79b6cb6ad0484c17684b0b4c79490c64.png","https://www.keepmoat.com/getmedia/66ce73a0-2816-4f51-94a0-682062322f08/Rothley-bedroom2.png","Staged showhome interior space."
"Waterside, Leicester","The Rothley","4","https://www.keepmoat.com/waterside-leicester/the-rothley","images/54959cb169fc4f5d2921b332e1710996c3871313dec42427471878c62d608bf5.png","https://www.keepmoat.com/getmedia/312aa1cd-b464-470a-b400-1ae73cbba62e/Rothley-bedroom3.png","Staged showhome interior space."
"Waterside, Leicester","The Rothley","4","https://www.keepmoat.com/waterside-leicester/the-rothley","images/39a03a46d81289ac2c4c90596bd7fde767d8e03cd2d03396b7b158eef7716f5e.png","https://www.keepmoat.com/getmedia/9e75bcc2-8e30-4673-93a5-0b211d5dac04/Rothley-bathroom.png","Staged showhome bathroom."
"Waterside, Leicester","The Rothley","4","https://www.keepmoat.com/waterside-leicester/the-rothley","images/3663a460091e8ce4fd1994077235891df4295fae5fc860097a605ec070349ca7.png","https://www.keepmoat.com/getmedia/6c9309ab-7738-4313-ad91-a46ceba4433b/Rothley-terrace2.png","Staged showhome interior space."
"Waterside, Leicester","The Seagrave","4","https://www.keepmoat.com/waterside-leicester/the-seagrave","images/abf607a3253559210712e6da6bb3d8b3c602a14c00364dd0ab8249ca2f59a50a.jpg","https://www.keepmoat.com/getmedia/dd01500b-3c0a-477c-a315-244977790f9e/(1843)-The-Seagrave-Plot-16-Crop.jpg","Staged showhome interior space."
"Waterside, Leicester","The Seagrave","4","https://www.keepmoat.com/waterside-leicester/the-seagrave","images/d6bbb7119620fed81d47d67dbfa50b813a6b2622b30fc3e9c8457c99315fade7.png","https://www.keepmoat.com/getmedia/27ae6600-2d8c-4bea-b3ec-7af718231c78/Melton-lounge1.png","Staged showhome interior space."
"Waterside, Leicester","The Seagrave","4","https://www.keepmoat.com/waterside-leicester/the-seagrave","images/f3b35588fe54c70d226a97cd24a83aa9e3260aaad8045462896ce4c0dd140fb2.png","https://www.keepmoat.com/getmedia/1ec7820a-400a-4f2c-a2e3-100815d4f4ab/Melton-kitchen.png","Staged showhome kitchen."
"Waterside, Leicester","The Seagrave","4","https://www.keepmoat.com/waterside-leicester/the-seagrave","images/131ee1de2ffb677036af718bfcc69c84b8cbc8429b142ae8f24c8f555f9b9dcb.png","https://www.keepmoat.com/getmedia/45e35610-06c8-414e-9022-1bed65bdf8f1/Melton-dining.png","Staged showhome kitchen."
"Waterside, Leicester","The Seagrave","4","https://www.keepmoat.com/waterside-leicester/the-seagrave","images/bd5b4baf9716ae1f08347254fa62212984c9493ce68a8d65a15b705711f12dac.png","https://www.keepmoat.com/getmedia/92459efc-cfa2-4868-bacf-7908aac2034d/Melton-bedroom-1.png","Staged showhome bedroom."
"Waterside, Leicester","The Seagrave","4","https://www.keepmoat.com/waterside-leicester/the-seagrave","images/44a1a2136cc76e1251be616360fec3c58a6413082fdfa336e94f5de8e3742fd8.png","https://www.keepmoat.com/getmedia/35e3dbda-8224-4b35-93a3-bd69fc1a48a4/Melton-bedroom-2.png","Staged showhome bedroom."
"Waterside, Leicester","The Seagrave","4","https://www.keepmoat.com/waterside-leicester/the-seagrave","images/da65c2f225f717f62bef363adc9565b42d3a0bad9b608e867469aa513cf0f42c.png","https://www.keepmoat.com/getmedia/17a7e883-8dd7-4a5a-b7fa-bf5e36f16b81/Melton-bathroom.png","Staged showhome bathroom."
"Stalling's Place, Kingswinford","The Bradshaw","3","https://www.keepmoat.com/stallings-place-kingswinford/the-bradshaw","images/c9f5cff3deff009426fcf4a5824abef8ee0fa3265e1371c0228d221323c6cb62.jpg","https://www.keepmoat.com/getmedia/f675b141-9213-4404-9a6a-ea8bfe93b2e1/edit.jpg","Staged showhome interior space."
"Stalling's Place, Kingswinford","The Bradshaw","3","https://www.keepmoat.com/stallings-place-kingswinford/the-bradshaw","images/afd109fbfa33a3aebc770499344f861adbf97fcf8e13b8b6d41e06e04f9e33a1.jpg","https://www.keepmoat.com/getmedia/ec4b7d4a-f8ba-47e3-a4d6-5bea5f6175c8/001-sf-the-bamburgh-dominion-keepmoat-homes.jpg","Staged showhome interior space."
"Stalling's Place, Kingswinford","The Bradshaw","3","https://www.keepmoat.com/stallings-place-kingswinford/the-bradshaw","images/0a5d38601a3b3c62a6eb4af6458ebdfd088f9ec746477efd41980325d2c44823.jpg","https://www.keepmoat.com/getmedia/db03e008-78f3-4b72-a12e-9a10f1a82d88/002-sf-the-bamburgh-dominion-keepmoat-homes.jpg","Staged showhome interior space."
"Stalling's Place, Kingswinford","The Bradshaw","3","https://www.keepmoat.com/stallings-place-kingswinford/the-bradshaw","images/b49831adaf57e92a29be1350b32b045682cc8792ffa72fe3dff68f19720a0ac1.jpg","https://www.keepmoat.com/getmedia/899d4d03-bffb-43b0-9343-001ee4573a12/004-sf-the-bamburgh-dominion-keepmoat-homes.jpg","Staged showhome interior space."
"Stalling's Place, Kingswinford","The Bradshaw","3","https://www.keepmoat.com/stallings-place-kingswinford/the-bradshaw","images/46a1cc026b09f5c1e3f1e269ae5b6c3b4de2551a8be3b928b3bfa3f1f68b6ad3.jpg","https://www.keepmoat.com/getmedia/d2ecb076-17c4-4825-9f6b-1b32401fad71/8644963-interior35-800-jpg-web.jpg","Staged showhome interior space."
"Stalling's Place, Kingswinford","The Bradshaw","3","https://www.keepmoat.com/stallings-place-kingswinford/the-bradshaw","images/77fa44311dd5158066a30d18c4730c539a3a2fad2a909ca62f65182c0fc226ec.jpg","https://www.keepmoat.com/getmedia/2efb1a19-a3b6-4f6b-9631-57b054966386/008-sf-the-bamburgh-dominion-keepmoat-homes.jpg","Staged showhome interior space."
"Stalling's Place, Kingswinford","The Bradshaw","3","https://www.keepmoat.com/stallings-place-kingswinford/the-bradshaw","images/56162926c59e77c9203b9da21ee82b1c99534e18d51a6a1cc777a6bbfebbdf9a.jpg","https://www.keepmoat.com/getmedia/dd474158-6845-4820-8fa3-36259cf7825c/009-sf-the-bamburgh-dominion-keepmoat-homes.jpg","Staged showhome interior space."
"Stalling's Place, Kingswinford","The Bradshaw","3","https://www.keepmoat.com/stallings-place-kingswinford/the-bradshaw","images/249fdb8980ba345ab1a377db75b70fb530af59ad8afc9246e4afbfdc65f8020b.jpg","https://www.keepmoat.com/getmedia/604fe9c5-e01b-4ca9-8286-db401b0cc199/024-sf-the-bamburgh-dominion-keepmoat-homes.jpg","Staged showhome interior space."
"Stalling's Place, Kingswinford","The Bradshaw","3","https://www.keepmoat.com/stallings-place-kingswinford/the-bradshaw","images/5f1d960f64d7aed359d96eaa373926547b71c1417f40be542a55b65f2ffe931a.jpg","https://www.keepmoat.com/getmedia/574728b7-06d3-4b23-8f5e-5d908d39a052/The-Bamburgh-Low-Res.jpg","Staged showhome interior space."
"Stalling's Place, Kingswinford","The Wenning","4","https://www.keepmoat.com/stallings-place-kingswinford/the-wenning","images/8c1007c1937852c1fa4f0baf967aff7a02b071ccdac6563667b3e291f24ae1a5.jpg","https://www.keepmoat.com/getmedia/14a3039a-33c4-4342-9ed4-18d50086edca/Edited.jpg","Staged showhome interior space."
"Stalling's Place, Kingswinford","The Wenning","4","https://www.keepmoat.com/stallings-place-kingswinford/the-wenning","images/1acbe73d3fb4a847cb7eba4fac076b5e02a71256cc56c6de89acf049ed0b8e7c.jpg","https://www.keepmoat.com/getmedia/5977027a-8650-4d3a-ba5c-8e2dd2007ec3/005-sf-the-oldbury-showhome-mill-place.jpg","Staged showhome interior space."
"Stalling's Place, Kingswinford","The Wenning","4","https://www.keepmoat.com/stallings-place-kingswinford/the-wenning","images/5648634df5e28187f723737d1f14e1373ad6ba1ecc8b2701ee4e2f21d7b41bf2.jpg","https://www.keepmoat.com/getmedia/194837d9-25cb-45d9-a00b-a79c4e075221/009-sf-the-oldbury-showhome-mill-place.jpg","Staged showhome interior space."
"Stalling's Place, Kingswinford","The Wenning","4","https://www.keepmoat.com/stallings-place-kingswinford/the-wenning","images/a126ec802941a7d6183cc9b90e8dd43cabd4b2ab76dcdb2dde8c26c004b65e3f.jpg","https://www.keepmoat.com/getmedia/14054e95-a08e-4c60-84c2-f4ab15d96022/8592185-Longford-WC-800-1024x683.jpg","Staged showhome bathroom."
"Stalling's Place, Kingswinford","The Wenning","4","https://www.keepmoat.com/stallings-place-kingswinford/the-wenning","images/42a8de62a426517b755f9923444d268490d3e8f0a78a411d0755b4f5d1e38edc.jpg","https://www.keepmoat.com/getmedia/5f2a0d0f-b3da-401c-aa7d-3b0842140aac/8644963-interior60-800-jpg-web.jpg","Staged showhome interior space."
"Stalling's Place, Kingswinford","The Wenning","4","https://www.keepmoat.com/stallings-place-kingswinford/the-wenning","images/b3ea109229782c16add2620f06aa2a7aa6f90c631c2c24630d848ad55bef1e6c.gif","https://www.keepmoat.com/getmedia/e067a745-e88c-460f-bf5b-998c30a667dc/CaddingtonBedroom2.gif","Staged showhome interior space."
"Stalling's Place, Kingswinford","The Wenning","4","https://www.keepmoat.com/stallings-place-kingswinford/the-wenning","images/07eaa6a0bf5d3fb9119198ed68fc81a95a35a73a88e965b55b61eb69c17d8f74.gif","https://www.keepmoat.com/getmedia/0167cf33-7035-430a-9bd8-bc325a581ff9/CaddingtonBedroom3.gif","Staged showhome interior space."
"Stalling's Place, Kingswinford","The Wenning","4","https://www.keepmoat.com/stallings-place-kingswinford/the-wenning","images/7db7c3dbe6f7584fd87b7266934d87b307bbc81852b602d90109c6dea57fddfd.jpg","https://www.keepmoat.com/getmedia/55894d75-a6dc-4986-8b13-f77725b2ac4a/8644963-interior46-800-jpg-web.jpg","Staged showhome interior space."
"Stalling's Place, Kingswinford","The Wenning","4","https://www.keepmoat.com/stallings-place-kingswinford/the-wenning","images/c318b5ea69a8ec39c54d297cf117176027ae26f89e1f4eb0bda5ba2b608e94e5.jpg","https://www.keepmoat.com/getmedia/cc5751f3-1220-4c14-aad3-84899ebe12d8/Wenning-Plot-164-Low-Res.jpg","Staged showhome interior space."
"Stalling's Place, Kingswinford","The Caddington","3","https://www.keepmoat.com/stallings-place-kingswinford/the-caddington","images/68921f0ba28dec03ef585bceb5e25a4e23747d02b298af572d3a694500b33d27.jpg","https://www.keepmoat.com/getmedia/c74503ef-6b02-4a9f-9965-3b66daca2bf5/Caddington-1024x683.jpg","Staged showhome interior space."
"Stalling's Place, Kingswinford","The Caddington","3","https://www.keepmoat.com/stallings-place-kingswinford/the-caddington","images/d2501b9c84297be5ce97ad07543dd3e263925b15e5981741fd935dda35275af6.png","https://www.keepmoat.com/getmedia/fff3396d-61da-4d5b-a2c2-8a59157c2582/8557385-Stills-interior04(1).png","Staged showhome interior space."
"Stalling's Place, Kingswinford","The Caddington","3","https://www.keepmoat.com/stallings-place-kingswinford/the-caddington","images/4720f12654a3319c4e0628667c845dd9bb84d8502c8f9b15d4f98c8c684e386d.png","https://www.keepmoat.com/getmedia/7b9a98a2-5f0d-4724-a6fc-7b6b967c1e6c/8557385-Stills-interior03(1).png","Staged showhome interior space."
"Stalling's Place, Kingswinford","The Caddington","3","https://www.keepmoat.com/stallings-place-kingswinford/the-caddington","images/c0975c2c1ba3a1268b980134f799b4815c7cf9c126a793e755d99b3968103df5.png","https://www.keepmoat.com/getmedia/96b524a3-e1de-48b9-9b29-5e86ad214676/8557385-Stills-interior07(1).png","Staged showhome interior space."
"Stalling's Place, Kingswinford","The Caddington","3","https://www.keepmoat.com/stallings-place-kingswinford/the-caddington","images/145a437dba04edf161fd173024f9fcdadbe9b83c7bc3169808cf488a6a0086f4.png","https://www.keepmoat.com/getmedia/76e41698-b24e-4db7-a5c6-dde429593a4b/8557385-Stills-interior13(1).png","Staged showhome interior space."
"Stalling's Place, Kingswinford","The Caddington","3","https://www.keepmoat.com/stallings-place-kingswinford/the-caddington","images/40ebb8789a13a49c3d61b75da6f341a432c10a2313cc58bed341e2c927e812a6.png","https://www.keepmoat.com/getmedia/143ebaeb-ac12-40f0-bee0-03559c7bbe55/8557385-Stills-interior15(1).png","Staged showhome interior space."
"Stalling's Place, Kingswinford","The Caddington","3","https://www.keepmoat.com/stallings-place-kingswinford/the-caddington","images/a1698b008a9681fa8a05fbfffcec39eaad87e078d449ef9d2efacf883fb5fd3e.png","https://www.keepmoat.com/getmedia/b7a5f9a9-f3c9-403e-b1d8-8f25a3d64340/8557385-Stills-interior11(1).png","Staged showhome interior space."
"Stalling's Place, Kingswinford","The Caddington","3","https://www.keepmoat.com/stallings-place-kingswinford/the-caddington","images/8e8a9fda5673e1fab4cc4822a09359d40b69c82e801dfcc04f67a301b5c9489f.png","https://www.keepmoat.com/getmedia/eb2bdc4d-ca26-48bc-a511-0f1376f6aeb9/8557385-Stills-interior10(1).png","Staged showhome interior space."
"Stalling's Place, Kingswinford","The Caddington","3","https://www.keepmoat.com/stallings-place-kingswinford/the-caddington","images/947d33e628bcc0fc325852d61ad4cc37d67883d1a4358076bb448ca7eb30a401.png","https://www.keepmoat.com/getmedia/888a634a-50fe-44db-b91d-a8c1c184a916/8557385-Stills-interior16(1).png","Staged showhome interior space."
"Stalling's Place, Kingswinford","The Caddington","3","https://www.keepmoat.com/stallings-place-kingswinford/the-caddington","images/cca32993b7ab0b5de952568794f5867cc81085437b4c7277bad7a568ab300daf.jpg","https://www.keepmoat.com/getmedia/2496a7e0-9136-47ba-93e3-8da9ea1afade/The-Caddington-Low-Res-Crop.jpg","Staged showhome interior space."
"The Rise, Newcastle upon Tyne","The Kielder","2","https://www.keepmoat.com/the-rise-newcastle-upon-tyne/the-kielder","images/e36ddf06c3c1653a2837bdd2a6efe89c4cfe37850df66930b2fc411695a496ab.jpg","https://www.keepmoat.com/getmedia/72e8f73b-e9cb-4057-99ff-97685c4fdc42/Kielder-1024x683.jpg","Staged showhome interior space."
"The Rise, Newcastle upon Tyne","The Kielder","2","https://www.keepmoat.com/the-rise-newcastle-upon-tyne/the-kielder","images/763b3ff63cfbeb6d0b2b6e9cef5f6f5efbe58b020d142f6a29066f3f3a0aa3fa.jpg","https://www.keepmoat.com/getmedia/3e519b73-575e-4418-95e4-18d9fcbcc61a/2-Kielder-1024x683.jpg","Staged showhome interior space."
"The Rise, Newcastle upon Tyne","The Kielder","2","https://www.keepmoat.com/the-rise-newcastle-upon-tyne/the-kielder","images/6e58ab762a1e4a2e64ccc4a33a89e2cb67b2fd95b359ae04c86dff9aaf801901.jpg","https://www.keepmoat.com/getmedia/574f4a1b-0631-4a7a-851e-41b71649ccfb/3-Kielder-1024x683.jpg","Staged showhome interior space."
"The Rise, Newcastle upon Tyne","The Kielder","2","https://www.keepmoat.com/the-rise-newcastle-upon-tyne/the-kielder","images/afa4e734b447d601ed9f6d77052fd067845c838fb053b90daaaac25701bbbcee.jpg","https://www.keepmoat.com/getmedia/424ef429-6a10-41e5-b375-96fcd19fa289/4-Kielder-1024x683.jpg","Staged showhome interior space."
"The Rise, Newcastle upon Tyne","The Kielder","2","https://www.keepmoat.com/the-rise-newcastle-upon-tyne/the-kielder","images/ffbc3a55d3f1c581cf317ca90b48795e6ece6cb952732d9d00bc75f37eb7e35d.jpg","https://www.keepmoat.com/getmedia/ea12d38e-91a2-4eeb-a1ce-6aa2f15c78fc/5-Kielder-1024x683.jpg","Staged showhome interior space."
"The Rise, Newcastle upon Tyne","The Kielder","2","https://www.keepmoat.com/the-rise-newcastle-upon-tyne/the-kielder","images/3829c7b3487dca69fb9bcde24553255fbec148edb51ab6442b7c2b5be93de3ef.jpg","https://www.keepmoat.com/getmedia/b9e5920d-544d-4e0e-8102-1906e53cf6a6/6-Kielder-1024x683.jpg","Staged showhome interior space."
"The Rise, Newcastle upon Tyne","The Kielder","2","https://www.keepmoat.com/the-rise-newcastle-upon-tyne/the-kielder","images/9396098ea9369f725ad73a538525642e44bffa76166ba3a1d00080df182fc5cd.jpg","https://www.keepmoat.com/getmedia/357ab205-3fda-46b4-8806-272d2a5efe4a/7-Kielder-1024x683.jpg","Staged showhome interior space."
"The Rise, Newcastle upon Tyne","The Kielder","2","https://www.keepmoat.com/the-rise-newcastle-upon-tyne/the-kielder","images/daf4241059260a1e7222180b520398f7b1e47780f61803da7706585c2243f192.jpg","https://www.keepmoat.com/getmedia/20a764cf-d249-4af9-add8-71463064af24/8-Kielder-1024x683.jpg","Staged showhome interior space."
"The Rise, Newcastle upon Tyne","The Kielder","2","https://www.keepmoat.com/the-rise-newcastle-upon-tyne/the-kielder","images/cd95d34193170449ffefeab5afb2d99af24f3024aac758cfa3fe14ab2c938357.jpg","https://www.keepmoat.com/getmedia/526ad6df-8a3c-420c-a2d0-aeb23565e622/9-Kielder-1024x683.jpg","Staged showhome interior space."
"The Rise, Newcastle upon Tyne","The Kielder","2","https://www.keepmoat.com/the-rise-newcastle-upon-tyne/the-kielder","images/341ce0542dcb0da0a679e6e4dc44893e393ade92c99a716c269b75b1a8cb357f.jpg","https://www.keepmoat.com/getmedia/183246f1-a9ba-4fc4-9d0a-4d30813b8d5a/10-Kielder-1024x683.jpg","Staged showhome interior space."
"The Rise, Newcastle upon Tyne","The Kielder","2","https://www.keepmoat.com/the-rise-newcastle-upon-tyne/the-kielder","images/6fd251f8a32071eaeb359033c56cbf1e73fb16771013fb913935f5c51ab60c0e.jpg","https://www.keepmoat.com/getmedia/b7142a92-65f5-4010-acef-1e0c93fd6d7c/11-Kielder-1024x683.jpg","Staged showhome interior space."
"The Rise, Newcastle upon Tyne","The Kielder","2","https://www.keepmoat.com/the-rise-newcastle-upon-tyne/the-kielder","images/4fb7d2684ff997695f0015d823319ed9472721d2368b79a0fe35eba28d6ca0a9.jpg","https://www.keepmoat.com/getmedia/ceef72e0-35d3-458a-8483-8f429a1edfde/12-Kielder-1024x683.jpg","Staged showhome interior space."
"The Rise, Newcastle upon Tyne","The Kielder","2","https://www.keepmoat.com/the-rise-newcastle-upon-tyne/the-kielder","images/1df46bb2740744a20486f97b44934b8a1cfc975cd37ecf716b4bde55c2fe672e.jpg","https://www.keepmoat.com/getmedia/07232933-865a-4036-b970-aa0be1d25ae6/13-Kielder-1024x683.jpg","Staged showhome interior space."
"The Rise, Newcastle upon Tyne","The Ridley","3","https://www.keepmoat.com/the-rise-newcastle-upon-tyne/the-ridley","images/75de618d41af29d2ed6f04aba4bac4d654a086b72dbd08689ebc6587e6c16c9e.jpg","https://www.keepmoat.com/getmedia/830bf74f-4191-49fc-9975-37b2a3da7f2c/The-Ridley-988-NP-Low-Res-Crop.jpg","Staged showhome interior space."
"The Rise, Newcastle upon Tyne","The Ridley","3","https://www.keepmoat.com/the-rise-newcastle-upon-tyne/the-ridley","images/33c449001ff4da5f63ffc0194da24a8a1f20d7fd916eab08b376589877e7f4ef.jpg","https://www.keepmoat.com/getmedia/ea93ac48-8829-4613-b1b4-49c5a223fa04/2-TheRidley.jpg","Staged showhome interior space."
"The Rise, Newcastle upon Tyne","The Ridley","3","https://www.keepmoat.com/the-rise-newcastle-upon-tyne/the-ridley","images/195b5a76321e682609ba052cb51b819462113e227118dbc12e86fbf9b578aa9b.jpg","https://www.keepmoat.com/getmedia/c76c1bec-33a8-45e8-963b-e3475824f29c/3-TheRidley.jpg","Staged showhome interior space."
"The Rise, Newcastle upon Tyne","The Ridley","3","https://www.keepmoat.com/the-rise-newcastle-upon-tyne/the-ridley","images/6c4c91bfc3de1fbb2018b07acddd782cbe62364d873ee41f3162f02fbeb26a4b.jpg","https://www.keepmoat.com/getmedia/6852abad-a8b2-47e7-857a-6e96512dd9ac/4-TheRidley.jpg","Staged showhome interior space."
"The Rise, Newcastle upon Tyne","The Ridley","3","https://www.keepmoat.com/the-rise-newcastle-upon-tyne/the-ridley","images/16a9f05fab2ac4c53eb8c8e1f9ba8ea10ee9e0e3470a02a59bfbab0a2153ef6a.jpg","https://www.keepmoat.com/getmedia/ff2b0133-c8b6-4907-8433-69f716e68903/5-TheRidley.jpg","Staged showhome interior space."
"The Rise, Newcastle upon Tyne","The Ridley","3","https://www.keepmoat.com/the-rise-newcastle-upon-tyne/the-ridley","images/d04716adfbe59df919a281a40e907c3103f756b595bbcb3f2132a7a4c892ff4f.jpg","https://www.keepmoat.com/getmedia/b0ddb608-884b-490a-b64f-8d2468b0ba35/6-TheRidley.jpg","Staged showhome interior space."
"The Rise, Newcastle upon Tyne","The Ridley","3","https://www.keepmoat.com/the-rise-newcastle-upon-tyne/the-ridley","images/c0ce3375cc816ce3eacc6467c1bcc63eeda04f8a0764857e8025116c7026211e.jpg","https://www.keepmoat.com/getmedia/4f3160b0-2b05-4a8c-9151-dd4dce039144/7-TheRidley.jpg","Staged showhome interior space."
"The Rise, Newcastle upon Tyne","The Ridley","3","https://www.keepmoat.com/the-rise-newcastle-upon-tyne/the-ridley","images/6df13ea2fb664d069aefe1d614193388cec6300426d0c2fb5b7775e74b6e2e6b.jpg","https://www.keepmoat.com/getmedia/5e57197a-1551-4c64-82b1-6f31d538c31a/8-TheRidley.jpg","Staged showhome interior space."
"The Rise, Newcastle upon Tyne","The Ridley","3","https://www.keepmoat.com/the-rise-newcastle-upon-tyne/the-ridley","images/5b52eaddef1ddb8234a6ec39059042442f6739232c32f3a6b47b00e4ef5fde5c.jpg","https://www.keepmoat.com/getmedia/f841acc5-2655-46ff-977b-45f2ea35fdea/9-TheRidley.jpg","Staged showhome interior space."
"The Rise, Newcastle upon Tyne","The Ridley","3","https://www.keepmoat.com/the-rise-newcastle-upon-tyne/the-ridley","images/e56d6375e174a0247ca348824660b84dca035d1997320132deb8bb6259a9870e.jpg","https://www.keepmoat.com/getmedia/213abdb3-056d-4060-98bf-a5bda0ca04aa/10-TheRidley.jpg","Staged showhome interior space."
"The Rise, Newcastle upon Tyne","The Corbridge","3","https://www.keepmoat.com/the-rise-newcastle-upon-tyne/the-corbridge","images/7cdaa58106389ff02c7425469a990ea64d2a75eee2f42851ae7fd98e32beb6e3.jpg","https://www.keepmoat.com/getmedia/f8894bd6-9514-4e9c-90b3-adba1c8cdaf4/Corbridge-1024x683.jpg","Staged showhome interior space."
"The Rise, Newcastle upon Tyne","The Corbridge","3","https://www.keepmoat.com/the-rise-newcastle-upon-tyne/the-corbridge","images/3ba36b34867a79d04d5774ed160c96cd22fb14dee537ed55d4deea07ff38b087.jpg","https://www.keepmoat.com/getmedia/dce97265-4337-46c6-aec3-f96cadb3de02/Corbridge-2-1024x683.jpg","Staged showhome interior space."
"The Rise, Newcastle upon Tyne","The Corbridge","3","https://www.keepmoat.com/the-rise-newcastle-upon-tyne/the-corbridge","images/d1d2b2af2a8159ca1b412ac7e3bf906d3c81a518f8c9ce1fa0571c7f267df286.jpg","https://www.keepmoat.com/getmedia/4e896ed9-d89b-4938-b831-8422a2da98fb/2-Corbridge-Internal.jpg","Staged showhome interior space."
"The Rise, Newcastle upon Tyne","The Corbridge","3","https://www.keepmoat.com/the-rise-newcastle-upon-tyne/the-corbridge","images/cd0fc88018d38655c36016c03711345dd0b6296fdfae02b31f1066bdc850d41e.jpg","https://www.keepmoat.com/getmedia/499155db-e1b2-45c6-915a-2bc7a083cbbb/3-Corbridge-Internal.jpg","Staged showhome interior space."
"The Rise, Newcastle upon Tyne","The Corbridge","3","https://www.keepmoat.com/the-rise-newcastle-upon-tyne/the-corbridge","images/de161c99419f73f0e00fd7a8b126022b713cc313db780e7b8e9467f8ba756a92.jpg","https://www.keepmoat.com/getmedia/c130d5d4-479a-4ed3-bd1b-b46ffcdc2eb3/4-Corbridge-Internal.jpg","Staged showhome interior space."
"The Rise, Newcastle upon Tyne","The Corbridge","3","https://www.keepmoat.com/the-rise-newcastle-upon-tyne/the-corbridge","images/59e7b41c2ed912817c42aa8e6b83d2c7f29a98bfd969843eb5dab596da032008.jpg","https://www.keepmoat.com/getmedia/fbe2e5ad-0a53-435a-a6dd-843c61606fba/5-Corbridge-Internal.jpg","Staged showhome interior space."
"The Rise, Newcastle upon Tyne","The Corbridge","3","https://www.keepmoat.com/the-rise-newcastle-upon-tyne/the-corbridge","images/b63845029e73dbb090eb4f1ddc1bfcfdfff0278fbea2fd7271763ebd78dcc1a0.jpg","https://www.keepmoat.com/getmedia/77ad9223-805f-421a-8cde-22f9392b11da/6-Corbridge-Internal.jpg","Staged showhome interior space."
"The Rise, Newcastle upon Tyne","The Corbridge","3","https://www.keepmoat.com/the-rise-newcastle-upon-tyne/the-corbridge","images/2342bfa0372c73555782c115addcefa88e288e022fa9f7dde2e6176956334875.jpg","https://www.keepmoat.com/getmedia/da0ba1ab-c6c6-4990-83c9-5a054031cf86/7-Corbridge-Internal.jpg","Staged showhome interior space."
"The Rise, Newcastle upon Tyne","The Corbridge","3","https://www.keepmoat.com/the-rise-newcastle-upon-tyne/the-corbridge","images/faeb2d0115bc23427b40635fc48158f4298d3221871ea14e403e56de15dcd7d9.jpg","https://www.keepmoat.com/getmedia/3141b7ad-b7af-4ac9-8546-5988de693934/8-Corbridge-Internal.jpg","Staged showhome interior space."
"The Rise, Newcastle upon Tyne","The Corbridge","3","https://www.keepmoat.com/the-rise-newcastle-upon-tyne/the-corbridge","images/890db8c696d7963bb9fb5c08a2004c713ea9e81fd9de648cc47828070cfb0366.jpg","https://www.keepmoat.com/getmedia/547945f5-3207-477d-9137-6780819acda1/9-Corbridge-Internal.jpg","Staged showhome interior space."
"The Rise, Newcastle upon Tyne","The Corbridge","3","https://www.keepmoat.com/the-rise-newcastle-upon-tyne/the-corbridge","images/491ae92574ecb8da3c52263b6c0268afeb2104f16354770210620ca3bd2f19eb.jpg","https://www.keepmoat.com/getmedia/dd4e2552-9c43-4a59-910e-58d090242a16/10-Corbridge-Internal.jpg","Staged showhome interior space."
"The Rise, Newcastle upon Tyne","The Corbridge","3","https://www.keepmoat.com/the-rise-newcastle-upon-tyne/the-corbridge","images/9a6de7f3913a78276a8c8cc4fa15b02c2b9aa295ef6aa3651801c0e7d0881047.jpg","https://www.keepmoat.com/getmedia/845ee1c3-4dd9-44a5-a8ab-520b4a2bf3e6/11-Corbridge-Internal.jpg","Staged showhome interior space."
"The Rise, Newcastle upon Tyne","The Corbridge","3","https://www.keepmoat.com/the-rise-newcastle-upon-tyne/the-corbridge","images/be2f9cb1bcd4aa25873b5470c3679190374816919e038e02dddd1284710bc09d.jpg","https://www.keepmoat.com/getmedia/4b0381d8-f7b1-41a7-ae19-61cdab27eabd/12-Corbridge-Internal.jpg","Staged showhome interior space."
"The Rise, Newcastle upon Tyne","The Styford","3","https://www.keepmoat.com/the-rise-newcastle-upon-tyne/the-styford","images/3cf4bbde7d9189ef6b2ffdbe4a0c80476cb7b0e6db4694d88380bb2a41074b13.jpg","https://www.keepmoat.com/getmedia/161e36e8-64d3-4e00-8a0c-45ffe11cb13d/1-TheRise-TheStyford.jpg","Staged showhome interior space."
"The Rise, Newcastle upon Tyne","The Styford","3","https://www.keepmoat.com/the-rise-newcastle-upon-tyne/the-styford","images/acfea10aee7efc18ccae8276362ed9e777ccce0d104910fe33cb1db5cbc3928d.jpg","https://www.keepmoat.com/getmedia/66b087c3-f82a-422b-8668-e98cb4cca18a/2-Styford-Internal.jpg","Staged showhome interior space."
"The Rise, Newcastle upon Tyne","The Styford","3","https://www.keepmoat.com/the-rise-newcastle-upon-tyne/the-styford","images/907e1cb238a0218f013e44584c57760ac73540797b05ee802e84f35f03675d90.jpg","https://www.keepmoat.com/getmedia/9dd60383-d6c1-430e-a56c-40f62ea3ad88/3-Styford-Internal.jpg","Staged showhome interior space."
"The Rise, Newcastle upon Tyne","The Styford","3","https://www.keepmoat.com/the-rise-newcastle-upon-tyne/the-styford","images/0742131190ce52ca87c71c9544c8e8bf37ab89e833a59527a76b47f161372982.jpg","https://www.keepmoat.com/getmedia/fe60679b-cd46-4331-9097-c9e5265b9f5f/4-Styford-Internal.jpg","Staged showhome interior space."
"The Rise, Newcastle upon Tyne","The Styford","3","https://www.keepmoat.com/the-rise-newcastle-upon-tyne/the-styford","images/3fc113a0a823beb3a58f70e6decc1739bf93f7431f0663044042ce4d3d9c7c20.jpg","https://www.keepmoat.com/getmedia/8aee99c0-eeb0-4e7d-a3b7-8fdb521da637/5-Styford-Internal.jpg","Staged showhome interior space."
"The Rise, Newcastle upon Tyne","The Styford","3","https://www.keepmoat.com/the-rise-newcastle-upon-tyne/the-styford","images/bd8b4009f2e8f08a077f23052331c2e6f00a77c2a0ffa5196a9035490734244e.jpg","https://www.keepmoat.com/getmedia/d6c46e4b-c60a-4229-89bd-4b0edfccd360/6-Styford-Internal.jpg","Staged showhome interior space."
"The Rise, Newcastle upon Tyne","The Styford","3","https://www.keepmoat.com/the-rise-newcastle-upon-tyne/the-styford","images/9df3b337d25b267f8e6be535ebfd8816897c025fc181c37f73eb5fd8bd6c87b7.jpg","https://www.keepmoat.com/getmedia/1772c1a7-4ebf-48a5-8f38-7f1e12b70fb5/7-Styford-Internal.jpg","Staged showhome interior space."
"The Rise, Newcastle upon Tyne","The Styford","3","https://www.keepmoat.com/the-rise-newcastle-upon-tyne/the-styford","images/3e8fbda85c9a399552c838cfe8b91ce33f6cedbe5798a8ab51912cd4bc1404bf.jpg","https://www.keepmoat.com/getmedia/3e6b6a88-3d79-4b9a-a031-f83b7dc621c7/8-Styford-Internal.jpg","Staged showhome interior space."
"The Rise, Newcastle upon Tyne","The Styford","3","https://www.keepmoat.com/the-rise-newcastle-upon-tyne/the-styford","images/36b3a035520a4260194eec9db7955f0cee9ebe61507be6399c356f890b9cd003.jpg","https://www.keepmoat.com/getmedia/b7bad70b-0ce9-4c14-b9d5-3a839aa31d50/9-Styford-Internal.jpg","Staged showhome interior space."
"The Rise, Newcastle upon Tyne","The Styford","3","https://www.keepmoat.com/the-rise-newcastle-upon-tyne/the-styford","images/c11b89299371ca2ab7e624928f52df9a3e6fc1ce48b9b8e1e20e925cd827cc6f.jpg","https://www.keepmoat.com/getmedia/b4afa220-8f99-4b85-bed9-374f23e82d55/10-Styford-Internal.jpg","Staged showhome interior space."
"The Rise, Newcastle upon Tyne","The Styford","3","https://www.keepmoat.com/the-rise-newcastle-upon-tyne/the-styford","images/b53c8841e478be0961f497aa21a22757a4f036129a6bbd3c6235f4d5d14a7c13.jpg","https://www.keepmoat.com/getmedia/5355060d-7a3b-4643-8448-1cfaa129bc13/11-Styford-Internal.jpg","Staged showhome interior space."
"The Rise, Newcastle upon Tyne","The Styford","3","https://www.keepmoat.com/the-rise-newcastle-upon-tyne/the-styford","images/dca0d95e8a68819715063f0cbc274c97f85109009b672eb687bf899a9ddbe349.jpg","https://www.keepmoat.com/getmedia/d53de651-0029-402c-8645-7b2cbdf09a63/12-Styford-Internal.jpg","Staged showhome interior space."
"The Rise, Newcastle upon Tyne","The Styford","3","https://www.keepmoat.com/the-rise-newcastle-upon-tyne/the-styford","images/dd8bd097b8e44c3dcccf7c9ea46da9198610d6e212d1282cf0e6d92367095fc8.jpg","https://www.keepmoat.com/getmedia/3ebd8e62-8790-4514-ad64-ad22b7c404fc/13-Styford-Internal.jpg","Staged showhome interior space."
"The Rise, Newcastle upon Tyne","The Styford","3","https://www.keepmoat.com/the-rise-newcastle-upon-tyne/the-styford","images/e21febb9922c3f7f66523707d011e0ba9543249323d627fbe1d0dff442c4d69f.jpg","https://www.keepmoat.com/getmedia/d7fb7652-9c02-4318-be37-3f340c637e9e/14-Styford-Internal.jpg","Staged showhome interior space."
"The Rise, Newcastle upon Tyne","The Featherstone","2","https://www.keepmoat.com/the-rise-newcastle-upon-tyne/the-featherstone","images/215b2025bde5c939d01991ffc1aa1a11bc623d8f9a14d75994ecf8a267395be4.jpg","https://www.keepmoat.com/getmedia/259683e0-e29d-442b-8166-bbdac6ab81a0/Featherstone-1024x683.jpg","Staged showhome interior space."
"The Rise, Newcastle upon Tyne","The Featherstone","2","https://www.keepmoat.com/the-rise-newcastle-upon-tyne/the-featherstone","images/5262bbaf5ee7f7b7404eb1953297a9a9d704388004d4d793d5b0dee977ea4dea.jpg","https://www.keepmoat.com/getmedia/4b57d75e-afdb-4a50-85f2-0aa4f2fd9923/2-Featherstone-Internal.jpg","Staged showhome interior space."
"The Rise, Newcastle upon Tyne","The Featherstone","2","https://www.keepmoat.com/the-rise-newcastle-upon-tyne/the-featherstone","images/96ad4ae9d151a80841daa95f624cdf1059d39ca354d00c0d9a2e5cce6de44c29.jpg","https://www.keepmoat.com/getmedia/9ffd5ba6-bc5e-4736-b2f7-c0a6c31da8a7/3-Featherstone-Internal.jpg","Staged showhome interior space."
"The Rise, Newcastle upon Tyne","The Featherstone","2","https://www.keepmoat.com/the-rise-newcastle-upon-tyne/the-featherstone","images/247a1185573d51a8a1cac7966ad6f8b5b477cdeecec1fb492b23798e26fdeb18.jpg","https://www.keepmoat.com/getmedia/a7db2028-f1fd-4036-94a5-c906d3639357/4-Featherstone-Internal.jpg","Staged showhome interior space."
"The Rise, Newcastle upon Tyne","The Featherstone","2","https://www.keepmoat.com/the-rise-newcastle-upon-tyne/the-featherstone","images/f07e069cb6835aadecd105bd7f5ac67cfd366de3386bb9bb9694021e33315e0a.jpg","https://www.keepmoat.com/getmedia/d826c72d-031f-4c0a-bedd-c484c32ea7bc/5-Featherstone-Internal.jpg","Staged showhome interior space."
"The Rise, Newcastle upon Tyne","The Featherstone","2","https://www.keepmoat.com/the-rise-newcastle-upon-tyne/the-featherstone","images/5651ad20bb93e835151495a721761ef8725f79a8d1b9c21c20456a31bb68ab50.jpg","https://www.keepmoat.com/getmedia/e9df0e78-5325-44c4-8fb4-73caaa941d63/6-Featherstone-Internal.jpg","Staged showhome interior space."
"The Rise, Newcastle upon Tyne","The Featherstone","2","https://www.keepmoat.com/the-rise-newcastle-upon-tyne/the-featherstone","images/e07a0b1d1fa4c0287bf1b91eb43e1c4169cdec7fc1257ba1e94fc6ed68576e75.jpg","https://www.keepmoat.com/getmedia/583b1860-fdc2-4edb-ba29-e57f5b131cb7/7-Featherstone-Internal.jpg","Staged showhome interior space."
"The Rise, Newcastle upon Tyne","The Featherstone","2","https://www.keepmoat.com/the-rise-newcastle-upon-tyne/the-featherstone","images/f21bb6d589d449554672503767c598e2fa588fbed796ccfc35e06d78f351d241.jpg","https://www.keepmoat.com/getmedia/286031f2-923e-4717-afb0-06ed1494b1e9/8-Featherstone-Internal.jpg","Staged showhome interior space."
"The Rise, Newcastle upon Tyne","The Featherstone","2","https://www.keepmoat.com/the-rise-newcastle-upon-tyne/the-featherstone","images/a400bb96dd7c0a0c62aecb237534891aeee66825bafd78cf33644ecb81c8cae5.jpg","https://www.keepmoat.com/getmedia/7d24bdd7-6bb2-4709-b556-53b89763096a/9-Featherstone-Internal.jpg","Staged showhome interior space."
"The Rise, Newcastle upon Tyne","The Featherstone","2","https://www.keepmoat.com/the-rise-newcastle-upon-tyne/the-featherstone","images/6b704234648d9ee4727c16ed79509e7ffc9dd3ce8d251f4cb51578036c27ae5e.jpg","https://www.keepmoat.com/getmedia/8719730b-4241-4fec-8c0e-b3af2eaa77b1/10-Featherstone-Internal.jpg","Staged showhome interior space."
"The Rise, Newcastle upon Tyne","The Featherstone","2","https://www.keepmoat.com/the-rise-newcastle-upon-tyne/the-featherstone","images/2dc78b5e6aa71e175bd65cf918ff2c86b859830296c9ab0df734e73fa930aaea.jpg","https://www.keepmoat.com/getmedia/0350d5d4-93bd-4c05-9547-b1a3db59177f/11-Featherstone-Internal.jpg","Staged showhome interior space."
"Beaconsfield Park at Arcot Estate","The Weaver","3","https://www.keepmoat.com/beaconsfield-park-at-arcot-estate/the-weaver","images/dcd85e9209fdbbb456f294c5a38863f760ac3f0585b7c80e5a7f0b1d2006ffa0.jpg","https://www.keepmoat.com/getmedia/19eab490-2fb6-4167-b7f8-16eb5b4d93e6/Weaver-Compressed-Crop.jpg","Staged showhome interior space."
"Beaconsfield Park at Arcot Estate","The Weaver","3","https://www.keepmoat.com/beaconsfield-park-at-arcot-estate/the-weaver","images/6a58c5ce8aab3f9788d8dc94249409ac4d15fe9040a11ee1cebadbb162dec252.jpg","https://www.keepmoat.com/getmedia/5c09326b-bc97-4e99-a6da-19b2ce56fea5/8495929-interior01-800.jpg","Staged showhome interior space."
"Beaconsfield Park at Arcot Estate","The Weaver","3","https://www.keepmoat.com/beaconsfield-park-at-arcot-estate/the-weaver","images/9fe7faf40073611df0b523497f5e3482c13419e6e150ed8938b02cd75a0a0d9f.jpg","https://www.keepmoat.com/getmedia/d96ee38b-d82e-4b1e-bf7f-ab6c3e7fb24a/8495929-interior02-800.jpg","Staged showhome interior space."
"Beaconsfield Park at Arcot Estate","The Weaver","3","https://www.keepmoat.com/beaconsfield-park-at-arcot-estate/the-weaver","images/d2500aa03f64a6fbbbfb2232e35f03ac212c6c19f69ada6295569cbe58511f64.jpg","https://www.keepmoat.com/getmedia/a0834ab8-f3a3-4098-8f89-74561bfde81f/8495929-interior05-800.jpg","Staged showhome interior space."
"Beaconsfield Park at Arcot Estate","The Weaver","3","https://www.keepmoat.com/beaconsfield-park-at-arcot-estate/the-weaver","images/5c8423c76882d34cb7e5b5f5dd4565d57b2930b6be6b742013b0aa17705468a3.jpg","https://www.keepmoat.com/getmedia/7ec57f61-fc72-4cc7-af9f-23bf24bd7e68/8495929-interior09-800.jpg","Staged showhome interior space."
"Beaconsfield Park at Arcot Estate","The Weaver","3","https://www.keepmoat.com/beaconsfield-park-at-arcot-estate/the-weaver","images/c37ae6c7425f77cb3d1567af63150841b413594599c6c72c4bd33acc93e4b0bf.jpg","https://www.keepmoat.com/getmedia/de1cc342-7834-4d3f-8af1-9219832ecfe3/8495929-interior15-800.jpg","Staged showhome interior space."
"Beaconsfield Park at Arcot Estate","The Weaver","3","https://www.keepmoat.com/beaconsfield-park-at-arcot-estate/the-weaver","images/df3dc681e5ffa39c1185ae2de3672905444eea75c4f820fd2557050e3ad677d9.jpg","https://www.keepmoat.com/getmedia/578f1800-5714-44f1-99d2-379267e6140c/8495929-interior17-800.jpg","Staged showhome interior space."
"Beaconsfield Park at Arcot Estate","The Weaver","3","https://www.keepmoat.com/beaconsfield-park-at-arcot-estate/the-weaver","images/5b0b799c0a64928584599b71ee1bff1cbec92ac0e10b6aa13da6cf551bd1642a.jpg","https://www.keepmoat.com/getmedia/cfc455d4-fd9c-44db-99d1-204848654581/8495929-interior13-800.jpg","Staged showhome interior space."
"Beaconsfield Park at Arcot Estate","The Weaver","3","https://www.keepmoat.com/beaconsfield-park-at-arcot-estate/the-weaver","images/608c88038982cad57d019da65ca57e2ee8d9e64eea940523eca4fadfdc0e29d7.jpg","https://www.keepmoat.com/getmedia/0b94e87f-2942-4b70-8574-16b39d43aec8/8495929-interior10-800.jpg","Staged showhome interior space."
"Beaconsfield Park at Arcot Estate","The Weaver","3","https://www.keepmoat.com/beaconsfield-park-at-arcot-estate/the-weaver","images/015bfcc3a192788b49a5739fbabd6c1a1505da65025934c7462c45e8a1e29463.jpg","https://www.keepmoat.com/getmedia/91ac92c8-b081-4b39-bbbb-fd551d6fe031/8495929-interior14-800.jpg","Staged showhome interior space."
"Beaconsfield Park at Arcot Estate","The Finham","4","https://www.keepmoat.com/beaconsfield-park-at-arcot-estate/the-finham","images/e12e7208c880bab0b8a51bed0347a437d1f068b69ef101da940c3e20cc744e8c.jpg","https://www.keepmoat.com/getmedia/ec365152-597c-4180-85ed-c333de7afab9/Finham-Compressed-Crop.jpg","Staged showhome interior space."
"Beaconsfield Park at Arcot Estate","The Finham","4","https://www.keepmoat.com/beaconsfield-park-at-arcot-estate/the-finham","images/e275b7882b0d75a6454111d0913fef14e6577c68683ea9da83c8f9160c0af497.jpg","https://www.keepmoat.com/getmedia/f1c0dde8-d809-43a8-b126-a625c7373e97/TheFerne-BeaconsfieldPark-1.jpg","Staged showhome interior space."
"Beaconsfield Park at Arcot Estate","The Finham","4","https://www.keepmoat.com/beaconsfield-park-at-arcot-estate/the-finham","images/ced0e33047d37198e1b3166b120ec820214e0e97296a047bf78b998ab76d9e97.jpg","https://www.keepmoat.com/getmedia/c1e09665-af31-4df5-85a4-9ad5558dd115/TheFerne-BeaconsfieldPark-2.jpg","Staged showhome interior space."
"Beaconsfield Park at Arcot Estate","The Finham","4","https://www.keepmoat.com/beaconsfield-park-at-arcot-estate/the-finham","images/084f635075270ac89187f7a2e9c0ad66156df52daf9f0482228f00aef70319ba.jpg","https://www.keepmoat.com/getmedia/4015a8b2-1f84-4b52-b0bb-da218538c50d/TheFerne-BeaconsfieldPark-3.jpg","Staged showhome interior space."
"Beaconsfield Park at Arcot Estate","The Finham","4","https://www.keepmoat.com/beaconsfield-park-at-arcot-estate/the-finham","images/1325ab5b203834be3936ebf57e3bdc76c01704d0ebf6363b365a8b6b5b423385.jpg","https://www.keepmoat.com/getmedia/a00e45f9-371a-4fc8-a917-e16a32d86954/TheFerne-BeaconsfieldPark-4.jpg","Staged showhome interior space."
"Beaconsfield Park at Arcot Estate","The Finham","4","https://www.keepmoat.com/beaconsfield-park-at-arcot-estate/the-finham","images/2fc5e8893b5c42fe6069a007a33a9bc79c80ce3d0e0dd4c6b4c3aebd74c6b144.jpg","https://www.keepmoat.com/getmedia/d371c324-72a2-467e-89de-44b476c442b9/TheFerne-BeaconsfieldPark-5.jpg","Staged showhome interior space."
"Beaconsfield Park at Arcot Estate","The Finham","4","https://www.keepmoat.com/beaconsfield-park-at-arcot-estate/the-finham","images/2aac3b9c6f642f773e483cc0affa45398e5c66d4b39b9bf4b64905cda611180b.jpg","https://www.keepmoat.com/getmedia/6de9ad61-4098-41b6-b7f7-bb6d602f124e/TheFerne-BeaconsfieldPark-6.jpg","Staged showhome interior space."
"Beaconsfield Park at Arcot Estate","The Finham","4","https://www.keepmoat.com/beaconsfield-park-at-arcot-estate/the-finham","images/8b0e318a4f4831471ee2f2a4114dff9fb98831ef32ca908910bc7ba945f41415.jpg","https://www.keepmoat.com/getmedia/992d7a0c-d31b-4e4c-9233-ddf0dc628e08/TheFerne-BeaconsfieldPark-7.jpg","Staged showhome interior space."
"Beaconsfield Park at Arcot Estate","The Finham","4","https://www.keepmoat.com/beaconsfield-park-at-arcot-estate/the-finham","images/69f910d6e5bf8629e45bb7dc0b8eae25d377618d3a9e9daa70c5e14e4e8342fe.jpg","https://www.keepmoat.com/getmedia/30ebab4e-9998-48d7-9e29-836ab2ab572b/TheFerne-BeaconsfieldPark-8.jpg","Staged showhome interior space."
"Beaconsfield Park at Arcot Estate","The Finham","4","https://www.keepmoat.com/beaconsfield-park-at-arcot-estate/the-finham","images/2cac1ed07dd649dbecafd4df43736fe6a4931e6367cf3332d9b33f120e55d142.jpg","https://www.keepmoat.com/getmedia/af9fcc08-4c03-4f99-9288-82f0be6edbc1/TheFerne-BeaconsfieldPark-10.jpg","Staged showhome interior space."
"Beaconsfield Park at Arcot Estate","The Sherbourne","4","https://www.keepmoat.com/beaconsfield-park-at-arcot-estate/the-sherbourne","images/62714b3e6448500bf98642c3ba8bb939faea8803dc14e6ad95236010c62f66fb.jpg","https://www.keepmoat.com/getmedia/f635883f-9c44-4972-a586-c073049a9ffa/Sherbourne-Compressed-Crop.jpg","Staged showhome interior space."
"Beaconsfield Park at Arcot Estate","The Sherbourne","4","https://www.keepmoat.com/beaconsfield-park-at-arcot-estate/the-sherbourne","images/83781ccf8344023da7d974dccdac5f20f183ae7c85dd5a5d1280dddfa51b1862.jpg","https://www.keepmoat.com/getmedia/f9d400f7-e649-467e-b268-edb717a2eae1/BeaconsfieldPark-Sommerhill-2.jpg","Staged showhome interior space."
"Beaconsfield Park at Arcot Estate","The Sherbourne","4","https://www.keepmoat.com/beaconsfield-park-at-arcot-estate/the-sherbourne","images/5cef9dfb9149cc0801c0f4ad2a5b74f8c6cb077cfb6fb5f27a09dddb85cf40c9.jpg","https://www.keepmoat.com/getmedia/3d76055c-e247-49bc-8750-6535574bb9b8/BeaconsfieldPark-Sommerhill-3.jpg","Staged showhome interior space."
"Beaconsfield Park at Arcot Estate","The Sherbourne","4","https://www.keepmoat.com/beaconsfield-park-at-arcot-estate/the-sherbourne","images/797ec63a775da2ca8078ab4650e2c77124f734044e2c7e498299b31324102d9c.jpg","https://www.keepmoat.com/getmedia/aa9571ee-cb30-4345-9323-dcfdbe30d7cd/BeaconsfieldPark-Sommerhill-4.jpg","Staged showhome interior space."
"Beaconsfield Park at Arcot Estate","The Sherbourne","4","https://www.keepmoat.com/beaconsfield-park-at-arcot-estate/the-sherbourne","images/350890a23c261806d5789e765d5ba67ebde6e077d26a3bb2c604770e463ffd62.jpg","https://www.keepmoat.com/getmedia/5b3e4bdd-b976-423c-a7f0-49f4e204b21c/BeaconsfieldPark-Sommerhill-7.jpg","Staged showhome interior space."
"Beaconsfield Park at Arcot Estate","The Sherbourne","4","https://www.keepmoat.com/beaconsfield-park-at-arcot-estate/the-sherbourne","images/5fac4a12e3266be6d6821795ae084ec572560a770a37aacb12121b5957ce0ea9.jpg","https://www.keepmoat.com/getmedia/16b332b0-feaa-44e9-affc-4b601972c967/BeaconsfieldPark-Sommerhill-10.jpg","Staged showhome interior space."
"Beaconsfield Park at Arcot Estate","The Sherbourne","4","https://www.keepmoat.com/beaconsfield-park-at-arcot-estate/the-sherbourne","images/ba93ddbc32ddc1e459acbfcc31a166b76701a93a4b083a8aa9048a463b3c3976.jpg","https://www.keepmoat.com/getmedia/2e20b5a4-d213-489b-bb36-ce8db5e7be83/BeaconsfieldPark-Sommerhill-12.jpg","Staged showhome interior space."
"Beaconsfield Park at Arcot Estate","The Sherbourne","4","https://www.keepmoat.com/beaconsfield-park-at-arcot-estate/the-sherbourne","images/7a9b48d2784b98fd128390e0f2d6a260d3397e64777cc059f2039a033bb1a838.jpg","https://www.keepmoat.com/getmedia/f8ccf91b-ba35-4930-bb5b-91b253b11e60/BeaconsfieldPark-Sommerhill-14.jpg","Staged showhome interior space."
"Beaconsfield Park at Arcot Estate","The Sherbourne","4","https://www.keepmoat.com/beaconsfield-park-at-arcot-estate/the-sherbourne","images/906a4ae17e4c2bc7a1af4d4fd259cae69ac638dcb896549523e271cda9806976.jpg","https://www.keepmoat.com/getmedia/54481d16-c49f-46dd-ac5e-09a24f8df638/BeaconsfieldPark-Sommerhill-16.jpg","Staged showhome interior space."
"Beaconsfield Park at Arcot Estate","The Sherbourne","4","https://www.keepmoat.com/beaconsfield-park-at-arcot-estate/the-sherbourne","images/2995d65a8d4ad2677ad62ddcaf02aad712adb3622a3986ef3da82f1be1858f44.jpg","https://www.keepmoat.com/getmedia/5ec1702e-28c0-41b2-8749-40ce4bcea86c/BeaconsfieldPark-Sommerhill-17.jpg","Staged showhome interior space."
"Kingfields Park, Hull","Ashburn","2","https://www.keepmoat.com/kingfields-park-hull/ashburn","images/da43a2cf65c69b5d2447071eff9248a033b26c8537334836c99c6f9d81e9d6a5.jpg","https://www.keepmoat.com/getmedia/ff7e6156-bb76-4a31-ac7f-4488e5544dbb/WEB-Ashburn-plots36-37.jpg","Staged showhome interior space."
"Kingfields Park, Hull","Ashburn","2","https://www.keepmoat.com/kingfields-park-hull/ashburn","images/e1de4dc41fbb5d79dd2a8ab3a9c619ceffe9c73fe7aae28ce721d25e389b338e.jpg","https://www.keepmoat.com/getmedia/fcdb0826-1bb4-4a1c-9b59-76cd68d35b13/003-sf-the-darracott-the-kilns-hornsea-showhome-JPEG-Keepmoat-1024x683-72ppi.jpg","Staged showhome interior space."
"Kingfields Park, Hull","Ashburn","2","https://www.keepmoat.com/kingfields-park-hull/ashburn","images/0a5be239f0501017c6f212972d0b551a0b577550e7daf8bfc3c8e6899c06ad6f.jpg","https://www.keepmoat.com/getmedia/5128ff33-631d-4858-8d50-32ef155f2946/001-sf-the-darracott-the-kilns-hornsea-showhome-JPEG-Keepmoat-1024x683-72ppi.jpg","Staged showhome interior space."
"Kingfields Park, Hull","Ashburn","2","https://www.keepmoat.com/kingfields-park-hull/ashburn","images/911ed43f4c6e73353e87d53cf3a504300c2997b6d224528350999b74e90bc3ad.jpg","https://www.keepmoat.com/getmedia/0d0aba5f-8ffe-48df-bc4a-9ea4299a7776/004-sf-the-darracott-the-kilns-hornsea-showhome-JPEG-Keepmoat-1024x683-72ppi.jpg","Staged showhome interior space."
"Kingfields Park, Hull","Ashburn","2","https://www.keepmoat.com/kingfields-park-hull/ashburn","images/87e89f69fb9c02a0c9d796d217f3cdb7a19e403b2f8c6de64e5cd9e2e221ed22.jpg","https://www.keepmoat.com/getmedia/7daea964-c9b0-40b4-972f-c37c8dea157c/010-sf-the-darracott-the-kilns-hornsea-showhome-JPEG-Keepmoat-1024x683-72ppi.jpg","Staged showhome interior space."
"Kingfields Park, Hull","Ashburn","2","https://www.keepmoat.com/kingfields-park-hull/ashburn","images/31da9e18f7aca952bcf03ecac1fc9623180abad5a5bcfb1a351ec825841bfd28.jpg","https://www.keepmoat.com/getmedia/9d05133a-af1c-4c98-86e5-71b7baf05944/009-sf-the-darracott-the-kilns-hornsea-showhome-JPEG-Keepmoat-1024x683-72ppi.jpg","Staged showhome interior space."
"Kingfields Park, Hull","Ashburn","2","https://www.keepmoat.com/kingfields-park-hull/ashburn","images/ffd16e4ff48f899b340aa5a44434a877f0e211a47793ee7511a59d63830f8794.jpg","https://www.keepmoat.com/getmedia/8912bdd5-c700-4322-839d-c593acdd1d92/005-sf-the-darracott-the-kilns-hornsea-showhome-JPEG-Keepmoat-1024x683-72ppi.jpg","Staged showhome interior space."
"Kingfields Park, Hull","Ashburn","2","https://www.keepmoat.com/kingfields-park-hull/ashburn","images/32f68287f5c5915b8c723f823009350954fd135541877106388c1c85e55c3311.jpg","https://www.keepmoat.com/getmedia/58360b9e-bcfe-49cf-b80d-c0f472ca439e/013-sf-the-darracott-the-kilns-hornsea-showhome-JPEG-Keepmoat-1024x683-72ppi.jpg","Staged showhome interior space."
"Kingfields Park, Hull","Ashburn","2","https://www.keepmoat.com/kingfields-park-hull/ashburn","images/bcdcb79055093a52005b5e11a7e903429f610732c150b5f5d17330162415cc78.jpg","https://www.keepmoat.com/getmedia/ac3a8690-77b1-4f01-9f09-cb68d56184a4/014-sf-the-padbury-cambridge-green-JPEG-Keepmoat-1024x683-72ppi.jpg","Staged showhome interior space."
"Kingfields Park, Hull","Padbury","2","https://www.keepmoat.com/kingfields-park-hull/padbury","images/946c5817bb5a462c4d3d626e8cc90e1cd66ec9826720877f0f4f0b2cad90f985.jpg","https://www.keepmoat.com/getmedia/065b0387-c353-4de1-b19b-080e19fa535d/WEB-Padbury-plots30-31jpg.jpg","Staged showhome interior space."
"Kingfields Park, Hull","Padbury","2","https://www.keepmoat.com/kingfields-park-hull/padbury","images/cd7d5964d71163f560c6c1eea52383c2e3958ea5872f568fe76e73246defee81.jpg","https://www.keepmoat.com/getmedia/d7e573a0-ed1a-48f5-bf3a-623ddfcc410c/003-sf-the-padbury-cambridge-green-JPEG-Keepmoat-1024x683-72ppi.jpg","Staged showhome interior space."
"Kingfields Park, Hull","Padbury","2","https://www.keepmoat.com/kingfields-park-hull/padbury","images/5a493a1bbcd2727007627e882f4aff68c86e3dd429c5c894273a27d7af8d0a70.jpg","https://www.keepmoat.com/getmedia/723cd064-f233-47c0-b049-f9024164cb97/001-sf-the-padbury-cambridge-green-JPEG-Keepmoat-1024x683-72ppi.jpg","Staged showhome interior space."
"Kingfields Park, Hull","Padbury","2","https://www.keepmoat.com/kingfields-park-hull/padbury","images/0dc4811a07394a467c77d2e2e2980e3ddb6c7707cbaf4313c74344c209313334.jpg","https://www.keepmoat.com/getmedia/8d468f20-3569-46ef-bbc7-fb861bd5627a/006-sf-the-padbury-cambridge-green-JPEG-Keepmoat-1024x683-72ppi-1.jpg","Staged showhome interior space."
"Kingfields Park, Hull","Padbury","2","https://www.keepmoat.com/kingfields-park-hull/padbury","images/f4d5b464da3603a8a586a0fab29a07664eca78dce32fd5795ba331f51e0c5892.jpg","https://www.keepmoat.com/getmedia/809e3d11-4225-4205-a616-5c91d784c856/007-sf-the-padbury-cambridge-green-JPEG-Keepmoat-1024x683-72ppi.jpg","Staged showhome interior space."
"Kingfields Park, Hull","Padbury","2","https://www.keepmoat.com/kingfields-park-hull/padbury","images/cd24fec592a6e2a588cf008fec9978861f4b0458d1c1843db25047a54e4530f8.jpg","https://www.keepmoat.com/getmedia/3632a48f-5c9c-4c7c-8af7-77c76d3e3f5c/015-sf-the-padbury-cambridge-green-JPEG-Keepmoat-1024x683-72ppi.jpg","Staged showhome interior space."
"Kingfields Park, Hull","Padbury","2","https://www.keepmoat.com/kingfields-park-hull/padbury","images/8b393dbc3611a6374bdcd612e960c835b7fa650b334a649d9b9278ebd3bdd608.jpg","https://www.keepmoat.com/getmedia/f0843959-29fb-4bbb-b164-ff071279c9b4/009-sf-the-padbury-cambridge-green-JPEG-Keepmoat-1024x683-72ppi-1.jpg","Staged showhome interior space."
"Kingfields Park, Hull","Padbury","2","https://www.keepmoat.com/kingfields-park-hull/padbury","images/82e3ac90bee480c826989c64d731db9c38be920789f8798efdb819309a93776d.jpg","https://www.keepmoat.com/getmedia/f5e72639-6171-4d28-b393-82d6531160a8/010-sf-the-padbury-cambridge-green-JPEG-Keepmoat-1024x683-72ppi.jpg","Staged showhome interior space."
"Kingfields Park, Hull","Padbury","2","https://www.keepmoat.com/kingfields-park-hull/padbury","images/bcdcb79055093a52005b5e11a7e903429f610732c150b5f5d17330162415cc78.jpg","https://www.keepmoat.com/getmedia/ac3a8690-77b1-4f01-9f09-cb68d56184a4/014-sf-the-padbury-cambridge-green-JPEG-Keepmoat-1024x683-72ppi.jpg","Staged showhome interior space."
"Kingfields Park, Hull","Padbury","2","https://www.keepmoat.com/kingfields-park-hull/padbury","images/622fd43fa5a9a4e4486643be055088eeb587ccdaab34e618a12c981e3f4f35e3.jpg","https://www.keepmoat.com/getmedia/2d949901-b39a-445e-8b56-7a02150b1d13/012-sf-the-padbury-cambridge-green-JPEG-Keepmoat-1024x683-72ppi.jpg","Staged showhome interior space."
"Kingfields Park, Hull","Padbury","2","https://www.keepmoat.com/kingfields-park-hull/padbury","images/5cc556667d4bad77b68b9d9bb81efc809158ec04266ef0d467a58e6f9ed11ae9.jpg","https://www.keepmoat.com/getmedia/04b257fc-e6b6-457a-b5e6-74920851766e/013-sf-the-padbury-cambridge-green-JPEG-Keepmoat-1024x683-72ppi-1.jpg","Staged showhome interior space."
"Kingfields Park, Hull","Seacourt","3","https://www.keepmoat.com/kingfields-park-hull/seacourt","images/dd6610edc7864c6b60f625aa1c9a292cdff83282f217efac9441fe652f870a9e.jpg","https://www.keepmoat.com/getmedia/0a849bc3-4bc4-4230-819d-ae212283b78c/WEB-Seacourt-plots-95-96.jpg","Staged showhome interior space."
"Kingfields Park, Hull","Seacourt","3","https://www.keepmoat.com/kingfields-park-hull/seacourt","images/c5404022312ae8a116a604e5e7fabdbb5b39411714be52afea6bd31c4d5c5004.jpg","https://www.keepmoat.com/getmedia/a3428f82-9c81-43dd-94d7-7072ae017f84/003-sf-the-seacourt-liberty-rise-hull.jpg","Staged showhome interior space."
"Kingfields Park, Hull","Seacourt","3","https://www.keepmoat.com/kingfields-park-hull/seacourt","images/fc677c0a966ddc922528874ceaed326b4be9809a7d94621a07cfa0a0b60bbf6a.jpg","https://www.keepmoat.com/getmedia/62ae9846-aca6-4908-a754-d0946d6d2b7f/004-sf-the-seacourt-liberty-rise-hull.jpg","Staged showhome interior space."
"Kingfields Park, Hull","Seacourt","3","https://www.keepmoat.com/kingfields-park-hull/seacourt","images/c02b152deab1305ca28ed892cf37de4e6051899adc17bfa2b82c44e5a038497f.jpg","https://www.keepmoat.com/getmedia/f5b60309-2498-4f72-9120-aa109bf15b09/006-sf-the-seacourt-liberty-rise-hull.jpg","Staged showhome interior space."
"Kingfields Park, Hull","Seacourt","3","https://www.keepmoat.com/kingfields-park-hull/seacourt","images/0187759eda1b5a8c90586a0347a668d974e10acc437256e553b9d3ba09daa6b4.jpg","https://www.keepmoat.com/getmedia/5a0411f1-9ec3-472a-b11e-cee0280cdabb/007-sf-the-seacourt-liberty-rise-hull.jpg","Staged showhome interior space."
"Kingfields Park, Hull","Seacourt","3","https://www.keepmoat.com/kingfields-park-hull/seacourt","images/600f02fd636a932649ba7563bcd5158949d938ba03e18d8107618aae000215fd.jpg","https://www.keepmoat.com/getmedia/1d69fdcc-96fa-4499-b2f6-5ac329acab16/009-sf-the-seacourt-liberty-rise-hull.jpg","Staged showhome interior space."
"Kingfields Park, Hull","Seacourt","3","https://www.keepmoat.com/kingfields-park-hull/seacourt","images/f6b1ca1d005aa6025d4e7398292dabe1ce573a45d58d7fefb28e79f71b231d3d.jpg","https://www.keepmoat.com/getmedia/cb971f5a-c93d-4525-9159-201e4d4dc234/008-sf-the-seacourt-liberty-rise-hull.jpg","Staged showhome interior space."
"Kingfields Park, Hull","Seacourt","3","https://www.keepmoat.com/kingfields-park-hull/seacourt","images/db7c4a749e21605502ccd06177b77bc0711fa9c25eb8bddcb8743a8f2aeb82c4.jpg","https://www.keepmoat.com/getmedia/2f503482-1f77-4b45-a7a1-a15a3b9f4bfd/010-sf-the-seacourt-liberty-rise-hull.jpg","Staged showhome interior space."
"Kingfields Park, Hull","Seacourt","3","https://www.keepmoat.com/kingfields-park-hull/seacourt","images/9d9a5c53205a05d110e5667b9f37e807e143201f3cddac591f23d3c3825eb998.jpg","https://www.keepmoat.com/getmedia/a86e58d8-7a1b-4f42-993a-772391c6551a/016-sf-the-seacourt-liberty-rise-hull.jpg","Staged showhome interior space."
"Kingfields Park, Hull","Seacourt","3","https://www.keepmoat.com/kingfields-park-hull/seacourt","images/86a61b564afb59956359d0bfdd1267127018f9fd66212838b5c8045a8e49df30.jpg","https://www.keepmoat.com/getmedia/14389380-ff1b-4c32-a8b7-29a5a9c59173/018-sf-the-seacourt-liberty-rise-hull.jpg","Staged showhome interior space."
"Kingfields Park, Hull","Seacourt","3","https://www.keepmoat.com/kingfields-park-hull/seacourt","images/867e5a3201d317be82f14a6f9431dddf4f1a8d5c37b67bb5d68d2bb63b1c567e.jpg","https://www.keepmoat.com/getmedia/9ac97a77-beb6-475a-9d11-190525f86f61/011-sf-the-seacourt-liberty-rise-hull.jpg","Staged showhome interior space."
"Kingfields Park, Hull","Seacourt","3","https://www.keepmoat.com/kingfields-park-hull/seacourt","images/8608e161f5a110a66153049ce58f4d2e45a5f969062d2c3c223441e20a38b38a.jpg","https://www.keepmoat.com/getmedia/03f5b835-3d20-4910-88d9-63521099e2ab/013-sf-the-seacourt-liberty-rise-hull.jpg","Staged showhome interior space."
"Kingfields Park, Hull","Seacourt","3","https://www.keepmoat.com/kingfields-park-hull/seacourt","images/95b7ea4bfbfd5741c118903f56d2eae51b0500e6e06061c545cfda4e42fc1a20.jpg","https://www.keepmoat.com/getmedia/005261a8-a9a4-481f-b6dd-8ea84121d9e8/015-sf-the-seacourt-liberty-rise-hull.jpg","Staged showhome interior space."
"Kingfields Park, Hull","Selset","3","https://www.keepmoat.com/kingfields-park-hull/selset","images/a42db05ded65a1bc889bccb131543d067d7a264ec84240a87c1c079c7cded84d.jpg","https://www.keepmoat.com/getmedia/10b188cb-98c1-44a4-827e-b7d1e7381c08/WEB-Selset-plots-61-62.jpg","Staged showhome interior space."
"Kingfields Park, Hull","Selset","3","https://www.keepmoat.com/kingfields-park-hull/selset","images/0a203a43724c066ab0fc1197e9e2668847e1fc6ad5aad60baf4a063596aa48ae.jpg","https://www.keepmoat.com/getmedia/904f6b5f-7139-45db-9013-42fa7b46455a/001-sf-the-selset-cambridge-green-JPEG-Keepmoat-1024x683-72ppi-1.jpg","Staged showhome interior space."
"Kingfields Park, Hull","Selset","3","https://www.keepmoat.com/kingfields-park-hull/selset","images/c7b98c2df2c4fff32b61c3c7428b3a125f594b971cd0891ef3063a18a2ca4d9b.jpg","https://www.keepmoat.com/getmedia/e77bc68b-1704-49ba-981e-3e4d68f41008/003-sf-the-selset-cambridge-green-JPEG-Keepmoat-1024x683-72ppi.jpg","Staged showhome interior space."
"Kingfields Park, Hull","Selset","3","https://www.keepmoat.com/kingfields-park-hull/selset","images/691f0ea42981111e30ee28fb73f06bb68d2b873b159830e3bd02fbf521ed9a0e.jpg","https://www.keepmoat.com/getmedia/65422af2-9157-4eff-82bc-2b3465b64d1d/004-sf-the-selset-cambridge-green-JPEG-Keepmoat-1024x683-72ppi-1.jpg","Staged showhome interior space."
"Kingfields Park, Hull","Selset","3","https://www.keepmoat.com/kingfields-park-hull/selset","images/819caffaf4af115217715a365ecaf1ddf113cefe819dcfb2e6b05a7f9ad4ba90.jpg","https://www.keepmoat.com/getmedia/dd8f430f-22a8-40ab-923d-c542b06c224b/009-sf-the-selset-cambridge-green-JPEG-Keepmoat-1024x683-72ppi.jpg","Staged showhome interior space."
"Kingfields Park, Hull","Selset","3","https://www.keepmoat.com/kingfields-park-hull/selset","images/4342f97845f06cf307e40145703672821d097a8275e5631c6b22530fced1a581.jpg","https://www.keepmoat.com/getmedia/ea86743d-65d9-4951-9328-6f2c111077d9/007-sf-the-selset-cambridge-green-JPEG-Keepmoat-1024x683-72ppi-1.jpg","Staged showhome interior space."
"Kingfields Park, Hull","Selset","3","https://www.keepmoat.com/kingfields-park-hull/selset","images/faae2e9a417e532d89556d47882d212999ac690a901dcd93a5152e60e6ad3534.jpg","https://www.keepmoat.com/getmedia/0b4b2531-b28a-44f4-b954-1f789a2fe57f/011-sf-the-selset-cambridge-green-JPEG-Keepmoat-1024x683-72ppi.jpg","Staged showhome interior space."
"Kingfields Park, Hull","Selset","3","https://www.keepmoat.com/kingfields-park-hull/selset","images/0cadfb0287d5c1d55805103a3ee864a8326b682643f1d34a2d88b67efe9aeb13.jpg","https://www.keepmoat.com/getmedia/a716142e-486d-469e-8fb6-db609ffef30a/013-sf-the-selset-cambridge-green-JPEG-Keepmoat-1024x683-72ppi.jpg","Staged showhome interior space."
"Kingfields Park, Hull","Selset","3","https://www.keepmoat.com/kingfields-park-hull/selset","images/ef52c8384a9418228844cdc42035d37db8baaeba3f90159c828af2fe3a1910ce.jpg","https://www.keepmoat.com/getmedia/fd868d1f-b333-4b85-ad91-57d90061d795/015-sf-the-selset-cambridge-green-JPEG-Keepmoat-1024x683-72ppi.jpg","Staged showhome interior space."
"Kingfields Park, Hull","Selset","3","https://www.keepmoat.com/kingfields-park-hull/selset","images/8c42d32501f80fdb0c69b1400a93da31487966a63894eeab6b4faac1492e4de9.jpg","https://www.keepmoat.com/getmedia/fcf9f8c2-ae3e-4447-b017-753ae01cacd4/010-sf-the-selset-cambridge-green-JPEG-Keepmoat-1024x683-72ppi.jpg","Staged showhome interior space."
"Kingfields Park, Hull","Selset","3","https://www.keepmoat.com/kingfields-park-hull/selset","images/49917d30af3062ec04b5bba7ed098c827526068e17fe78d2e14c904078a76e81.jpg","https://www.keepmoat.com/getmedia/f8c68c84-4c66-445c-bb07-6d4b30f35a80/017-sf-the-selset-cambridge-green-JPEG-Keepmoat-1024x683-72ppi.jpg","Staged showhome interior space."
"Kingfields Park, Hull","Selset","3","https://www.keepmoat.com/kingfields-park-hull/selset","images/5741b7a49050b426afbdc297d90bcbca59638c5f3e703d426b4222926dc1db1b.jpg","https://www.keepmoat.com/getmedia/b1ef85f5-4aa4-41a0-8c4e-bce808fd7c05/021-sf-the-selset-cambridge-green-JPEG-Keepmoat-1024x683-72ppi.jpg","Staged showhome interior space."
"Kingfields Park, Hull","Pepper","3","https://www.keepmoat.com/kingfields-park-hull/pepper","images/4bd5dbbd68bf5212eade25562be4ad27ad0ea8db727af03594f0ff78f377607e.jpg","https://www.keepmoat.com/getmedia/b3728eca-5f22-4985-ba2c-165669f044b5/WEB-Pepper-plots98.jpg","Staged showhome interior space."
"Kingfields Park, Hull","Pepper","3","https://www.keepmoat.com/kingfields-park-hull/pepper","images/9a63689ad72176969e33909984c8cefe8be39a58ecb217174063f8cd9a836dbd.jpg","https://www.keepmoat.com/getmedia/b0b1d694-69b6-41c8-a2f9-c7701656985a/003-sf-the-pepper-cambridge-green-JPEG-Keepmoat-1024x683-72ppi.jpg","Staged showhome interior space."
"Kingfields Park, Hull","Pepper","3","https://www.keepmoat.com/kingfields-park-hull/pepper","images/b2acb14e7e09db5c2ff97a75fd0bb9920a333f15b07d879e2d4832ea29566a88.jpg","https://www.keepmoat.com/getmedia/edb13751-1ae0-4eea-9265-ac1a8baa2da1/005-sf-the-pepper-cambridge-green-JPEG-Keepmoat-1024x683-72ppi.jpg","Staged showhome interior space."
"Kingfields Park, Hull","Pepper","3","https://www.keepmoat.com/kingfields-park-hull/pepper","images/c450342db068ecceb9782bec9b5dde16e421ce85f298a2478159fb339dca6269.jpg","https://www.keepmoat.com/getmedia/befee703-cb38-4ec4-8c11-287dd712a25c/006-sf-the-pepper-cambridge-green-JPEG-Keepmoat-1024x683-72ppi.jpg","Staged showhome interior space."
"Kingfields Park, Hull","Pepper","3","https://www.keepmoat.com/kingfields-park-hull/pepper","images/edbcacc7ca50c6614dead9f1c282113cea04b1b57b443ea91c89cd2770a78a73.jpg","https://www.keepmoat.com/getmedia/3c6d3288-ff16-422e-87f0-585e433a9633/008-sf-the-pepper-cambridge-green-JPEG-Keepmoat-1024x683-72ppi.jpg","Staged showhome interior space."
"Kingfields Park, Hull","Pepper","3","https://www.keepmoat.com/kingfields-park-hull/pepper","images/9df99aaa181806e6358be1ddb5dfdad2087da51896087dbbe85dc8b486acff42.jpg","https://www.keepmoat.com/getmedia/7e3a8853-c76e-47ce-bca2-0e401bf2cb50/010-sf-the-pepper-cambridge-green-JPEG-Keepmoat-1024x683-72ppi.jpg","Staged showhome interior space."
"Kingfields Park, Hull","Pepper","3","https://www.keepmoat.com/kingfields-park-hull/pepper","images/f3774474253c9375af38096b0abee9cd1b1ee2b7d16d566cc5e61cbbf8554681.jpg","https://www.keepmoat.com/getmedia/185011da-4a3c-45dd-85a1-6428bcdb2f02/021-sf-the-pepper-cambridge-green-JPEG-Keepmoat-1024x683-72ppi.jpg","Staged showhome interior space."
"Kingfields Park, Hull","Pepper","3","https://www.keepmoat.com/kingfields-park-hull/pepper","images/ae40b70a16c86300d3f5318b9ccde4c0ce93e9d414ff416b3aaa0b3cd8eb77d8.jpg","https://www.keepmoat.com/getmedia/f3dae590-a2e4-45a8-939a-65859ffc06dc/1024x683Image(29).jpg","Staged showhome interior space."
"Kingfields Park, Hull","Pepper","3","https://www.keepmoat.com/kingfields-park-hull/pepper","images/5e7b708b6c0d8b9efdba34e5e7be1cd7a746ad2f016c3a2d4a35e8749f571ca7.jpg","https://www.keepmoat.com/getmedia/680e9966-05fa-45d9-a82e-ddab136b6e1f/018-sf-the-pepper-cambridge-green-JPEG-Keepmoat-1024x683-72ppi.jpg","Staged showhome interior space."
"Kingfields Park, Hull","Pepper","3","https://www.keepmoat.com/kingfields-park-hull/pepper","images/465f5a9f5188b00b0c040307c9735000e08594abf2d2ddff2ec683ae34233c1f.jpg","https://www.keepmoat.com/getmedia/e7be1797-3fb0-44dc-be09-ce1d5825e618/022-sf-the-pepper-cambridge-green-JPEG-Keepmoat-1024x683-72ppi.jpg","Staged showhome interior space."
"Kingfields Park, Hull","Pepper 2","3","https://www.keepmoat.com/kingfields-park-hull/pepper-2","images/81a4568e08d3607848786610880f900daf33cfcb34dadc99964437604eeb0121.png","https://www.keepmoat.com/getmedia/ddcbf5aa-a3e5-49fa-9cb1-d722967aaa13/HT-PepperV1-Plot-48-web.png","Staged showhome interior space."
"Kingfields Park, Hull","Pepper 2","3","https://www.keepmoat.com/kingfields-park-hull/pepper-2","images/f97f44592bd368b76b0141f7017a92d10316f6153a5e963b4b66a2f60771b5ef.jpg","https://www.keepmoat.com/getmedia/c3088760-b062-4d18-ba51-b70db290fde9/003-sf-the-hardwick-salkeld-meadows-jpg.jpg","Staged showhome interior space."
"Kingfields Park, Hull","Pepper 2","3","https://www.keepmoat.com/kingfields-park-hull/pepper-2","images/fcf5ac1054e796fcd167ef4421caedebfd9a16985fb5ad07f802d0c7abef603f.jpg","https://www.keepmoat.com/getmedia/e118a98a-3986-4bcd-8486-bb2e0c2aea26/002-sf-the-hardwick-salkeld-meadows-jpg.jpg","Staged showhome interior space."
"Kingfields Park, Hull","Pepper 2","3","https://www.keepmoat.com/kingfields-park-hull/pepper-2","images/630b90d812d8f4e298804e7d53f86ac2b4d1d0dfd9f5d513f19e4077468e9ace.jpg","https://www.keepmoat.com/getmedia/f84060f2-b940-4e58-b233-9ea96474652c/009-sf-the-hardwick-salkeld-meadows-jpg.jpg","Staged showhome interior space."
"Kingfields Park, Hull","Pepper 2","3","https://www.keepmoat.com/kingfields-park-hull/pepper-2","images/382749fd62def85820081cbadc479d926aa4c3e7c881dd834d1ad85737aada65.jpg","https://www.keepmoat.com/getmedia/3a31b598-0c02-48e9-8435-0b0df72aa3a2/004-sf-the-hardwick-salkeld-meadows-jpg.jpg","Staged showhome interior space."
"Kingfields Park, Hull","Pepper 2","3","https://www.keepmoat.com/kingfields-park-hull/pepper-2","images/52fb57ceb71f9ba65aa03c93e8a89306889ea616e7284fe5ed51241a63900ff2.jpg","https://www.keepmoat.com/getmedia/f1de418c-3ac1-4863-aa3f-1f4abdf2bf22/015-sf-the-hardwick-salkeld-meadows-jpg.jpg","Staged showhome interior space."
"Kingfields Park, Hull","Pepper 2","3","https://www.keepmoat.com/kingfields-park-hull/pepper-2","images/a299e7719232320ce489f7036341e743e81203877ab1abe7ad708409f32e40ef.jpg","https://www.keepmoat.com/getmedia/f456ea46-8d61-429c-b829-535b58de2ed9/013-sf-the-hardwick-salkeld-meadows-jpg.jpg","Staged showhome interior space."
"Kingfields Park, Hull","Longford","4","https://www.keepmoat.com/kingfields-park-hull/longford","images/ec3d0446851a3c27939603cb474b244bcdc461da8926be7972b7d7d114ef3b7c.jpg","https://www.keepmoat.com/getmedia/12080a25-8109-4920-bfca-92bbd006f5a7/WEB-Longford-plots44.jpg","Staged showhome interior space."
"Kingfields Park, Hull","Longford","4","https://www.keepmoat.com/kingfields-park-hull/longford","images/bb7b05362c6af4158e7505df82db4a06b6be42ebf841c869974e4ad73ef36be5.jpg","https://www.keepmoat.com/getmedia/5ad996e6-c06c-4f38-b556-8c3ad7a37269/8644963-interior08-800.jpg","Staged showhome interior space."
"Kingfields Park, Hull","Longford","4","https://www.keepmoat.com/kingfields-park-hull/longford","images/dd6ff8d4c54ed66079887cbacaa7149c5bf2b371a573c2fcdbd45cfb7a513734.jpg","https://www.keepmoat.com/getmedia/ad6bebd3-13ce-455b-b1e0-efa84096ee7a/8644963-interior10-800-jpg-web.jpg","Staged showhome interior space."
"Kingfields Park, Hull","Longford","4","https://www.keepmoat.com/kingfields-park-hull/longford","images/05dac734a154b368669545190a99459846ebecdc6eabdbb75b77b4580535802f.jpg","https://www.keepmoat.com/getmedia/e730a19a-040f-4a78-b319-e0a6a6be9f26/8644963-interior11-800-jpg-web.jpg","Staged showhome interior space."
"Kingfields Park, Hull","Longford","4","https://www.keepmoat.com/kingfields-park-hull/longford","images/eaf7c327f32c504e308abb371c7f195f736de80769d43e78da61ae19926642c9.jpg","https://www.keepmoat.com/getmedia/eaf50ddc-62dc-4e76-b649-219341ca5017/8644963-interior30-800-jpg-web.jpg","Staged showhome interior space."
"Kingfields Park, Hull","Longford","4","https://www.keepmoat.com/kingfields-park-hull/longford","images/e296bed1c141eacc8c862db2108bd94eea21298daaebd7c8c9ce289bce294bd9.jpg","https://www.keepmoat.com/getmedia/d7ca4e7f-260f-445b-9571-e054c417ae53/8644963-interior28-800-jpg-web.jpg","Staged showhome interior space."
"Kingfields Park, Hull","Longford","4","https://www.keepmoat.com/kingfields-park-hull/longford","images/80da1e1da34c8539cde257bad5fd87bf4899ba36a417b76fc3d3007cded05e61.jpg","https://www.keepmoat.com/getmedia/7887b31d-1145-4592-8b9d-42a330c341f4/8644963-interior57-800-jpg-web.jpg","Staged showhome interior space."
"Kingfields Park, Hull","Longford","4","https://www.keepmoat.com/kingfields-park-hull/longford","images/42a8de62a426517b755f9923444d268490d3e8f0a78a411d0755b4f5d1e38edc.jpg","https://www.keepmoat.com/getmedia/5f2a0d0f-b3da-401c-aa7d-3b0842140aac/8644963-interior60-800-jpg-web.jpg","Staged showhome interior space."
"Kingfields Park, Hull","Longford","4","https://www.keepmoat.com/kingfields-park-hull/longford","images/988d0fbebd18f531fa2e83d6e1ab2dec5cdc923bdf6c5593aab68be79484da55.jpg","https://www.keepmoat.com/getmedia/0584d482-79b5-45c5-9e98-47b6858099c0/8644963-interior42-800-jpg-web.jpg","Staged showhome interior space."
"Kingfields Park, Hull","Longford","4","https://www.keepmoat.com/kingfields-park-hull/longford","images/46a1cc026b09f5c1e3f1e269ae5b6c3b4de2551a8be3b928b3bfa3f1f68b6ad3.jpg","https://www.keepmoat.com/getmedia/d2ecb076-17c4-4825-9f6b-1b32401fad71/8644963-interior35-800-jpg-web.jpg","Staged showhome interior space."
"Kingfields Park, Hull","Longford","4","https://www.keepmoat.com/kingfields-park-hull/longford","images/7db7c3dbe6f7584fd87b7266934d87b307bbc81852b602d90109c6dea57fddfd.jpg","https://www.keepmoat.com/getmedia/55894d75-a6dc-4986-8b13-f77725b2ac4a/8644963-interior46-800-jpg-web.jpg","Staged showhome interior space."
"Warren Wood View, Gainsborough","The Harland","2","https://www.keepmoat.com/warren-wood-view-gainsborough/harland","images/e8d2a801d3a9248610fdfbe8205801c6ef58958ccf0efe6b5a03e656ea0a264f.jpg","https://www.keepmoat.com/getmedia/3ab59ed7-893a-4e20-8d07-cf38479ddc11/Harland-1024x683.jpg","Staged showhome interior space."
"Warren Wood View, Gainsborough","The Harland","2","https://www.keepmoat.com/warren-wood-view-gainsborough/harland","images/875c7b7bf7c788aff61c4b96905eaedffa0edc254436b37147da0f461211f307.jpg","https://www.keepmoat.com/getmedia/57cf880a-eb51-4364-bd6e-76c5f07b25c0/002-sf-the-halstead-city-s-reach.jpg","Staged showhome interior space."
"Warren Wood View, Gainsborough","The Harland","2","https://www.keepmoat.com/warren-wood-view-gainsborough/harland","images/9eb9293b3cafafd3dbca1c1248e7c78514922dee621d54730be8926f43707f86.jpg","https://www.keepmoat.com/getmedia/2c566b9a-3613-4162-8e32-3e787711a029/001-sf-the-halstead-city-s-reach.jpg","Staged showhome interior space."
"Warren Wood View, Gainsborough","The Harland","2","https://www.keepmoat.com/warren-wood-view-gainsborough/harland","images/1d015c53d03eee15d86e7893b22c881340e4990490be38460a99be8a72280a8b.jpg","https://www.keepmoat.com/getmedia/484f693f-343a-4270-a0d6-564ed9d96bc0/010-sf-the-halstead-city-s-reach.jpg","Staged showhome interior space."
"Warren Wood View, Gainsborough","The Harland","2","https://www.keepmoat.com/warren-wood-view-gainsborough/harland","images/d67d73b75a6154ad3c4781c05eac75ef7c9fcc311e6a35e6136fcac941b56fa0.jpg","https://www.keepmoat.com/getmedia/62d5be91-d976-4069-88e6-da734e9a3506/008-sf-the-halstead-city-s-reach.jpg","Staged showhome interior space."
"Warren Wood View, Gainsborough","The Harland","2","https://www.keepmoat.com/warren-wood-view-gainsborough/harland","images/9226f58aa7fc76204e39834fdc9fd7c84949530309f260988b8ea838243175f3.jpg","https://www.keepmoat.com/getmedia/9fb9d954-7390-47d9-b7d3-e753d67ef0f2/014-sf-the-halstead-city-s-reach.jpg","Staged showhome interior space."
"Warren Wood View, Gainsborough","The Harland","2","https://www.keepmoat.com/warren-wood-view-gainsborough/harland","images/3e100969d81958bbb662623afdf7e07ece46e6b44ec30ebfe7b92ebef73f1d06.jpg","https://www.keepmoat.com/getmedia/420d39b8-fa2b-4c52-a916-190a97e0afeb/017-sf-the-halstead-city-s-reach.jpg","Staged showhome interior space."
"Warren Wood View, Gainsborough","The Harland","2","https://www.keepmoat.com/warren-wood-view-gainsborough/harland","images/4dbc39e3f2f5d5447befae217d48fe9b67848784be4d17c96f27bdec00ad8840.jpg","https://www.keepmoat.com/getmedia/f6e69615-8808-43f4-a4f0-fe79c901e361/022-sf-the-halstead-city-s-reach.jpg","Staged showhome interior space."
"Warren Wood View, Gainsborough","The Derwent","3","https://www.keepmoat.com/warren-wood-view-gainsborough/derwent","images/5fa3b8d32c6b385eac270b5ae5b772b33c6a91ba382528d7907de9cf30e60e5c.jpg","https://www.keepmoat.com/getmedia/624e4c96-c69e-4f50-9741-6cbede248457/Derwent-1024x683.jpg","Staged showhome interior space."
"Warren Wood View, Gainsborough","The Derwent","3","https://www.keepmoat.com/warren-wood-view-gainsborough/derwent","images/514c1e7fa096ee6bc440d99806933fb672ccd6734672670456cd9a3813294da5.jpg","https://www.keepmoat.com/getmedia/8a1cc6bd-c996-487c-b366-2c1c0a250245/004-sf-the-danbury-salkeld-meadows-jpg.jpg","Staged showhome interior space."
"Warren Wood View, Gainsborough","The Derwent","3","https://www.keepmoat.com/warren-wood-view-gainsborough/derwent","images/f5809934749e3b2d0d48e0bb5e0f906cb2d3843179d337d934afd33499017ca0.jpg","https://www.keepmoat.com/getmedia/fbbe4ca4-8e68-4ea4-ad7a-258861441bf8/006-sf-the-danbury-salkeld-meadows-jpg.jpg","Staged showhome interior space."
"Warren Wood View, Gainsborough","The Derwent","3","https://www.keepmoat.com/warren-wood-view-gainsborough/derwent","images/25d3f266df4f09f6a1e40320ae17109def0b51c112ab226dcd4d2f1dac0cb3c8.jpg","https://www.keepmoat.com/getmedia/48450021-95cf-420b-b289-49dc0bbf6a51/008-sf-the-danbury-salkeld-meadows-jpg.jpg","Staged showhome interior space."
"Warren Wood View, Gainsborough","The Derwent","3","https://www.keepmoat.com/warren-wood-view-gainsborough/derwent","images/97c5db49445670ac1b39c81caacbb622a3ce50ca57efcb30e382423fd8606532.jpg","https://www.keepmoat.com/getmedia/9d2a5374-d037-4981-a8e9-dda272be25be/011-sf-the-danbury-salkeld-meadows-jpg.jpg","Staged showhome interior space."
"Warren Wood View, Gainsborough","The Derwent","3","https://www.keepmoat.com/warren-wood-view-gainsborough/derwent","images/2da588e82fcb4fd2b14fa19ae6389787fe487f13fded2b644591ed9cae5b3e32.jpg","https://www.keepmoat.com/getmedia/aa851f75-65fe-465e-9e0f-3792b8d5d89a/013-sf-the-danbury-salkeld-meadows-jpg.jpg","Staged showhome interior space."
"Warren Wood View, Gainsborough","The Derwent","3","https://www.keepmoat.com/warren-wood-view-gainsborough/derwent","images/f325aec2057f5cf2d032ad885ab2adb0883f84431c219ee80af67bed5a752c34.jpg","https://www.keepmoat.com/getmedia/5de62b3e-17c6-4626-aaa1-9ad84c79bd89/012-sf-the-danbury-salkeld-meadows-jpg.jpg","Staged showhome interior space."
"Warren Wood View, Gainsborough","The Derwent","3","https://www.keepmoat.com/warren-wood-view-gainsborough/derwent","images/ed1d9dcb0ae8d891257651e56a50170ef4a8991f2077a9ae44e0e8b7674340d3.jpg","https://www.keepmoat.com/getmedia/015160a0-fd1f-4025-8576-3cbebaea199d/017-sf-the-danbury-salkeld-meadows-jpg.jpg","Staged showhome interior space."
"Warren Wood View, Gainsborough","The Coniston","3","https://www.keepmoat.com/warren-wood-view-gainsborough/coniston","images/b93fbcf1a53c12cd36bf8da695a782db66f6e536de549f50e410240b40d50a0d.jpg","https://www.keepmoat.com/getmedia/79dd0e54-7cdf-4dc4-9f13-06a50e1d2d88/Coniston-1024x683.jpg","Staged showhome interior space."
"Warren Wood View, Gainsborough","The Coniston","3","https://www.keepmoat.com/warren-wood-view-gainsborough/coniston","images/31acaade92269fbf77618a8ea57b58b8b6fdbb0ed20c4cb0001b1a9f11a78b26.jpg","https://www.keepmoat.com/getmedia/a0fffc6d-1a76-4d12-9f5f-2bd4b271c337/012-sf-the-caddington-osprey-view.jpg","Staged showhome interior space."
"Warren Wood View, Gainsborough","The Coniston","3","https://www.keepmoat.com/warren-wood-view-gainsborough/coniston","images/5ac197371e55c39fb5e9caae801a20064c0257976d2b3e63ab16c20149e7a7d0.jpg","https://www.keepmoat.com/getmedia/a0b75d7a-0433-4c5a-bc02-80003afa15bc/015-sf-the-caddington-osprey-view.jpg","Staged showhome interior space."
"Warren Wood View, Gainsborough","The Coniston","3","https://www.keepmoat.com/warren-wood-view-gainsborough/coniston","images/60d6c1af1aff4f02e7e54cd4708184df0e74c40dfec82757bf3aec86fce182ae.jpg","https://www.keepmoat.com/getmedia/28e45704-c992-44bd-8421-72924ec7da01/018-sf-the-caddington-osprey-view.jpg","Staged showhome interior space."
"Warren Wood View, Gainsborough","The Coniston","3","https://www.keepmoat.com/warren-wood-view-gainsborough/coniston","images/fc1ccb78c234c94a2d19d16066c8dda8ca5c420572d201b2926f9a642bd0272a.jpg","https://www.keepmoat.com/getmedia/9ae854c7-53ef-47f0-88b6-f4e7a4d2cc2f/009-sf-the-caddington-osprey-view.jpg","Staged showhome interior space."
"Warren Wood View, Gainsborough","The Coniston","3","https://www.keepmoat.com/warren-wood-view-gainsborough/coniston","images/9181e7e98329af2311af283e63b645c66fbe01a2342a385b9b93b3a856c32433.jpg","https://www.keepmoat.com/getmedia/2d793bda-3fa3-408e-b84e-311b757b143f/021-sf-the-caddington-osprey-view.jpg","Staged showhome interior space."
"Warren Wood View, Gainsborough","The Coniston","3","https://www.keepmoat.com/warren-wood-view-gainsborough/coniston","images/da86ae6f7f61304772339904cf49720999ebfea31b00fe7882d9d14f87454f6c.jpg","https://www.keepmoat.com/getmedia/500baba0-d100-4814-ba60-e24911b543b6/002-sf-the-caddington-osprey-view.jpg","Staged showhome interior space."
"Warren Wood View, Gainsborough","The Coniston","3","https://www.keepmoat.com/warren-wood-view-gainsborough/coniston","images/624ffba98892ccf83f57d14388c0edeca6c2745e698b2d4643cc6c1c5646c2d5.jpg","https://www.keepmoat.com/getmedia/c298bbf6-8258-42f7-b115-cb1ee7b0a586/003-sf-the-caddington-osprey-view.jpg","Staged showhome interior space."
"Warren Wood View, Gainsborough","The Coniston","3","https://www.keepmoat.com/warren-wood-view-gainsborough/coniston","images/1643fc1b7e79950ca00409cc58ce85790315b701ffeca3ea8457cd12d87c306e.jpg","https://www.keepmoat.com/getmedia/93a6c8cf-3c98-4339-b0b2-f948c2702f7d/008-sf-the-caddington-osprey-view.jpg","Staged showhome interior space."
"Warren Wood View, Gainsborough","The Coniston","3","https://www.keepmoat.com/warren-wood-view-gainsborough/coniston","images/06ea45f9bbc80a1598bece4f2cd323f569e8001a83283cc56e7c55dd452012cb.jpg","https://www.keepmoat.com/getmedia/a1bd6cb2-67bd-4295-a325-785c24d067fb/007-sf-the-caddington-osprey-view.jpg","Staged showhome interior space."
"Warren Wood View, Gainsborough","The Bradshaw","3","https://www.keepmoat.com/warren-wood-view-gainsborough/bradshaw","images/9b96dc272fce350c2867e288599aaf86e1c356de00a33c7549bf1bd25b8ae4c4.jpg","https://www.keepmoat.com/getmedia/56b3afcb-a233-4ff0-b82f-64993895ccf8/Bradshaw-1024x683.jpg","Staged showhome interior space."
"Warren Wood View, Gainsborough","The Bradshaw","3","https://www.keepmoat.com/warren-wood-view-gainsborough/bradshaw","images/a941fb4221ccfc29e4e725092dd02e58fbb745b958892ec2b0ac610d2c73f096.jpg","https://www.keepmoat.com/getmedia/0eafbf55-acb2-40e9-b6de-41b85e5bb078/004-sf-bamburgh-warren-wood-view.jpg","Staged showhome interior space."
"Warren Wood View, Gainsborough","The Bradshaw","3","https://www.keepmoat.com/warren-wood-view-gainsborough/bradshaw","images/5b7e4afeccb02b7c22e0d031680e4ea669c7a296cce4e942b464a6b765579088.jpg","https://www.keepmoat.com/getmedia/18f6e2d4-4ecc-441a-9a87-acca1d2e63d6/013-sf-bamburgh-warren-wood-view.jpg","Staged showhome interior space."
"Warren Wood View, Gainsborough","The Bradshaw","3","https://www.keepmoat.com/warren-wood-view-gainsborough/bradshaw","images/3457a807e15ae4547bce7381618252d0ca8e3abb46590163fbd577182aabd079.jpg","https://www.keepmoat.com/getmedia/9bebd9ac-c733-4283-8b21-2da2d6fb7fd8/010-sf-bamburgh-warren-wood-view.jpg","Staged showhome interior space."
"Warren Wood View, Gainsborough","The Bradshaw","3","https://www.keepmoat.com/warren-wood-view-gainsborough/bradshaw","images/dc7867834adba33c11cabc5c1b340b6992217e5144424d93fec4e1475352f388.jpg","https://www.keepmoat.com/getmedia/22067b5c-4398-4f35-8a23-00a98873609b/007-sf-bamburgh-warren-wood-view.jpg","Staged showhome interior space."
"Warren Wood View, Gainsborough","The Bradshaw","3","https://www.keepmoat.com/warren-wood-view-gainsborough/bradshaw","images/8f082ec82c075c9e260f6b107eb003e73f64dd2f4b2bcd93e4f2a03572d7625f.jpg","https://www.keepmoat.com/getmedia/406e1d42-f653-4d9d-ad98-27b0892f74a9/012-sf-bamburgh-warren-wood-view.jpg","Staged showhome interior space."
"Warren Wood View, Gainsborough","The Bradshaw","3","https://www.keepmoat.com/warren-wood-view-gainsborough/bradshaw","images/89ef61e8258a558b3af07bc2c20f1793f2aca4f256e4378f17ac9ce94b32dbbf.jpg","https://www.keepmoat.com/getmedia/37a0ca49-bacb-44b6-9bad-e97e82bbcb97/017-sf-bamburgh-warren-wood-view.jpg","Staged showhome interior space."
"Warren Wood View, Gainsborough","The Bradshaw","3","https://www.keepmoat.com/warren-wood-view-gainsborough/bradshaw","images/5935adcfc6d81029679b6a58acb3ce214053a2b639a24c20e91646edc1b2aee6.jpg","https://www.keepmoat.com/getmedia/1afc541b-6180-48f6-bdb3-dd4e7fe1c699/1024x683-021-sf-bamb-8WkR8.jpg","Staged showhome interior space."
"Warren Wood View, Gainsborough","The Bradshaw","3","https://www.keepmoat.com/warren-wood-view-gainsborough/bradshaw","images/f76ee6c3ca53353eca60e1c1f99843e8ba314955dca9ddf747aaee2519b9f185.jpg","https://www.keepmoat.com/getmedia/6088baff-8fd4-4b06-ab1c-061e8d0d9b68/1024x683-025-sf-bamb-zz4G9.jpg","Staged showhome interior space."
"Warren Wood View, Gainsborough","The Weaver","3","https://www.keepmoat.com/warren-wood-view-gainsborough/weaver","images/64ac94d81b91a552d62862a508780d3fd90402225218972f87bc9a090ac1ee74.jpg","https://www.keepmoat.com/getmedia/4cf4b797-7ba4-4de3-a2c9-561e3b997028/Weaver-1024x683.jpg","Staged showhome interior space."
"Warren Wood View, Gainsborough","The Weaver","3","https://www.keepmoat.com/warren-wood-view-gainsborough/weaver","images/c148ad0c82d2e0c8926ddf4e494a25b0977230c78b05387cdf2424395a062ae9.jpg","https://www.keepmoat.com/getmedia/b2ec5983-9ff1-494e-aea8-86e6e1a51c82/005-sf-the-windsor-warren-wood-view.jpg","Staged showhome interior space."
"Warren Wood View, Gainsborough","The Weaver","3","https://www.keepmoat.com/warren-wood-view-gainsborough/weaver","images/2df8c8219f866fbf2e938d04eda96f2afe6140655a625b4342f6d34c273ac9c5.jpg","https://www.keepmoat.com/getmedia/e532eeab-f6ca-4338-aaad-bc7521a69bd9/008-sf-the-windsor-warren-wood-view.jpg","Staged showhome interior space."
"Warren Wood View, Gainsborough","The Weaver","3","https://www.keepmoat.com/warren-wood-view-gainsborough/weaver","images/dc89f4105089ca81c3da73dd01dcfc7d4497382f726efc4762367e6b1e19dc54.jpg","https://www.keepmoat.com/getmedia/0ce4b3ea-67a7-484c-b826-2250af0559b6/1024x683-004-sf-the-vlgKR.jpg","Staged showhome interior space."
"Warren Wood View, Gainsborough","The Weaver","3","https://www.keepmoat.com/warren-wood-view-gainsborough/weaver","images/6a85a7d5e7d43f9c719777d5965df01fec761e6570c068a03b9a446f960b393d.jpg","https://www.keepmoat.com/getmedia/42db75b5-ccc1-49bc-88a2-3dd9012c7d08/002-sf-the-windsor-warren-wood-view.jpg","Staged showhome interior space."
"Warren Wood View, Gainsborough","The Weaver","3","https://www.keepmoat.com/warren-wood-view-gainsborough/weaver","images/46c8295707f229a5405bad8e83be96f590914450f7faca96f79af5aa14f13d02.jpg","https://www.keepmoat.com/getmedia/10798637-4e31-4567-a19f-69ce0a80442c/015-sf-the-windsor-warren-wood-view.jpg","Staged showhome interior space."
"Warren Wood View, Gainsborough","The Weaver","3","https://www.keepmoat.com/warren-wood-view-gainsborough/weaver","images/1bdce3575a7e0015ad6614d2dc6623738c3504e53b2f13a14e75733e061fbad7.jpg","https://www.keepmoat.com/getmedia/129f55fd-7e8e-4d82-936b-68452954ff2b/018-sf-the-windsor-warren-wood-view.jpg","Staged showhome interior space."
"Warren Wood View, Gainsborough","The Weaver","3","https://www.keepmoat.com/warren-wood-view-gainsborough/weaver","images/df8fbc2fce273b5b64b893c5134917ae92a503f332e0787ca8400a16f1209898.jpg","https://www.keepmoat.com/getmedia/551a1c02-5a02-4685-8183-c122b1061a0e/011-sf-the-windsor-warren-wood-view.jpg","Staged showhome interior space."
"Warren Wood View, Gainsborough","The Weaver","3","https://www.keepmoat.com/warren-wood-view-gainsborough/weaver","images/8124fa465481555e19434b2cc39acf44db3b4deeeb29928c6fae53cef5c27e00.jpg","https://www.keepmoat.com/getmedia/627edba5-9182-47df-8ba2-533f73b8637c/009-sf-the-windsor-warren-wood-view.jpg","Staged showhome interior space."
"Warren Wood View, Gainsborough","The Weaver","3","https://www.keepmoat.com/warren-wood-view-gainsborough/weaver","images/3d25b7e61a84498ed29429593fd3fce9c543336d172999f8bc359394fbbe09f5.jpg","https://www.keepmoat.com/getmedia/7d89fab4-2e95-4e8e-a6cb-0a35a9f9ce87/021-sf-the-windsor-warren-wood-view.jpg","Staged showhome interior space."
"Warren Wood View, Gainsborough","The Steeton","3","https://www.keepmoat.com/warren-wood-view-gainsborough/steeton","images/2e702d3e4bb1b53231b0de5c324b7e6d0412d59d6f7ca446657cb0528c26b1f6.jpg","https://www.keepmoat.com/getmedia/72bd3a6d-c572-413e-98d0-dec9d675ee17/Steeton-1024x683.jpg","Staged showhome interior space."
"Warren Wood View, Gainsborough","The Steeton","3","https://www.keepmoat.com/warren-wood-view-gainsborough/steeton","images/6f0bf30149bc88bbdf7c591801953530af91f12a836d0991809046fb49cfdfe6.jpg","https://www.keepmoat.com/getmedia/5cbda7fd-3c74-4c93-b761-ca3573e5e822/StaveleyKitchen.jpg","Staged showhome interior space."
"Warren Wood View, Gainsborough","The Steeton","3","https://www.keepmoat.com/warren-wood-view-gainsborough/steeton","images/a1075ffe5ec3893a3b63fe748d99925a8b3e6c99054694d75df123f156b69916.jpg","https://www.keepmoat.com/getmedia/8a43b021-9233-4942-8ed7-b98b51151bad/StaveleyLounge.jpg","Staged showhome interior space."
"Warren Wood View, Gainsborough","The Steeton","3","https://www.keepmoat.com/warren-wood-view-gainsborough/steeton","images/5e602a2d45766b72a62065637697221263c4f7faff95b016ba50f35ca6455d98.jpg","https://www.keepmoat.com/getmedia/0d108c2c-c78c-4841-b71c-b5a2b0c7c9f7/StaveleyDining.jpg","Staged showhome interior space."
"Warren Wood View, Gainsborough","The Steeton","3","https://www.keepmoat.com/warren-wood-view-gainsborough/steeton","images/e38bd5cc82a27b25b34836939a698877ce26dcbc6ab99ae731400f681e2b022d.jpg","https://www.keepmoat.com/getmedia/919cb104-d575-44e3-99ec-3ba8e3f24e73/StaveleyWC.jpg","Staged showhome interior space."
"Warren Wood View, Gainsborough","The Steeton","3","https://www.keepmoat.com/warren-wood-view-gainsborough/steeton","images/de2d859514bb494066eeff650e595371c04d1ab933f03627eff89172cdfcdb2e.jpg","https://www.keepmoat.com/getmedia/cd603014-2684-4457-b9d2-1e9895ec896e/StaveleyMaster.jpg","Staged showhome interior space."
"Warren Wood View, Gainsborough","The Steeton","3","https://www.keepmoat.com/warren-wood-view-gainsborough/steeton","images/6dfc158864ea84bfb6f38f507d3ce7889d94d8c67a170c80476eefd5a5f5ca73.jpg","https://www.keepmoat.com/getmedia/2092bd4d-7d0b-4a32-b7c4-34cc54f50f8f/StaveleyEnsuite.jpg","Staged showhome interior space."
"Warren Wood View, Gainsborough","The Steeton","3","https://www.keepmoat.com/warren-wood-view-gainsborough/steeton","images/59fd97f0ca51c599166f1316b4aa0a3d0b5edbdb12e66110b7546c92aa6a8ec5.jpg","https://www.keepmoat.com/getmedia/9c6cd0dd-f0dd-4e64-8e87-145938df5d71/Staveleybedroom3.jpg","Staged showhome interior space."
"Warren Wood View, Gainsborough","The Steeton","3","https://www.keepmoat.com/warren-wood-view-gainsborough/steeton","images/6313cd231fb629da84c567d9d170467904b42fe3cff9127cca0cdf06180abad8.jpg","https://www.keepmoat.com/getmedia/1312cf25-3571-4936-b384-11c9cc7dabfb/StaveleyBedroom2.jpg","Staged showhome interior space."
"Warren Wood View, Gainsborough","The Steeton","3","https://www.keepmoat.com/warren-wood-view-gainsborough/steeton","images/343b663aa26a191c9080334fbe4b6743c914333834ff1bc16de93503dffb6e17.jpg","https://www.keepmoat.com/getmedia/388a571e-62f2-4be1-9f0b-7ed699fb80f2/StaveleyBathroom.jpg","Staged showhome interior space."
"Warren Wood View, Gainsborough","The Roundhill","4","https://www.keepmoat.com/warren-wood-view-gainsborough/roundhill","images/e9eda4d0f30ff8781da40040a498702cdf299df66354324f6525c6d41fe1bb27.jpg","https://www.keepmoat.com/getmedia/d136ad41-fded-4b15-99bb-aecdec06de36/Roundhill-V1-Compressed-Crop.jpg","Staged showhome interior space."
"Warren Wood View, Gainsborough","The Roundhill","4","https://www.keepmoat.com/warren-wood-view-gainsborough/roundhill","images/22e5d9470341f7ecc505200c5c099ae707b33747961120a54006864bb1c3bfd2.jpg","https://www.keepmoat.com/getmedia/fae6a280-08c0-46c4-966b-ee22625db9f3/3-TheRichmond-RiversEdge.jpg","Staged showhome interior space."
"Warren Wood View, Gainsborough","The Roundhill","4","https://www.keepmoat.com/warren-wood-view-gainsborough/roundhill","images/ff2bb0e7a3f1c7053db827c1f4ffc70b85786521cc5b96f5aefa02b6df759424.jpg","https://www.keepmoat.com/getmedia/fbc198d7-15a1-432b-8f74-8da724880489/2-TheRichmond-RiversEdge.jpg","Staged showhome interior space."
"Warren Wood View, Gainsborough","The Roundhill","4","https://www.keepmoat.com/warren-wood-view-gainsborough/roundhill","images/4475859399a31879a68af7602d11e173c0192855629165839d946ccfc3cad445.jpg","https://www.keepmoat.com/getmedia/5ca15ccf-36f3-4a1e-a4f2-bac9d822c619/4-TheRichmond-RiversEdge.jpg","Staged showhome interior space."
"Warren Wood View, Gainsborough","The Roundhill","4","https://www.keepmoat.com/warren-wood-view-gainsborough/roundhill","images/f87f793534acdd132655b90324ad7b50984b012d8964201678e1184467bddfe2.jpg","https://www.keepmoat.com/getmedia/b55cb059-894b-4b8f-9dba-5ce73ad3ae20/5-TheRichmond-RiversEdge.jpg","Staged showhome interior space."
"Warren Wood View, Gainsborough","The Roundhill","4","https://www.keepmoat.com/warren-wood-view-gainsborough/roundhill","images/9c078d4fd5deb007187ed671877619be496b5f4ef81d76fa00be64a0e497a978.jpg","https://www.keepmoat.com/getmedia/92af45b9-0a6b-4bc2-aa33-b5602201f821/10-TheRichmond-RiversEdge.jpg","Staged showhome interior space."
"Warren Wood View, Gainsborough","The Roundhill","4","https://www.keepmoat.com/warren-wood-view-gainsborough/roundhill","images/d84605c8d2e4a3d211c974223d4ce728a30cc6d346272e199cd62b9537b611d3.jpg","https://www.keepmoat.com/getmedia/1d65210e-e6b5-4822-8f57-a3317d66dc68/6-TheRichmond-RiversEdge.jpg","Staged showhome interior space."
"Warren Wood View, Gainsborough","The Roundhill","4","https://www.keepmoat.com/warren-wood-view-gainsborough/roundhill","images/64631ea0c8db27c1d4f2779954b5876ef0cff7ee8ee154d72cc4f319ceb49404.jpg","https://www.keepmoat.com/getmedia/2e38bef2-9d94-4fd9-9f07-5cc762f5c049/8-TheRichmond-RiversEdge.jpg","Staged showhome interior space."
"Warren Wood View, Gainsborough","The Roundhill","4","https://www.keepmoat.com/warren-wood-view-gainsborough/roundhill","images/44503f476d2a346d4eb9c97b0f416e80598c1ae2b019e4492b38fd484d7c8135.jpg","https://www.keepmoat.com/getmedia/25028649-a6cb-4583-b554-8241a9c6d3aa/7-TheRichmond-RiversEdge.jpg","Staged showhome interior space."
"Warren Wood View, Gainsborough","The Roundhill","4","https://www.keepmoat.com/warren-wood-view-gainsborough/roundhill","images/cbb832f860ac9a9eb443ea772fc9afac63a30e89487ec62327f2ce61d22791ef.jpg","https://www.keepmoat.com/getmedia/50551753-9208-481b-9baa-723c7e606a42/9-TheRichmond-RiversEdge.jpg","Staged showhome interior space."
"Warren Wood View, Gainsborough","The Hoveton","4","https://www.keepmoat.com/warren-wood-view-gainsborough/hoveton","images/713ca839a083dcc6e8ae18fdce5d966c5f7ada831b559edf2cd5d7e22d826540.jpg","https://www.keepmoat.com/getmedia/8b04995a-d455-4b15-919c-9f5807fed43c/Hoveton-1024x683.jpg","Staged showhome interior space."
"Warren Wood View, Gainsborough","The Hoveton","4","https://www.keepmoat.com/warren-wood-view-gainsborough/hoveton","images/7171f677b7dff7ed4e23af52113e5407568c6a0d7881fe100c5dca4b1eaa2f43.jpg","https://www.keepmoat.com/getmedia/f08a9772-0882-440d-957a-d66dabd58893/017-sf-the-hardwick-oriens-field.jpg","Staged showhome interior space."
"Warren Wood View, Gainsborough","The Hoveton","4","https://www.keepmoat.com/warren-wood-view-gainsborough/hoveton","images/e606f0fec61b3d5c7219755bc3ea7519816d8fd566856d37d841b35f4ae9c43b.jpg","https://www.keepmoat.com/getmedia/5857a0fe-b100-4d26-9be7-1e7a3b56fe8f/019-sf-the-hardwick-oriens-field.jpg","Staged showhome interior space."
"Warren Wood View, Gainsborough","The Hoveton","4","https://www.keepmoat.com/warren-wood-view-gainsborough/hoveton","images/ef1a23b60ba173ced217c151b6b4e1f573beee8094ede09df84efd51aa51eec8.jpg","https://www.keepmoat.com/getmedia/65596d56-bfc3-440f-bf2f-ab3ca27ad391/018-sf-the-hardwick-oriens-field.jpg","Staged showhome interior space."
"Warren Wood View, Gainsborough","The Hoveton","4","https://www.keepmoat.com/warren-wood-view-gainsborough/hoveton","images/daffec3db9aae631fe3a83401300fecff1ef69de729661617bb207fd293b449f.jpg","https://www.keepmoat.com/getmedia/8081dbd4-11e2-4f26-b673-cacacd545b09/022-sf-the-hardwick-oriens-field.jpg","Staged showhome interior space."
"Warren Wood View, Gainsborough","The Hoveton","4","https://www.keepmoat.com/warren-wood-view-gainsborough/hoveton","images/1a32934e574ff372a4c3f1518adfa8335b3b7adcba73f20f444a9db257e66de6.jpg","https://www.keepmoat.com/getmedia/5f0617eb-6c71-4f36-9598-02e997477b60/015-sf-the-hardwick-oriens-field.jpg","Staged showhome interior space."
"Warren Wood View, Gainsborough","The Hoveton","4","https://www.keepmoat.com/warren-wood-view-gainsborough/hoveton","images/92aae16d6707acff44a6f9afbb38e12ad05847f3401efd1044cb1bd986694f0e.jpg","https://www.keepmoat.com/getmedia/7775d390-52ea-4cea-aa73-0edab01d6b98/027-sf-the-hardwick-oriens-field.jpg","Staged showhome interior space."
"Warren Wood View, Gainsborough","The Hoveton","4","https://www.keepmoat.com/warren-wood-view-gainsborough/hoveton","images/505891f54e87840477dabbba93896e1d2c2a285e890b1bf0d90b31c289d7516c.jpg","https://www.keepmoat.com/getmedia/515b199f-86ae-4d40-8f63-dca3f7e53031/003-sf-the-hardwick-oriens-field.jpg","Staged showhome interior space."
"Warren Wood View, Gainsborough","The Hoveton","4","https://www.keepmoat.com/warren-wood-view-gainsborough/hoveton","images/5fabf1c4b7eb371a4300f4f80a0bb8e3cb491772c5af352075c0165ad7dfc004.jpg","https://www.keepmoat.com/getmedia/89cfb36f-d3a7-4239-9c4c-ec942412521f/007-sf-the-hardwick-oriens-field.jpg","Staged showhome interior space."
"Warren Wood View, Gainsborough","The Hoveton","4","https://www.keepmoat.com/warren-wood-view-gainsborough/hoveton","images/6ac2db5c4d32c237f5c41dec4302ca77657293d585c4098438fd6c1ec452b063.jpg","https://www.keepmoat.com/getmedia/7c205c68-09ca-4bad-a6c7-bb76ce5990ad/010-sf-the-hardwick-oriens-field.jpg","Staged showhome interior space."
"River's Edge, South Shields","The Caddington","3","https://www.keepmoat.com/rivers-edge-south-shields/the-caddington","images/0956f8202cc36edb2ff485991e274f529d4888ecbfdb61fd20239aaa35f59c91.jpg","https://www.keepmoat.com/getmedia/36f3cf1a-5369-476c-b8a0-c19ce3df7a1d/The-Caddington-Compressed-Crop.jpg","Staged showhome interior space."
"River's Edge, South Shields","The Caddington","3","https://www.keepmoat.com/rivers-edge-south-shields/the-caddington","images/da86ae6f7f61304772339904cf49720999ebfea31b00fe7882d9d14f87454f6c.jpg","https://www.keepmoat.com/getmedia/500baba0-d100-4814-ba60-e24911b543b6/002-sf-the-caddington-osprey-view.jpg","Staged showhome interior space."
"River's Edge, South Shields","The Caddington","3","https://www.keepmoat.com/rivers-edge-south-shields/the-caddington","images/624ffba98892ccf83f57d14388c0edeca6c2745e698b2d4643cc6c1c5646c2d5.jpg","https://www.keepmoat.com/getmedia/c298bbf6-8258-42f7-b115-cb1ee7b0a586/003-sf-the-caddington-osprey-view.jpg","Staged showhome interior space."
"River's Edge, South Shields","The Caddington","3","https://www.keepmoat.com/rivers-edge-south-shields/the-caddington","images/a53f5dd0d78108beab15cd1118782c4fdba3b4089dc046426e0be34d844ef8c7.jpg","https://www.keepmoat.com/getmedia/2ca2396d-99a8-40f5-ada0-2b2c2fea7fca/001-sf-the-caddington-osprey-view.jpg","Staged showhome interior space."
"River's Edge, South Shields","The Caddington","3","https://www.keepmoat.com/rivers-edge-south-shields/the-caddington","images/1643fc1b7e79950ca00409cc58ce85790315b701ffeca3ea8457cd12d87c306e.jpg","https://www.keepmoat.com/getmedia/93a6c8cf-3c98-4339-b0b2-f948c2702f7d/008-sf-the-caddington-osprey-view.jpg","Staged showhome interior space."
"River's Edge, South Shields","The Caddington","3","https://www.keepmoat.com/rivers-edge-south-shields/the-caddington","images/2d0f1c0ad49fbbd4fba1bc3bf111339222cfc40b1307dbccef6d65c00629662f.jpg","https://www.keepmoat.com/getmedia/cbc16150-c058-42e4-8ea9-9f35264a6831/006-sf-the-caddington-osprey-view.jpg","Staged showhome interior space."
"River's Edge, South Shields","The Caddington","3","https://www.keepmoat.com/rivers-edge-south-shields/the-caddington","images/31acaade92269fbf77618a8ea57b58b8b6fdbb0ed20c4cb0001b1a9f11a78b26.jpg","https://www.keepmoat.com/getmedia/a0fffc6d-1a76-4d12-9f5f-2bd4b271c337/012-sf-the-caddington-osprey-view.jpg","Staged showhome interior space."
"River's Edge, South Shields","The Caddington","3","https://www.keepmoat.com/rivers-edge-south-shields/the-caddington","images/5ac197371e55c39fb5e9caae801a20064c0257976d2b3e63ab16c20149e7a7d0.jpg","https://www.keepmoat.com/getmedia/a0b75d7a-0433-4c5a-bc02-80003afa15bc/015-sf-the-caddington-osprey-view.jpg","Staged showhome interior space."
"River's Edge, South Shields","The Caddington","3","https://www.keepmoat.com/rivers-edge-south-shields/the-caddington","images/60d6c1af1aff4f02e7e54cd4708184df0e74c40dfec82757bf3aec86fce182ae.jpg","https://www.keepmoat.com/getmedia/28e45704-c992-44bd-8421-72924ec7da01/018-sf-the-caddington-osprey-view.jpg","Staged showhome interior space."
"River's Edge, South Shields","The Caddington","3","https://www.keepmoat.com/rivers-edge-south-shields/the-caddington","images/fc1ccb78c234c94a2d19d16066c8dda8ca5c420572d201b2926f9a642bd0272a.jpg","https://www.keepmoat.com/getmedia/9ae854c7-53ef-47f0-88b6-f4e7a4d2cc2f/009-sf-the-caddington-osprey-view.jpg","Staged showhome interior space."
"River's Edge, South Shields","The Foxcote","2","https://www.keepmoat.com/rivers-edge-south-shields/the-foxcote","images/856f50cec16511607b7cb15cc2a57ef6722541dc49a282b51575b94a33975dc2.jpg","https://www.keepmoat.com/getmedia/6283bdd6-0807-47ee-902a-4c728f2044cf/The-Fairfield-Foxcote-Compressed-Crop.jpg","Staged showhome interior space."
"River's Edge, South Shields","The Foxcote","2","https://www.keepmoat.com/rivers-edge-south-shields/the-foxcote","images/d50e1e1859ed53f505481eee388646c6817202bbd320aa85b10cc57b50445b70.jpg","https://www.keepmoat.com/getmedia/b6badf52-4b3d-482d-b022-ef430d0c5102/2-TheHalstead.jpg","Staged showhome interior space."
"River's Edge, South Shields","The Foxcote","2","https://www.keepmoat.com/rivers-edge-south-shields/the-foxcote","images/2ca14e8c8ce438eb713f000d55932a91f443e80485365177b476143a577d5f94.jpg","https://www.keepmoat.com/getmedia/44a8e488-f1c6-4698-9211-e60e2bd2772e/3-TheHalstead.jpg","Staged showhome interior space."
"River's Edge, South Shields","The Foxcote","2","https://www.keepmoat.com/rivers-edge-south-shields/the-foxcote","images/4ad035a1fcbcdebf85f61a0666139e88e682b9cdd04dc66a18d41217def895c0.jpg","https://www.keepmoat.com/getmedia/7c56e5ed-a5ca-46cb-beb0-59ad972d501c/4-TheHalstead.jpg","Staged showhome interior space."
"River's Edge, South Shields","The Foxcote","2","https://www.keepmoat.com/rivers-edge-south-shields/the-foxcote","images/3e32af64b4df19435217ca5a8379b512188081e67ac1e157fbacab4ea22789fa.jpg","https://www.keepmoat.com/getmedia/2271a5b4-be6b-4218-86b0-24df820c58dc/5-TheHalstead.jpg","Staged showhome interior space."
"River's Edge, South Shields","The Foxcote","2","https://www.keepmoat.com/rivers-edge-south-shields/the-foxcote","images/f1d67fb8450e760e6c780a041c0d60f5249d492c326d8b05bfe469241074ec69.jpg","https://www.keepmoat.com/getmedia/855168ff-b8eb-4306-b09c-572c9458dab4/6-TheHalstead.jpg","Staged showhome interior space."
"River's Edge, South Shields","The Foxcote","2","https://www.keepmoat.com/rivers-edge-south-shields/the-foxcote","images/06f2e0cd500ee89d062604462c7e5c88f71233cb531f61e2191dd139c92228dd.jpg","https://www.keepmoat.com/getmedia/decd26d8-3ea7-440e-b249-5ee849a9d167/7-TheHalstead.jpg","Staged showhome interior space."
"River's Edge, South Shields","The Foxcote","2","https://www.keepmoat.com/rivers-edge-south-shields/the-foxcote","images/b5d57350aa6d4a4ec2e1df96d428b1d3aa21f293ea2c1a4914646adef2317f52.jpg","https://www.keepmoat.com/getmedia/dde0032f-57e0-4ea1-9c4c-5e867ffd03d6/8-TheHalstead.jpg","Staged showhome interior space."
"River's Edge, South Shields","The Foxcote","2","https://www.keepmoat.com/rivers-edge-south-shields/the-foxcote","images/412d0bd7e5473803ca0dde214574a0737280c495d93759de3ff68216cf34780f.jpg","https://www.keepmoat.com/getmedia/70ab8f87-9926-4400-84fd-4c92c9771da7/9-TheHalstead.jpg","Staged showhome interior space."
"River's Edge, South Shields","The Foxcote","2","https://www.keepmoat.com/rivers-edge-south-shields/the-foxcote","images/3ef1c66932ece21071e351965b8ac8118accf64c49d8febc4f1e57c826cb8e35.jpg","https://www.keepmoat.com/getmedia/706ddc6d-932f-44c2-bb6b-abe10f30fc99/10-TheHalstead.jpg","Staged showhome interior space."
"River's Edge, South Shields","The Roundhill","4","https://www.keepmoat.com/rivers-edge-south-shields/the-roundhill","images/84b07b2c394839202dd10c956a8d7f1f06cc6b0d3cb2e77e81b6d5658378b16e.jpg","https://www.keepmoat.com/getmedia/c5cbe701-82db-4197-9697-3e4476716a7e/The-Roundhill-Richmond-V1-Comressed-Crop.jpg","Staged showhome interior space."
"River's Edge, South Shields","The Roundhill","4","https://www.keepmoat.com/rivers-edge-south-shields/the-roundhill","images/ff2bb0e7a3f1c7053db827c1f4ffc70b85786521cc5b96f5aefa02b6df759424.jpg","https://www.keepmoat.com/getmedia/fbc198d7-15a1-432b-8f74-8da724880489/2-TheRichmond-RiversEdge.jpg","Staged showhome interior space."
"River's Edge, South Shields","The Roundhill","4","https://www.keepmoat.com/rivers-edge-south-shields/the-roundhill","images/22e5d9470341f7ecc505200c5c099ae707b33747961120a54006864bb1c3bfd2.jpg","https://www.keepmoat.com/getmedia/fae6a280-08c0-46c4-966b-ee22625db9f3/3-TheRichmond-RiversEdge.jpg","Staged showhome interior space."
"River's Edge, South Shields","The Roundhill","4","https://www.keepmoat.com/rivers-edge-south-shields/the-roundhill","images/4475859399a31879a68af7602d11e173c0192855629165839d946ccfc3cad445.jpg","https://www.keepmoat.com/getmedia/5ca15ccf-36f3-4a1e-a4f2-bac9d822c619/4-TheRichmond-RiversEdge.jpg","Staged showhome interior space."
"River's Edge, South Shields","The Roundhill","4","https://www.keepmoat.com/rivers-edge-south-shields/the-roundhill","images/f87f793534acdd132655b90324ad7b50984b012d8964201678e1184467bddfe2.jpg","https://www.keepmoat.com/getmedia/b55cb059-894b-4b8f-9dba-5ce73ad3ae20/5-TheRichmond-RiversEdge.jpg","Staged showhome interior space."
"River's Edge, South Shields","The Roundhill","4","https://www.keepmoat.com/rivers-edge-south-shields/the-roundhill","images/d84605c8d2e4a3d211c974223d4ce728a30cc6d346272e199cd62b9537b611d3.jpg","https://www.keepmoat.com/getmedia/1d65210e-e6b5-4822-8f57-a3317d66dc68/6-TheRichmond-RiversEdge.jpg","Staged showhome interior space."
"River's Edge, South Shields","The Roundhill","4","https://www.keepmoat.com/rivers-edge-south-shields/the-roundhill","images/44503f476d2a346d4eb9c97b0f416e80598c1ae2b019e4492b38fd484d7c8135.jpg","https://www.keepmoat.com/getmedia/25028649-a6cb-4583-b554-8241a9c6d3aa/7-TheRichmond-RiversEdge.jpg","Staged showhome interior space."
"River's Edge, South Shields","The Roundhill","4","https://www.keepmoat.com/rivers-edge-south-shields/the-roundhill","images/64631ea0c8db27c1d4f2779954b5876ef0cff7ee8ee154d72cc4f319ceb49404.jpg","https://www.keepmoat.com/getmedia/2e38bef2-9d94-4fd9-9f07-5cc762f5c049/8-TheRichmond-RiversEdge.jpg","Staged showhome interior space."
"River's Edge, South Shields","The Roundhill","4","https://www.keepmoat.com/rivers-edge-south-shields/the-roundhill","images/cbb832f860ac9a9eb443ea772fc9afac63a30e89487ec62327f2ce61d22791ef.jpg","https://www.keepmoat.com/getmedia/50551753-9208-481b-9baa-723c7e606a42/9-TheRichmond-RiversEdge.jpg","Staged showhome interior space."
"River's Edge, South Shields","The Roundhill","4","https://www.keepmoat.com/rivers-edge-south-shields/the-roundhill","images/9c078d4fd5deb007187ed671877619be496b5f4ef81d76fa00be64a0e497a978.jpg","https://www.keepmoat.com/getmedia/92af45b9-0a6b-4bc2-aa33-b5602201f821/10-TheRichmond-RiversEdge.jpg","Staged showhome interior space."
"River's Edge, South Shields","The Wenning","4","https://www.keepmoat.com/rivers-edge-south-shields/the-wenning","images/ec16cddfe09cadac5ee1658b77bb8162670eca173fcbcedf34ae0380f49e5254.jpg","https://www.keepmoat.com/getmedia/4f1a84c3-7832-48ed-9252-c29c206a699f/Wenning-Plot-11-13-Low-Res.jpg","Staged showhome interior space."
"River's Edge, South Shields","The Wenning","4","https://www.keepmoat.com/rivers-edge-south-shields/the-wenning","images/c318b5ea69a8ec39c54d297cf117176027ae26f89e1f4eb0bda5ba2b608e94e5.jpg","https://www.keepmoat.com/getmedia/cc5751f3-1220-4c14-aad3-84899ebe12d8/Wenning-Plot-164-Low-Res.jpg","Staged showhome interior space."
"River's Edge, South Shields","The Wenning","4","https://www.keepmoat.com/rivers-edge-south-shields/the-wenning","images/5648634df5e28187f723737d1f14e1373ad6ba1ecc8b2701ee4e2f21d7b41bf2.jpg","https://www.keepmoat.com/getmedia/194837d9-25cb-45d9-a00b-a79c4e075221/009-sf-the-oldbury-showhome-mill-place.jpg","Staged showhome interior space."
"River's Edge, South Shields","The Wenning","4","https://www.keepmoat.com/rivers-edge-south-shields/the-wenning","images/a126ec802941a7d6183cc9b90e8dd43cabd4b2ab76dcdb2dde8c26c004b65e3f.jpg","https://www.keepmoat.com/getmedia/14054e95-a08e-4c60-84c2-f4ab15d96022/8592185-Longford-WC-800-1024x683.jpg","Staged showhome bathroom."
"River's Edge, South Shields","The Wenning","4","https://www.keepmoat.com/rivers-edge-south-shields/the-wenning","images/42a8de62a426517b755f9923444d268490d3e8f0a78a411d0755b4f5d1e38edc.jpg","https://www.keepmoat.com/getmedia/5f2a0d0f-b3da-401c-aa7d-3b0842140aac/8644963-interior60-800-jpg-web.jpg","Staged showhome interior space."
"River's Edge, South Shields","The Wenning","4","https://www.keepmoat.com/rivers-edge-south-shields/the-wenning","images/b3ea109229782c16add2620f06aa2a7aa6f90c631c2c24630d848ad55bef1e6c.gif","https://www.keepmoat.com/getmedia/e067a745-e88c-460f-bf5b-998c30a667dc/CaddingtonBedroom2.gif","Staged showhome interior space."
"River's Edge, South Shields","The Wenning","4","https://www.keepmoat.com/rivers-edge-south-shields/the-wenning","images/07eaa6a0bf5d3fb9119198ed68fc81a95a35a73a88e965b55b61eb69c17d8f74.gif","https://www.keepmoat.com/getmedia/0167cf33-7035-430a-9bd8-bc325a581ff9/CaddingtonBedroom3.gif","Staged showhome interior space."
"River's Edge, South Shields","The Wenning","4","https://www.keepmoat.com/rivers-edge-south-shields/the-wenning","images/7db7c3dbe6f7584fd87b7266934d87b307bbc81852b602d90109c6dea57fddfd.jpg","https://www.keepmoat.com/getmedia/55894d75-a6dc-4986-8b13-f77725b2ac4a/8644963-interior46-800-jpg-web.jpg","Staged showhome interior space."
"River's Edge, South Shields","The Hoveton","4","https://www.keepmoat.com/rivers-edge-south-shields/the-hoveton","images/eea0cd94518818569048256e89e07b4341445e1421b8fb048cf74d712511c779.jpg","https://www.keepmoat.com/getmedia/d51b9121-b5d0-46c3-81e6-55199f4cac7b/Hardwick-Hoveton-Compressed-Crop.jpg","Staged showhome interior space."
"River's Edge, South Shields","The Hoveton","4","https://www.keepmoat.com/rivers-edge-south-shields/the-hoveton","images/f954ff01fa63c3ff6b1d9313bc1663e910ddb7d744469f26c858ba549e3e69d4.jpg","https://www.keepmoat.com/getmedia/781d44b5-9008-4d6c-b025-93d23f3ec82a/2-Oldbury-Plot124.jpg","Staged showhome interior space."
"River's Edge, South Shields","The Hoveton","4","https://www.keepmoat.com/rivers-edge-south-shields/the-hoveton","images/c8c757d7dcc5eccfd25a65c3ad1eea36847683e48e8a6ffc804c55d7abfe199e.jpg","https://www.keepmoat.com/getmedia/6ff4b779-3193-4335-9344-5aceec33f365/3-Oldbury-Plot124.jpg","Staged showhome interior space."
"River's Edge, South Shields","The Hoveton","4","https://www.keepmoat.com/rivers-edge-south-shields/the-hoveton","images/a059f667e58270575d6593a21409e39d5c467cdf09f496156468115eaadaf6e2.jpg","https://www.keepmoat.com/getmedia/8b90fc27-dd8b-42d6-bb51-0f70785a2988/4-Oldbury-Plot124.jpg","Staged showhome interior space."
"River's Edge, South Shields","The Hoveton","4","https://www.keepmoat.com/rivers-edge-south-shields/the-hoveton","images/804e3de8b71b8c49359815abe368dfef8d3ba4db57ba9cb797700cbf41e692aa.jpg","https://www.keepmoat.com/getmedia/29e2a180-b45a-4b8e-b015-6b1cc7029f12/5-Oldbury-Plot124.jpg","Staged showhome interior space."
"River's Edge, South Shields","The Hoveton","4","https://www.keepmoat.com/rivers-edge-south-shields/the-hoveton","images/fbb58e3661249742215f28048bd7be2e91e17208521e212d53127507b9f45a21.jpg","https://www.keepmoat.com/getmedia/455cea3c-2a0c-4c55-a9f9-0f65deea37f6/6-Oldbury-Plot124.jpg","Staged showhome interior space."
"River's Edge, South Shields","The Hoveton","4","https://www.keepmoat.com/rivers-edge-south-shields/the-hoveton","images/4163f9c815b4227fcad1fa4cfab43862fa0276eda686dca2cea6d6fa883baf26.jpg","https://www.keepmoat.com/getmedia/6f1f611d-7ddf-4a7c-98c6-08f7d62d0780/7-Oldbury-Plot124.jpg","Staged showhome interior space."
"River's Edge, South Shields","The Hoveton","4","https://www.keepmoat.com/rivers-edge-south-shields/the-hoveton","images/1450d0b8fcc9f31b6b04ba4da39cb92a7d6b3fd9d9a41930b5a5085595acdb8a.jpg","https://www.keepmoat.com/getmedia/a1cbce18-8a9b-4df8-ad22-54cdfaec17e9/8-Oldbury-Plot124.jpg","Staged showhome interior space."
"River's Edge, South Shields","The Hoveton","4","https://www.keepmoat.com/rivers-edge-south-shields/the-hoveton","images/a053310c64d179e9c90cc0d90a692d97a0f40e8f2a6c780991cc037769c4d17a.jpg","https://www.keepmoat.com/getmedia/10f97fc5-2311-4430-b1c9-9ec4f9fc024e/9-Oldbury-Plot124.jpg","Staged showhome interior space."
"River's Edge, South Shields","The Hoveton","4","https://www.keepmoat.com/rivers-edge-south-shields/the-hoveton","images/0c9d927d51eb0533cfab8973e42d54cd11fc9b89074a92217f53e16f0cf81345.jpg","https://www.keepmoat.com/getmedia/e452499d-e0d7-42a5-bdc9-e6942c39b42d/10-Oldbury-Plot124.jpg","Staged showhome interior space."
"River's Edge, South Shields","The Coniston","3","https://www.keepmoat.com/rivers-edge-south-shields/the-coniston","images/0956f8202cc36edb2ff485991e274f529d4888ecbfdb61fd20239aaa35f59c91.jpg","https://www.keepmoat.com/getmedia/36f3cf1a-5369-476c-b8a0-c19ce3df7a1d/The-Caddington-Compressed-Crop.jpg","Staged showhome interior space."
"River's Edge, South Shields","The Coniston","3","https://www.keepmoat.com/rivers-edge-south-shields/the-coniston","images/da86ae6f7f61304772339904cf49720999ebfea31b00fe7882d9d14f87454f6c.jpg","https://www.keepmoat.com/getmedia/500baba0-d100-4814-ba60-e24911b543b6/002-sf-the-caddington-osprey-view.jpg","Staged showhome interior space."
"River's Edge, South Shields","The Coniston","3","https://www.keepmoat.com/rivers-edge-south-shields/the-coniston","images/a53f5dd0d78108beab15cd1118782c4fdba3b4089dc046426e0be34d844ef8c7.jpg","https://www.keepmoat.com/getmedia/2ca2396d-99a8-40f5-ada0-2b2c2fea7fca/001-sf-the-caddington-osprey-view.jpg","Staged showhome interior space."
"River's Edge, South Shields","The Coniston","3","https://www.keepmoat.com/rivers-edge-south-shields/the-coniston","images/1643fc1b7e79950ca00409cc58ce85790315b701ffeca3ea8457cd12d87c306e.jpg","https://www.keepmoat.com/getmedia/93a6c8cf-3c98-4339-b0b2-f948c2702f7d/008-sf-the-caddington-osprey-view.jpg","Staged showhome interior space."
"River's Edge, South Shields","The Coniston","3","https://www.keepmoat.com/rivers-edge-south-shields/the-coniston","images/2d0f1c0ad49fbbd4fba1bc3bf111339222cfc40b1307dbccef6d65c00629662f.jpg","https://www.keepmoat.com/getmedia/cbc16150-c058-42e4-8ea9-9f35264a6831/006-sf-the-caddington-osprey-view.jpg","Staged showhome interior space."
"River's Edge, South Shields","The Coniston","3","https://www.keepmoat.com/rivers-edge-south-shields/the-coniston","images/31acaade92269fbf77618a8ea57b58b8b6fdbb0ed20c4cb0001b1a9f11a78b26.jpg","https://www.keepmoat.com/getmedia/a0fffc6d-1a76-4d12-9f5f-2bd4b271c337/012-sf-the-caddington-osprey-view.jpg","Staged showhome interior space."
"River's Edge, South Shields","The Coniston","3","https://www.keepmoat.com/rivers-edge-south-shields/the-coniston","images/5ac197371e55c39fb5e9caae801a20064c0257976d2b3e63ab16c20149e7a7d0.jpg","https://www.keepmoat.com/getmedia/a0b75d7a-0433-4c5a-bc02-80003afa15bc/015-sf-the-caddington-osprey-view.jpg","Staged showhome interior space."
"River's Edge, South Shields","The Coniston","3","https://www.keepmoat.com/rivers-edge-south-shields/the-coniston","images/60d6c1af1aff4f02e7e54cd4708184df0e74c40dfec82757bf3aec86fce182ae.jpg","https://www.keepmoat.com/getmedia/28e45704-c992-44bd-8421-72924ec7da01/018-sf-the-caddington-osprey-view.jpg","Staged showhome interior space."
"River's Edge, South Shields","The Coniston","3","https://www.keepmoat.com/rivers-edge-south-shields/the-coniston","images/fc1ccb78c234c94a2d19d16066c8dda8ca5c420572d201b2926f9a642bd0272a.jpg","https://www.keepmoat.com/getmedia/9ae854c7-53ef-47f0-88b6-f4e7a4d2cc2f/009-sf-the-caddington-osprey-view.jpg","Staged showhome interior space."
"River's Edge, South Shields","The Bradshaw","3","https://www.keepmoat.com/rivers-edge-south-shields/the-bradshaw","images/99762933e92063f0efd19c5bdfdaa4f1b2a070a18401157fed9f1910baeba222.jpg","https://www.keepmoat.com/getmedia/ed86999f-b20e-4412-9850-098254f15893/The-Bradshaw-Compressed-Crop.jpg","Staged showhome interior space."
"River's Edge, South Shields","The Bradshaw","3","https://www.keepmoat.com/rivers-edge-south-shields/the-bradshaw","images/39425942e90328505106847613e8a66870342b13001c0308658ff5ca381a29b5.jpg","https://www.keepmoat.com/getmedia/39a17c7a-f075-4553-b7c1-90fbe7501c7c/2-TheBamburgh.jpg","Staged showhome interior space."
"River's Edge, South Shields","The Bradshaw","3","https://www.keepmoat.com/rivers-edge-south-shields/the-bradshaw","images/2523dac3798c666326afe34416bbcfbfa12e4a1b040d7b0a6d1d34bbc7074826.jpg","https://www.keepmoat.com/getmedia/b2680dba-d769-4cc6-a63f-62845620c2dc/3-TheBamburgh.jpg","Staged showhome interior space."
"River's Edge, South Shields","The Bradshaw","3","https://www.keepmoat.com/rivers-edge-south-shields/the-bradshaw","images/b81d691d60bdaaf71aa513fc342a512cfa315f4713f03ead6b9a85551644d898.jpg","https://www.keepmoat.com/getmedia/588a6a76-5153-4497-be7d-ac77d1d1c1e8/4-TheBamburgh.jpg","Staged showhome interior space."
"River's Edge, South Shields","The Bradshaw","3","https://www.keepmoat.com/rivers-edge-south-shields/the-bradshaw","images/3bdf650ca1c80d00084b2b9d85233ea353ca535514af46d53348e2dd1a1931ae.jpg","https://www.keepmoat.com/getmedia/34a4794a-c465-486e-a810-382cf6f28721/5-TheBamburgh.jpg","Staged showhome interior space."
"River's Edge, South Shields","The Bradshaw","3","https://www.keepmoat.com/rivers-edge-south-shields/the-bradshaw","images/c6d8f4d5d9612cfc1e26d4eb0215706a4a32703e3644059317bb0dac6addac6b.jpg","https://www.keepmoat.com/getmedia/e504f19c-2d57-4818-bb30-92318911f6b4/6-TheBamburgh.jpg","Staged showhome interior space."
"River's Edge, South Shields","The Bradshaw","3","https://www.keepmoat.com/rivers-edge-south-shields/the-bradshaw","images/ed1c4b9d2c02a627414427aec161846e3f0e995da6047dccb8bd517d56eb6c8c.jpg","https://www.keepmoat.com/getmedia/9ceeea39-9870-43b9-883e-bdb7397e28a6/7-TheBamburgh.jpg","Staged showhome interior space."
"River's Edge, South Shields","The Bradshaw","3","https://www.keepmoat.com/rivers-edge-south-shields/the-bradshaw","images/58f7ab580f80492a0c7a0d353522f2060c4ba5b1ca4c05a49dc9f2d7790cbb6a.jpg","https://www.keepmoat.com/getmedia/abb68656-412a-4a6a-90bb-0c4f34998cb1/8-TheBamburgh.jpg","Staged showhome interior space."
"River's Edge, South Shields","The Bradshaw","3","https://www.keepmoat.com/rivers-edge-south-shields/the-bradshaw","images/03d1435808fd8971ecb7ab94f6654f70fe4afe843a1c7cf80b50554f5b0c234a.jpg","https://www.keepmoat.com/getmedia/ac432646-1c02-4bf6-b702-ea9745541dbb/9-TheBamburgh.jpg","Staged showhome interior space."
"River's Edge, South Shields","The Bradshaw","3","https://www.keepmoat.com/rivers-edge-south-shields/the-bradshaw","images/bb68c588110858c419e436ce4228bedffe41659ebe4d9bf4998642668fc3da9f.jpg","https://www.keepmoat.com/getmedia/f676c969-3d80-42c6-9371-b5b12ba0acc9/10-TheBamburgh.jpg","Staged showhome interior space."
"River's Edge, South Shields","The Stanford","3","https://www.keepmoat.com/rivers-edge-south-shields/the-stanford","images/687652bfcac6c950b9764e198bd4b8cdf1d73a7277e797e3eba9912ac3f2d18d.jpg","https://www.keepmoat.com/getmedia/a106964f-394c-4d54-9e7c-678231350dc3/The-Stratton-Compressed-Crop.jpg","Staged showhome interior space."
"River's Edge, South Shields","The Stanford","3","https://www.keepmoat.com/rivers-edge-south-shields/the-stanford","images/1ed7201e5c296dc34bab828fee4df17e250b0b968cf7de6a8744efde1fee670a.jpg","https://www.keepmoat.com/getmedia/cd405ab0-4671-44d1-8177-724929b104a9/2-TheStratton-RiversEdge.jpg","Staged showhome interior space."
"River's Edge, South Shields","The Stanford","3","https://www.keepmoat.com/rivers-edge-south-shields/the-stanford","images/ae120e65d44ac3ba7891b4e0c797652f253c477f76b5670a775561e34dacb463.jpg","https://www.keepmoat.com/getmedia/d277f015-5444-4181-af1b-3ba8a4f1d030/3-TheStratton-RiversEdge.jpg","Staged showhome interior space."
"River's Edge, South Shields","The Stanford","3","https://www.keepmoat.com/rivers-edge-south-shields/the-stanford","images/e52a318c6253032c290443d6d49bdfe5554f6831625201187b525eeebdaced8e.jpg","https://www.keepmoat.com/getmedia/05084b00-59b8-4a79-860b-370aeacbb8a6/4-TheStratton-RiversEdge.jpg","Staged showhome interior space."
"River's Edge, South Shields","The Stanford","3","https://www.keepmoat.com/rivers-edge-south-shields/the-stanford","images/b25357151bffaf68f4a50921ac55339a29d76cf1d655ac248f8a8d329b093f30.jpg","https://www.keepmoat.com/getmedia/0699357e-00da-4e35-b17e-74df9f210337/5-TheStratton-RiversEdge.jpg","Staged showhome interior space."
"River's Edge, South Shields","The Stanford","3","https://www.keepmoat.com/rivers-edge-south-shields/the-stanford","images/7a0ab76a932658e5c1b351b8f97b8319c9ea5da952c8636521e948250b933bb4.jpg","https://www.keepmoat.com/getmedia/cca7efb0-674d-41f2-8d84-2b9f3c340b3e/6-TheStratton-RiversEdge.jpg","Staged showhome interior space."
"River's Edge, South Shields","The Stanford","3","https://www.keepmoat.com/rivers-edge-south-shields/the-stanford","images/77fd8f861b68af0f33d15ad9f3a04f3baddbecb8fab3619dc1148530359a8422.jpg","https://www.keepmoat.com/getmedia/6d2bc991-535d-4738-a68e-3d4ff62e109a/7-TheStratton-RiversEdge.jpg","Staged showhome interior space."
"River's Edge, South Shields","The Stanford","3","https://www.keepmoat.com/rivers-edge-south-shields/the-stanford","images/a6214530d5b9f52bbdda25d8f422edd46dbb22590702c37f58df9c2e7797ae93.jpg","https://www.keepmoat.com/getmedia/4bbfcdb8-d65e-468e-90d2-6b3f0b74465f/8-TheStratton-RiversEdge.jpg","Staged showhome interior space."
"River's Edge, South Shields","The Stanford","3","https://www.keepmoat.com/rivers-edge-south-shields/the-stanford","images/acf9e41a6f141d0fac751f08b74f507ba851da65eea4bb35a2c4f2deed0acb71.jpg","https://www.keepmoat.com/getmedia/1dd66782-b6b2-4076-acb3-d250f56a5047/9-TheStratton-RiversEdge.jpg","Staged showhome interior space."
"River's Edge, South Shields","The Stanford","3","https://www.keepmoat.com/rivers-edge-south-shields/the-stanford","images/d2477ddaf8ce512a3b1ce3cecb3e1d36d073bf967f1782ed8d4878a52a4f0ba2.jpg","https://www.keepmoat.com/getmedia/b7210c76-3dc8-4e1a-b87d-09b464639c0b/10-TheStratton-RiversEdge.jpg","Staged showhome interior space."
"Salkeld Meadows, Bridlington","The Harland","2","https://www.keepmoat.com/salkeld-meadows-bridlington/the-harland","images/5c74fba49485541f3190406f81ed62c33ee98de5a42c8a7aeaaf71f7a1cdb391.jpg","https://www.keepmoat.com/getmedia/c474bcf9-6d8b-4684-8860-94776cad519b/Harland-Compressed-Crop.jpg","Staged showhome interior space."
"Salkeld Meadows, Bridlington","The Harland","2","https://www.keepmoat.com/salkeld-meadows-bridlington/the-harland","images/2de1e815cf12321e8f2382ebfe06865fb088c2808e0c12f6990afa6c17b236ec.jpg","https://www.keepmoat.com/getmedia/6ede05a4-b25b-4d76-9a17-97a36cfdb2c3/CC-Bridlington-WebImage.jpg","Staged showhome interior space."
"Salkeld Meadows, Bridlington","The Harland","2","https://www.keepmoat.com/salkeld-meadows-bridlington/the-harland","images/0039bffe371896752e4895b363a9e4b8e34ad8fe0a62d6b76847a843bae864fb.jpg","https://www.keepmoat.com/getmedia/6210cd75-3eaa-488a-a6c8-c688e1aec769/002-sf-the-halstead-salkeld-meadows-jpg.jpg","Staged showhome interior space."
"Salkeld Meadows, Bridlington","The Harland","2","https://www.keepmoat.com/salkeld-meadows-bridlington/the-harland","images/fe46634ace3b430b5098bece238b16d22f1eb078c157fe7cb69bab60395c8e95.jpg","https://www.keepmoat.com/getmedia/7a5861c1-176d-4d19-ab52-780119785974/003-sf-the-halstead-salkeld-meadows-jpg.jpg","Staged showhome interior space."
"Salkeld Meadows, Bridlington","The Harland","2","https://www.keepmoat.com/salkeld-meadows-bridlington/the-harland","images/dd5eb69302cd2c796e2f45c4942a0b7d8fbdf75fb2fce21709bf8de6f5b317aa.jpg","https://www.keepmoat.com/getmedia/dbaba64c-d4e2-4d19-a63b-1dd208855194/025-sf-the-halstead-salkeld-meadows-dec-2023.jpg","Staged showhome interior space."
"Salkeld Meadows, Bridlington","The Harland","2","https://www.keepmoat.com/salkeld-meadows-bridlington/the-harland","images/0adf669b167b839ec263ebeafcdfea9269656716d3711ca04cd38c13437949c8.jpg","https://www.keepmoat.com/getmedia/32039b6b-958a-4968-8df3-dad7fe21c846/010-sf-the-halstead-salkeld-meadows-jpg.jpg","Staged showhome interior space."
"Salkeld Meadows, Bridlington","The Harland","2","https://www.keepmoat.com/salkeld-meadows-bridlington/the-harland","images/2d1827460ce5b144a53b3115933b03ed44c1619bac9317c2affb3012fd0b9fb4.jpg","https://www.keepmoat.com/getmedia/da834e22-f6d6-45f9-82ed-0114233f4cdb/006-sf-the-halstead-salkeld-meadows-jpg.jpg","Staged showhome interior space."
"Salkeld Meadows, Bridlington","The Harland","2","https://www.keepmoat.com/salkeld-meadows-bridlington/the-harland","images/685b641549132c2978a07e1ad870256e797b1d3f790fc97874d78896c02056b3.jpg","https://www.keepmoat.com/getmedia/64a1b280-10a4-4ccf-b631-103af2368db9/026-sf-the-halstead-salkeld-meadows-dec-2023.jpg","Staged showhome interior space."
"Salkeld Meadows, Bridlington","The Harland","2","https://www.keepmoat.com/salkeld-meadows-bridlington/the-harland","images/5c815bc4e229b03db018fc195c5e95c1c54397026c529dc475dea86ee9e64149.jpg","https://www.keepmoat.com/getmedia/8f2c0f0d-d482-4535-aeda-cabaf12f50f2/005-sf-the-halstead-salkeld-meadows-jpg.jpg","Staged showhome interior space."
"Salkeld Meadows, Bridlington","The Harland","2","https://www.keepmoat.com/salkeld-meadows-bridlington/the-harland","images/54c2eb85e7815c8bd99b9e6d7663f651e149a53c7b82c543dcfdb85358a66e90.jpg","https://www.keepmoat.com/getmedia/dc3e1e4e-c0d1-4e93-a579-6a527dede403/012-sf-the-halstead-salkeld-meadows-jpg.jpg","Staged showhome interior space."
"Salkeld Meadows, Bridlington","Whitewater","3","https://www.keepmoat.com/salkeld-meadows-bridlington/wentworth-2e3b39b8fe16c82cffc4f1d937059a56","images/5cc1510004348b2fdcb9b6a7bd17075e5ae6d0eec5cdfb91383d639ab5de1110.jpg","https://www.keepmoat.com/getmedia/7cab8525-6a88-47a5-adaa-07fa71b7cf2b/Whitewater-Compressed-Crop.jpg","Staged showhome interior space."
"Salkeld Meadows, Bridlington","Whitewater","3","https://www.keepmoat.com/salkeld-meadows-bridlington/wentworth-2e3b39b8fe16c82cffc4f1d937059a56","images/20116b8daf56d794ee9b066eb416bc2445cfad639b93401bbf923d4b98dbda36.jpg","https://www.keepmoat.com/getmedia/6f9512db-cd84-4230-9d7f-36a7a3740526/WEB-03-Kitchen-Dining.jpg","Staged showhome kitchen."
"Salkeld Meadows, Bridlington","Whitewater","3","https://www.keepmoat.com/salkeld-meadows-bridlington/wentworth-2e3b39b8fe16c82cffc4f1d937059a56","images/d6cec7089c59fdae5d2a48ee4f0b7a338ecad8d919b2a7a1af5f31599d016ad3.jpg","https://www.keepmoat.com/getmedia/9a0f27b2-0b64-47bd-9bae-a0966ad4574a/WEB-02-Kitchen-Dining.jpg","Staged showhome kitchen."
"Salkeld Meadows, Bridlington","Whitewater","3","https://www.keepmoat.com/salkeld-meadows-bridlington/wentworth-2e3b39b8fe16c82cffc4f1d937059a56","images/fd3bad388c48fcec5dd51d9ea0e7962a8f3c45f059df79731f2392c9b094aad5.jpg","https://www.keepmoat.com/getmedia/39021cac-02be-4cfd-98b8-0db48aecfc46/WEB-01-Lounge.jpg","Staged showhome living room."
"Salkeld Meadows, Bridlington","Whitewater","3","https://www.keepmoat.com/salkeld-meadows-bridlington/wentworth-2e3b39b8fe16c82cffc4f1d937059a56","images/d415a86565a7565d5ea0379ac993782a4a91d01425c90d5ea1e95dead854bc3f.jpg","https://www.keepmoat.com/getmedia/ff595f42-31e6-4605-9755-47c2a7e9db37/9-TheClumber-BeaconsfieldPark.jpg","Staged showhome interior space."
"Salkeld Meadows, Bridlington","Whitewater","3","https://www.keepmoat.com/salkeld-meadows-bridlington/wentworth-2e3b39b8fe16c82cffc4f1d937059a56","images/4925ab3175170b7c08761bf6b4924a6411fdeb9224e4468daf2577d7be632fd3.jpg","https://www.keepmoat.com/getmedia/9dcb6635-ab68-4326-b361-285a55f33252/6-TheClumber-BeaconsfieldPark.jpg","Staged showhome interior space."
"Salkeld Meadows, Bridlington","Whitewater","3","https://www.keepmoat.com/salkeld-meadows-bridlington/wentworth-2e3b39b8fe16c82cffc4f1d937059a56","images/1c4492ff294a805353d96ddce18fc26455a54a95aef34e9a1cdaa1ec6b2940a7.jpg","https://www.keepmoat.com/getmedia/75b81c91-5b50-49fd-a38d-87e54d892078/9-Denton-Internal-CGI.jpg","Staged showhome interior space."
"Salkeld Meadows, Bridlington","Whitewater","3","https://www.keepmoat.com/salkeld-meadows-bridlington/wentworth-2e3b39b8fe16c82cffc4f1d937059a56","images/5a51fdcafb1937114f01b8d9119ca8937575bc23af41f92ef75e6f916d1c3e57.jpg","https://www.keepmoat.com/getmedia/08232c4b-90f6-4b54-9bcc-a2de0ad4eabe/041-sf-the-aire-showhome-gedling-green-low-res.jpg","Staged showhome interior space."
"Salkeld Meadows, Bridlington","The Bradshaw","3","https://www.keepmoat.com/salkeld-meadows-bridlington/the-bradshaw","images/f34da15fabc7e40de26856b319b56a8ed20c5c8572ff7acaf1daba95342a16f0.jpg","https://www.keepmoat.com/getmedia/00717a71-e78c-41d5-b32a-68b741311f65/Bradshaw-Compressed-Crop.jpg","Staged showhome interior space."
"Salkeld Meadows, Bridlington","The Bradshaw","3","https://www.keepmoat.com/salkeld-meadows-bridlington/the-bradshaw","images/f4153c9561b313f4648860ca5dee35d2fa62477424618ca7a25c3eabab09ba78.jpg","https://www.keepmoat.com/getmedia/cfa1fe93-6383-489e-986f-bf4af5a83fae/030-sf-the-bamburgh-salkeld-meadows-dec-2023.jpg","Staged showhome interior space."
"Salkeld Meadows, Bridlington","The Bradshaw","3","https://www.keepmoat.com/salkeld-meadows-bridlington/the-bradshaw","images/ea00ad37c3a0d6cf576a10bd04dd8b62612f04f20277cf93dedd2965379dd2bc.jpg","https://www.keepmoat.com/getmedia/abc7d31e-580f-44eb-8dd2-20e4c1d17ea0/011-sf-the-bamburgh-osprey-view.jpg","Staged showhome interior space."
"Salkeld Meadows, Bridlington","The Bradshaw","3","https://www.keepmoat.com/salkeld-meadows-bridlington/the-bradshaw","images/9db073658933a05f516e4d6edb87069a8ee6887413a973f2b14949dbd4a908af.jpg","https://www.keepmoat.com/getmedia/d5e93561-f4b4-4f51-b9e8-d7e797089430/001-sf-the-bamburgh-osprey-view.jpg","Staged showhome interior space."
"Salkeld Meadows, Bridlington","The Bradshaw","3","https://www.keepmoat.com/salkeld-meadows-bridlington/the-bradshaw","images/8a652c5a71234614bd55153f0446166d4a518b0cc7524533a8de765b61b413fe.jpg","https://www.keepmoat.com/getmedia/8b107e4d-84f1-44dd-a6ac-349beb09d979/015-sf-the-bamburgh-osprey-view.jpg","Staged showhome interior space."
"Salkeld Meadows, Bridlington","The Bradshaw","3","https://www.keepmoat.com/salkeld-meadows-bridlington/the-bradshaw","images/62e24ae9d1e7eaa496f5b5d1aab11adbced8d833e51be10e6232f835f0f473ae.jpg","https://www.keepmoat.com/getmedia/7426c8ac-a43b-4f03-904c-32e57d75fa27/027-sf-the-bamburgh-osprey-view.jpg","Staged showhome interior space."
"Salkeld Meadows, Bridlington","The Bradshaw","3","https://www.keepmoat.com/salkeld-meadows-bridlington/the-bradshaw","images/c457c6e0ca9b8fb95e1e2c64febbc25c5687715f374ef1fc02644b066831fd19.jpg","https://www.keepmoat.com/getmedia/e4670374-b880-47f1-800b-c09da4b270b8/016-sf-the-bamburgh-osprey-view.jpg","Staged showhome interior space."
"Salkeld Meadows, Bridlington","The Bradshaw","3","https://www.keepmoat.com/salkeld-meadows-bridlington/the-bradshaw","images/ddc33d2de5d0313d76b4427893785428194ffc4f616397c208d9cfa5dc09ce05.jpg","https://www.keepmoat.com/getmedia/b50df85b-78be-4b9c-bd4d-f528321f29bb/002-sf-the-bamburgh-osprey-view.jpg","Staged showhome interior space."
"Salkeld Meadows, Bridlington","The Bradshaw","3","https://www.keepmoat.com/salkeld-meadows-bridlington/the-bradshaw","images/f2310f5d6248f3b6d297b866948ac7b8bf645aeb487ff00021bad84544967abd.jpg","https://www.keepmoat.com/getmedia/6944293d-f39b-4d67-9ad5-4cb0a0539d69/005-sf-the-bamburgh-osprey-view.jpg","Staged showhome interior space."
"Salkeld Meadows, Bridlington","The Buttermere","4","https://www.keepmoat.com/salkeld-meadows-bridlington/the-buttermere","images/682866e4ea9d58fd41157db4e3edbe48ebd9df2126a83396cccfe253850c2227.jpg","https://www.keepmoat.com/getmedia/3469fc8c-b45b-478c-8268-8aa04e42785d/Buttermere-Compressed-Crop.jpg","Staged showhome interior space."
"Salkeld Meadows, Bridlington","The Buttermere","4","https://www.keepmoat.com/salkeld-meadows-bridlington/the-buttermere","images/2de1e815cf12321e8f2382ebfe06865fb088c2808e0c12f6990afa6c17b236ec.jpg","https://www.keepmoat.com/getmedia/6ede05a4-b25b-4d76-9a17-97a36cfdb2c3/CC-Bridlington-WebImage.jpg","Staged showhome interior space."
"Salkeld Meadows, Bridlington","The Buttermere","4","https://www.keepmoat.com/salkeld-meadows-bridlington/the-buttermere","images/380fed948d1dad91d84c7c82eaf5b093c6f5c053618e2ccfef08008d15a4e6ea.jpg","https://www.keepmoat.com/getmedia/f81b482f-1ccb-47f9-a9fd-fa4a806368cf/3-Devoke.jpg","Staged showhome interior space."
"Salkeld Meadows, Bridlington","The Buttermere","4","https://www.keepmoat.com/salkeld-meadows-bridlington/the-buttermere","images/ebb332a557359452d059124b1e0beb815e903bb1de79dcb05dc002d252a87715.jpg","https://www.keepmoat.com/getmedia/d167a516-7076-4d5f-8022-bc3a35fa8fe0/5-Devoke.jpg","Staged showhome interior space."
"Salkeld Meadows, Bridlington","The Buttermere","4","https://www.keepmoat.com/salkeld-meadows-bridlington/the-buttermere","images/1033a80f2b4525bab68a58874bbe1d60b77e71042c5204df8b67d69dc5f8e704.jpg","https://www.keepmoat.com/getmedia/3e24c273-bf32-4e57-a000-c51634fe32bb/4-Devoke.jpg","Staged showhome interior space."
"Salkeld Meadows, Bridlington","The Buttermere","4","https://www.keepmoat.com/salkeld-meadows-bridlington/the-buttermere","images/ffcee3d5249a612b3c6a81eaf71e426d3464635ca1992da50c2a514c3f29a8ef.jpg","https://www.keepmoat.com/getmedia/26b153e1-84a7-4258-be7a-bee336038e41/6-Devoke.jpg","Staged showhome interior space."
"Salkeld Meadows, Bridlington","The Buttermere","4","https://www.keepmoat.com/salkeld-meadows-bridlington/the-buttermere","images/006a3e5dee5e7cdb59aca5b9ec5e4acff6d2acce788b1e2234fc27460c5fd519.jpg","https://www.keepmoat.com/getmedia/fe16fdf1-1a5f-477f-8568-c5f177ac8c1a/10-Devoke.jpg","Staged showhome interior space."
"Salkeld Meadows, Bridlington","The Buttermere","4","https://www.keepmoat.com/salkeld-meadows-bridlington/the-buttermere","images/62abae8fd2b2005be176e670c969fd855da8f8e0cb702f776a7c833b8a0bae91.jpg","https://www.keepmoat.com/getmedia/554fbe1f-2f08-4ad2-bf5f-a520903ac39d/7-Devoke.jpg","Staged showhome interior space."
"Salkeld Meadows, Bridlington","The Buttermere","4","https://www.keepmoat.com/salkeld-meadows-bridlington/the-buttermere","images/000c37dba157d2f38ad9d710e2387288265bacb76dd5a9098698b63e7e85fdd5.jpg","https://www.keepmoat.com/getmedia/b1a13cb6-5877-4525-812b-a35d734b7e40/9-Devoke.jpg","Staged showhome interior space."
"Salkeld Meadows, Bridlington","The Buttermere","4","https://www.keepmoat.com/salkeld-meadows-bridlington/the-buttermere","images/8fb2c6213ede16730d2c4f58b28155e4147ae97c8d99384a8d85446b76feef28.jpg","https://www.keepmoat.com/getmedia/3e2c00cd-c518-4959-81d8-97ee6f3b58ee/8-Devoke.jpg","Staged showhome interior space."
"Salkeld Meadows, Bridlington","The Buttermere","4","https://www.keepmoat.com/salkeld-meadows-bridlington/the-buttermere","images/a748b93ef3334337ef6fb5286bf59955fa2e4f42fc9df30a273f6294cb1cbd0e.jpg","https://www.keepmoat.com/getmedia/b0befdd2-b2f7-4af3-be4a-6d253f1668ab/7-TheKendal-BeaconsfieldPark.jpg","Staged showhome interior space."
"Salkeld Meadows, Bridlington","The Buttermere","4","https://www.keepmoat.com/salkeld-meadows-bridlington/the-buttermere","images/7d26801d00166c92ba8e0e7838b4830629d8fd0f611eb724c5b69c0ffb5b487b.jpg","https://www.keepmoat.com/getmedia/c2f03f4e-c19f-4400-ba9e-7b70a2bd3d37/WEB-KM-East-Yorkshire-Day-in-the-Life-2198.jpg","Staged showhome interior space."
"Salkeld Meadows, Bridlington","The Hoveton","4","https://www.keepmoat.com/salkeld-meadows-bridlington/the-hoveton","images/6e96af36dd080b1aa993a5f3da3b0f6c3742e49c348d3e9b4e993c42756d71d5.jpg","https://www.keepmoat.com/getmedia/59ac6d2f-9d66-42cc-b638-2ef0c2458cc5/Hoveton-Compressed-Crop.jpg","Staged showhome interior space."
"Salkeld Meadows, Bridlington","The Hoveton","4","https://www.keepmoat.com/salkeld-meadows-bridlington/the-hoveton","images/901ddb021e266c6196f17e5841163ab18c5233acd0c72f96ff6e37ee609cf7b9.jpg","https://www.keepmoat.com/getmedia/7422bd68-5fa0-4c50-ae48-053afdeddd5f/007-sf-the-hardwick-salkeld-meadows-jpg.jpg","Staged showhome interior space."
"Salkeld Meadows, Bridlington","The Hoveton","4","https://www.keepmoat.com/salkeld-meadows-bridlington/the-hoveton","images/b7d12ef0dd707858c250b35da028afed99b78a8415b11e8f3efc6d7834237fc6.jpg","https://www.keepmoat.com/getmedia/0a1c0698-e950-462d-8a97-464142aade7e/038-sf-the-hardwick-salkeld-meadows-dec-2023.jpg","Staged showhome interior space."
"Salkeld Meadows, Bridlington","The Hoveton","4","https://www.keepmoat.com/salkeld-meadows-bridlington/the-hoveton","images/bd657dd3df5bf9200554ae4931c16dd6ab132d136bfdac1a873e34e9708585e0.jpg","https://www.keepmoat.com/getmedia/1da53c5b-325d-442d-bc55-3fe0152e4992/1024x683-008-sf-the-Salkeld-meadows-autumn-street-2023.jpg","Staged showhome exterior."
"Salkeld Meadows, Bridlington","The Hoveton","4","https://www.keepmoat.com/salkeld-meadows-bridlington/the-hoveton","images/382749fd62def85820081cbadc479d926aa4c3e7c881dd834d1ad85737aada65.jpg","https://www.keepmoat.com/getmedia/3a31b598-0c02-48e9-8435-0b0df72aa3a2/004-sf-the-hardwick-salkeld-meadows-jpg.jpg","Staged showhome interior space."
"Salkeld Meadows, Bridlington","The Hoveton","4","https://www.keepmoat.com/salkeld-meadows-bridlington/the-hoveton","images/52fb57ceb71f9ba65aa03c93e8a89306889ea616e7284fe5ed51241a63900ff2.jpg","https://www.keepmoat.com/getmedia/f1de418c-3ac1-4863-aa3f-1f4abdf2bf22/015-sf-the-hardwick-salkeld-meadows-jpg.jpg","Staged showhome interior space."
"Salkeld Meadows, Bridlington","The Hoveton","4","https://www.keepmoat.com/salkeld-meadows-bridlington/the-hoveton","images/b5bfb40e67f14f858b1bc3e60f9258a2026a8f932ed491657fa644a7f72d63e9.jpg","https://www.keepmoat.com/getmedia/81ac694c-54e3-418f-92a9-df8cb17703ab/010-sf-the-hardwick-salkeld-meadows-jpg.jpg","Staged showhome interior space."
"Salkeld Meadows, Bridlington","The Hoveton","4","https://www.keepmoat.com/salkeld-meadows-bridlington/the-hoveton","images/a299e7719232320ce489f7036341e743e81203877ab1abe7ad708409f32e40ef.jpg","https://www.keepmoat.com/getmedia/f456ea46-8d61-429c-b829-535b58de2ed9/013-sf-the-hardwick-salkeld-meadows-jpg.jpg","Staged showhome interior space."
"Salkeld Meadows, Bridlington","The Hoveton","4","https://www.keepmoat.com/salkeld-meadows-bridlington/the-hoveton","images/473caccd1185f167b9f32127ac97eedebde4ee7fb350e888008591b5cd07992f.jpg","https://www.keepmoat.com/getmedia/87fa56e4-76d7-4323-90c4-f7a5eb0a7438/020-sf-the-hardwick-salkeld-meadows-jpg.jpg","Staged showhome interior space."
"Salkeld Meadows, Bridlington","The Hoveton","4","https://www.keepmoat.com/salkeld-meadows-bridlington/the-hoveton","images/30454b0fe62aa2348e3939cc050f898f1f75c9cf33c7edd99863e7538acd8916.jpg","https://www.keepmoat.com/getmedia/c2c91d6e-099e-455e-a561-42fcf358d688/018-sf-the-hardwick-salkeld-meadows-jpg.jpg","Staged showhome interior space."
"Salkeld Meadows, Bridlington","The Kilton","4","https://www.keepmoat.com/salkeld-meadows-bridlington/the-kilton","images/532f665d6483b279ef1b88171872953646a7daa4235b8325d9280fc9a12e9701.jpg","https://www.keepmoat.com/getmedia/df3880a3-da67-4f5a-b18a-63fd800e0783/Kilton-Compressed-Crop.jpg","Staged showhome interior space."
"Salkeld Meadows, Bridlington","The Kilton","4","https://www.keepmoat.com/salkeld-meadows-bridlington/the-kilton","images/228a01ecdeeb41fc3e98b671807c348a8077a076102c489fbf47e399252590de.jpg","https://www.keepmoat.com/getmedia/b07c9f00-2a75-4879-8644-04b44bb69064/Hayworth-Showhome01.jpg","Staged showhome interior space."
"Salkeld Meadows, Bridlington","The Kilton","4","https://www.keepmoat.com/salkeld-meadows-bridlington/the-kilton","images/443ae83c1a4a1b8cead596fc600c67590439709b2860170c6ed17a3b0efc6a86.jpg","https://www.keepmoat.com/getmedia/266eca42-da26-471b-a42d-ba63c7005ba3/Hayworth-Showhome06.jpg","Staged showhome interior space."
"Salkeld Meadows, Bridlington","The Kilton","4","https://www.keepmoat.com/salkeld-meadows-bridlington/the-kilton","images/a529a870f64efcb4ae98ca78c195c57f5b88392684bc0c3762c69a88eeadaf78.jpg","https://www.keepmoat.com/getmedia/90fb12d1-790e-4138-b125-3d911ee57618/Hayworth-Showhome07.jpg","Staged showhome interior space."
"Salkeld Meadows, Bridlington","The Kilton","4","https://www.keepmoat.com/salkeld-meadows-bridlington/the-kilton","images/16c61f9bb1702db98a9c53fc6463fcb23f61fa9646c47ef98a37d44caefb6e20.jpg","https://www.keepmoat.com/getmedia/8687dc39-2052-4e4f-87f2-1e3b9cb234e7/Hayworth-Showhome09.jpg","Staged showhome interior space."
"Salkeld Meadows, Bridlington","The Kilton","4","https://www.keepmoat.com/salkeld-meadows-bridlington/the-kilton","images/fb186ea645da46d06ee68f966add8884c362c23aa62426a39f8c084b926f7b1c.jpg","https://www.keepmoat.com/getmedia/65548084-3542-45f3-8bb4-7296512a41ad/Hayworth-Showhome13.jpg","Staged showhome interior space."
"Salkeld Meadows, Bridlington","The Kilton","4","https://www.keepmoat.com/salkeld-meadows-bridlington/the-kilton","images/adbf29a8bb257b51c9c98c2f0a5089f48f587ee1ecb7d6a9ea1c46034b324115.jpg","https://www.keepmoat.com/getmedia/c7ea6bac-c96f-4ff4-91af-09e1cd040dc9/Hayworth-Showhome15.jpg","Staged showhome interior space."
"Salkeld Meadows, Bridlington","The Kilton","4","https://www.keepmoat.com/salkeld-meadows-bridlington/the-kilton","images/faa50978b7c2b8eda883ec40cab34c9872683a715ca844e91327776cd0976a15.jpg","https://www.keepmoat.com/getmedia/d53cc680-b950-4f66-9f94-52960d92680c/Hayworth-Showhome11.jpg","Staged showhome interior space."
"Salkeld Meadows, Bridlington","Richmond with Shared Ownership","4","https://www.keepmoat.com/salkeld-meadows-bridlington/richmond","images/4cf4944421d96e73891c3d98c40b76c040512785e40b299253c0996d06b2d758.jpg","https://www.keepmoat.com/getmedia/9ee2eef5-ad11-4c97-b1bd-ba70964e166f/Richmond-Compressed-Crop_1.jpg","Staged showhome interior space."
"Salkeld Meadows, Bridlington","Richmond with Shared Ownership","4","https://www.keepmoat.com/salkeld-meadows-bridlington/richmond","images/ff2bb0e7a3f1c7053db827c1f4ffc70b85786521cc5b96f5aefa02b6df759424.jpg","https://www.keepmoat.com/getmedia/fbc198d7-15a1-432b-8f74-8da724880489/2-TheRichmond-RiversEdge.jpg","Staged showhome interior space."
"Salkeld Meadows, Bridlington","Richmond with Shared Ownership","4","https://www.keepmoat.com/salkeld-meadows-bridlington/richmond","images/22e5d9470341f7ecc505200c5c099ae707b33747961120a54006864bb1c3bfd2.jpg","https://www.keepmoat.com/getmedia/fae6a280-08c0-46c4-966b-ee22625db9f3/3-TheRichmond-RiversEdge.jpg","Staged showhome interior space."
"Salkeld Meadows, Bridlington","Richmond with Shared Ownership","4","https://www.keepmoat.com/salkeld-meadows-bridlington/richmond","images/4475859399a31879a68af7602d11e173c0192855629165839d946ccfc3cad445.jpg","https://www.keepmoat.com/getmedia/5ca15ccf-36f3-4a1e-a4f2-bac9d822c619/4-TheRichmond-RiversEdge.jpg","Staged showhome interior space."
"Salkeld Meadows, Bridlington","Richmond with Shared Ownership","4","https://www.keepmoat.com/salkeld-meadows-bridlington/richmond","images/f87f793534acdd132655b90324ad7b50984b012d8964201678e1184467bddfe2.jpg","https://www.keepmoat.com/getmedia/b55cb059-894b-4b8f-9dba-5ce73ad3ae20/5-TheRichmond-RiversEdge.jpg","Staged showhome interior space."
"Salkeld Meadows, Bridlington","Richmond with Shared Ownership","4","https://www.keepmoat.com/salkeld-meadows-bridlington/richmond","images/9c078d4fd5deb007187ed671877619be496b5f4ef81d76fa00be64a0e497a978.jpg","https://www.keepmoat.com/getmedia/92af45b9-0a6b-4bc2-aa33-b5602201f821/10-TheRichmond-RiversEdge.jpg","Staged showhome interior space."
"Salkeld Meadows, Bridlington","Richmond with Shared Ownership","4","https://www.keepmoat.com/salkeld-meadows-bridlington/richmond","images/cbb832f860ac9a9eb443ea772fc9afac63a30e89487ec62327f2ce61d22791ef.jpg","https://www.keepmoat.com/getmedia/50551753-9208-481b-9baa-723c7e606a42/9-TheRichmond-RiversEdge.jpg","Staged showhome interior space."
"Salkeld Meadows, Bridlington","Richmond with Shared Ownership","4","https://www.keepmoat.com/salkeld-meadows-bridlington/richmond","images/d84605c8d2e4a3d211c974223d4ce728a30cc6d346272e199cd62b9537b611d3.jpg","https://www.keepmoat.com/getmedia/1d65210e-e6b5-4822-8f57-a3317d66dc68/6-TheRichmond-RiversEdge.jpg","Staged showhome interior space."
"Salkeld Meadows, Bridlington","Richmond with Shared Ownership","4","https://www.keepmoat.com/salkeld-meadows-bridlington/richmond","images/64631ea0c8db27c1d4f2779954b5876ef0cff7ee8ee154d72cc4f319ceb49404.jpg","https://www.keepmoat.com/getmedia/2e38bef2-9d94-4fd9-9f07-5cc762f5c049/8-TheRichmond-RiversEdge.jpg","Staged showhome interior space."
"Salkeld Meadows, Bridlington","Richmond with Shared Ownership","4","https://www.keepmoat.com/salkeld-meadows-bridlington/richmond","images/44503f476d2a346d4eb9c97b0f416e80598c1ae2b019e4492b38fd484d7c8135.jpg","https://www.keepmoat.com/getmedia/25028649-a6cb-4583-b554-8241a9c6d3aa/7-TheRichmond-RiversEdge.jpg","Staged showhome interior space."
"Pastures Grange at Handley Chase, Quarrington","The Caddington","3","https://www.keepmoat.com/pastures-grange/the-caddington","images/da86ae6f7f61304772339904cf49720999ebfea31b00fe7882d9d14f87454f6c.jpg","https://www.keepmoat.com/getmedia/500baba0-d100-4814-ba60-e24911b543b6/002-sf-the-caddington-osprey-view.jpg","Staged showhome interior space."
"Pastures Grange at Handley Chase, Quarrington","The Caddington","3","https://www.keepmoat.com/pastures-grange/the-caddington","images/624ffba98892ccf83f57d14388c0edeca6c2745e698b2d4643cc6c1c5646c2d5.jpg","https://www.keepmoat.com/getmedia/c298bbf6-8258-42f7-b115-cb1ee7b0a586/003-sf-the-caddington-osprey-view.jpg","Staged showhome interior space."
"Pastures Grange at Handley Chase, Quarrington","The Caddington","3","https://www.keepmoat.com/pastures-grange/the-caddington","images/a53f5dd0d78108beab15cd1118782c4fdba3b4089dc046426e0be34d844ef8c7.jpg","https://www.keepmoat.com/getmedia/2ca2396d-99a8-40f5-ada0-2b2c2fea7fca/001-sf-the-caddington-osprey-view.jpg","Staged showhome interior space."
"Pastures Grange at Handley Chase, Quarrington","The Caddington","3","https://www.keepmoat.com/pastures-grange/the-caddington","images/1643fc1b7e79950ca00409cc58ce85790315b701ffeca3ea8457cd12d87c306e.jpg","https://www.keepmoat.com/getmedia/93a6c8cf-3c98-4339-b0b2-f948c2702f7d/008-sf-the-caddington-osprey-view.jpg","Staged showhome interior space."
"Pastures Grange at Handley Chase, Quarrington","The Caddington","3","https://www.keepmoat.com/pastures-grange/the-caddington","images/06ea45f9bbc80a1598bece4f2cd323f569e8001a83283cc56e7c55dd452012cb.jpg","https://www.keepmoat.com/getmedia/a1bd6cb2-67bd-4295-a325-785c24d067fb/007-sf-the-caddington-osprey-view.jpg","Staged showhome interior space."
"Pastures Grange at Handley Chase, Quarrington","The Caddington","3","https://www.keepmoat.com/pastures-grange/the-caddington","images/31acaade92269fbf77618a8ea57b58b8b6fdbb0ed20c4cb0001b1a9f11a78b26.jpg","https://www.keepmoat.com/getmedia/a0fffc6d-1a76-4d12-9f5f-2bd4b271c337/012-sf-the-caddington-osprey-view.jpg","Staged showhome interior space."
"Pastures Grange at Handley Chase, Quarrington","The Caddington","3","https://www.keepmoat.com/pastures-grange/the-caddington","images/5ac197371e55c39fb5e9caae801a20064c0257976d2b3e63ab16c20149e7a7d0.jpg","https://www.keepmoat.com/getmedia/a0b75d7a-0433-4c5a-bc02-80003afa15bc/015-sf-the-caddington-osprey-view.jpg","Staged showhome interior space."
"Pastures Grange at Handley Chase, Quarrington","The Caddington","3","https://www.keepmoat.com/pastures-grange/the-caddington","images/60d6c1af1aff4f02e7e54cd4708184df0e74c40dfec82757bf3aec86fce182ae.jpg","https://www.keepmoat.com/getmedia/28e45704-c992-44bd-8421-72924ec7da01/018-sf-the-caddington-osprey-view.jpg","Staged showhome interior space."
"Pastures Grange at Handley Chase, Quarrington","The Caddington","3","https://www.keepmoat.com/pastures-grange/the-caddington","images/fc1ccb78c234c94a2d19d16066c8dda8ca5c420572d201b2926f9a642bd0272a.jpg","https://www.keepmoat.com/getmedia/9ae854c7-53ef-47f0-88b6-f4e7a4d2cc2f/009-sf-the-caddington-osprey-view.jpg","Staged showhome interior space."
"Winterstoke Gate, Weston-super-Mare","The Brantwood","2","https://www.keepmoat.com/winterstoke-gate-weston-super-mare/the-brantwood","images/249fdb8980ba345ab1a377db75b70fb530af59ad8afc9246e4afbfdc65f8020b.jpg","https://www.keepmoat.com/getmedia/604fe9c5-e01b-4ca9-8286-db401b0cc199/024-sf-the-bamburgh-dominion-keepmoat-homes.jpg","Staged showhome interior space."
"Antler Park, Seaton Carew","The Windsor","3","https://www.keepmoat.com/antler-park-seaton-carew/the-windsor","images/6a58c5ce8aab3f9788d8dc94249409ac4d15fe9040a11ee1cebadbb162dec252.jpg","https://www.keepmoat.com/getmedia/5c09326b-bc97-4e99-a6da-19b2ce56fea5/8495929-interior01-800.jpg","Staged showhome interior space."
"Antler Park, Seaton Carew","The Windsor","3","https://www.keepmoat.com/antler-park-seaton-carew/the-windsor","images/9fe7faf40073611df0b523497f5e3482c13419e6e150ed8938b02cd75a0a0d9f.jpg","https://www.keepmoat.com/getmedia/d96ee38b-d82e-4b1e-bf7f-ab6c3e7fb24a/8495929-interior02-800.jpg","Staged showhome interior space."
"Antler Park, Seaton Carew","The Windsor","3","https://www.keepmoat.com/antler-park-seaton-carew/the-windsor","images/d2500aa03f64a6fbbbfb2232e35f03ac212c6c19f69ada6295569cbe58511f64.jpg","https://www.keepmoat.com/getmedia/a0834ab8-f3a3-4098-8f89-74561bfde81f/8495929-interior05-800.jpg","Staged showhome interior space."
"Antler Park, Seaton Carew","The Windsor","3","https://www.keepmoat.com/antler-park-seaton-carew/the-windsor","images/5c8423c76882d34cb7e5b5f5dd4565d57b2930b6be6b742013b0aa17705468a3.jpg","https://www.keepmoat.com/getmedia/7ec57f61-fc72-4cc7-af9f-23bf24bd7e68/8495929-interior09-800.jpg","Staged showhome interior space."
"Antler Park, Seaton Carew","The Windsor","3","https://www.keepmoat.com/antler-park-seaton-carew/the-windsor","images/c37ae6c7425f77cb3d1567af63150841b413594599c6c72c4bd33acc93e4b0bf.jpg","https://www.keepmoat.com/getmedia/de1cc342-7834-4d3f-8af1-9219832ecfe3/8495929-interior15-800.jpg","Staged showhome interior space."
"Antler Park, Seaton Carew","The Windsor","3","https://www.keepmoat.com/antler-park-seaton-carew/the-windsor","images/df3dc681e5ffa39c1185ae2de3672905444eea75c4f820fd2557050e3ad677d9.jpg","https://www.keepmoat.com/getmedia/578f1800-5714-44f1-99d2-379267e6140c/8495929-interior17-800.jpg","Staged showhome interior space."
"Antler Park, Seaton Carew","The Windsor","3","https://www.keepmoat.com/antler-park-seaton-carew/the-windsor","images/5b0b799c0a64928584599b71ee1bff1cbec92ac0e10b6aa13da6cf551bd1642a.jpg","https://www.keepmoat.com/getmedia/cfc455d4-fd9c-44db-99d1-204848654581/8495929-interior13-800.jpg","Staged showhome interior space."
"Antler Park, Seaton Carew","The Windsor","3","https://www.keepmoat.com/antler-park-seaton-carew/the-windsor","images/608c88038982cad57d019da65ca57e2ee8d9e64eea940523eca4fadfdc0e29d7.jpg","https://www.keepmoat.com/getmedia/0b94e87f-2942-4b70-8574-16b39d43aec8/8495929-interior10-800.jpg","Staged showhome interior space."
"Antler Park, Seaton Carew","The Windsor","3","https://www.keepmoat.com/antler-park-seaton-carew/the-windsor","images/015bfcc3a192788b49a5739fbabd6c1a1505da65025934c7462c45e8a1e29463.jpg","https://www.keepmoat.com/getmedia/91ac92c8-b081-4b39-bbbb-fd551d6fe031/8495929-interior14-800.jpg","Staged showhome interior space."
"Stirling Fields, Northstowe","The Kensington","4","https://www.keepmoat.com/stirling-fields-northstowe/the-kensington","images/6fd251f8a32071eaeb359033c56cbf1e73fb16771013fb913935f5c51ab60c0e.jpg","https://www.keepmoat.com/getmedia/b7142a92-65f5-4010-acef-1e0c93fd6d7c/11-Kielder-1024x683.jpg","Staged showhome interior space."
"Stirling Fields, Northstowe","The Kensington","4","https://www.keepmoat.com/stirling-fields-northstowe/the-kensington","images/341ce0542dcb0da0a679e6e4dc44893e393ade92c99a716c269b75b1a8cb357f.jpg","https://www.keepmoat.com/getmedia/183246f1-a9ba-4fc4-9d0a-4d30813b8d5a/10-Kielder-1024x683.jpg","Staged showhome interior space."
"Stirling Fields, Northstowe","The Kensington","4","https://www.keepmoat.com/stirling-fields-northstowe/the-kensington","images/daf4241059260a1e7222180b520398f7b1e47780f61803da7706585c2243f192.jpg","https://www.keepmoat.com/getmedia/20a764cf-d249-4af9-add8-71463064af24/8-Kielder-1024x683.jpg","Staged showhome interior space."
"Stirling Fields, Northstowe","The Kensington","4","https://www.keepmoat.com/stirling-fields-northstowe/the-kensington","images/1df46bb2740744a20486f97b44934b8a1cfc975cd37ecf716b4bde55c2fe672e.jpg","https://www.keepmoat.com/getmedia/07232933-865a-4036-b970-aa0be1d25ae6/13-Kielder-1024x683.jpg","Staged showhome interior space."
"Stirling Fields, Northstowe","The Kensington","4","https://www.keepmoat.com/stirling-fields-northstowe/the-kensington","images/7a9b48d2784b98fd128390e0f2d6a260d3397e64777cc059f2039a033bb1a838.jpg","https://www.keepmoat.com/getmedia/f8ccf91b-ba35-4930-bb5b-91b253b11e60/BeaconsfieldPark-Sommerhill-14.jpg","Staged showhome interior space."
"Liberty Rise, Hull","Padbury","2","https://www.keepmoat.com/liberty-rise-hull/padbury","images/0d7f2bb36e1a61f15183de166de9404b4412e4bc0c3c8e1dba5614b20d6c8502.jpg","https://www.keepmoat.com/getmedia/df00fe52-b5c7-4397-bb5b-36ae58511aa5/014-sf-the-padbury-liberty-rise-hull.jpg","Staged showhome interior space."
"Liberty Rise, Hull","Devoke","4","https://www.keepmoat.com/liberty-rise-hull/devoke","images/380fed948d1dad91d84c7c82eaf5b093c6f5c053618e2ccfef08008d15a4e6ea.jpg","https://www.keepmoat.com/getmedia/f81b482f-1ccb-47f9-a9fd-fa4a806368cf/3-Devoke.jpg","Staged showhome interior space."
"Liberty Rise, Hull","Devoke","4","https://www.keepmoat.com/liberty-rise-hull/devoke","images/ebb332a557359452d059124b1e0beb815e903bb1de79dcb05dc002d252a87715.jpg","https://www.keepmoat.com/getmedia/d167a516-7076-4d5f-8022-bc3a35fa8fe0/5-Devoke.jpg","Staged showhome interior space."
"Liberty Rise, Hull","Devoke","4","https://www.keepmoat.com/liberty-rise-hull/devoke","images/1033a80f2b4525bab68a58874bbe1d60b77e71042c5204df8b67d69dc5f8e704.jpg","https://www.keepmoat.com/getmedia/3e24c273-bf32-4e57-a000-c51634fe32bb/4-Devoke.jpg","Staged showhome interior space."
"Liberty Rise, Hull","Devoke","4","https://www.keepmoat.com/liberty-rise-hull/devoke","images/ffcee3d5249a612b3c6a81eaf71e426d3464635ca1992da50c2a514c3f29a8ef.jpg","https://www.keepmoat.com/getmedia/26b153e1-84a7-4258-be7a-bee336038e41/6-Devoke.jpg","Staged showhome interior space."
"Liberty Rise, Hull","Devoke","4","https://www.keepmoat.com/liberty-rise-hull/devoke","images/006a3e5dee5e7cdb59aca5b9ec5e4acff6d2acce788b1e2234fc27460c5fd519.jpg","https://www.keepmoat.com/getmedia/fe16fdf1-1a5f-477f-8568-c5f177ac8c1a/10-Devoke.jpg","Staged showhome interior space."
"Liberty Rise, Hull","Devoke","4","https://www.keepmoat.com/liberty-rise-hull/devoke","images/62abae8fd2b2005be176e670c969fd855da8f8e0cb702f776a7c833b8a0bae91.jpg","https://www.keepmoat.com/getmedia/554fbe1f-2f08-4ad2-bf5f-a520903ac39d/7-Devoke.jpg","Staged showhome interior space."
"Liberty Rise, Hull","Devoke","4","https://www.keepmoat.com/liberty-rise-hull/devoke","images/000c37dba157d2f38ad9d710e2387288265bacb76dd5a9098698b63e7e85fdd5.jpg","https://www.keepmoat.com/getmedia/b1a13cb6-5877-4525-812b-a35d734b7e40/9-Devoke.jpg","Staged showhome interior space."
"Liberty Rise, Hull","Devoke","4","https://www.keepmoat.com/liberty-rise-hull/devoke","images/8fb2c6213ede16730d2c4f58b28155e4147ae97c8d99384a8d85446b76feef28.jpg","https://www.keepmoat.com/getmedia/3e2c00cd-c518-4959-81d8-97ee6f3b58ee/8-Devoke.jpg","Staged showhome interior space."
"Heaton Quarter, Newcastle upon Tyne","The Devoke","4","https://www.keepmoat.com/heaton-quarter/the-devoke","images/380fed948d1dad91d84c7c82eaf5b093c6f5c053618e2ccfef08008d15a4e6ea.jpg","https://www.keepmoat.com/getmedia/f81b482f-1ccb-47f9-a9fd-fa4a806368cf/3-Devoke.jpg","Staged showhome interior space."
"Heaton Quarter, Newcastle upon Tyne","The Devoke","4","https://www.keepmoat.com/heaton-quarter/the-devoke","images/1033a80f2b4525bab68a58874bbe1d60b77e71042c5204df8b67d69dc5f8e704.jpg","https://www.keepmoat.com/getmedia/3e24c273-bf32-4e57-a000-c51634fe32bb/4-Devoke.jpg","Staged showhome interior space."
"Heaton Quarter, Newcastle upon Tyne","The Devoke","4","https://www.keepmoat.com/heaton-quarter/the-devoke","images/ebb332a557359452d059124b1e0beb815e903bb1de79dcb05dc002d252a87715.jpg","https://www.keepmoat.com/getmedia/d167a516-7076-4d5f-8022-bc3a35fa8fe0/5-Devoke.jpg","Staged showhome interior space."
"Heaton Quarter, Newcastle upon Tyne","The Devoke","4","https://www.keepmoat.com/heaton-quarter/the-devoke","images/ffcee3d5249a612b3c6a81eaf71e426d3464635ca1992da50c2a514c3f29a8ef.jpg","https://www.keepmoat.com/getmedia/26b153e1-84a7-4258-be7a-bee336038e41/6-Devoke.jpg","Staged showhome interior space."
"Heaton Quarter, Newcastle upon Tyne","The Devoke","4","https://www.keepmoat.com/heaton-quarter/the-devoke","images/62abae8fd2b2005be176e670c969fd855da8f8e0cb702f776a7c833b8a0bae91.jpg","https://www.keepmoat.com/getmedia/554fbe1f-2f08-4ad2-bf5f-a520903ac39d/7-Devoke.jpg","Staged showhome interior space."
"Heaton Quarter, Newcastle upon Tyne","The Devoke","4","https://www.keepmoat.com/heaton-quarter/the-devoke","images/8fb2c6213ede16730d2c4f58b28155e4147ae97c8d99384a8d85446b76feef28.jpg","https://www.keepmoat.com/getmedia/3e2c00cd-c518-4959-81d8-97ee6f3b58ee/8-Devoke.jpg","Staged showhome interior space."
"Heaton Quarter, Newcastle upon Tyne","The Devoke","4","https://www.keepmoat.com/heaton-quarter/the-devoke","images/000c37dba157d2f38ad9d710e2387288265bacb76dd5a9098698b63e7e85fdd5.jpg","https://www.keepmoat.com/getmedia/b1a13cb6-5877-4525-812b-a35d734b7e40/9-Devoke.jpg","Staged showhome interior space."
"Heaton Quarter, Newcastle upon Tyne","The Devoke","4","https://www.keepmoat.com/heaton-quarter/the-devoke","images/006a3e5dee5e7cdb59aca5b9ec5e4acff6d2acce788b1e2234fc27460c5fd519.jpg","https://www.keepmoat.com/getmedia/fe16fdf1-1a5f-477f-8568-c5f177ac8c1a/10-Devoke.jpg","Staged showhome interior space."
"Forge Valley, East Ayton, Scarborough","The Padbury","2","https://www.keepmoat.com/forge-valley-east-ayton-scarborough/the-padbury","images/0d7f2bb36e1a61f15183de166de9404b4412e4bc0c3c8e1dba5614b20d6c8502.jpg","https://www.keepmoat.com/getmedia/df00fe52-b5c7-4397-bb5b-36ae58511aa5/014-sf-the-padbury-liberty-rise-hull.jpg","Staged showhome interior space."
"Forge Valley, East Ayton, Scarborough","The Bradshaw","3","https://www.keepmoat.com/forge-valley-east-ayton-scarborough/the-bradshaw","images/5935adcfc6d81029679b6a58acb3ce214053a2b639a24c20e91646edc1b2aee6.jpg","https://www.keepmoat.com/getmedia/1afc541b-6180-48f6-bdb3-dd4e7fe1c699/1024x683-021-sf-bamb-8WkR8.jpg","Staged showhome interior space."
"Forge Valley, East Ayton, Scarborough","The Bradshaw","3","https://www.keepmoat.com/forge-valley-east-ayton-scarborough/the-bradshaw","images/8f082ec82c075c9e260f6b107eb003e73f64dd2f4b2bcd93e4f2a03572d7625f.jpg","https://www.keepmoat.com/getmedia/406e1d42-f653-4d9d-ad98-27b0892f74a9/012-sf-bamburgh-warren-wood-view.jpg","Staged showhome interior space."
"Forge Valley, East Ayton, Scarborough","The Bradshaw","3","https://www.keepmoat.com/forge-valley-east-ayton-scarborough/the-bradshaw","images/dc7867834adba33c11cabc5c1b340b6992217e5144424d93fec4e1475352f388.jpg","https://www.keepmoat.com/getmedia/22067b5c-4398-4f35-8a23-00a98873609b/007-sf-bamburgh-warren-wood-view.jpg","Staged showhome interior space."
"Forge Valley, East Ayton, Scarborough","The Bradshaw","3","https://www.keepmoat.com/forge-valley-east-ayton-scarborough/the-bradshaw","images/a941fb4221ccfc29e4e725092dd02e58fbb745b958892ec2b0ac610d2c73f096.jpg","https://www.keepmoat.com/getmedia/0eafbf55-acb2-40e9-b6de-41b85e5bb078/004-sf-bamburgh-warren-wood-view.jpg","Staged showhome interior space."
"Forge Valley, East Ayton, Scarborough","The Thirlmere","4","https://www.keepmoat.com/forge-valley-east-ayton-scarborough/the-thirlmere","images/4925ab3175170b7c08761bf6b4924a6411fdeb9224e4468daf2577d7be632fd3.jpg","https://www.keepmoat.com/getmedia/9dcb6635-ab68-4326-b361-285a55f33252/6-TheClumber-BeaconsfieldPark.jpg","Staged showhome interior space."
"Forge Valley, East Ayton, Scarborough","The Thirlmere","4","https://www.keepmoat.com/forge-valley-east-ayton-scarborough/the-thirlmere","images/d415a86565a7565d5ea0379ac993782a4a91d01425c90d5ea1e95dead854bc3f.jpg","https://www.keepmoat.com/getmedia/ff595f42-31e6-4605-9755-47c2a7e9db37/9-TheClumber-BeaconsfieldPark.jpg","Staged showhome interior space."
"Sketchley Meadows, Nuneaton","The Buckingham","5","https://www.keepmoat.com/sketchley-meadows/the-buckingham","images/7db7c3dbe6f7584fd87b7266934d87b307bbc81852b602d90109c6dea57fddfd.jpg","https://www.keepmoat.com/getmedia/55894d75-a6dc-4986-8b13-f77725b2ac4a/8644963-interior46-800-jpg-web.jpg","Staged showhome interior space."
"Sketchley Meadows, Nuneaton","The Longford","4","https://www.keepmoat.com/sketchley-meadows/the-longford","images/eaf7c327f32c504e308abb371c7f195f736de80769d43e78da61ae19926642c9.jpg","https://www.keepmoat.com/getmedia/eaf50ddc-62dc-4e76-b649-219341ca5017/8644963-interior30-800-jpg-web.jpg","Staged showhome interior space."
"Sketchley Meadows, Nuneaton","The Longford","4","https://www.keepmoat.com/sketchley-meadows/the-longford","images/dd6ff8d4c54ed66079887cbacaa7149c5bf2b371a573c2fcdbd45cfb7a513734.jpg","https://www.keepmoat.com/getmedia/ad6bebd3-13ce-455b-b1e0-efa84096ee7a/8644963-interior10-800-jpg-web.jpg","Staged showhome interior space."
"Sketchley Meadows, Nuneaton","The Longford","4","https://www.keepmoat.com/sketchley-meadows/the-longford","images/05dac734a154b368669545190a99459846ebecdc6eabdbb75b77b4580535802f.jpg","https://www.keepmoat.com/getmedia/e730a19a-040f-4a78-b319-e0a6a6be9f26/8644963-interior11-800-jpg-web.jpg","Staged showhome interior space."
"Sketchley Meadows, Nuneaton","The Longford","4","https://www.keepmoat.com/sketchley-meadows/the-longford","images/e296bed1c141eacc8c862db2108bd94eea21298daaebd7c8c9ce289bce294bd9.jpg","https://www.keepmoat.com/getmedia/d7ca4e7f-260f-445b-9571-e054c417ae53/8644963-interior28-800-jpg-web.jpg","Staged showhome interior space."
"Sketchley Meadows, Nuneaton","The Longford","4","https://www.keepmoat.com/sketchley-meadows/the-longford","images/80da1e1da34c8539cde257bad5fd87bf4899ba36a417b76fc3d3007cded05e61.jpg","https://www.keepmoat.com/getmedia/7887b31d-1145-4592-8b9d-42a330c341f4/8644963-interior57-800-jpg-web.jpg","Staged showhome interior space."
"Sketchley Meadows, Nuneaton","The Longford","4","https://www.keepmoat.com/sketchley-meadows/the-longford","images/42a8de62a426517b755f9923444d268490d3e8f0a78a411d0755b4f5d1e38edc.jpg","https://www.keepmoat.com/getmedia/5f2a0d0f-b3da-401c-aa7d-3b0842140aac/8644963-interior60-800-jpg-web.jpg","Staged showhome interior space."
"Sketchley Meadows, Nuneaton","The Longford","4","https://www.keepmoat.com/sketchley-meadows/the-longford","images/988d0fbebd18f531fa2e83d6e1ab2dec5cdc923bdf6c5593aab68be79484da55.jpg","https://www.keepmoat.com/getmedia/0584d482-79b5-45c5-9e98-47b6858099c0/8644963-interior42-800-jpg-web.jpg","Staged showhome interior space."
"Sketchley Meadows, Nuneaton","The Longford","4","https://www.keepmoat.com/sketchley-meadows/the-longford","images/46a1cc026b09f5c1e3f1e269ae5b6c3b4de2551a8be3b928b3bfa3f1f68b6ad3.jpg","https://www.keepmoat.com/getmedia/d2ecb076-17c4-4825-9f6b-1b32401fad71/8644963-interior35-800-jpg-web.jpg","Staged showhome interior space."
"Sketchley Meadows, Nuneaton","The Longford","4","https://www.keepmoat.com/sketchley-meadows/the-longford","images/7db7c3dbe6f7584fd87b7266934d87b307bbc81852b602d90109c6dea57fddfd.jpg","https://www.keepmoat.com/getmedia/55894d75-a6dc-4986-8b13-f77725b2ac4a/8644963-interior46-800-jpg-web.jpg","Staged showhome interior space."
"Sketchley Meadows, Nuneaton","The Ashburn","2","https://www.keepmoat.com/sketchley-meadows/the-ashburn","images/1049a8ec5efd4edaa5900beeeb8f6af4efd2f0c9a64674daa2f7094c9d549add.jpg","https://www.keepmoat.com/getmedia/bf4bf8f5-0004-4d62-a696-f4f3bdc35ba6/017-sf-the-hardwick-kestrel-gardens.jpg","Staged showhome interior space."
"Sketchley Meadows, Nuneaton","The Selset","3","https://www.keepmoat.com/sketchley-meadows/the-selset","images/fdf2bd35a59c43e99e76f11edfd4fa6d332224d2928140ccad48c7812ac06aa2.jpg","https://www.keepmoat.com/getmedia/f260a604-c48a-4ab3-b029-0cf9435641cb/016-sf-the-danbury-warren-wood-view.jpg","Staged showhome interior space."
"Manor Grange, Peterborough","Hawkridge","3","https://www.keepmoat.com/manor-grange-peterborough/hawkridge","images/fdf2bd35a59c43e99e76f11edfd4fa6d332224d2928140ccad48c7812ac06aa2.jpg","https://www.keepmoat.com/getmedia/f260a604-c48a-4ab3-b029-0cf9435641cb/016-sf-the-danbury-warren-wood-view.jpg","Staged showhome interior space."
"Haworth Place at Tattenhoe Park, Milton Keynes","The Seacourt","3","https://www.keepmoat.com/haworth-place/the-seacourt","images/c02b152deab1305ca28ed892cf37de4e6051899adc17bfa2b82c44e5a038497f.jpg","https://www.keepmoat.com/getmedia/f5b60309-2498-4f72-9120-aa109bf15b09/006-sf-the-seacourt-liberty-rise-hull.jpg","Staged showhome interior space."
"Haworth Place at Tattenhoe Park, Milton Keynes","The Seacourt","3","https://www.keepmoat.com/haworth-place/the-seacourt","images/600f02fd636a932649ba7563bcd5158949d938ba03e18d8107618aae000215fd.jpg","https://www.keepmoat.com/getmedia/1d69fdcc-96fa-4499-b2f6-5ac329acab16/009-sf-the-seacourt-liberty-rise-hull.jpg","Staged showhome interior space."
"Haworth Place at Tattenhoe Park, Milton Keynes","The Seacourt","3","https://www.keepmoat.com/haworth-place/the-seacourt","images/f6b1ca1d005aa6025d4e7398292dabe1ce573a45d58d7fefb28e79f71b231d3d.jpg","https://www.keepmoat.com/getmedia/cb971f5a-c93d-4525-9159-201e4d4dc234/008-sf-the-seacourt-liberty-rise-hull.jpg","Staged showhome interior space."
"Haworth Place at Tattenhoe Park, Milton Keynes","The Seacourt","3","https://www.keepmoat.com/haworth-place/the-seacourt","images/fc677c0a966ddc922528874ceaed326b4be9809a7d94621a07cfa0a0b60bbf6a.jpg","https://www.keepmoat.com/getmedia/62ae9846-aca6-4908-a754-d0946d6d2b7f/004-sf-the-seacourt-liberty-rise-hull.jpg","Staged showhome interior space."
"Haworth Place at Tattenhoe Park, Milton Keynes","The Seacourt","3","https://www.keepmoat.com/haworth-place/the-seacourt","images/c5404022312ae8a116a604e5e7fabdbb5b39411714be52afea6bd31c4d5c5004.jpg","https://www.keepmoat.com/getmedia/a3428f82-9c81-43dd-94d7-7072ae017f84/003-sf-the-seacourt-liberty-rise-hull.jpg","Staged showhome interior space."
"Haworth Place at Tattenhoe Park, Milton Keynes","The Seacourt","3","https://www.keepmoat.com/haworth-place/the-seacourt","images/db7c4a749e21605502ccd06177b77bc0711fa9c25eb8bddcb8743a8f2aeb82c4.jpg","https://www.keepmoat.com/getmedia/2f503482-1f77-4b45-a7a1-a15a3b9f4bfd/010-sf-the-seacourt-liberty-rise-hull.jpg","Staged showhome interior space."
"Haworth Place at Tattenhoe Park, Milton Keynes","The Seacourt","3","https://www.keepmoat.com/haworth-place/the-seacourt","images/9d9a5c53205a05d110e5667b9f37e807e143201f3cddac591f23d3c3825eb998.jpg","https://www.keepmoat.com/getmedia/a86e58d8-7a1b-4f42-993a-772391c6551a/016-sf-the-seacourt-liberty-rise-hull.jpg","Staged showhome interior space."
"Haworth Place at Tattenhoe Park, Milton Keynes","The Seacourt","3","https://www.keepmoat.com/haworth-place/the-seacourt","images/867e5a3201d317be82f14a6f9431dddf4f1a8d5c37b67bb5d68d2bb63b1c567e.jpg","https://www.keepmoat.com/getmedia/9ac97a77-beb6-475a-9d11-190525f86f61/011-sf-the-seacourt-liberty-rise-hull.jpg","Staged showhome interior space."
"Haworth Place at Tattenhoe Park, Milton Keynes","The Seacourt","3","https://www.keepmoat.com/haworth-place/the-seacourt","images/8608e161f5a110a66153049ce58f4d2e45a5f969062d2c3c223441e20a38b38a.jpg","https://www.keepmoat.com/getmedia/03f5b835-3d20-4910-88d9-63521099e2ab/013-sf-the-seacourt-liberty-rise-hull.jpg","Staged showhome interior space."
"Haworth Place at Tattenhoe Park, Milton Keynes","The Seacourt","3","https://www.keepmoat.com/haworth-place/the-seacourt","images/95b7ea4bfbfd5741c118903f56d2eae51b0500e6e06061c545cfda4e42fc1a20.jpg","https://www.keepmoat.com/getmedia/005261a8-a9a4-481f-b6dd-8ea84121d9e8/015-sf-the-seacourt-liberty-rise-hull.jpg","Staged showhome interior space."
"Haworth Place at Tattenhoe Park, Milton Keynes","The Oldbury 1","4","https://www.keepmoat.com/haworth-place/the-oldbury","images/e606f0fec61b3d5c7219755bc3ea7519816d8fd566856d37d841b35f4ae9c43b.jpg","https://www.keepmoat.com/getmedia/5857a0fe-b100-4d26-9be7-1e7a3b56fe8f/019-sf-the-hardwick-oriens-field.jpg","Staged showhome interior space."
"Haworth Place at Tattenhoe Park, Milton Keynes","The Oldbury 1","4","https://www.keepmoat.com/haworth-place/the-oldbury","images/ef1a23b60ba173ced217c151b6b4e1f573beee8094ede09df84efd51aa51eec8.jpg","https://www.keepmoat.com/getmedia/65596d56-bfc3-440f-bf2f-ab3ca27ad391/018-sf-the-hardwick-oriens-field.jpg","Staged showhome interior space."
"Haworth Place at Tattenhoe Park, Milton Keynes","The Oldbury 1","4","https://www.keepmoat.com/haworth-place/the-oldbury","images/7171f677b7dff7ed4e23af52113e5407568c6a0d7881fe100c5dca4b1eaa2f43.jpg","https://www.keepmoat.com/getmedia/f08a9772-0882-440d-957a-d66dabd58893/017-sf-the-hardwick-oriens-field.jpg","Staged showhome interior space."
"Haworth Place at Tattenhoe Park, Milton Keynes","The Oldbury 1","4","https://www.keepmoat.com/haworth-place/the-oldbury","images/daffec3db9aae631fe3a83401300fecff1ef69de729661617bb207fd293b449f.jpg","https://www.keepmoat.com/getmedia/8081dbd4-11e2-4f26-b673-cacacd545b09/022-sf-the-hardwick-oriens-field.jpg","Staged showhome interior space."
"Haworth Place at Tattenhoe Park, Milton Keynes","The Oldbury 1","4","https://www.keepmoat.com/haworth-place/the-oldbury","images/5fabf1c4b7eb371a4300f4f80a0bb8e3cb491772c5af352075c0165ad7dfc004.jpg","https://www.keepmoat.com/getmedia/89cfb36f-d3a7-4239-9c4c-ec942412521f/007-sf-the-hardwick-oriens-field.jpg","Staged showhome interior space."
"Haworth Place at Tattenhoe Park, Milton Keynes","The Oldbury 1","4","https://www.keepmoat.com/haworth-place/the-oldbury","images/6ac2db5c4d32c237f5c41dec4302ca77657293d585c4098438fd6c1ec452b063.jpg","https://www.keepmoat.com/getmedia/7c205c68-09ca-4bad-a6c7-bb76ce5990ad/010-sf-the-hardwick-oriens-field.jpg","Staged showhome interior space."
"Haworth Place at Tattenhoe Park, Milton Keynes","The Oldbury 1","4","https://www.keepmoat.com/haworth-place/the-oldbury","images/92aae16d6707acff44a6f9afbb38e12ad05847f3401efd1044cb1bd986694f0e.jpg","https://www.keepmoat.com/getmedia/7775d390-52ea-4cea-aa73-0edab01d6b98/027-sf-the-hardwick-oriens-field.jpg","Staged showhome interior space."
"Cambridge Green, Grimsby","The Padbury","2","https://www.keepmoat.com/cambridge-green-grimsby/the-padbury-semi-detached","images/f4d5b464da3603a8a586a0fab29a07664eca78dce32fd5795ba331f51e0c5892.jpg","https://www.keepmoat.com/getmedia/809e3d11-4225-4205-a616-5c91d784c856/007-sf-the-padbury-cambridge-green-JPEG-Keepmoat-1024x683-72ppi.jpg","Staged showhome interior space."
"Cambridge Green, Grimsby","The Padbury","2","https://www.keepmoat.com/cambridge-green-grimsby/the-padbury-semi-detached","images/0dc4811a07394a467c77d2e2e2980e3ddb6c7707cbaf4313c74344c209313334.jpg","https://www.keepmoat.com/getmedia/8d468f20-3569-46ef-bbc7-fb861bd5627a/006-sf-the-padbury-cambridge-green-JPEG-Keepmoat-1024x683-72ppi-1.jpg","Staged showhome interior space."
"Cambridge Green, Grimsby","The Padbury","2","https://www.keepmoat.com/cambridge-green-grimsby/the-padbury-semi-detached","images/cd7d5964d71163f560c6c1eea52383c2e3958ea5872f568fe76e73246defee81.jpg","https://www.keepmoat.com/getmedia/d7e573a0-ed1a-48f5-bf3a-623ddfcc410c/003-sf-the-padbury-cambridge-green-JPEG-Keepmoat-1024x683-72ppi.jpg","Staged showhome interior space."
"Cambridge Green, Grimsby","The Padbury","2","https://www.keepmoat.com/cambridge-green-grimsby/the-padbury-semi-detached","images/5a493a1bbcd2727007627e882f4aff68c86e3dd429c5c894273a27d7af8d0a70.jpg","https://www.keepmoat.com/getmedia/723cd064-f233-47c0-b049-f9024164cb97/001-sf-the-padbury-cambridge-green-JPEG-Keepmoat-1024x683-72ppi.jpg","Staged showhome interior space."
"Cambridge Green, Grimsby","The Padbury","2","https://www.keepmoat.com/cambridge-green-grimsby/the-padbury-semi-detached","images/8b393dbc3611a6374bdcd612e960c835b7fa650b334a649d9b9278ebd3bdd608.jpg","https://www.keepmoat.com/getmedia/f0843959-29fb-4bbb-b164-ff071279c9b4/009-sf-the-padbury-cambridge-green-JPEG-Keepmoat-1024x683-72ppi-1.jpg","Staged showhome interior space."
"Cambridge Green, Grimsby","The Padbury","2","https://www.keepmoat.com/cambridge-green-grimsby/the-padbury-semi-detached","images/622fd43fa5a9a4e4486643be055088eeb587ccdaab34e618a12c981e3f4f35e3.jpg","https://www.keepmoat.com/getmedia/2d949901-b39a-445e-8b56-7a02150b1d13/012-sf-the-padbury-cambridge-green-JPEG-Keepmoat-1024x683-72ppi.jpg","Staged showhome interior space."
"Cambridge Green, Grimsby","The Padbury","2","https://www.keepmoat.com/cambridge-green-grimsby/the-padbury-semi-detached","images/bcdcb79055093a52005b5e11a7e903429f610732c150b5f5d17330162415cc78.jpg","https://www.keepmoat.com/getmedia/ac3a8690-77b1-4f01-9f09-cb68d56184a4/014-sf-the-padbury-cambridge-green-JPEG-Keepmoat-1024x683-72ppi.jpg","Staged showhome interior space."
"Cambridge Green, Grimsby","The Seacourt","3","https://www.keepmoat.com/cambridge-green-grimsby/the-seacourt","images/fc677c0a966ddc922528874ceaed326b4be9809a7d94621a07cfa0a0b60bbf6a.jpg","https://www.keepmoat.com/getmedia/62ae9846-aca6-4908-a754-d0946d6d2b7f/004-sf-the-seacourt-liberty-rise-hull.jpg","Staged showhome interior space."
"Cambridge Green, Grimsby","The Seacourt","3","https://www.keepmoat.com/cambridge-green-grimsby/the-seacourt","images/c02b152deab1305ca28ed892cf37de4e6051899adc17bfa2b82c44e5a038497f.jpg","https://www.keepmoat.com/getmedia/f5b60309-2498-4f72-9120-aa109bf15b09/006-sf-the-seacourt-liberty-rise-hull.jpg","Staged showhome interior space."
"Cambridge Green, Grimsby","The Seacourt","3","https://www.keepmoat.com/cambridge-green-grimsby/the-seacourt","images/600f02fd636a932649ba7563bcd5158949d938ba03e18d8107618aae000215fd.jpg","https://www.keepmoat.com/getmedia/1d69fdcc-96fa-4499-b2f6-5ac329acab16/009-sf-the-seacourt-liberty-rise-hull.jpg","Staged showhome interior space."
"Cambridge Green, Grimsby","The Seacourt","3","https://www.keepmoat.com/cambridge-green-grimsby/the-seacourt","images/f6b1ca1d005aa6025d4e7398292dabe1ce573a45d58d7fefb28e79f71b231d3d.jpg","https://www.keepmoat.com/getmedia/cb971f5a-c93d-4525-9159-201e4d4dc234/008-sf-the-seacourt-liberty-rise-hull.jpg","Staged showhome interior space."
"Cambridge Green, Grimsby","The Seacourt","3","https://www.keepmoat.com/cambridge-green-grimsby/the-seacourt","images/9d9a5c53205a05d110e5667b9f37e807e143201f3cddac591f23d3c3825eb998.jpg","https://www.keepmoat.com/getmedia/a86e58d8-7a1b-4f42-993a-772391c6551a/016-sf-the-seacourt-liberty-rise-hull.jpg","Staged showhome interior space."
"Cambridge Green, Grimsby","The Seacourt","3","https://www.keepmoat.com/cambridge-green-grimsby/the-seacourt","images/867e5a3201d317be82f14a6f9431dddf4f1a8d5c37b67bb5d68d2bb63b1c567e.jpg","https://www.keepmoat.com/getmedia/9ac97a77-beb6-475a-9d11-190525f86f61/011-sf-the-seacourt-liberty-rise-hull.jpg","Staged showhome interior space."
"Cambridge Green, Grimsby","The Seacourt","3","https://www.keepmoat.com/cambridge-green-grimsby/the-seacourt","images/8608e161f5a110a66153049ce58f4d2e45a5f969062d2c3c223441e20a38b38a.jpg","https://www.keepmoat.com/getmedia/03f5b835-3d20-4910-88d9-63521099e2ab/013-sf-the-seacourt-liberty-rise-hull.jpg","Staged showhome interior space."
"Cambridge Green, Grimsby","The Longford","4","https://www.keepmoat.com/cambridge-green-grimsby/the-longford","images/e296bed1c141eacc8c862db2108bd94eea21298daaebd7c8c9ce289bce294bd9.jpg","https://www.keepmoat.com/getmedia/d7ca4e7f-260f-445b-9571-e054c417ae53/8644963-interior28-800-jpg-web.jpg","Staged showhome interior space."
"Cambridge Green, Grimsby","The Longford","4","https://www.keepmoat.com/cambridge-green-grimsby/the-longford","images/eaf7c327f32c504e308abb371c7f195f736de80769d43e78da61ae19926642c9.jpg","https://www.keepmoat.com/getmedia/eaf50ddc-62dc-4e76-b649-219341ca5017/8644963-interior30-800-jpg-web.jpg","Staged showhome interior space."
"Cambridge Green, Grimsby","The Longford","4","https://www.keepmoat.com/cambridge-green-grimsby/the-longford","images/bb7b05362c6af4158e7505df82db4a06b6be42ebf841c869974e4ad73ef36be5.jpg","https://www.keepmoat.com/getmedia/5ad996e6-c06c-4f38-b556-8c3ad7a37269/8644963-interior08-800.jpg","Staged showhome interior space."
"Cambridge Green, Grimsby","The Longford","4","https://www.keepmoat.com/cambridge-green-grimsby/the-longford","images/dd6ff8d4c54ed66079887cbacaa7149c5bf2b371a573c2fcdbd45cfb7a513734.jpg","https://www.keepmoat.com/getmedia/ad6bebd3-13ce-455b-b1e0-efa84096ee7a/8644963-interior10-800-jpg-web.jpg","Staged showhome interior space."
"Cambridge Green, Grimsby","The Longford","4","https://www.keepmoat.com/cambridge-green-grimsby/the-longford","images/05dac734a154b368669545190a99459846ebecdc6eabdbb75b77b4580535802f.jpg","https://www.keepmoat.com/getmedia/e730a19a-040f-4a78-b319-e0a6a6be9f26/8644963-interior11-800-jpg-web.jpg","Staged showhome interior space."
"Cambridge Green, Grimsby","The Longford","4","https://www.keepmoat.com/cambridge-green-grimsby/the-longford","images/80da1e1da34c8539cde257bad5fd87bf4899ba36a417b76fc3d3007cded05e61.jpg","https://www.keepmoat.com/getmedia/7887b31d-1145-4592-8b9d-42a330c341f4/8644963-interior57-800-jpg-web.jpg","Staged showhome interior space."
"Cambridge Green, Grimsby","The Longford","4","https://www.keepmoat.com/cambridge-green-grimsby/the-longford","images/42a8de62a426517b755f9923444d268490d3e8f0a78a411d0755b4f5d1e38edc.jpg","https://www.keepmoat.com/getmedia/5f2a0d0f-b3da-401c-aa7d-3b0842140aac/8644963-interior60-800-jpg-web.jpg","Staged showhome interior space."
"Cambridge Green, Grimsby","The Longford","4","https://www.keepmoat.com/cambridge-green-grimsby/the-longford","images/988d0fbebd18f531fa2e83d6e1ab2dec5cdc923bdf6c5593aab68be79484da55.jpg","https://www.keepmoat.com/getmedia/0584d482-79b5-45c5-9e98-47b6858099c0/8644963-interior42-800-jpg-web.jpg","Staged showhome interior space."
"Cambridge Green, Grimsby","The Longford","4","https://www.keepmoat.com/cambridge-green-grimsby/the-longford","images/46a1cc026b09f5c1e3f1e269ae5b6c3b4de2551a8be3b928b3bfa3f1f68b6ad3.jpg","https://www.keepmoat.com/getmedia/d2ecb076-17c4-4825-9f6b-1b32401fad71/8644963-interior35-800-jpg-web.jpg","Staged showhome interior space."
"Cambridge Green, Grimsby","The Longford","4","https://www.keepmoat.com/cambridge-green-grimsby/the-longford","images/7db7c3dbe6f7584fd87b7266934d87b307bbc81852b602d90109c6dea57fddfd.jpg","https://www.keepmoat.com/getmedia/55894d75-a6dc-4986-8b13-f77725b2ac4a/8644963-interior46-800-jpg-web.jpg","Staged showhome interior space."
"Cambridge Green, Grimsby","The Devoke","4","https://www.keepmoat.com/cambridge-green-grimsby/the-devoke","images/380fed948d1dad91d84c7c82eaf5b093c6f5c053618e2ccfef08008d15a4e6ea.jpg","https://www.keepmoat.com/getmedia/f81b482f-1ccb-47f9-a9fd-fa4a806368cf/3-Devoke.jpg","Staged showhome interior space."
"Cambridge Green, Grimsby","The Devoke","4","https://www.keepmoat.com/cambridge-green-grimsby/the-devoke","images/ebb332a557359452d059124b1e0beb815e903bb1de79dcb05dc002d252a87715.jpg","https://www.keepmoat.com/getmedia/d167a516-7076-4d5f-8022-bc3a35fa8fe0/5-Devoke.jpg","Staged showhome interior space."
"Cambridge Green, Grimsby","The Devoke","4","https://www.keepmoat.com/cambridge-green-grimsby/the-devoke","images/1033a80f2b4525bab68a58874bbe1d60b77e71042c5204df8b67d69dc5f8e704.jpg","https://www.keepmoat.com/getmedia/3e24c273-bf32-4e57-a000-c51634fe32bb/4-Devoke.jpg","Staged showhome interior space."
"Cambridge Green, Grimsby","The Devoke","4","https://www.keepmoat.com/cambridge-green-grimsby/the-devoke","images/62abae8fd2b2005be176e670c969fd855da8f8e0cb702f776a7c833b8a0bae91.jpg","https://www.keepmoat.com/getmedia/554fbe1f-2f08-4ad2-bf5f-a520903ac39d/7-Devoke.jpg","Staged showhome interior space."
"Cambridge Green, Grimsby","The Devoke","4","https://www.keepmoat.com/cambridge-green-grimsby/the-devoke","images/006a3e5dee5e7cdb59aca5b9ec5e4acff6d2acce788b1e2234fc27460c5fd519.jpg","https://www.keepmoat.com/getmedia/fe16fdf1-1a5f-477f-8568-c5f177ac8c1a/10-Devoke.jpg","Staged showhome interior space."
"Cambridge Green, Grimsby","The Devoke","4","https://www.keepmoat.com/cambridge-green-grimsby/the-devoke","images/ffcee3d5249a612b3c6a81eaf71e426d3464635ca1992da50c2a514c3f29a8ef.jpg","https://www.keepmoat.com/getmedia/26b153e1-84a7-4258-be7a-bee336038e41/6-Devoke.jpg","Staged showhome interior space."
"Cambridge Green, Grimsby","The Devoke","4","https://www.keepmoat.com/cambridge-green-grimsby/the-devoke","images/000c37dba157d2f38ad9d710e2387288265bacb76dd5a9098698b63e7e85fdd5.jpg","https://www.keepmoat.com/getmedia/b1a13cb6-5877-4525-812b-a35d734b7e40/9-Devoke.jpg","Staged showhome interior space."
"Cambridge Green, Grimsby","The Devoke","4","https://www.keepmoat.com/cambridge-green-grimsby/the-devoke","images/8fb2c6213ede16730d2c4f58b28155e4147ae97c8d99384a8d85446b76feef28.jpg","https://www.keepmoat.com/getmedia/3e2c00cd-c518-4959-81d8-97ee6f3b58ee/8-Devoke.jpg","Staged showhome interior space."
"Poppy Place, Driffield","The Pepper 2","3","https://www.keepmoat.com/poppy-place-driffield/the-pepper-2","images/edbcacc7ca50c6614dead9f1c282113cea04b1b57b443ea91c89cd2770a78a73.jpg","https://www.keepmoat.com/getmedia/3c6d3288-ff16-422e-87f0-585e433a9633/008-sf-the-pepper-cambridge-green-JPEG-Keepmoat-1024x683-72ppi.jpg","Staged showhome interior space."
"Poppy Place, Driffield","The Pepper 2","3","https://www.keepmoat.com/poppy-place-driffield/the-pepper-2","images/9df99aaa181806e6358be1ddb5dfdad2087da51896087dbbe85dc8b486acff42.jpg","https://www.keepmoat.com/getmedia/7e3a8853-c76e-47ce-bca2-0e401bf2cb50/010-sf-the-pepper-cambridge-green-JPEG-Keepmoat-1024x683-72ppi.jpg","Staged showhome interior space."
"Poppy Place, Driffield","The Pepper 2","3","https://www.keepmoat.com/poppy-place-driffield/the-pepper-2","images/c450342db068ecceb9782bec9b5dde16e421ce85f298a2478159fb339dca6269.jpg","https://www.keepmoat.com/getmedia/befee703-cb38-4ec4-8c11-287dd712a25c/006-sf-the-pepper-cambridge-green-JPEG-Keepmoat-1024x683-72ppi.jpg","Staged showhome interior space."
"Poppy Place, Driffield","The Pepper 2","3","https://www.keepmoat.com/poppy-place-driffield/the-pepper-2","images/9a63689ad72176969e33909984c8cefe8be39a58ecb217174063f8cd9a836dbd.jpg","https://www.keepmoat.com/getmedia/b0b1d694-69b6-41c8-a2f9-c7701656985a/003-sf-the-pepper-cambridge-green-JPEG-Keepmoat-1024x683-72ppi.jpg","Staged showhome interior space."
"Poppy Place, Driffield","The Pepper 2","3","https://www.keepmoat.com/poppy-place-driffield/the-pepper-2","images/b2acb14e7e09db5c2ff97a75fd0bb9920a333f15b07d879e2d4832ea29566a88.jpg","https://www.keepmoat.com/getmedia/edb13751-1ae0-4eea-9265-ac1a8baa2da1/005-sf-the-pepper-cambridge-green-JPEG-Keepmoat-1024x683-72ppi.jpg","Staged showhome interior space."
"Poppy Place, Driffield","The Pepper 2","3","https://www.keepmoat.com/poppy-place-driffield/the-pepper-2","images/f3774474253c9375af38096b0abee9cd1b1ee2b7d16d566cc5e61cbbf8554681.jpg","https://www.keepmoat.com/getmedia/185011da-4a3c-45dd-85a1-6428bcdb2f02/021-sf-the-pepper-cambridge-green-JPEG-Keepmoat-1024x683-72ppi.jpg","Staged showhome interior space."
"Poppy Place, Driffield","The Pepper 2","3","https://www.keepmoat.com/poppy-place-driffield/the-pepper-2","images/ae40b70a16c86300d3f5318b9ccde4c0ce93e9d414ff416b3aaa0b3cd8eb77d8.jpg","https://www.keepmoat.com/getmedia/f3dae590-a2e4-45a8-939a-65859ffc06dc/1024x683Image(29).jpg","Staged showhome interior space."
"Poppy Place, Driffield","The Pepper 2","3","https://www.keepmoat.com/poppy-place-driffield/the-pepper-2","images/5e7b708b6c0d8b9efdba34e5e7be1cd7a746ad2f016c3a2d4a35e8749f571ca7.jpg","https://www.keepmoat.com/getmedia/680e9966-05fa-45d9-a82e-ddab136b6e1f/018-sf-the-pepper-cambridge-green-JPEG-Keepmoat-1024x683-72ppi.jpg","Staged showhome interior space."
"Poppy Place, Driffield","The Pepper 2","3","https://www.keepmoat.com/poppy-place-driffield/the-pepper-2","images/465f5a9f5188b00b0c040307c9735000e08594abf2d2ddff2ec683ae34233c1f.jpg","https://www.keepmoat.com/getmedia/e7be1797-3fb0-44dc-be09-ce1d5825e618/022-sf-the-pepper-cambridge-green-JPEG-Keepmoat-1024x683-72ppi.jpg","Staged showhome interior space."
"Poppy Place, Driffield","The Longford","4","https://www.keepmoat.com/poppy-place-driffield/the-longford","images/eaf7c327f32c504e308abb371c7f195f736de80769d43e78da61ae19926642c9.jpg","https://www.keepmoat.com/getmedia/eaf50ddc-62dc-4e76-b649-219341ca5017/8644963-interior30-800-jpg-web.jpg","Staged showhome interior space."
"Poppy Place, Driffield","The Longford","4","https://www.keepmoat.com/poppy-place-driffield/the-longford","images/e296bed1c141eacc8c862db2108bd94eea21298daaebd7c8c9ce289bce294bd9.jpg","https://www.keepmoat.com/getmedia/d7ca4e7f-260f-445b-9571-e054c417ae53/8644963-interior28-800-jpg-web.jpg","Staged showhome interior space."
"Poppy Place, Driffield","The Longford","4","https://www.keepmoat.com/poppy-place-driffield/the-longford","images/05dac734a154b368669545190a99459846ebecdc6eabdbb75b77b4580535802f.jpg","https://www.keepmoat.com/getmedia/e730a19a-040f-4a78-b319-e0a6a6be9f26/8644963-interior11-800-jpg-web.jpg","Staged showhome interior space."
"Poppy Place, Driffield","The Longford","4","https://www.keepmoat.com/poppy-place-driffield/the-longford","images/dd6ff8d4c54ed66079887cbacaa7149c5bf2b371a573c2fcdbd45cfb7a513734.jpg","https://www.keepmoat.com/getmedia/ad6bebd3-13ce-455b-b1e0-efa84096ee7a/8644963-interior10-800-jpg-web.jpg","Staged showhome interior space."
"Poppy Place, Driffield","The Longford","4","https://www.keepmoat.com/poppy-place-driffield/the-longford","images/bb7b05362c6af4158e7505df82db4a06b6be42ebf841c869974e4ad73ef36be5.jpg","https://www.keepmoat.com/getmedia/5ad996e6-c06c-4f38-b556-8c3ad7a37269/8644963-interior08-800.jpg","Staged showhome interior space."
"Poppy Place, Driffield","The Longford","4","https://www.keepmoat.com/poppy-place-driffield/the-longford","images/80da1e1da34c8539cde257bad5fd87bf4899ba36a417b76fc3d3007cded05e61.jpg","https://www.keepmoat.com/getmedia/7887b31d-1145-4592-8b9d-42a330c341f4/8644963-interior57-800-jpg-web.jpg","Staged showhome interior space."
"Poppy Place, Driffield","The Longford","4","https://www.keepmoat.com/poppy-place-driffield/the-longford","images/42a8de62a426517b755f9923444d268490d3e8f0a78a411d0755b4f5d1e38edc.jpg","https://www.keepmoat.com/getmedia/5f2a0d0f-b3da-401c-aa7d-3b0842140aac/8644963-interior60-800-jpg-web.jpg","Staged showhome interior space."
"Poppy Place, Driffield","The Longford","4","https://www.keepmoat.com/poppy-place-driffield/the-longford","images/988d0fbebd18f531fa2e83d6e1ab2dec5cdc923bdf6c5593aab68be79484da55.jpg","https://www.keepmoat.com/getmedia/0584d482-79b5-45c5-9e98-47b6858099c0/8644963-interior42-800-jpg-web.jpg","Staged showhome interior space."
"Poppy Place, Driffield","The Longford","4","https://www.keepmoat.com/poppy-place-driffield/the-longford","images/46a1cc026b09f5c1e3f1e269ae5b6c3b4de2551a8be3b928b3bfa3f1f68b6ad3.jpg","https://www.keepmoat.com/getmedia/d2ecb076-17c4-4825-9f6b-1b32401fad71/8644963-interior35-800-jpg-web.jpg","Staged showhome interior space."
"Poppy Place, Driffield","The Longford","4","https://www.keepmoat.com/poppy-place-driffield/the-longford","images/7db7c3dbe6f7584fd87b7266934d87b307bbc81852b602d90109c6dea57fddfd.jpg","https://www.keepmoat.com/getmedia/55894d75-a6dc-4986-8b13-f77725b2ac4a/8644963-interior46-800-jpg-web.jpg","Staged showhome interior space."
"Poppy Place, Driffield","The Newham","4","https://www.keepmoat.com/poppy-place-driffield/the-newham","images/8608e161f5a110a66153049ce58f4d2e45a5f969062d2c3c223441e20a38b38a.jpg","https://www.keepmoat.com/getmedia/03f5b835-3d20-4910-88d9-63521099e2ab/013-sf-the-seacourt-liberty-rise-hull.jpg","Staged showhome interior space."
"New Homes Available","The Mersey","","https://www.keepmoat.com/cable-wharf-northfleet/the-mersey","images/195ac6ba176926b3bf332a2abfdb376fb14fa77faea1aff0f209b6d25d71c6b0.jpg","https://www.keepmoat.com/getmedia/ca00d868-2f30-43ba-a8a3-cc7b89123910/924-CableWharf-Dusk-1024x683.jpg","Staged showhome interior space."
"New Homes Available","The Mersey","","https://www.keepmoat.com/cable-wharf-northfleet/the-mersey","images/7ee06c24e6bc6de4014d1b57abfc30cc0daca984a66faedce142dd7888d11ed6.jpg","https://www.keepmoat.com/getmedia/97ef45e4-7b7a-458b-b1d0-e3e2198baf6c/8633604-stills-interior01(1)-800.jpg","Staged showhome interior space."
"New Homes Available","The Mersey","","https://www.keepmoat.com/cable-wharf-northfleet/the-mersey","images/e1ae040e8150c372415da48d07331714eab83816be336810066ac15c0201c8d5.jpg","https://www.keepmoat.com/getmedia/cc342a34-678f-44c8-b662-cf5eaa148ed8/8633604-stills-interior03(1)-800.jpg","Staged showhome interior space."
"New Homes Available","The Mersey","","https://www.keepmoat.com/cable-wharf-northfleet/the-mersey","images/8364102143fd420dcd9817313a7b46c18197b689fd27a1af2fd6eb60f7144167.jpg","https://www.keepmoat.com/getmedia/40cc47f0-294b-4d8a-ada2-c418fbb7de5e/8633604-stills-interior06(1)-800.jpg","Staged showhome interior space."
"New Homes Available","The Mersey","","https://www.keepmoat.com/cable-wharf-northfleet/the-mersey","images/65176a159b0445e9f27f359539bc3c7df3c06070cd984795182ec1c5aca2d5ef.jpg","https://www.keepmoat.com/getmedia/9365894d-e490-4af3-aa32-98345471d33f/8633604-stills-interior09(1)-800.jpg","Staged showhome interior space."
"New Homes Available","The Mersey","","https://www.keepmoat.com/cable-wharf-northfleet/the-mersey","images/f2890d4bba89e49f2659d2db7574bb5e920d32c1d2242931ba66a77de8bfc1b1.jpg","https://www.keepmoat.com/getmedia/26efe8d2-2b60-4784-a57b-0b5b76dcfac9/8633604-stills-interior10(1)-800.jpg","Staged showhome interior space."
"New Homes Available","The Mersey","","https://www.keepmoat.com/cable-wharf-northfleet/the-mersey","images/8b47fe45bb915d4b76ac573c1ca756ad321892065b1848d341e802999901453d.jpg","https://www.keepmoat.com/getmedia/01af4edd-f00a-4abe-8ecd-e3a288fcea19/8633604-stills-interior12(1)-800.jpg","Staged showhome interior space."
"New Homes Available","The Mersey","","https://www.keepmoat.com/cable-wharf-northfleet/the-mersey","images/d8ff876f31e423b9979e38a3def8fcf6b4c875810c72d9d646611e0db5a467c9.jpg","https://www.keepmoat.com/getmedia/45b8df8b-9406-4a43-9921-9abaa788b705/8633604-stills-interior13(1)-800.jpg","Staged showhome interior space."
"New Homes Available","The Mersey","","https://www.keepmoat.com/cable-wharf-northfleet/the-mersey","images/43b69921bb5e1740d5412c4b5a847e53dccf46861c4bb65ce75b687427451bb1.jpg","https://www.keepmoat.com/getmedia/e8fef315-7601-415b-8956-9ccadacdbb9a/KMSM0211-Keepmoat-CableWharf-USP-Website-Infographic-1024x684px-JUN26-V2-Option-1_4.jpg","Staged showhome interior space."
"New Homes Available","The Hoveton","","https://www.keepmoat.com/stallings-place-kingswinford/the-hoveton","images/1049a8ec5efd4edaa5900beeeb8f6af4efd2f0c9a64674daa2f7094c9d549add.jpg","https://www.keepmoat.com/getmedia/bf4bf8f5-0004-4d62-a696-f4f3bdc35ba6/017-sf-the-hardwick-kestrel-gardens.jpg","Staged showhome interior space."
"New Homes Available","The Longford","","https://www.keepmoat.com/sketchley-meadows/the-longford","images/eaf7c327f32c504e308abb371c7f195f736de80769d43e78da61ae19926642c9.jpg","https://www.keepmoat.com/getmedia/eaf50ddc-62dc-4e76-b649-219341ca5017/8644963-interior30-800-jpg-web.jpg","Staged showhome interior space."
"New Homes Available","The Longford","","https://www.keepmoat.com/sketchley-meadows/the-longford","images/dd6ff8d4c54ed66079887cbacaa7149c5bf2b371a573c2fcdbd45cfb7a513734.jpg","https://www.keepmoat.com/getmedia/ad6bebd3-13ce-455b-b1e0-efa84096ee7a/8644963-interior10-800-jpg-web.jpg","Staged showhome interior space."
"New Homes Available","The Longford","","https://www.keepmoat.com/sketchley-meadows/the-longford","images/05dac734a154b368669545190a99459846ebecdc6eabdbb75b77b4580535802f.jpg","https://www.keepmoat.com/getmedia/e730a19a-040f-4a78-b319-e0a6a6be9f26/8644963-interior11-800-jpg-web.jpg","Staged showhome interior space."
"New Homes Available","The Longford","","https://www.keepmoat.com/sketchley-meadows/the-longford","images/e296bed1c141eacc8c862db2108bd94eea21298daaebd7c8c9ce289bce294bd9.jpg","https://www.keepmoat.com/getmedia/d7ca4e7f-260f-445b-9571-e054c417ae53/8644963-interior28-800-jpg-web.jpg","Staged showhome interior space."
"New Homes Available","The Longford","","https://www.keepmoat.com/sketchley-meadows/the-longford","images/80da1e1da34c8539cde257bad5fd87bf4899ba36a417b76fc3d3007cded05e61.jpg","https://www.keepmoat.com/getmedia/7887b31d-1145-4592-8b9d-42a330c341f4/8644963-interior57-800-jpg-web.jpg","Staged showhome interior space."
"New Homes Available","The Longford","","https://www.keepmoat.com/sketchley-meadows/the-longford","images/42a8de62a426517b755f9923444d268490d3e8f0a78a411d0755b4f5d1e38edc.jpg","https://www.keepmoat.com/getmedia/5f2a0d0f-b3da-401c-aa7d-3b0842140aac/8644963-interior60-800-jpg-web.jpg","Staged showhome interior space."
"New Homes Available","The Longford","","https://www.keepmoat.com/sketchley-meadows/the-longford","images/988d0fbebd18f531fa2e83d6e1ab2dec5cdc923bdf6c5593aab68be79484da55.jpg","https://www.keepmoat.com/getmedia/0584d482-79b5-45c5-9e98-47b6858099c0/8644963-interior42-800-jpg-web.jpg","Staged showhome interior space."
"New Homes Available","The Longford","","https://www.keepmoat.com/sketchley-meadows/the-longford","images/46a1cc026b09f5c1e3f1e269ae5b6c3b4de2551a8be3b928b3bfa3f1f68b6ad3.jpg","https://www.keepmoat.com/getmedia/d2ecb076-17c4-4825-9f6b-1b32401fad71/8644963-interior35-800-jpg-web.jpg","Staged showhome interior space."
"New Homes Available","The Longford","","https://www.keepmoat.com/sketchley-meadows/the-longford","images/7db7c3dbe6f7584fd87b7266934d87b307bbc81852b602d90109c6dea57fddfd.jpg","https://www.keepmoat.com/getmedia/55894d75-a6dc-4986-8b13-f77725b2ac4a/8644963-interior46-800-jpg-web.jpg","Staged showhome interior space."
"New Homes Available","The Buckingham","","https://www.keepmoat.com/sketchley-meadows/the-buckingham","images/7db7c3dbe6f7584fd87b7266934d87b307bbc81852b602d90109c6dea57fddfd.jpg","https://www.keepmoat.com/getmedia/55894d75-a6dc-4986-8b13-f77725b2ac4a/8644963-interior46-800-jpg-web.jpg","Staged showhome interior space."