"development","house_type","bedrooms","property_url","image_file","image_url","reason"
"Queensbury Manor","Queensbury Manor","","https://www.castlegreenhomes.uk/our-developments/north-west/queensbury-manor/","images/e4e2c7a668b75e2dde66cd902fe36379818eb5e3b0bcc86936e8204dfe6420ca.jpg","https://www.castlegreenhomes.uk/app/uploads/2021/06/CG-Marlborough-1-scaled.jpg","The image shows a furnished living area within a residential property."
"Queensbury Manor","Queensbury Manor","","https://www.castlegreenhomes.uk/our-developments/north-west/queensbury-manor/","images/9f92ca5bd636bc14f18bacb913af17001aeb355c7332670a40d5d1399a48708b.png","https://www.castlegreenhomes.uk/app/uploads/2021/06/1-1-1024x678.png","The image shows a kitchen interior."
"Queensbury Manor","Queensbury Manor","","https://www.castlegreenhomes.uk/our-developments/north-west/queensbury-manor/","images/eb8e4699a391b5572a3df2952ce60b2134e90a79b60977aff1b0822409d5eff8.png","https://www.castlegreenhomes.uk/app/uploads/2021/06/1-1-1-685x1024.png","The image shows built-in kitchen appliances and cabinetry."
"Queensbury Manor","Queensbury Manor","","https://www.castlegreenhomes.uk/our-developments/north-west/queensbury-manor/","images/098bf5607ff76e4869ef39e935d658cf0fd4c214fdfd9597f2e9704cfbb93c0f.png","https://www.castlegreenhomes.uk/app/uploads/2021/06/1-685x1024.png","The image shows a section of a living room."
"Queensbury Manor","Queensbury Manor","","https://www.castlegreenhomes.uk/our-developments/north-west/queensbury-manor/","images/432674a357c6c16969d57c45cdc9bca3fe15d28ec1e22e2a0e4324a1d3215666.png","https://www.castlegreenhomes.uk/app/uploads/2021/06/2-1-1024x678.png","The image shows a fully equipped kitchen."
"Queensbury Manor","Queensbury Manor","","https://www.castlegreenhomes.uk/our-developments/north-west/queensbury-manor/","images/8b1512eb5a08d82ef304ef8a012caf8f68f40b3cd3e3a095ffbe8d485166b2e0.png","https://www.castlegreenhomes.uk/app/uploads/2021/06/2-1-1-685x1024.png","This is an interior shot of a living room."
"Queensbury Manor","Queensbury Manor","","https://www.castlegreenhomes.uk/our-developments/north-west/queensbury-manor/","images/103f426e74bbbbac9fc1eb6e68b95aab369fe0c9b931d7fed7b3351c780f3c93.png","https://www.castlegreenhomes.uk/app/uploads/2021/06/2-685x1024.png","This is an interior shot of a kitchen."
"Queensbury Manor","Queensbury Manor","","https://www.castlegreenhomes.uk/our-developments/north-west/queensbury-manor/","images/7b7f5d068d4cd2f77a31cc1c96605422853a5f70dff45a29c7d97cc65be06ee4.png","https://www.castlegreenhomes.uk/app/uploads/2021/06/3-1-1024x678.png","This is an interior shot of a living room."
"Queensbury Manor","Queensbury Manor","","https://www.castlegreenhomes.uk/our-developments/north-west/queensbury-manor/","images/9d7a8c6fbab2fcc105dc122e383a716181bb8c209f31fe67b19776c0f776720f.png","https://www.castlegreenhomes.uk/app/uploads/2021/06/3-1-1-685x1024.png","This is a detail shot of a bedroom vanity or desk area."
"Queensbury Manor","Queensbury Manor","","https://www.castlegreenhomes.uk/our-developments/north-west/queensbury-manor/","images/6e2f6ea7c0e4b22dbdec434f8e975c308cf21ff0300742e391677fdcaa36960a.png","https://www.castlegreenhomes.uk/app/uploads/2021/06/4-1-1024x678.png","This is a living room interior."
"Queensbury Manor","Queensbury Manor","","https://www.castlegreenhomes.uk/our-developments/north-west/queensbury-manor/","images/660a6d76caa942a45d46124a6efe0cd7bdc110305241127233a6d2351de898f2.png","https://www.castlegreenhomes.uk/app/uploads/2021/06/4-1-1-685x1024.png","This is a detail shot of bathroom fixtures."
"Queensbury Manor","Queensbury Manor","","https://www.castlegreenhomes.uk/our-developments/north-west/queensbury-manor/","images/c752ed3313aac7026457837704b006e73febaf1e54a10b81fb0157de6561a908.png","https://www.castlegreenhomes.uk/app/uploads/2021/09/4-1-e1683645715798.png","The image shows a furnished bedroom."
"Queensbury Manor","Queensbury Manor","","https://www.castlegreenhomes.uk/our-developments/north-west/queensbury-manor/","images/a5d76207ce41a579669efb66d3f5e1f8cf472e8f4dfc6cc62e211cca7d0fc666.png","https://www.castlegreenhomes.uk/app/uploads/2021/06/5-685x1024.png","The image shows a bedroom vanity area with a desk and a bed in the background."
"Queensbury Manor","Queensbury Manor","","https://www.castlegreenhomes.uk/our-developments/north-west/queensbury-manor/","images/1f5e08b593506c0c5a0fe9cc036994477a87217585385bedb53fbfbed9075148.png","https://www.castlegreenhomes.uk/app/uploads/2021/06/6-1-685x1024.png","The image shows a bathroom interior."
"Queensbury Manor","Queensbury Manor","","https://www.castlegreenhomes.uk/our-developments/north-west/queensbury-manor/","images/cb2285be8a708b19aafea1148538f7fbdc8d13fe979178ee7c3edd11f9b0f9ea.png","https://www.castlegreenhomes.uk/app/uploads/2021/06/7-1-1024x678.png","The image shows a bedroom with a bed and a desk."
"Queensbury Manor","Queensbury Manor","","https://www.castlegreenhomes.uk/our-developments/north-west/queensbury-manor/","images/bc190a813dff5e2edf8b5e79608006cf786c5952435cf4b6de7de28340f068eb.png","https://www.castlegreenhomes.uk/app/uploads/2021/06/7-1-1-685x1024.png","This is a functional utility room space within a home."
"Queensbury Manor","Queensbury Manor","","https://www.castlegreenhomes.uk/our-developments/north-west/queensbury-manor/","images/8b5b66e100db3675ca9974550604fcaeb6eef6f3047df2759eeba5f16e0d5aef.png","https://www.castlegreenhomes.uk/app/uploads/2021/06/7-e1683647416777.png","This is a dining area within an open-plan living space."
"Queensbury Manor","Queensbury Manor","","https://www.castlegreenhomes.uk/our-developments/north-west/queensbury-manor/","images/d4f3039a79b27d1a72e8b3688af952778105a5905daa3f4d1f442732ebaa49f4.png","https://www.castlegreenhomes.uk/app/uploads/2021/06/8-1-1024x678.png","This is a dressing area connected to a bathroom."
"Queensbury Manor","Queensbury Manor","","https://www.castlegreenhomes.uk/our-developments/north-west/queensbury-manor/","images/c6c7cf95e0967fd0dd39e4511680d2da44042e4f51f8162dd61055e69a7a7f0c.png","https://www.castlegreenhomes.uk/app/uploads/2021/06/8-1-1-685x1024.png","This is a living room space."
"Queensbury Manor","Queensbury Manor","","https://www.castlegreenhomes.uk/our-developments/north-west/queensbury-manor/","images/838d62eabe2e513658e2be78a586359e1ef15989a8491ec01f7f81ba0ef1861a.png","https://www.castlegreenhomes.uk/app/uploads/2021/06/9-1024x678.png","The image shows a functional bathroom space with sanitaryware."
"Queensbury Manor","Queensbury Manor","","https://www.castlegreenhomes.uk/our-developments/north-west/queensbury-manor/","images/4aaf84bfea1774fda6eadf3051f675a8f6ed0a6eccaecb967844d1f49c261eb1.png","https://www.castlegreenhomes.uk/app/uploads/2021/06/10-1-1024x678.png","This is a detail shot of bathroom fixtures."
"Queensbury Manor","Queensbury Manor","","https://www.castlegreenhomes.uk/our-developments/north-west/queensbury-manor/","images/d81c6d642813caffa8fe5620d8c9b2ffa11a444c3a2143800c595ba770bfbd2f.png","https://www.castlegreenhomes.uk/app/uploads/2021/06/10-1-1-685x1024.png","This is an interior shot of a kitchen."
"Queensbury Manor","Queensbury Manor","","https://www.castlegreenhomes.uk/our-developments/north-west/queensbury-manor/","images/9aa112500c57cd554d5bbd6830280af81a12b1d9b53db5a982eb397d42ba5689.png","https://www.castlegreenhomes.uk/app/uploads/2021/06/10-1-2-1024x678.png","The image shows a kitchen and dining area."
"Queensbury Manor","Queensbury Manor","","https://www.castlegreenhomes.uk/our-developments/north-west/queensbury-manor/","images/444db6373a6f2130a1712b23f00ae908bfb914aa5f97810e2862a24d31850ea3.png","https://www.castlegreenhomes.uk/app/uploads/2021/06/11-1-e1683647459471.png","The image shows a furnished bedroom."
"Queensbury Manor","Queensbury Manor","","https://www.castlegreenhomes.uk/our-developments/north-west/queensbury-manor/","images/c1a2035d95841e00e7df1267eb6e9d9a3aeafad4e31987f495c747a0b65c977e.png","https://www.castlegreenhomes.uk/app/uploads/2021/06/11-1-1-685x1024.png","The image shows kitchen appliances and fixtures."
"Queensbury Manor","Queensbury Manor","","https://www.castlegreenhomes.uk/our-developments/north-west/queensbury-manor/","images/464a95d2b23454d65ac10154b5783790a207614f7b88587b6094d29a72b29c4d.png","https://www.castlegreenhomes.uk/app/uploads/2021/09/11-1-e1683643972827.png","The image shows a bedroom interior with a bed and a desk."
"Queensbury Manor","Queensbury Manor","","https://www.castlegreenhomes.uk/our-developments/north-west/queensbury-manor/","images/d787aecf6db0753edc8aef389227d48f9a6a11fc9682367e0a93144b67a5334d.png","https://www.castlegreenhomes.uk/app/uploads/2021/09/11-e1683643954491-685x1024.png","The image shows a furnished bedroom."
"Queensbury Manor","Queensbury Manor","","https://www.castlegreenhomes.uk/our-developments/north-west/queensbury-manor/","images/28d1e2639e167ad0b6e8c776b25704acc897cd06fc7ea460ec62fa9bbebf1c9f.png","https://www.castlegreenhomes.uk/app/uploads/2021/06/12-1024x678.png","The image shows a bedroom with a bed."
"Queensbury Manor","Queensbury Manor","","https://www.castlegreenhomes.uk/our-developments/north-west/queensbury-manor/","images/dd9dc708535ffc1d65a477383c2de7bfeb6811a5ec4b6b132e88677ac9b6fb56.png","https://www.castlegreenhomes.uk/app/uploads/2021/06/13-1-1024x678.png","The image shows a bedroom with a bed and a desk."
"Queensbury Manor","Queensbury Manor","","https://www.castlegreenhomes.uk/our-developments/north-west/queensbury-manor/","images/bb3c3e6ac1226cffe6c602e205d53b95373bb52cd6251dcacb2c413a28d59d71.png","https://www.castlegreenhomes.uk/app/uploads/2021/06/15-1-1024x678.png","The image shows a bathroom interior."
"Queensbury Manor","Queensbury Manor","","https://www.castlegreenhomes.uk/our-developments/north-west/queensbury-manor/","images/035cf3d7a702e2a2c816d8a5daccc4ff0c9be00bb1875d0bb37df9466a559956.png","https://www.castlegreenhomes.uk/app/uploads/2021/06/15-1024x678.png","The image depicts a furnished living area."
"Parc y Coed","Parc y Coed","","https://www.castlegreenhomes.uk/our-developments/north-wales/parc-y-coed/","images/c97dec50ca0ffd7ea02c34a8538f1340253036d9b60dc1adf10742e6a89509ed.jpg","https://www.castlegreenhomes.uk/app/uploads/2021/09/Parc-Y-Coed-Full-Image.jpeg","The image depicts the exterior environment of a housing development."
"Parc y Coed","Parc y Coed","","https://www.castlegreenhomes.uk/our-developments/north-wales/parc-y-coed/","images/93e710148b68bf7daad96149a7c7268f5efc9ad3fe20c300e9f20914994cce36.png","https://www.castlegreenhomes.uk/app/uploads/2021/06/14-1024x678.png","The image shows a dining space within a home."
"Parc y Coed","Parc y Coed","","https://www.castlegreenhomes.uk/our-developments/north-wales/parc-y-coed/","images/bb3c3e6ac1226cffe6c602e205d53b95373bb52cd6251dcacb2c413a28d59d71.png","https://www.castlegreenhomes.uk/app/uploads/2021/06/15-1-1024x678.png","The image shows a bathroom interior."
"Parc y Coed","Parc y Coed","","https://www.castlegreenhomes.uk/our-developments/north-wales/parc-y-coed/","images/035cf3d7a702e2a2c816d8a5daccc4ff0c9be00bb1875d0bb37df9466a559956.png","https://www.castlegreenhomes.uk/app/uploads/2021/06/15-1024x678.png","The image depicts a furnished living area."
"Parc y Coed","Parc y Coed","","https://www.castlegreenhomes.uk/our-developments/north-wales/parc-y-coed/","images/ebd4aec3b2187d8eaa9bb098a017bc2ac9673c890cf2b626d638384dfe042003.png","https://www.castlegreenhomes.uk/app/uploads/2021/06/16-1-1024x678.png","The image shows a bedroom with a bed."
"Parc y Coed","Parc y Coed","","https://www.castlegreenhomes.uk/our-developments/north-wales/parc-y-coed/","images/9aa112500c57cd554d5bbd6830280af81a12b1d9b53db5a982eb397d42ba5689.png","https://www.castlegreenhomes.uk/app/uploads/2021/06/10-1-2-1024x678.png","The image shows a kitchen and dining area."
"Parc y Coed","Parc y Coed","","https://www.castlegreenhomes.uk/our-developments/north-wales/parc-y-coed/","images/a754c11110ac737fc64ee5e593262869bfa1858710ebdeca46d1db80af2090ff.png","https://www.castlegreenhomes.uk/app/uploads/2021/06/9-1-e1683647407106.png","This is an interior shot of a dining room."
"Parc y Coed","Parc y Coed","","https://www.castlegreenhomes.uk/our-developments/north-wales/parc-y-coed/","images/d81c6d642813caffa8fe5620d8c9b2ffa11a444c3a2143800c595ba770bfbd2f.png","https://www.castlegreenhomes.uk/app/uploads/2021/06/10-1-1-685x1024.png","This is an interior shot of a kitchen."
"Cae Felin","Cae Felin","","https://www.castlegreenhomes.uk/our-developments/north-wales/cae-felin/","images/464a95d2b23454d65ac10154b5783790a207614f7b88587b6094d29a72b29c4d.png","https://www.castlegreenhomes.uk/app/uploads/2021/09/11-1-e1683643972827.png","The image shows a bedroom interior with a bed and a desk."
"Cae Felin","Cae Felin","","https://www.castlegreenhomes.uk/our-developments/north-wales/cae-felin/","images/6d8423cc2de5697bd56751e37643ff0f805e20d39b837d7849735646c5015f59.jpg","https://www.castlegreenhomes.uk/app/uploads/2021/09/Cae-Felin-Street-Scene-scaled.jpg","The image shows the exterior of residential properties."
"Cae Felin","Cae Felin","","https://www.castlegreenhomes.uk/our-developments/north-wales/cae-felin/","images/cf56932d8f6fe937e841a577808efa59329a91e67d1c1428b4a16eb02b580159.jpg","https://www.castlegreenhomes.uk/app/uploads/2021/08/Castle-Green-Cae-Felin-180120-048-scaled.jpg","The image shows a dining room interior."
"Cae Felin","Cae Felin","","https://www.castlegreenhomes.uk/our-developments/north-wales/cae-felin/","images/7a7c1c1eab18cad85f9ecb208f73f7b84111d9970b78d73325bd595f5f3072cc.jpg","https://www.castlegreenhomes.uk/app/uploads/2021/08/Castle-Green-Cae-Felin-180120-009-scaled.jpg","The image shows a furnished living room space."
"Cae Felin","Cae Felin","","https://www.castlegreenhomes.uk/our-developments/north-wales/cae-felin/","images/94195aea2fa415038c847327cd6df8e43777f6bb26536c8675b91c3c080d74bf.jpg","https://www.castlegreenhomes.uk/app/uploads/2021/08/Castle-Green-Cae-Felin-180120-066-scaled.jpg","The image shows a bedroom with a bed and a small desk."
"Cae Felin","Cae Felin","","https://www.castlegreenhomes.uk/our-developments/north-wales/cae-felin/","images/23724fc5d3b0d301c4c42e33d9073ad28291377b92c42fc0351634a589b89274.jpg","https://www.castlegreenhomes.uk/app/uploads/2021/09/3-2-1024x678.jpeg","This is an exterior view of a residential property."
"Cae Felin","Cae Felin","","https://www.castlegreenhomes.uk/our-developments/north-wales/cae-felin/","images/35c35390653508b03ec304819a48d8b00f9e6e4e79d271d0feb462bfecc3b30d.jpg","https://www.castlegreenhomes.uk/app/uploads/2021/09/1-1024x678.jpeg","This is an exterior view of a residential development."
"Cae Felin","Cae Felin","","https://www.castlegreenhomes.uk/our-developments/north-wales/cae-felin/","images/7f987931f64b523a3e816cd6e19e581e0b71c92b88ef361ae83e335e054a3c28.jpg","https://www.castlegreenhomes.uk/app/uploads/2021/09/4-2-e1683645117162-1024x678.jpeg","This is an exterior view of a residential property."
"Cae Felin","Cae Felin","","https://www.castlegreenhomes.uk/our-developments/north-wales/cae-felin/","images/035cf3d7a702e2a2c816d8a5daccc4ff0c9be00bb1875d0bb37df9466a559956.png","https://www.castlegreenhomes.uk/app/uploads/2021/06/15-1024x678.png","The image depicts a furnished living area."
"Cae Felin","Cae Felin","","https://www.castlegreenhomes.uk/our-developments/north-wales/cae-felin/","images/ebd4aec3b2187d8eaa9bb098a017bc2ac9673c890cf2b626d638384dfe042003.png","https://www.castlegreenhomes.uk/app/uploads/2021/06/16-1-1024x678.png","The image shows a bedroom with a bed."
"Cae Felin","Cae Felin","","https://www.castlegreenhomes.uk/our-developments/north-wales/cae-felin/","images/098bf5607ff76e4869ef39e935d658cf0fd4c214fdfd9597f2e9704cfbb93c0f.png","https://www.castlegreenhomes.uk/app/uploads/2021/06/1-685x1024.png","The image shows a section of a living room."
"Cae Felin","Cae Felin","","https://www.castlegreenhomes.uk/our-developments/north-wales/cae-felin/","images/18d91c286610e65300a57a6bb448a81a865fb27df4031304a9d511fd4d6324c2.png","https://www.castlegreenhomes.uk/app/uploads/2021/09/2-1-e1683644100527.png","The image shows a bedroom interior with a bed and wardrobe."
"Cae Felin","Cae Felin","","https://www.castlegreenhomes.uk/our-developments/north-wales/cae-felin/","images/103f426e74bbbbac9fc1eb6e68b95aab369fe0c9b931d7fed7b3351c780f3c93.png","https://www.castlegreenhomes.uk/app/uploads/2021/06/2-685x1024.png","This is an interior shot of a kitchen."
"Cae Felin","Cae Felin","","https://www.castlegreenhomes.uk/our-developments/north-wales/cae-felin/","images/4a954397905929532d0f9e72327f00598f8575f0f6118e23b8280f488082f1b0.png","https://www.castlegreenhomes.uk/app/uploads/2021/09/3-1-e1683644061845.png","The image shows a child's bedroom with a bed and play area."
"Cae Felin","Cae Felin","","https://www.castlegreenhomes.uk/our-developments/north-wales/cae-felin/","images/cc277df529d7e6b8c4b06cd2e0bc51ee9d4280e43d80b6caace29dc138d73f16.png","https://www.castlegreenhomes.uk/app/uploads/2021/09/3-e1683644015976-685x1024.png","This is a detail shot of a bedroom."
"Cae Felin","Cae Felin","","https://www.castlegreenhomes.uk/our-developments/north-wales/cae-felin/","images/c752ed3313aac7026457837704b006e73febaf1e54a10b81fb0157de6561a908.png","https://www.castlegreenhomes.uk/app/uploads/2021/09/4-1-e1683645715798.png","The image shows a furnished bedroom."
"Cae Felin","Cae Felin","","https://www.castlegreenhomes.uk/our-developments/north-wales/cae-felin/","images/758ce68a5aaa972cb28f0bcee3682ee75c6453063a6e41acaad1f9b16e7364e0.png","https://www.castlegreenhomes.uk/app/uploads/2021/09/4-e1683643755713-685x1024.png","This is a dining area."
"Cae Felin","Cae Felin","","https://www.castlegreenhomes.uk/our-developments/north-wales/cae-felin/","images/1d7f14d37b07a8725424fe4c6664793a6147fa3347c518fbd00f52666443d590.png","https://www.castlegreenhomes.uk/app/uploads/2021/09/5-1-e1683643888588.png","The image depicts a furnished bedroom interior."
"Cae Felin","Cae Felin","","https://www.castlegreenhomes.uk/our-developments/north-wales/cae-felin/","images/a5d76207ce41a579669efb66d3f5e1f8cf472e8f4dfc6cc62e211cca7d0fc666.png","https://www.castlegreenhomes.uk/app/uploads/2021/06/5-685x1024.png","The image shows a bedroom vanity area with a desk and a bed in the background."
"Cae Felin","Cae Felin","","https://www.castlegreenhomes.uk/our-developments/north-wales/cae-felin/","images/1f5e08b593506c0c5a0fe9cc036994477a87217585385bedb53fbfbed9075148.png","https://www.castlegreenhomes.uk/app/uploads/2021/06/6-1-685x1024.png","The image shows a bathroom interior."
"Cae Felin","Cae Felin","","https://www.castlegreenhomes.uk/our-developments/north-wales/cae-felin/","images/49721a301483831d45ac7dc251972d37ffd8566a32640833565247b6ff0bb718.png","https://www.castlegreenhomes.uk/app/uploads/2021/09/6-2-e1683643851588.png","The image depicts a bedroom with a bed and a desk."
"Cae Felin","Cae Felin","","https://www.castlegreenhomes.uk/our-developments/north-wales/cae-felin/","images/8b5b66e100db3675ca9974550604fcaeb6eef6f3047df2759eeba5f16e0d5aef.png","https://www.castlegreenhomes.uk/app/uploads/2021/06/7-e1683647416777.png","This is a dining area within an open-plan living space."
"Cae Felin","Cae Felin","","https://www.castlegreenhomes.uk/our-developments/north-wales/cae-felin/","images/af756c2195e7605af40ffc400b6e9551e8b905a2d5bc27dc61ee02d92f96f866.png","https://www.castlegreenhomes.uk/app/uploads/2021/09/8-e1683643819151.png","The image shows a living room interior."
"Cae Felin","Cae Felin","","https://www.castlegreenhomes.uk/our-developments/north-wales/cae-felin/","images/a754c11110ac737fc64ee5e593262869bfa1858710ebdeca46d1db80af2090ff.png","https://www.castlegreenhomes.uk/app/uploads/2021/06/9-1-e1683647407106.png","This is an interior shot of a dining room."
"Cae Felin","Cae Felin","","https://www.castlegreenhomes.uk/our-developments/north-wales/cae-felin/","images/9aa112500c57cd554d5bbd6830280af81a12b1d9b53db5a982eb397d42ba5689.png","https://www.castlegreenhomes.uk/app/uploads/2021/06/10-1-2-1024x678.png","The image shows a kitchen and dining area."
"Cae Felin","Cae Felin","","https://www.castlegreenhomes.uk/our-developments/north-wales/cae-felin/","images/d1ba99896710529a00371096e1947a6a1084ec6e72bffc77cce3efff296ca764.png","https://www.castlegreenhomes.uk/app/uploads/2021/09/10-e1683643983614-685x1024.png","The image depicts a transitional space connecting rooms within a house."
"Cae Felin","Cae Felin","","https://www.castlegreenhomes.uk/our-developments/north-wales/cae-felin/","images/d787aecf6db0753edc8aef389227d48f9a6a11fc9682367e0a93144b67a5334d.png","https://www.castlegreenhomes.uk/app/uploads/2021/09/11-e1683643954491-685x1024.png","The image shows a furnished bedroom."
"Cae Felin","Cae Felin","","https://www.castlegreenhomes.uk/our-developments/north-wales/cae-felin/","images/5c0dc0e6fea49cbf8b51f8b1b181df054769c55c554ed3091aa7d89fcc54df52.png","https://www.castlegreenhomes.uk/app/uploads/2021/09/12-1-e1683643941724-685x1024.png","The image shows a bedroom interior with a bed and bedside furniture."
"Cae Felin","Cae Felin","","https://www.castlegreenhomes.uk/our-developments/north-wales/cae-felin/","images/73692322755f92c530663e81e8aa78c0f0a554ecf9cc9fd656892fef4dbf6c48.png","https://www.castlegreenhomes.uk/app/uploads/2021/09/13-e1683643928175-685x1024.png","This is a photograph of a bedroom interior."
"Cae Felin","Cae Felin","","https://www.castlegreenhomes.uk/our-developments/north-wales/cae-felin/","images/93e710148b68bf7daad96149a7c7268f5efc9ad3fe20c300e9f20914994cce36.png","https://www.castlegreenhomes.uk/app/uploads/2021/06/14-1024x678.png","The image shows a dining space within a home."
"Willow Fields","The Heatherington","4","https://www.castlegreenhomes.uk/our-developments/north-west/willow-fields-warrington/the-heatherington/","images/ebf8ffebbe9b30aaf4244cb7fc22849e41c2dbde5b2014b818d9f1f438cf9e95.jpg","https://www.castlegreenhomes.uk/app/uploads/2022/04/Brook-Meadows-002-e1683648124733.jpg","This is a bedroom interior showing a bed and a desk area."
"Willow Fields","The Heatherington","4","https://www.castlegreenhomes.uk/our-developments/north-west/willow-fields-warrington/the-heatherington/","images/b76ca0e949efd67ca2fbe72ac7a8bd748c97415b329e08c14895ccd43503f029.jpg","https://www.castlegreenhomes.uk/app/uploads/2022/04/Brook-Meadows-014-e1683648186408.jpg","This is a living room interior."
"Willow Fields","The Heatherington","4","https://www.castlegreenhomes.uk/our-developments/north-west/willow-fields-warrington/the-heatherington/","images/34683026a69d4236442996363c9731ae491ea71b329267ac275c8ce9c2cb522b.jpg","https://www.castlegreenhomes.uk/app/uploads/2022/06/Brook-Meadows-010-e1683649191847-854x1024.jpg","The image shows a bedroom setting with a bed and side table."
"Willow Fields","The Heatherington","4","https://www.castlegreenhomes.uk/our-developments/north-west/willow-fields-warrington/the-heatherington/","images/dbbf5edbd861bdf87206cc2d6c71bbd84bcab0033b37d21cf5993f01cec15259.jpg","https://www.castlegreenhomes.uk/app/uploads/2022/04/Brook-Meadows-026-e1683646785828.jpg","The image shows a bedroom with a bed and a desk."
"Willow Fields","The Heatherington","4","https://www.castlegreenhomes.uk/our-developments/north-west/willow-fields-warrington/the-heatherington/","images/19a3196cae46916a5b7fd5f298ed371ba6ef25f137094ce88d33aa60c4097e00.jpg","https://www.castlegreenhomes.uk/app/uploads/2022/04/Brook-Meadows-025-e1683648198205.jpg","The image shows a bedroom with a bed and a desk."
"Willow Fields","The Heatherington","4","https://www.castlegreenhomes.uk/our-developments/north-west/willow-fields-warrington/the-heatherington/","images/c9da25a8591b81e5a99f93f61c2e6929f139022c141a40cb5fe2cc517a8ca3e0.jpg","https://www.castlegreenhomes.uk/app/uploads/2022/04/Brook-Meadows-028-e1683648230446.jpg","This is a furnished bedroom."
"Willow Fields","The Sandringham","4","https://www.castlegreenhomes.uk/our-developments/north-west/willow-fields-warrington/the-sandringham/","images/e4e2c7a668b75e2dde66cd902fe36379818eb5e3b0bcc86936e8204dfe6420ca.jpg","https://www.castlegreenhomes.uk/app/uploads/2021/06/CG-Marlborough-1-scaled.jpg","The image shows a furnished living area within a residential property."
"Willow Fields","The Sandringham","4","https://www.castlegreenhomes.uk/our-developments/north-west/willow-fields-warrington/the-sandringham/","images/de38b6d426c5fe2dd9025a264709b727574f3e554f857178c0fc1740e4410113.jpg","https://www.castlegreenhomes.uk/app/uploads/2021/06/Queensbury-Manor-039-e1683713581638.jpg","The image shows a dining and kitchen area."
"Willow Fields","The Sandringham","4","https://www.castlegreenhomes.uk/our-developments/north-west/willow-fields-warrington/the-sandringham/","images/9560178a7b6d7b634bc099e7ba78abf3889f4b6cbf803b42105323545c06ae1d.jpg","https://www.castlegreenhomes.uk/app/uploads/2021/11/Queensbury-Manor-021-e1683713590376.jpg","The image shows a living room interior."
"Willow Fields","The Sandringham","4","https://www.castlegreenhomes.uk/our-developments/north-west/willow-fields-warrington/the-sandringham/","images/2e995650ac9f4c7243619e5fd8c7042ee4a53c772d2c5459ba286270fe7696c5.gif","https://www.castlegreenhomes.uk/app/uploads/2022/01/Queensbury-Manor-073web-e1683713605971-822x1024.gif","The image shows a bedroom interior with a bed as the primary focus."
"Willow Fields","The Sandringham","4","https://www.castlegreenhomes.uk/our-developments/north-west/willow-fields-warrington/the-sandringham/","images/bd54e5e5c028343a788fe9094e3d37c179783287d21e92ab6efa6a38a7cc58b5.jpg","https://www.castlegreenhomes.uk/app/uploads/2021/09/Willow-Fields-028-e1683710544174.jpg","The image shows a bedroom with a bed and a desk/console area."
"Willow Fields","The Sandringham","4","https://www.castlegreenhomes.uk/our-developments/north-west/willow-fields-warrington/the-sandringham/","images/e3482cf0f93fabbb403a934dabc17b80750cdb49a50895f96b4ab972778588b4.jpg","https://www.castlegreenhomes.uk/app/uploads/2022/07/Wiltshire-071-e1683713620701.jpg","The image shows a bedroom with a bed."
"Willow Fields","The Wiltshire","4","https://www.castlegreenhomes.uk/our-developments/north-west/willow-fields-warrington/the-wiltshire/","images/bd54e5e5c028343a788fe9094e3d37c179783287d21e92ab6efa6a38a7cc58b5.jpg","https://www.castlegreenhomes.uk/app/uploads/2021/09/Willow-Fields-028-e1683710544174.jpg","The image shows a bedroom with a bed and a desk/console area."
"Willow Fields","The Wiltshire","4","https://www.castlegreenhomes.uk/our-developments/north-west/willow-fields-warrington/the-wiltshire/","images/ee814b938536a410c00f09e5af5f057f1410097c86bd64d287e85f8591c1d47b.jpg","https://www.castlegreenhomes.uk/app/uploads/2021/08/Wiltshire-Willow-Fields-e1683648503787.jpg","The image shows a furnished living area with seating and entertainment furniture."
"Willow Fields","The Wiltshire","4","https://www.castlegreenhomes.uk/our-developments/north-west/willow-fields-warrington/the-wiltshire/","images/27ad76cc1325a4494e756e4e15ee18a37c05e6325bd295f87526715e30959f99.jpg","https://www.castlegreenhomes.uk/app/uploads/2021/08/Wiltshire-062-e1683646777184.jpg","The image shows a functional bathroom with sanitary ware."
"Willow Fields","The Wiltshire","4","https://www.castlegreenhomes.uk/our-developments/north-west/willow-fields-warrington/the-wiltshire/","images/416900b950bd9834a61e5ca82059c636a64ef2a884796ed1ec973a3b38a441dc.jpg","https://www.castlegreenhomes.uk/app/uploads/2021/08/Wiltshire-Willow-Fields1-e1683648522330.jpg","The image shows a fully equipped kitchen space."
"Willow Fields","The Wiltshire","4","https://www.castlegreenhomes.uk/our-developments/north-west/willow-fields-warrington/the-wiltshire/","images/54b75cba9ec142c1232a446ffc18cdc42c674d56153c918466ec7228e492eff8.jpg","https://www.castlegreenhomes.uk/app/uploads/2021/09/Wiltshire-005-e1683648572233.jpg","This is a photograph of a furnished living room."
"Willow Fields","The Wiltshire","4","https://www.castlegreenhomes.uk/our-developments/north-west/willow-fields-warrington/the-wiltshire/","images/a40a1d98453ce08fe8dc93f9ccc8cce7879c3fcb969174a1cd1dbcfa63f98043.jpg","https://www.castlegreenhomes.uk/app/uploads/2021/09/Wiltshire-072-e1683648583826.jpg","This is a photograph of a bedroom interior."
"Willow Fields","The Wiltshire","4","https://www.castlegreenhomes.uk/our-developments/north-west/willow-fields-warrington/the-wiltshire/","images/b29c8f5cdbd2a8ac2fefad6199beb79fd6bdae7e9c5c7a080966937f6949e09a.jpg","https://www.castlegreenhomes.uk/app/uploads/2021/09/Wiltshire-047-e1683648590915.jpg","This is a photograph of a bedroom interior."
"Willow Fields","The Wiltshire","4","https://www.castlegreenhomes.uk/our-developments/north-west/willow-fields-warrington/the-wiltshire/","images/b714d973407cd368ba41c8ea2dc85397ddc6ed2a19839d42b0079346e5118d13.jpg","https://www.castlegreenhomes.uk/app/uploads/2021/09/Willow-Fields-026-e1683639794288.jpg","This is a photograph of a living room interior."
"Willow Fields","The Wiltshire","4","https://www.castlegreenhomes.uk/our-developments/north-west/willow-fields-warrington/the-wiltshire/","images/c1ca477c00f2728bc3ffbc1a7160a7ce77afbe455d3dbb657d365239fe42077d.jpg","https://www.castlegreenhomes.uk/app/uploads/2021/09/Wiltshire-021-e1683639429525.jpg","This is a photograph of a utility room interior."
"Willow Fields","The Wiltshire","4","https://www.castlegreenhomes.uk/our-developments/north-west/willow-fields-warrington/the-wiltshire/","images/03f7ec7c7fc649098fa862a4c9638786b9ddca7ee72453c642b448815084a2a9.jpg","https://www.castlegreenhomes.uk/app/uploads/2021/09/Wiltshire-069-e1683648388951.jpg","This is a photograph of a furnished bedroom."
"Willow Fields","The Alderton","4","https://www.castlegreenhomes.uk/our-developments/north-west/willow-fields-warrington/the-alderton/","images/1645a85dfeebd27d1c7c032d121d20fb7ca4df34ea782e6c33e4a9f4dd6f5877.jpg","https://www.castlegreenhomes.uk/app/uploads/2022/06/HousetypeCGI.HS-Alderton_02-e1683630537667-1-e1683632977946-1.jpg","The image shows the exterior facade of a residential property."
"Willow Fields","The Alderton","4","https://www.castlegreenhomes.uk/our-developments/north-west/willow-fields-warrington/the-alderton/","images/070a60e8003adfe6f1b0c25fb9a707bdfe53527a0f56d70083138ad6e6be3b53.jpg","https://www.castlegreenhomes.uk/app/uploads/2022/04/Maes-Cwyfan-006-e1683713181719.jpg","This is a photograph of a furnished living room."
"Willow Fields","The Alderton","4","https://www.castlegreenhomes.uk/our-developments/north-west/willow-fields-warrington/the-alderton/","images/b4b25a6c13ed08a9d1b67d1e6ca4339dcd25ad78444022ce4b3dd9eee8cca323.jpg","https://www.castlegreenhomes.uk/app/uploads/2022/04/Maes-Cwyfan-013-e1683630330358.jpg","This is a photograph of a kitchen and dining space."
"Willow Fields","The Alderton","4","https://www.castlegreenhomes.uk/our-developments/north-west/willow-fields-warrington/the-alderton/","images/18a81a45473da1dc05fa4faede514ab1e2b902aeb1bc6c84c211e2c0aaeeeb02.jpg","https://www.castlegreenhomes.uk/app/uploads/2022/06/Maes-Cwyfan-030-e1683630350684.jpg","This is a photograph of a bedroom interior."
"Willow Fields","The Alderton","4","https://www.castlegreenhomes.uk/our-developments/north-west/willow-fields-warrington/the-alderton/","images/68be8970eb305e557f13da1b5c301ebffc84c8d3c7ae6106986c299413a18b85.jpg","https://www.castlegreenhomes.uk/app/uploads/2022/04/Maes-Cwyfan-034-e1683646680809.jpg","This is a photograph of a bedroom interior."
"Willow Fields","The Alderton","4","https://www.castlegreenhomes.uk/our-developments/north-west/willow-fields-warrington/the-alderton/","images/de650dd9b87008b80550bdd5f3fdd5d65e0d6e5f27c0ba0791620eebaf330e5c.jpg","https://www.castlegreenhomes.uk/app/uploads/2022/04/Maes-Cwyfan-032-e1683630340894.jpg","This is a photograph of a bedroom interior."
"Willow Fields","The Wentworth","4","https://www.castlegreenhomes.uk/our-developments/north-west/willow-fields-warrington/the-wentworth/","images/776ecb21f9acfd9aa5be0ccda212ad7e5d8cd06a3f6bc4cb502c9bb6a43a6edd.jpg","https://www.castlegreenhomes.uk/app/uploads/2021/09/Wentworth-047-e1646059907475.jpg","This is a photograph of a bedroom interior."
"Willow Fields","The Wentworth","4","https://www.castlegreenhomes.uk/our-developments/north-west/willow-fields-warrington/the-wentworth/","images/53e5c787714a2863a864298b8c128c77e0c138957b731fff85d5f2d36b0c1406.jpg","https://www.castlegreenhomes.uk/app/uploads/2021/09/Willow-Fields-036-e1683647132212.jpg","This is a photograph of a furnished living room."
"Willow Fields","The Wentworth","4","https://www.castlegreenhomes.uk/our-developments/north-west/willow-fields-warrington/the-wentworth/","images/38267653c016bdf4b43cfb3637455a3988e90eed261092301b3cc3c946e9f475.jpg","https://www.castlegreenhomes.uk/app/uploads/2021/09/Wentworth-014-e1683647143516.jpg","This is a photograph of a furnished kitchen and dining space."
"Willow Fields","The Wentworth","4","https://www.castlegreenhomes.uk/our-developments/north-west/willow-fields-warrington/the-wentworth/","images/b89fc2454ab77add0840bdc70d17fe8e20c380c7144a951483aba7c251fec8ce.jpg","https://www.castlegreenhomes.uk/app/uploads/2021/09/Wentworth-033-e1683647163370.jpg","This is a photograph of a furnished bedroom."
"Willow Fields","The Wentworth","4","https://www.castlegreenhomes.uk/our-developments/north-west/willow-fields-warrington/the-wentworth/","images/70437d0a12a7d658f8349c4cb9ce2ed9c158ff9b41eed3794e9eaa7175c7dd66.jpg","https://www.castlegreenhomes.uk/app/uploads/2021/09/Wentworth-030-e1683639417807.jpg","The image shows a furnished bedroom interior."
"Willow Fields","The Wentworth","4","https://www.castlegreenhomes.uk/our-developments/north-west/willow-fields-warrington/the-wentworth/","images/85fc42ee21a0c529c999131869752e99ed6d6e7a8e9f60fce1216ae548bb4057.jpg","https://www.castlegreenhomes.uk/app/uploads/2021/09/Willow-Fields-041-e1683647176497.jpg","The image shows a furnished living room interior."
"Willow Fields","The Beaumont","3","https://www.castlegreenhomes.uk/our-developments/north-west/willow-fields-warrington/the-beaumont/","images/d1900f44ac3841882b8d82d7a16c515431daa10156a662ce5a372984261d0b4a.jpg","https://www.castlegreenhomes.uk/app/uploads/2021/12/Wiltshire-019-e1683710503351.jpg","This is a photograph of a furnished kitchen and dining space."
"Willow Fields","The Beaumont","3","https://www.castlegreenhomes.uk/our-developments/north-west/willow-fields-warrington/the-beaumont/","images/00b6c16dc4207e00f0fd0000bdad11cda4a007e6056e1aa130957e8f287aaca6.jpg","https://www.castlegreenhomes.uk/app/uploads/2021/09/CG-Wiltshire-kitchen-25-e1683645998991.jpg","The image shows a combined kitchen and dining room."
"Willow Fields","The Beaumont","3","https://www.castlegreenhomes.uk/our-developments/north-west/willow-fields-warrington/the-beaumont/","images/e8bd0e25d7180d56b42888e22a3b0a4d9918df872f52aaeb58ad174715188d28.jpg","https://www.castlegreenhomes.uk/app/uploads/2021/12/Stratford-030-e1683646006376.jpg","The image shows a furnished bedroom with a vanity/desk area."
"Willow Fields","The Beaumont","3","https://www.castlegreenhomes.uk/our-developments/north-west/willow-fields-warrington/the-beaumont/","images/5c774d0aca37d63ed3aa576011ff288c3314dcce1d9cebc76b543bd48291e9b0.jpg","https://www.castlegreenhomes.uk/app/uploads/2022/07/Willow-Fields-035-e1683633901820.jpg","The image shows a furnished living room interior."
"Willow Fields","The Beaumont","3","https://www.castlegreenhomes.uk/our-developments/north-west/willow-fields-warrington/the-beaumont/","images/7e7bacc5a047af2f41a115cf1243a51cbca631493fd1168cce35a0d5bed1f75c.jpg","https://www.castlegreenhomes.uk/app/uploads/2022/04/The-Marlow-026-e1683640898774.jpg","The image shows a furnished bedroom with a bed as the central piece of furniture."
"Willow Fields","The Beaumont","3","https://www.castlegreenhomes.uk/our-developments/north-west/willow-fields-warrington/the-beaumont/","images/b89fc2454ab77add0840bdc70d17fe8e20c380c7144a951483aba7c251fec8ce.jpg","https://www.castlegreenhomes.uk/app/uploads/2021/09/Wentworth-033-e1683647163370.jpg","This is a photograph of a furnished bedroom."
"Willow Fields","The Henley","3","https://www.castlegreenhomes.uk/our-developments/north-west/willow-fields-warrington/the-henley/","images/54b75cba9ec142c1232a446ffc18cdc42c674d56153c918466ec7228e492eff8.jpg","https://www.castlegreenhomes.uk/app/uploads/2021/09/Wiltshire-005-e1683648572233.jpg","This is a photograph of a furnished living room."
"Willow Fields","The Henley","3","https://www.castlegreenhomes.uk/our-developments/north-west/willow-fields-warrington/the-henley/","images/38267653c016bdf4b43cfb3637455a3988e90eed261092301b3cc3c946e9f475.jpg","https://www.castlegreenhomes.uk/app/uploads/2021/09/Wentworth-014-e1683647143516.jpg","This is a photograph of a furnished kitchen and dining space."
"Willow Fields","The Henley","3","https://www.castlegreenhomes.uk/our-developments/north-west/willow-fields-warrington/the-henley/","images/1897bcf7b376442662a998762cc2a053bf78c625c633c61653130762892b079a.jpg","https://www.castlegreenhomes.uk/app/uploads/2022/07/Wiltshire-010-e1683649127448.jpg","The image shows a furnished living room interior."
"Willow Fields","The Henley","3","https://www.castlegreenhomes.uk/our-developments/north-west/willow-fields-warrington/the-henley/","images/5b12159d5958abeda1affb5b2f4536f2d40d62a408cb20c04f43214f4da8a8c2.jpg","https://www.castlegreenhomes.uk/app/uploads/2022/04/Brook-Meadows-003-e1683648176842-702x1024.jpg","The image shows a bedroom with a bed and decorative wall paneling."
"Willow Fields","The Henley","3","https://www.castlegreenhomes.uk/our-developments/north-west/willow-fields-warrington/the-henley/","images/dbbf5edbd861bdf87206cc2d6c71bbd84bcab0033b37d21cf5993f01cec15259.jpg","https://www.castlegreenhomes.uk/app/uploads/2022/04/Brook-Meadows-026-e1683646785828.jpg","The image shows a bedroom with a bed and a desk."
"Willow Fields","The Henley","3","https://www.castlegreenhomes.uk/our-developments/north-west/willow-fields-warrington/the-henley/","images/b29c8f5cdbd2a8ac2fefad6199beb79fd6bdae7e9c5c7a080966937f6949e09a.jpg","https://www.castlegreenhomes.uk/app/uploads/2021/09/Wiltshire-047-e1683648590915.jpg","This is a photograph of a bedroom interior."
"Willow Fields","The Stratford","3","https://www.castlegreenhomes.uk/our-developments/north-west/willow-fields-warrington/the-stratford/","images/6ff9b75eee6f1d0d08d2adb497a92cf5fd12e3be580fc1167f73e876dc4a3c2d.jpg","https://www.castlegreenhomes.uk/app/uploads/2021/08/Willow-Fields-033-e1683639437354.jpg","The image shows a furnished bedroom with a vanity/desk area."
"Willow Fields","The Stratford","3","https://www.castlegreenhomes.uk/our-developments/north-west/willow-fields-warrington/the-stratford/","images/88d3abadb389db812bef852eda09782f9c85780ab08115901837633b0767a0d0.jpg","https://www.castlegreenhomes.uk/app/uploads/2021/08/Stratford-Willow-Fields-e1683639854843.jpg","The image depicts a living room area with seating furniture."
"Willow Fields","The Stratford","3","https://www.castlegreenhomes.uk/our-developments/north-west/willow-fields-warrington/the-stratford/","images/75fd916756b96b4826de54555f96182fe0803a2e6acd39eb89fd9a2953512900.jpg","https://www.castlegreenhomes.uk/app/uploads/2021/09/Stratford-022-e1683639864454.jpg","The image shows a dining room setup with a table and chairs."
"Willow Fields","The Stratford","3","https://www.castlegreenhomes.uk/our-developments/north-west/willow-fields-warrington/the-stratford/","images/f4752422ec6d79fc850bbb58afd95a2ffc3a5c873b448171a5af224f34d72038.jpg","https://www.castlegreenhomes.uk/app/uploads/2021/09/Stratford-041-e1683639876438.jpg","The image shows a bedroom with a bed and headboard."
"Willow Fields","The Stratford","3","https://www.castlegreenhomes.uk/our-developments/north-west/willow-fields-warrington/the-stratford/","images/d71638fa3a8cb94d526bddd8f5beedc93d46d82115665d9573700f7e10192098.jpg","https://www.castlegreenhomes.uk/app/uploads/2021/09/Willow-Fields-034-e1683639907291.jpg","The image shows a furnished living room."
"Willow Fields","The Stratford","3","https://www.castlegreenhomes.uk/our-developments/north-west/willow-fields-warrington/the-stratford/","images/2ff3be2e6aac1ffb8ce2213a98e8df5648d74af23b1c366bda43518db2319f11.jpg","https://www.castlegreenhomes.uk/app/uploads/2021/09/Willow-Fields-031-e1683639916507.jpg","This is a photograph of a furnished bedroom."
"Willow Fields","The Stratford","3","https://www.castlegreenhomes.uk/our-developments/north-west/willow-fields-warrington/the-stratford/","images/d630cde0b3dad842e11aed56c0c18a6651d1f1cf4721ca0e586f9d713a57d21a.jpg","https://www.castlegreenhomes.uk/app/uploads/2021/09/Stratford-017-e1683639926909.jpg","The image shows a kitchen interior."
"Willow Fields","The Marlow","3","https://www.castlegreenhomes.uk/our-developments/north-west/willow-fields-warrington/the-marlow/","images/f9aa0f99c8b5ffd2ef2a87a2a21d644de6dbf8fa29c7470396446d276c900e51.jpg","https://www.castlegreenhomes.uk/app/uploads/2022/01/The-Marlow-062-e1683640966628.jpg","The image shows a living room with lounge furniture."
"Willow Fields","The Marlow","3","https://www.castlegreenhomes.uk/our-developments/north-west/willow-fields-warrington/the-marlow/","images/84ca5418801f52510c9c430f1c2a971e3b80545e70739348826ae907291d8090.jpg","https://www.castlegreenhomes.uk/app/uploads/2021/09/The-Marlow-044-e1683713688841.jpg","This is a photograph of a furnished living room interior."
"Willow Fields","The Marlow","3","https://www.castlegreenhomes.uk/our-developments/north-west/willow-fields-warrington/the-marlow/","images/b3c85a0e33e90b554c6ac59c8b80e30e587d85bc809b525937b38860d2e512e2.jpg","https://www.castlegreenhomes.uk/app/uploads/2021/09/The-Marlow-007-e1683648139749.jpg","The image shows a furnished bedroom."
"Willow Fields","The Marlow","3","https://www.castlegreenhomes.uk/our-developments/north-west/willow-fields-warrington/the-marlow/","images/264935755eac9535ca3ab082b86a0063e396051a0a7cd2443f5187e984854518.jpg","https://www.castlegreenhomes.uk/app/uploads/2021/09/The-Marlow-015-e1683713707928.jpg","The image shows bedroom furniture and decor."
"Willow Fields","The Marlow","3","https://www.castlegreenhomes.uk/our-developments/north-west/willow-fields-warrington/the-marlow/","images/16ba64027ceff9d9201ba1d6b58fb0cd106c1f082aad88cf6a901faa3e50f1c9.jpg","https://www.castlegreenhomes.uk/app/uploads/2021/09/The-Marlow-038-e1683713717405.jpg","The image shows a dining room and utility space."
"Willow Fields","The Marlow","3","https://www.castlegreenhomes.uk/our-developments/north-west/willow-fields-warrington/the-marlow/","images/8d2f38ef4789b5fff906336953d0025f74a6c6eabc9aaa1ed4d1f66930de61f3.jpg","https://www.castlegreenhomes.uk/app/uploads/2021/09/The-Marlow-042-e1683713734791.jpg","This is a photograph of a functional kitchen space."
"Willow Fields","The Marlow","3","https://www.castlegreenhomes.uk/our-developments/north-west/willow-fields-warrington/the-marlow/","images/7e7bacc5a047af2f41a115cf1243a51cbca631493fd1168cce35a0d5bed1f75c.jpg","https://www.castlegreenhomes.uk/app/uploads/2022/04/The-Marlow-026-e1683640898774.jpg","The image shows a furnished bedroom with a bed as the central piece of furniture."
"Willow Fields","The Marlow","3","https://www.castlegreenhomes.uk/our-developments/north-west/willow-fields-warrington/the-marlow/","images/7631322c137960b0568a107a72b75a898a502b2b7ae07a17a5ea104796ab55d2.jpg","https://www.castlegreenhomes.uk/app/uploads/2021/09/The-Marlow-027-e1683713749592.jpg","This is a photograph of a bedroom interior."
"Willow Fields","The Marlow","3","https://www.castlegreenhomes.uk/our-developments/north-west/willow-fields-warrington/the-marlow/","images/9b4b55817d1fa77881e9438fef47aeefdcfc8971f83102a2d7958a8a0e9dc332.jpg","https://www.castlegreenhomes.uk/app/uploads/2021/09/The-Marlow-020-e1683710891715.jpg","The room is furnished as a home office or study."
"Willow Fields","The Marlow","3","https://www.castlegreenhomes.uk/our-developments/north-west/willow-fields-warrington/the-marlow/","images/b2d28fb1c57536e8e993a8bff9246a472d09dc8a8e21caaa04be4a57d459b95d.jpg","https://www.castlegreenhomes.uk/app/uploads/2021/09/The-Marlow-030-e1683710907409.jpg","The room is a functional bathroom."
"Willow Fields","The Highfield","3","https://www.castlegreenhomes.uk/our-developments/north-west/willow-fields-warrington/the-highfield/","images/38267653c016bdf4b43cfb3637455a3988e90eed261092301b3cc3c946e9f475.jpg","https://www.castlegreenhomes.uk/app/uploads/2021/09/Wentworth-014-e1683647143516.jpg","This is a photograph of a furnished kitchen and dining space."
"Willow Fields","The Highfield","3","https://www.castlegreenhomes.uk/our-developments/north-west/willow-fields-warrington/the-highfield/","images/d71638fa3a8cb94d526bddd8f5beedc93d46d82115665d9573700f7e10192098.jpg","https://www.castlegreenhomes.uk/app/uploads/2021/09/Willow-Fields-034-e1683639907291.jpg","The image shows a furnished living room."
"Willow Fields","The Highfield","3","https://www.castlegreenhomes.uk/our-developments/north-west/willow-fields-warrington/the-highfield/","images/b89fc2454ab77add0840bdc70d17fe8e20c380c7144a951483aba7c251fec8ce.jpg","https://www.castlegreenhomes.uk/app/uploads/2021/09/Wentworth-033-e1683647163370.jpg","This is a photograph of a furnished bedroom."
"Willow Fields","The Highfield","3","https://www.castlegreenhomes.uk/our-developments/north-west/willow-fields-warrington/the-highfield/","images/2c6f56b5dd6930f1ae76545928e4fc4f3d562cf8ee7b54ef87780dc906faf9c2.jpg","https://www.castlegreenhomes.uk/app/uploads/2021/09/Wiltshire-070-e1683649490800.jpg","This is a photograph of a furnished bedroom."
"Willow Fields","The Highfield","3","https://www.castlegreenhomes.uk/our-developments/north-west/willow-fields-warrington/the-highfield/","images/b29c8f5cdbd2a8ac2fefad6199beb79fd6bdae7e9c5c7a080966937f6949e09a.jpg","https://www.castlegreenhomes.uk/app/uploads/2021/09/Wiltshire-047-e1683648590915.jpg","This is a photograph of a bedroom interior."
"Willow Fields","The Oakley","2","https://www.castlegreenhomes.uk/our-developments/north-west/willow-fields-warrington/the-oakley/","images/134be7745f3314986257be6583696bc976f6d6cb969670dc8ab27c91cb4dc128.jpg","https://www.castlegreenhomes.uk/app/uploads/2021/08/Stratford-016-e1683646493964.jpg","The image shows a kitchen and dining area."
"Willow Fields","The Oakley","2","https://www.castlegreenhomes.uk/our-developments/north-west/willow-fields-warrington/the-oakley/","images/1897bcf7b376442662a998762cc2a053bf78c625c633c61653130762892b079a.jpg","https://www.castlegreenhomes.uk/app/uploads/2022/07/Wiltshire-010-e1683649127448.jpg","The image shows a furnished living room interior."
"Willow Fields","The Oakley","2","https://www.castlegreenhomes.uk/our-developments/north-west/willow-fields-warrington/the-oakley/","images/2b85d9faa646eb72df98195c9746bb128e2c6bc3f18a142a114192fe45a914ad.jpg","https://www.castlegreenhomes.uk/app/uploads/2021/08/Wiltshire-073-e1683643084307.jpg","This is a photograph of a functional bathroom."
"Willow Fields","The Oakley","2","https://www.castlegreenhomes.uk/our-developments/north-west/willow-fields-warrington/the-oakley/","images/b55cd06495aecbaa40a06be6e75a9953b43b02e1345ff23fc6c0890dbaeb04bb.jpg","https://www.castlegreenhomes.uk/app/uploads/2021/09/Wiltshire-068-e1683649646928-716x1024.jpg","This is a photograph of a bedroom interior."
"Willow Fields","The Oakley","2","https://www.castlegreenhomes.uk/our-developments/north-west/willow-fields-warrington/the-oakley/","images/f4752422ec6d79fc850bbb58afd95a2ffc3a5c873b448171a5af224f34d72038.jpg","https://www.castlegreenhomes.uk/app/uploads/2021/09/Stratford-041-e1683639876438.jpg","The image shows a bedroom with a bed and headboard."
"Willow Fields","Willow Fields","","https://www.castlegreenhomes.uk/our-developments/north-west/willow-fields-warrington/","images/fe80622ae81d11379c1cd953eb60795ea752736b49ade1cc32e14a75efce197a.jpg","https://www.castlegreenhomes.uk/app/uploads/2021/08/Willow-Fields-006-e1683712352546.jpg","The image shows the exterior of residential properties."
"Willow Fields","Willow Fields","","https://www.castlegreenhomes.uk/our-developments/north-west/willow-fields-warrington/","images/6ff9b75eee6f1d0d08d2adb497a92cf5fd12e3be580fc1167f73e876dc4a3c2d.jpg","https://www.castlegreenhomes.uk/app/uploads/2021/08/Willow-Fields-033-e1683639437354.jpg","The image shows a furnished bedroom with a vanity/desk area."
"Willow Fields","Willow Fields","","https://www.castlegreenhomes.uk/our-developments/north-west/willow-fields-warrington/","images/416900b950bd9834a61e5ca82059c636a64ef2a884796ed1ec973a3b38a441dc.jpg","https://www.castlegreenhomes.uk/app/uploads/2021/08/Wiltshire-Willow-Fields1-e1683648522330.jpg","The image shows a fully equipped kitchen space."
"Willow Fields","Willow Fields","","https://www.castlegreenhomes.uk/our-developments/north-west/willow-fields-warrington/","images/bd54e5e5c028343a788fe9094e3d37c179783287d21e92ab6efa6a38a7cc58b5.jpg","https://www.castlegreenhomes.uk/app/uploads/2021/09/Willow-Fields-028-e1683710544174.jpg","The image shows a bedroom with a bed and a desk/console area."
"Willow Fields","Willow Fields","","https://www.castlegreenhomes.uk/our-developments/north-west/willow-fields-warrington/","images/88d3abadb389db812bef852eda09782f9c85780ab08115901837633b0767a0d0.jpg","https://www.castlegreenhomes.uk/app/uploads/2021/08/Stratford-Willow-Fields-e1683639854843.jpg","The image depicts a living room area with seating furniture."
"Willow Fields","Willow Fields","","https://www.castlegreenhomes.uk/our-developments/north-west/willow-fields-warrington/","images/ee814b938536a410c00f09e5af5f057f1410097c86bd64d287e85f8591c1d47b.jpg","https://www.castlegreenhomes.uk/app/uploads/2021/08/Wiltshire-Willow-Fields-e1683648503787.jpg","The image shows a furnished living area with seating and entertainment furniture."
"Willow Fields","Willow Fields","","https://www.castlegreenhomes.uk/our-developments/north-west/willow-fields-warrington/","images/f4dd8ca8f50cd8effc517a4fe96838e38a7a548c648b6c4cda91f83f3328f7f7.jpg","https://www.castlegreenhomes.uk/app/uploads/2021/08/WillowFields.SS-Streetscene_05-1024x576.jpg","The image shows the exterior of residential properties."
"Willow Fields","Willow Fields","","https://www.castlegreenhomes.uk/our-developments/north-west/willow-fields-warrington/","images/27ad76cc1325a4494e756e4e15ee18a37c05e6325bd295f87526715e30959f99.jpg","https://www.castlegreenhomes.uk/app/uploads/2021/08/Wiltshire-062-e1683646777184.jpg","The image shows a functional bathroom with sanitary ware."
"Willow Fields","Willow Fields","","https://www.castlegreenhomes.uk/our-developments/north-west/willow-fields-warrington/","images/ba0ddabc504f8882008400624867e2a3d4fbfad9df219100d05f2d1a6ac84db9.jpg","https://www.castlegreenhomes.uk/app/uploads/2021/08/The-Marlow-Willow-Fields2-1024x683.jpg","This is a photograph of a room set up as a study or home office."
"Willow Fields","Willow Fields","","https://www.castlegreenhomes.uk/our-developments/north-west/willow-fields-warrington/","images/103d0c1f59e828e85717bd435858d483bca4f6a733ce0257a1232a9fc9b6b64e.jpg","https://www.castlegreenhomes.uk/app/uploads/2021/08/The-Marlow-Willow-Fields-1024x703.jpg","This is a photograph of a dining area."
"Willow Fields","Willow Fields","","https://www.castlegreenhomes.uk/our-developments/north-west/willow-fields-warrington/","images/adb878322509286e0335f7746afbc86f176b8977d68abac7e3e973e4ba430ecc.jpg","https://www.castlegreenhomes.uk/app/uploads/2021/08/The-Marlow-Bedroom-1024x683.jpg","This is a photograph of a bedroom interior."
"College Park","The Egerton","3","https://collegepark.uk/homes/egerton/","images/44cc329fa19c95da57a7b6a2c00ec94698933b38f04aa511e9f81deb04820fd7.jpg","https://collegepark.uk/wp-content/uploads/2024/01/Windsor-Thornton-9-scaled.jpg","The image shows a combined kitchen and dining space."
"College Park","The Egerton","3","https://collegepark.uk/homes/egerton/","images/52dca6f753f65eb221b14b7a8da3c1df3edc9bd6d9e5387109fa942309d37c50.jpg","https://collegepark.uk/wp-content/uploads/2024/01/Windsor-Thornton-4-scaled.jpg","The image shows a combined kitchen and dining area."
"College Park","The Egerton","3","https://collegepark.uk/homes/egerton/","images/ad178b5a02637e613d2dcdc112c758c06063f221a53f65ce0cca3691f23de5a4.jpg","https://collegepark.uk/wp-content/uploads/2024/01/Windsor-Thornton-13-scaled.jpg","The image shows a functional kitchen space with cabinetry, appliances, and an island."
"College Park","The Egerton","3","https://collegepark.uk/homes/egerton/","images/182bc45532fd0e51178877a93336ad7d971651a9b081d6242cd95a0c0f742342.jpg","https://collegepark.uk/wp-content/uploads/2024/01/Windsor-Thornton-17-scaled.jpg","The image shows a kitchen with cabinetry, sink, and cooking appliances."
"College Park","The Egerton","3","https://collegepark.uk/homes/egerton/","images/094c62e7e84f047238a2cd29dba8543102d1b546d099e3dfeed65bc6402b4e68.jpg","https://collegepark.uk/wp-content/uploads/2024/01/Windsor-Thornton-19-scaled.jpg","The image shows a functional kitchen space with appliances and cabinetry."
"College Park","The Egerton","3","https://collegepark.uk/homes/egerton/","images/c492e2e71f86d837eba0d7846c5cbcd4a61cd4f60490f117605a9e1810c4fff7.jpg","https://collegepark.uk/wp-content/uploads/2024/01/Windsor-Thornton-20-scaled.jpg","The image shows a furnished living room."
"College Park","The Egerton","3","https://collegepark.uk/homes/egerton/","images/ce0f738d74ee03689a6e24d24139d128de4923da0dc31d4dfba523c1e8e99696.jpg","https://collegepark.uk/wp-content/uploads/2024/01/Windsor-Thornton-29-scaled.jpg","The image shows a dining area with a table and chairs."
"College Park","The Egerton","3","https://collegepark.uk/homes/egerton/","images/add353f653e371a2087da8180aff943870a5e73eaa6e96e0e0437d548edd7cb5.jpg","https://collegepark.uk/wp-content/uploads/2024/01/Windsor-Thornton-32-scaled.jpg","The image depicts a seating area within a living room."
"College Park","The Egerton","3","https://collegepark.uk/homes/egerton/","images/0c04f388cc2e2a714b6d6502b84ed7400cf61fe5854bf5f5d6a64415967e6d4d.jpg","https://collegepark.uk/wp-content/uploads/2024/01/Windsor-Thornton-01-scaled.jpg","The image shows a fully furnished living room."
"College Park","The Egerton","3","https://collegepark.uk/homes/egerton/","images/7501b3f8908715baa2437d42a09f499f7e6e356d49c6dd98937c3a0d1c7833c7.jpg","https://collegepark.uk/wp-content/uploads/2024/01/Windsor-Thornton-57-scaled.jpg","The image shows a primary bedroom."
"College Park","The Egerton","3","https://collegepark.uk/homes/egerton/","images/9a11691f571a550b11d436182a8fd05b3e8a67c90f2d4c9d481034ca94e22406.jpg","https://collegepark.uk/wp-content/uploads/2024/01/Windsor-Thornton-60-scaled.jpg","The image shows a bedroom interior with a bed and wardrobe storage."
"College Park","The Egerton","3","https://collegepark.uk/homes/egerton/","images/99d168e74fe36a8aa9883f266472923e5158818c13f14a45ff77df8f3ea7de42.jpg","https://collegepark.uk/wp-content/uploads/2024/01/Windsor-Thornton-61-scaled.jpg","The image shows a bedroom with a desk/vanity area."
"College Park","The Egerton","3","https://collegepark.uk/homes/egerton/","images/5187b8484689f014c2548a0e421b9f68868685f5533847d7dd16b13208af7724.jpg","https://collegepark.uk/wp-content/uploads/2024/01/Windsor-Thornton-63-scaled.jpg","The image shows a bedroom interior."
"College Park","The Egerton","3","https://collegepark.uk/homes/egerton/","images/7d98826ed7ecc970235e1fd248b90fbd02485778b78f11a733b4714e2f54f516.jpg","https://collegepark.uk/wp-content/uploads/2024/01/Windsor-Thornton-75-scaled.jpg","The image shows a bedroom with a bed."
"College Park","The Egerton","3","https://collegepark.uk/homes/egerton/","images/6c956c0e518f47ded789f21ee2b7d7212743820ffe8cae4419f9f4530d9aa760.jpg","https://collegepark.uk/wp-content/uploads/2024/01/Windsor-Thornton-80-scaled.jpg","The image shows a furnished bedroom interior."
"College Park","The Brereton","4","https://collegepark.uk/homes/brereton/","images/c90721faf401510177db74a2aecfce80575269dcfdc22aa15fbb4823b4b831e6.jpg","https://collegepark.uk/wp-content/uploads/2024/01/StAsaph-Lifestyle-44-scaled.jpg","The image shows a combined kitchen and dining area."
"College Park","The Brereton","4","https://collegepark.uk/homes/brereton/","images/0248d009548b438200f88fadba71b8e3963523ca796e5e0757c8e4904dad424c.jpg","https://collegepark.uk/wp-content/uploads/2024/01/StAsaph-Lifestyle-45-scaled.jpg","The image depicts a kitchen area with food preparation surfaces and appliances."
"College Park","The Brereton","4","https://collegepark.uk/homes/brereton/","images/c918c723b4abc85762a57e9066409df01ddcb2dbe0cd5558b491a860c6f413fb.jpg","https://collegepark.uk/wp-content/uploads/2024/01/StAsaph-Lifestyle-46-scaled.jpg","The image captures an open-plan living space combining kitchen, dining, and lounge areas."
"College Park","The Brereton","4","https://collegepark.uk/homes/brereton/","images/9b7eb71a96596cf69f53342cc7ea55b5e6acc6ce8a96dbd2f2fde14bb2db7cf9.jpg","https://collegepark.uk/wp-content/uploads/2024/01/StAsaph-Lifestyle-51-scaled.jpg","The image depicts a furnished living area."
"College Park","The Brereton","4","https://collegepark.uk/homes/brereton/","images/889fbdb787ad41e471c8cee219478106fa8e2f37ea5dafeb47ce87d76815672a.jpg","https://collegepark.uk/wp-content/uploads/2024/01/StAsaph-Lifestyle-50-scaled.jpg","The image shows a furnished living room."
"College Park","The Brereton","4","https://collegepark.uk/homes/brereton/","images/c8e1aaade3705e6a976337e3b932e7a06b3499aeaf2b4a5bd6209647acd000c5.jpg","https://collegepark.uk/wp-content/uploads/2024/01/StAsaph-Lifestyle-2-scaled.jpg","The image shows a bedroom with a bed."
"College Park","The Brereton","4","https://collegepark.uk/homes/brereton/","images/53797ebe230d6fdc5b0d218147c312335206ac0e18723aa19fcc1b6a60895e5a.jpg","https://collegepark.uk/wp-content/uploads/2024/01/StAsaph-Lifestyle-3-scaled.jpg","The image shows a primary bedroom suite."
"College Park","The Brereton","4","https://collegepark.uk/homes/brereton/","images/4f511ba605f9e48e3304cbfa8f42b458eda0e46c541d437459059dd5a5eb8ca4.jpg","https://collegepark.uk/wp-content/uploads/2024/01/StAsaph-Lifestyle-11-scaled.jpg","The image shows a bedroom with a dedicated vanity desk."
"College Park","The Brereton","4","https://collegepark.uk/homes/brereton/","images/078de0c36f38893b419e9c945cdf0be15f7e6a51d6fdcfc0893963f0b62ade8f.jpg","https://collegepark.uk/wp-content/uploads/2024/01/StAsaph-Lifestyle-17-scaled.jpg","The image shows a furnished bedroom with a bed as the primary piece of furniture."
"College Park","The Brereton","4","https://collegepark.uk/homes/brereton/","images/fd9728464970bb4e4f817276a6b7e57fd207cc1885644b82512e18cec967a391.jpg","https://collegepark.uk/wp-content/uploads/2024/01/StAsaph-Lifestyle-21-scaled.jpg","The image shows a bedroom with a bed and a desk/vanity area."
"College Park","The Brereton","4","https://collegepark.uk/homes/brereton/","images/9cfc8a90a6657ae342f6b708e2917533d38cbb40e47cda38f4b1ca492475300f.jpg","https://collegepark.uk/wp-content/uploads/2024/01/StAsaph-Lifestyle-29-scaled.jpg","The image shows a bedroom with a bed."
"College Park","The Brereton","4","https://collegepark.uk/homes/brereton/","images/bbf1cd83b5fcdff3f60d7da7f42f334193cafd83a0b33e7dc0b0b6e038b9260f.jpg","https://collegepark.uk/wp-content/uploads/2024/01/StAsaph-Lifestyle-33-scaled.jpg","The image shows a furnished bedroom interior."
"College Park","The Brereton","4","https://collegepark.uk/homes/brereton/","images/e15e311d27c35d20988b8047304dbe257027f067d670ad4a673fe5635a961b1f.jpg","https://collegepark.uk/wp-content/uploads/2024/01/StAsaph-Lifestyle-34-scaled.jpg","The image shows a furnished bedroom interior."
"College Park","The Tatton","4","https://collegepark.uk/homes/tatton/","images/1f42e818b640a6322742e4be61c757f931905a7a3b5a38211d264edaf8f56723.jpg","https://collegepark.uk/wp-content/uploads/2024/01/CGHomesUpdated-63-scaled.jpg","The image shows a furnished living room."
"College Park","The Tatton","4","https://collegepark.uk/homes/tatton/","images/44345e32c48b144f672e2b7a67b5c942addef6b15c4cefd4c864864c18a5dfa7.jpg","https://collegepark.uk/wp-content/uploads/2024/01/CGHomes-56-scaled.jpg","The image shows a furnished kitchen."
"College Park","The Tatton","4","https://collegepark.uk/homes/tatton/","images/4611b07a7f4b6ab68250682d2150915ed1fe3ab73101a36c0a481631ca26700e.jpg","https://collegepark.uk/wp-content/uploads/2024/01/CGHomesUpdated-61-scaled.jpg","The image shows a dining space with a table and chairs, integrated into a living area."
"College Park","The Tatton","4","https://collegepark.uk/homes/tatton/","images/604774bbbc0cf0757ae7e6c3e08db6a12b82fc34d0e7ead427397c42d3fa1472.jpg","https://collegepark.uk/wp-content/uploads/2024/01/CGHomesUpdated-59-scaled.jpg","The image shows a lounge area with seating and a media unit."
"College Park","The Tatton","4","https://collegepark.uk/homes/tatton/","images/eab6232821bc5ade7a16dcddc61ed85d23838c8f728c214716e30565ddb5df08.jpg","https://collegepark.uk/wp-content/uploads/2024/01/CGHomesUpdated-57-scaled.jpg","The image shows a dining area with a table and chairs."
"College Park","The Tatton","4","https://collegepark.uk/homes/tatton/","images/475c15cb8d31a846e41cf946e0a26ae738d9edb4a80ac852f9c866b981e6db51.jpg","https://collegepark.uk/wp-content/uploads/2024/01/CGHomes-47-scaled.jpg","The image shows a furnished living room."
"College Park","The Tatton","4","https://collegepark.uk/homes/tatton/","images/62d11a33c469f65df538f617a819189c5642b75893522eafc1565d68f0ac5668.jpg","https://collegepark.uk/wp-content/uploads/2024/01/CGHomes-45-scaled.jpg","The image shows a furnished living area with a sofa and coffee table."
"College Park","The Tatton","4","https://collegepark.uk/homes/tatton/","images/098d30466b5cf48d70999efdaed4c9b03ddd09e3ce9624aaeb08a359105ddb1c.jpg","https://collegepark.uk/wp-content/uploads/2024/01/CGHomes-71-scaled.jpg","The image shows a living room storage and display unit."
"College Park","The Tatton","4","https://collegepark.uk/homes/tatton/","images/8a573c41d13ed2b7409c9d93bf4bfa426dfe56af9e6eacff24d32cc4cb572e5a.jpg","https://collegepark.uk/wp-content/uploads/2024/01/CGHomes-43-scaled.jpg","The image shows a furnished living area."
"College Park","The Tatton","4","https://collegepark.uk/homes/tatton/","images/073a841ed04c905da7f068c61032bab4ea00028c2c3eacf58926776c606121fa.jpg","https://collegepark.uk/wp-content/uploads/2024/01/CGHomes-40-scaled.jpg","The image depicts a living room area with seating and entertainment furniture."
"College Park","The Tatton","4","https://collegepark.uk/homes/tatton/","images/5187b8484689f014c2548a0e421b9f68868685f5533847d7dd16b13208af7724.jpg","https://collegepark.uk/wp-content/uploads/2024/01/Windsor-Thornton-63-scaled.jpg","The image shows a bedroom interior."
"College Park","The Tatton","4","https://collegepark.uk/homes/tatton/","images/99d168e74fe36a8aa9883f266472923e5158818c13f14a45ff77df8f3ea7de42.jpg","https://collegepark.uk/wp-content/uploads/2024/01/Windsor-Thornton-61-scaled.jpg","The image shows a bedroom with a desk/vanity area."
"College Park","The Tatton","4","https://collegepark.uk/homes/tatton/","images/9a11691f571a550b11d436182a8fd05b3e8a67c90f2d4c9d481034ca94e22406.jpg","https://collegepark.uk/wp-content/uploads/2024/01/Windsor-Thornton-60-scaled.jpg","The image shows a bedroom interior with a bed and wardrobe storage."
"College Park","The Tatton","4","https://collegepark.uk/homes/tatton/","images/7501b3f8908715baa2437d42a09f499f7e6e356d49c6dd98937c3a0d1c7833c7.jpg","https://collegepark.uk/wp-content/uploads/2024/01/Windsor-Thornton-57-scaled.jpg","The image shows a primary bedroom."
"College Park","The Tatton","4","https://collegepark.uk/homes/tatton/","images/3ce8e0f35956251b87b7152d3713aac87e825da507cccb80c22a96fb2f33bd3b.jpg","https://collegepark.uk/wp-content/uploads/2024/01/CGHomes-22-scaled.jpg","The image shows a furnished bedroom interior."
"College Park","The Tatton","4","https://collegepark.uk/homes/tatton/","images/d758d0bef492cead267af0e18e82e29b53b2ff2fa470b3cddc74ac7258f66481.jpg","https://collegepark.uk/wp-content/uploads/2024/01/CGHomes-21-scaled.jpg","The image shows a bedroom with a small desk/vanity area."
"College Park","The Tatton","4","https://collegepark.uk/homes/tatton/","images/66ca4aba51d9f60cb1c5a930106eb5ce13e4a1f59f7ed9b6cce12abf5f4d9718.jpg","https://collegepark.uk/wp-content/uploads/2024/01/CGHomes-19-scaled.jpg","The image shows a furnished bedroom interior."
"College Park","The Tatton","4","https://collegepark.uk/homes/tatton/","images/0b4293364a4940a163a4ac629846e3067fc7667d2248c2bea86e984ba5e0056c.jpg","https://collegepark.uk/wp-content/uploads/2024/01/CGHomes-38-scaled.jpg","The image shows a bedroom interior with a bed as the focal point."
"College Park","The Tatton","4","https://collegepark.uk/homes/tatton/","images/ae82906e4b9dd32d4735e936c10354bd5c7013d62fc53a392e3342b279b5733b.jpg","https://collegepark.uk/wp-content/uploads/2024/01/CGHomes-23-scaled.jpg","The image depicts a bedroom interior."
"College Park","The Townsend","5","https://collegepark.uk/homes/townsend/","images/8d3e7aed05fe9b07e192be905f9376f4d1320b508d55cf28cdb3094f3d11ed7b.jpg","https://collegepark.uk/wp-content/uploads/2023/12/Christleton-TheTownsend-45.jpg","The image shows a kitchen and dining area."
"College Park","The Townsend","5","https://collegepark.uk/homes/townsend/","images/4678572e1654c3c6241f58920c2bc8010efbacd31fc2cfe33a2fa5bec6bffc6a.jpg","https://collegepark.uk/wp-content/uploads/2023/12/Christleton-TheTownsend-56.jpg","This is a large open-plan living space."
"College Park","The Townsend","5","https://collegepark.uk/homes/townsend/","images/5948897ee16d9e8c5b4728c082732b0fcafe44ffa23d47029971caac0d24ba7e.jpg","https://collegepark.uk/wp-content/uploads/2024/01/Christleton-TheTownsendwides-8.jpg","This is a photograph of a real interior living space."
"College Park","The Townsend","5","https://collegepark.uk/homes/townsend/","images/689221035b28796e0774a03b23ab12b2f48394b9d90c41cf65cd7c4a512bd612.jpg","https://collegepark.uk/wp-content/uploads/2024/01/Christleton-TheTownsendwides-11.jpg","This is a photograph of a residential kitchen and dining space."
"College Park","The Townsend","5","https://collegepark.uk/homes/townsend/","images/67cac3da7f5706da15489cc348b79f92f7c6d96968b123677fcc654d67f4f668.jpg","https://collegepark.uk/wp-content/uploads/2024/01/Christleton-TheTownsendwides-12.jpg","This is a photograph of a living room interior."
"College Park","The Townsend","5","https://collegepark.uk/homes/townsend/","images/2934a224a66a737cf46d0f460661214b4e326538df9f8eddc6cfe7aecb3e4fd6.jpg","https://collegepark.uk/wp-content/uploads/2023/12/Christleton-TheTownsend-43.jpg","This is a photograph of a furnished living room."
"College Park","The Townsend","5","https://collegepark.uk/homes/townsend/","images/9e2aa5b4daf5851462eb8a7bbe7e8f7fd5af5ff4f0b4cf593e29e429384948d0.jpg","https://collegepark.uk/wp-content/uploads/2023/12/Christleton-TheTownsend-104.jpg","This is a photograph of a functional utility room."
"College Park","The Townsend","5","https://collegepark.uk/homes/townsend/","images/06491f3a82f1fe38f1fa614ed7c52a7abe300d9dc9c9da550c10d85218b14c8b.jpg","https://collegepark.uk/wp-content/uploads/2023/12/Christleton-TheTownsend-62.jpg","This is a photograph of a furnished living room."
"College Park","The Townsend","5","https://collegepark.uk/homes/townsend/","images/16bcabe7521219e83736e71338e28b313c611b2f66b0fc229f7a4f189d8ba02e.jpg","https://collegepark.uk/wp-content/uploads/2024/01/Christleton-TheTownsendwides-58.jpg","This is a photograph of a furnished dining room."
"College Park","The Townsend","5","https://collegepark.uk/homes/townsend/","images/a288537e6ded07c065324053d684e5d5b5427e22483419d99ff7ab2698e5f64a.jpg","https://collegepark.uk/wp-content/uploads/2023/12/Christleton-TheTownsend-90.jpg","This is a photograph of a furnished dining room."
"College Park","The Townsend","5","https://collegepark.uk/homes/townsend/","images/f015d232a595b49228078108e0a1b55cdbfa1227d2bf4c10945874a43793ba48.jpg","https://collegepark.uk/wp-content/uploads/2024/01/Christleton-TheTownsendwides-2.jpg","The room is set up for dining with a large table and chairs."
"College Park","The Townsend","5","https://collegepark.uk/homes/townsend/","images/1c4e33c2e5c57c2ad653f2bff5cd7148391aaf6614dd38f1f732ffd419e45d74.jpg","https://collegepark.uk/wp-content/uploads/2023/12/Christleton-TheTownsend-01.jpg","The primary furniture is a bed."
"College Park","The Townsend","5","https://collegepark.uk/homes/townsend/","images/d0893fc4605bb29e394616e4a21f55e378d46197adc0ab0d9e9ff16d769c8dae.jpg","https://collegepark.uk/wp-content/uploads/2023/12/Christleton-TheTownsend-83.jpg","The primary furniture is a bed."
"College Park","The Townsend","5","https://collegepark.uk/homes/townsend/","images/81ff4e930fb9de28e9905025df6916b81a909db71cc4a49f5accb8b7be4e3798.jpg","https://collegepark.uk/wp-content/uploads/2024/01/Christleton-TheTownsendwides-47.jpg","This is a photograph of a furnished bedroom."
"College Park","The Townsend","5","https://collegepark.uk/homes/townsend/","images/33e5ec620960ea1bc49ea3638472d6f08ced1e8dc47c5acf60f29d453031d6d9.jpg","https://www.castlegreenhomes.uk/app/uploads/2024/10/grantham_primary_rydal_view.jpg","This is a photograph of a furnished bedroom."
"College Park","The Townsend","5","https://collegepark.uk/homes/townsend/","images/11183f9491b6f62abcb9a4bbae6347263e5c1a802366296b53583208ec4cd1ed.jpg","https://collegepark.uk/wp-content/uploads/2024/01/Christleton-TheTownsendwides-55.jpg","This is a photograph of a bathroom."
"College Park","The Townsend","5","https://collegepark.uk/homes/townsend/","images/6a7a294c2effb50018579019fd34036b029c06b6da6bb2cdcdb444a7c97ebe23.jpg","https://collegepark.uk/wp-content/uploads/2024/01/Christleton-TheTownsendwides-54.jpg","This is a photograph of a bathroom."
"College Park","The Townsend","5","https://collegepark.uk/homes/townsend/","images/cefcd647c06c0a03534ecc293e9380ed723249556dcff4084f392e7c731292d1.jpg","https://collegepark.uk/wp-content/uploads/2024/01/Christleton-TheTownsendwides-26.jpg","This is a photograph of a residential hallway."
"College Park","The Townsend","5","https://collegepark.uk/homes/townsend/","images/05f97b89d5a015a9e4056ab0a22fdd00ded8890838a09b86a571186efbbed877.jpg","https://collegepark.uk/wp-content/uploads/2023/12/Christleton-TheTownsend-3.jpg","This is a photograph of a furnished study or home office."
"College Park","The Townsend","5","https://collegepark.uk/homes/townsend/","images/bb94f0dada456adc69c6cb0eb04b87b7e237c77df1c25db95537467312ccc74b.jpg","https://collegepark.uk/wp-content/uploads/2023/12/Christleton-TheTownsend-4.jpg","This is a photograph of a furnished study or home office."
"College Park","The Townsend","5","https://collegepark.uk/homes/townsend/","images/bc8e6b8097bda3e44d2d231b4620f84d33e370cb1c6f07e8adb776bfcad1c522.jpg","https://collegepark.uk/wp-content/uploads/2024/01/Christleton-TheTownsendwides-15.jpg","This is a photograph of a furnished study or home office space."
"College Park","The Townsend","5","https://collegepark.uk/homes/townsend/","images/2c4cf99f05f044a538af1dceef63a6823d6e67b2cba430e27e629ae971376403.jpg","https://collegepark.uk/wp-content/uploads/2023/12/Christleton-TheTownsend-108.jpg","This is a photograph of a furnished study or home office."
"College Park","The Townsend","5","https://collegepark.uk/homes/townsend/","images/d993aa01f213e0738155893b2f09a6f0a0fc0be53e439e0136ffe6314018fdfe.jpg","https://www.castlegreenhomes.uk/app/uploads/2024/10/grantham_study_rydal_view.jpg","The image shows a dedicated study or home office space."
"College Park","The Townsend","5","https://collegepark.uk/homes/townsend/","images/a59caee92440af3153489fccf4b3af936e9f719e619b21eec8a84cf5b6f6f21a.jpg","https://collegepark.uk/wp-content/uploads/2023/12/Christleton-TheTownsend-102.jpg","This is a photograph of a furnished bathroom."
"College Park","The Townsend","5","https://collegepark.uk/homes/townsend/","images/a6de34ce79d3913e40cd621fe96f1c55b7a53302de00f638c8998e0f75f959b4.jpg","https://www.castlegreenhomes.uk/app/uploads/2024/10/Christleton-TheTownsendwides-19.jpg","This is a photograph of a furnished bedroom."
"College Park","The Townsend","5","https://collegepark.uk/homes/townsend/","images/3b3aa532963fe36d7c80ea377d85b223d85869834bf7fab369377302574a3837.jpg","https://collegepark.uk/wp-content/uploads/2024/01/Christleton-TheTownsendwides-20.jpg","This is a photograph of a furnished bedroom."
"College Park","The Townsend","5","https://collegepark.uk/homes/townsend/","images/9baabeb0b82b5c3a5603aaeeb79275497a611bf4fdf36156b39275a46d4c2598.jpg","https://collegepark.uk/wp-content/uploads/2024/01/Christleton-TheTownsendwides-21.jpg","This is a photograph of a furnished bedroom."
"College Park","The Townsend","5","https://collegepark.uk/homes/townsend/","images/b06e9e4616d7b2775170706d6e9001a9665552f9264f2602742fd7aec6c96788.jpg","https://collegepark.uk/wp-content/uploads/2023/12/Christleton-TheTownsend-27.jpg","This is a photograph of a furnished bedroom."
"College Park","The Townsend","5","https://collegepark.uk/homes/townsend/","images/f95073a1559f05d30610ccc9e55adac43016c02d5e05e9ff57a12ae2e951fbfd.jpg","https://collegepark.uk/wp-content/uploads/2024/01/Christleton-TheTownsendwides-28.jpg","The presence of a bed and bedroom storage furniture confirms this is a bedroom."
"College Park","The Townsend","5","https://collegepark.uk/homes/townsend/","images/ab9fc4ef15025afc3778684e280f68688f6a8ad12f3dc1181428605f062ac7ad.jpg","https://collegepark.uk/wp-content/uploads/2024/01/Christleton-TheTownsendwides-34.jpg","The presence of sanitary ware like a toilet, sink, and bathtub defines this as a bathroom."
"College Park","The Townsend","5","https://collegepark.uk/homes/townsend/","images/96d2a96991cd362ef52763f11b7bf3c95ce64b29df23da49147eefc3dc2e5799.jpg","https://collegepark.uk/wp-content/uploads/2024/01/Christleton-TheTownsendwides-35.jpg","The presence of a shower, bathtub, and toilet confirms this is a bathroom."
"College Park","The Townsend","5","https://collegepark.uk/homes/townsend/","images/ee08c72788029ef28f4639a4bced600776c9747dfd993f43172a85efc73a64c9.jpg","https://collegepark.uk/wp-content/uploads/2024/01/Christleton-TheTownsendwides-23.jpg","The presence of a shower, sink, and toilet confirms this is a bathroom."
"Sŵn y Môr","The Eaton","2","https://www.castlegreenhomes.uk/our-developments/north-wales/swn-y-mor/the-eaton/","images/650e6dceb22819735030e24b48aa31ed246195b854065c3812d447429f438398.png","https://www.castlegreenhomes.uk/app/uploads/2025/01/Eaton.png","The image shows the exterior of a residential property."
"Sŵn y Môr","The Eaton","2","https://www.castlegreenhomes.uk/our-developments/north-wales/swn-y-mor/the-eaton/","images/ba36e08ae14b87a9de987c230b18aa7a6fa0a569ca8ec82650c501ca0a227b36.jpg","https://www.castlegreenhomes.uk/app/uploads/2025/01/the_marlow_llys_y_coed_rhosrobin_bedroom2.jpg","This is a photograph of a furnished bedroom."
"Sŵn y Môr","The Eaton","2","https://www.castlegreenhomes.uk/our-developments/north-wales/swn-y-mor/the-eaton/","images/e0a24c0b495f32688f55b00e8c7739ec50deff92e3e10174ea6354585c1158af.jpg","https://www.castlegreenhomes.uk/app/uploads/2025/01/the_marlow_llys_y_coed_rhosrobin-1.jpg","This is a photograph of a furnished bedroom."
"Sŵn y Môr","The Eaton","2","https://www.castlegreenhomes.uk/our-developments/north-wales/swn-y-mor/the-eaton/","images/03cdbece8f66e86a9ae35e83eaad635b67d362e14b000cf6d9fcc68c53988fe3.jpg","https://www.castlegreenhomes.uk/app/uploads/2022/04/the_marlow_llys_y_coed_rhosrobin_kitchen.jpg","This is a photograph of a kitchen."
"Sŵn y Môr","The Eaton","2","https://www.castlegreenhomes.uk/our-developments/north-wales/swn-y-mor/the-eaton/","images/d5f53b2491bb3078c4cbc35f601a8c42795fe2ec099c0c7dead2528337a40dae.jpg","https://www.castlegreenhomes.uk/app/uploads/2025/01/the_marlow_llys_y_coed_rhosrobin_living_room_media-1.jpg","This is a photograph of a living room."
"Sŵn y Môr","The Eaton","2","https://www.castlegreenhomes.uk/our-developments/north-wales/swn-y-mor/the-eaton/","images/6d2176228c80603df0b1257e61d334a1edc3ab68edf03d9fd7c01fa68b117212.jpg","https://www.castlegreenhomes.uk/app/uploads/2025/01/P-CGH004-Prestatyn_EATON_plot-3_4_Final--1024x768.jpg","This is a promotional exterior photograph of a property."
"Sŵn y Môr","The Eaton","2","https://www.castlegreenhomes.uk/our-developments/north-wales/swn-y-mor/the-eaton/","images/15b3151ccb36e3c0d3f65d59deaec01b0c6fd01a52832478057ef49cab4c7474.jpg","https://www.castlegreenhomes.uk/app/uploads/2022/04/TheStratford-72.jpg","This is a photograph of a bathroom."
"Sŵn y Môr","The Eaton","2","https://www.castlegreenhomes.uk/our-developments/north-wales/swn-y-mor/the-eaton/","images/df1552e37e4fed4e4c8b4c4dd2b2f996e224a06c1f4545b8f958df2066877db2.jpg","https://www.castlegreenhomes.uk/app/uploads/2023/07/IMG_6683.jpeg","The image shows a functional bathroom with sanitary ware."
"Sŵn y Môr","The Eaton","2","https://www.castlegreenhomes.uk/our-developments/north-wales/swn-y-mor/the-eaton/","images/c27ddc1bcd947dee661ab927719b5c3c5289c1ae166ddd7cb6b505194ffb54eb.jpg","https://www.castlegreenhomes.uk/app/uploads/2025/01/the_marlow_llys_y_coed_rhosrobin_primary_bedroom.jpg","The image shows a furnished bedroom."
"Sŵn y Môr","The Eaton","2","https://www.castlegreenhomes.uk/our-developments/north-wales/swn-y-mor/the-eaton/","images/508668c517e61c25cb19ffb7459e5ce49e3a1f50e7cdbbf06593c641d1c936a6.jpg","https://www.castlegreenhomes.uk/app/uploads/2022/04/the_marlow_llys_y_coed_rhosrobin_bedroom2_dressingtable.jpg","The image shows a bedroom with a desk/vanity area."
"Sŵn y Môr","The Oxford","3","https://www.castlegreenhomes.uk/our-developments/north-wales/swn-y-mor/the-oxford/","images/5abcabe4b0a20828040201a47defadb3a1ceaf3945c86b8870693b7112c8e9bd.jpg","https://www.castlegreenhomes.uk/app/uploads/2025/05/Oxford-Header-Image.jpg","The image shows the exterior of a property."
"Sŵn y Môr","The Oxford","3","https://www.castlegreenhomes.uk/our-developments/north-wales/swn-y-mor/the-oxford/","images/e19a42e7d9bc8032300165857a2d05de144bde9b6ae700ef475116061190bea7.jpg","https://www.castlegreenhomes.uk/app/uploads/2025/05/TheOxford-29.jpg","The image shows a bedroom setting."
"Sŵn y Môr","The Oxford","3","https://www.castlegreenhomes.uk/our-developments/north-wales/swn-y-mor/the-oxford/","images/38cfb487f907d9e8bbb55d5a1571b616f0b2e0166839d9a2dacbe76457ee203c.jpg","https://www.castlegreenhomes.uk/app/uploads/2025/11/TheOxford-2.jpg","The image shows a fully equipped kitchen."
"Sŵn y Môr","The Oxford","3","https://www.castlegreenhomes.uk/our-developments/north-wales/swn-y-mor/the-oxford/","images/76a5c71866e4d4e11ddf6512cfc2a3e0010133ef47719061c026ac663109e187.jpg","https://www.castlegreenhomes.uk/app/uploads/2025/05/TheOxford-11.jpg","The image shows a dining room setup."
"Sŵn y Môr","The Oxford","3","https://www.castlegreenhomes.uk/our-developments/north-wales/swn-y-mor/the-oxford/","images/9d060feea9f3f35951b246f8ef5f8f6aa46bd9523cfdcb470167e3417fe656aa.jpg","https://www.castlegreenhomes.uk/app/uploads/2025/11/TheOxford-24.jpg","The image shows a furnished bedroom."
"Sŵn y Môr","The Oxford","3","https://www.castlegreenhomes.uk/our-developments/north-wales/swn-y-mor/the-oxford/","images/c761ea7e290657156aac09b67bffa5dc2adc808edb8863feb46adb191019ea31.jpg","https://www.castlegreenhomes.uk/app/uploads/2025/11/TheOxford-17.jpg","This is a photograph of a furnished nursery room."
"Sŵn y Môr","The Oxford","3","https://www.castlegreenhomes.uk/our-developments/north-wales/swn-y-mor/the-oxford/","images/5a86c3be7fcd7f2ab2d48b29668e15822c3505dd18aca3ae668657b76fb65475.jpg","https://www.castlegreenhomes.uk/app/uploads/2022/04/P-CGH004-Prestatyn_OXFORD_plot-13_Final-1024x576.jpg","This is an architectural rendering of a property exterior."
"Sŵn y Môr","The Oxford","3","https://www.castlegreenhomes.uk/our-developments/north-wales/swn-y-mor/the-oxford/","images/8a8a9157031cc705bf619cdad9bcae8afb9c2d283479f5bb0bebfaa31b6b815e.jpg","https://www.castlegreenhomes.uk/app/uploads/2025/11/TheOxford-6.jpg","This is a photograph of a furnished living room."
"Sŵn y Môr","The Oxford","3","https://www.castlegreenhomes.uk/our-developments/north-wales/swn-y-mor/the-oxford/","images/08e80061b4a4d663181aa26533ba4a3a91149fc94589a3e8eb3a68670f751205.jpg","https://www.castlegreenhomes.uk/app/uploads/2025/11/TheOxford-22.jpg","This is a photograph of a furnished bedroom."
"Sŵn y Môr","The Oxford","3","https://www.castlegreenhomes.uk/our-developments/north-wales/swn-y-mor/the-oxford/","images/d05370792d481b395ff07e88155e533dfb32151663cb3255b72fd376a2ff3c60.jpg","https://www.castlegreenhomes.uk/app/uploads/2025/05/TheOxford-10.jpg","This is a photograph of a furnished kitchen."
"Sŵn y Môr","The Oxford","3","https://www.castlegreenhomes.uk/our-developments/north-wales/swn-y-mor/the-oxford/","images/be8be45d9f9c94616538c5688348c90324b103aa7e10ec2e7ac03d0aae7d6aac.jpg","https://www.castlegreenhomes.uk/app/uploads/2025/11/TheOxford-20.jpg","This is a photograph of a furnished bedroom."
"Sŵn y Môr","The Oxford","3","https://www.castlegreenhomes.uk/our-developments/north-wales/swn-y-mor/the-oxford/","images/9afbd90fc622b6eceb570f01c49ff48a5cf499793ff878856104491dd32da4a5.jpg","https://www.castlegreenhomes.uk/app/uploads/2025/11/TheOxford-14.jpg","This is a photograph of a furnished living space."
"Sŵn y Môr","The Wentworth Lifestyle","3","https://www.castlegreenhomes.uk/our-developments/north-wales/swn-y-mor/the-wentworth-lifestyle/","images/da5bcaab438a0d63675208d3edbc80f2a0acf0a3d21381aa3a087ed1c98e62e5.png","https://www.castlegreenhomes.uk/app/uploads/2022/11/Wentworth-Wentworth-Lifestyle.png","This is a promotional exterior rendering of a property."
"Sŵn y Môr","The Wentworth Lifestyle","3","https://www.castlegreenhomes.uk/our-developments/north-wales/swn-y-mor/the-wentworth-lifestyle/","images/d1fe551bc55b3265066350966f75a791c2f9ec37666c7a30c78c7f8fa4e2aaa6.jpg","https://www.castlegreenhomes.uk/app/uploads/2023/10/The_Windsor_Bridgewater_View_Daresbury_New_Home-28.jpg","This is a photograph of a bedroom interior."
"Sŵn y Môr","The Wentworth Lifestyle","3","https://www.castlegreenhomes.uk/our-developments/north-wales/swn-y-mor/the-wentworth-lifestyle/","images/43a319bb8e1f1ea5f3d021be7ee3f66406757d43981e201d1eef2b6c9cf0ec35.jpg","https://www.castlegreenhomes.uk/app/uploads/2024/09/Wentworth-Thornton-48.jpg","This is a photograph of a dining room interior."
"Sŵn y Môr","The Wentworth Lifestyle","3","https://www.castlegreenhomes.uk/our-developments/north-wales/swn-y-mor/the-wentworth-lifestyle/","images/2844ad3236ff0c4379de3f69c03e5613ff81515193c50930f2c9826f18904f0f.jpg","https://www.castlegreenhomes.uk/app/uploads/2024/09/TheWindsor-66.jpg","This is a photograph of a living room interior."
"Sŵn y Môr","The Wentworth Lifestyle","3","https://www.castlegreenhomes.uk/our-developments/north-wales/swn-y-mor/the-wentworth-lifestyle/","images/b6557271fa219c597912beac3036a915955c41c39a65a863abcaf066022c6db4.jpg","https://www.castlegreenhomes.uk/app/uploads/2023/10/The_Windsor_Bridgewater_View_Daresbury_New_Home-67.jpg","This is a photograph of a bedroom interior."
"Sŵn y Môr","The Wentworth Lifestyle","3","https://www.castlegreenhomes.uk/our-developments/north-wales/swn-y-mor/the-wentworth-lifestyle/","images/5550e58370df204ccf55c4cc017dd730eca4505478773c95666cbad3248a6e49.jpg","https://www.castlegreenhomes.uk/app/uploads/2023/10/The_Windsor_Bridgewater_View_Daresbury_New_Home-18.jpg","This is a photograph of a living room interior."
"Sŵn y Môr","The Wentworth Lifestyle","3","https://www.castlegreenhomes.uk/our-developments/north-wales/swn-y-mor/the-wentworth-lifestyle/","images/45a37013fa4b5499bdeda9557a7c143a2f979d0172b562226ee7d985ccd9bf83.jpg","https://www.castlegreenhomes.uk/app/uploads/2022/04/P-CGH004-Prestatyn_WEN_Plot-35_Final-1024x576.jpg","This is an exterior view of a residential property."
"Sŵn y Môr","The Wentworth Lifestyle","3","https://www.castlegreenhomes.uk/our-developments/north-wales/swn-y-mor/the-wentworth-lifestyle/","images/82e6098f5957b605786f8dee218a049b47be919f7e96af04cb18b689ab9986e8.jpg","https://www.castlegreenhomes.uk/app/uploads/2023/10/The_Windsor_Bridgewater_View_Daresbury_New_Home-85.jpg","This is a photograph of a bedroom interior."
"Sŵn y Môr","The Wentworth Lifestyle","3","https://www.castlegreenhomes.uk/our-developments/north-wales/swn-y-mor/the-wentworth-lifestyle/","images/92ed1e28049b74edc6401730d0913c2ed79f3083d09dbbe06877a4101159d67c.jpg","https://www.castlegreenhomes.uk/app/uploads/2023/10/The_Windsor_Bridgewater_View_Daresbury_New_Home-32.jpg","This is a photograph of a bathroom interior."
"Sŵn y Môr","The Wentworth Lifestyle","3","https://www.castlegreenhomes.uk/our-developments/north-wales/swn-y-mor/the-wentworth-lifestyle/","images/e70461b8c0cf3c9a136876f06d2d91eaa63cd19366bda44841ed7f2eed557db8.jpg","https://www.castlegreenhomes.uk/app/uploads/2023/10/The_Windsor_Bridgewater_View_Daresbury_New_Home-83.jpg","This is a photograph of a bedroom interior showing a desk area."
"Sŵn y Môr","The Wentworth Lifestyle","3","https://www.castlegreenhomes.uk/our-developments/north-wales/swn-y-mor/the-wentworth-lifestyle/","images/6f0786d883b437b328756bbbd624783bd56358b253f2c30b244e7c8bc194848c.jpg","https://www.castlegreenhomes.uk/app/uploads/2022/06/Wentworth-Thornton-59.jpg","This is a photograph of a kitchen interior."
"Sŵn y Môr","The Wentworth Lifestyle","3","https://www.castlegreenhomes.uk/our-developments/north-wales/swn-y-mor/the-wentworth-lifestyle/","images/86fd7104a4ee99e378fa98f8c5a841c4a8ce5ea0a62a036bbd5ab8c4294ee560.jpg","https://www.castlegreenhomes.uk/app/uploads/2023/10/The_Windsor_Bridgewater_View_Daresbury_New_Home-81.jpg","This is a photograph of a bedroom interior."
"Sŵn y Môr","The Wentworth Lifestyle","3","https://www.castlegreenhomes.uk/our-developments/north-wales/swn-y-mor/the-wentworth-lifestyle/","images/1547ed554707e05c5cce5c0ded22d527937df14bd13535d0f0241fe9f4392d22.jpg","https://www.castlegreenhomes.uk/app/uploads/2023/10/The_Windsor_Bridgewater_View_Daresbury_New_Home-59.jpg","This is a photograph of a living room interior."
"Sŵn y Môr","The Wentworth Lifestyle","3","https://www.castlegreenhomes.uk/our-developments/north-wales/swn-y-mor/the-wentworth-lifestyle/","images/19974e83693604ecf14d61d2608e1d2a5e63e48cae01b70f3a80043f5519b038.jpg","https://www.castlegreenhomes.uk/app/uploads/2023/10/The_Windsor_Bridgewater_View_Daresbury_New_Home-80.jpg","This is a photograph of a bedroom interior."
"Sŵn y Môr","The Wentworth Lifestyle","3","https://www.castlegreenhomes.uk/our-developments/north-wales/swn-y-mor/the-wentworth-lifestyle/","images/251ebd99e676756bdcf8dbd18e67b19affe7a8871a3505088607cd48f5a1631e.jpg","https://www.castlegreenhomes.uk/app/uploads/2023/10/The_Windsor_Bridgewater_View_Daresbury_New_Home-82.jpg","The image shows a transitional space with a desk setup leading into a bathroom."
"Sŵn y Môr","The Wentworth Lifestyle","3","https://www.castlegreenhomes.uk/our-developments/north-wales/swn-y-mor/the-wentworth-lifestyle/","images/3754c9a8bfd28a39188e3d87d0bd66183bc185376e5b21bccaee4de68f1867e0.jpg","https://www.castlegreenhomes.uk/app/uploads/2023/10/The_Windsor_Bridgewater_View_Daresbury_New_Home-78.jpg","The image depicts a furnished bedroom."
"Sŵn y Môr","The Wentworth Lifestyle","3","https://www.castlegreenhomes.uk/our-developments/north-wales/swn-y-mor/the-wentworth-lifestyle/","images/87868c03d12a3e5fd7bb9f047c01fc68d6861e890bfd4acc057a8915cb09c27c.jpg","https://www.castlegreenhomes.uk/app/uploads/2024/10/Windsor-5.jpg","The image shows a standard bathroom interior."
"Sŵn y Môr","The Wentworth Lifestyle","3","https://www.castlegreenhomes.uk/our-developments/north-wales/swn-y-mor/the-wentworth-lifestyle/","images/3159fc25effaca9a0dbfcc43fd08bbbf9a4b63065f7ffe0f9e24e4852eefc026.jpg","https://www.castlegreenhomes.uk/app/uploads/2023/10/The_Windsor_Bridgewater_View_Daresbury_New_Home-79.jpg","The image shows a bedroom interior."
"Sŵn y Môr","The Wentworth Lifestyle","3","https://www.castlegreenhomes.uk/our-developments/north-wales/swn-y-mor/the-wentworth-lifestyle/","images/a0f3cd0f061e8b0768319318bec529d6d0af7b8c68ef833300fdfacbb40c800d.jpg","https://www.castlegreenhomes.uk/app/uploads/2024/10/Windsor-7.jpg","The image shows a bathroom interior."
"Sŵn y Môr","The Wentworth Lifestyle","3","https://www.castlegreenhomes.uk/our-developments/north-wales/swn-y-mor/the-wentworth-lifestyle/","images/347d901907bb3db2c6a32b08fa04a3e4769e47c73c5e55989280b37ed2499c79.jpg","https://www.castlegreenhomes.uk/app/uploads/2024/01/Wentworth-Thornton-45.jpg","The image shows a dining and kitchen space."
"Sŵn y Môr","The Wentworth","4","https://www.castlegreenhomes.uk/our-developments/north-wales/swn-y-mor/the-wentworth/","images/da5bcaab438a0d63675208d3edbc80f2a0acf0a3d21381aa3a087ed1c98e62e5.png","https://www.castlegreenhomes.uk/app/uploads/2022/11/Wentworth-Wentworth-Lifestyle.png","This is a promotional exterior rendering of a property."
"Sŵn y Môr","The Wentworth","4","https://www.castlegreenhomes.uk/our-developments/north-wales/swn-y-mor/the-wentworth/","images/a18b8820e7b2d0ff8de5f208f52999a78e0c27f7335df2886ff60f48eedf6b8a.jpg","https://www.castlegreenhomes.uk/app/uploads/2025/01/WentworthSalesOffice-Thornton-36-Copy.jpg","The image shows a living room interior."
"Sŵn y Môr","The Wentworth","4","https://www.castlegreenhomes.uk/our-developments/north-wales/swn-y-mor/the-wentworth/","images/0b8fc3ef5f98e4cb656a12012e0b4f23d4977aeb23cd598e92b0fe0edd455ec4.jpg","https://www.castlegreenhomes.uk/app/uploads/2025/01/WentworthSalesOffice-Thornton-29.jpg","The image shows a bedroom interior."
"Sŵn y Môr","The Wentworth","4","https://www.castlegreenhomes.uk/our-developments/north-wales/swn-y-mor/the-wentworth/","images/bfd455e2b3551d7ae8a88d186801be327903d438ef1db6fb1c1eaff0b756e104.jpg","https://www.castlegreenhomes.uk/app/uploads/2025/01/WentworthSalesOffice-Thornton-28-Copy.jpg","This is a photograph of a furnished bedroom."
"Sŵn y Môr","The Wentworth","4","https://www.castlegreenhomes.uk/our-developments/north-wales/swn-y-mor/the-wentworth/","images/cfc8748021c7ca861ff4a2858597f68867c3f4ce556c36caaf6ae9555d0550df.jpg","https://www.castlegreenhomes.uk/app/uploads/2025/01/WentworthSalesOffice-Thornton-27-Copy.jpg","This is a photograph of a furnished bedroom with a small desk area."
"Sŵn y Môr","The Wentworth","4","https://www.castlegreenhomes.uk/our-developments/north-wales/swn-y-mor/the-wentworth/","images/2621c64113f6af89b375b4ce539d36158934fc18d46598a4f15611fcba8c130c.jpg","https://www.castlegreenhomes.uk/app/uploads/2025/01/WentworthSalesOffice-Thornton-72-Copy.jpg","This is a photograph of a furnished bedroom."
"Sŵn y Môr","The Wentworth","4","https://www.castlegreenhomes.uk/our-developments/north-wales/swn-y-mor/the-wentworth/","images/6eebe405cd595bd4ae17f99c3b48135c492ad9c54bf2d184649e9e2ab4a09aa9.jpg","https://www.castlegreenhomes.uk/app/uploads/2022/01/WentworthSalesOffice-Thornton-8.jpg","This is a photograph of a furnished bedroom."
"Sŵn y Môr","The Wentworth","4","https://www.castlegreenhomes.uk/our-developments/north-wales/swn-y-mor/the-wentworth/","images/821fb3a088d1af3ea3506ea5bb6b2b1ba5c3f6c10df66b1d34c3abdd5c4b58e3.jpg","https://www.castlegreenhomes.uk/app/uploads/2022/06/WentworthSalesOffice-Thornton-01.jpg","This is a photograph of a furnished bedroom with a small desk."
"Sŵn y Môr","The Wentworth","4","https://www.castlegreenhomes.uk/our-developments/north-wales/swn-y-mor/the-wentworth/","images/e12167e92bba483a1942282f4e4a4edfaa10dd7e098f98526cbca1859b7c6d6c.jpg","https://www.castlegreenhomes.uk/app/uploads/2025/01/TheWentworth-3.jpg","This is a photograph of a furnished dining room area."
"Sŵn y Môr","The Wentworth","4","https://www.castlegreenhomes.uk/our-developments/north-wales/swn-y-mor/the-wentworth/","images/dca55bc701832c7783326a4404e97b5d60895f6ec686d3023634be3ddc28c4a0.jpg","https://www.castlegreenhomes.uk/app/uploads/2025/01/TheWentworth-2.jpg","This is a photograph of a kitchen space."
"Sŵn y Môr","The Wentworth","4","https://www.castlegreenhomes.uk/our-developments/north-wales/swn-y-mor/the-wentworth/","images/9b97f7d4776528b8c2eb9936581aded00f26807098455b693c2c7c1c6c8b3c7b.jpg","https://www.castlegreenhomes.uk/app/uploads/2025/01/TheWentworth-27.jpg","This is a photograph of a living room."
"Sŵn y Môr","The Wentworth","4","https://www.castlegreenhomes.uk/our-developments/north-wales/swn-y-mor/the-wentworth/","images/f6feee18a30e98c9a689152e7fa89b7d17799d4c521e06b89c2d48e16570064d.jpg","https://www.castlegreenhomes.uk/app/uploads/2025/01/TheWentworth.jpg","This is a photograph of a living room."
"Sŵn y Môr","The Wentworth","4","https://www.castlegreenhomes.uk/our-developments/north-wales/swn-y-mor/the-wentworth/","images/81eba0d466e02528dd9dbca7a6f577849cfdfa34cc022e01213c0398249df384.jpg","https://www.castlegreenhomes.uk/app/uploads/2025/01/TheWentworth-10.jpg","This is a photograph of a bedroom."
"Sŵn y Môr","The Wentworth","4","https://www.castlegreenhomes.uk/our-developments/north-wales/swn-y-mor/the-wentworth/","images/1e0f7b19c23fd4f05fa923033ea4010ba2f3bb5c798bb5eec596055506d94d8c.jpg","https://www.castlegreenhomes.uk/app/uploads/2025/01/TheWentworth-11.jpg","This is a photograph of a furnished bedroom."
"Sŵn y Môr","The Wentworth","4","https://www.castlegreenhomes.uk/our-developments/north-wales/swn-y-mor/the-wentworth/","images/79c561cf69216c3a4dc36b2736bea7c8b37fef9f6737df5d688b3db824c022d4.jpg","https://www.castlegreenhomes.uk/app/uploads/2025/01/TheWentworth-14.jpg","This is a photograph of a bathroom."
"Sŵn y Môr","The Wentworth","4","https://www.castlegreenhomes.uk/our-developments/north-wales/swn-y-mor/the-wentworth/","images/85ecb6a20fbbc0c6e5344424656044762ef76e1198ee590fec5c94a9e0b5f3f8.jpg","https://www.castlegreenhomes.uk/app/uploads/2025/01/TheWentworth-21.jpg","This is a photograph of a furnished bedroom."
"Sŵn y Môr","The Wentworth","4","https://www.castlegreenhomes.uk/our-developments/north-wales/swn-y-mor/the-wentworth/","images/68358eb595ab6b1ab706e6531c3ebe8d86624fd2ed43b0d42c74bcbafef2ad37.jpg","https://www.castlegreenhomes.uk/app/uploads/2025/01/TheWentworth-22.jpg","This is a photograph of a furnished bedroom."
"Sŵn y Môr","The Wentworth","4","https://www.castlegreenhomes.uk/our-developments/north-wales/swn-y-mor/the-wentworth/","images/4538f78daf7ef0eb58b521117aca54e63a9a898e99fb9f2328cb64a1d1da19d7.jpg","https://www.castlegreenhomes.uk/app/uploads/2025/01/TheWentworth-15.jpg","This is a photograph of a furnished bedroom."
"Sŵn y Môr","The Wentworth","4","https://www.castlegreenhomes.uk/our-developments/north-wales/swn-y-mor/the-wentworth/","images/36bc0e64240304022d8e50a398948c107c13a6363bfc055a0d96e44a83c3f06a.jpg","https://www.castlegreenhomes.uk/app/uploads/2025/01/TheWentworth-17.jpg","This is a photograph of a furnished bedroom."
"Sŵn y Môr","The Wentworth","4","https://www.castlegreenhomes.uk/our-developments/north-wales/swn-y-mor/the-wentworth/","images/01039764406e388f4b23307cffbec8a23e46b19a5bbf555a094fca0715938fb9.jpg","https://www.castlegreenhomes.uk/app/uploads/2025/01/TheWentworth-18.jpg","This is a photograph of a furnished bedroom."
"Sŵn y Môr","The Wentworth","4","https://www.castlegreenhomes.uk/our-developments/north-wales/swn-y-mor/the-wentworth/","images/9b54f7d63b589ee203e706eea9dca8bd1de94d956e1b68c4db5177609150a7b7.jpg","https://www.castlegreenhomes.uk/app/uploads/2025/01/TheWentworth-20.jpg","This is a photograph of a furnished bedroom."
"Sŵn y Môr","The Wentworth","4","https://www.castlegreenhomes.uk/our-developments/north-wales/swn-y-mor/the-wentworth/","images/389d291d1f834cc17304cdfc6bd8cd6ecee20570b8c83a928e1c3e3c7d3171c2.jpg","https://www.castlegreenhomes.uk/app/uploads/2025/01/TheWentworth-24.jpg","This is a photograph of a bathroom."
"Sŵn y Môr","The Kingsley","3","https://www.castlegreenhomes.uk/our-developments/north-wales/swn-y-mor/the-kingsley/","images/924b88ab3670e44e5581dca022e94f0fbc5f99e4eb00f38b4cab729ee880f5d7.jpg","https://www.castlegreenhomes.uk/app/uploads/2025/01/TheStratford-39.jpg","This is a photograph of a bedroom."
"Sŵn y Môr","The Kingsley","3","https://www.castlegreenhomes.uk/our-developments/north-wales/swn-y-mor/the-kingsley/","images/c40fd7bed8f65a4067fc293337142e6ec986244e9d9b290a34992e0ece5052bc.jpg","https://www.castlegreenhomes.uk/app/uploads/2025/01/TheStratford-1.jpg","This is a photograph of a furnished living room."
"Sŵn y Môr","The Kingsley","3","https://www.castlegreenhomes.uk/our-developments/north-wales/swn-y-mor/the-kingsley/","images/1acfab8dc4a7dc8c2e52957f19d1330e1933f06200f5eb61986804a53604a8b8.jpg","https://www.castlegreenhomes.uk/app/uploads/2025/01/TheStratford-19.jpg","This is a photograph of a kitchen."
"Sŵn y Môr","The Kingsley","3","https://www.castlegreenhomes.uk/our-developments/north-wales/swn-y-mor/the-kingsley/","images/0a52616f44cc6300722b88e67b56a8bc25df69f2a17a98d0e4de5dd2f4394ba8.jpg","https://www.castlegreenhomes.uk/app/uploads/2025/01/TheStratford-32.jpg","This is a photograph of a dining room."
"Sŵn y Môr","The Kingsley","3","https://www.castlegreenhomes.uk/our-developments/north-wales/swn-y-mor/the-kingsley/","images/07a1b0c1be035a59c44e74e62404df95514b466cdcb717f9bcf213257ec367ea.jpg","https://www.castlegreenhomes.uk/app/uploads/2025/01/TheStratford-16.jpg","This is a photograph of a dining room."
"Sŵn y Môr","The Kingsley","3","https://www.castlegreenhomes.uk/our-developments/north-wales/swn-y-mor/the-kingsley/","images/24bb24c0f6fe578bb9e538b07e686f3958a90b2ef5c7d5ed71119982c1548497.jpg","https://www.castlegreenhomes.uk/app/uploads/2022/04/P-CGH004-Prestatyn_T-KIN_Plot-34_Final-1024x576.jpg","This is an exterior view of a property."
"Sŵn y Môr","The Kingsley","3","https://www.castlegreenhomes.uk/our-developments/north-wales/swn-y-mor/the-kingsley/","images/d0d1d7e5833438e72551c3913c1ced3e73787d3bc0a86d71c3e3c35264e1ac2e.jpg","https://www.castlegreenhomes.uk/app/uploads/2022/04/TheStratford-4.jpg","This is a photograph of a furnished living room."
"Sŵn y Môr","The Kingsley","3","https://www.castlegreenhomes.uk/our-developments/north-wales/swn-y-mor/the-kingsley/","images/f6254846b1136b792aaf7d5a00075b5abe90841162afb522321f2ad0e2580330.jpg","https://www.castlegreenhomes.uk/app/uploads/2022/04/TheStratford-41.jpg","This is a photograph of a furnished bedroom."
"Sŵn y Môr","The Kingsley","3","https://www.castlegreenhomes.uk/our-developments/north-wales/swn-y-mor/the-kingsley/","images/0060cdd42f273ce35cf2c3f2a89abd25b70aed6e9f7e5514dcb8761844c0164a.jpg","https://www.castlegreenhomes.uk/app/uploads/2025/01/TheStratford-58.jpg","This is a photograph of a furnished bedroom."
"Sŵn y Môr","The Kingsley","3","https://www.castlegreenhomes.uk/our-developments/north-wales/swn-y-mor/the-kingsley/","images/007be9ab3fe742fe9feaf6bd96442b1a080d76480648f8e29ddde109f0f922a5.jpg","https://www.castlegreenhomes.uk/app/uploads/2025/01/TheStratford-70.jpg","This is a photograph of a dressing room."
"Sŵn y Môr","The Kingsley","3","https://www.castlegreenhomes.uk/our-developments/north-wales/swn-y-mor/the-kingsley/","images/b6a02418109e474ea64014ea4773dcf18cd6b5f5d1a8a1e3add777e0c342389f.jpg","https://www.castlegreenhomes.uk/app/uploads/2022/04/TheStratford-64.jpg","This is a photograph of a dressing room vanity area."
"Sŵn y Môr","The Wiltshire","4","https://www.castlegreenhomes.uk/our-developments/north-wales/swn-y-mor/the-wiltshire/","images/72d4908e0690623d5ff06c9dfd1b7512a71cb89293e1fd33f81fa1f477b47473.png","https://www.castlegreenhomes.uk/app/uploads/2022/11/Wiltshire.png","This is a promotional exterior rendering of a property."
"Sŵn y Môr","The Wiltshire","4","https://www.castlegreenhomes.uk/our-developments/north-wales/swn-y-mor/the-wiltshire/","images/1a72a3b305b6f572576f6a97d78123ad799570ce05874f6e5e453e80b27bb843.jpg","https://www.castlegreenhomes.uk/app/uploads/2022/10/TheWiltshire-2.jpg","This is a photograph of a furnished open-plan living and dining room."
"Sŵn y Môr","The Wiltshire","4","https://www.castlegreenhomes.uk/our-developments/north-wales/swn-y-mor/the-wiltshire/","images/23753ee29351fab3cd1fc284222cce4eca7c82316dbdbad5e0d1de97fe64b0a7.jpg","https://www.castlegreenhomes.uk/app/uploads/2022/10/TheWiltshire-36.jpg","This is a photograph of a furnished bedroom."
"Sŵn y Môr","The Wiltshire","4","https://www.castlegreenhomes.uk/our-developments/north-wales/swn-y-mor/the-wiltshire/","images/1c2f348d43262e2767699b392bbf644419e1483ccb1882626db40743d3231c9c.jpg","https://www.castlegreenhomes.uk/app/uploads/2022/10/TheWiltshire-11.jpg","The image shows a kitchen and dining space."
"Sŵn y Môr","The Wiltshire","4","https://www.castlegreenhomes.uk/our-developments/north-wales/swn-y-mor/the-wiltshire/","images/69aabf815e58ceab848cba5b6fe35dd2af1f6afbab0ff812fdcf50bbcf7b14c0.jpg","https://www.castlegreenhomes.uk/app/uploads/2024/10/wiltshire_lounge_rydal_view.jpg","The image shows a living room interior."
"Sŵn y Môr","The Wiltshire","4","https://www.castlegreenhomes.uk/our-developments/north-wales/swn-y-mor/the-wiltshire/","images/c8dc988247d335b4b1087a10be46a619a54f3d4b90470d31b5c8793c12f1ca24.jpg","https://www.castlegreenhomes.uk/app/uploads/2025/01/TheWiltshire-30.jpg","The room contains a bed and is styled as a bedroom."
"Sŵn y Môr","The Wiltshire","4","https://www.castlegreenhomes.uk/our-developments/north-wales/swn-y-mor/the-wiltshire/","images/94a62cc7951f4c111582c83998d34abb740be326d23c95b2d8b912b6132599a1.jpg","https://www.castlegreenhomes.uk/app/uploads/2023/07/Wiltshire-Header-Image-1024x576.jpg","This is an exterior view of a property."
"Sŵn y Môr","The Wiltshire","4","https://www.castlegreenhomes.uk/our-developments/north-wales/swn-y-mor/the-wiltshire/","images/363d75ee82a3f70a3bb56fc08027c6aec347aaeda5fedaaf20286947663366f4.jpg","https://www.castlegreenhomes.uk/app/uploads/2024/10/wiltshire_kitchen_dining_family_area_rydal_view.jpg","This is a photograph of a furnished living and dining space."
"Sŵn y Môr","The Wiltshire","4","https://www.castlegreenhomes.uk/our-developments/north-wales/swn-y-mor/the-wiltshire/","images/6eb0a0638a6121378b35cc065e63e1453b694f7b30422819f060137ee61a7eec.jpg","https://www.castlegreenhomes.uk/app/uploads/2022/10/TheWiltshire-24.jpg","The room is a kitchen with cooking and dining facilities."
"Sŵn y Môr","The Wiltshire","4","https://www.castlegreenhomes.uk/our-developments/north-wales/swn-y-mor/the-wiltshire/","images/22627397b17f84bd12886d2465a0113dbe7a0840833ead1e9860bdd8c2d2f681.jpg","https://www.castlegreenhomes.uk/app/uploads/2025/01/TheWiltshire-8.jpg","The room is a living area with seating and entertainment furniture."
"Sŵn y Môr","The Wiltshire","4","https://www.castlegreenhomes.uk/our-developments/north-wales/swn-y-mor/the-wiltshire/","images/933277d69d902b56f038843f26da1fbdbf36df05a82093f22ee82828fe6a1526.jpg","https://www.castlegreenhomes.uk/app/uploads/2022/10/TheWiltshire-14.jpg","The room is a living area with comfortable seating."
"Sŵn y Môr","The Wiltshire","4","https://www.castlegreenhomes.uk/our-developments/north-wales/swn-y-mor/the-wiltshire/","images/4ac2c2facdd6235d6217a3e412f4036bd248a9b37cbe3d408b2159470b548c10.jpg","https://www.castlegreenhomes.uk/app/uploads/2022/10/TheWiltshire-17.jpg","This is a photograph of a furnished living room area."
"Sŵn y Môr","The Wiltshire","4","https://www.castlegreenhomes.uk/our-developments/north-wales/swn-y-mor/the-wiltshire/","images/22dd094498130b140071a004daec70addfddd6deb8e71246d7e601be1afa7afe.jpg","https://www.castlegreenhomes.uk/app/uploads/2024/10/wiltshire_primary_dressing_area_rydal_view.jpg","This is a photograph of a hallway or landing area."
"Sŵn y Môr","The Wiltshire","4","https://www.castlegreenhomes.uk/our-developments/north-wales/swn-y-mor/the-wiltshire/","images/bad296803f0bdcfd7d6a7d5342e93bb7f7be40de4811772e0a2ea402dbbc8bed.jpg","https://www.castlegreenhomes.uk/app/uploads/2022/10/TheWiltshire-39.jpg","This is a photograph of a study or multi-purpose room."
"Sŵn y Môr","The Wiltshire","4","https://www.castlegreenhomes.uk/our-developments/north-wales/swn-y-mor/the-wiltshire/","images/a2b8f1a48f796a31b84a14abebd736cbc45f54c126897053982a623f38e6cff9.jpg","https://www.castlegreenhomes.uk/app/uploads/2024/10/wiltshire_primary_bedroom_ensuite_rydal_view.jpg","This is a photograph of a bathroom."
"Sŵn y Môr","The Wiltshire","4","https://www.castlegreenhomes.uk/our-developments/north-wales/swn-y-mor/the-wiltshire/","images/34dd46ceef3f9f97f41e1ba3b3880712c9df8a9e377d1dd4a46eb7889a3df636.jpg","https://www.castlegreenhomes.uk/app/uploads/2024/10/wiltshire_bedroom2_rydal_view.jpg","This is a photograph of a bedroom."
"Sŵn y Môr","The Wiltshire","4","https://www.castlegreenhomes.uk/our-developments/north-wales/swn-y-mor/the-wiltshire/","images/31a0ed656da94c16603ef1a78ae72e686e433bdd95aa980bc53ba509d29c0f45.jpg","https://www.castlegreenhomes.uk/app/uploads/2024/10/wiltshire_bedroom2_dressing_rydal_view.jpg","This is a photograph of a bedroom with a desk area."
"Sŵn y Môr","The Wiltshire","4","https://www.castlegreenhomes.uk/our-developments/north-wales/swn-y-mor/the-wiltshire/","images/32782239b4d034ba2be0022ac5484aa62c7aac324156410923d8cf577a8f32b4.jpg","https://www.castlegreenhomes.uk/app/uploads/2024/10/wiltshire_bedroom2_ensuite_rydal_view.jpg","The image shows a functional bathroom space with sanitary ware."
"Sŵn y Môr","The Wiltshire","4","https://www.castlegreenhomes.uk/our-developments/north-wales/swn-y-mor/the-wiltshire/","images/020e15d94a1b12e23077bca25005ba4386490c365329f77d0edbe9b2c9be37ec.jpg","https://www.castlegreenhomes.uk/app/uploads/2024/10/wiltshire_bedroom3_rydal_view.jpg","The image shows a furnished bedroom."
"Sŵn y Môr","The Wiltshire","4","https://www.castlegreenhomes.uk/our-developments/north-wales/swn-y-mor/the-wiltshire/","images/269bb2b56ee8415025bd017a2868b528486ca8dd9832fad972c428dbd1564222.jpg","https://www.castlegreenhomes.uk/app/uploads/2024/10/wiltshire_bedroom4_rydal_view.jpg","The image shows a furnished bedroom."
"Sŵn y Môr","The Wiltshire","4","https://www.castlegreenhomes.uk/our-developments/north-wales/swn-y-mor/the-wiltshire/","images/a4174804abe1ad532d4b26b18c790ebfcef0e9a33e6ced9453633c33b19c12ef.jpg","https://www.castlegreenhomes.uk/app/uploads/2023/07/The_Wiltshire_New_Home-105.jpg","The image shows a functional bathroom space."
"Sŵn y Môr","The Oakley","2","https://www.castlegreenhomes.uk/our-developments/north-wales/swn-y-mor/the-oakley/","images/4f4c46d0713da4fd2606234779bf749ff182e0ef930fd0853fe553e2d22fc4b3.png","https://www.castlegreenhomes.uk/app/uploads/2023/03/Oakley.png","This is a promotional exterior rendering of a property."
"Sŵn y Môr","The Oakley","2","https://www.castlegreenhomes.uk/our-developments/north-wales/swn-y-mor/the-oakley/","images/03cdbece8f66e86a9ae35e83eaad635b67d362e14b000cf6d9fcc68c53988fe3.jpg","https://www.castlegreenhomes.uk/app/uploads/2022/04/the_marlow_llys_y_coed_rhosrobin_kitchen.jpg","This is a photograph of a kitchen."
"Sŵn y Môr","The Oakley","2","https://www.castlegreenhomes.uk/our-developments/north-wales/swn-y-mor/the-oakley/","images/ba36e08ae14b87a9de987c230b18aa7a6fa0a569ca8ec82650c501ca0a227b36.jpg","https://www.castlegreenhomes.uk/app/uploads/2025/01/the_marlow_llys_y_coed_rhosrobin_bedroom2.jpg","This is a photograph of a furnished bedroom."
"Sŵn y Môr","The Oakley","2","https://www.castlegreenhomes.uk/our-developments/north-wales/swn-y-mor/the-oakley/","images/3608bf0e1774f6dd2eb8e3cc82ca0fdbc4afa6dd322d58989de8160377952831.jpg","https://www.castlegreenhomes.uk/app/uploads/2022/04/TheStratford-53.jpg","The image shows a furnished bedroom."
"Sŵn y Môr","The Oakley","2","https://www.castlegreenhomes.uk/our-developments/north-wales/swn-y-mor/the-oakley/","images/d5f53b2491bb3078c4cbc35f601a8c42795fe2ec099c0c7dead2528337a40dae.jpg","https://www.castlegreenhomes.uk/app/uploads/2025/01/the_marlow_llys_y_coed_rhosrobin_living_room_media-1.jpg","This is a photograph of a living room."
"Sŵn y Môr","The Oakley","2","https://www.castlegreenhomes.uk/our-developments/north-wales/swn-y-mor/the-oakley/","images/606358a376b8592f72731254df08aaaf66986fda0fe3ea6fd4ec80fecfff15fb.jpg","https://www.castlegreenhomes.uk/app/uploads/2025/01/TheStratford-29.jpg","The image shows a dining room interior."
"Sŵn y Môr","The Oakley","2","https://www.castlegreenhomes.uk/our-developments/north-wales/swn-y-mor/the-oakley/","images/1acfab8dc4a7dc8c2e52957f19d1330e1933f06200f5eb61986804a53604a8b8.jpg","https://www.castlegreenhomes.uk/app/uploads/2025/01/TheStratford-19.jpg","This is a photograph of a kitchen."
"Sŵn y Môr","The Oakley","2","https://www.castlegreenhomes.uk/our-developments/north-wales/swn-y-mor/the-oakley/","images/4965345ad272e0781cd79fcd54b9795903efbf30aa7295af1d14122e3ed3e156.jpg","https://www.castlegreenhomes.uk/app/uploads/2025/01/P-CGH004-Prestatyn_OAKLEY-EATON_plot-23-24_Final--1024x768.jpg","This is an exterior view of a property development."
"Sŵn y Môr","The Oakley","2","https://www.castlegreenhomes.uk/our-developments/north-wales/swn-y-mor/the-oakley/","images/c40fd7bed8f65a4067fc293337142e6ec986244e9d9b290a34992e0ece5052bc.jpg","https://www.castlegreenhomes.uk/app/uploads/2025/01/TheStratford-1.jpg","This is a photograph of a furnished living room."
"Sŵn y Môr","The Oakley","2","https://www.castlegreenhomes.uk/our-developments/north-wales/swn-y-mor/the-oakley/","images/d0d1d7e5833438e72551c3913c1ced3e73787d3bc0a86d71c3e3c35264e1ac2e.jpg","https://www.castlegreenhomes.uk/app/uploads/2022/04/TheStratford-4.jpg","This is a photograph of a furnished living room."
"Sŵn y Môr","The Oakley","2","https://www.castlegreenhomes.uk/our-developments/north-wales/swn-y-mor/the-oakley/","images/924861a3ec1882ed856b974b3f60ce88fa44541022a27083eec4468e451a9b9c.jpg","https://www.castlegreenhomes.uk/app/uploads/2025/01/TheStratford-46.jpg","The room contains a bed and a dressing table which functions as a desk."
"Sŵn y Môr","The Oakley","2","https://www.castlegreenhomes.uk/our-developments/north-wales/swn-y-mor/the-oakley/","images/7ac7d0056e447eed66bb823331505e4b0239ca28dec00c8dc3791e22de7f43c1.jpg","https://www.castlegreenhomes.uk/app/uploads/2025/01/Startford-1.jpg","The room is a bathroom or cloakroom."
"Sŵn y Môr","The Chatsworth","4","https://www.castlegreenhomes.uk/our-developments/north-wales/swn-y-mor/the-chatsworth/","images/c73029d30ddafcb9b025bc28153a2a98909cd040049813e543f5556f64ce5c9e.png","https://www.castlegreenhomes.uk/app/uploads/2025/01/Chatsworth.png","This is a photograph of the exterior of a property."
"Sŵn y Môr","The Chatsworth","4","https://www.castlegreenhomes.uk/our-developments/north-wales/swn-y-mor/the-chatsworth/","images/1727fb0744a80d392c347db496d24c28e20e2d60f3c2bcae352bb277c600c216.jpg","https://www.castlegreenhomes.uk/app/uploads/2022/10/TheChatsworth-12.jpg","This is a photograph of a living and dining room."
"Sŵn y Môr","The Chatsworth","4","https://www.castlegreenhomes.uk/our-developments/north-wales/swn-y-mor/the-chatsworth/","images/f50182da99458a16c20fd90b4a9e5b764156ada4d547f31ea5ebda881f0b17cb.jpg","https://www.castlegreenhomes.uk/app/uploads/2022/10/TheChatsworth-11.jpg","The image depicts a kitchen area with cooking and dining facilities."
"Sŵn y Môr","The Chatsworth","4","https://www.castlegreenhomes.uk/our-developments/north-wales/swn-y-mor/the-chatsworth/","images/b3c43655cefb3a95e099b4beae97cd9a15363a3993770587122bb30c0f1511e3.jpg","https://www.castlegreenhomes.uk/app/uploads/2022/10/Chatsworth-Daresbury-7-1.jpg","The image shows a furnished bedroom."
"Sŵn y Môr","The Chatsworth","4","https://www.castlegreenhomes.uk/our-developments/north-wales/swn-y-mor/the-chatsworth/","images/d656aa8fc794604f2b4ed747c72b3578917f39c476f73c40008227cf67caa411.jpg","https://www.castlegreenhomes.uk/app/uploads/2022/10/TheChatsworth-2.jpg","The image shows a living room area."
"Sŵn y Môr","The Chatsworth","4","https://www.castlegreenhomes.uk/our-developments/north-wales/swn-y-mor/the-chatsworth/","images/2ddd1ea07f1f94f1f64e945fe30876c69ea8ef90fe6c34a53080df0bcf0739d5.jpg","https://www.castlegreenhomes.uk/app/uploads/2022/10/Chatsworth-Daresbury-1.jpg","The image shows a bedroom that includes a desk area."
"Sŵn y Môr","The Chatsworth","4","https://www.castlegreenhomes.uk/our-developments/north-wales/swn-y-mor/the-chatsworth/","images/7b8b5d49f2007a452f9cd21a16b85efde900919f7fbef84aba18905b7078fc4b.jpg","https://www.castlegreenhomes.uk/app/uploads/2022/10/TheChatsworth-27.jpg","This is a photograph of a furnished bedroom."
"Sŵn y Môr","The Chatsworth","4","https://www.castlegreenhomes.uk/our-developments/north-wales/swn-y-mor/the-chatsworth/","images/376736dd0c56e5cc9812ed6edb3879fe3e9714aa4928e99df85af341d246d29b.jpg","https://www.castlegreenhomes.uk/app/uploads/2022/10/TheChatsworth-25.jpg","This is a photograph of a furnished home office or study."
"Sŵn y Môr","The Chatsworth","4","https://www.castlegreenhomes.uk/our-developments/north-wales/swn-y-mor/the-chatsworth/","images/4e0dc370001ec4897ba866a0137bca94e367eea5a0f2805702e6fc7ddbe0de60.jpg","https://www.castlegreenhomes.uk/app/uploads/2022/04/P-CGH004-Prestatyn_CHA_Plot-45_Final-1024x576.jpg","This is an exterior architectural visualization of a property."
"Sŵn y Môr","The Henley","3","https://www.castlegreenhomes.uk/our-developments/north-wales/swn-y-mor/the-henley/","images/d85bab4a273de86f4536cb24d3d86d7df701d289230585ff21f4011b2eada92c.png","https://www.castlegreenhomes.uk/app/uploads/2022/11/Henley.png","This is an exterior architectural visualization of a property."
"Sŵn y Môr","The Henley","3","https://www.castlegreenhomes.uk/our-developments/north-wales/swn-y-mor/the-henley/","images/427fd16283cae308b7a6cd42805b83794e772dc87a562b6191e57d74896eddd9.jpg","https://www.castlegreenhomes.uk/app/uploads/2022/10/TrevelynPlace-29.jpg","This is a photograph of a furnished bedroom."
"Sŵn y Môr","The Henley","3","https://www.castlegreenhomes.uk/our-developments/north-wales/swn-y-mor/the-henley/","images/00328f980be083c959105ec9d527dbd6d2449cd55530e40a031457c8e67d5183.jpg","https://www.castlegreenhomes.uk/app/uploads/2022/10/TrevelynPlace-6.jpg","This is a photograph of a furnished living room."
"Sŵn y Môr","The Henley","3","https://www.castlegreenhomes.uk/our-developments/north-wales/swn-y-mor/the-henley/","images/319f8c505e240f9e9eaa0308c1e1160b9f4c5990788660f69379c06a028c7a11.jpg","https://www.castlegreenhomes.uk/app/uploads/2022/10/TrevelynPlace-33.jpg","The image shows a furnished bedroom."
"Sŵn y Môr","The Henley","3","https://www.castlegreenhomes.uk/our-developments/north-wales/swn-y-mor/the-henley/","images/6b36811b3c9152dea96fb25e6c48135d1f309a2341e61fb07f73b8e19b3cfff1.jpg","https://www.castlegreenhomes.uk/app/uploads/2022/10/TrevelynPlace-37.jpg","The image shows a bedroom with a desk area."
"Sŵn y Môr","The Henley","3","https://www.castlegreenhomes.uk/our-developments/north-wales/swn-y-mor/the-henley/","images/ce8e85f7a3805f3a36394086c436c333dcdda2052ec1cc934346d2e173f700a0.jpg","https://www.castlegreenhomes.uk/app/uploads/2025/01/Trevalyn-Place_Henley-1024x768.jpg","This is an exterior view of a property."
"Sŵn y Môr","The Henley","3","https://www.castlegreenhomes.uk/our-developments/north-wales/swn-y-mor/the-henley/","images/e1042f47c63a8f71d1efff9246670c8a8ece61f5453095c4e572de54d39f259b.jpg","https://www.castlegreenhomes.uk/app/uploads/2022/10/TrevelynPlace01.jpg","This is a photograph of a living room interior."
"Sŵn y Môr","The Henley","3","https://www.castlegreenhomes.uk/our-developments/north-wales/swn-y-mor/the-henley/","images/d7193da1ca008ba4d30b7883e75908c2cd330183454f3e3301f8e9dbf428fffe.jpg","https://www.castlegreenhomes.uk/app/uploads/2022/10/TrevelynPlace-19.jpg","This is a functional kitchen space."
"Sŵn y Môr","The Henley","3","https://www.castlegreenhomes.uk/our-developments/north-wales/swn-y-mor/the-henley/","images/9aab5bdb1b927514bc0713db819ff64a38b5efe2a89bd36d709fa9db525d034a.jpg","https://www.castlegreenhomes.uk/app/uploads/2025/01/TrevelynPlace-24.jpg","This is a dedicated dining area."
"Sŵn y Môr","The Henley","3","https://www.castlegreenhomes.uk/our-developments/north-wales/swn-y-mor/the-henley/","images/770a25b02d4661db350d834e49237179d6899659998c2e40965605626234fc8a.jpg","https://www.castlegreenhomes.uk/app/uploads/2022/10/TrevelynPlace-51.jpg","This is a residential bathroom."
"Sŵn y Môr","The Henley","3","https://www.castlegreenhomes.uk/our-developments/north-wales/swn-y-mor/the-henley/","images/78d7a6fbc838e60fbc22779c5a57bc54e0f252612c95e68808a40e645b9e16fe.jpg","https://www.castlegreenhomes.uk/app/uploads/2025/01/TrevelynPlace-35.jpg","This is a furnished bedroom."
"Sŵn y Môr","The Henley","3","https://www.castlegreenhomes.uk/our-developments/north-wales/swn-y-mor/the-henley/","images/10204ddbeb9e9eb5949b40114347d83d77572f6a376a6ecdcc9da536814ce4ba.jpg","https://www.castlegreenhomes.uk/app/uploads/2023/07/TrevelynPlace-36.jpg","This is a photograph of a furnished bedroom."
"Sŵn y Môr","The Henley","3","https://www.castlegreenhomes.uk/our-developments/north-wales/swn-y-mor/the-henley/","images/d91edd43472439d846a8d2cedea8e48f6763ffeb11b4926d1edfcc67fa8a8260.jpg","https://www.castlegreenhomes.uk/app/uploads/2022/10/TrevelynPlace-42.jpg","This is a photograph of a bedroom interior."
"Sŵn y Môr","The Henley","3","https://www.castlegreenhomes.uk/our-developments/north-wales/swn-y-mor/the-henley/","images/a56fb31d2e626c5e93ba2a8c4431ede03e7d3563aa9eed923162dc3f7d470ffa.jpg","https://www.castlegreenhomes.uk/app/uploads/2025/01/TrevelynPlace-54.jpg","This is a photograph of a bathroom."
"Sŵn y Môr","Sŵn y Môr","","https://www.castlegreenhomes.uk/our-developments/north-wales/swn-y-mor/","images/74a68a749391cdaaa4d60de2bb4f5e51f14e89bab0708f72df8e6df4657abd75.jpg","https://www.castlegreenhomes.uk/app/uploads/2024/07/Swn_Y_Mor_Street-Scene.CGI_04-web-scaled.jpg","The image depicts the exterior of a property development."
"Sŵn y Môr","Sŵn y Môr","","https://www.castlegreenhomes.uk/our-developments/north-wales/swn-y-mor/","images/2a81202af9ddb97bf21ad9db4e57ea95380abf8da6a2a11f0d559f766f87cb97.jpg","https://www.castlegreenhomes.uk/app/uploads/2023/11/Wiltshire-027-1-1024x680.jpg","The image shows a living and dining area."
"Sŵn y Môr","Sŵn y Môr","","https://www.castlegreenhomes.uk/our-developments/north-wales/swn-y-mor/","images/abb5170736e8aeefb3ced4fcf180486bb4c88bf5298893382a55c3bd929e951f.jpg","https://www.castlegreenhomes.uk/app/uploads/2023/11/Alderton-020-1024x723.jpg","The image shows a dining room space."
"Sŵn y Môr","Sŵn y Môr","","https://www.castlegreenhomes.uk/our-developments/north-wales/swn-y-mor/","images/3dabf553ea1ecd11b570fbef94fcbbae0f1fd6eab6e02305a73bc451fc03e9d6.jpg","https://www.castlegreenhomes.uk/app/uploads/2022/06/Wiltshire-033-1024x728.jpg","The image shows a furnished bedroom."
"Sŵn y Môr","Sŵn y Môr","","https://www.castlegreenhomes.uk/our-developments/north-wales/swn-y-mor/","images/03311f4e713432fb2f30b633cd1844067ac8b6ee9e2d54f587bca4534db9ead6.jpg","https://www.castlegreenhomes.uk/app/uploads/2023/12/StAsaph-Lifestyle-102.jpg","The image shows a living room interior."
"Sŵn y Môr","Sŵn y Môr","","https://www.castlegreenhomes.uk/our-developments/north-wales/swn-y-mor/","images/0fd87493db93767707cb5cba5f1014dc93bf18d3b498d594d288fc6e726eeb4c.jpg","https://www.castlegreenhomes.uk/app/uploads/2023/11/StAsaph-Lifestyle-149-1024x682.jpg","The image shows a furnished bedroom."
"Sŵn y Môr","Sŵn y Môr","","https://www.castlegreenhomes.uk/our-developments/north-wales/swn-y-mor/","images/3bc1b4c18ae0e6c36499e8ee9480872222fade11460445d3c3dac95d6c858b74.jpg","https://www.castlegreenhomes.uk/app/uploads/2023/11/StAsaph-Lifestyle-238.jpg","This is a photograph of a dining room interior."
"Sŵn y Môr","Sŵn y Môr","","https://www.castlegreenhomes.uk/our-developments/north-wales/swn-y-mor/","images/f6b74d5f84433872494daa1beb84efc187cf91a28cc05238ee74f96223dc97ab.jpg","https://www.castlegreenhomes.uk/app/uploads/2022/06/StAsaph-Lifestyle-163.jpg","This is a photograph of a living room interior."
"Sŵn y Môr","Sŵn y Môr","","https://www.castlegreenhomes.uk/our-developments/north-wales/swn-y-mor/","images/af1fe36760b67df80165ca55308352f4c61f4cd477c26a5bf62b4a5c00142148.jpg","https://www.castlegreenhomes.uk/app/uploads/2022/06/StAsaph-Lifestyle-182.jpg","This is a photograph of a bedroom interior."
"Sŵn y Môr","Sŵn y Môr","","https://www.castlegreenhomes.uk/our-developments/north-wales/swn-y-mor/","images/b9ae6e23adb78f5cddd2d2a3649066a06997f433715d0b8a3212400b111c0cdb.jpg","https://www.castlegreenhomes.uk/app/uploads/2022/06/Cheltenham-027-1024x712.jpg","This is a photograph of a bedroom interior."
"Sŵn y Môr","Sŵn y Môr","","https://www.castlegreenhomes.uk/our-developments/north-wales/swn-y-mor/","images/e744b76e62203ede76c479e8d462d7d83a9910566246ce3df0725e7dcd51f7bc.jpg","https://www.castlegreenhomes.uk/app/uploads/2022/06/Wiltshire-008-1024x675.jpg","This is a residential living room."
"Sŵn y Môr","Sŵn y Môr","","https://www.castlegreenhomes.uk/our-developments/north-wales/swn-y-mor/","images/ac0c5232d1b30ee8a4cda18dab208e1073f72d1ea2a805b0eaf726924dc7aabe.jpg","https://www.castlegreenhomes.uk/app/uploads/2022/06/Alderton-024-1024x664.jpg","This is a combined living and dining space."
"Sŵn y Môr","Sŵn y Môr","","https://www.castlegreenhomes.uk/our-developments/north-wales/swn-y-mor/","images/e5476dec91ec2a3f3f41d131c2cb44a58655a07415f396289c639f6a3c75558b.jpg","https://www.castlegreenhomes.uk/app/uploads/2022/06/StAsaph-Lifestyle-157.jpg","This is a furnished bedroom."
"The Paddocks at Rydal View","The Wentworth Lifestyle","3","https://www.castlegreenhomes.uk/our-developments/the-paddocks-at-rydal-view/the-wentworth-lifestyle/","images/7848ad3d96db72151622dba6a4084011f07d0b1e8a178bd081d7d0acbf3119c5.jpg","https://www.castlegreenhomes.uk/app/uploads/2025/01/Wentworth-Lifestyle.jpg","This is an exterior view of a residential property."
"The Paddocks at Rydal View","The Wentworth Lifestyle","3","https://www.castlegreenhomes.uk/our-developments/the-paddocks-at-rydal-view/the-wentworth-lifestyle/","images/a2e7f79eed05f667564e142488eacb5efb0617aaf04801276de8d55a412462d0.jpg","https://www.castlegreenhomes.uk/app/uploads/2023/07/IMG_6659.jpeg","The room is furnished as a living area."
"The Paddocks at Rydal View","The Wentworth Lifestyle","3","https://www.castlegreenhomes.uk/our-developments/the-paddocks-at-rydal-view/the-wentworth-lifestyle/","images/1350e1ffa3502db3ae5bfd5a4e4e481a2e866eab4aac2e358718ae6c6f323a30.jpg","https://www.castlegreenhomes.uk/app/uploads/2023/07/IMG_6672.jpeg","The image shows a bedroom with a bed and a functional vanity desk area."
"The Paddocks at Rydal View","The Wentworth Lifestyle","3","https://www.castlegreenhomes.uk/our-developments/the-paddocks-at-rydal-view/the-wentworth-lifestyle/","images/57ca491882aec0a18d3b835ab2da438097d401c84231e32a90d17dd50074097d.jpg","https://www.castlegreenhomes.uk/app/uploads/2025/01/IMG_6698.jpeg","The image shows a kitchen integrated with a dining area."
"The Paddocks at Rydal View","The Wentworth Lifestyle","3","https://www.castlegreenhomes.uk/our-developments/the-paddocks-at-rydal-view/the-wentworth-lifestyle/","images/efd8bd08023be2faa82ac514b095cc35901dba2113a7b2b7420e8ea71cfdd80a.jpg","https://www.castlegreenhomes.uk/app/uploads/2025/01/IMG_6658.jpeg","The image shows a furnished living room."
"The Paddocks at Rydal View","The Wentworth Lifestyle","3","https://www.castlegreenhomes.uk/our-developments/the-paddocks-at-rydal-view/the-wentworth-lifestyle/","images/76baeb9dc1d3cdb9819bcd1ddf4b445ef57c9d24cd0c21eb2a72d34a4615a2df.jpg","https://www.castlegreenhomes.uk/app/uploads/2025/01/Swn-y-Mor-Wentworth-Lifestyle-Rendered-web-1024x931.jpg","This is a promotional exterior rendering of a property."
"The Paddocks at Rydal View","The Wentworth Lifestyle","3","https://www.castlegreenhomes.uk/our-developments/the-paddocks-at-rydal-view/the-wentworth-lifestyle/","images/360e0362d4a64970843a7072e569bc3e91a0ffe4a6ee9edf949bd8ae7900e582.jpg","https://www.castlegreenhomes.uk/app/uploads/2025/01/IMG_6713.jpeg","This is a photograph of a furnished bedroom."
"The Paddocks at Rydal View","The Wentworth Lifestyle","3","https://www.castlegreenhomes.uk/our-developments/the-paddocks-at-rydal-view/the-wentworth-lifestyle/","images/947f8419cce2f27113e0fc0a909304de1df2fdd5c0e8384d95ed8ace4152e794.jpg","https://www.castlegreenhomes.uk/app/uploads/2023/07/IMG_6674.jpeg","This is a photograph of a bedroom interior."
"The Paddocks at Rydal View","The Wentworth Lifestyle","3","https://www.castlegreenhomes.uk/our-developments/the-paddocks-at-rydal-view/the-wentworth-lifestyle/","images/bda051b65b10516efeea5e754d0b2fd2b85aed8f65f30152b5ee0ec5f4fa58b9.jpg","https://www.castlegreenhomes.uk/app/uploads/2025/01/IMG_6699.jpeg","This is a photograph of a kitchen."
"The Paddocks at Rydal View","The Wentworth Lifestyle","3","https://www.castlegreenhomes.uk/our-developments/the-paddocks-at-rydal-view/the-wentworth-lifestyle/","images/33e2020b07538f1c05f4733ebd92d416df700c6268e25f7a5f9f1567f764f660.jpg","https://www.castlegreenhomes.uk/app/uploads/2025/01/IMG_6671.jpeg","This is a functional dressing area within a bedroom suite."
"The Paddocks at Rydal View","The Wentworth Lifestyle","3","https://www.castlegreenhomes.uk/our-developments/the-paddocks-at-rydal-view/the-wentworth-lifestyle/","images/2d160cd3e80a851b8369a9c926245dc937670ef2f11f20a3b8930f9b99e25bcc.jpg","https://www.castlegreenhomes.uk/app/uploads/2025/01/IMG_6673.jpeg","This is a photograph of a furnished bedroom."
"The Paddocks at Rydal View","The Wentworth Lifestyle","3","https://www.castlegreenhomes.uk/our-developments/the-paddocks-at-rydal-view/the-wentworth-lifestyle/","images/cbe2e555e3b395b76f88e88ef618d7b41463bc651e62b4b388b2820e37415e82.jpg","https://www.castlegreenhomes.uk/app/uploads/2025/01/IMG_6675.jpeg","This is a photograph of a bathroom."
"The Paddocks at Rydal View","The Wentworth Lifestyle","3","https://www.castlegreenhomes.uk/our-developments/the-paddocks-at-rydal-view/the-wentworth-lifestyle/","images/89f5dc2f0386abbb0f04b1b962007714da7e30185c25dce03b3dc365c5cfc641.jpg","https://www.castlegreenhomes.uk/app/uploads/2023/07/IMG_6678.jpeg","This is a photograph of a furnished bedroom."
"The Paddocks at Rydal View","The Wentworth Lifestyle","3","https://www.castlegreenhomes.uk/our-developments/the-paddocks-at-rydal-view/the-wentworth-lifestyle/","images/9519cdcdf110287e4fa670273fa2398c01cc2ea57dae0cccc1688c6e22fd9780.jpg","https://www.castlegreenhomes.uk/app/uploads/2025/01/IMG_6712.jpeg","The image shows a bedroom interior with a bed and furniture."
"The Paddocks at Rydal View","The Wentworth Lifestyle","3","https://www.castlegreenhomes.uk/our-developments/the-paddocks-at-rydal-view/the-wentworth-lifestyle/","images/df1552e37e4fed4e4c8b4c4dd2b2f996e224a06c1f4545b8f958df2066877db2.jpg","https://www.castlegreenhomes.uk/app/uploads/2023/07/IMG_6683.jpeg","The image shows a functional bathroom with sanitary ware."
"The Paddocks at Rydal View","The Wentworth Lifestyle","3","https://www.castlegreenhomes.uk/our-developments/the-paddocks-at-rydal-view/the-wentworth-lifestyle/","images/195c26e851757212711b08551aa18a8b1709a8c741113d1cf9e1b127ede7d722.jpg","https://www.castlegreenhomes.uk/app/uploads/2025/01/IMG_6668.jpeg","The image shows a bedroom interior with a bed."
"The Paddocks at Rydal View","The Wentworth Lifestyle","3","https://www.castlegreenhomes.uk/our-developments/the-paddocks-at-rydal-view/the-wentworth-lifestyle/","images/8ad1a41a47f5ecce1de7d55b2df4d8757f94407c04859210c3f04b765140a543.jpg","https://www.castlegreenhomes.uk/app/uploads/2025/01/IMG_6684.jpeg","The image shows a detail of a bedroom."
"The Paddocks at Rydal View","The Wentworth Lifestyle","3","https://www.castlegreenhomes.uk/our-developments/the-paddocks-at-rydal-view/the-wentworth-lifestyle/","images/1a029ffe4d1f05e7cbc79f796f678ad7029fb3ac0f68dac46e9eac42f2e391cf.jpg","https://www.castlegreenhomes.uk/app/uploads/2025/01/IMG_6688.jpeg","The image shows a bedroom with a desk area."
"The Paddocks at Rydal View","The Wentworth Lifestyle","3","https://www.castlegreenhomes.uk/our-developments/the-paddocks-at-rydal-view/the-wentworth-lifestyle/","images/a0f3cd0f061e8b0768319318bec529d6d0af7b8c68ef833300fdfacbb40c800d.jpg","https://www.castlegreenhomes.uk/app/uploads/2024/10/Windsor-7.jpg","The image shows a bathroom interior."
"The Paddocks at Rydal View","The Windsor","3","https://www.castlegreenhomes.uk/our-developments/the-paddocks-at-rydal-view/the-windsor/","images/5e9af165e98efe861369713ab928e6ea94ea78abcc54cc9e920f4e5dad516402.jpg","https://www.castlegreenhomes.uk/app/uploads/2024/10/Windsor.jpg","This is an architectural rendering of a property exterior."
"The Paddocks at Rydal View","The Windsor","3","https://www.castlegreenhomes.uk/our-developments/the-paddocks-at-rydal-view/the-windsor/","images/84b8867aecf0712e326f11c9e2f9388cacabd1f14bcaaa015d19c6642e597a16.jpg","https://www.castlegreenhomes.uk/app/uploads/2023/10/The_Windsor_Bridgewater_View_Daresbury_New_Home-13.jpg","This is a photograph of a living room."
"The Paddocks at Rydal View","The Windsor","3","https://www.castlegreenhomes.uk/our-developments/the-paddocks-at-rydal-view/the-windsor/","images/366e71e76e906c6c3f0923132ccc601031b15e966d4fcfa6b47cd99d420470b1.jpg","https://www.castlegreenhomes.uk/app/uploads/2023/10/The_Windsor_Bridgewater_View_Daresbury_New_Home-91.jpg","This is a photograph of a dining room."
"The Paddocks at Rydal View","The Windsor","3","https://www.castlegreenhomes.uk/our-developments/the-paddocks-at-rydal-view/the-windsor/","images/2844ad3236ff0c4379de3f69c03e5613ff81515193c50930f2c9826f18904f0f.jpg","https://www.castlegreenhomes.uk/app/uploads/2024/09/TheWindsor-66.jpg","This is a photograph of a living room interior."
"The Paddocks at Rydal View","The Windsor","3","https://www.castlegreenhomes.uk/our-developments/the-paddocks-at-rydal-view/the-windsor/","images/8e033cd094c24adb91ecc6e1bcc54f6582f533ae39c3ca785cb52b7d7398a882.jpg","https://www.castlegreenhomes.uk/app/uploads/2023/10/The_Windsor_Bridgewater_View_Daresbury_New_Home-1.jpg","This is a photograph of a kitchen and dining space."
"The Paddocks at Rydal View","The Windsor","3","https://www.castlegreenhomes.uk/our-developments/the-paddocks-at-rydal-view/the-windsor/","images/b6557271fa219c597912beac3036a915955c41c39a65a863abcaf066022c6db4.jpg","https://www.castlegreenhomes.uk/app/uploads/2023/10/The_Windsor_Bridgewater_View_Daresbury_New_Home-67.jpg","This is a photograph of a bedroom interior."
"The Paddocks at Rydal View","The Windsor","3","https://www.castlegreenhomes.uk/our-developments/the-paddocks-at-rydal-view/the-windsor/","images/d620b8bf0531f9dc5253da09ed96b11ff6c1d80f6b6664f96f55afb7c88c3b28.jpg","https://www.castlegreenhomes.uk/app/uploads/2024/07/Plot-48-Windsor_Final-1024x768.jpg","This is an exterior view of the property."
"The Paddocks at Rydal View","The Windsor","3","https://www.castlegreenhomes.uk/our-developments/the-paddocks-at-rydal-view/the-windsor/","images/80ee4dc8a88aa4b7246b6b114aeb1b9354d3897da32493fbf6829b99c3b41eb0.jpg","https://www.castlegreenhomes.uk/app/uploads/2023/10/The_Windsor_Bridgewater_View_Daresbury_New_Home-39.jpg","This is a photograph of a living room."
"The Paddocks at Rydal View","The Windsor","3","https://www.castlegreenhomes.uk/our-developments/the-paddocks-at-rydal-view/the-windsor/","images/3afe0dbdd1a41df27aa61d2906b215068cfa5a4964a37d53bcd5169eaa3c94e5.jpg","https://www.castlegreenhomes.uk/app/uploads/2023/10/The_Windsor_Bridgewater_View_Daresbury_New_Home-49.jpg","The image shows a kitchen and dining area."
"The Paddocks at Rydal View","The Windsor","3","https://www.castlegreenhomes.uk/our-developments/the-paddocks-at-rydal-view/the-windsor/","images/997ff803410bbccc0ac903f3fd4c6397413ea0691b18fd0fd9945663ef5a7112.jpg","https://www.castlegreenhomes.uk/app/uploads/2023/10/The_Windsor_Bridgewater_View_Daresbury_New_Home-50-1.jpg","The image shows a kitchen interior."
"The Paddocks at Rydal View","The Windsor","3","https://www.castlegreenhomes.uk/our-developments/the-paddocks-at-rydal-view/the-windsor/","images/7264dfc2d4bc103527b5bd5764c6c60c90253bc5cbb772d84c27b1577ef39bc8.jpg","https://www.castlegreenhomes.uk/app/uploads/2024/07/Plot-51-Windsor_Final-1024x768.jpg","The image shows the exterior of a residential property."
"The Paddocks at Rydal View","The Windsor","3","https://www.castlegreenhomes.uk/our-developments/the-paddocks-at-rydal-view/the-windsor/","images/0e588e7c33914f638c223336da22b7a2004beaa2124dabe5315a5fcf123bf132.jpg","https://www.castlegreenhomes.uk/app/uploads/2023/10/The_Windsor_Bridgewater_View_Daresbury_New_Home-19.jpg","The image shows a living room interior."
"The Paddocks at Rydal View","The Windsor","3","https://www.castlegreenhomes.uk/our-developments/the-paddocks-at-rydal-view/the-windsor/","images/a6d2feffeb0a530c9102a34dab1e735ab404a6d62d5bc50a5a1cd96c84d7cd3a.jpg","https://www.castlegreenhomes.uk/app/uploads/2024/07/Plot-47-Windsor_Final-1024x768.jpg","This is an exterior view of a property."
"The Paddocks at Rydal View","The Windsor","3","https://www.castlegreenhomes.uk/our-developments/the-paddocks-at-rydal-view/the-windsor/","images/82e6098f5957b605786f8dee218a049b47be919f7e96af04cb18b689ab9986e8.jpg","https://www.castlegreenhomes.uk/app/uploads/2023/10/The_Windsor_Bridgewater_View_Daresbury_New_Home-85.jpg","This is a photograph of a bedroom interior."
"The Paddocks at Rydal View","The Windsor","3","https://www.castlegreenhomes.uk/our-developments/the-paddocks-at-rydal-view/the-windsor/","images/d1fe551bc55b3265066350966f75a791c2f9ec37666c7a30c78c7f8fa4e2aaa6.jpg","https://www.castlegreenhomes.uk/app/uploads/2023/10/The_Windsor_Bridgewater_View_Daresbury_New_Home-28.jpg","This is a photograph of a bedroom interior."
"The Paddocks at Rydal View","The Windsor","3","https://www.castlegreenhomes.uk/our-developments/the-paddocks-at-rydal-view/the-windsor/","images/e34e3666a9c2126ffcea18578437cf8a9b5bb4a68ec4750ddf88b6b7f36b5a15.jpg","https://www.castlegreenhomes.uk/app/uploads/2024/10/Windsor-1.jpg","This is an interior view of a bathroom."
"The Paddocks at Rydal View","The Windsor","3","https://www.castlegreenhomes.uk/our-developments/the-paddocks-at-rydal-view/the-windsor/","images/28864e119c617de26f686227c25e94a5ee7084f0040d0e4244646db2a6cfdfb3.jpg","https://www.castlegreenhomes.uk/app/uploads/2024/07/Plot-44-Windsor_Final-1024x768.jpg","This is an exterior view of a property."
"The Paddocks at Rydal View","The Windsor","3","https://www.castlegreenhomes.uk/our-developments/the-paddocks-at-rydal-view/the-windsor/","images/18ceb0b414c3b98bdf4bdc01bfe272aec0c6edb8533a15695645607c0bfc42a3.jpg","https://www.castlegreenhomes.uk/app/uploads/2023/10/The_Windsor_Bridgewater_View_Daresbury_New_Home-33.jpg","This is an interior view of a bathroom."
"The Paddocks at Rydal View","The Windsor","3","https://www.castlegreenhomes.uk/our-developments/the-paddocks-at-rydal-view/the-windsor/","images/3159fc25effaca9a0dbfcc43fd08bbbf9a4b63065f7ffe0f9e24e4852eefc026.jpg","https://www.castlegreenhomes.uk/app/uploads/2023/10/The_Windsor_Bridgewater_View_Daresbury_New_Home-79.jpg","The image shows a bedroom interior."
"The Paddocks at Rydal View","The Windsor","3","https://www.castlegreenhomes.uk/our-developments/the-paddocks-at-rydal-view/the-windsor/","images/3754c9a8bfd28a39188e3d87d0bd66183bc185376e5b21bccaee4de68f1867e0.jpg","https://www.castlegreenhomes.uk/app/uploads/2023/10/The_Windsor_Bridgewater_View_Daresbury_New_Home-78.jpg","The image depicts a furnished bedroom."
"The Paddocks at Rydal View","The Windsor","3","https://www.castlegreenhomes.uk/our-developments/the-paddocks-at-rydal-view/the-windsor/","images/a0f3cd0f061e8b0768319318bec529d6d0af7b8c68ef833300fdfacbb40c800d.jpg","https://www.castlegreenhomes.uk/app/uploads/2024/10/Windsor-7.jpg","The image shows a bathroom interior."
"The Paddocks at Rydal View","The Windsor","3","https://www.castlegreenhomes.uk/our-developments/the-paddocks-at-rydal-view/the-windsor/","images/19974e83693604ecf14d61d2608e1d2a5e63e48cae01b70f3a80043f5519b038.jpg","https://www.castlegreenhomes.uk/app/uploads/2023/10/The_Windsor_Bridgewater_View_Daresbury_New_Home-80.jpg","This is a photograph of a bedroom interior."
"The Paddocks at Rydal View","The Windsor","3","https://www.castlegreenhomes.uk/our-developments/the-paddocks-at-rydal-view/the-windsor/","images/86fd7104a4ee99e378fa98f8c5a841c4a8ce5ea0a62a036bbd5ab8c4294ee560.jpg","https://www.castlegreenhomes.uk/app/uploads/2023/10/The_Windsor_Bridgewater_View_Daresbury_New_Home-81.jpg","This is a photograph of a bedroom interior."
"The Paddocks at Rydal View","The Windsor","3","https://www.castlegreenhomes.uk/our-developments/the-paddocks-at-rydal-view/the-windsor/","images/251ebd99e676756bdcf8dbd18e67b19affe7a8871a3505088607cd48f5a1631e.jpg","https://www.castlegreenhomes.uk/app/uploads/2023/10/The_Windsor_Bridgewater_View_Daresbury_New_Home-82.jpg","The image shows a transitional space with a desk setup leading into a bathroom."
"The Paddocks at Rydal View","The Windsor","3","https://www.castlegreenhomes.uk/our-developments/the-paddocks-at-rydal-view/the-windsor/","images/87868c03d12a3e5fd7bb9f047c01fc68d6861e890bfd4acc057a8915cb09c27c.jpg","https://www.castlegreenhomes.uk/app/uploads/2024/10/Windsor-5.jpg","The image shows a standard bathroom interior."
"The Paddocks at Rydal View","The Wiltshire","4","https://www.castlegreenhomes.uk/our-developments/the-paddocks-at-rydal-view/the-wiltshire/","images/23d5d6ec497cce01088e50ed5dacff17cee9971105e52d2b4ba1a14604ecbf35.jpg","https://www.castlegreenhomes.uk/app/uploads/2024/10/Wiltshire.jpg","This is an exterior view of a residential property."
"The Paddocks at Rydal View","The Wiltshire","4","https://www.castlegreenhomes.uk/our-developments/the-paddocks-at-rydal-view/the-wiltshire/","images/7770df9bf79d8143ea481a9ce59be1e4515a62c5648d7b0908d507162b4cea4a.jpg","https://www.castlegreenhomes.uk/app/uploads/2024/09/TheWiltshire-1.jpg","The image depicts a combined living and dining room."
"The Paddocks at Rydal View","The Wiltshire","4","https://www.castlegreenhomes.uk/our-developments/the-paddocks-at-rydal-view/the-wiltshire/","images/9260fafe22d7f39fe0f3ddd2750e0bca28168dd246338266ce4fb45feb17e706.jpg","https://www.castlegreenhomes.uk/app/uploads/2021/12/TheWiltshire-27.jpg","The image shows a kitchen and dining area in an open-plan layout."
"The Paddocks at Rydal View","The Wiltshire","4","https://www.castlegreenhomes.uk/our-developments/the-paddocks-at-rydal-view/the-wiltshire/","images/23753ee29351fab3cd1fc284222cce4eca7c82316dbdbad5e0d1de97fe64b0a7.jpg","https://www.castlegreenhomes.uk/app/uploads/2022/10/TheWiltshire-36.jpg","This is a photograph of a furnished bedroom."
"The Paddocks at Rydal View","The Wiltshire","4","https://www.castlegreenhomes.uk/our-developments/the-paddocks-at-rydal-view/the-wiltshire/","images/363d75ee82a3f70a3bb56fc08027c6aec347aaeda5fedaaf20286947663366f4.jpg","https://www.castlegreenhomes.uk/app/uploads/2024/10/wiltshire_kitchen_dining_family_area_rydal_view.jpg","This is a photograph of a furnished living and dining space."
"The Paddocks at Rydal View","The Wiltshire","4","https://www.castlegreenhomes.uk/our-developments/the-paddocks-at-rydal-view/the-wiltshire/","images/b6c8e8f0291465dcd1b85021db408d770aabe17584d05074c1b9a7e986767659.jpg","https://www.castlegreenhomes.uk/app/uploads/2024/10/wiltshire_kitchen_breakfast_bar_rydal_view.jpg","This is a photograph of a kitchen interior."
"The Paddocks at Rydal View","The Wiltshire","4","https://www.castlegreenhomes.uk/our-developments/the-paddocks-at-rydal-view/the-wiltshire/","images/ebd2235400a69c669727681f6b3cfdb007addcf34d5d2a3bf17dff4d4da1f9a3.jpg","https://www.castlegreenhomes.uk/app/uploads/2024/07/Plot-53-Wiltshire_Final-1024x768.jpg","This is a promotional exterior rendering of a property."
"The Paddocks at Rydal View","The Wiltshire","4","https://www.castlegreenhomes.uk/our-developments/the-paddocks-at-rydal-view/the-wiltshire/","images/1c2f348d43262e2767699b392bbf644419e1483ccb1882626db40743d3231c9c.jpg","https://www.castlegreenhomes.uk/app/uploads/2022/10/TheWiltshire-11.jpg","The image shows a kitchen and dining space."
"The Paddocks at Rydal View","The Wiltshire","4","https://www.castlegreenhomes.uk/our-developments/the-paddocks-at-rydal-view/the-wiltshire/","images/934f95eb5d52a3af19574b58469ad412aea2b61c1f5406d3e204814632263d32.jpg","https://www.castlegreenhomes.uk/app/uploads/2024/10/wiltshire_kitchen_family_area_rydal_view.jpg","This is an interior view of a living room."
"The Paddocks at Rydal View","The Wiltshire","4","https://www.castlegreenhomes.uk/our-developments/the-paddocks-at-rydal-view/the-wiltshire/","images/69aabf815e58ceab848cba5b6fe35dd2af1f6afbab0ff812fdcf50bbcf7b14c0.jpg","https://www.castlegreenhomes.uk/app/uploads/2024/10/wiltshire_lounge_rydal_view.jpg","The image shows a living room interior."
"The Paddocks at Rydal View","The Wiltshire","4","https://www.castlegreenhomes.uk/our-developments/the-paddocks-at-rydal-view/the-wiltshire/","images/3d959c73ee7c92f86ff461cf560d6a1eaa0237231a702e3aded229fd87b38aa5.jpg","https://www.castlegreenhomes.uk/app/uploads/2024/07/Plot-5-Wiltshire_Final-1024x768.jpg","This is an exterior view of a property."
"The Paddocks at Rydal View","The Wiltshire","4","https://www.castlegreenhomes.uk/our-developments/the-paddocks-at-rydal-view/the-wiltshire/","images/48f91600a5aa84e57f3c6a8f0f6fdd33aea3137a8e0680fdf0c7c66c1701c204.jpg","https://www.castlegreenhomes.uk/app/uploads/2024/10/wiltshire_kitchen_family_area_dining_rydal_view.jpg","This is an interior view of a kitchen and dining area."
"The Paddocks at Rydal View","The Wiltshire","4","https://www.castlegreenhomes.uk/our-developments/the-paddocks-at-rydal-view/the-wiltshire/","images/8c5eec4ad5d30446e20134a71caa1ecd4a424b319d44b630a9f8a9587ec20102.jpg","https://www.castlegreenhomes.uk/app/uploads/2024/10/wiltshire_landing_rydal_view.jpg","This is an interior view of a hallway or landing."
"The Paddocks at Rydal View","The Wiltshire","4","https://www.castlegreenhomes.uk/our-developments/the-paddocks-at-rydal-view/the-wiltshire/","images/22dd094498130b140071a004daec70addfddd6deb8e71246d7e601be1afa7afe.jpg","https://www.castlegreenhomes.uk/app/uploads/2024/10/wiltshire_primary_dressing_area_rydal_view.jpg","This is a photograph of a hallway or landing area."
"The Paddocks at Rydal View","The Wiltshire","4","https://www.castlegreenhomes.uk/our-developments/the-paddocks-at-rydal-view/the-wiltshire/","images/db2936fa95a6f02fa2e246ee004994eb591a4bcf994bb2fef5a810409b7b0cb8.jpg","https://www.castlegreenhomes.uk/app/uploads/2024/07/Plot-16-Wiltshire_Final-1024x768.jpg","This is a promotional exterior rendering of a property."
"The Paddocks at Rydal View","The Wiltshire","4","https://www.castlegreenhomes.uk/our-developments/the-paddocks-at-rydal-view/the-wiltshire/","images/a2b8f1a48f796a31b84a14abebd736cbc45f54c126897053982a623f38e6cff9.jpg","https://www.castlegreenhomes.uk/app/uploads/2024/10/wiltshire_primary_bedroom_ensuite_rydal_view.jpg","This is a photograph of a bathroom."
"The Paddocks at Rydal View","The Wiltshire","4","https://www.castlegreenhomes.uk/our-developments/the-paddocks-at-rydal-view/the-wiltshire/","images/34dd46ceef3f9f97f41e1ba3b3880712c9df8a9e377d1dd4a46eb7889a3df636.jpg","https://www.castlegreenhomes.uk/app/uploads/2024/10/wiltshire_bedroom2_rydal_view.jpg","This is a photograph of a bedroom."
"The Paddocks at Rydal View","The Wiltshire","4","https://www.castlegreenhomes.uk/our-developments/the-paddocks-at-rydal-view/the-wiltshire/","images/31a0ed656da94c16603ef1a78ae72e686e433bdd95aa980bc53ba509d29c0f45.jpg","https://www.castlegreenhomes.uk/app/uploads/2024/10/wiltshire_bedroom2_dressing_rydal_view.jpg","This is a photograph of a bedroom with a desk area."
"The Paddocks at Rydal View","The Wiltshire","4","https://www.castlegreenhomes.uk/our-developments/the-paddocks-at-rydal-view/the-wiltshire/","images/32782239b4d034ba2be0022ac5484aa62c7aac324156410923d8cf577a8f32b4.jpg","https://www.castlegreenhomes.uk/app/uploads/2024/10/wiltshire_bedroom2_ensuite_rydal_view.jpg","The image shows a functional bathroom space with sanitary ware."
"The Paddocks at Rydal View","The Wiltshire","4","https://www.castlegreenhomes.uk/our-developments/the-paddocks-at-rydal-view/the-wiltshire/","images/020e15d94a1b12e23077bca25005ba4386490c365329f77d0edbe9b2c9be37ec.jpg","https://www.castlegreenhomes.uk/app/uploads/2024/10/wiltshire_bedroom3_rydal_view.jpg","The image shows a furnished bedroom."
"The Paddocks at Rydal View","The Wiltshire","4","https://www.castlegreenhomes.uk/our-developments/the-paddocks-at-rydal-view/the-wiltshire/","images/3d5dd2e8be2d28ba8f1dad8c7bf9a3e33eb67e67fa254735dd7a5284eacb0a9f.jpg","https://www.castlegreenhomes.uk/app/uploads/2024/07/Plot-36-Wiltshire_Final-1024x768.jpg","This is a promotional exterior rendering of a property."
"The Paddocks at Rydal View","The Wiltshire","4","https://www.castlegreenhomes.uk/our-developments/the-paddocks-at-rydal-view/the-wiltshire/","images/dbb89ea9772fc14eaea8858973278f2917f410a1704d73911f99f0c97ee36ecd.jpg","https://www.castlegreenhomes.uk/app/uploads/2024/10/wiltshitre_bedroom3_desk_rydal_view.jpg","This is a photograph of a real bedroom interior."
"The Paddocks at Rydal View","The Wiltshire","4","https://www.castlegreenhomes.uk/our-developments/the-paddocks-at-rydal-view/the-wiltshire/","images/f96e2a1718bd65a044c6a5fb7a02f93ae3e2627d1670ef301e727dfe69c0a3e2.jpg","https://www.castlegreenhomes.uk/app/uploads/2024/10/wiltshire_family_bathroom_rydal_view.jpg","This is a photograph of a real bathroom interior."
"The Paddocks at Rydal View","The Wiltshire","4","https://www.castlegreenhomes.uk/our-developments/the-paddocks-at-rydal-view/the-wiltshire/","images/269bb2b56ee8415025bd017a2868b528486ca8dd9832fad972c428dbd1564222.jpg","https://www.castlegreenhomes.uk/app/uploads/2024/10/wiltshire_bedroom4_rydal_view.jpg","The image shows a furnished bedroom."
"The Paddocks at Rydal View","The Wiltshire","4","https://www.castlegreenhomes.uk/our-developments/the-paddocks-at-rydal-view/the-wiltshire/","images/d025e24ff7d4aed3301173c5ce8097e2959463e5c4ff705b124bbd846a071a27.jpg","https://www.castlegreenhomes.uk/app/uploads/2024/10/wiltshire_bedroom4_desk_rydal_view.jpg","This is a photograph of a real bedroom interior."
"The Paddocks at Rydal View","The Edinburgh","4","https://www.castlegreenhomes.uk/our-developments/the-paddocks-at-rydal-view/the-edinburgh/","images/46c69416d3d8c2970c56ca69b9db1e6184736f963a3875e18bee8308d4d09ef0.jpg","https://www.castlegreenhomes.uk/app/uploads/2024/10/Edinburgh.jpg","This is an exterior view of a residential property."
"The Paddocks at Rydal View","The Edinburgh","4","https://www.castlegreenhomes.uk/our-developments/the-paddocks-at-rydal-view/the-edinburgh/","images/bbed6c27f4d4da28b25aea4301ecf428d1d9bdee5195022bd3741733da03801c.jpg","https://www.castlegreenhomes.uk/app/uploads/2025/01/TheAshbourne-2.jpg","The room is furnished as a living area."
"The Paddocks at Rydal View","The Edinburgh","4","https://www.castlegreenhomes.uk/our-developments/the-paddocks-at-rydal-view/the-edinburgh/","images/12bd08b406fe7e45b2d0da7e76b263ad8e6ed8fafc297af1ba72bb86c7e94b3e.jpg","https://www.castlegreenhomes.uk/app/uploads/2023/07/TheAshbourne-52.jpg","The room is furnished as a bedroom."
"The Paddocks at Rydal View","The Edinburgh","4","https://www.castlegreenhomes.uk/our-developments/the-paddocks-at-rydal-view/the-edinburgh/","images/c918c723b4abc85762a57e9066409df01ddcb2dbe0cd5558b491a860c6f413fb.jpg","https://collegepark.uk/wp-content/uploads/2024/01/StAsaph-Lifestyle-46-scaled.jpg","The image captures an open-plan living space combining kitchen, dining, and lounge areas."
"The Paddocks at Rydal View","The Edinburgh","4","https://www.castlegreenhomes.uk/our-developments/the-paddocks-at-rydal-view/the-edinburgh/","images/7b73441e13f5c0575f492a2eaeda0110b4d47f31678e65644924aae209e1932c.jpg","https://www.castlegreenhomes.uk/app/uploads/2023/07/TheAshbourne-17.jpg","The image is clearly a bedroom with a bed and wardrobe storage."
"The Paddocks at Rydal View","The Edinburgh","4","https://www.castlegreenhomes.uk/our-developments/the-paddocks-at-rydal-view/the-edinburgh/","images/814e32c3bbcda9788fe3f9687b947cc0cc83b25dc20afd6a8c01ab6beb3a2f4f.jpg","https://www.castlegreenhomes.uk/app/uploads/2023/07/TheAshbourne-60.jpg","The image shows a bedroom with a bed and a vanity desk."
"The Paddocks at Rydal View","The Edinburgh","4","https://www.castlegreenhomes.uk/our-developments/the-paddocks-at-rydal-view/the-edinburgh/","images/809b7ff931b352f8846aefeda76ba2944592b0e9c9a672d91563a703ff4b7504.jpg","https://www.castlegreenhomes.uk/app/uploads/2023/07/TheAshbourne-1.jpg","This is a photograph of a furnished living room."
"The Paddocks at Rydal View","The Edinburgh","4","https://www.castlegreenhomes.uk/our-developments/the-paddocks-at-rydal-view/the-edinburgh/","images/735f094491798341a7703b122b3503481b1266c9af485e34d8b8bfa429b3f363.jpg","https://www.castlegreenhomes.uk/app/uploads/2024/10/Plot-40-Edinburgh_Final-1024x768.jpg","This is a promotional exterior rendering of a property."
"The Paddocks at Rydal View","The Edinburgh","4","https://www.castlegreenhomes.uk/our-developments/the-paddocks-at-rydal-view/the-edinburgh/","images/869806bc3b9c5a961ced58b80eadc4cb326d71e3e43ca8dcfec8cfebe9d4d019.jpg","https://www.castlegreenhomes.uk/app/uploads/2023/07/TheAshbourne-6.jpg","This is a photograph of a living room interior."
"The Paddocks at Rydal View","The Edinburgh","4","https://www.castlegreenhomes.uk/our-developments/the-paddocks-at-rydal-view/the-edinburgh/","images/139abe792dcd719b42132196cda4c28419554a01ab35041581f41de3e9aa7b0a.jpg","https://www.castlegreenhomes.uk/app/uploads/2023/07/TheAshbourne-57.jpg","This is a photograph of a real bathroom interior."
"The Paddocks at Rydal View","The Edinburgh","4","https://www.castlegreenhomes.uk/our-developments/the-paddocks-at-rydal-view/the-edinburgh/","images/5c4b91c6a2ab74c3f495f2e28affdfbfa3ec9addec2c4e03cf071bd2cd13a798.jpg","https://www.castlegreenhomes.uk/app/uploads/2024/10/Plot-4-Edinburgh_Final-1024x768.jpg","This is a promotional exterior rendering of a property."
"The Paddocks at Rydal View","The Edinburgh","4","https://www.castlegreenhomes.uk/our-developments/the-paddocks-at-rydal-view/the-edinburgh/","images/97c304e82cbf521e6c452a3dd65475a3b3d289d09b1faad1a9db4a88c2b80a1f.jpg","https://www.castlegreenhomes.uk/app/uploads/2024/10/TheAshbourne-22.jpg","This is a photograph of a residential interior space showing a dressing area and an adjacent bathroom."
"The Paddocks at Rydal View","The Edinburgh","4","https://www.castlegreenhomes.uk/our-developments/the-paddocks-at-rydal-view/the-edinburgh/","images/535b28767fa3c512d9b9b6ad693e9f4bdc3063cafd0965ab46893e1a7775bf38.jpg","https://www.castlegreenhomes.uk/app/uploads/2024/10/TheAshbourne-58.jpg","This is a photograph of a furnished bedroom."
"The Paddocks at Rydal View","The Edinburgh","4","https://www.castlegreenhomes.uk/our-developments/the-paddocks-at-rydal-view/the-edinburgh/","images/07dded0ce1dffbc56314df96fbf1e0483e2ca29f4394f2df1098c336f78eaa51.jpg","https://www.castlegreenhomes.uk/app/uploads/2024/10/Plot-17-Edinburgh_Final-1024x768.jpg","This is a promotional exterior rendering of a property."
"The Paddocks at Rydal View","The Edinburgh","4","https://www.castlegreenhomes.uk/our-developments/the-paddocks-at-rydal-view/the-edinburgh/","images/42d6767c01fda46c6c9337e0d0ede332f71ebc22c49c726d510583006dc07829.jpg","https://www.castlegreenhomes.uk/app/uploads/2024/10/TheAshbourne-63.jpg","This is a photograph of a furnished bedroom."
"The Paddocks at Rydal View","The Edinburgh","4","https://www.castlegreenhomes.uk/our-developments/the-paddocks-at-rydal-view/the-edinburgh/","images/5cecc80e6cd275beba1ad0104f12b520cb030c0871d93a217dcd00c02fcf8499.jpg","https://www.castlegreenhomes.uk/app/uploads/2023/07/TheAshbourne-65.jpg","This is a photograph of a furnished bathroom."
"The Paddocks at Rydal View","The Edinburgh","4","https://www.castlegreenhomes.uk/our-developments/the-paddocks-at-rydal-view/the-edinburgh/","images/2b53abc3f6511685aeade6b495f98e248e2d9a50ceac9c58d82f28b12bf325f9.jpg","https://www.castlegreenhomes.uk/app/uploads/2022/06/Wiltshire-020-1024x712.jpg","This is a photograph of a furnished interior living space."
"The Paddocks at Rydal View","The Edinburgh","4","https://www.castlegreenhomes.uk/our-developments/the-paddocks-at-rydal-view/the-edinburgh/","images/5920fc7e489732010ccdd570c6601593518dc291af89b9c23841ca6dae23b227.jpg","https://www.castlegreenhomes.uk/app/uploads/2024/09/Plot-35-Edinburgh_Final-1024x768.jpg","This is an architectural visualization of a property exterior."
"The Paddocks at Rydal View","The Grantham","4","https://www.castlegreenhomes.uk/our-developments/the-paddocks-at-rydal-view/the-grantham/","images/7c34596e8a700314d588fcec1d282eb1235d092ff0aaaee49317d8573a09f931.jpg","https://www.castlegreenhomes.uk/app/uploads/2024/10/Grantham-1.jpg","This is a promotional exterior rendering of a property."
"The Paddocks at Rydal View","The Grantham","4","https://www.castlegreenhomes.uk/our-developments/the-paddocks-at-rydal-view/the-grantham/","images/33e5ec620960ea1bc49ea3638472d6f08ced1e8dc47c5acf60f29d453031d6d9.jpg","https://www.castlegreenhomes.uk/app/uploads/2024/10/grantham_primary_rydal_view.jpg","This is a photograph of a furnished bedroom."
"The Paddocks at Rydal View","The Grantham","4","https://www.castlegreenhomes.uk/our-developments/the-paddocks-at-rydal-view/the-grantham/","images/34a3719cd0c8327ee26c09e349f429b8501c9f159e288de05f0f285563e4822a.jpg","https://www.castlegreenhomes.uk/app/uploads/2024/10/grantham_lounge_rydal_view.jpg","This is a photograph of a furnished living room."
"The Paddocks at Rydal View","The Grantham","4","https://www.castlegreenhomes.uk/our-developments/the-paddocks-at-rydal-view/the-grantham/","images/8d3e7aed05fe9b07e192be905f9376f4d1320b508d55cf28cdb3094f3d11ed7b.jpg","https://collegepark.uk/wp-content/uploads/2023/12/Christleton-TheTownsend-45.jpg","The image shows a kitchen and dining area."
"The Paddocks at Rydal View","The Grantham","4","https://www.castlegreenhomes.uk/our-developments/the-paddocks-at-rydal-view/the-grantham/","images/2a5eb3f199a6ce73673cbb70548b77ee9ee7f127769066031c18a1eba7648c68.jpg","https://www.castlegreenhomes.uk/app/uploads/2024/10/grantham_kitchen_rydal_view.jpg","This is a photograph of a furnished kitchen."
"The Paddocks at Rydal View","The Grantham","4","https://www.castlegreenhomes.uk/our-developments/the-paddocks-at-rydal-view/the-grantham/","images/dace2a2004834f193db0786d4f90396397cd2bac7242de9ca409032cc3d58c12.jpg","https://www.castlegreenhomes.uk/app/uploads/2024/07/Plot-1-Grantham_Final-1024x768.jpg","This is an architectural visualization of a property exterior."
"The Paddocks at Rydal View","The Grantham","4","https://www.castlegreenhomes.uk/our-developments/the-paddocks-at-rydal-view/the-grantham/","images/aaae84044877be62d821ffe582f396f26bb5dfedd789d1e349882884900400f2.jpg","https://www.castlegreenhomes.uk/app/uploads/2024/10/grantham_kitchen_family_area_rydal_view.jpg","The image depicts a furnished living room space."
"The Paddocks at Rydal View","The Grantham","4","https://www.castlegreenhomes.uk/our-developments/the-paddocks-at-rydal-view/the-grantham/","images/4678572e1654c3c6241f58920c2bc8010efbacd31fc2cfe33a2fa5bec6bffc6a.jpg","https://collegepark.uk/wp-content/uploads/2023/12/Christleton-TheTownsend-56.jpg","This is a large open-plan living space."
"The Paddocks at Rydal View","The Grantham","4","https://www.castlegreenhomes.uk/our-developments/the-paddocks-at-rydal-view/the-grantham/","images/d85f5af52191a40be82dfcef9915c4ed5c4b64c84f2e28721588bd7f721b8743.jpg","https://www.castlegreenhomes.uk/app/uploads/2024/10/grantham_utility_rydal_view.jpg","The image shows a functional utility room."
"The Paddocks at Rydal View","The Grantham","4","https://www.castlegreenhomes.uk/our-developments/the-paddocks-at-rydal-view/the-grantham/","images/d993aa01f213e0738155893b2f09a6f0a0fc0be53e439e0136ffe6314018fdfe.jpg","https://www.castlegreenhomes.uk/app/uploads/2024/10/grantham_study_rydal_view.jpg","The image shows a dedicated study or home office space."
"The Paddocks at Rydal View","The Grantham","4","https://www.castlegreenhomes.uk/our-developments/the-paddocks-at-rydal-view/the-grantham/","images/74745e962de4bb8abe2b64309afa115dad1851046bf443603c025ef3d3187106.jpg","https://www.castlegreenhomes.uk/app/uploads/2024/07/Plot-15-Grantham_Final-1024x768.jpg","The image shows the exterior of a residential property."
"The Paddocks at Rydal View","The Grantham","4","https://www.castlegreenhomes.uk/our-developments/the-paddocks-at-rydal-view/the-grantham/","images/6530ba2b2177af51c1ca671ab6c039c039e0a9e1d69b218ad8a169bffebb588a.jpg","https://www.castlegreenhomes.uk/app/uploads/2024/10/grantham_primary_dressingarea_rydal_view.jpg","The image shows a dressing room area."
"The Paddocks at Rydal View","The Grantham","4","https://www.castlegreenhomes.uk/our-developments/the-paddocks-at-rydal-view/the-grantham/","images/a6de34ce79d3913e40cd621fe96f1c55b7a53302de00f638c8998e0f75f959b4.jpg","https://www.castlegreenhomes.uk/app/uploads/2024/10/Christleton-TheTownsendwides-19.jpg","This is a photograph of a furnished bedroom."
"The Paddocks at Rydal View","The Grantham","4","https://www.castlegreenhomes.uk/our-developments/the-paddocks-at-rydal-view/the-grantham/","images/8e6497ccf01eeb7f182831ec330f1e11cf17a8105e6acccc1b19e8b1071a9ac4.jpg","https://www.castlegreenhomes.uk/app/uploads/2024/10/grantham_bedroom3_rydal_view.jpg","This is a photograph of a furnished bedroom."
"The Paddocks at Rydal View","The Grantham","4","https://www.castlegreenhomes.uk/our-developments/the-paddocks-at-rydal-view/the-grantham/","images/fb8b4d994bc1b6c60a5755b6d068e1c0fe6d9e2eded2b40345e928bd62445ed3.jpg","https://www.castlegreenhomes.uk/app/uploads/2024/10/Christleton-TheTownsendwides-44.jpg","This is a photograph of a furnished bedroom."
"The Paddocks at Rydal View","The Heatherington","4","https://www.castlegreenhomes.uk/our-developments/the-paddocks-at-rydal-view/the-heatherington/","images/c9096986724438b047a7b582b5a37295ad0eaa1b54e04e1ebdc1e3c664372b87.jpg","https://www.castlegreenhomes.uk/app/uploads/2024/10/Heatherington-2.jpg","This is an architectural visualization of a property exterior."
"The Paddocks at Rydal View","The Heatherington","4","https://www.castlegreenhomes.uk/our-developments/the-paddocks-at-rydal-view/the-heatherington/","images/00328f980be083c959105ec9d527dbd6d2449cd55530e40a031457c8e67d5183.jpg","https://www.castlegreenhomes.uk/app/uploads/2022/10/TrevelynPlace-6.jpg","This is a photograph of a furnished living room."
"The Paddocks at Rydal View","The Heatherington","4","https://www.castlegreenhomes.uk/our-developments/the-paddocks-at-rydal-view/the-heatherington/","images/9576d9041cdabe7e41cb1b2c35db2e39ff3ab7fbf1a666ac03a598a2eaa626fd.jpg","https://www.castlegreenhomes.uk/app/uploads/2023/07/Heaterington-3.jpg","This is a photograph of a furnished bedroom."
"The Paddocks at Rydal View","The Heatherington","4","https://www.castlegreenhomes.uk/our-developments/the-paddocks-at-rydal-view/the-heatherington/","images/a3142cfcc0215d714a5741a2da37660eeb581a0cf6da6f8e1fa28e863aea46c2.jpg","https://www.castlegreenhomes.uk/app/uploads/2023/07/Heaterington-5.jpg","The image shows a bedroom with a bed and a vanity desk area."
"The Paddocks at Rydal View","The Heatherington","4","https://www.castlegreenhomes.uk/our-developments/the-paddocks-at-rydal-view/the-heatherington/","images/427fd16283cae308b7a6cd42805b83794e772dc87a562b6191e57d74896eddd9.jpg","https://www.castlegreenhomes.uk/app/uploads/2022/10/TrevelynPlace-29.jpg","This is a photograph of a furnished bedroom."
"The Paddocks at Rydal View","The Heatherington","4","https://www.castlegreenhomes.uk/our-developments/the-paddocks-at-rydal-view/the-heatherington/","images/60ac394c576afcc7b4dd41c82f1120ec29ba7ded4a073bda6bfb58b14f12a288.jpg","https://www.castlegreenhomes.uk/app/uploads/2023/07/TrevelynPlace-32.jpg","The image shows a bedroom with a bed."
"The Paddocks at Rydal View","The Heatherington","4","https://www.castlegreenhomes.uk/our-developments/the-paddocks-at-rydal-view/the-heatherington/","images/10204ddbeb9e9eb5949b40114347d83d77572f6a376a6ecdcc9da536814ce4ba.jpg","https://www.castlegreenhomes.uk/app/uploads/2023/07/TrevelynPlace-36.jpg","This is a photograph of a furnished bedroom."
"The Paddocks at Rydal View","The Heatherington","4","https://www.castlegreenhomes.uk/our-developments/the-paddocks-at-rydal-view/the-heatherington/","images/00cf01e0766eb3814faf5633ba7f51505f543c27107a4ba191b932c3966e190f.jpg","https://www.castlegreenhomes.uk/app/uploads/2023/07/TrevelynPlace-21.jpg","This is a photograph of a kitchen."
"The Paddocks at Rydal View","The Heatherington","4","https://www.castlegreenhomes.uk/our-developments/the-paddocks-at-rydal-view/the-heatherington/","images/80ba2c9f336eda6a5411c17fdedb98d27e8966f8103f8d1aef9b5aecff2b45e2.jpg","https://www.castlegreenhomes.uk/app/uploads/2024/07/Plot-55-Heatherington_Final-1024x768.jpg","This is an architectural rendering of a property exterior."
"The Paddocks at Rydal View","The Heatherington","4","https://www.castlegreenhomes.uk/our-developments/the-paddocks-at-rydal-view/the-heatherington/","images/a45cfbbb866123416afe95bd40eaa6e223618bb80809924b9751bcf12b7db68f.jpg","https://www.castlegreenhomes.uk/app/uploads/2024/10/TrevelynPlace-23.jpg","This is a photograph of a dining room."
"The Paddocks at Rydal View","The Heatherington","4","https://www.castlegreenhomes.uk/our-developments/the-paddocks-at-rydal-view/the-heatherington/","images/55d79837b00c5b651166e0c36222975fedb12397c16644cc2e9875955ac40067.jpg","https://www.castlegreenhomes.uk/app/uploads/2023/07/TrevelynPlace-8.jpg","The image shows a furnished interior living space with seating and storage furniture."
"The Paddocks at Rydal View","The Heatherington","4","https://www.castlegreenhomes.uk/our-developments/the-paddocks-at-rydal-view/the-heatherington/","images/684cd1bf71b8b65b6d75ec1c9732bd1931bb347f310411fb3c626244d627ea2d.jpg","https://www.castlegreenhomes.uk/app/uploads/2024/07/Plot-6-Heatherington_Final-1024x768.jpg","The image depicts the exterior facade of a residential property."
"The Paddocks at Rydal View","The Heatherington","4","https://www.castlegreenhomes.uk/our-developments/the-paddocks-at-rydal-view/the-heatherington/","images/e1042f47c63a8f71d1efff9246670c8a8ece61f5453095c4e572de54d39f259b.jpg","https://www.castlegreenhomes.uk/app/uploads/2022/10/TrevelynPlace01.jpg","This is a photograph of a living room interior."
"The Paddocks at Rydal View","The Heatherington","4","https://www.castlegreenhomes.uk/our-developments/the-paddocks-at-rydal-view/the-heatherington/","images/a56fb31d2e626c5e93ba2a8c4431ede03e7d3563aa9eed923162dc3f7d470ffa.jpg","https://www.castlegreenhomes.uk/app/uploads/2025/01/TrevelynPlace-54.jpg","This is a photograph of a bathroom."
"The Paddocks at Rydal View","The Ashbourne","4","https://www.castlegreenhomes.uk/our-developments/the-paddocks-at-rydal-view/the-ashbourne-2/","images/2a7b1ae241f732463f840f0d77ddb8f6b3aba109c6c77b4114879e3d97327f5d.jpg","https://www.castlegreenhomes.uk/app/uploads/2024/05/Trevalyn-Place_Ashbourne-scaled.jpg","This is an architectural rendering of a property exterior."
"The Paddocks at Rydal View","The Ashbourne","4","https://www.castlegreenhomes.uk/our-developments/the-paddocks-at-rydal-view/the-ashbourne-2/","images/809b7ff931b352f8846aefeda76ba2944592b0e9c9a672d91563a703ff4b7504.jpg","https://www.castlegreenhomes.uk/app/uploads/2023/07/TheAshbourne-1.jpg","This is a photograph of a furnished living room."
"The Paddocks at Rydal View","The Ashbourne","4","https://www.castlegreenhomes.uk/our-developments/the-paddocks-at-rydal-view/the-ashbourne-2/","images/92c11d96e4b4df4ee0a2569f2ab76175a64c9309187e78b60a9782d2aa7be74b.jpg","https://www.castlegreenhomes.uk/app/uploads/2023/07/TheAshbourne-13.jpg","The room is clearly set up as a workspace with a desk and chairs."
"The Paddocks at Rydal View","The Ashbourne","4","https://www.castlegreenhomes.uk/our-developments/the-paddocks-at-rydal-view/the-ashbourne-2/","images/c818e62ecca48f0f6c5508aaa455a50d4074b0c622e2ab808cddad875244bd1b.jpg","https://www.castlegreenhomes.uk/app/uploads/2023/07/TheAshbourne-28.jpg","The image shows a fully equipped kitchen and dining area."
"The Paddocks at Rydal View","The Ashbourne","4","https://www.castlegreenhomes.uk/our-developments/the-paddocks-at-rydal-view/the-ashbourne-2/","images/72fe21ce24d9e983a8c18777dc2ded33c5ec3f4615913530111839e77b718481.jpg","https://www.castlegreenhomes.uk/app/uploads/2023/07/Ashbourne-1.jpg","The image shows the exterior of a residential property."
"The Paddocks at Rydal View","The Ashbourne","4","https://www.castlegreenhomes.uk/our-developments/the-paddocks-at-rydal-view/the-ashbourne-2/","images/d06c83b11252538727ecd0bfcc66d7f3451c346865b8e9cec1a316e20f9621ce.jpg","https://www.castlegreenhomes.uk/app/uploads/2023/07/TheAshbourne-29.jpg","The image shows a functional kitchen space."
"The Paddocks at Rydal View","The Ashbourne","4","https://www.castlegreenhomes.uk/our-developments/the-paddocks-at-rydal-view/the-ashbourne-2/","images/d6893cde3396e73d907b27e885f7e8413bfbe70b38719d57e7af7e6a2460aa4a.jpg","https://www.castlegreenhomes.uk/app/uploads/2023/07/TheAshbourne-50.jpg","This is a photograph of a residential kitchen."
"The Paddocks at Rydal View","The Ashbourne","4","https://www.castlegreenhomes.uk/our-developments/the-paddocks-at-rydal-view/the-ashbourne-2/","images/5dcaa1b27824bb027fdfb719bc79cf17fc25e877063b96804e0010aa2e7c9417.jpg","https://www.castlegreenhomes.uk/app/uploads/2023/07/TheAshbourne-42.jpg","This is a detail shot of a residential kitchen."
"The Paddocks at Rydal View","The Ashbourne","4","https://www.castlegreenhomes.uk/our-developments/the-paddocks-at-rydal-view/the-ashbourne-2/","images/5db8ba9ca553f482bb37fbc04077ca712f892dfd727c6e58205175da675a82f6.jpg","https://www.castlegreenhomes.uk/app/uploads/2023/07/Ashbourne-2.jpg","This is an exterior photograph of a residential property."
"The Paddocks at Rydal View","The Ashbourne","4","https://www.castlegreenhomes.uk/our-developments/the-paddocks-at-rydal-view/the-ashbourne-2/","images/19063f61d29cac019d8dd38d1b4f86fde6b0e0a6bea101425e6620c260d6b73e.jpg","https://www.castlegreenhomes.uk/app/uploads/2023/07/TheAshbourne-32.jpg","This is a photograph of a residential living room."
"The Paddocks at Rydal View","The Ashbourne","4","https://www.castlegreenhomes.uk/our-developments/the-paddocks-at-rydal-view/the-ashbourne-2/","images/03af0ab4dfb8b244638756f29019b4e825c66ea4152bde966c49975df173a0b0.jpg","https://www.castlegreenhomes.uk/app/uploads/2023/07/TheAshbourne-47.jpg","This is a photograph of a residential living room."
"The Paddocks at Rydal View","The Ashbourne","4","https://www.castlegreenhomes.uk/our-developments/the-paddocks-at-rydal-view/the-ashbourne-2/","images/869806bc3b9c5a961ced58b80eadc4cb326d71e3e43ca8dcfec8cfebe9d4d019.jpg","https://www.castlegreenhomes.uk/app/uploads/2023/07/TheAshbourne-6.jpg","This is a photograph of a living room interior."
"The Paddocks at Rydal View","The Ashbourne","4","https://www.castlegreenhomes.uk/our-developments/the-paddocks-at-rydal-view/the-ashbourne-2/","images/9f39037faaa1cb7c5a38e772989a43ea19372624c0136186f6f7fe6cddef369f.jpg","https://www.castlegreenhomes.uk/app/uploads/2023/07/TheAshbourne-24.jpg","This is a photograph of a residential living room seating area."
"The Paddocks at Rydal View","The Ashbourne","4","https://www.castlegreenhomes.uk/our-developments/the-paddocks-at-rydal-view/the-ashbourne-2/","images/12bd08b406fe7e45b2d0da7e76b263ad8e6ed8fafc297af1ba72bb86c7e94b3e.jpg","https://www.castlegreenhomes.uk/app/uploads/2023/07/TheAshbourne-52.jpg","The room is furnished as a bedroom."
"The Paddocks at Rydal View","The Ashbourne","4","https://www.castlegreenhomes.uk/our-developments/the-paddocks-at-rydal-view/the-ashbourne-2/","images/139abe792dcd719b42132196cda4c28419554a01ab35041581f41de3e9aa7b0a.jpg","https://www.castlegreenhomes.uk/app/uploads/2023/07/TheAshbourne-57.jpg","This is a photograph of a real bathroom interior."
"The Paddocks at Rydal View","The Ashbourne","4","https://www.castlegreenhomes.uk/our-developments/the-paddocks-at-rydal-view/the-ashbourne-2/","images/7b73441e13f5c0575f492a2eaeda0110b4d47f31678e65644924aae209e1932c.jpg","https://www.castlegreenhomes.uk/app/uploads/2023/07/TheAshbourne-17.jpg","The image is clearly a bedroom with a bed and wardrobe storage."
"The Paddocks at Rydal View","The Ashbourne","4","https://www.castlegreenhomes.uk/our-developments/the-paddocks-at-rydal-view/the-ashbourne-2/","images/814e32c3bbcda9788fe3f9687b947cc0cc83b25dc20afd6a8c01ab6beb3a2f4f.jpg","https://www.castlegreenhomes.uk/app/uploads/2023/07/TheAshbourne-60.jpg","The image shows a bedroom with a bed and a vanity desk."
"The Paddocks at Rydal View","The Ashbourne","4","https://www.castlegreenhomes.uk/our-developments/the-paddocks-at-rydal-view/the-ashbourne-2/","images/5cecc80e6cd275beba1ad0104f12b520cb030c0871d93a217dcd00c02fcf8499.jpg","https://www.castlegreenhomes.uk/app/uploads/2023/07/TheAshbourne-65.jpg","This is a photograph of a furnished bathroom."
"The Paddocks at Rydal View","The Paddocks at Rydal View","","https://www.castlegreenhomes.uk/our-developments/the-paddocks-at-rydal-view/","images/9d6c105f6782221f367655fb4b44710551ca8f6d1efac76b7fbde5cbe9aa76ae.jpg","https://www.castlegreenhomes.uk/app/uploads/2025/02/Rydal-View-street-scene-plots-34-36-scaled.jpg","This is a digital rendering of property exteriors."
"The Paddocks at Rydal View","The Paddocks at Rydal View","","https://www.castlegreenhomes.uk/our-developments/the-paddocks-at-rydal-view/","images/abb5170736e8aeefb3ced4fcf180486bb4c88bf5298893382a55c3bd929e951f.jpg","https://www.castlegreenhomes.uk/app/uploads/2023/11/Alderton-020-1024x723.jpg","The image shows a dining room space."
"The Paddocks at Rydal View","The Paddocks at Rydal View","","https://www.castlegreenhomes.uk/our-developments/the-paddocks-at-rydal-view/","images/3dabf553ea1ecd11b570fbef94fcbbae0f1fd6eab6e02305a73bc451fc03e9d6.jpg","https://www.castlegreenhomes.uk/app/uploads/2022/06/Wiltshire-033-1024x728.jpg","The image shows a furnished bedroom."
"The Paddocks at Rydal View","The Paddocks at Rydal View","","https://www.castlegreenhomes.uk/our-developments/the-paddocks-at-rydal-view/","images/8fbd7d14839a13d1983aedaca497a430f78f264800201c1f5e36f93b839d6e80.jpg","https://www.castlegreenhomes.uk/app/uploads/2024/09/P-CGH002-Rydal-HTs_Street-View-2_Plot-34-36_Final-1024x576.jpg","This is a promotional exterior rendering of a residential development."
"The Paddocks at Rydal View","The Paddocks at Rydal View","","https://www.castlegreenhomes.uk/our-developments/the-paddocks-at-rydal-view/","images/03311f4e713432fb2f30b633cd1844067ac8b6ee9e2d54f587bca4534db9ead6.jpg","https://www.castlegreenhomes.uk/app/uploads/2023/12/StAsaph-Lifestyle-102.jpg","The image shows a living room interior."
"The Paddocks at Rydal View","The Paddocks at Rydal View","","https://www.castlegreenhomes.uk/our-developments/the-paddocks-at-rydal-view/","images/0fd87493db93767707cb5cba5f1014dc93bf18d3b498d594d288fc6e726eeb4c.jpg","https://www.castlegreenhomes.uk/app/uploads/2023/11/StAsaph-Lifestyle-149-1024x682.jpg","The image shows a furnished bedroom."
"The Paddocks at Rydal View","The Paddocks at Rydal View","","https://www.castlegreenhomes.uk/our-developments/the-paddocks-at-rydal-view/","images/3bc1b4c18ae0e6c36499e8ee9480872222fade11460445d3c3dac95d6c858b74.jpg","https://www.castlegreenhomes.uk/app/uploads/2023/11/StAsaph-Lifestyle-238.jpg","This is a photograph of a dining room interior."
"The Paddocks at Rydal View","The Paddocks at Rydal View","","https://www.castlegreenhomes.uk/our-developments/the-paddocks-at-rydal-view/","images/f6b74d5f84433872494daa1beb84efc187cf91a28cc05238ee74f96223dc97ab.jpg","https://www.castlegreenhomes.uk/app/uploads/2022/06/StAsaph-Lifestyle-163.jpg","This is a photograph of a living room interior."
"The Paddocks at Rydal View","The Paddocks at Rydal View","","https://www.castlegreenhomes.uk/our-developments/the-paddocks-at-rydal-view/","images/af1fe36760b67df80165ca55308352f4c61f4cd477c26a5bf62b4a5c00142148.jpg","https://www.castlegreenhomes.uk/app/uploads/2022/06/StAsaph-Lifestyle-182.jpg","This is a photograph of a bedroom interior."
"The Paddocks at Rydal View","The Paddocks at Rydal View","","https://www.castlegreenhomes.uk/our-developments/the-paddocks-at-rydal-view/","images/b9ae6e23adb78f5cddd2d2a3649066a06997f433715d0b8a3212400b111c0cdb.jpg","https://www.castlegreenhomes.uk/app/uploads/2022/06/Cheltenham-027-1024x712.jpg","This is a photograph of a bedroom interior."
"The Paddocks at Rydal View","The Paddocks at Rydal View","","https://www.castlegreenhomes.uk/our-developments/the-paddocks-at-rydal-view/","images/e744b76e62203ede76c479e8d462d7d83a9910566246ce3df0725e7dcd51f7bc.jpg","https://www.castlegreenhomes.uk/app/uploads/2022/06/Wiltshire-008-1024x675.jpg","This is a residential living room."
"The Paddocks at Rydal View","The Paddocks at Rydal View","","https://www.castlegreenhomes.uk/our-developments/the-paddocks-at-rydal-view/","images/ac0c5232d1b30ee8a4cda18dab208e1073f72d1ea2a805b0eaf726924dc7aabe.jpg","https://www.castlegreenhomes.uk/app/uploads/2022/06/Alderton-024-1024x664.jpg","This is a combined living and dining space."
"The Paddocks at Rydal View","The Paddocks at Rydal View","","https://www.castlegreenhomes.uk/our-developments/the-paddocks-at-rydal-view/","images/e5476dec91ec2a3f3f41d131c2cb44a58655a07415f396289c639f6a3c75558b.jpg","https://www.castlegreenhomes.uk/app/uploads/2022/06/StAsaph-Lifestyle-157.jpg","This is a furnished bedroom."
"Hawthorn Meadows","The Hartford","3","https://www.castlegreenhomes.uk/our-developments/north-wales/hawthorn-meadows/the-hartford/","images/f8d69f293f441a1caad07cc493c6b12276863929841e2e6eb6c2edb016f728a4.png","https://www.castlegreenhomes.uk/app/uploads/2025/05/Hartford-Photoshop.png","This is an exterior photograph of a residential property."
"Hawthorn Meadows","The Hartford","3","https://www.castlegreenhomes.uk/our-developments/north-wales/hawthorn-meadows/the-hartford/","images/24e9c9b3488b13a216d2b3860fc718e7e4737d9a6604532d521c0919fcedd68e.jpg","https://www.castlegreenhomes.uk/app/uploads/2025/05/3.-Dining.jpg","This is a photograph of a real kitchen and dining space."
"Hawthorn Meadows","The Hartford","3","https://www.castlegreenhomes.uk/our-developments/north-wales/hawthorn-meadows/the-hartford/","images/849a5e27e9a27ae57080d877af31a4abf080be8d105d5083f608c3facd54006d.jpg","https://www.castlegreenhomes.uk/app/uploads/2025/05/9.-Lounge.jpg","This is a photograph of a real living room."
"Hawthorn Meadows","The Hartford","3","https://www.castlegreenhomes.uk/our-developments/north-wales/hawthorn-meadows/the-hartford/","images/f52fa4d367fc1054af434bc9f91fb389633e6a6fa1c2b09a1c0300df016523e3.jpg","https://www.castlegreenhomes.uk/app/uploads/2025/05/11.-Bed-1.jpg","This is a photograph of a real bedroom."
"Hawthorn Meadows","The Hartford","3","https://www.castlegreenhomes.uk/our-developments/north-wales/hawthorn-meadows/the-hartford/","images/3dcfb0af028be2b9dbd546c047b6aecc2f27dce725027e0408860d7e8da9b8c7.jpg","https://www.castlegreenhomes.uk/app/uploads/2025/05/14.-Bed-2.jpg","This is a photograph of a real bedroom."
"Hawthorn Meadows","The Hartford","3","https://www.castlegreenhomes.uk/our-developments/north-wales/hawthorn-meadows/the-hartford/","images/6aa7ca9b51c3f2df54b0a7046f51c2bae9eb376180713636c4bd7c29fd630830.jpg","https://www.castlegreenhomes.uk/app/uploads/2025/05/18.-Bed-4.jpg","This is a photograph of a real bedroom."
"Hawthorn Meadows","The Hartford","3","https://www.castlegreenhomes.uk/our-developments/north-wales/hawthorn-meadows/the-hartford/","images/fc291d3270576d1d46beebdb06a7a5443ac10ce65ba4b87b77db8ec3aa776c80.jpg","https://www.castlegreenhomes.uk/app/uploads/2025/05/1.-Kitchen.jpg","This is a photograph of a real kitchen and dining space."
"Hawthorn Meadows","The Hartford","3","https://www.castlegreenhomes.uk/our-developments/north-wales/hawthorn-meadows/the-hartford/","images/5c464fa29d0bac339b23e47ae3d226ce5c3d8cacfb28d7600d0ea4ef73d15a64.jpg","https://www.castlegreenhomes.uk/app/uploads/2025/05/2.-Kitchen.jpg","This is a photograph of a real kitchen and dining area."
"Hawthorn Meadows","The Hartford","3","https://www.castlegreenhomes.uk/our-developments/north-wales/hawthorn-meadows/the-hartford/","images/4104791550072c0d5a7a52356042d175f2d590ed84df4b2928f55d1a71d3f316.jpg","https://www.castlegreenhomes.uk/app/uploads/2025/05/10.-Lounge.jpg","This is a photograph of a real living room."
"Hawthorn Meadows","The Hartford","3","https://www.castlegreenhomes.uk/our-developments/north-wales/hawthorn-meadows/the-hartford/","images/f299d0e31cf047bac546eb1dc9f6bc9b230a31168b624fc0b5a5ee99c579a329.jpg","https://www.castlegreenhomes.uk/app/uploads/2025/05/13.-Bed-1.jpg","This is a photograph of a real bedroom."
"Hawthorn Meadows","The Hartford","3","https://www.castlegreenhomes.uk/our-developments/north-wales/hawthorn-meadows/the-hartford/","images/0d2f9dbf26f6134d8c4a424c2bad950f39d179c39d578bd92075d45834f4f5f3.jpg","https://www.castlegreenhomes.uk/app/uploads/2025/05/19.-Bed-4.jpg","This is a photograph of a real bedroom."
"Hawthorn Meadows","The Oxford","3","https://www.castlegreenhomes.uk/our-developments/north-wales/hawthorn-meadows/the-oxford/","images/00eb6d5fa20c8d00b3dd3a123514c7e943800d152b5a633d5fab143766a54bcf.png","https://www.castlegreenhomes.uk/app/uploads/2022/04/Oxford.png","This is a digital rendering of a property exterior."
"Hawthorn Meadows","The Oxford","3","https://www.castlegreenhomes.uk/our-developments/north-wales/hawthorn-meadows/the-oxford/","images/9d060feea9f3f35951b246f8ef5f8f6aa46bd9523cfdcb470167e3417fe656aa.jpg","https://www.castlegreenhomes.uk/app/uploads/2025/11/TheOxford-24.jpg","The image shows a furnished bedroom."
"Hawthorn Meadows","The Oxford","3","https://www.castlegreenhomes.uk/our-developments/north-wales/hawthorn-meadows/the-oxford/","images/0e443a251565c129ec08e5d671252d2a338cc048f592be47a9f1a22b5b6e2bd8.jpg","https://www.castlegreenhomes.uk/app/uploads/2025/05/TheOxford-5.jpg","This is a photograph of a real living room."
"Hawthorn Meadows","The Oxford","3","https://www.castlegreenhomes.uk/our-developments/north-wales/hawthorn-meadows/the-oxford/","images/c761ea7e290657156aac09b67bffa5dc2adc808edb8863feb46adb191019ea31.jpg","https://www.castlegreenhomes.uk/app/uploads/2025/11/TheOxford-17.jpg","This is a photograph of a furnished nursery room."
"Hawthorn Meadows","The Oxford","3","https://www.castlegreenhomes.uk/our-developments/north-wales/hawthorn-meadows/the-oxford/","images/d05370792d481b395ff07e88155e533dfb32151663cb3255b72fd376a2ff3c60.jpg","https://www.castlegreenhomes.uk/app/uploads/2025/05/TheOxford-10.jpg","This is a photograph of a furnished kitchen."
"Hawthorn Meadows","The Oxford","3","https://www.castlegreenhomes.uk/our-developments/north-wales/hawthorn-meadows/the-oxford/","images/76a5c71866e4d4e11ddf6512cfc2a3e0010133ef47719061c026ac663109e187.jpg","https://www.castlegreenhomes.uk/app/uploads/2025/05/TheOxford-11.jpg","The image shows a dining room setup."
"Hawthorn Meadows","The Oxford","3","https://www.castlegreenhomes.uk/our-developments/north-wales/hawthorn-meadows/the-oxford/","images/4ea9def5d8ecf566729245ee9c968c4543ecedef2021f87ddbb531db0bc26b4d.jpg","https://www.castlegreenhomes.uk/app/uploads/2025/05/Housetype.CGI-Oxford_Brick-1024x768.jpg","This is a promotional exterior rendering of a residential property."
"Hawthorn Meadows","The Oxford","3","https://www.castlegreenhomes.uk/our-developments/north-wales/hawthorn-meadows/the-oxford/","images/e802720a1242add55d8e71bdc361cd6f54e174cd96337dd3bf313a9011fcc8af.jpg","https://www.castlegreenhomes.uk/app/uploads/2025/05/TheOxford-12.jpg","This is a photograph of a kitchen interior."
"Hawthorn Meadows","The Oxford","3","https://www.castlegreenhomes.uk/our-developments/north-wales/hawthorn-meadows/the-oxford/","images/9afbd90fc622b6eceb570f01c49ff48a5cf499793ff878856104491dd32da4a5.jpg","https://www.castlegreenhomes.uk/app/uploads/2025/11/TheOxford-14.jpg","This is a photograph of a furnished living space."
"Hawthorn Meadows","The Oxford","3","https://www.castlegreenhomes.uk/our-developments/north-wales/hawthorn-meadows/the-oxford/","images/bbb3912a41768a750c0d0a1f15dbec26603e7da0221923cc699be847b7590f05.jpg","https://www.castlegreenhomes.uk/app/uploads/2025/05/TheOxford-13.jpg","This is a photograph of a living room interior."
"Hawthorn Meadows","The Oxford","3","https://www.castlegreenhomes.uk/our-developments/north-wales/hawthorn-meadows/the-oxford/","images/08e80061b4a4d663181aa26533ba4a3a91149fc94589a3e8eb3a68670f751205.jpg","https://www.castlegreenhomes.uk/app/uploads/2025/11/TheOxford-22.jpg","This is a photograph of a furnished bedroom."
"Hawthorn Meadows","The Oxford","3","https://www.castlegreenhomes.uk/our-developments/north-wales/hawthorn-meadows/the-oxford/","images/2dd2d21c582735f57b6adc2c167a90f0f642f02e1e46c5b9ebdafb95a2b3a562.jpg","https://www.castlegreenhomes.uk/app/uploads/2025/05/TheOxford-18.jpg","This is a photograph of a bedroom."
"Hawthorn Meadows","The Oxford","3","https://www.castlegreenhomes.uk/our-developments/north-wales/hawthorn-meadows/the-oxford/","images/7aba94860f9ab4dfe33a8a60411ba3ea38bc01578ac6ed30bb235999a2a79a52.jpg","https://www.castlegreenhomes.uk/app/uploads/2025/05/TheOxford-30.jpg","This is a photograph of a furnished nursery."
"Hawthorn Meadows","The Oxford","3","https://www.castlegreenhomes.uk/our-developments/north-wales/hawthorn-meadows/the-oxford/","images/e19a42e7d9bc8032300165857a2d05de144bde9b6ae700ef475116061190bea7.jpg","https://www.castlegreenhomes.uk/app/uploads/2025/05/TheOxford-29.jpg","The image shows a bedroom setting."
"Hawthorn Meadows","The Oxford","3","https://www.castlegreenhomes.uk/our-developments/north-wales/hawthorn-meadows/the-oxford/","images/80f48e6b728faf0c56f7a7d768dd7a14254c85578dc7959c8338e4348669fe6f.jpg","https://www.castlegreenhomes.uk/app/uploads/2025/05/Housetype.CGI-Oxford_Render-1024x768.jpg","This is a promotional exterior rendering of a property."
"Hawthorn Meadows","The Henley","3","https://www.castlegreenhomes.uk/our-developments/north-wales/hawthorn-meadows/the-henley/","images/d85bab4a273de86f4536cb24d3d86d7df701d289230585ff21f4011b2eada92c.png","https://www.castlegreenhomes.uk/app/uploads/2022/11/Henley.png","This is an exterior architectural visualization of a property."
"Hawthorn Meadows","The Henley","3","https://www.castlegreenhomes.uk/our-developments/north-wales/hawthorn-meadows/the-henley/","images/57a9e65a6ec32902f010c3f07d63828a03f278d78801c2e8be0837cdca3706a1.jpg","https://www.castlegreenhomes.uk/app/uploads/2025/05/Henley-MYC-7.jpg","This is a photograph of a living room interior."
"Hawthorn Meadows","The Henley","3","https://www.castlegreenhomes.uk/our-developments/north-wales/hawthorn-meadows/the-henley/","images/cec6c065229ec8a5e4f78364cd19dd024a2e9e7ad63b141ccf371fdb0899892f.jpg","https://www.castlegreenhomes.uk/app/uploads/2025/05/Henley-MYC-38.jpg","This is a photograph of a bedroom interior."
"Hawthorn Meadows","The Henley","3","https://www.castlegreenhomes.uk/our-developments/north-wales/hawthorn-meadows/the-henley/","images/03d0975d5cf2568f4463bf1023c16af2c9512f30cdaf0cbc26cacd3e0336491b.jpg","https://www.castlegreenhomes.uk/app/uploads/2025/05/Henley-MYC-23.jpg","This is a photograph of a kitchen area."
"Hawthorn Meadows","The Henley","3","https://www.castlegreenhomes.uk/our-developments/north-wales/hawthorn-meadows/the-henley/","images/91cc436c57c54cd466ffdf6db506c1daf5ee684354014fe720fb4e7be294296a.jpg","https://www.castlegreenhomes.uk/app/uploads/2025/05/Henley-MYC-8.jpg","This is a photograph of a living room."
"Hawthorn Meadows","The Henley","3","https://www.castlegreenhomes.uk/our-developments/north-wales/hawthorn-meadows/the-henley/","images/470b0659f292462134757c692a1156ea79d7ab448fcdff2a855926d970255096.jpg","https://www.castlegreenhomes.uk/app/uploads/2025/05/Henley-MYC-44.jpg","This is a photograph of a bedroom."
"Hawthorn Meadows","The Henley","3","https://www.castlegreenhomes.uk/our-developments/north-wales/hawthorn-meadows/the-henley/","images/59d931d772c8470bccb0d31ce617b2aa9b7cc77555eb1212c3bb89e6d97a807f.jpg","https://www.castlegreenhomes.uk/app/uploads/2025/05/Housetype.CGI-Henley_Brick-1024x768.jpg","This is an exterior view of a property."
"Hawthorn Meadows","The Henley","3","https://www.castlegreenhomes.uk/our-developments/north-wales/hawthorn-meadows/the-henley/","images/f7910cf4a9d2dded58f0ae4dbb592e3b5935ce2f5221ace63607fd765708a02f.jpg","https://www.castlegreenhomes.uk/app/uploads/2025/05/Henley-MYC-42.jpg","This is a photograph of a bedroom."
"Hawthorn Meadows","The Henley","3","https://www.castlegreenhomes.uk/our-developments/north-wales/hawthorn-meadows/the-henley/","images/40b2abc4150d75d67ea77cf533ba0cb51b187cd5810c5066814be8cdb0e36aba.jpg","https://www.castlegreenhomes.uk/app/uploads/2025/05/Henley-MYC-40.jpg","This is a photograph of a room set up as a study or home office."
"Hawthorn Meadows","The Henley","3","https://www.castlegreenhomes.uk/our-developments/north-wales/hawthorn-meadows/the-henley/","images/6bd20ed5788bbe4438b363ae556d02b04d23696ac35e0d6e2b13c6f1b2d7c14e.jpg","https://www.castlegreenhomes.uk/app/uploads/2025/05/Henley-MYC-22.jpg","This is a photograph of a furnished dining room."
"Hawthorn Meadows","The Henley","3","https://www.castlegreenhomes.uk/our-developments/north-wales/hawthorn-meadows/the-henley/","images/5b1887d0dc6cdba5fa6bbb89e38d8a6dfb620c5b55297e173ecc438b8f2ac213.jpg","https://www.castlegreenhomes.uk/app/uploads/2025/05/Henley-MYC-33.jpg","This is a photograph of a furnished living room."
"Hawthorn Meadows","The Henley","3","https://www.castlegreenhomes.uk/our-developments/north-wales/hawthorn-meadows/the-henley/","images/538915e13fd283215ce3715866e9a4c631836e4b75cf6efa1d40ea8e20f21bdf.jpg","https://www.castlegreenhomes.uk/app/uploads/2025/05/Henley-MYC-37.jpg","This is a photograph of a furnished bedroom."
"Hawthorn Meadows","The Henley","3","https://www.castlegreenhomes.uk/our-developments/north-wales/hawthorn-meadows/the-henley/","images/cc995e25707083aaeb11789903adc3686cdd12b828400444aae46decc6ffa8bc.jpg","https://www.castlegreenhomes.uk/app/uploads/2025/05/Henley-MYC-24.jpg","This is a photograph of a functional utility room."
"Hawthorn Meadows","The Henley","3","https://www.castlegreenhomes.uk/our-developments/north-wales/hawthorn-meadows/the-henley/","images/3e2ba8242635f8ce48215e49e6feaaf8b7f71fe2fc11886703d5ee588aca4316.jpg","https://www.castlegreenhomes.uk/app/uploads/2025/05/Henley-MYC-25.jpg","The space contains kitchen cabinetry and appliances."
"Hawthorn Meadows","The Henley","3","https://www.castlegreenhomes.uk/our-developments/north-wales/hawthorn-meadows/the-henley/","images/1fc55040faeea368db81a659a58098c0d710b1fe5649b29548b6a7bacdc25375.jpg","https://www.castlegreenhomes.uk/app/uploads/2025/05/Henley-MYC-32.jpg","The room is set up as a lounge with a sofa and television."
"Hawthorn Meadows","The Henley","3","https://www.castlegreenhomes.uk/our-developments/north-wales/hawthorn-meadows/the-henley/","images/be966ff4966fc17dccf78d1a3014ee63122e32f8f177c95ffde79953e7fc9e43.jpg","https://www.castlegreenhomes.uk/app/uploads/2025/05/Housetype.CGI-Henley_Render-1024x768.jpg","The image shows the exterior of a residential property."
"Hawthorn Meadows","The Kingsley","3","https://www.castlegreenhomes.uk/our-developments/north-wales/hawthorn-meadows/the-kingsley/","images/a6e6e3652264ae617903feab8c3fcd999c6922807b690a0a9ce76756e6f28c7e.jpg","https://www.castlegreenhomes.uk/app/uploads/2025/05/1772215244_Housetype.CGI-Kingsey_Brick_HM-web.jpg","This is a promotional exterior rendering of a property."
"Hawthorn Meadows","The Kingsley","3","https://www.castlegreenhomes.uk/our-developments/north-wales/hawthorn-meadows/the-kingsley/","images/924b88ab3670e44e5581dca022e94f0fbc5f99e4eb00f38b4cab729ee880f5d7.jpg","https://www.castlegreenhomes.uk/app/uploads/2025/01/TheStratford-39.jpg","This is a photograph of a bedroom."
"Hawthorn Meadows","The Kingsley","3","https://www.castlegreenhomes.uk/our-developments/north-wales/hawthorn-meadows/the-kingsley/","images/c40fd7bed8f65a4067fc293337142e6ec986244e9d9b290a34992e0ece5052bc.jpg","https://www.castlegreenhomes.uk/app/uploads/2025/01/TheStratford-1.jpg","This is a photograph of a furnished living room."
"Hawthorn Meadows","The Kingsley","3","https://www.castlegreenhomes.uk/our-developments/north-wales/hawthorn-meadows/the-kingsley/","images/1acfab8dc4a7dc8c2e52957f19d1330e1933f06200f5eb61986804a53604a8b8.jpg","https://www.castlegreenhomes.uk/app/uploads/2025/01/TheStratford-19.jpg","This is a photograph of a kitchen."
"Hawthorn Meadows","The Kingsley","3","https://www.castlegreenhomes.uk/our-developments/north-wales/hawthorn-meadows/the-kingsley/","images/0a52616f44cc6300722b88e67b56a8bc25df69f2a17a98d0e4de5dd2f4394ba8.jpg","https://www.castlegreenhomes.uk/app/uploads/2025/01/TheStratford-32.jpg","This is a photograph of a dining room."
"Hawthorn Meadows","The Kingsley","3","https://www.castlegreenhomes.uk/our-developments/north-wales/hawthorn-meadows/the-kingsley/","images/07a1b0c1be035a59c44e74e62404df95514b466cdcb717f9bcf213257ec367ea.jpg","https://www.castlegreenhomes.uk/app/uploads/2025/01/TheStratford-16.jpg","This is a photograph of a dining room."
"Hawthorn Meadows","The Kingsley","3","https://www.castlegreenhomes.uk/our-developments/north-wales/hawthorn-meadows/the-kingsley/","images/d0d1d7e5833438e72551c3913c1ced3e73787d3bc0a86d71c3e3c35264e1ac2e.jpg","https://www.castlegreenhomes.uk/app/uploads/2022/04/TheStratford-4.jpg","This is a photograph of a furnished living room."
"Hawthorn Meadows","The Kingsley","3","https://www.castlegreenhomes.uk/our-developments/north-wales/hawthorn-meadows/the-kingsley/","images/f6254846b1136b792aaf7d5a00075b5abe90841162afb522321f2ad0e2580330.jpg","https://www.castlegreenhomes.uk/app/uploads/2022/04/TheStratford-41.jpg","This is a photograph of a furnished bedroom."
"Hawthorn Meadows","The Kingsley","3","https://www.castlegreenhomes.uk/our-developments/north-wales/hawthorn-meadows/the-kingsley/","images/0060cdd42f273ce35cf2c3f2a89abd25b70aed6e9f7e5514dcb8761844c0164a.jpg","https://www.castlegreenhomes.uk/app/uploads/2025/01/TheStratford-58.jpg","This is a photograph of a furnished bedroom."
"Hawthorn Meadows","The Kingsley","3","https://www.castlegreenhomes.uk/our-developments/north-wales/hawthorn-meadows/the-kingsley/","images/007be9ab3fe742fe9feaf6bd96442b1a080d76480648f8e29ddde109f0f922a5.jpg","https://www.castlegreenhomes.uk/app/uploads/2025/01/TheStratford-70.jpg","This is a photograph of a dressing room."
"Hawthorn Meadows","The Kingsley","3","https://www.castlegreenhomes.uk/our-developments/north-wales/hawthorn-meadows/the-kingsley/","images/b6a02418109e474ea64014ea4773dcf18cd6b5f5d1a8a1e3add777e0c342389f.jpg","https://www.castlegreenhomes.uk/app/uploads/2022/04/TheStratford-64.jpg","This is a photograph of a dressing room vanity area."
"Hawthorn Meadows","The Broadway","4","https://www.castlegreenhomes.uk/our-developments/north-wales/hawthorn-meadows/the-broadway/","images/acba338949651790ad77df12242fd81007be3a981bc8ad28d5d2e35409678135.png","https://www.castlegreenhomes.uk/app/uploads/2025/05/Broadway.png","This is a promotional exterior rendering of a property."
"Hawthorn Meadows","The Broadway","4","https://www.castlegreenhomes.uk/our-developments/north-wales/hawthorn-meadows/the-broadway/","images/2cf7f4133927553e60de1431802dd0c84c705ebfe2035a523c0709bdda917fcd.jpg","https://www.castlegreenhomes.uk/app/uploads/2025/05/1.-kitchen-1-scaled.jpg","The image shows a functional kitchen space with a sink, hob, and oven."
"Hawthorn Meadows","The Broadway","4","https://www.castlegreenhomes.uk/our-developments/north-wales/hawthorn-meadows/the-broadway/","images/3083f8d0e2bc08213aa71c66f16bb641e91b3e594df010dd7befc943f8e50911.jpg","https://www.castlegreenhomes.uk/app/uploads/2025/05/3.-lounge-scaled.jpg","The room is furnished as a lounge area with seating."
"Hawthorn Meadows","The Broadway","4","https://www.castlegreenhomes.uk/our-developments/north-wales/hawthorn-meadows/the-broadway/","images/427fd16283cae308b7a6cd42805b83794e772dc87a562b6191e57d74896eddd9.jpg","https://www.castlegreenhomes.uk/app/uploads/2022/10/TrevelynPlace-29.jpg","This is a photograph of a furnished bedroom."
"Hawthorn Meadows","The Broadway","4","https://www.castlegreenhomes.uk/our-developments/north-wales/hawthorn-meadows/the-broadway/","images/6b36811b3c9152dea96fb25e6c48135d1f309a2341e61fb07f73b8e19b3cfff1.jpg","https://www.castlegreenhomes.uk/app/uploads/2022/10/TrevelynPlace-37.jpg","The image shows a bedroom with a desk area."
"Hawthorn Meadows","The Broadway","4","https://www.castlegreenhomes.uk/our-developments/north-wales/hawthorn-meadows/the-broadway/","images/090844d890ce8b872793e32bb9e80d5c9362158bd52a454c2ba03ec2c6392d58.jpg","https://www.castlegreenhomes.uk/app/uploads/2025/05/2.-dining-scaled.jpg","This is a photograph of a dining room."
"Hawthorn Meadows","The Broadway","4","https://www.castlegreenhomes.uk/our-developments/north-wales/hawthorn-meadows/the-broadway/","images/cf4c109cb330512d1bbe7188c9def227bf32e8dc720e1d93eb29763c101cc50b.jpg","https://www.castlegreenhomes.uk/app/uploads/2025/05/Housetype.CGI-Broadway_Render-1024x768.jpg","This is a photograph of a property exterior."
"Hawthorn Meadows","The Broadway","4","https://www.castlegreenhomes.uk/our-developments/north-wales/hawthorn-meadows/the-broadway/","images/b14f64bb77255be776f892fd2151148542f27053348b5e9083aa6620e44a860b.jpg","https://www.castlegreenhomes.uk/app/uploads/2025/05/Housetype.CGI-Broadway_Brick-1024x768.jpg","This is a promotional exterior rendering of a property."
"Hawthorn Meadows","The Wentworth","4","https://www.castlegreenhomes.uk/our-developments/north-wales/hawthorn-meadows/the-wentworth/","images/da5bcaab438a0d63675208d3edbc80f2a0acf0a3d21381aa3a087ed1c98e62e5.png","https://www.castlegreenhomes.uk/app/uploads/2022/11/Wentworth-Wentworth-Lifestyle.png","This is a promotional exterior rendering of a property."
"Hawthorn Meadows","The Wentworth","4","https://www.castlegreenhomes.uk/our-developments/north-wales/hawthorn-meadows/the-wentworth/","images/274d9a262f3238604b238de4c0276c8ec137fcf858db6b83cc22580f35abead4.jpg","https://www.castlegreenhomes.uk/app/uploads/2025/05/TheWentworth-5.jpg","This is a photograph of a furnished bedroom."
"Hawthorn Meadows","The Wentworth","4","https://www.castlegreenhomes.uk/our-developments/north-wales/hawthorn-meadows/the-wentworth/","images/5f2338aeba9d61bd735c55d7d59edf5913b6f5f413f9a71881345f30e8640fae.jpg","https://www.castlegreenhomes.uk/app/uploads/2025/05/TheWentworth-10.jpg","This is a photograph of a dining room."
"Hawthorn Meadows","The Wentworth","4","https://www.castlegreenhomes.uk/our-developments/north-wales/hawthorn-meadows/the-wentworth/","images/2590bda98fb3d36274fcd0c629802a9b4dd80dfa0a414ba0794c22393c66f598.jpg","https://www.castlegreenhomes.uk/app/uploads/2025/05/TheWentworth-28.jpg","This is a photograph of a furnished living room."
"Hawthorn Meadows","The Wentworth","4","https://www.castlegreenhomes.uk/our-developments/north-wales/hawthorn-meadows/the-wentworth/","images/2ce81e604aa9c397ea93458021a4ea9431627f658e7c45fb56cab551c7065077.jpg","https://www.castlegreenhomes.uk/app/uploads/2026/01/TheWentworth-11.jpg","This is a photograph of a residential kitchen."
"Hawthorn Meadows","The Wentworth","4","https://www.castlegreenhomes.uk/our-developments/north-wales/hawthorn-meadows/the-wentworth/","images/8ed3abad056da4b14adcb4ba93671c70937e0299235562c3db9ed6ebc3d558dc.jpg","https://www.castlegreenhomes.uk/app/uploads/2025/05/TheWentworth-17.jpg","This is a photograph of a furnished bedroom."
"Hawthorn Meadows","The Wentworth","4","https://www.castlegreenhomes.uk/our-developments/north-wales/hawthorn-meadows/the-wentworth/","images/37a0ba2175bdc153963c55d63f68a7b2392cb6dd18ce0964ea6e88d75647ecd5.jpg","https://www.castlegreenhomes.uk/app/uploads/2025/01/P-CGH004-Prestatyn_WEN_Plot-37_Final-1024x768.jpg","This is a promotional exterior rendering of a property."
"Hawthorn Meadows","The Wentworth","4","https://www.castlegreenhomes.uk/our-developments/north-wales/hawthorn-meadows/the-wentworth/","images/24850416f14905305b9fd5ad47bb754aac2a81e4a39a804f1433eca00ec84804.jpg","https://www.castlegreenhomes.uk/app/uploads/2026/01/TheWentworth-26.jpg","This is a photograph of a furnished living room."
"Hawthorn Meadows","The Wentworth","4","https://www.castlegreenhomes.uk/our-developments/north-wales/hawthorn-meadows/the-wentworth/","images/1b472fb000969c5880c510fc3c04b5c6432a591e7d67fc65014a2502d2dda236.jpg","https://www.castlegreenhomes.uk/app/uploads/2026/01/TheWentworth-12.jpg","This is a photograph of a residential kitchen."
"Hawthorn Meadows","The Wentworth","4","https://www.castlegreenhomes.uk/our-developments/north-wales/hawthorn-meadows/the-wentworth/","images/ea652dc8e1fdfb33c7d542046da120a46138592ba5d73d61595e1d95a7308f1a.jpg","https://www.castlegreenhomes.uk/app/uploads/2025/05/TheWentworth.jpg","This is a photograph of a furnished bedroom."
"Hawthorn Meadows","The Wentworth","4","https://www.castlegreenhomes.uk/our-developments/north-wales/hawthorn-meadows/the-wentworth/","images/8e2265a26b3f924701486399e3528740025cb7d2b8f15bae374cdb210b641b57.jpg","https://www.castlegreenhomes.uk/app/uploads/2025/05/TheWentworth-22.jpg","This is a photograph of a bathroom."
"Hawthorn Meadows","The Wentworth","4","https://www.castlegreenhomes.uk/our-developments/north-wales/hawthorn-meadows/the-wentworth/","images/a92191fac87e82220612c342c3354038f17c613ea104b2ed9b8b61ef15992f49.jpg","https://www.castlegreenhomes.uk/app/uploads/2026/01/TheWentworth-19.jpg","This is a photograph of a furnished bedroom."
"Hawthorn Meadows","The Wentworth","4","https://www.castlegreenhomes.uk/our-developments/north-wales/hawthorn-meadows/the-wentworth/","images/27ad07847ad3f41216e95e9a1354b53c2a69ee25ea0a03e1102d0e29f30a1c5d.jpg","https://www.castlegreenhomes.uk/app/uploads/2025/05/TheWentworth-7.jpg","The room contains laundry appliances and utility-style cabinetry, characteristic of a utility room."
"Hawthorn Meadows","The Wentworth","4","https://www.castlegreenhomes.uk/our-developments/north-wales/hawthorn-meadows/the-wentworth/","images/64932e205832f8082300a137c385efe8f9fd65458298b34e202c6ce29d8bc092.jpg","https://www.castlegreenhomes.uk/app/uploads/2025/05/TheWentworth-6.jpg","The presence of a bed and child-focused decor confirms this is a bedroom."
"Hawthorn Meadows","Hawthorn Meadows","","https://www.castlegreenhomes.uk/our-developments/north-wales/hawthorn-meadows/","images/03deda9486470c7090ca5d880ad8479adc5d02a99c9408d3462c3c731bb6f49a.jpg","https://www.castlegreenhomes.uk/app/uploads/2024/10/Hawthorne_Meadows_SS_01_web-1.jpg","This is a promotional exterior rendering of a residential street."
"Hawthorn Meadows","Hawthorn Meadows","","https://www.castlegreenhomes.uk/our-developments/north-wales/hawthorn-meadows/","images/2a81202af9ddb97bf21ad9db4e57ea95380abf8da6a2a11f0d559f766f87cb97.jpg","https://www.castlegreenhomes.uk/app/uploads/2023/11/Wiltshire-027-1-1024x680.jpg","The image shows a living and dining area."
"Hawthorn Meadows","Hawthorn Meadows","","https://www.castlegreenhomes.uk/our-developments/north-wales/hawthorn-meadows/","images/abb5170736e8aeefb3ced4fcf180486bb4c88bf5298893382a55c3bd929e951f.jpg","https://www.castlegreenhomes.uk/app/uploads/2023/11/Alderton-020-1024x723.jpg","The image shows a dining room space."
"Hawthorn Meadows","Hawthorn Meadows","","https://www.castlegreenhomes.uk/our-developments/north-wales/hawthorn-meadows/","images/3dabf553ea1ecd11b570fbef94fcbbae0f1fd6eab6e02305a73bc451fc03e9d6.jpg","https://www.castlegreenhomes.uk/app/uploads/2022/06/Wiltshire-033-1024x728.jpg","The image shows a furnished bedroom."
"Hawthorn Meadows","Hawthorn Meadows","","https://www.castlegreenhomes.uk/our-developments/north-wales/hawthorn-meadows/","images/03311f4e713432fb2f30b633cd1844067ac8b6ee9e2d54f587bca4534db9ead6.jpg","https://www.castlegreenhomes.uk/app/uploads/2023/12/StAsaph-Lifestyle-102.jpg","The image shows a living room interior."
"Hawthorn Meadows","Hawthorn Meadows","","https://www.castlegreenhomes.uk/our-developments/north-wales/hawthorn-meadows/","images/0fd87493db93767707cb5cba5f1014dc93bf18d3b498d594d288fc6e726eeb4c.jpg","https://www.castlegreenhomes.uk/app/uploads/2023/11/StAsaph-Lifestyle-149-1024x682.jpg","The image shows a furnished bedroom."
"Hawthorn Meadows","Hawthorn Meadows","","https://www.castlegreenhomes.uk/our-developments/north-wales/hawthorn-meadows/","images/3bc1b4c18ae0e6c36499e8ee9480872222fade11460445d3c3dac95d6c858b74.jpg","https://www.castlegreenhomes.uk/app/uploads/2023/11/StAsaph-Lifestyle-238.jpg","This is a photograph of a dining room interior."
"Hawthorn Meadows","Hawthorn Meadows","","https://www.castlegreenhomes.uk/our-developments/north-wales/hawthorn-meadows/","images/f6b74d5f84433872494daa1beb84efc187cf91a28cc05238ee74f96223dc97ab.jpg","https://www.castlegreenhomes.uk/app/uploads/2022/06/StAsaph-Lifestyle-163.jpg","This is a photograph of a living room interior."
"Hawthorn Meadows","Hawthorn Meadows","","https://www.castlegreenhomes.uk/our-developments/north-wales/hawthorn-meadows/","images/af1fe36760b67df80165ca55308352f4c61f4cd477c26a5bf62b4a5c00142148.jpg","https://www.castlegreenhomes.uk/app/uploads/2022/06/StAsaph-Lifestyle-182.jpg","This is a photograph of a bedroom interior."
"Hawthorn Meadows","Hawthorn Meadows","","https://www.castlegreenhomes.uk/our-developments/north-wales/hawthorn-meadows/","images/b9ae6e23adb78f5cddd2d2a3649066a06997f433715d0b8a3212400b111c0cdb.jpg","https://www.castlegreenhomes.uk/app/uploads/2022/06/Cheltenham-027-1024x712.jpg","This is a photograph of a bedroom interior."
"Hawthorn Meadows","Hawthorn Meadows","","https://www.castlegreenhomes.uk/our-developments/north-wales/hawthorn-meadows/","images/e744b76e62203ede76c479e8d462d7d83a9910566246ce3df0725e7dcd51f7bc.jpg","https://www.castlegreenhomes.uk/app/uploads/2022/06/Wiltshire-008-1024x675.jpg","This is a residential living room."
"Hawthorn Meadows","Hawthorn Meadows","","https://www.castlegreenhomes.uk/our-developments/north-wales/hawthorn-meadows/","images/ac0c5232d1b30ee8a4cda18dab208e1073f72d1ea2a805b0eaf726924dc7aabe.jpg","https://www.castlegreenhomes.uk/app/uploads/2022/06/Alderton-024-1024x664.jpg","This is a combined living and dining space."
"Hawthorn Meadows","Hawthorn Meadows","","https://www.castlegreenhomes.uk/our-developments/north-wales/hawthorn-meadows/","images/e5476dec91ec2a3f3f41d131c2cb44a58655a07415f396289c639f6a3c75558b.jpg","https://www.castlegreenhomes.uk/app/uploads/2022/06/StAsaph-Lifestyle-157.jpg","This is a furnished bedroom."
"Maes y Castell","The Henley","3","https://www.castlegreenhomes.uk/our-developments/north-wales/maes-y-castell/the-henley/","images/d85bab4a273de86f4536cb24d3d86d7df701d289230585ff21f4011b2eada92c.png","https://www.castlegreenhomes.uk/app/uploads/2022/11/Henley.png","This is an exterior architectural visualization of a property."
"Maes y Castell","The Henley","3","https://www.castlegreenhomes.uk/our-developments/north-wales/maes-y-castell/the-henley/","images/3c31f0ccf1975168d5134211b66cd4c0e21f91c8be949b7ab972a3cad192fe79.jpg","https://www.castlegreenhomes.uk/app/uploads/2025/06/TheWiltshire-18.jpg","This is a photograph of a living room."
"Maes y Castell","The Henley","3","https://www.castlegreenhomes.uk/our-developments/north-wales/maes-y-castell/the-henley/","images/933277d69d902b56f038843f26da1fbdbf36df05a82093f22ee82828fe6a1526.jpg","https://www.castlegreenhomes.uk/app/uploads/2022/10/TheWiltshire-14.jpg","The room is a living area with comfortable seating."
"Maes y Castell","The Henley","3","https://www.castlegreenhomes.uk/our-developments/north-wales/maes-y-castell/the-henley/","images/fcc5df180967d3fd8a497b1c9a476859c81b61fcb66ae3c0f92b41646f870fd5.jpg","https://www.castlegreenhomes.uk/app/uploads/2025/06/TheWiltshire-40.jpg","The presence of a bed and bedside furniture confirms this is a bedroom."
"Maes y Castell","The Henley","3","https://www.castlegreenhomes.uk/our-developments/north-wales/maes-y-castell/the-henley/","images/a2b8f1a48f796a31b84a14abebd736cbc45f54c126897053982a623f38e6cff9.jpg","https://www.castlegreenhomes.uk/app/uploads/2024/10/wiltshire_primary_bedroom_ensuite_rydal_view.jpg","This is a photograph of a bathroom."
"Maes y Castell","The Henley","3","https://www.castlegreenhomes.uk/our-developments/north-wales/maes-y-castell/the-henley/","images/020e15d94a1b12e23077bca25005ba4386490c365329f77d0edbe9b2c9be37ec.jpg","https://www.castlegreenhomes.uk/app/uploads/2024/10/wiltshire_bedroom3_rydal_view.jpg","The image shows a furnished bedroom."
"Maes y Castell","The Henley","3","https://www.castlegreenhomes.uk/our-developments/north-wales/maes-y-castell/the-henley/","images/dbb89ea9772fc14eaea8858973278f2917f410a1704d73911f99f0c97ee36ecd.jpg","https://www.castlegreenhomes.uk/app/uploads/2024/10/wiltshitre_bedroom3_desk_rydal_view.jpg","This is a photograph of a real bedroom interior."
"Maes y Castell","The Henley","3","https://www.castlegreenhomes.uk/our-developments/north-wales/maes-y-castell/the-henley/","images/a4174804abe1ad532d4b26b18c790ebfcef0e9a33e6ced9453633c33b19c12ef.jpg","https://www.castlegreenhomes.uk/app/uploads/2023/07/The_Wiltshire_New_Home-105.jpg","The image shows a functional bathroom space."
"Maes y Castell","The Henley","3","https://www.castlegreenhomes.uk/our-developments/north-wales/maes-y-castell/the-henley/","images/7cd6eb23c4c79254fb7bbd22cb40c32d032ec65e0484cb9b14e34258503ff496.jpg","https://www.castlegreenhomes.uk/app/uploads/2025/06/LYC-32.jpg","This is a photograph of a combined kitchen and dining room."
"Maes y Castell","The Henley","3","https://www.castlegreenhomes.uk/our-developments/north-wales/maes-y-castell/the-henley/","images/f251217428457e9b3feb3bb37596cee576c3c08209f005b35c62cd6144326c69.jpg","https://www.castlegreenhomes.uk/app/uploads/2025/06/LYC-33.jpg","This is a photograph of a combined kitchen and dining room."
"Maes y Castell","The Henley","3","https://www.castlegreenhomes.uk/our-developments/north-wales/maes-y-castell/the-henley/","images/62472d2f69fa141ee1628f0afbbad0612e0bab295313400f07201d8a08277de2.jpg","https://www.castlegreenhomes.uk/app/uploads/2025/06/LYC-37.jpg","This is a photograph of a combined kitchen and dining room."
"Maes y Castell","The Henley","3","https://www.castlegreenhomes.uk/our-developments/north-wales/maes-y-castell/the-henley/","images/be966ff4966fc17dccf78d1a3014ee63122e32f8f177c95ffde79953e7fc9e43.jpg","https://www.castlegreenhomes.uk/app/uploads/2025/05/Housetype.CGI-Henley_Render-1024x768.jpg","The image shows the exterior of a residential property."
"Maes y Castell","The Henley","3","https://www.castlegreenhomes.uk/our-developments/north-wales/maes-y-castell/the-henley/","images/00328f980be083c959105ec9d527dbd6d2449cd55530e40a031457c8e67d5183.jpg","https://www.castlegreenhomes.uk/app/uploads/2022/10/TrevelynPlace-6.jpg","This is a photograph of a furnished living room."
"Maes y Castell","The Henley","3","https://www.castlegreenhomes.uk/our-developments/north-wales/maes-y-castell/the-henley/","images/e1042f47c63a8f71d1efff9246670c8a8ece61f5453095c4e572de54d39f259b.jpg","https://www.castlegreenhomes.uk/app/uploads/2022/10/TrevelynPlace01.jpg","This is a photograph of a living room interior."
"Maes y Castell","The Henley","3","https://www.castlegreenhomes.uk/our-developments/north-wales/maes-y-castell/the-henley/","images/d7193da1ca008ba4d30b7883e75908c2cd330183454f3e3301f8e9dbf428fffe.jpg","https://www.castlegreenhomes.uk/app/uploads/2022/10/TrevelynPlace-19.jpg","This is a functional kitchen space."
"Maes y Castell","The Henley","3","https://www.castlegreenhomes.uk/our-developments/north-wales/maes-y-castell/the-henley/","images/9aab5bdb1b927514bc0713db819ff64a38b5efe2a89bd36d709fa9db525d034a.jpg","https://www.castlegreenhomes.uk/app/uploads/2025/01/TrevelynPlace-24.jpg","This is a dedicated dining area."
"Maes y Castell","The Henley","3","https://www.castlegreenhomes.uk/our-developments/north-wales/maes-y-castell/the-henley/","images/427fd16283cae308b7a6cd42805b83794e772dc87a562b6191e57d74896eddd9.jpg","https://www.castlegreenhomes.uk/app/uploads/2022/10/TrevelynPlace-29.jpg","This is a photograph of a furnished bedroom."
"Maes y Castell","The Henley","3","https://www.castlegreenhomes.uk/our-developments/north-wales/maes-y-castell/the-henley/","images/770a25b02d4661db350d834e49237179d6899659998c2e40965605626234fc8a.jpg","https://www.castlegreenhomes.uk/app/uploads/2022/10/TrevelynPlace-51.jpg","This is a residential bathroom."
"Maes y Castell","The Henley","3","https://www.castlegreenhomes.uk/our-developments/north-wales/maes-y-castell/the-henley/","images/319f8c505e240f9e9eaa0308c1e1160b9f4c5990788660f69379c06a028c7a11.jpg","https://www.castlegreenhomes.uk/app/uploads/2022/10/TrevelynPlace-33.jpg","The image shows a furnished bedroom."
"Maes y Castell","The Henley","3","https://www.castlegreenhomes.uk/our-developments/north-wales/maes-y-castell/the-henley/","images/78d7a6fbc838e60fbc22779c5a57bc54e0f252612c95e68808a40e645b9e16fe.jpg","https://www.castlegreenhomes.uk/app/uploads/2025/01/TrevelynPlace-35.jpg","This is a furnished bedroom."
"Maes y Castell","The Henley","3","https://www.castlegreenhomes.uk/our-developments/north-wales/maes-y-castell/the-henley/","images/10204ddbeb9e9eb5949b40114347d83d77572f6a376a6ecdcc9da536814ce4ba.jpg","https://www.castlegreenhomes.uk/app/uploads/2023/07/TrevelynPlace-36.jpg","This is a photograph of a furnished bedroom."
"Maes y Castell","The Henley","3","https://www.castlegreenhomes.uk/our-developments/north-wales/maes-y-castell/the-henley/","images/d91edd43472439d846a8d2cedea8e48f6763ffeb11b4926d1edfcc67fa8a8260.jpg","https://www.castlegreenhomes.uk/app/uploads/2022/10/TrevelynPlace-42.jpg","This is a photograph of a bedroom interior."
"Maes y Castell","The Henley","3","https://www.castlegreenhomes.uk/our-developments/north-wales/maes-y-castell/the-henley/","images/a56fb31d2e626c5e93ba2a8c4431ede03e7d3563aa9eed923162dc3f7d470ffa.jpg","https://www.castlegreenhomes.uk/app/uploads/2025/01/TrevelynPlace-54.jpg","This is a photograph of a bathroom."
"Maes y Castell","The Oxford","3","https://www.castlegreenhomes.uk/our-developments/north-wales/maes-y-castell/the-oxford/","images/00eb6d5fa20c8d00b3dd3a123514c7e943800d152b5a633d5fab143766a54bcf.png","https://www.castlegreenhomes.uk/app/uploads/2022/04/Oxford.png","This is a digital rendering of a property exterior."
"Maes y Castell","The Oxford","3","https://www.castlegreenhomes.uk/our-developments/north-wales/maes-y-castell/the-oxford/","images/583b9c87dbaa51b78e4b797821cd0d5d74688172828cf69fe211bc0855b71086.jpg","https://www.castlegreenhomes.uk/app/uploads/2025/06/the_marlow_llys_y_coed_rhosrobin-31.jpg","The presence of lounge seating and a coffee table identifies this as a living room."
"Maes y Castell","The Oxford","3","https://www.castlegreenhomes.uk/our-developments/north-wales/maes-y-castell/the-oxford/","images/d10b3a4a0f7a1acb2916412a96bb4e81f30329a07b6a1a92b672cfcd220bc02d.jpg","https://www.castlegreenhomes.uk/app/uploads/2025/06/the_marlow_llys_y_coed_rhosrobin-39.jpg","This is a photograph of a functional kitchen space."
"Maes y Castell","The Oxford","3","https://www.castlegreenhomes.uk/our-developments/north-wales/maes-y-castell/the-oxford/","images/d4a89f0e550a21d94ee200afdab7264704eb3adb2291c25db089a0066691f463.jpg","https://www.castlegreenhomes.uk/app/uploads/2025/06/the_marlow_llys_y_coed_rhosrobin-42.jpg","This is a photograph of a furnished room used as a study or dressing area."
"Maes y Castell","The Oxford","3","https://www.castlegreenhomes.uk/our-developments/north-wales/maes-y-castell/the-oxford/","images/ba36e08ae14b87a9de987c230b18aa7a6fa0a569ca8ec82650c501ca0a227b36.jpg","https://www.castlegreenhomes.uk/app/uploads/2025/01/the_marlow_llys_y_coed_rhosrobin_bedroom2.jpg","This is a photograph of a furnished bedroom."
"Maes y Castell","The Oxford","3","https://www.castlegreenhomes.uk/our-developments/north-wales/maes-y-castell/the-oxford/","images/03cdbece8f66e86a9ae35e83eaad635b67d362e14b000cf6d9fcc68c53988fe3.jpg","https://www.castlegreenhomes.uk/app/uploads/2022/04/the_marlow_llys_y_coed_rhosrobin_kitchen.jpg","This is a photograph of a kitchen."
"Maes y Castell","The Oxford","3","https://www.castlegreenhomes.uk/our-developments/north-wales/maes-y-castell/the-oxford/","images/d5f53b2491bb3078c4cbc35f601a8c42795fe2ec099c0c7dead2528337a40dae.jpg","https://www.castlegreenhomes.uk/app/uploads/2025/01/the_marlow_llys_y_coed_rhosrobin_living_room_media-1.jpg","This is a photograph of a living room."
"Maes y Castell","The Oxford","3","https://www.castlegreenhomes.uk/our-developments/north-wales/maes-y-castell/the-oxford/","images/4ea9def5d8ecf566729245ee9c968c4543ecedef2021f87ddbb531db0bc26b4d.jpg","https://www.castlegreenhomes.uk/app/uploads/2025/05/Housetype.CGI-Oxford_Brick-1024x768.jpg","This is a promotional exterior rendering of a residential property."
"Maes y Castell","The Oxford","3","https://www.castlegreenhomes.uk/our-developments/north-wales/maes-y-castell/the-oxford/","images/070893cf2810a9cedbeb9784b02465cf565702a85af179a4f1701eb95e6504a6.jpg","https://www.castlegreenhomes.uk/app/uploads/2023/07/Wentworth-114.jpg","This is a photograph of a kitchen and dining area."
"Maes y Castell","The Oxford","3","https://www.castlegreenhomes.uk/our-developments/north-wales/maes-y-castell/the-oxford/","images/8eb5a73abe7872ef908fa85268f0c72415c688d15ddb07305efa1e2dcc0399f5.jpg","https://www.castlegreenhomes.uk/app/uploads/2023/07/Wentworth-089.jpg","This is a photograph of a kitchen and dining area."
"Maes y Castell","The Oxford","3","https://www.castlegreenhomes.uk/our-developments/north-wales/maes-y-castell/the-oxford/","images/9110547613d91703e7789d3407d430eabe74c38b5392d93713af2696b1d028e5.jpg","https://www.castlegreenhomes.uk/app/uploads/2023/07/Wentworth-086.jpg","The image shows a living room interior."
"Maes y Castell","The Oxford","3","https://www.castlegreenhomes.uk/our-developments/north-wales/maes-y-castell/the-oxford/","images/6c7bbd04e17c605035515cd7d81d6399cae290ab6f4d4d0c2d04c749eaa88d1d.jpg","https://www.castlegreenhomes.uk/app/uploads/2023/07/Wentworth-083.jpg","The image shows a living room interior."
"Maes y Castell","The Oxford","3","https://www.castlegreenhomes.uk/our-developments/north-wales/maes-y-castell/the-oxford/","images/3c95b514504be7d5913d45006cbd956cec5f6c7ce57c32e8859195ed6e9a8edf.jpg","https://www.castlegreenhomes.uk/app/uploads/2023/07/Wentworth-106.jpg","This is a photograph of a furnished bedroom."
"Maes y Castell","The Oxford","3","https://www.castlegreenhomes.uk/our-developments/north-wales/maes-y-castell/the-oxford/","images/df1552e37e4fed4e4c8b4c4dd2b2f996e224a06c1f4545b8f958df2066877db2.jpg","https://www.castlegreenhomes.uk/app/uploads/2023/07/IMG_6683.jpeg","The image shows a functional bathroom with sanitary ware."
"Maes y Castell","The Oxford","3","https://www.castlegreenhomes.uk/our-developments/north-wales/maes-y-castell/the-oxford/","images/76dc553cc15808df93ede6a0efbd51f5a5840a5a259590215e1ad194e8d87bed.jpg","https://www.castlegreenhomes.uk/app/uploads/2023/07/Wentworth-092.jpg","This is a photograph of a furnished bedroom."
"Maes y Castell","The Oxford","3","https://www.castlegreenhomes.uk/our-developments/north-wales/maes-y-castell/the-oxford/","images/890fbc67454d5652b663c5eea537801cae355d4c3ab9e07660e89764da3a68bd.jpg","https://www.castlegreenhomes.uk/app/uploads/2023/07/Wentworth-100.jpg","This is a photograph of a furnished study or home office."
"Maes y Castell","The Oxford","3","https://www.castlegreenhomes.uk/our-developments/north-wales/maes-y-castell/the-oxford/","images/c15c4c37daa24ef4ed6be2e28fd0fac65065d9d2cca95628a002c5028692a85b.jpg","https://www.castlegreenhomes.uk/app/uploads/2023/07/Wentworth-096.jpg","The image shows a fully furnished bathroom."
"Maes y Castell","The Oxford","3","https://www.castlegreenhomes.uk/our-developments/north-wales/maes-y-castell/the-oxford/","images/80f48e6b728faf0c56f7a7d768dd7a14254c85578dc7959c8338e4348669fe6f.jpg","https://www.castlegreenhomes.uk/app/uploads/2025/05/Housetype.CGI-Oxford_Render-1024x768.jpg","This is a promotional exterior rendering of a property."
"Maes y Castell","The Stratford","3","https://www.castlegreenhomes.uk/our-developments/north-wales/maes-y-castell/the-stratford/","images/a6e6e3652264ae617903feab8c3fcd999c6922807b690a0a9ce76756e6f28c7e.jpg","https://www.castlegreenhomes.uk/app/uploads/2025/05/1772215244_Housetype.CGI-Kingsey_Brick_HM-web.jpg","This is a promotional exterior rendering of a property."
"Maes y Castell","The Stratford","3","https://www.castlegreenhomes.uk/our-developments/north-wales/maes-y-castell/the-stratford/","images/05e318f12ec1f4f9b91e7a2740029d51427a2399c7478df2b1a9aa62a1b8675e.jpg","https://www.castlegreenhomes.uk/app/uploads/2025/06/Plot2-TheStratford-4.jpg","This is a photograph of a functional kitchen space."
"Maes y Castell","The Stratford","3","https://www.castlegreenhomes.uk/our-developments/north-wales/maes-y-castell/the-stratford/","images/b446fea5baf20fd15ddbadb2341de9e78b6573b7cc02a67250bab8529c652e8d.jpg","https://www.castlegreenhomes.uk/app/uploads/2025/06/Plot2-TheStratford-7.jpg","This is a photograph of a furnished dining room."
"Maes y Castell","The Stratford","3","https://www.castlegreenhomes.uk/our-developments/north-wales/maes-y-castell/the-stratford/","images/a3f64d111f140b118a60e08f36e489508ca16bf670bea57543427cf54f59e979.jpg","https://www.castlegreenhomes.uk/app/uploads/2025/06/Plot2-TheStratford-9.jpg","This is a photograph of a furnished bedroom."
"Maes y Castell","The Stratford","3","https://www.castlegreenhomes.uk/our-developments/north-wales/maes-y-castell/the-stratford/","images/4b0a32875d98e097fdbfd67c659e7a06aa2412768bbbd3e228a9c65ffb7c16e9.jpg","https://www.castlegreenhomes.uk/app/uploads/2025/06/Plot2-TheStratford-18.jpg","This is a photograph of a furnished bedroom."
"Maes y Castell","The Stratford","3","https://www.castlegreenhomes.uk/our-developments/north-wales/maes-y-castell/the-stratford/","images/c931a6fb1baf38b80f20041101c13c49f727b7e3c91fac4e4efc71d3f73177b1.jpg","https://www.castlegreenhomes.uk/app/uploads/2025/06/Plot2-TheStratford-6.jpg","The image shows a kitchen interior."
"Maes y Castell","The Stratford","3","https://www.castlegreenhomes.uk/our-developments/north-wales/maes-y-castell/the-stratford/","images/5b8bcbe6cac6446b5cdae5d25bb58c3e5adf2b3089c3dad44119239e96bafc90.jpg","https://www.castlegreenhomes.uk/app/uploads/2025/06/Plot2-TheStratford-2.jpg","The image shows a living room interior."
"Maes y Castell","The Stratford","3","https://www.castlegreenhomes.uk/our-developments/north-wales/maes-y-castell/the-stratford/","images/a80c279f096140b7345a32bd0bec7ca7577500542d4144b458ebc305c055dee5.jpg","https://www.castlegreenhomes.uk/app/uploads/2025/06/Plot2-TheStratford-15.jpg","The image shows a furnished bedroom."
"Maes y Castell","The Stratford","3","https://www.castlegreenhomes.uk/our-developments/north-wales/maes-y-castell/the-stratford/","images/4a44e4b91cabf05c7152fd3aa04fbd371d5d335a209dd767dacfeae3e605cc8b.jpg","https://www.castlegreenhomes.uk/app/uploads/2025/06/Plot2-TheStratford-11.jpg","This is a photograph of a furnished bedroom."
"Maes y Castell","The Stratford","3","https://www.castlegreenhomes.uk/our-developments/north-wales/maes-y-castell/the-stratford/","images/226d44ccfec5fb47bc29b83a7d68cb0a09175d21a8f19f3b391726775432d4dc.jpg","https://www.castlegreenhomes.uk/app/uploads/2025/06/Plot2-TheStratford-17.jpg","This is a photograph of a furnished bedroom area."
"Maes y Castell","The Stratford","3","https://www.castlegreenhomes.uk/our-developments/north-wales/maes-y-castell/the-stratford/","images/1be0834010949ac498d7a172fc6291b0150792ea16e560132e4d4a378f130fb1.jpg","https://www.castlegreenhomes.uk/app/uploads/2025/06/Plot2-TheStratford-12.jpg","This is a photograph of a furnished bedroom."
"Maes y Castell","The Stratford","3","https://www.castlegreenhomes.uk/our-developments/north-wales/maes-y-castell/the-stratford/","images/ef67d88bf140ddaa8dff4f42c6350c23c7718e4df8809c7135c3a9b9834a15fa.jpg","https://www.castlegreenhomes.uk/app/uploads/2025/06/Plot2-TheStratford-5-1024x683.jpg","The image shows a functional kitchen space with appliances and cabinetry."
"Maes y Castell","The Stratford","3","https://www.castlegreenhomes.uk/our-developments/north-wales/maes-y-castell/the-stratford/","images/32fccc80eeb368ab4b3c64aec9fb33b7e10faacacf362c6169919f391de027de.jpg","https://www.castlegreenhomes.uk/app/uploads/2025/06/Plot2-TheStratford-8-1-1024x683.jpg","The image shows a furnished bedroom."
"Maes y Castell","The Stratford","3","https://www.castlegreenhomes.uk/our-developments/north-wales/maes-y-castell/the-stratford/","images/5f8b30183e0c727c4a71530b532301ce7b578406f58e46d9988d257ca2a1afff.jpg","https://www.castlegreenhomes.uk/app/uploads/2025/06/Plot2-TheStratford-10-1024x683.jpg","The image shows a furnished bedroom."
"Maes y Castell","The Stratford","3","https://www.castlegreenhomes.uk/our-developments/north-wales/maes-y-castell/the-stratford/","images/51a18ec8dd0d15a2b8ce0541c89e551d2373f12e63535b4241480d3ad3b34f0e.jpg","https://www.castlegreenhomes.uk/app/uploads/2025/06/Plot2-TheStratford-13-1024x683.jpg","The image shows a furnished bedroom with a bed and a study area."
"Maes y Castell","The Beaumont","4","https://www.castlegreenhomes.uk/our-developments/north-wales/maes-y-castell/the-beaumont/","images/07f4aa350a265c8ab1d98aa8c060748fc33f7e08e66beaf1d57a922788a99cba.png","https://www.castlegreenhomes.uk/app/uploads/2025/06/Beaumont.png","This is a promotional exterior rendering of a property."
"Maes y Castell","The Beaumont","4","https://www.castlegreenhomes.uk/our-developments/north-wales/maes-y-castell/the-beaumont/","images/62472d2f69fa141ee1628f0afbbad0612e0bab295313400f07201d8a08277de2.jpg","https://www.castlegreenhomes.uk/app/uploads/2025/06/LYC-37.jpg","This is a photograph of a combined kitchen and dining room."
"Maes y Castell","The Beaumont","4","https://www.castlegreenhomes.uk/our-developments/north-wales/maes-y-castell/the-beaumont/","images/e31d2e83a8b805a22841a3e5bc7381631a6d6cecd035dc18a76a10bc2edbfb4d.jpg","https://www.castlegreenhomes.uk/app/uploads/2023/04/LlysYCoed-122-scaled.jpg","The image shows a furnished bedroom."
"Maes y Castell","The Beaumont","4","https://www.castlegreenhomes.uk/our-developments/north-wales/maes-y-castell/the-beaumont/","images/7cba47d48aff7ee9e8c596b2cddc0702bfe04e29816c09458a3d30d7c80f39b8.jpg","https://www.castlegreenhomes.uk/app/uploads/2023/04/LYC-45-scaled.jpg","The image shows a living room interior."
"Maes y Castell","The Beaumont","4","https://www.castlegreenhomes.uk/our-developments/north-wales/maes-y-castell/the-beaumont/","images/16ecced3aea9dfa770dfd4900f203e3162678655e9394ee8bf8dd482187b775c.jpg","https://www.castlegreenhomes.uk/app/uploads/2023/04/LYC-35-scaled.jpg","The image shows a dining room interior."
"Maes y Castell","The Beaumont","4","https://www.castlegreenhomes.uk/our-developments/north-wales/maes-y-castell/the-beaumont/","images/ba36e08ae14b87a9de987c230b18aa7a6fa0a569ca8ec82650c501ca0a227b36.jpg","https://www.castlegreenhomes.uk/app/uploads/2025/01/the_marlow_llys_y_coed_rhosrobin_bedroom2.jpg","This is a photograph of a furnished bedroom."
"Maes y Castell","The Beaumont","4","https://www.castlegreenhomes.uk/our-developments/north-wales/maes-y-castell/the-beaumont/","images/7cd6eb23c4c79254fb7bbd22cb40c32d032ec65e0484cb9b14e34258503ff496.jpg","https://www.castlegreenhomes.uk/app/uploads/2025/06/LYC-32.jpg","This is a photograph of a combined kitchen and dining room."
"Maes y Castell","The Beaumont","4","https://www.castlegreenhomes.uk/our-developments/north-wales/maes-y-castell/the-beaumont/","images/d4a89f0e550a21d94ee200afdab7264704eb3adb2291c25db089a0066691f463.jpg","https://www.castlegreenhomes.uk/app/uploads/2025/06/the_marlow_llys_y_coed_rhosrobin-42.jpg","This is a photograph of a furnished room used as a study or dressing area."
"Maes y Castell","The Beaumont","4","https://www.castlegreenhomes.uk/our-developments/north-wales/maes-y-castell/the-beaumont/","images/428cf9d97ba5a5a9c8b5eaecfab1a93f4d46d6e26b0ec0e4719e0dad3366a5bf.jpg","https://www.castlegreenhomes.uk/app/uploads/2023/04/LYC-42-scaled.jpg","This is a photograph of a furnished living room."
"Maes y Castell","The Beaumont","4","https://www.castlegreenhomes.uk/our-developments/north-wales/maes-y-castell/the-beaumont/","images/a2b8f1a48f796a31b84a14abebd736cbc45f54c126897053982a623f38e6cff9.jpg","https://www.castlegreenhomes.uk/app/uploads/2024/10/wiltshire_primary_bedroom_ensuite_rydal_view.jpg","This is a photograph of a bathroom."
"Maes y Castell","The Beaumont","4","https://www.castlegreenhomes.uk/our-developments/north-wales/maes-y-castell/the-beaumont/","images/c5537ab0cc621d7c02871718fa60a543d50e1448802c8649bd60139001213f52.jpg","https://www.castlegreenhomes.uk/app/uploads/2025/06/Housetype.CGI-Beaumont_Brick-1024x768.jpg","The image depicts the exterior of a residential property."
"Maes y Castell","The Beaumont","4","https://www.castlegreenhomes.uk/our-developments/north-wales/maes-y-castell/the-beaumont/","images/13c03584976b9e4ea2ef5b3640ca6d6f06cf0eb3199d59a50e9304285c37e403.jpg","https://www.castlegreenhomes.uk/app/uploads/2025/06/Housetype.CGI-Beaumont_Render-1024x768.jpg","The image depicts the exterior of a residential property."
"Maes y Castell","The Beaumont","4","https://www.castlegreenhomes.uk/our-developments/north-wales/maes-y-castell/the-beaumont/","images/00c078e85a221898b6c0b76e04d834b0f2276159a71148a30d208357295c4b8b.jpg","https://www.castlegreenhomes.uk/app/uploads/2023/04/LYC-35-1024x769.jpg","The image shows a furnished dining room area."
"Maes y Castell","The Beaumont","4","https://www.castlegreenhomes.uk/our-developments/north-wales/maes-y-castell/the-beaumont/","images/cd10adae0e0bb86a9cf7a5cc07ff2ca9d041f864667ec1c247167c55a8031f1c.jpg","https://www.castlegreenhomes.uk/app/uploads/2023/04/LYC-36-1024x769.jpg","The image shows a kitchen space with an integrated dining area."
"Maes y Castell","The Beaumont","4","https://www.castlegreenhomes.uk/our-developments/north-wales/maes-y-castell/the-beaumont/","images/914480b571806ac1b4650e0b2f5a73813adb410d8f20ca75919ab9e31a3ff30b.jpg","https://www.castlegreenhomes.uk/app/uploads/2023/04/LYC-38-1024x769.jpg","The image shows a seating area typical of a living room."
"Maes y Castell","The Beaumont","4","https://www.castlegreenhomes.uk/our-developments/north-wales/maes-y-castell/the-beaumont/","images/d398cc728a8f6c948e90c95d66a59ec8e8726bd1376b65a05bb2eab3b256a4c1.jpg","https://www.castlegreenhomes.uk/app/uploads/2023/04/LlysYCoed-123-1024x769.jpg","The image shows a furnished bedroom."
"Maes y Castell","The Beaumont","4","https://www.castlegreenhomes.uk/our-developments/north-wales/maes-y-castell/the-beaumont/","images/7a97f921218695c445e1dc9af15e56726f29e4a99dcffcffa9e3472655afe809.jpg","https://www.castlegreenhomes.uk/app/uploads/2023/04/LYC-28-1024x769.jpg","The image shows a furnished bedroom."
"Maes y Castell","The Beaumont","4","https://www.castlegreenhomes.uk/our-developments/north-wales/maes-y-castell/the-beaumont/","images/3bfc1cdec1d4e1d8ce6dd1a27452f3e60f89894ca8ad3443abfef9a988224a38.jpg","https://www.castlegreenhomes.uk/app/uploads/2023/04/LYC-29-1024x769.jpg","The image depicts a bedroom interior."
"Maes y Castell","The Beaumont","4","https://www.castlegreenhomes.uk/our-developments/north-wales/maes-y-castell/the-beaumont/","images/642211fbf1ae96175ecee093d5364bcb9c2629dda72c4934687ee07334835d2e.jpg","https://www.castlegreenhomes.uk/app/uploads/2023/04/LlysYCoed-124-1024x769.jpg","The image shows a dedicated study or home office space."
"Maes y Castell","The Beaumont","4","https://www.castlegreenhomes.uk/our-developments/north-wales/maes-y-castell/the-beaumont/","images/5f1a317d0f9aeb3fb132c02bde5c7a783e59293151ddc27ce5dbe3c5a215d35d.jpg","https://www.castlegreenhomes.uk/app/uploads/2023/04/LlysYCoed-127-1024x769.jpg","The image shows a dedicated study or home office space."
"Maes y Castell","The Beaumont","4","https://www.castlegreenhomes.uk/our-developments/north-wales/maes-y-castell/the-beaumont/","images/fe28fd2466587f44e9640bb20c0c32f91c7407e91f9cd770ea80c2f3e9146972.jpg","https://www.castlegreenhomes.uk/app/uploads/2023/07/Heaterington-19.jpg","The image depicts a bedroom interior."
"Maes y Castell","The Beaumont","4","https://www.castlegreenhomes.uk/our-developments/north-wales/maes-y-castell/the-beaumont/","images/6ca58f80c73dddcffdec1f680141326b2cee33586c1db18326cc5c2d1e01853c.jpg","https://www.castlegreenhomes.uk/app/uploads/2023/07/Heaterington-21.jpg","The image shows a bedroom with a bed and furniture."
"Maes y Castell","The Wentworth","4","https://www.castlegreenhomes.uk/our-developments/north-wales/maes-y-castell/the-wentworth/","images/915d4560379e88568c24476f3ba6e093ebcc8e45370f661c6036a841f7cbea7d.jpg","https://www.castlegreenhomes.uk/app/uploads/2025/01/Wentworth.jpg","The image depicts the exterior of a residential property."
"Maes y Castell","The Wentworth","4","https://www.castlegreenhomes.uk/our-developments/north-wales/maes-y-castell/the-wentworth/","images/dca55bc701832c7783326a4404e97b5d60895f6ec686d3023634be3ddc28c4a0.jpg","https://www.castlegreenhomes.uk/app/uploads/2025/01/TheWentworth-2.jpg","This is a photograph of a kitchen space."
"Maes y Castell","The Wentworth","4","https://www.castlegreenhomes.uk/our-developments/north-wales/maes-y-castell/the-wentworth/","images/e12167e92bba483a1942282f4e4a4edfaa10dd7e098f98526cbca1859b7c6d6c.jpg","https://www.castlegreenhomes.uk/app/uploads/2025/01/TheWentworth-3.jpg","This is a photograph of a furnished dining room area."
"Maes y Castell","The Wentworth","4","https://www.castlegreenhomes.uk/our-developments/north-wales/maes-y-castell/the-wentworth/","images/9b97f7d4776528b8c2eb9936581aded00f26807098455b693c2c7c1c6c8b3c7b.jpg","https://www.castlegreenhomes.uk/app/uploads/2025/01/TheWentworth-27.jpg","This is a photograph of a living room."
"Maes y Castell","The Wentworth","4","https://www.castlegreenhomes.uk/our-developments/north-wales/maes-y-castell/the-wentworth/","images/a61a3c0cdd8854247f2b90b097fd698fec65a32ff37f52af031c9f8eef849cff.jpg","https://www.castlegreenhomes.uk/app/uploads/2025/06/TheWentworth-7.jpg","The image depicts a combined kitchen and dining area."
"Maes y Castell","The Wentworth","4","https://www.castlegreenhomes.uk/our-developments/north-wales/maes-y-castell/the-wentworth/","images/81eba0d466e02528dd9dbca7a6f577849cfdfa34cc022e01213c0398249df384.jpg","https://www.castlegreenhomes.uk/app/uploads/2025/01/TheWentworth-10.jpg","This is a photograph of a bedroom."
"Maes y Castell","The Wentworth","4","https://www.castlegreenhomes.uk/our-developments/north-wales/maes-y-castell/the-wentworth/","images/4538f78daf7ef0eb58b521117aca54e63a9a898e99fb9f2328cb64a1d1da19d7.jpg","https://www.castlegreenhomes.uk/app/uploads/2025/01/TheWentworth-15.jpg","This is a photograph of a furnished bedroom."
"Maes y Castell","The Wentworth","4","https://www.castlegreenhomes.uk/our-developments/north-wales/maes-y-castell/the-wentworth/","images/01039764406e388f4b23307cffbec8a23e46b19a5bbf555a094fca0715938fb9.jpg","https://www.castlegreenhomes.uk/app/uploads/2025/01/TheWentworth-18.jpg","This is a photograph of a furnished bedroom."
"Maes y Castell","The Wentworth","4","https://www.castlegreenhomes.uk/our-developments/north-wales/maes-y-castell/the-wentworth/","images/9b54f7d63b589ee203e706eea9dca8bd1de94d956e1b68c4db5177609150a7b7.jpg","https://www.castlegreenhomes.uk/app/uploads/2025/01/TheWentworth-20.jpg","This is a photograph of a furnished bedroom."
"Maes y Castell","The Wentworth","4","https://www.castlegreenhomes.uk/our-developments/north-wales/maes-y-castell/the-wentworth/","images/389d291d1f834cc17304cdfc6bd8cd6ecee20570b8c83a928e1c3e3c7d3171c2.jpg","https://www.castlegreenhomes.uk/app/uploads/2025/01/TheWentworth-24.jpg","This is a photograph of a bathroom."
"Maes y Castell","The Wentworth","4","https://www.castlegreenhomes.uk/our-developments/north-wales/maes-y-castell/the-wentworth/","images/f6feee18a30e98c9a689152e7fa89b7d17799d4c521e06b89c2d48e16570064d.jpg","https://www.castlegreenhomes.uk/app/uploads/2025/01/TheWentworth.jpg","This is a photograph of a living room."
"Maes y Castell","The Wentworth","4","https://www.castlegreenhomes.uk/our-developments/north-wales/maes-y-castell/the-wentworth/","images/1e0f7b19c23fd4f05fa923033ea4010ba2f3bb5c798bb5eec596055506d94d8c.jpg","https://www.castlegreenhomes.uk/app/uploads/2025/01/TheWentworth-11.jpg","This is a photograph of a furnished bedroom."
"Maes y Castell","The Wentworth","4","https://www.castlegreenhomes.uk/our-developments/north-wales/maes-y-castell/the-wentworth/","images/79c561cf69216c3a4dc36b2736bea7c8b37fef9f6737df5d688b3db824c022d4.jpg","https://www.castlegreenhomes.uk/app/uploads/2025/01/TheWentworth-14.jpg","This is a photograph of a bathroom."
"Maes y Castell","The Wentworth","4","https://www.castlegreenhomes.uk/our-developments/north-wales/maes-y-castell/the-wentworth/","images/85ecb6a20fbbc0c6e5344424656044762ef76e1198ee590fec5c94a9e0b5f3f8.jpg","https://www.castlegreenhomes.uk/app/uploads/2025/01/TheWentworth-21.jpg","This is a photograph of a furnished bedroom."
"Maes y Castell","The Wentworth","4","https://www.castlegreenhomes.uk/our-developments/north-wales/maes-y-castell/the-wentworth/","images/68358eb595ab6b1ab706e6531c3ebe8d86624fd2ed43b0d42c74bcbafef2ad37.jpg","https://www.castlegreenhomes.uk/app/uploads/2025/01/TheWentworth-22.jpg","This is a photograph of a furnished bedroom."
"Maes y Castell","The Wentworth","4","https://www.castlegreenhomes.uk/our-developments/north-wales/maes-y-castell/the-wentworth/","images/36bc0e64240304022d8e50a398948c107c13a6363bfc055a0d96e44a83c3f06a.jpg","https://www.castlegreenhomes.uk/app/uploads/2025/01/TheWentworth-17.jpg","This is a photograph of a furnished bedroom."
"Maes y Castell","The Windsor","3","https://www.castlegreenhomes.uk/our-developments/north-wales/maes-y-castell/the-windsor/","images/52c82288ead6076649a2805c9f111285458a685b3aaefa4fb76c3bb09c4cd244.png","https://www.castlegreenhomes.uk/app/uploads/2022/12/Windsor.png","The image shows the exterior of a residential property."
"Maes y Castell","The Windsor","3","https://www.castlegreenhomes.uk/our-developments/north-wales/maes-y-castell/the-windsor/","images/5e0d1935eac67b8290a4ff24f431c69d0bbc46bac2cfb2874c72d56bacfcb172.jpg","https://www.castlegreenhomes.uk/app/uploads/2025/06/Rydal-Windsor-10.jpg","The image shows a furnished living area with a sofa and media unit."
"Maes y Castell","The Windsor","3","https://www.castlegreenhomes.uk/our-developments/north-wales/maes-y-castell/the-windsor/","images/94c42752d58218c05899e95a6e5545a6c305d04d6218e9f350103d34fa8b2d96.jpg","https://www.castlegreenhomes.uk/app/uploads/2025/06/Rydal-Windsor-22.jpg","The image shows a fully equipped kitchen."
"Maes y Castell","The Windsor","3","https://www.castlegreenhomes.uk/our-developments/north-wales/maes-y-castell/the-windsor/","images/7626f040914663884c1640506100f1ecb1a45b9b4e38880fc96552e81382a365.jpg","https://www.castlegreenhomes.uk/app/uploads/2025/06/Rydal-Windsor-01.jpg","The image shows a bedroom with a bed and decor."
"Maes y Castell","The Windsor","3","https://www.castlegreenhomes.uk/our-developments/north-wales/maes-y-castell/the-windsor/","images/ccf794d934888ff453b36c964fb0f3b4f4935968be43ad56a708eeecec5690c7.jpg","https://www.castlegreenhomes.uk/app/uploads/2025/06/Rydal-Windsor-6.jpg","The image shows a bedroom with a bed and themed decor."
"Maes y Castell","The Windsor","3","https://www.castlegreenhomes.uk/our-developments/north-wales/maes-y-castell/the-windsor/","images/830408ca7099e3935fe1fa788612c2e3dd2ec0b77be4edfb3ecadeec5fb6a1ef.jpg","https://www.castlegreenhomes.uk/app/uploads/2025/06/Rydal-Windsor-8.jpg","The image shows a bathroom interior."
"Maes y Castell","The Windsor","3","https://www.castlegreenhomes.uk/our-developments/north-wales/maes-y-castell/the-windsor/","images/97050e06c21c3800d2908c0c868dd59f7c110921e8068a0552ccbb110b813379.jpg","https://www.castlegreenhomes.uk/app/uploads/2025/06/Rydal-Windsor-9.jpg","This is a photograph of a furnished bedroom."
"Maes y Castell","The Windsor","3","https://www.castlegreenhomes.uk/our-developments/north-wales/maes-y-castell/the-windsor/","images/9703c688b1febf41216d54f61f254d1fce2f45c9efccc868c8f6b5089d289ae7.jpg","https://www.castlegreenhomes.uk/app/uploads/2025/06/Rydal-Windsor-12.jpg","This is a photograph of a furnished bedroom."
"Maes y Castell","The Windsor","3","https://www.castlegreenhomes.uk/our-developments/north-wales/maes-y-castell/the-windsor/","images/2423d53ea08c27305ca54cc57725a3ae20b1b9000aeef1ba74b6855668c2a240.jpg","https://www.castlegreenhomes.uk/app/uploads/2025/06/Rydal-Windsor-13.jpg","This is a photograph of a furnished bedroom."
"Maes y Castell","The Windsor","3","https://www.castlegreenhomes.uk/our-developments/north-wales/maes-y-castell/the-windsor/","images/7f577d607aebda11eec7bd7acb9b150d96c68fee568f834059bd33a85cf8572d.jpg","https://www.castlegreenhomes.uk/app/uploads/2025/06/Rydal-Windsor-17.jpg","This is a photograph of a hallway."
"Maes y Castell","The Windsor","3","https://www.castlegreenhomes.uk/our-developments/north-wales/maes-y-castell/the-windsor/","images/97b0810b65856fa1a8819cedb4369510c2bb067a9646cbfb2e833d204b9fe4de.jpg","https://www.castlegreenhomes.uk/app/uploads/2025/06/Rydal-Windsor-18.jpg","This is a photograph of a functional bathroom."
"Maes y Castell","The Windsor","3","https://www.castlegreenhomes.uk/our-developments/north-wales/maes-y-castell/the-windsor/","images/b3fac35aadc22521d5a2b3454ffc3e6d8474dc2f48933663b3749cb7ce49b440.jpg","https://www.castlegreenhomes.uk/app/uploads/2025/06/Rydal-Windsor-23.jpg","This is a photograph of a living room area."
"Maes y Castell","The Windsor","3","https://www.castlegreenhomes.uk/our-developments/north-wales/maes-y-castell/the-windsor/","images/af4603e4f450b48b77eae09113b5a2730892e6852853c8e6990a70e18602838f.jpg","https://www.castlegreenhomes.uk/app/uploads/2025/06/Rydal-Windsor-25.jpg","This is a photograph of a living and dining space."
"Maes y Castell","The Windsor","3","https://www.castlegreenhomes.uk/our-developments/north-wales/maes-y-castell/the-windsor/","images/d9858654609485a3d2acccbfb21f6fa88d5d59a43d1ee73d9ba8dc11f07e33b6.jpg","https://www.castlegreenhomes.uk/app/uploads/2025/06/Rydal-Windsor-60.jpg","This is a photograph of a bedroom."
"Maes y Castell","The Windsor","3","https://www.castlegreenhomes.uk/our-developments/north-wales/maes-y-castell/the-windsor/","images/31f0e377f1a3997fd7120afa38575b40c51ba372c4c816fcc698552fcfda6b97.jpg","https://www.castlegreenhomes.uk/app/uploads/2025/06/Rydal-Windsor-63.jpg","The image shows a functional bathroom interior."
"Maes y Castell","The Windsor","3","https://www.castlegreenhomes.uk/our-developments/north-wales/maes-y-castell/the-windsor/","images/9cf8c561072cd98f744a42e7de1bd268743c262e272a80c4176ebd007c303b49.jpg","https://www.castlegreenhomes.uk/app/uploads/2024/05/Trevalyn-Place_Windsor-1024x768.jpg","The image depicts the exterior of a residential property."
"Maes y Castell","The Windsor","3","https://www.castlegreenhomes.uk/our-developments/north-wales/maes-y-castell/the-windsor/","images/4b79c9e0d7da0708fa7d737e83457238ab062a09d810252fc854567ef6c8fde1.jpg","https://www.castlegreenhomes.uk/app/uploads/2025/06/Rydal-Windsor-31.jpg","This is a photograph of a real kitchen interior."
"Maes y Castell","The Windsor","3","https://www.castlegreenhomes.uk/our-developments/north-wales/maes-y-castell/the-windsor/","images/5e3a72afd75f22d557057f2735f8b808d19f87ebfe57aa7d55cc74830ac0ae63.jpg","https://www.castlegreenhomes.uk/app/uploads/2025/06/Rydal-Windsor-19.jpg","This is a photograph of a real kitchen interior."
"Maes y Castell","The Windsor","3","https://www.castlegreenhomes.uk/our-developments/north-wales/maes-y-castell/the-windsor/","images/44d8d9faf770f6f12ea1130cb592fa0d1aa78cc5954ed97ba2a081240330b3df.jpg","https://www.castlegreenhomes.uk/app/uploads/2025/06/Rydal-Windsor-4.jpg","This is a photograph of a real bedroom."
"Maes y Castell","The Windsor","3","https://www.castlegreenhomes.uk/our-developments/north-wales/maes-y-castell/the-windsor/","images/ab252f58bcd8046a8305dbdf9b660b5773803606e1ac8820eeb8d25e69471ee1.jpg","https://www.castlegreenhomes.uk/app/uploads/2025/12/Rydal-Windsor-7-1024x683.jpg","The image shows a furnished bedroom interior."
"Maes y Castell","The Windsor","3","https://www.castlegreenhomes.uk/our-developments/north-wales/maes-y-castell/the-windsor/","images/66a832014a05f756330d4e305a8bd3dc8503894081a5746ae9bf89ac83d07703.jpg","https://www.castlegreenhomes.uk/app/uploads/2025/06/Rydal-Windsor-14.jpg","This is a photograph of a real bedroom."
"Maes y Castell","The Windsor","3","https://www.castlegreenhomes.uk/our-developments/north-wales/maes-y-castell/the-windsor/","images/17ecb403cadd7541755f2ca006d523e00abc63bba70a900084b1bafa52556ea8.jpg","https://www.castlegreenhomes.uk/app/uploads/2025/06/Rydal-Windsor-20.jpg","This is a photograph of a real kitchen and dining area."
"Maes y Castell","The Windsor","3","https://www.castlegreenhomes.uk/our-developments/north-wales/maes-y-castell/the-windsor/","images/f649f7aa94e0ac1195ca16817eb48d1f010c902e1e7bdc809ff46aacbf587367.jpg","https://www.castlegreenhomes.uk/app/uploads/2025/06/Rydal-Windsor-51.jpg","This is a photograph of a furnished living room."
"Maes y Castell","The Windsor","3","https://www.castlegreenhomes.uk/our-developments/north-wales/maes-y-castell/the-windsor/","images/aaf4121ce10cc7c370733a7df356249847eb1e66888f7fbcea53cc35d81bed44.jpg","https://www.castlegreenhomes.uk/app/uploads/2025/06/Rydal-Windsor-15.jpg","This is a photograph of a furnished bedroom."
"Maes y Castell","The Windsor","3","https://www.castlegreenhomes.uk/our-developments/north-wales/maes-y-castell/the-windsor/","images/69398a4eda1113ca8516da42f29668d8b0a137b346a1db46cedfe5ee9039fe44.jpg","https://www.castlegreenhomes.uk/app/uploads/2025/06/Rydal-Windsor-39.jpg","This is a photograph of a furnished kitchen."
"Maes y Castell","The Windsor","3","https://www.castlegreenhomes.uk/our-developments/north-wales/maes-y-castell/the-windsor/","images/57f9cc2f7cfd936343b3aac6633dd06cccfff58c8dda7e4f293377b546a8c60a.jpg","https://www.castlegreenhomes.uk/app/uploads/2025/06/Rydal-Windsor-21.jpg","This is a photograph of a kitchen."
"Maes y Castell","The Windsor","3","https://www.castlegreenhomes.uk/our-developments/north-wales/maes-y-castell/the-windsor/","images/dbf8c637d03ec543835123fe6e5e8af993b8bcaa5e06444137acb73312382bc5.jpg","https://www.castlegreenhomes.uk/app/uploads/2025/06/Rydal-Windsor-26.jpg","This is a photograph of a real utility room."
"Maes y Castell","The Banbury","2","https://www.castlegreenhomes.uk/our-developments/north-wales/maes-y-castell/the-banbury/","images/b3fe3c72cc21b83ba758deadffd0811b1ba7a80733483b8d8a1d0bfff0777165.jpg","https://www.castlegreenhomes.uk/app/uploads/2025/12/Banbury_Abermorddu_Wrexham_indicative.jpg","The image shows the exterior of a residential property."
"Maes y Castell","The Banbury","2","https://www.castlegreenhomes.uk/our-developments/north-wales/maes-y-castell/the-banbury/","images/d10b3a4a0f7a1acb2916412a96bb4e81f30329a07b6a1a92b672cfcd220bc02d.jpg","https://www.castlegreenhomes.uk/app/uploads/2025/06/the_marlow_llys_y_coed_rhosrobin-39.jpg","This is a photograph of a functional kitchen space."
"Maes y Castell","The Banbury","2","https://www.castlegreenhomes.uk/our-developments/north-wales/maes-y-castell/the-banbury/","images/c27ddc1bcd947dee661ab927719b5c3c5289c1ae166ddd7cb6b505194ffb54eb.jpg","https://www.castlegreenhomes.uk/app/uploads/2025/01/the_marlow_llys_y_coed_rhosrobin_primary_bedroom.jpg","The image shows a furnished bedroom."
"Maes y Castell","The Banbury","2","https://www.castlegreenhomes.uk/our-developments/north-wales/maes-y-castell/the-banbury/","images/f20b65a96c5aae62d5bd0179e6ad239d7f32a1feb4a5d305b76cd4ce344e67a2.jpg","https://www.castlegreenhomes.uk/app/uploads/2023/07/LlysYCoed-72.jpg","This is a photograph of a furnished living room."
"Maes y Castell","The Banbury","2","https://www.castlegreenhomes.uk/our-developments/north-wales/maes-y-castell/the-banbury/","images/ba1a41d47aaa473886dc3111d0a3f9f4feb0977c4e52e410ef827bd1c6f5ac15.jpg","https://www.castlegreenhomes.uk/app/uploads/2023/07/LlysYCoed-103.jpg","This is a photograph of a kitchen interior."
"Maes y Castell","The Banbury","2","https://www.castlegreenhomes.uk/our-developments/north-wales/maes-y-castell/the-banbury/","images/f5c7f9c9466158440a898836b9c81085c1890f0905526c9c64284758f0cdd0f9.jpg","https://www.castlegreenhomes.uk/app/uploads/2023/07/LlysYCoed-102.jpg","This is a photograph of a kitchen interior."
"Maes y Castell","The Banbury","2","https://www.castlegreenhomes.uk/our-developments/north-wales/maes-y-castell/the-banbury/","images/ba36e08ae14b87a9de987c230b18aa7a6fa0a569ca8ec82650c501ca0a227b36.jpg","https://www.castlegreenhomes.uk/app/uploads/2025/01/the_marlow_llys_y_coed_rhosrobin_bedroom2.jpg","This is a photograph of a furnished bedroom."
"Maes y Castell","The Banbury","2","https://www.castlegreenhomes.uk/our-developments/north-wales/maes-y-castell/the-banbury/","images/9626efe02bf0f5365f3ec3cf43ff55822113b1277c0acec4bad05a649c688948.jpg","https://www.castlegreenhomes.uk/app/uploads/2023/07/LlysYCoed-87.jpg","This is a photograph of a bedroom vanity setup."
"Maes y Castell","The Banbury","2","https://www.castlegreenhomes.uk/our-developments/north-wales/maes-y-castell/the-banbury/","images/0e5aeb9d59a57cefed9ba1b665fd0bbfc27395ffaaef6572fcc626889f5cce23.jpg","https://www.castlegreenhomes.uk/app/uploads/2021/12/LlysYCoed-29.jpg","This is a photograph of a bathroom."
"Maes y Castell","The Burton","3","https://www.castlegreenhomes.uk/our-developments/north-wales/maes-y-castell/the-burton/","images/d10b3a4a0f7a1acb2916412a96bb4e81f30329a07b6a1a92b672cfcd220bc02d.jpg","https://www.castlegreenhomes.uk/app/uploads/2025/06/the_marlow_llys_y_coed_rhosrobin-39.jpg","This is a photograph of a functional kitchen space."
"Maes y Castell","The Burton","3","https://www.castlegreenhomes.uk/our-developments/north-wales/maes-y-castell/the-burton/","images/c27ddc1bcd947dee661ab927719b5c3c5289c1ae166ddd7cb6b505194ffb54eb.jpg","https://www.castlegreenhomes.uk/app/uploads/2025/01/the_marlow_llys_y_coed_rhosrobin_primary_bedroom.jpg","The image shows a furnished bedroom."
"Maes y Castell","The Burton","3","https://www.castlegreenhomes.uk/our-developments/north-wales/maes-y-castell/the-burton/","images/3e2c0aeb48e2baa58aa2c2a31d8d2cebbcb17843c211d00545f40933c41f43ce.png","https://www.castlegreenhomes.uk/app/uploads/2025/12/Housetype.CGI-5P3B_Brick-Burton-1024x768.png","The image depicts the exterior of a residential property."
"Maes y Castell","The Burton","3","https://www.castlegreenhomes.uk/our-developments/north-wales/maes-y-castell/the-burton/","images/f20b65a96c5aae62d5bd0179e6ad239d7f32a1feb4a5d305b76cd4ce344e67a2.jpg","https://www.castlegreenhomes.uk/app/uploads/2023/07/LlysYCoed-72.jpg","This is a photograph of a furnished living room."
"Maes y Castell","The Burton","3","https://www.castlegreenhomes.uk/our-developments/north-wales/maes-y-castell/the-burton/","images/ba1a41d47aaa473886dc3111d0a3f9f4feb0977c4e52e410ef827bd1c6f5ac15.jpg","https://www.castlegreenhomes.uk/app/uploads/2023/07/LlysYCoed-103.jpg","This is a photograph of a kitchen interior."
"Maes y Castell","The Burton","3","https://www.castlegreenhomes.uk/our-developments/north-wales/maes-y-castell/the-burton/","images/f5c7f9c9466158440a898836b9c81085c1890f0905526c9c64284758f0cdd0f9.jpg","https://www.castlegreenhomes.uk/app/uploads/2023/07/LlysYCoed-102.jpg","This is a photograph of a kitchen interior."
"Maes y Castell","The Burton","3","https://www.castlegreenhomes.uk/our-developments/north-wales/maes-y-castell/the-burton/","images/ba36e08ae14b87a9de987c230b18aa7a6fa0a569ca8ec82650c501ca0a227b36.jpg","https://www.castlegreenhomes.uk/app/uploads/2025/01/the_marlow_llys_y_coed_rhosrobin_bedroom2.jpg","This is a photograph of a furnished bedroom."
"Maes y Castell","The Burton","3","https://www.castlegreenhomes.uk/our-developments/north-wales/maes-y-castell/the-burton/","images/9626efe02bf0f5365f3ec3cf43ff55822113b1277c0acec4bad05a649c688948.jpg","https://www.castlegreenhomes.uk/app/uploads/2023/07/LlysYCoed-87.jpg","This is a photograph of a bedroom vanity setup."
"Maes y Castell","The Burton","3","https://www.castlegreenhomes.uk/our-developments/north-wales/maes-y-castell/the-burton/","images/0e5aeb9d59a57cefed9ba1b665fd0bbfc27395ffaaef6572fcc626889f5cce23.jpg","https://www.castlegreenhomes.uk/app/uploads/2021/12/LlysYCoed-29.jpg","This is a photograph of a bathroom."
"Maes y Castell","The Burton","3","https://www.castlegreenhomes.uk/our-developments/north-wales/maes-y-castell/the-burton/","images/6be271b775bd5824fa31083fac957743e41a8be6cf1aa3347f9e23db62fc9a6a.png","https://www.castlegreenhomes.uk/app/uploads/2025/12/Housetype.CGI-5P3B_Brick-Burton-2048x1536.png","This is a promotional exterior rendering of a property."
"Maes y Castell","The Buxton","3","https://www.castlegreenhomes.uk/our-developments/north-wales/maes-y-castell/the-buxton/","images/d10b3a4a0f7a1acb2916412a96bb4e81f30329a07b6a1a92b672cfcd220bc02d.jpg","https://www.castlegreenhomes.uk/app/uploads/2025/06/the_marlow_llys_y_coed_rhosrobin-39.jpg","This is a photograph of a functional kitchen space."
"Maes y Castell","The Buxton","3","https://www.castlegreenhomes.uk/our-developments/north-wales/maes-y-castell/the-buxton/","images/c27ddc1bcd947dee661ab927719b5c3c5289c1ae166ddd7cb6b505194ffb54eb.jpg","https://www.castlegreenhomes.uk/app/uploads/2025/01/the_marlow_llys_y_coed_rhosrobin_primary_bedroom.jpg","The image shows a furnished bedroom."
"Maes y Castell","The Buxton","3","https://www.castlegreenhomes.uk/our-developments/north-wales/maes-y-castell/the-buxton/","images/797e86e87f6312229df3d99afa221c6e27ca697eb6cb6554509a8e6db5eecd3e.png","https://www.castlegreenhomes.uk/app/uploads/2025/12/Housetype.CGI-5P3B_4P2B_4Block_Ver2_Brick-Buxton-1024x768.png","This is a digital rendering of the exterior of a property."
"Maes y Castell","The Buxton","3","https://www.castlegreenhomes.uk/our-developments/north-wales/maes-y-castell/the-buxton/","images/f20b65a96c5aae62d5bd0179e6ad239d7f32a1feb4a5d305b76cd4ce344e67a2.jpg","https://www.castlegreenhomes.uk/app/uploads/2023/07/LlysYCoed-72.jpg","This is a photograph of a furnished living room."
"Maes y Castell","The Buxton","3","https://www.castlegreenhomes.uk/our-developments/north-wales/maes-y-castell/the-buxton/","images/ba1a41d47aaa473886dc3111d0a3f9f4feb0977c4e52e410ef827bd1c6f5ac15.jpg","https://www.castlegreenhomes.uk/app/uploads/2023/07/LlysYCoed-103.jpg","This is a photograph of a kitchen interior."
"Maes y Castell","The Buxton","3","https://www.castlegreenhomes.uk/our-developments/north-wales/maes-y-castell/the-buxton/","images/f5c7f9c9466158440a898836b9c81085c1890f0905526c9c64284758f0cdd0f9.jpg","https://www.castlegreenhomes.uk/app/uploads/2023/07/LlysYCoed-102.jpg","This is a photograph of a kitchen interior."
"Maes y Castell","The Buxton","3","https://www.castlegreenhomes.uk/our-developments/north-wales/maes-y-castell/the-buxton/","images/ba36e08ae14b87a9de987c230b18aa7a6fa0a569ca8ec82650c501ca0a227b36.jpg","https://www.castlegreenhomes.uk/app/uploads/2025/01/the_marlow_llys_y_coed_rhosrobin_bedroom2.jpg","This is a photograph of a furnished bedroom."
"Maes y Castell","The Buxton","3","https://www.castlegreenhomes.uk/our-developments/north-wales/maes-y-castell/the-buxton/","images/9626efe02bf0f5365f3ec3cf43ff55822113b1277c0acec4bad05a649c688948.jpg","https://www.castlegreenhomes.uk/app/uploads/2023/07/LlysYCoed-87.jpg","This is a photograph of a bedroom vanity setup."
"Maes y Castell","The Buxton","3","https://www.castlegreenhomes.uk/our-developments/north-wales/maes-y-castell/the-buxton/","images/0e5aeb9d59a57cefed9ba1b665fd0bbfc27395ffaaef6572fcc626889f5cce23.jpg","https://www.castlegreenhomes.uk/app/uploads/2021/12/LlysYCoed-29.jpg","This is a photograph of a bathroom."
"Maes y Castell","The Buxton","3","https://www.castlegreenhomes.uk/our-developments/north-wales/maes-y-castell/the-buxton/","images/48dd8b1fe844385eedf64bf3faf3432f6300bdb175714e5df5a994fd455fd5c2.png","https://www.castlegreenhomes.uk/app/uploads/2025/12/Housetype.CGI-5P3B_4P2B_4Block_Ver2_Brick-Buxton-2048x1536.png","This is a promotional exterior rendering of a property."
"Maes y Castell","Maes y Castell","","https://www.castlegreenhomes.uk/our-developments/north-wales/maes-y-castell/","images/b3324845b062d842eeed2357aa45d2d83bc832d5c6d0e1507f3bff74f8e5e39b.jpg","https://www.castlegreenhomes.uk/app/uploads/2024/03/Maes_y_Castell_Abermorddu_web.jpg","The image shows the exterior setting of a housing development."
"Maes y Castell","Maes y Castell","","https://www.castlegreenhomes.uk/our-developments/north-wales/maes-y-castell/","images/16f411b97b7efe353cb63c5123c0543bbb32a475a35cc0475ac651de65a9af20.jpg","https://www.castlegreenhomes.uk/app/uploads/2024/03/Maes_y_Castell_Abermorddu_web-1024x576.jpg","The image shows the exterior setting of a housing development."
"Maes y Castell","Maes y Castell","","https://www.castlegreenhomes.uk/our-developments/north-wales/maes-y-castell/","images/32fccc80eeb368ab4b3c64aec9fb33b7e10faacacf362c6169919f391de027de.jpg","https://www.castlegreenhomes.uk/app/uploads/2025/06/Plot2-TheStratford-8-1-1024x683.jpg","The image shows a furnished bedroom."
"Maes y Castell","Maes y Castell","","https://www.castlegreenhomes.uk/our-developments/north-wales/maes-y-castell/","images/b446fea5baf20fd15ddbadb2341de9e78b6573b7cc02a67250bab8529c652e8d.jpg","https://www.castlegreenhomes.uk/app/uploads/2025/06/Plot2-TheStratford-7.jpg","This is a photograph of a furnished dining room."
"Maes y Castell","Maes y Castell","","https://www.castlegreenhomes.uk/our-developments/north-wales/maes-y-castell/","images/ab252f58bcd8046a8305dbdf9b660b5773803606e1ac8820eeb8d25e69471ee1.jpg","https://www.castlegreenhomes.uk/app/uploads/2025/12/Rydal-Windsor-7-1024x683.jpg","The image shows a furnished bedroom interior."
"Maes y Castell","Maes y Castell","","https://www.castlegreenhomes.uk/our-developments/north-wales/maes-y-castell/","images/31f0e377f1a3997fd7120afa38575b40c51ba372c4c816fcc698552fcfda6b97.jpg","https://www.castlegreenhomes.uk/app/uploads/2025/06/Rydal-Windsor-63.jpg","The image shows a functional bathroom interior."
"Maes y Castell","Maes y Castell","","https://www.castlegreenhomes.uk/our-developments/north-wales/maes-y-castell/","images/05e318f12ec1f4f9b91e7a2740029d51427a2399c7478df2b1a9aa62a1b8675e.jpg","https://www.castlegreenhomes.uk/app/uploads/2025/06/Plot2-TheStratford-4.jpg","This is a photograph of a functional kitchen space."
"Maes y Castell","Maes y Castell","","https://www.castlegreenhomes.uk/our-developments/north-wales/maes-y-castell/","images/17ecb403cadd7541755f2ca006d523e00abc63bba70a900084b1bafa52556ea8.jpg","https://www.castlegreenhomes.uk/app/uploads/2025/06/Rydal-Windsor-20.jpg","This is a photograph of a real kitchen and dining area."
"Maes y Castell","Maes y Castell","","https://www.castlegreenhomes.uk/our-developments/north-wales/maes-y-castell/","images/5e3a72afd75f22d557057f2735f8b808d19f87ebfe57aa7d55cc74830ac0ae63.jpg","https://www.castlegreenhomes.uk/app/uploads/2025/06/Rydal-Windsor-19.jpg","This is a photograph of a real kitchen interior."
"Maes y Castell","Maes y Castell","","https://www.castlegreenhomes.uk/our-developments/north-wales/maes-y-castell/","images/dbf8c637d03ec543835123fe6e5e8af993b8bcaa5e06444137acb73312382bc5.jpg","https://www.castlegreenhomes.uk/app/uploads/2025/06/Rydal-Windsor-26.jpg","This is a photograph of a real utility room."
"Maes y Castell","Maes y Castell","","https://www.castlegreenhomes.uk/our-developments/north-wales/maes-y-castell/","images/e4c138a4df7991fe4eecd88bb9fcdcab05cd7ac6595882fbcd55b4de628b29bc.jpg","https://www.castlegreenhomes.uk/app/uploads/2025/06/Rydal-Windsor-61.jpg","This is a photograph of a real bathroom."
"Maes y Castell","Maes y Castell","","https://www.castlegreenhomes.uk/our-developments/north-wales/maes-y-castell/","images/4a44e4b91cabf05c7152fd3aa04fbd371d5d335a209dd767dacfeae3e605cc8b.jpg","https://www.castlegreenhomes.uk/app/uploads/2025/06/Plot2-TheStratford-11.jpg","This is a photograph of a furnished bedroom."
"Woodland Manor","The Brownlow","2","https://www.castlegreenhomes.uk/our-developments/north-west/woodland-manor/the-brownlow/","images/03390c4367c1d190e232ff5122985885c1f7160944647c001effc03ca27928fc.png","https://www.castlegreenhomes.uk/app/uploads/2025/03/WoodlandManor-Plots-8-11.png","This is a digital rendering of the exterior of a property."
"Woodland Manor","The Brownlow","2","https://www.castlegreenhomes.uk/our-developments/north-west/woodland-manor/the-brownlow/","images/9dc90c189269b120b93e5f114ce7fe1469a89408f1ddf97b30448a8ab43bc6c1.jpg","https://www.castlegreenhomes.uk/app/uploads/2024/04/StockPlot_-4.jpg","This is a photograph of a furnished kitchen and dining space."
"Woodland Manor","The Brownlow","2","https://www.castlegreenhomes.uk/our-developments/north-west/woodland-manor/the-brownlow/","images/0e206c808b23b393f4bc6951a2dd8de14c71facc278b44ee6f316efd6a0e94f2.jpg","https://www.castlegreenhomes.uk/app/uploads/2024/04/StockPlot_-14.jpg","This is a photograph of a furnished bedroom."
"Woodland Manor","The Brownlow","2","https://www.castlegreenhomes.uk/our-developments/north-west/woodland-manor/the-brownlow/","images/8d1ad5b325c3214d2f739ef4cf12ba5cb48df4b924e4e474c8b7a8c13c3ca60b.jpg","https://www.castlegreenhomes.uk/app/uploads/2024/04/StockPlot_-25.jpg","This is a photograph of a furnished living room."
"Woodland Manor","The Brownlow","2","https://www.castlegreenhomes.uk/our-developments/north-west/woodland-manor/the-brownlow/","images/68b1cda8ae2f64ce354e47423d44ef301fa694c1f4be9463b63716bb688fe5cd.jpg","https://www.castlegreenhomes.uk/app/uploads/2025/03/StockPlot_-18.jpg","This is a photograph of a dining room area."
"Woodland Manor","The Brownlow","2","https://www.castlegreenhomes.uk/our-developments/north-west/woodland-manor/the-brownlow/","images/041a40a9f117a7f81f1cf0d6107ad0b4ee8d84d90815c193e05b2f6e12d3951d.png","https://www.castlegreenhomes.uk/app/uploads/2025/03/WoodlandManor-Plots-8-11-1024x768.png","This is an exterior view of a residential property."
"Woodland Manor","The Brownlow","2","https://www.castlegreenhomes.uk/our-developments/north-west/woodland-manor/the-brownlow/","images/693dfe633700e99e5c52655761c80988658b7fc0a67c5736cb364c9089a9fe5c.jpg","https://www.castlegreenhomes.uk/app/uploads/2024/04/StockPlot_-01.jpg","This is a photograph of a furnished living room."
"Woodland Manor","The Brownlow","2","https://www.castlegreenhomes.uk/our-developments/north-west/woodland-manor/the-brownlow/","images/c0ebed24e193ba6308a2fe63bb6c5352178775b05d68a172491a47ac3766b0c8.jpg","https://www.castlegreenhomes.uk/app/uploads/2024/04/StockPlot_-9.jpg","This is a photograph of a furnished bedroom."
"Woodland Manor","The Brownlow","2","https://www.castlegreenhomes.uk/our-developments/north-west/woodland-manor/the-brownlow/","images/67118722d1efe5876f2e00c92f2ce492819ca450ade7258125cef7f87bd19710.jpg","https://www.castlegreenhomes.uk/app/uploads/2024/04/StockPlot_-12.jpg","This is a photograph of a furnished bedroom."
"Woodland Manor","The Brownlow","2","https://www.castlegreenhomes.uk/our-developments/north-west/woodland-manor/the-brownlow/","images/f967778f4f93ed9b304e60a41fa1b7bb4f2a8531c8d813e047d10527652820c6.jpg","https://www.castlegreenhomes.uk/app/uploads/2024/04/StockPlot_-28.jpg","This is a photograph of a furnished bedroom."
"Woodland Manor","The Brownlow","2","https://www.castlegreenhomes.uk/our-developments/north-west/woodland-manor/the-brownlow/","images/4639eb5f5c85da2521e9e7722ce266e3fdb6c3a8279fa8d289982f03238023fb.jpg","https://www.castlegreenhomes.uk/app/uploads/2024/04/StockPlot_-3.jpg","This is a photograph of a kitchen and dining area."
"Woodland Manor","The Astbury","3","https://www.castlegreenhomes.uk/our-developments/north-west/woodland-manor/the-astbury/","images/03390c4367c1d190e232ff5122985885c1f7160944647c001effc03ca27928fc.png","https://www.castlegreenhomes.uk/app/uploads/2025/03/WoodlandManor-Plots-8-11.png","This is a digital rendering of the exterior of a property."
"Woodland Manor","The Astbury","3","https://www.castlegreenhomes.uk/our-developments/north-west/woodland-manor/the-astbury/","images/8d1ad5b325c3214d2f739ef4cf12ba5cb48df4b924e4e474c8b7a8c13c3ca60b.jpg","https://www.castlegreenhomes.uk/app/uploads/2024/04/StockPlot_-25.jpg","This is a photograph of a furnished living room."
"Woodland Manor","The Astbury","3","https://www.castlegreenhomes.uk/our-developments/north-west/woodland-manor/the-astbury/","images/c0ebed24e193ba6308a2fe63bb6c5352178775b05d68a172491a47ac3766b0c8.jpg","https://www.castlegreenhomes.uk/app/uploads/2024/04/StockPlot_-9.jpg","This is a photograph of a furnished bedroom."
"Woodland Manor","The Astbury","3","https://www.castlegreenhomes.uk/our-developments/north-west/woodland-manor/the-astbury/","images/68b1cda8ae2f64ce354e47423d44ef301fa694c1f4be9463b63716bb688fe5cd.jpg","https://www.castlegreenhomes.uk/app/uploads/2025/03/StockPlot_-18.jpg","This is a photograph of a dining room area."
"Woodland Manor","The Astbury","3","https://www.castlegreenhomes.uk/our-developments/north-west/woodland-manor/the-astbury/","images/69740d265d97c968a42bbdb01e750e982f71e6ca2f45d01c08f5d8c9cb2869a8.jpg","https://www.castlegreenhomes.uk/app/uploads/2024/04/StockPlot_-29.jpg","This is a photograph of a furnished bedroom."
"Woodland Manor","The Astbury","3","https://www.castlegreenhomes.uk/our-developments/north-west/woodland-manor/the-astbury/","images/041a40a9f117a7f81f1cf0d6107ad0b4ee8d84d90815c193e05b2f6e12d3951d.png","https://www.castlegreenhomes.uk/app/uploads/2025/03/WoodlandManor-Plots-8-11-1024x768.png","This is an exterior view of a residential property."
"Woodland Manor","The Astbury","3","https://www.castlegreenhomes.uk/our-developments/north-west/woodland-manor/the-astbury/","images/4639eb5f5c85da2521e9e7722ce266e3fdb6c3a8279fa8d289982f03238023fb.jpg","https://www.castlegreenhomes.uk/app/uploads/2024/04/StockPlot_-3.jpg","This is a photograph of a kitchen and dining area."
"Woodland Manor","The Astbury","3","https://www.castlegreenhomes.uk/our-developments/north-west/woodland-manor/the-astbury/","images/693dfe633700e99e5c52655761c80988658b7fc0a67c5736cb364c9089a9fe5c.jpg","https://www.castlegreenhomes.uk/app/uploads/2024/04/StockPlot_-01.jpg","This is a photograph of a furnished living room."
"Woodland Manor","The Astbury","3","https://www.castlegreenhomes.uk/our-developments/north-west/woodland-manor/the-astbury/","images/67118722d1efe5876f2e00c92f2ce492819ca450ade7258125cef7f87bd19710.jpg","https://www.castlegreenhomes.uk/app/uploads/2024/04/StockPlot_-12.jpg","This is a photograph of a furnished bedroom."
"Woodland Manor","The Astbury","3","https://www.castlegreenhomes.uk/our-developments/north-west/woodland-manor/the-astbury/","images/0e206c808b23b393f4bc6951a2dd8de14c71facc278b44ee6f316efd6a0e94f2.jpg","https://www.castlegreenhomes.uk/app/uploads/2024/04/StockPlot_-14.jpg","This is a photograph of a furnished bedroom."
"Woodland Manor","The Astbury","3","https://www.castlegreenhomes.uk/our-developments/north-west/woodland-manor/the-astbury/","images/1be0834010949ac498d7a172fc6291b0150792ea16e560132e4d4a378f130fb1.jpg","https://www.castlegreenhomes.uk/app/uploads/2025/06/Plot2-TheStratford-12.jpg","This is a photograph of a furnished bedroom."
"Woodland Manor","The Astbury","3","https://www.castlegreenhomes.uk/our-developments/north-west/woodland-manor/the-astbury/","images/4a44e4b91cabf05c7152fd3aa04fbd371d5d335a209dd767dacfeae3e605cc8b.jpg","https://www.castlegreenhomes.uk/app/uploads/2025/06/Plot2-TheStratford-11.jpg","This is a photograph of a furnished bedroom."
"Woodland Manor","The Marlow","3","https://www.castlegreenhomes.uk/our-developments/north-west/woodland-manor/the-marlow/","images/a916deca8b39ce6ddd22eafc9798e2bb215111c54639b8255fc7463017e1f034.png","https://www.castlegreenhomes.uk/app/uploads/2024/06/WoodlandManor-Marlow-AC-Render_02.png","This is an exterior view of a residential property."
"Woodland Manor","The Marlow","3","https://www.castlegreenhomes.uk/our-developments/north-west/woodland-manor/the-marlow/","images/c27ddc1bcd947dee661ab927719b5c3c5289c1ae166ddd7cb6b505194ffb54eb.jpg","https://www.castlegreenhomes.uk/app/uploads/2025/01/the_marlow_llys_y_coed_rhosrobin_primary_bedroom.jpg","The image shows a furnished bedroom."
"Woodland Manor","The Marlow","3","https://www.castlegreenhomes.uk/our-developments/north-west/woodland-manor/the-marlow/","images/ba36e08ae14b87a9de987c230b18aa7a6fa0a569ca8ec82650c501ca0a227b36.jpg","https://www.castlegreenhomes.uk/app/uploads/2025/01/the_marlow_llys_y_coed_rhosrobin_bedroom2.jpg","This is a photograph of a furnished bedroom."
"Woodland Manor","The Marlow","3","https://www.castlegreenhomes.uk/our-developments/north-west/woodland-manor/the-marlow/","images/d5f53b2491bb3078c4cbc35f601a8c42795fe2ec099c0c7dead2528337a40dae.jpg","https://www.castlegreenhomes.uk/app/uploads/2025/01/the_marlow_llys_y_coed_rhosrobin_living_room_media-1.jpg","This is a photograph of a living room."
"Woodland Manor","The Marlow","3","https://www.castlegreenhomes.uk/our-developments/north-west/woodland-manor/the-marlow/","images/d4a89f0e550a21d94ee200afdab7264704eb3adb2291c25db089a0066691f463.jpg","https://www.castlegreenhomes.uk/app/uploads/2025/06/the_marlow_llys_y_coed_rhosrobin-42.jpg","This is a photograph of a furnished room used as a study or dressing area."
"Woodland Manor","The Marlow","3","https://www.castlegreenhomes.uk/our-developments/north-west/woodland-manor/the-marlow/","images/346dd7d1a84e894452b84aa3390e8c80d58c3bce979ec668cede3d16791e7906.png","https://www.castlegreenhomes.uk/app/uploads/2024/06/WoodlandManor-Marlow-AC-Brick_02.png","This is a computer-generated exterior view of a residential property."
"Woodland Manor","The Marlow","3","https://www.castlegreenhomes.uk/our-developments/north-west/woodland-manor/the-marlow/","images/e0a24c0b495f32688f55b00e8c7739ec50deff92e3e10174ea6354585c1158af.jpg","https://www.castlegreenhomes.uk/app/uploads/2025/01/the_marlow_llys_y_coed_rhosrobin-1.jpg","This is a photograph of a furnished bedroom."
"Woodland Manor","The Marlow","3","https://www.castlegreenhomes.uk/our-developments/north-west/woodland-manor/the-marlow/","images/d10b3a4a0f7a1acb2916412a96bb4e81f30329a07b6a1a92b672cfcd220bc02d.jpg","https://www.castlegreenhomes.uk/app/uploads/2025/06/the_marlow_llys_y_coed_rhosrobin-39.jpg","This is a photograph of a functional kitchen space."
"Woodland Manor","The Marlow","3","https://www.castlegreenhomes.uk/our-developments/north-west/woodland-manor/the-marlow/","images/ba1a41d47aaa473886dc3111d0a3f9f4feb0977c4e52e410ef827bd1c6f5ac15.jpg","https://www.castlegreenhomes.uk/app/uploads/2023/07/LlysYCoed-103.jpg","This is a photograph of a kitchen interior."
"Woodland Manor","The Marlow","3","https://www.castlegreenhomes.uk/our-developments/north-west/woodland-manor/the-marlow/","images/a14a0d93f82980f2f50ebc1acfcca0de6cab612210fc3eeb6f64e05e439b4a0b.jpg","https://www.castlegreenhomes.uk/app/uploads/2023/07/LlysYCoed-94.jpg","This is a photograph of a furnished living room."
"Woodland Manor","The Marlow","3","https://www.castlegreenhomes.uk/our-developments/north-west/woodland-manor/the-marlow/","images/f20b65a96c5aae62d5bd0179e6ad239d7f32a1feb4a5d305b76cd4ce344e67a2.jpg","https://www.castlegreenhomes.uk/app/uploads/2023/07/LlysYCoed-72.jpg","This is a photograph of a furnished living room."
"Woodland Manor","The Marlow","3","https://www.castlegreenhomes.uk/our-developments/north-west/woodland-manor/the-marlow/","images/9626efe02bf0f5365f3ec3cf43ff55822113b1277c0acec4bad05a649c688948.jpg","https://www.castlegreenhomes.uk/app/uploads/2023/07/LlysYCoed-87.jpg","This is a photograph of a bedroom vanity setup."
"Woodland Manor","The Oxford","3","https://www.castlegreenhomes.uk/our-developments/north-west/woodland-manor/the-oxford/","images/410b2748f8a7a338d175b3bfd06fcce2d11801ad0fb082fb76aedb9a6178fee5.png","https://www.castlegreenhomes.uk/app/uploads/2025/02/WoodlandManor-Oxford-AC-Render_02.png","This is an exterior view of a residential property."
"Woodland Manor","The Oxford","3","https://www.castlegreenhomes.uk/our-developments/north-west/woodland-manor/the-oxford/","images/0e443a251565c129ec08e5d671252d2a338cc048f592be47a9f1a22b5b6e2bd8.jpg","https://www.castlegreenhomes.uk/app/uploads/2025/05/TheOxford-5.jpg","This is a photograph of a real living room."
"Woodland Manor","The Oxford","3","https://www.castlegreenhomes.uk/our-developments/north-west/woodland-manor/the-oxford/","images/2dd2d21c582735f57b6adc2c167a90f0f642f02e1e46c5b9ebdafb95a2b3a562.jpg","https://www.castlegreenhomes.uk/app/uploads/2025/05/TheOxford-18.jpg","This is a photograph of a bedroom."
"Woodland Manor","The Oxford","3","https://www.castlegreenhomes.uk/our-developments/north-west/woodland-manor/the-oxford/","images/7fccf35d427f15b1f767ef7f519e1293ffddf1f0cbc4df92a14017b298309605.jpg","https://www.castlegreenhomes.uk/app/uploads/2025/11/TheOxford-4.jpg","This is an interior photograph of a dining room."
"Woodland Manor","The Oxford","3","https://www.castlegreenhomes.uk/our-developments/north-west/woodland-manor/the-oxford/","images/8bd03dad31e1ecd6b390be6231e4090a1f9f29d5da36cf0ecb9dcbd219c3a98c.png","https://www.castlegreenhomes.uk/app/uploads/2025/02/WoodlandManor-Oxford-AC-Brick_02.png","This is a computer-generated exterior view of a residential property."
"Woodland Manor","The Oxford","3","https://www.castlegreenhomes.uk/our-developments/north-west/woodland-manor/the-oxford/","images/bbb3912a41768a750c0d0a1f15dbec26603e7da0221923cc699be847b7590f05.jpg","https://www.castlegreenhomes.uk/app/uploads/2025/05/TheOxford-13.jpg","This is a photograph of a living room interior."
"Woodland Manor","The Oxford","3","https://www.castlegreenhomes.uk/our-developments/north-west/woodland-manor/the-oxford/","images/9afbd90fc622b6eceb570f01c49ff48a5cf499793ff878856104491dd32da4a5.jpg","https://www.castlegreenhomes.uk/app/uploads/2025/11/TheOxford-14.jpg","This is a photograph of a furnished living space."
"Woodland Manor","The Oxford","3","https://www.castlegreenhomes.uk/our-developments/north-west/woodland-manor/the-oxford/","images/d05370792d481b395ff07e88155e533dfb32151663cb3255b72fd376a2ff3c60.jpg","https://www.castlegreenhomes.uk/app/uploads/2025/05/TheOxford-10.jpg","This is a photograph of a furnished kitchen."
"Woodland Manor","The Oxford","3","https://www.castlegreenhomes.uk/our-developments/north-west/woodland-manor/the-oxford/","images/e802720a1242add55d8e71bdc361cd6f54e174cd96337dd3bf313a9011fcc8af.jpg","https://www.castlegreenhomes.uk/app/uploads/2025/05/TheOxford-12.jpg","This is a photograph of a kitchen interior."
"Woodland Manor","The Oxford","3","https://www.castlegreenhomes.uk/our-developments/north-west/woodland-manor/the-oxford/","images/76a5c71866e4d4e11ddf6512cfc2a3e0010133ef47719061c026ac663109e187.jpg","https://www.castlegreenhomes.uk/app/uploads/2025/05/TheOxford-11.jpg","The image shows a dining room setup."
"Woodland Manor","The Oxford","3","https://www.castlegreenhomes.uk/our-developments/north-west/woodland-manor/the-oxford/","images/e19a42e7d9bc8032300165857a2d05de144bde9b6ae700ef475116061190bea7.jpg","https://www.castlegreenhomes.uk/app/uploads/2025/05/TheOxford-29.jpg","The image shows a bedroom setting."
"Woodland Manor","The Oxford","3","https://www.castlegreenhomes.uk/our-developments/north-west/woodland-manor/the-oxford/","images/be8be45d9f9c94616538c5688348c90324b103aa7e10ec2e7ac03d0aae7d6aac.jpg","https://www.castlegreenhomes.uk/app/uploads/2025/11/TheOxford-20.jpg","This is a photograph of a furnished bedroom."
"Woodland Manor","The Oxford","3","https://www.castlegreenhomes.uk/our-developments/north-west/woodland-manor/the-oxford/","images/9d060feea9f3f35951b246f8ef5f8f6aa46bd9523cfdcb470167e3417fe656aa.jpg","https://www.castlegreenhomes.uk/app/uploads/2025/11/TheOxford-24.jpg","The image shows a furnished bedroom."
"Woodland Manor","The Oxford","3","https://www.castlegreenhomes.uk/our-developments/north-west/woodland-manor/the-oxford/","images/708f891ba1a952a3213376c31d2e6b221a9900c8c2666a2233dcf87f801c39af.jpg","https://www.castlegreenhomes.uk/app/uploads/2025/05/TheOxford-25.jpg","This is a photograph of a furnished nursery."
"Woodland Manor","The Oxford","3","https://www.castlegreenhomes.uk/our-developments/north-west/woodland-manor/the-oxford/","images/c761ea7e290657156aac09b67bffa5dc2adc808edb8863feb46adb191019ea31.jpg","https://www.castlegreenhomes.uk/app/uploads/2025/11/TheOxford-17.jpg","This is a photograph of a furnished nursery room."
"Woodland Manor","The Henley","3","https://www.castlegreenhomes.uk/our-developments/north-west/woodland-manor/the-henley/","images/ed3b898b81f8c8ba5dbed1e8d90d1ffa44b93a43149bd5d6cd1f6c263155a838.png","https://www.castlegreenhomes.uk/app/uploads/2024/06/WoodlandManor-Henley-AC-Brick_02.png","This is a computer-generated exterior view of a residential property."
"Woodland Manor","The Henley","3","https://www.castlegreenhomes.uk/our-developments/north-west/woodland-manor/the-henley/","images/0a52616f44cc6300722b88e67b56a8bc25df69f2a17a98d0e4de5dd2f4394ba8.jpg","https://www.castlegreenhomes.uk/app/uploads/2025/01/TheStratford-32.jpg","This is a photograph of a dining room."
"Woodland Manor","The Henley","3","https://www.castlegreenhomes.uk/our-developments/north-west/woodland-manor/the-henley/","images/c40fd7bed8f65a4067fc293337142e6ec986244e9d9b290a34992e0ece5052bc.jpg","https://www.castlegreenhomes.uk/app/uploads/2025/01/TheStratford-1.jpg","This is a photograph of a furnished living room."
"Woodland Manor","The Henley","3","https://www.castlegreenhomes.uk/our-developments/north-west/woodland-manor/the-henley/","images/1acfab8dc4a7dc8c2e52957f19d1330e1933f06200f5eb61986804a53604a8b8.jpg","https://www.castlegreenhomes.uk/app/uploads/2025/01/TheStratford-19.jpg","This is a photograph of a kitchen."
"Woodland Manor","The Henley","3","https://www.castlegreenhomes.uk/our-developments/north-west/woodland-manor/the-henley/","images/ba36e08ae14b87a9de987c230b18aa7a6fa0a569ca8ec82650c501ca0a227b36.jpg","https://www.castlegreenhomes.uk/app/uploads/2025/01/the_marlow_llys_y_coed_rhosrobin_bedroom2.jpg","This is a photograph of a furnished bedroom."
"Woodland Manor","The Henley","3","https://www.castlegreenhomes.uk/our-developments/north-west/woodland-manor/the-henley/","images/c27ddc1bcd947dee661ab927719b5c3c5289c1ae166ddd7cb6b505194ffb54eb.jpg","https://www.castlegreenhomes.uk/app/uploads/2025/01/the_marlow_llys_y_coed_rhosrobin_primary_bedroom.jpg","The image shows a furnished bedroom."
"Woodland Manor","The Henley","3","https://www.castlegreenhomes.uk/our-developments/north-west/woodland-manor/the-henley/","images/081bb8aecac24b0a68652d2b273cedcc3102ff9c938eeb58b901cec2f21b90f7.png","https://www.castlegreenhomes.uk/app/uploads/2024/06/WoodlandManor-Henley-AC-Render_02-1024x768.png","This is a computer-generated exterior view of a residential property."
"Woodland Manor","The Henley","3","https://www.castlegreenhomes.uk/our-developments/north-west/woodland-manor/the-henley/","images/7ca55ebcb9c9587dbc782535c64d3fd7de9eaad4482215a996fa721a81a346f6.jpg","https://www.castlegreenhomes.uk/app/uploads/2022/04/the_marlow_llys_y_coed_rhosrobin_primary_bedroom_bed.jpg","This is a photograph of a furnished bedroom."
"Woodland Manor","The Henley","3","https://www.castlegreenhomes.uk/our-developments/north-west/woodland-manor/the-henley/","images/df1552e37e4fed4e4c8b4c4dd2b2f996e224a06c1f4545b8f958df2066877db2.jpg","https://www.castlegreenhomes.uk/app/uploads/2023/07/IMG_6683.jpeg","The image shows a functional bathroom with sanitary ware."
"Woodland Manor","The Henley","3","https://www.castlegreenhomes.uk/our-developments/north-west/woodland-manor/the-henley/","images/508668c517e61c25cb19ffb7459e5ce49e3a1f50e7cdbbf06593c641d1c936a6.jpg","https://www.castlegreenhomes.uk/app/uploads/2022/04/the_marlow_llys_y_coed_rhosrobin_bedroom2_dressingtable.jpg","The image shows a bedroom with a desk/vanity area."
"Woodland Manor","The Henley","3","https://www.castlegreenhomes.uk/our-developments/north-west/woodland-manor/the-henley/","images/7bb0f2a4b37dad0e7613c897404181045075ff34d3a19ba9faab0958739df44d.jpg","https://www.castlegreenhomes.uk/app/uploads/2022/04/the_marlow_llys_y_coed_rhosrobin_bedroom3_dressing_room.jpg","This is a photograph of a furnished bedroom or dressing area."
"Woodland Manor","The Henley","3","https://www.castlegreenhomes.uk/our-developments/north-west/woodland-manor/the-henley/","images/c15c4c37daa24ef4ed6be2e28fd0fac65065d9d2cca95628a002c5028692a85b.jpg","https://www.castlegreenhomes.uk/app/uploads/2023/07/Wentworth-096.jpg","The image shows a fully furnished bathroom."
"Woodland Manor","The Stratford","3","https://www.castlegreenhomes.uk/our-developments/north-west/woodland-manor/the-stratford/","images/917a7a6e1e88d90b55ef05edf4fbf69b5670f1508db423ce7c10abe4ff899b5a.png","https://www.castlegreenhomes.uk/app/uploads/2024/06/WoodlandManor-Stratford-AC-Render_02.png","This is a promotional exterior rendering of a property."
"Woodland Manor","The Stratford","3","https://www.castlegreenhomes.uk/our-developments/north-west/woodland-manor/the-stratford/","images/5b8bcbe6cac6446b5cdae5d25bb58c3e5adf2b3089c3dad44119239e96bafc90.jpg","https://www.castlegreenhomes.uk/app/uploads/2025/06/Plot2-TheStratford-2.jpg","The image shows a living room interior."
"Woodland Manor","The Stratford","3","https://www.castlegreenhomes.uk/our-developments/north-west/woodland-manor/the-stratford/","images/b446fea5baf20fd15ddbadb2341de9e78b6573b7cc02a67250bab8529c652e8d.jpg","https://www.castlegreenhomes.uk/app/uploads/2025/06/Plot2-TheStratford-7.jpg","This is a photograph of a furnished dining room."
"Woodland Manor","The Stratford","3","https://www.castlegreenhomes.uk/our-developments/north-west/woodland-manor/the-stratford/","images/32fccc80eeb368ab4b3c64aec9fb33b7e10faacacf362c6169919f391de027de.jpg","https://www.castlegreenhomes.uk/app/uploads/2025/06/Plot2-TheStratford-8-1-1024x683.jpg","The image shows a furnished bedroom."
"Woodland Manor","The Stratford","3","https://www.castlegreenhomes.uk/our-developments/north-west/woodland-manor/the-stratford/","images/a80c279f096140b7345a32bd0bec7ca7577500542d4144b458ebc305c055dee5.jpg","https://www.castlegreenhomes.uk/app/uploads/2025/06/Plot2-TheStratford-15.jpg","The image shows a furnished bedroom."
"Woodland Manor","The Stratford","3","https://www.castlegreenhomes.uk/our-developments/north-west/woodland-manor/the-stratford/","images/d8b1bda679ce359837bcb9b5d091e2c510bbdb1c68c543340a705fe30d34575a.png","https://www.castlegreenhomes.uk/app/uploads/2024/06/WoodlandManor-Stratford-AC-Brick_02.png","This is an exterior view of a property."
"Woodland Manor","The Stratford","3","https://www.castlegreenhomes.uk/our-developments/north-west/woodland-manor/the-stratford/","images/05e318f12ec1f4f9b91e7a2740029d51427a2399c7478df2b1a9aa62a1b8675e.jpg","https://www.castlegreenhomes.uk/app/uploads/2025/06/Plot2-TheStratford-4.jpg","This is a photograph of a functional kitchen space."
"Woodland Manor","The Stratford","3","https://www.castlegreenhomes.uk/our-developments/north-west/woodland-manor/the-stratford/","images/4b0a32875d98e097fdbfd67c659e7a06aa2412768bbbd3e228a9c65ffb7c16e9.jpg","https://www.castlegreenhomes.uk/app/uploads/2025/06/Plot2-TheStratford-18.jpg","This is a photograph of a furnished bedroom."
"Woodland Manor","The Stratford","3","https://www.castlegreenhomes.uk/our-developments/north-west/woodland-manor/the-stratford/","images/226d44ccfec5fb47bc29b83a7d68cb0a09175d21a8f19f3b391726775432d4dc.jpg","https://www.castlegreenhomes.uk/app/uploads/2025/06/Plot2-TheStratford-17.jpg","This is a photograph of a furnished bedroom area."
"Woodland Manor","The Stratford","3","https://www.castlegreenhomes.uk/our-developments/north-west/woodland-manor/the-stratford/","images/4a44e4b91cabf05c7152fd3aa04fbd371d5d335a209dd767dacfeae3e605cc8b.jpg","https://www.castlegreenhomes.uk/app/uploads/2025/06/Plot2-TheStratford-11.jpg","This is a photograph of a furnished bedroom."
"Woodland Manor","The Stratford","3","https://www.castlegreenhomes.uk/our-developments/north-west/woodland-manor/the-stratford/","images/1be0834010949ac498d7a172fc6291b0150792ea16e560132e4d4a378f130fb1.jpg","https://www.castlegreenhomes.uk/app/uploads/2025/06/Plot2-TheStratford-12.jpg","This is a photograph of a furnished bedroom."
"Woodland Manor","The Stratford","3","https://www.castlegreenhomes.uk/our-developments/north-west/woodland-manor/the-stratford/","images/3a993923aef72ce78532d1354d96175b28ea2ffe36db84b2d4ec5fdcccf07084.jpg","https://www.castlegreenhomes.uk/app/uploads/2025/09/stratford_woodland_manor_360tour.jpg","The furniture and layout are characteristic of a living room."
"Woodland Manor","The Stratford","3","https://www.castlegreenhomes.uk/our-developments/north-west/woodland-manor/the-stratford/","images/a3f64d111f140b118a60e08f36e489508ca16bf670bea57543427cf54f59e979.jpg","https://www.castlegreenhomes.uk/app/uploads/2025/06/Plot2-TheStratford-9.jpg","This is a photograph of a furnished bedroom."
"Woodland Manor","The Stratford","3","https://www.castlegreenhomes.uk/our-developments/north-west/woodland-manor/the-stratford-waterside/","images/eb710e9169bcf1e146dd4e082865f66356c874cc51b0d914ab28310b76f54a9c.png","https://www.castlegreenhomes.uk/app/uploads/2024/06/WoodlandManor-Stratford-Waterside-Brick_02.png","This is a promotional exterior rendering of a property."
"Woodland Manor","The Stratford","3","https://www.castlegreenhomes.uk/our-developments/north-west/woodland-manor/the-stratford-waterside/","images/606358a376b8592f72731254df08aaaf66986fda0fe3ea6fd4ec80fecfff15fb.jpg","https://www.castlegreenhomes.uk/app/uploads/2025/01/TheStratford-29.jpg","The image shows a dining room interior."
"Woodland Manor","The Stratford","3","https://www.castlegreenhomes.uk/our-developments/north-west/woodland-manor/the-stratford-waterside/","images/d0d1d7e5833438e72551c3913c1ced3e73787d3bc0a86d71c3e3c35264e1ac2e.jpg","https://www.castlegreenhomes.uk/app/uploads/2022/04/TheStratford-4.jpg","This is a photograph of a furnished living room."
"Woodland Manor","The Stratford","3","https://www.castlegreenhomes.uk/our-developments/north-west/woodland-manor/the-stratford-waterside/","images/1acfab8dc4a7dc8c2e52957f19d1330e1933f06200f5eb61986804a53604a8b8.jpg","https://www.castlegreenhomes.uk/app/uploads/2025/01/TheStratford-19.jpg","This is a photograph of a kitchen."
"Woodland Manor","The Stratford","3","https://www.castlegreenhomes.uk/our-developments/north-west/woodland-manor/the-stratford-waterside/","images/924861a3ec1882ed856b974b3f60ce88fa44541022a27083eec4468e451a9b9c.jpg","https://www.castlegreenhomes.uk/app/uploads/2025/01/TheStratford-46.jpg","The room contains a bed and a dressing table which functions as a desk."
"Woodland Manor","The Stratford","3","https://www.castlegreenhomes.uk/our-developments/north-west/woodland-manor/the-stratford-waterside/","images/37901f4dad3f3313780dd8150978e0688e6c19ddb0d6a0b431ee2261527af1e1.png","https://www.castlegreenhomes.uk/app/uploads/2024/10/WoodlandManor-Stratford-Waterside-Brick-1024x768.png","This is an exterior view of a property."
"Woodland Manor","The Stratford","3","https://www.castlegreenhomes.uk/our-developments/north-west/woodland-manor/the-stratford-waterside/","images/c40fd7bed8f65a4067fc293337142e6ec986244e9d9b290a34992e0ece5052bc.jpg","https://www.castlegreenhomes.uk/app/uploads/2025/01/TheStratford-1.jpg","This is a photograph of a furnished living room."
"Woodland Manor","The Stratford","3","https://www.castlegreenhomes.uk/our-developments/north-west/woodland-manor/the-stratford-waterside/","images/f6254846b1136b792aaf7d5a00075b5abe90841162afb522321f2ad0e2580330.jpg","https://www.castlegreenhomes.uk/app/uploads/2022/04/TheStratford-41.jpg","This is a photograph of a furnished bedroom."
"Woodland Manor","The Stratford","3","https://www.castlegreenhomes.uk/our-developments/north-west/woodland-manor/the-stratford-waterside/","images/924b88ab3670e44e5581dca022e94f0fbc5f99e4eb00f38b4cab729ee880f5d7.jpg","https://www.castlegreenhomes.uk/app/uploads/2025/01/TheStratford-39.jpg","This is a photograph of a bedroom."
"Woodland Manor","The Stratford","3","https://www.castlegreenhomes.uk/our-developments/north-west/woodland-manor/the-stratford-waterside/","images/15b3151ccb36e3c0d3f65d59deaec01b0c6fd01a52832478057ef49cab4c7474.jpg","https://www.castlegreenhomes.uk/app/uploads/2022/04/TheStratford-72.jpg","This is a photograph of a bathroom."
"Woodland Manor","The Stratford","3","https://www.castlegreenhomes.uk/our-developments/north-west/woodland-manor/the-stratford-waterside/","images/3608bf0e1774f6dd2eb8e3cc82ca0fdbc4afa6dd322d58989de8160377952831.jpg","https://www.castlegreenhomes.uk/app/uploads/2022/04/TheStratford-53.jpg","The image shows a furnished bedroom."
"Woodland Manor","The Stratford","3","https://www.castlegreenhomes.uk/our-developments/north-west/woodland-manor/the-stratford-waterside/","images/0c22b55fc042f334c219f3ffce6215130289954fce223dd364fd221acf00bc52.jpg","https://www.castlegreenhomes.uk/app/uploads/2022/04/TheStratford-57.jpg","This is a photograph of a bedroom interior."
"Woodland Manor","The Stratford","3","https://www.castlegreenhomes.uk/our-developments/north-west/woodland-manor/the-stratford-waterside/","images/007be9ab3fe742fe9feaf6bd96442b1a080d76480648f8e29ddde109f0f922a5.jpg","https://www.castlegreenhomes.uk/app/uploads/2025/01/TheStratford-70.jpg","This is a photograph of a dressing room."
"Woodland Manor","The Stratford","3","https://www.castlegreenhomes.uk/our-developments/north-west/woodland-manor/the-stratford-waterside/","images/b6a02418109e474ea64014ea4773dcf18cd6b5f5d1a8a1e3add777e0c342389f.jpg","https://www.castlegreenhomes.uk/app/uploads/2022/04/TheStratford-64.jpg","This is a photograph of a dressing room vanity area."
"Woodland Manor","The Stratford","3","https://www.castlegreenhomes.uk/our-developments/north-west/woodland-manor/the-stratford-waterside/","images/17364b9b63f01c04c53490bea8b153d38ab0ea39b8ef53df92fc3413fca2b43f.jpg","https://www.castlegreenhomes.uk/app/uploads/2022/04/TheStratford-62.jpg","This is a photograph of a bathroom interior."
"Woodland Manor","The Wentworth","4","https://www.castlegreenhomes.uk/our-developments/north-west/woodland-manor/the-wentworth/","images/667c220485c70ab4d99fec57937e03173d744d42b09a0564ba46eb7d4b141b8e.png","https://www.castlegreenhomes.uk/app/uploads/2025/02/WoodlandManor-Wentworth-AC-Brick_02.png","This is a promotional exterior rendering of a property."
"Woodland Manor","The Wentworth","4","https://www.castlegreenhomes.uk/our-developments/north-west/woodland-manor/the-wentworth/","images/1b472fb000969c5880c510fc3c04b5c6432a591e7d67fc65014a2502d2dda236.jpg","https://www.castlegreenhomes.uk/app/uploads/2026/01/TheWentworth-12.jpg","This is a photograph of a residential kitchen."
"Woodland Manor","The Wentworth","4","https://www.castlegreenhomes.uk/our-developments/north-west/woodland-manor/the-wentworth/","images/5f2338aeba9d61bd735c55d7d59edf5913b6f5f413f9a71881345f30e8640fae.jpg","https://www.castlegreenhomes.uk/app/uploads/2025/05/TheWentworth-10.jpg","This is a photograph of a dining room."
"Woodland Manor","The Wentworth","4","https://www.castlegreenhomes.uk/our-developments/north-west/woodland-manor/the-wentworth/","images/2590bda98fb3d36274fcd0c629802a9b4dd80dfa0a414ba0794c22393c66f598.jpg","https://www.castlegreenhomes.uk/app/uploads/2025/05/TheWentworth-28.jpg","This is a photograph of a furnished living room."
"Woodland Manor","The Wentworth","4","https://www.castlegreenhomes.uk/our-developments/north-west/woodland-manor/the-wentworth/","images/ea652dc8e1fdfb33c7d542046da120a46138592ba5d73d61595e1d95a7308f1a.jpg","https://www.castlegreenhomes.uk/app/uploads/2025/05/TheWentworth.jpg","This is a photograph of a furnished bedroom."
"Woodland Manor","The Wentworth","4","https://www.castlegreenhomes.uk/our-developments/north-west/woodland-manor/the-wentworth/","images/fc9c862a195513ae37c46cb3502fa997226fd9cd7eee6b2bf8f3e82d29a37b6e.jpg","https://www.castlegreenhomes.uk/app/uploads/2026/01/TheWentworth-14.jpg","This is a photograph of a bathroom interior."
"Woodland Manor","The Wentworth","4","https://www.castlegreenhomes.uk/our-developments/north-west/woodland-manor/the-wentworth/","images/b41093cf7d541a84fa34668de3e3b9376588c2eee75560f3c57e93ccb02f0987.png","https://www.castlegreenhomes.uk/app/uploads/2025/02/WoodlandManor-Wentworth-AC-Render_02.png","This is an exterior view of a property."
"Woodland Manor","The Wentworth","4","https://www.castlegreenhomes.uk/our-developments/north-west/woodland-manor/the-wentworth/","images/2ce81e604aa9c397ea93458021a4ea9431627f658e7c45fb56cab551c7065077.jpg","https://www.castlegreenhomes.uk/app/uploads/2026/01/TheWentworth-11.jpg","This is a photograph of a residential kitchen."
"Woodland Manor","The Wentworth","4","https://www.castlegreenhomes.uk/our-developments/north-west/woodland-manor/the-wentworth/","images/27ad07847ad3f41216e95e9a1354b53c2a69ee25ea0a03e1102d0e29f30a1c5d.jpg","https://www.castlegreenhomes.uk/app/uploads/2025/05/TheWentworth-7.jpg","The room contains laundry appliances and utility-style cabinetry, characteristic of a utility room."
"Woodland Manor","The Wentworth","4","https://www.castlegreenhomes.uk/our-developments/north-west/woodland-manor/the-wentworth/","images/24850416f14905305b9fd5ad47bb754aac2a81e4a39a804f1433eca00ec84804.jpg","https://www.castlegreenhomes.uk/app/uploads/2026/01/TheWentworth-26.jpg","This is a photograph of a furnished living room."
"Woodland Manor","The Wentworth","4","https://www.castlegreenhomes.uk/our-developments/north-west/woodland-manor/the-wentworth/","images/a6e17dc55266b8c44279ff6fc95a35019ea796d0e94af1834a6f100785ecdc2a.jpg","https://www.castlegreenhomes.uk/app/uploads/2026/01/TheWentworth-27.jpg","The image shows a functional bathroom space with standard sanitary ware."
"Woodland Manor","The Wentworth","4","https://www.castlegreenhomes.uk/our-developments/north-west/woodland-manor/the-wentworth/","images/8ed3abad056da4b14adcb4ba93671c70937e0299235562c3db9ed6ebc3d558dc.jpg","https://www.castlegreenhomes.uk/app/uploads/2025/05/TheWentworth-17.jpg","This is a photograph of a furnished bedroom."
"Woodland Manor","The Wentworth","4","https://www.castlegreenhomes.uk/our-developments/north-west/woodland-manor/the-wentworth/","images/a92191fac87e82220612c342c3354038f17c613ea104b2ed9b8b61ef15992f49.jpg","https://www.castlegreenhomes.uk/app/uploads/2026/01/TheWentworth-19.jpg","This is a photograph of a furnished bedroom."
"Woodland Manor","The Wentworth","4","https://www.castlegreenhomes.uk/our-developments/north-west/woodland-manor/the-wentworth/","images/83a5f8b2734fb0f2ba5a71679eae83f7218e68c90393a5b86e32733bd185f908.jpg","https://www.castlegreenhomes.uk/app/uploads/2026/01/TheWentworth-21.jpg","The image depicts a furnished bedroom."
"Woodland Manor","The Wentworth","4","https://www.castlegreenhomes.uk/our-developments/north-west/woodland-manor/the-wentworth/","images/cfff8d1c59d2e5f89e35b899fc2775e13797caa2238f574064a52657be1e39df.jpg","https://www.castlegreenhomes.uk/app/uploads/2026/01/TheWentworth-23.jpg","The image shows a bathroom with sanitary fixtures."
"Woodland Manor","The Wentworth Lifestyle","3","https://www.castlegreenhomes.uk/our-developments/north-west/woodland-manor/the-wentworth-lifestyle/","images/b41093cf7d541a84fa34668de3e3b9376588c2eee75560f3c57e93ccb02f0987.png","https://www.castlegreenhomes.uk/app/uploads/2025/02/WoodlandManor-Wentworth-AC-Render_02.png","This is an exterior view of a property."
"Woodland Manor","The Wentworth Lifestyle","3","https://www.castlegreenhomes.uk/our-developments/north-west/woodland-manor/the-wentworth-lifestyle/","images/a2e7f79eed05f667564e142488eacb5efb0617aaf04801276de8d55a412462d0.jpg","https://www.castlegreenhomes.uk/app/uploads/2023/07/IMG_6659.jpeg","The room is furnished as a living area."
"Woodland Manor","The Wentworth Lifestyle","3","https://www.castlegreenhomes.uk/our-developments/north-west/woodland-manor/the-wentworth-lifestyle/","images/1350e1ffa3502db3ae5bfd5a4e4e481a2e866eab4aac2e358718ae6c6f323a30.jpg","https://www.castlegreenhomes.uk/app/uploads/2023/07/IMG_6672.jpeg","The image shows a bedroom with a bed and a functional vanity desk area."
"Woodland Manor","The Wentworth Lifestyle","3","https://www.castlegreenhomes.uk/our-developments/north-west/woodland-manor/the-wentworth-lifestyle/","images/57ca491882aec0a18d3b835ab2da438097d401c84231e32a90d17dd50074097d.jpg","https://www.castlegreenhomes.uk/app/uploads/2025/01/IMG_6698.jpeg","The image shows a kitchen integrated with a dining area."
"Woodland Manor","The Wentworth Lifestyle","3","https://www.castlegreenhomes.uk/our-developments/north-west/woodland-manor/the-wentworth-lifestyle/","images/efd8bd08023be2faa82ac514b095cc35901dba2113a7b2b7420e8ea71cfdd80a.jpg","https://www.castlegreenhomes.uk/app/uploads/2025/01/IMG_6658.jpeg","The image shows a furnished living room."
"Woodland Manor","The Wentworth Lifestyle","3","https://www.castlegreenhomes.uk/our-developments/north-west/woodland-manor/the-wentworth-lifestyle/","images/bda051b65b10516efeea5e754d0b2fd2b85aed8f65f30152b5ee0ec5f4fa58b9.jpg","https://www.castlegreenhomes.uk/app/uploads/2025/01/IMG_6699.jpeg","This is a photograph of a kitchen."
"Woodland Manor","The Wentworth Lifestyle","3","https://www.castlegreenhomes.uk/our-developments/north-west/woodland-manor/the-wentworth-lifestyle/","images/ca6e1f013949c47a1bf0e3f97a2af2eaec286520f9473e3aae15c807f36608be.jpg","https://www.castlegreenhomes.uk/app/uploads/2025/01/IMG_6709.jpeg","The presence of laundry appliances and a sink indicates a utility room."
"Woodland Manor","The Wentworth Lifestyle","3","https://www.castlegreenhomes.uk/our-developments/north-west/woodland-manor/the-wentworth-lifestyle/","images/947f8419cce2f27113e0fc0a909304de1df2fdd5c0e8384d95ed8ace4152e794.jpg","https://www.castlegreenhomes.uk/app/uploads/2023/07/IMG_6674.jpeg","This is a photograph of a bedroom interior."
"Woodland Manor","The Wentworth Lifestyle","3","https://www.castlegreenhomes.uk/our-developments/north-west/woodland-manor/the-wentworth-lifestyle/","images/33e2020b07538f1c05f4733ebd92d416df700c6268e25f7a5f9f1567f764f660.jpg","https://www.castlegreenhomes.uk/app/uploads/2025/01/IMG_6671.jpeg","This is a functional dressing area within a bedroom suite."
"Woodland Manor","The Wentworth Lifestyle","3","https://www.castlegreenhomes.uk/our-developments/north-west/woodland-manor/the-wentworth-lifestyle/","images/2d160cd3e80a851b8369a9c926245dc937670ef2f11f20a3b8930f9b99e25bcc.jpg","https://www.castlegreenhomes.uk/app/uploads/2025/01/IMG_6673.jpeg","This is a photograph of a furnished bedroom."
"Woodland Manor","The Wentworth Lifestyle","3","https://www.castlegreenhomes.uk/our-developments/north-west/woodland-manor/the-wentworth-lifestyle/","images/cbe2e555e3b395b76f88e88ef618d7b41463bc651e62b4b388b2820e37415e82.jpg","https://www.castlegreenhomes.uk/app/uploads/2025/01/IMG_6675.jpeg","This is a photograph of a bathroom."
"Woodland Manor","The Wentworth Lifestyle","3","https://www.castlegreenhomes.uk/our-developments/north-west/woodland-manor/the-wentworth-lifestyle/","images/360e0362d4a64970843a7072e569bc3e91a0ffe4a6ee9edf949bd8ae7900e582.jpg","https://www.castlegreenhomes.uk/app/uploads/2025/01/IMG_6713.jpeg","This is a photograph of a furnished bedroom."
"Woodland Manor","The Wentworth Lifestyle","3","https://www.castlegreenhomes.uk/our-developments/north-west/woodland-manor/the-wentworth-lifestyle/","images/89f5dc2f0386abbb0f04b1b962007714da7e30185c25dce03b3dc365c5cfc641.jpg","https://www.castlegreenhomes.uk/app/uploads/2023/07/IMG_6678.jpeg","This is a photograph of a furnished bedroom."
"Woodland Manor","The Wentworth Lifestyle","3","https://www.castlegreenhomes.uk/our-developments/north-west/woodland-manor/the-wentworth-lifestyle/","images/667c220485c70ab4d99fec57937e03173d744d42b09a0564ba46eb7d4b141b8e.png","https://www.castlegreenhomes.uk/app/uploads/2025/02/WoodlandManor-Wentworth-AC-Brick_02.png","This is a promotional exterior rendering of a property."
"Woodland Manor","The Wentworth Lifestyle","3","https://www.castlegreenhomes.uk/our-developments/north-west/woodland-manor/the-wentworth-lifestyle/","images/9519cdcdf110287e4fa670273fa2398c01cc2ea57dae0cccc1688c6e22fd9780.jpg","https://www.castlegreenhomes.uk/app/uploads/2025/01/IMG_6712.jpeg","The image shows a bedroom interior with a bed and furniture."
"Woodland Manor","The Wentworth Lifestyle","3","https://www.castlegreenhomes.uk/our-developments/north-west/woodland-manor/the-wentworth-lifestyle/","images/df1552e37e4fed4e4c8b4c4dd2b2f996e224a06c1f4545b8f958df2066877db2.jpg","https://www.castlegreenhomes.uk/app/uploads/2023/07/IMG_6683.jpeg","The image shows a functional bathroom with sanitary ware."
"Woodland Manor","The Wentworth Lifestyle","3","https://www.castlegreenhomes.uk/our-developments/north-west/woodland-manor/the-wentworth-lifestyle/","images/195c26e851757212711b08551aa18a8b1709a8c741113d1cf9e1b127ede7d722.jpg","https://www.castlegreenhomes.uk/app/uploads/2025/01/IMG_6668.jpeg","The image shows a bedroom interior with a bed."
"Woodland Manor","The Wentworth Lifestyle","3","https://www.castlegreenhomes.uk/our-developments/north-west/woodland-manor/the-wentworth-lifestyle/","images/8ad1a41a47f5ecce1de7d55b2df4d8757f94407c04859210c3f04b765140a543.jpg","https://www.castlegreenhomes.uk/app/uploads/2025/01/IMG_6684.jpeg","The image shows a detail of a bedroom."
"Woodland Manor","The Wentworth Lifestyle","3","https://www.castlegreenhomes.uk/our-developments/north-west/woodland-manor/the-wentworth-lifestyle/","images/1a029ffe4d1f05e7cbc79f796f678ad7029fb3ac0f68dac46e9eac42f2e391cf.jpg","https://www.castlegreenhomes.uk/app/uploads/2025/01/IMG_6688.jpeg","The image shows a bedroom with a desk area."
"Woodland Manor","The Wentworth Lifestyle","3","https://www.castlegreenhomes.uk/our-developments/north-west/woodland-manor/the-wentworth-lifestyle/","images/a0f3cd0f061e8b0768319318bec529d6d0af7b8c68ef833300fdfacbb40c800d.jpg","https://www.castlegreenhomes.uk/app/uploads/2024/10/Windsor-7.jpg","The image shows a bathroom interior."
"Woodland Manor","The Alderton","4","https://www.castlegreenhomes.uk/our-developments/north-west/woodland-manor/the-alderton/","images/cbaf4dee9d9430484c748770c5edd9250fefd4931e18b667432f54fd8e1d5195.png","https://www.castlegreenhomes.uk/app/uploads/2024/06/WoodlandManor-Alderton-AC-Brick_02.png","This is an architectural exterior rendering of a property."
"Woodland Manor","The Alderton","4","https://www.castlegreenhomes.uk/our-developments/north-west/woodland-manor/the-alderton/","images/86c94d96a87d8e8b5e4b83e82bc0757eaa96a5ae01d692aff9013ed57ec76614.jpg","https://www.castlegreenhomes.uk/app/uploads/2025/01/Alderton-022-scaled.jpg","This is a photograph of a functional kitchen space."
"Woodland Manor","The Alderton","4","https://www.castlegreenhomes.uk/our-developments/north-west/woodland-manor/the-alderton/","images/c3d9f5f7ed9ff4a6bd2e99d44a0b6fd2592fa84530ed833a92ec280c56b04973.jpg","https://www.castlegreenhomes.uk/app/uploads/2025/01/Alderton-018-scaled.jpg","This is a photograph of a living room interior."
"Woodland Manor","The Alderton","4","https://www.castlegreenhomes.uk/our-developments/north-west/woodland-manor/the-alderton/","images/decf376644ced79007ffd88bd7cfc546c8c5532ccb5d6fb9037595086bb706a4.jpg","https://www.castlegreenhomes.uk/app/uploads/2022/06/Alderton-027.jpg","This is a photograph of a bedroom interior."
"Woodland Manor","The Alderton","4","https://www.castlegreenhomes.uk/our-developments/north-west/woodland-manor/the-alderton/","images/74a027eb8cfc2c2b32bb0da2f2c068d025f2ef337ab477a8bfc6991cb291411a.jpg","https://www.castlegreenhomes.uk/app/uploads/2022/06/Alderton-014.jpg","The image shows a dining area set up for a meal."
"Woodland Manor","The Alderton","4","https://www.castlegreenhomes.uk/our-developments/north-west/woodland-manor/the-alderton/","images/bdbaff916162db12154b60aaebedcbf7c88662ec50221ee1de88f7deceb2f7e2.jpg","https://www.castlegreenhomes.uk/app/uploads/2022/06/Alderton-002.jpg","The image shows a living room space."
"Woodland Manor","The Alderton","4","https://www.castlegreenhomes.uk/our-developments/north-west/woodland-manor/the-alderton/","images/ac0c5232d1b30ee8a4cda18dab208e1073f72d1ea2a805b0eaf726924dc7aabe.jpg","https://www.castlegreenhomes.uk/app/uploads/2022/06/Alderton-024-1024x664.jpg","This is a combined living and dining space."
"Woodland Manor","The Alderton","4","https://www.castlegreenhomes.uk/our-developments/north-west/woodland-manor/the-alderton/","images/b7ba216b558e3bc20ed73dd20532e0ca7f40de6e6555fb5374e1c60d8b1cd9bd.png","https://www.castlegreenhomes.uk/app/uploads/2024/06/WoodlandManor-Alderton-AC-Render_02-1024x768.png","The image depicts the exterior facade of a residential property."
"Woodland Manor","The Alderton","4","https://www.castlegreenhomes.uk/our-developments/north-west/woodland-manor/the-alderton/","images/0e0c5c6f609c22ab3dcc41034caea4dd340d2412f4143b3b396cf9a7d479201a.jpg","https://www.castlegreenhomes.uk/app/uploads/2022/06/Alderton-034-1024x706.jpg","The image shows a bedroom interior with a bed."
"Woodland Manor","The Alderton","4","https://www.castlegreenhomes.uk/our-developments/north-west/woodland-manor/the-alderton/","images/abb5170736e8aeefb3ced4fcf180486bb4c88bf5298893382a55c3bd929e951f.jpg","https://www.castlegreenhomes.uk/app/uploads/2023/11/Alderton-020-1024x723.jpg","The image shows a dining room space."
"Woodland Manor","The Alderton","4","https://www.castlegreenhomes.uk/our-developments/north-west/woodland-manor/the-alderton/","images/ff0315c466d333da3f7829b659f49f11eed3b9f11c81cc28db4def8c20f1e758.jpg","https://www.castlegreenhomes.uk/app/uploads/2024/06/Alderton-029-1024x635.jpg","This is a photograph of a furnished bedroom area."
"Woodland Manor","The Alderton","4","https://www.castlegreenhomes.uk/our-developments/north-west/woodland-manor/the-alderton/","images/ca386201b1b6e782523252b0adc151984aedfb74fe0e35280872640a791be11c.jpg","https://www.castlegreenhomes.uk/app/uploads/2024/06/Alderton-042-1024x616.jpg","This is a photograph of a furnished bedroom."
"Woodland Manor","The Alderton","4","https://www.castlegreenhomes.uk/our-developments/north-west/woodland-manor/the-alderton/","images/bfc4d3867f3703b9cdee3f76dbc3a3f287ed4ed1c695de8f17208e59950678ac.jpg","https://www.castlegreenhomes.uk/app/uploads/2024/06/Alderton-044-1024x683.jpg","The image shows a bedroom interior."
"Woodland Manor","The Alderton","4","https://www.castlegreenhomes.uk/our-developments/north-west/woodland-manor/the-alderton/","images/1e08290f3f4105fc24f3f6127eec62da3a452eb3c6a6c31205971c6d480c2784.jpg","https://www.castlegreenhomes.uk/app/uploads/2024/06/Alderton-046-1024x685.jpg","The image shows a bedroom interior."
"Woodland Manor","The Alderton","4","https://www.castlegreenhomes.uk/our-developments/north-west/woodland-manor/the-alderton/","images/930e01ec8dafc3d006bc85ffc75f317c5fcfbe987e61eba6a99bf4908d5526e6.jpg","https://www.castlegreenhomes.uk/app/uploads/2024/06/Alderton-047-900x1024.jpg","The image shows a bedroom interior."
"Woodland Manor","The Alderton","4","https://www.castlegreenhomes.uk/our-developments/north-west/woodland-manor/the-alderton/","images/eb876217afe68a809d7e28883209595af43a90a2454b4d9a930ee85cebb642b3.jpg","https://www.castlegreenhomes.uk/app/uploads/2025/01/Alderton-050-1024x723.jpg","The room contains a crib and baby-themed decor."
"Woodland Manor","The Alderton","4","https://www.castlegreenhomes.uk/our-developments/north-west/woodland-manor/the-alderton/","images/bcf5da9a286693232bf5bc2b50f6fa94bdf0924519b4d9995d9c550931545577.jpg","https://www.castlegreenhomes.uk/app/uploads/2024/06/Alderton-055-1024x715.jpg","The room is furnished as a nursery with a crib and changing station."
"Woodland Manor","The Alderton","4","https://www.castlegreenhomes.uk/our-developments/north-west/woodland-manor/the-alderton/","images/31eb740730f08bdcc425643213cc3bb6c2bb49e5e8add2c11ba5b35e5a2b656f.jpg","https://www.castlegreenhomes.uk/app/uploads/2025/01/Alderton-056-1024x768.jpg","The room is a functional bathroom."
"Woodland Manor","The Wiltshire","4","https://www.castlegreenhomes.uk/our-developments/north-west/woodland-manor/the-wiltshire/","images/f3c7ac8cd9020e96a34a5682cccb991c82c6f393a0ccb6f78fa8eeaf4cc9b88c.png","https://www.castlegreenhomes.uk/app/uploads/2024/06/WoodlandManor-Wiltshire-AC-Brick_02.png","This is an architectural exterior rendering of a property."
"Woodland Manor","The Wiltshire","4","https://www.castlegreenhomes.uk/our-developments/north-west/woodland-manor/the-wiltshire/","images/06593b4df58621ea6e8900cba8a087ad551ee5b7d3fcc4d0ac246957ff1e1275.jpg","https://www.castlegreenhomes.uk/app/uploads/2021/12/TheWiltshire-Congleton-34.jpg","This is a photograph of a kitchen interior."
"Woodland Manor","The Wiltshire","4","https://www.castlegreenhomes.uk/our-developments/north-west/woodland-manor/the-wiltshire/","images/fa6c1101bbff3baf2f61bb4154f408a4c9fca48e30a3ddf73d0bc3efaac4559e.jpg","https://www.castlegreenhomes.uk/app/uploads/2021/12/TheWiltshire-Congleton-23.jpg","This is a photograph of a living room interior."
"Woodland Manor","The Wiltshire","4","https://www.castlegreenhomes.uk/our-developments/north-west/woodland-manor/the-wiltshire/","images/90afb9350a77e8c74c775cac92ecfdb6bb1bfbfa284f853041fcb36e0bfb2505.jpg","https://www.castlegreenhomes.uk/app/uploads/2021/12/TheWiltshire-Congleton-19.jpg","This is a photograph of an open-plan living space."
"Woodland Manor","The Wiltshire","4","https://www.castlegreenhomes.uk/our-developments/north-west/woodland-manor/the-wiltshire/","images/49f3e82ce06e8f451e2bded560ff9f169d2192deec49b919d4ff4597b2b48e2b.jpg","https://www.castlegreenhomes.uk/app/uploads/2021/12/TheWiltshire-Congleton-2.jpg","The image shows a furnished bedroom."
"Woodland Manor","The Wiltshire","4","https://www.castlegreenhomes.uk/our-developments/north-west/woodland-manor/the-wiltshire/","images/435fd3f08b1fa40c93fdd3383c4dd634e5d1ac11c44af38fa3f2a31e95446ece.png","https://www.castlegreenhomes.uk/app/uploads/2024/06/WoodlandManor-Wiltshire-AC-Render_02.png","The image shows the exterior of a property."
"Woodland Manor","The Wiltshire","4","https://www.castlegreenhomes.uk/our-developments/north-west/woodland-manor/the-wiltshire/","images/df9c46cb3614f2042e2a911b4e3eac09f6dcfd9b543f11beecb89f320fb82605.jpg","https://www.castlegreenhomes.uk/app/uploads/2021/12/TheWiltshire-Congleton-20.jpg","The image shows a furnished living and dining space within a home."
"Woodland Manor","The Wiltshire","4","https://www.castlegreenhomes.uk/our-developments/north-west/woodland-manor/the-wiltshire/","images/b890d5c8324cc58d3d86e1079622f2e76cd3cba4efe7e6bc02fadcf20da5ced6.jpg","https://www.castlegreenhomes.uk/app/uploads/2021/12/TheWiltshire-Congleton-28.jpg","The image shows a kitchen and dining area."
"Woodland Manor","The Wiltshire","4","https://www.castlegreenhomes.uk/our-developments/north-west/woodland-manor/the-wiltshire/","images/71cc9bbd72cdd6400fbfe0d5d5aa2451238974c37982233ce5b5408ab3a43183.jpg","https://www.castlegreenhomes.uk/app/uploads/2021/12/TheWiltshire-Congleton-3.jpg","The image shows a bedroom interior with a dressing desk."
"Woodland Manor","The Wiltshire","4","https://www.castlegreenhomes.uk/our-developments/north-west/woodland-manor/the-wiltshire/","images/106fbc0d15eeb35a300590de2fa9e422573de2c3e92a04c203fdfd4e6a38973e.jpg","https://www.castlegreenhomes.uk/app/uploads/2021/12/TheWiltshire-Congleton-9.jpg","This is a photograph of a furnished bedroom."
"Woodland Manor","The Wiltshire","4","https://www.castlegreenhomes.uk/our-developments/north-west/woodland-manor/the-wiltshire/","images/101b0d1ff359eb057c8be8b524a246c2328eef40e707ebd3a37764203dd737c4.jpg","https://www.castlegreenhomes.uk/app/uploads/2021/12/TheWiltshire-Congleton-11.jpg","This is a photograph of a furnished bedroom."
"Woodland Manor","The Wiltshire","4","https://www.castlegreenhomes.uk/our-developments/north-west/woodland-manor/the-wiltshire/","images/2d6f2e875e59f913d67d332298e278936df4f8bbf9007529fcd9ad989f716060.jpg","https://www.castlegreenhomes.uk/app/uploads/2021/12/TheWiltshire-Congleton-14.jpg","This is a photograph of a furnished bedroom."
"Woodland Manor","The Wiltshire","4","https://www.castlegreenhomes.uk/our-developments/north-west/woodland-manor/the-wiltshire/","images/720ce3b012659dfcb42822f67405788df9020f124c8457bfa0ed79e537c94737.jpg","https://www.castlegreenhomes.uk/app/uploads/2021/12/TheWiltshire-Congleton-15.jpg","The image shows a furnished bedroom interior."
"Woodland Manor","The Wiltshire","4","https://www.castlegreenhomes.uk/our-developments/north-west/woodland-manor/the-wiltshire/","images/278c24709de0023f94d45e95a8346419b57efd01d4e70e3c85f6ac87ec09e9a7.jpg","https://www.castlegreenhomes.uk/app/uploads/2021/12/TheWiltshire-Congleton-16.jpg","The image shows a bedroom interior."
"Woodland Manor","The Wiltshire","4","https://www.castlegreenhomes.uk/our-developments/north-west/woodland-manor/the-wiltshire/","images/bbfed337ec7e2b4bd1281ed68476cf05b991a4a1d2a677f2ed4a804fed0f5543.jpg","https://www.castlegreenhomes.uk/app/uploads/2021/12/TheWiltshire-Congleton-17.jpg","The image shows a bedroom interior."
"Woodland Manor","The Henley","3","https://www.castlegreenhomes.uk/our-developments/north-west/woodland-manor/the-henley-waterside/","images/3fffa5bc8a98541ee0f68dd18143dad289eb3742e82ace1a8b9a4c9e64f06b9d.png","https://www.castlegreenhomes.uk/app/uploads/2024/07/WoodlandManor-Henley-Waterside-Render_02.png","This is a photograph of the exterior of a property."
"Woodland Manor","The Henley","3","https://www.castlegreenhomes.uk/our-developments/north-west/woodland-manor/the-henley-waterside/","images/c40fd7bed8f65a4067fc293337142e6ec986244e9d9b290a34992e0ece5052bc.jpg","https://www.castlegreenhomes.uk/app/uploads/2025/01/TheStratford-1.jpg","This is a photograph of a furnished living room."
"Woodland Manor","The Henley","3","https://www.castlegreenhomes.uk/our-developments/north-west/woodland-manor/the-henley-waterside/","images/0a52616f44cc6300722b88e67b56a8bc25df69f2a17a98d0e4de5dd2f4394ba8.jpg","https://www.castlegreenhomes.uk/app/uploads/2025/01/TheStratford-32.jpg","This is a photograph of a dining room."
"Woodland Manor","The Henley","3","https://www.castlegreenhomes.uk/our-developments/north-west/woodland-manor/the-henley-waterside/","images/c27ddc1bcd947dee661ab927719b5c3c5289c1ae166ddd7cb6b505194ffb54eb.jpg","https://www.castlegreenhomes.uk/app/uploads/2025/01/the_marlow_llys_y_coed_rhosrobin_primary_bedroom.jpg","The image shows a furnished bedroom."
"Woodland Manor","The Henley","3","https://www.castlegreenhomes.uk/our-developments/north-west/woodland-manor/the-henley-waterside/","images/ba36e08ae14b87a9de987c230b18aa7a6fa0a569ca8ec82650c501ca0a227b36.jpg","https://www.castlegreenhomes.uk/app/uploads/2025/01/the_marlow_llys_y_coed_rhosrobin_bedroom2.jpg","This is a photograph of a furnished bedroom."
"Woodland Manor","The Henley","3","https://www.castlegreenhomes.uk/our-developments/north-west/woodland-manor/the-henley-waterside/","images/1acfab8dc4a7dc8c2e52957f19d1330e1933f06200f5eb61986804a53604a8b8.jpg","https://www.castlegreenhomes.uk/app/uploads/2025/01/TheStratford-19.jpg","This is a photograph of a kitchen."
"Woodland Manor","The Henley","3","https://www.castlegreenhomes.uk/our-developments/north-west/woodland-manor/the-henley-waterside/","images/07a1b0c1be035a59c44e74e62404df95514b466cdcb717f9bcf213257ec367ea.jpg","https://www.castlegreenhomes.uk/app/uploads/2025/01/TheStratford-16.jpg","This is a photograph of a dining room."
"Woodland Manor","The Henley","3","https://www.castlegreenhomes.uk/our-developments/north-west/woodland-manor/the-henley-waterside/","images/7ca55ebcb9c9587dbc782535c64d3fd7de9eaad4482215a996fa721a81a346f6.jpg","https://www.castlegreenhomes.uk/app/uploads/2022/04/the_marlow_llys_y_coed_rhosrobin_primary_bedroom_bed.jpg","This is a photograph of a furnished bedroom."
"Woodland Manor","The Henley","3","https://www.castlegreenhomes.uk/our-developments/north-west/woodland-manor/the-henley-waterside/","images/df1552e37e4fed4e4c8b4c4dd2b2f996e224a06c1f4545b8f958df2066877db2.jpg","https://www.castlegreenhomes.uk/app/uploads/2023/07/IMG_6683.jpeg","The image shows a functional bathroom with sanitary ware."
"Woodland Manor","The Henley","3","https://www.castlegreenhomes.uk/our-developments/north-west/woodland-manor/the-henley-waterside/","images/508668c517e61c25cb19ffb7459e5ce49e3a1f50e7cdbbf06593c641d1c936a6.jpg","https://www.castlegreenhomes.uk/app/uploads/2022/04/the_marlow_llys_y_coed_rhosrobin_bedroom2_dressingtable.jpg","The image shows a bedroom with a desk/vanity area."
"Woodland Manor","The Henley","3","https://www.castlegreenhomes.uk/our-developments/north-west/woodland-manor/the-henley-waterside/","images/7bb0f2a4b37dad0e7613c897404181045075ff34d3a19ba9faab0958739df44d.jpg","https://www.castlegreenhomes.uk/app/uploads/2022/04/the_marlow_llys_y_coed_rhosrobin_bedroom3_dressing_room.jpg","This is a photograph of a furnished bedroom or dressing area."
"Woodland Manor","The Henley","3","https://www.castlegreenhomes.uk/our-developments/north-west/woodland-manor/the-henley-waterside/","images/17364b9b63f01c04c53490bea8b153d38ab0ea39b8ef53df92fc3413fca2b43f.jpg","https://www.castlegreenhomes.uk/app/uploads/2022/04/TheStratford-62.jpg","This is a photograph of a bathroom interior."
"Woodland Manor","The Heatherington","4","https://www.castlegreenhomes.uk/our-developments/north-west/woodland-manor/the-heatherington/","images/4ba3058de4d12c91e63f68c2080a96c0223a45ae07705e5de67c3c2934121c1d.png","https://www.castlegreenhomes.uk/app/uploads/2024/06/WoodlandManor-Heatherington-AC-Render_02.png","The image shows the exterior of a property."
"Woodland Manor","The Heatherington","4","https://www.castlegreenhomes.uk/our-developments/north-west/woodland-manor/the-heatherington/","images/a3142cfcc0215d714a5741a2da37660eeb581a0cf6da6f8e1fa28e863aea46c2.jpg","https://www.castlegreenhomes.uk/app/uploads/2023/07/Heaterington-5.jpg","The image shows a bedroom with a bed and a vanity desk area."
"Woodland Manor","The Heatherington","4","https://www.castlegreenhomes.uk/our-developments/north-west/woodland-manor/the-heatherington/","images/9576d9041cdabe7e41cb1b2c35db2e39ff3ab7fbf1a666ac03a598a2eaa626fd.jpg","https://www.castlegreenhomes.uk/app/uploads/2023/07/Heaterington-3.jpg","This is a photograph of a furnished bedroom."
"Woodland Manor","The Heatherington","4","https://www.castlegreenhomes.uk/our-developments/north-west/woodland-manor/the-heatherington/","images/a1b6fe73017fa1d9ba787f85a7265e58af718cb99dc1be1779428ab43582f080.jpg","https://www.castlegreenhomes.uk/app/uploads/2023/07/Heaterington-7.jpg","The image shows a bedroom interior with a bed and a desk."
"Woodland Manor","The Heatherington","4","https://www.castlegreenhomes.uk/our-developments/north-west/woodland-manor/the-heatherington/","images/57d71d0bf363d08462121b29ebcb6d31d9329df60f7ebc50c1f0b392769f3c3e.jpg","https://www.castlegreenhomes.uk/app/uploads/2023/07/Heaterington-10.jpg","The image shows a bedroom interior with a bed and a desk."
"Woodland Manor","The Heatherington","4","https://www.castlegreenhomes.uk/our-developments/north-west/woodland-manor/the-heatherington/","images/46d2a7bd30ed474fa1aafb3701dcd756ee9b0e3d92bca523dbe7e416cd5023d2.png","https://www.castlegreenhomes.uk/app/uploads/2024/06/WoodlandManor-Heatherington-AC-Brick_02.png","The image depicts the exterior facade of a residential property."
"Woodland Manor","The Heatherington","4","https://www.castlegreenhomes.uk/our-developments/north-west/woodland-manor/the-heatherington/","images/07a1b0c1be035a59c44e74e62404df95514b466cdcb717f9bcf213257ec367ea.jpg","https://www.castlegreenhomes.uk/app/uploads/2025/01/TheStratford-16.jpg","This is a photograph of a dining room."
"Woodland Manor","The Heatherington","4","https://www.castlegreenhomes.uk/our-developments/north-west/woodland-manor/the-heatherington/","images/7e7e4b05f0400268b3f0adede66917de887cf9e046ffd568cd17406bec045efd.jpg","https://www.castlegreenhomes.uk/app/uploads/2024/06/The-Heatherington-Kitchen-1024x576.jpg","This is a photograph of a furnished kitchen."
"Woodland Manor","The Heatherington","4","https://www.castlegreenhomes.uk/our-developments/north-west/woodland-manor/the-heatherington/","images/c40fd7bed8f65a4067fc293337142e6ec986244e9d9b290a34992e0ece5052bc.jpg","https://www.castlegreenhomes.uk/app/uploads/2025/01/TheStratford-1.jpg","This is a photograph of a furnished living room."
"Woodland Manor","The Heatherington","4","https://www.castlegreenhomes.uk/our-developments/north-west/woodland-manor/the-heatherington/","images/610f6948c749d12b1fd75660c8050a1d797b2c912ecebcf162380de028c3b658.jpg","https://www.castlegreenhomes.uk/app/uploads/2024/06/The-Heatherington-Kitchen-1-1024x576.jpg","The image shows a functional kitchen space."
"Woodland Manor","The Heatherington","4","https://www.castlegreenhomes.uk/our-developments/north-west/woodland-manor/the-heatherington/","images/c8bb8a6a3054890c8ae13c17c66ac2e6fcbaf1a2c584fd1c40c7c072ad30fe62.png","https://www.castlegreenhomes.uk/app/uploads/2024/06/WoodlandManor-Heatherington-AC-Render_02-1024x768.png","The image shows the exterior of a property."
"Woodland Manor","The Heatherington","4","https://www.castlegreenhomes.uk/our-developments/north-west/woodland-manor/the-heatherington/","images/cbe2e555e3b395b76f88e88ef618d7b41463bc651e62b4b388b2820e37415e82.jpg","https://www.castlegreenhomes.uk/app/uploads/2025/01/IMG_6675.jpeg","This is a photograph of a bathroom."
"Woodland Manor","The Heatherington","4","https://www.castlegreenhomes.uk/our-developments/north-west/woodland-manor/the-heatherington/","images/6ca58f80c73dddcffdec1f680141326b2cee33586c1db18326cc5c2d1e01853c.jpg","https://www.castlegreenhomes.uk/app/uploads/2023/07/Heaterington-21.jpg","The image shows a bedroom with a bed and furniture."
"Woodland Manor","The Heatherington","4","https://www.castlegreenhomes.uk/our-developments/north-west/woodland-manor/the-heatherington/","images/1b1bb8ac78d93e175c3811188163207399fb95f102dfba9a99695203cf3a95ca.jpg","https://www.castlegreenhomes.uk/app/uploads/2023/07/Heaterington-30.jpg","The room is set up as a workspace with a desk and chair."
"Woodland Manor","The Heatherington","4","https://www.castlegreenhomes.uk/our-developments/north-west/woodland-manor/the-heatherington/","images/17364b9b63f01c04c53490bea8b153d38ab0ea39b8ef53df92fc3413fca2b43f.jpg","https://www.castlegreenhomes.uk/app/uploads/2022/04/TheStratford-62.jpg","This is a photograph of a bathroom interior."
"Woodland Manor","The Heatherington","4","https://www.castlegreenhomes.uk/our-developments/north-west/woodland-manor/the-heatherington-waterside/","images/46d2a7bd30ed474fa1aafb3701dcd756ee9b0e3d92bca523dbe7e416cd5023d2.png","https://www.castlegreenhomes.uk/app/uploads/2024/06/WoodlandManor-Heatherington-AC-Brick_02.png","The image depicts the exterior facade of a residential property."
"Woodland Manor","The Heatherington","4","https://www.castlegreenhomes.uk/our-developments/north-west/woodland-manor/the-heatherington-waterside/","images/453b79537218800bfa6d3b67fea219813bdacbdfc7184092cece3d9d372fe359.jpg","https://www.castlegreenhomes.uk/app/uploads/2025/01/WentworthSalesOffice-Thornton-41.jpg","The room is a bedroom with a bed and en-suite."
"Woodland Manor","The Heatherington","4","https://www.castlegreenhomes.uk/our-developments/north-west/woodland-manor/the-heatherington-waterside/","images/0b9745ecef932ffead6c181f93a82015bbc0e7f72221c2c5b47c07b77bf7cf42.jpg","https://www.castlegreenhomes.uk/app/uploads/2025/01/WentworthSalesOffice-Thornton-45.jpg","The room is a bedroom with a bed and a small desk."
"Woodland Manor","The Heatherington","4","https://www.castlegreenhomes.uk/our-developments/north-west/woodland-manor/the-heatherington-waterside/","images/409574151b97dff981ac487a223f0502797fdd12cb48f4df812beab433b09ff9.jpg","https://www.castlegreenhomes.uk/app/uploads/2025/01/WentworthSalesOffice-Thornton-48.jpg","This is a photograph of a bedroom interior."
"Woodland Manor","The Heatherington","4","https://www.castlegreenhomes.uk/our-developments/north-west/woodland-manor/the-heatherington-waterside/","images/1acfab8dc4a7dc8c2e52957f19d1330e1933f06200f5eb61986804a53604a8b8.jpg","https://www.castlegreenhomes.uk/app/uploads/2025/01/TheStratford-19.jpg","This is a photograph of a kitchen."
"Woodland Manor","The Heatherington","4","https://www.castlegreenhomes.uk/our-developments/north-west/woodland-manor/the-heatherington-waterside/","images/0a52616f44cc6300722b88e67b56a8bc25df69f2a17a98d0e4de5dd2f4394ba8.jpg","https://www.castlegreenhomes.uk/app/uploads/2025/01/TheStratford-32.jpg","This is a photograph of a dining room."
"Woodland Manor","The Heatherington","4","https://www.castlegreenhomes.uk/our-developments/north-west/woodland-manor/the-heatherington-waterside/","images/c40fd7bed8f65a4067fc293337142e6ec986244e9d9b290a34992e0ece5052bc.jpg","https://www.castlegreenhomes.uk/app/uploads/2025/01/TheStratford-1.jpg","This is a photograph of a furnished living room."
"Woodland Manor","The Heatherington","4","https://www.castlegreenhomes.uk/our-developments/north-west/woodland-manor/the-heatherington-waterside/","images/6cf37ebdb97f1c589b2e6a16ef0f4a5bcf459d1acd06303030648a0e785a810e.jpg","https://www.castlegreenhomes.uk/app/uploads/2025/01/WentworthSalesOffice-Thornton-44.jpg","This is a photograph of a bedroom interior."
"Woodland Manor","The Heatherington","4","https://www.castlegreenhomes.uk/our-developments/north-west/woodland-manor/the-heatherington-waterside/","images/fc00a45171591f76a10eef63275d9b08b0369aa87b7e6ffbdd06fafb771e60bf.jpg","https://www.castlegreenhomes.uk/app/uploads/2024/07/WentworthSalesOffice-Thornton-68.jpg","This is a photograph of a study or home office interior."
"Woodland Manor","The Heatherington","4","https://www.castlegreenhomes.uk/our-developments/north-west/woodland-manor/the-heatherington-waterside/","images/17364b9b63f01c04c53490bea8b153d38ab0ea39b8ef53df92fc3413fca2b43f.jpg","https://www.castlegreenhomes.uk/app/uploads/2022/04/TheStratford-62.jpg","This is a photograph of a bathroom interior."
"Woodland Manor","The Windsor","3","https://www.castlegreenhomes.uk/our-developments/north-west/woodland-manor/the-windsor/","images/d550fe43ec834a967721fe2dde1c52ef6a69cd011c866f22f462f797b0d31ae6.png","https://www.castlegreenhomes.uk/app/uploads/2024/06/WoodlandManor-Windsor-AC-Render_02.png","This is an exterior view of a residential property."
"Woodland Manor","The Windsor","3","https://www.castlegreenhomes.uk/our-developments/north-west/woodland-manor/the-windsor/","images/097cb1f619427ea028023f77d3528422b5c01044cafe7693735defa2fb17838a.jpg","https://www.castlegreenhomes.uk/app/uploads/2024/06/TheWindsor-Congleton-01.jpg","The room is furnished as a living area."
"Woodland Manor","The Windsor","3","https://www.castlegreenhomes.uk/our-developments/north-west/woodland-manor/the-windsor/","images/80ae9965a82df46d49bb79f5c33751eaf2d2b0e923e342286fee5471303f3d57.jpg","https://www.castlegreenhomes.uk/app/uploads/2024/06/TheWindsor-Congleton-32.jpg","This is a photograph of a bedroom interior."
"Woodland Manor","The Windsor","3","https://www.castlegreenhomes.uk/our-developments/north-west/woodland-manor/the-windsor/","images/f1a26aa8e33b6bfba17bc2321cc9f4506545959e3a32ff3ba6004fa6e3887962.jpg","https://www.castlegreenhomes.uk/app/uploads/2024/06/TheWindsor-Congleton-36.jpg","This is a photograph of a kitchen and dining area."
"Woodland Manor","The Windsor","3","https://www.castlegreenhomes.uk/our-developments/north-west/woodland-manor/the-windsor/","images/63e7e562ea054a1810269f54e9bc1cabf48d222360f09060b2111db1045e95af.jpg","https://www.castlegreenhomes.uk/app/uploads/2024/06/TheWindsor-Congleton-21.jpg","This is a photograph of a bedroom interior."
"Woodland Manor","The Windsor","3","https://www.castlegreenhomes.uk/our-developments/north-west/woodland-manor/the-windsor/","images/d17ff15371a3de31884d457895ab98498d26836a55b5703307c869c381146bf0.jpg","https://www.castlegreenhomes.uk/app/uploads/2024/06/TheWindsor-Congleton-10.jpg","This is a photograph of a furnished living room interior."
"Woodland Manor","The Windsor","3","https://www.castlegreenhomes.uk/our-developments/north-west/woodland-manor/the-windsor/","images/d0056bdab20bddc44dee32736bbde4440617c41b54ff075d4b1e031bac273866.png","https://www.castlegreenhomes.uk/app/uploads/2024/06/WoodlandManor-Windsor-AC-Brick_02.png","This is an exterior photograph of a single residential house."
"Woodland Manor","The Windsor","3","https://www.castlegreenhomes.uk/our-developments/north-west/woodland-manor/the-windsor/","images/ccf899d5ed74c2233e2ca3bbd84d0de5c025912487a073cca8bfbd7870813dda.jpg","https://www.castlegreenhomes.uk/app/uploads/2024/06/TheWindsor-Congleton-6.jpg","This is a photograph of a living room."
"Woodland Manor","The Windsor","3","https://www.castlegreenhomes.uk/our-developments/north-west/woodland-manor/the-windsor/","images/fd8b1b781f58b31ca7121ad70f6b5e843e81ef2c8304ea13fdca4718e445ec2b.jpg","https://www.castlegreenhomes.uk/app/uploads/2024/06/TheWindsor-Congleton-31.jpg","This is a photograph of a bedroom."
"Woodland Manor","The Windsor","3","https://www.castlegreenhomes.uk/our-developments/north-west/woodland-manor/the-windsor/","images/2413396b8954cf45666e9052d7946c0a679de30d666eddba7761cd75c86ea98b.jpg","https://www.castlegreenhomes.uk/app/uploads/2024/06/TheWindsor-Congleton-28.jpg","The image depicts a furnished bedroom."
"Woodland Manor","The Windsor","3","https://www.castlegreenhomes.uk/our-developments/north-west/woodland-manor/the-windsor/","images/da9a0cd40cc7473dac8cd4432fa9ce4dd6d8ced8ae2a9ae5b0d8c1b51df7078d.jpg","https://www.castlegreenhomes.uk/app/uploads/2024/06/TheWindsor-Congleton-18.jpg","The image shows a furnished bedroom with an attached bathroom."
"Woodland Manor","The Windsor","3","https://www.castlegreenhomes.uk/our-developments/north-west/woodland-manor/the-windsor/","images/c9948355d0da194bbc6a481b59ef4573a487130bb539da9d0766d103a25057f1.jpg","https://www.castlegreenhomes.uk/app/uploads/2024/06/TheWindsor-Congleton-19.jpg","The room contains a bed and bedroom furniture."
"Woodland Manor","The Windsor","3","https://www.castlegreenhomes.uk/our-developments/north-west/woodland-manor/the-windsor/","images/e2d20a0d5f04ebe27cc9d08b9d42965f39af400df2c7c555813fcbd38da07b78.jpg","https://www.castlegreenhomes.uk/app/uploads/2024/06/TheWindsor-Congleton-20.jpg","The room contains a bed and bedroom furniture."
"Woodland Manor","The Windsor","3","https://www.castlegreenhomes.uk/our-developments/north-west/woodland-manor/the-windsor/","images/f011b6629cc83bc005892af50df008cff96a39cb20160138579e5ecc6c6c0ce7.jpg","https://www.castlegreenhomes.uk/app/uploads/2024/06/TheWindsor-Congleton-34.jpg","The room is a kitchen with cabinetry and appliances."
"Woodland Manor","The Windsor","3","https://www.castlegreenhomes.uk/our-developments/north-west/woodland-manor/the-windsor/","images/a60feeaf1a29012f2f34eb69cb09348537071877d884bbb72f67a26fd269893d.jpg","https://www.castlegreenhomes.uk/app/uploads/2024/06/TheWindsor-Congleton-24.jpg","The room is a utility room with laundry appliances."
"Woodland Manor","The Windsor","3","https://www.castlegreenhomes.uk/our-developments/north-west/woodland-manor/the-windsor/","images/6b234641d2af35ef80eb6ae009c670f963187d9bb69917f953aca8c7e430e62b.jpg","https://www.castlegreenhomes.uk/app/uploads/2024/06/TheWindsor-Congleton-38.jpg","This is an interior photograph of a living and dining area."
"Woodland Manor","The Windsor","3","https://www.castlegreenhomes.uk/our-developments/north-west/woodland-manor/the-windsor/","images/471f5fa740e875c83bd6b489b50c6b986c04d5faf2ca73652799eb198baaec24.jpg","https://www.castlegreenhomes.uk/app/uploads/2024/06/TheWindsor-Congleton-25.jpg","This is an interior photograph of a bedroom."
"Woodland Manor","Woodland Manor","","https://www.castlegreenhomes.uk/our-developments/north-west/woodland-manor/","images/3faef80fd27211afc16713aedf9f506061a5688a5ba63be85a89c5b2f9ca36e8.jpg","https://www.castlegreenhomes.uk/app/uploads/2021/12/woodland_manor_congleton_streetscene.jpg","This is an exterior photograph of a property development."
"Woodland Manor","Woodland Manor","","https://www.castlegreenhomes.uk/our-developments/north-west/woodland-manor/","images/c14953bab42d112defcdcdbf5c58b7fb318417eda044b66e341052162284b796.jpg","https://www.castlegreenhomes.uk/app/uploads/2021/12/woodland_manor_streetscene_front.jpg","This is an exterior photograph of a property development."
"Woodland Manor","Woodland Manor","","https://www.castlegreenhomes.uk/our-developments/north-west/woodland-manor/","images/3a993923aef72ce78532d1354d96175b28ea2ffe36db84b2d4ec5fdcccf07084.jpg","https://www.castlegreenhomes.uk/app/uploads/2025/09/stratford_woodland_manor_360tour.jpg","The furniture and layout are characteristic of a living room."
"Woodland Manor","Woodland Manor","","https://www.castlegreenhomes.uk/our-developments/north-west/woodland-manor/","images/df9c46cb3614f2042e2a911b4e3eac09f6dcfd9b543f11beecb89f320fb82605.jpg","https://www.castlegreenhomes.uk/app/uploads/2021/12/TheWiltshire-Congleton-20.jpg","The image shows a furnished living and dining space within a home."
"Woodland Manor","Woodland Manor","","https://www.castlegreenhomes.uk/our-developments/north-west/woodland-manor/","images/106fbc0d15eeb35a300590de2fa9e422573de2c3e92a04c203fdfd4e6a38973e.jpg","https://www.castlegreenhomes.uk/app/uploads/2021/12/TheWiltshire-Congleton-9.jpg","This is a photograph of a furnished bedroom."
"Woodland Manor","Woodland Manor","","https://www.castlegreenhomes.uk/our-developments/north-west/woodland-manor/","images/5b8bcbe6cac6446b5cdae5d25bb58c3e5adf2b3089c3dad44119239e96bafc90.jpg","https://www.castlegreenhomes.uk/app/uploads/2025/06/Plot2-TheStratford-2.jpg","The image shows a living room interior."
"Woodland Manor","Woodland Manor","","https://www.castlegreenhomes.uk/our-developments/north-west/woodland-manor/","images/d8213a6f22c45357877675c5b9bcf1bd76398d3ad3c5e3003c1e506d8461e7cd.jpg","https://www.castlegreenhomes.uk/app/uploads/2021/12/Drone-Congleton-20.jpg","This is an exterior photograph of a residential property development."
"Woodland Manor","Woodland Manor","","https://www.castlegreenhomes.uk/our-developments/north-west/woodland-manor/","images/49f3e82ce06e8f451e2bded560ff9f169d2192deec49b919d4ff4597b2b48e2b.jpg","https://www.castlegreenhomes.uk/app/uploads/2021/12/TheWiltshire-Congleton-2.jpg","The image shows a furnished bedroom."
"Woodland Manor","Woodland Manor","","https://www.castlegreenhomes.uk/our-developments/north-west/woodland-manor/","images/b446fea5baf20fd15ddbadb2341de9e78b6573b7cc02a67250bab8529c652e8d.jpg","https://www.castlegreenhomes.uk/app/uploads/2025/06/Plot2-TheStratford-7.jpg","This is a photograph of a furnished dining room."
"Woodland Manor","Woodland Manor","","https://www.castlegreenhomes.uk/our-developments/north-west/woodland-manor/","images/c4dbed11b2262ac912af800329af806237718c14b8466c25b7307334f79560ae.jpg","https://www.castlegreenhomes.uk/app/uploads/2021/12/Drone-Congleton-19.jpg","This is an exterior photograph of residential houses."
"Woodland Manor","Woodland Manor","","https://www.castlegreenhomes.uk/our-developments/north-west/woodland-manor/","images/b890d5c8324cc58d3d86e1079622f2e76cd3cba4efe7e6bc02fadcf20da5ced6.jpg","https://www.castlegreenhomes.uk/app/uploads/2021/12/TheWiltshire-Congleton-28.jpg","The image shows a kitchen and dining area."
"Woodland Manor","Woodland Manor","","https://www.castlegreenhomes.uk/our-developments/north-west/woodland-manor/","images/32fccc80eeb368ab4b3c64aec9fb33b7e10faacacf362c6169919f391de027de.jpg","https://www.castlegreenhomes.uk/app/uploads/2025/06/Plot2-TheStratford-8-1-1024x683.jpg","The image shows a furnished bedroom."
"Woodland Manor","Woodland Manor","","https://www.castlegreenhomes.uk/our-developments/north-west/woodland-manor/","images/06593b4df58621ea6e8900cba8a087ad551ee5b7d3fcc4d0ac246957ff1e1275.jpg","https://www.castlegreenhomes.uk/app/uploads/2021/12/TheWiltshire-Congleton-34.jpg","This is a photograph of a kitchen interior."
"Woodland Manor","Woodland Manor","","https://www.castlegreenhomes.uk/our-developments/north-west/woodland-manor/","images/4b0a32875d98e097fdbfd67c659e7a06aa2412768bbbd3e228a9c65ffb7c16e9.jpg","https://www.castlegreenhomes.uk/app/uploads/2025/06/Plot2-TheStratford-18.jpg","This is a photograph of a furnished bedroom."
"Woodland Manor","Woodland Manor","","https://www.castlegreenhomes.uk/our-developments/north-west/woodland-manor/","images/daac8ba07ad545fe563bf98338c8b67dcfcbf38ad0e0613476e7c9fa9c882a11.jpg","https://www.castlegreenhomes.uk/app/uploads/2021/12/woodland_manor_congleton_streetscene_closeup-2048x1536.jpg","This is a promotional exterior rendering of a property development."
"Woodland Manor","Woodland Manor","","https://www.castlegreenhomes.uk/our-developments/north-west/woodland-manor/","images/214774e4467143683d00c0033b2ed18db3b850a4749d3dbf9558ec5afa8455ea.jpg","https://www.castlegreenhomes.uk/app/uploads/2021/12/woodland_manor_streetscene_front-2048x1536.jpg","The image shows the exterior of a residential property development."
"Whinney Brook Meadows","Whinney Brook Meadows","","https://www.castlegreenhomes.uk/our-developments/north-west/whinney-brook-meadows/","images/5d10466739e92cbf7fc75f88ac76879d1ee74c7f6b3bfab22087a008074cf814.jpg","https://www.castlegreenhomes.uk/app/uploads/2025/12/Llys-Y-Coed-woodland-Streetscene_05.jpg","This is an exterior photograph of a residential housing estate."
"Whinney Brook Meadows","Whinney Brook Meadows","","https://www.castlegreenhomes.uk/our-developments/north-west/whinney-brook-meadows/","images/7a21c9d5bbb3d66a1d0192a6429a1b77dcf5983107d53b8f7e5217ad97c1904c.png","https://www.castlegreenhomes.uk/app/uploads/2022/10/Cambridge-Images-1.png","This is a photograph of a kitchen interior."
"Whinney Brook Meadows","Whinney Brook Meadows","","https://www.castlegreenhomes.uk/our-developments/north-west/whinney-brook-meadows/","images/9afbd90fc622b6eceb570f01c49ff48a5cf499793ff878856104491dd32da4a5.jpg","https://www.castlegreenhomes.uk/app/uploads/2025/11/TheOxford-14.jpg","This is a photograph of a furnished living space."
"Whinney Brook Meadows","Whinney Brook Meadows","","https://www.castlegreenhomes.uk/our-developments/north-west/whinney-brook-meadows/","images/eeb08377428b7a434f9d7bc01760233150e5098f471fa58d93e237bf91483349.png","https://www.castlegreenhomes.uk/app/uploads/2022/10/Cambridge-Images11-1.png","This is a photograph of a furnished bedroom interior."
"Whinney Brook Meadows","Whinney Brook Meadows","","https://www.castlegreenhomes.uk/our-developments/north-west/whinney-brook-meadows/","images/239f497fe17c0bf95300f92c62615b9737ff9d180c80b8aac009fc29556698f3.png","https://www.castlegreenhomes.uk/app/uploads/2022/10/Cambridge-Images10-1.png","This is a photograph of a bathroom."
"Whinney Brook Meadows","Whinney Brook Meadows","","https://www.castlegreenhomes.uk/our-developments/north-west/whinney-brook-meadows/","images/cfca5f82ca014b4446616dd1b5679456f9c4414de93383156d1c5df7ffc90192.png","https://www.castlegreenhomes.uk/app/uploads/2022/10/Cambridge-Images5-1.png","This is a photograph of a living room."
"Whinney Brook Meadows","Whinney Brook Meadows","","https://www.castlegreenhomes.uk/our-developments/north-west/whinney-brook-meadows/","images/5f2338aeba9d61bd735c55d7d59edf5913b6f5f413f9a71881345f30e8640fae.jpg","https://www.castlegreenhomes.uk/app/uploads/2025/05/TheWentworth-10.jpg","This is a photograph of a dining room."
"Whinney Brook Meadows","Whinney Brook Meadows","","https://www.castlegreenhomes.uk/our-developments/north-west/whinney-brook-meadows/","images/2b67eb69cfabf8130cbaa904489b7c95a16e741c3ac80a1d361bbfbf5d2435fe.png","https://www.castlegreenhomes.uk/app/uploads/2022/10/Cambridge-Images3-1.png","The image shows a functional utility room with laundry appliances and storage."
"Whinney Brook Meadows","Whinney Brook Meadows","","https://www.castlegreenhomes.uk/our-developments/north-west/whinney-brook-meadows/","images/9caf0925cd434959a6d3697b04809016e0c478338d61cba0822f340751fe2174.jpg","https://www.castlegreenhomes.uk/app/uploads/2026/08/CastleGreen-Couple-3-1024x683.jpg","The image shows a living space with dining and seating furniture."
"Whinney Brook Meadows","Whinney Brook Meadows","","https://www.castlegreenhomes.uk/our-developments/north-west/whinney-brook-meadows/","images/274d9a262f3238604b238de4c0276c8ec137fcf858db6b83cc22580f35abead4.jpg","https://www.castlegreenhomes.uk/app/uploads/2025/05/TheWentworth-5.jpg","This is a photograph of a furnished bedroom."
"Whinney Brook Meadows","Whinney Brook Meadows","","https://www.castlegreenhomes.uk/our-developments/north-west/whinney-brook-meadows/","images/6291954847766999c26ed9be856428c8a21f89f602c899645d1ac49b62abf5e7.jpg","https://www.castlegreenhomes.uk/app/uploads/2026/02/CastleGreen-Family-48-1024x683.jpg","The image shows a fully equipped kitchen."
"Whinney Brook Meadows","Whinney Brook Meadows","","https://www.castlegreenhomes.uk/our-developments/north-west/whinney-brook-meadows/","images/be8be45d9f9c94616538c5688348c90324b103aa7e10ec2e7ac03d0aae7d6aac.jpg","https://www.castlegreenhomes.uk/app/uploads/2025/11/TheOxford-20.jpg","This is a photograph of a furnished bedroom."
"Whinney Brook Meadows","Whinney Brook Meadows","","https://www.castlegreenhomes.uk/our-developments/north-west/whinney-brook-meadows/","images/7fccf35d427f15b1f767ef7f519e1293ffddf1f0cbc4df92a14017b298309605.jpg","https://www.castlegreenhomes.uk/app/uploads/2025/11/TheOxford-4.jpg","This is an interior photograph of a dining room."
"Whinney Brook Meadows","Whinney Brook Meadows","","https://www.castlegreenhomes.uk/our-developments/north-west/whinney-brook-meadows/","images/e8743669f4d817809e5f7ecf503857e14292a30507f5153cec54858a983e0608.jpg","https://www.castlegreenhomes.uk/app/uploads/2026/02/CastleGreen-Couple-105-1024x683.jpg","The room is clearly set up as a workspace with a desk and chair."
"Whinney Brook Meadows","Whinney Brook Meadows","","https://www.castlegreenhomes.uk/our-developments/north-west/whinney-brook-meadows/","images/e802720a1242add55d8e71bdc361cd6f54e174cd96337dd3bf313a9011fcc8af.jpg","https://www.castlegreenhomes.uk/app/uploads/2025/05/TheOxford-12.jpg","This is a photograph of a kitchen interior."
"Whinney Brook Meadows","Whinney Brook Meadows","","https://www.castlegreenhomes.uk/our-developments/north-west/whinney-brook-meadows/","images/c761ea7e290657156aac09b67bffa5dc2adc808edb8863feb46adb191019ea31.jpg","https://www.castlegreenhomes.uk/app/uploads/2025/11/TheOxford-17.jpg","This is a photograph of a furnished nursery room."
"Whinney Brook Meadows","Whinney Brook Meadows","","https://www.castlegreenhomes.uk/our-developments/north-west/whinney-brook-meadows/","images/687e88e69aefebdc2e788e27cf191b3536104b0b000bf3bce54489e0b9144bf4.jpg","https://www.castlegreenhomes.uk/app/uploads/2026/02/CastleGreen-Couple-47-1024x683.jpg","The room is a kitchen with appliances and a breakfast bar."
"Whinney Brook Meadows","Whinney Brook Meadows","","https://www.castlegreenhomes.uk/our-developments/north-west/whinney-brook-meadows/","images/8ed3abad056da4b14adcb4ba93671c70937e0299235562c3db9ed6ebc3d558dc.jpg","https://www.castlegreenhomes.uk/app/uploads/2025/05/TheWentworth-17.jpg","This is a photograph of a furnished bedroom."
"Whinney Brook Meadows","Whinney Brook Meadows","","https://www.castlegreenhomes.uk/our-developments/north-west/whinney-brook-meadows/","images/8f6aae111274630ef4a866abeccd6439480473e205ac3aa9a29417ffd2ee8b64.jpg","https://www.castlegreenhomes.uk/app/uploads/2026/01/CastleGreen-Family-27-1-1024x683.jpg","The room is a dining space with a table and chairs."
"Whinney Brook Meadows","Whinney Brook Meadows","","https://www.castlegreenhomes.uk/our-developments/north-west/whinney-brook-meadows/","images/fc9c862a195513ae37c46cb3502fa997226fd9cd7eee6b2bf8f3e82d29a37b6e.jpg","https://www.castlegreenhomes.uk/app/uploads/2026/01/TheWentworth-14.jpg","This is a photograph of a bathroom interior."
"Whinney Brook Meadows","Whinney Brook Meadows","","https://www.castlegreenhomes.uk/our-developments/north-west/whinney-brook-meadows/","images/a6e17dc55266b8c44279ff6fc95a35019ea796d0e94af1834a6f100785ecdc2a.jpg","https://www.castlegreenhomes.uk/app/uploads/2026/01/TheWentworth-27.jpg","The image shows a functional bathroom space with standard sanitary ware."
"Whinney Brook Meadows","Whinney Brook Meadows","","https://www.castlegreenhomes.uk/our-developments/north-west/whinney-brook-meadows/","images/64932e205832f8082300a137c385efe8f9fd65458298b34e202c6ce29d8bc092.jpg","https://www.castlegreenhomes.uk/app/uploads/2025/05/TheWentworth-6.jpg","The presence of a bed and child-focused decor confirms this is a bedroom."
"Whinney Brook Meadows","Whinney Brook Meadows","","https://www.castlegreenhomes.uk/our-developments/north-west/whinney-brook-meadows/","images/f7910cf4a9d2dded58f0ae4dbb592e3b5935ce2f5221ace63607fd765708a02f.jpg","https://www.castlegreenhomes.uk/app/uploads/2025/05/Henley-MYC-42.jpg","This is a photograph of a bedroom."
"Whinney Brook Meadows","Whinney Brook Meadows","","https://www.castlegreenhomes.uk/our-developments/north-west/whinney-brook-meadows/","images/40b2abc4150d75d67ea77cf533ba0cb51b187cd5810c5066814be8cdb0e36aba.jpg","https://www.castlegreenhomes.uk/app/uploads/2025/05/Henley-MYC-40.jpg","This is a photograph of a room set up as a study or home office."
"Whinney Brook Meadows","Whinney Brook Meadows","","https://www.castlegreenhomes.uk/our-developments/north-west/whinney-brook-meadows/","images/055ba7ed72586ec4a86a15b735ee3e404d11a7e35735e633d3316b7a1b4546fe.jpg","https://www.castlegreenhomes.uk/app/uploads/2026/07/TheAshbourne-49.jpg","This is an interior photograph of a kitchen."
"Whinney Brook Meadows","Whinney Brook Meadows","","https://www.castlegreenhomes.uk/our-developments/north-west/whinney-brook-meadows/","images/24850416f14905305b9fd5ad47bb754aac2a81e4a39a804f1433eca00ec84804.jpg","https://www.castlegreenhomes.uk/app/uploads/2026/01/TheWentworth-26.jpg","This is a photograph of a furnished living room."
"Whinney Brook Meadows","Whinney Brook Meadows","","https://www.castlegreenhomes.uk/our-developments/north-west/whinney-brook-meadows/","images/1b472fb000969c5880c510fc3c04b5c6432a591e7d67fc65014a2502d2dda236.jpg","https://www.castlegreenhomes.uk/app/uploads/2026/01/TheWentworth-12.jpg","This is a photograph of a residential kitchen."
"Bridgewater View at Daresbury Garden Village","The Henley","3","https://www.castlegreenhomes.uk/our-developments/north-west/bridgewater-view/the-henley/","images/d85bab4a273de86f4536cb24d3d86d7df701d289230585ff21f4011b2eada92c.png","https://www.castlegreenhomes.uk/app/uploads/2022/11/Henley.png","This is an exterior architectural visualization of a property."
"Bridgewater View at Daresbury Garden Village","The Henley","3","https://www.castlegreenhomes.uk/our-developments/north-west/bridgewater-view/the-henley/","images/d5f53b2491bb3078c4cbc35f601a8c42795fe2ec099c0c7dead2528337a40dae.jpg","https://www.castlegreenhomes.uk/app/uploads/2025/01/the_marlow_llys_y_coed_rhosrobin_living_room_media-1.jpg","This is a photograph of a living room."
"Bridgewater View at Daresbury Garden Village","The Henley","3","https://www.castlegreenhomes.uk/our-developments/north-west/bridgewater-view/the-henley/","images/03cdbece8f66e86a9ae35e83eaad635b67d362e14b000cf6d9fcc68c53988fe3.jpg","https://www.castlegreenhomes.uk/app/uploads/2022/04/the_marlow_llys_y_coed_rhosrobin_kitchen.jpg","This is a photograph of a kitchen."
"Bridgewater View at Daresbury Garden Village","The Henley","3","https://www.castlegreenhomes.uk/our-developments/north-west/bridgewater-view/the-henley/","images/c27ddc1bcd947dee661ab927719b5c3c5289c1ae166ddd7cb6b505194ffb54eb.jpg","https://www.castlegreenhomes.uk/app/uploads/2025/01/the_marlow_llys_y_coed_rhosrobin_primary_bedroom.jpg","The image shows a furnished bedroom."
"Bridgewater View at Daresbury Garden Village","The Henley","3","https://www.castlegreenhomes.uk/our-developments/north-west/bridgewater-view/the-henley/","images/ba36e08ae14b87a9de987c230b18aa7a6fa0a569ca8ec82650c501ca0a227b36.jpg","https://www.castlegreenhomes.uk/app/uploads/2025/01/the_marlow_llys_y_coed_rhosrobin_bedroom2.jpg","This is a photograph of a furnished bedroom."
"Bridgewater View at Daresbury Garden Village","The Henley","3","https://www.castlegreenhomes.uk/our-developments/north-west/bridgewater-view/the-henley/","images/56e74a74025505a463a9589a7948f4487577b83ae47b043ba06db9ef6758524c.jpg","https://www.castlegreenhomes.uk/app/uploads/2024/05/the_henley-1024x768.jpg","This is an exterior view of a residential property."
"Bridgewater View at Daresbury Garden Village","The Henley","3","https://www.castlegreenhomes.uk/our-developments/north-west/bridgewater-view/the-henley/","images/5b0ee6158752bb57054e0797ec68ef68cc403446ccc47ecbb63308247b517a09.jpg","https://www.castlegreenhomes.uk/app/uploads/2025/01/the_marlow_llys_y_coed_rhosrobin_living_room.jpg","This is a photograph of a living room."
"Bridgewater View at Daresbury Garden Village","The Henley","3","https://www.castlegreenhomes.uk/our-developments/north-west/bridgewater-view/the-henley/","images/7bb0f2a4b37dad0e7613c897404181045075ff34d3a19ba9faab0958739df44d.jpg","https://www.castlegreenhomes.uk/app/uploads/2022/04/the_marlow_llys_y_coed_rhosrobin_bedroom3_dressing_room.jpg","This is a photograph of a furnished bedroom or dressing area."
"Bridgewater View at Daresbury Garden Village","The Wentworth","4","https://www.castlegreenhomes.uk/our-developments/north-west/bridgewater-view/the-wentworth/","images/da5bcaab438a0d63675208d3edbc80f2a0acf0a3d21381aa3a087ed1c98e62e5.png","https://www.castlegreenhomes.uk/app/uploads/2022/11/Wentworth-Wentworth-Lifestyle.png","This is a promotional exterior rendering of a property."
"Bridgewater View at Daresbury Garden Village","The Wentworth","4","https://www.castlegreenhomes.uk/our-developments/north-west/bridgewater-view/the-wentworth/","images/1b472fb000969c5880c510fc3c04b5c6432a591e7d67fc65014a2502d2dda236.jpg","https://www.castlegreenhomes.uk/app/uploads/2026/01/TheWentworth-12.jpg","This is a photograph of a residential kitchen."
"Bridgewater View at Daresbury Garden Village","The Wentworth","4","https://www.castlegreenhomes.uk/our-developments/north-west/bridgewater-view/the-wentworth/","images/5f2338aeba9d61bd735c55d7d59edf5913b6f5f413f9a71881345f30e8640fae.jpg","https://www.castlegreenhomes.uk/app/uploads/2025/05/TheWentworth-10.jpg","This is a photograph of a dining room."
"Bridgewater View at Daresbury Garden Village","The Wentworth","4","https://www.castlegreenhomes.uk/our-developments/north-west/bridgewater-view/the-wentworth/","images/2590bda98fb3d36274fcd0c629802a9b4dd80dfa0a414ba0794c22393c66f598.jpg","https://www.castlegreenhomes.uk/app/uploads/2025/05/TheWentworth-28.jpg","This is a photograph of a furnished living room."
"Bridgewater View at Daresbury Garden Village","The Wentworth","4","https://www.castlegreenhomes.uk/our-developments/north-west/bridgewater-view/the-wentworth/","images/ea652dc8e1fdfb33c7d542046da120a46138592ba5d73d61595e1d95a7308f1a.jpg","https://www.castlegreenhomes.uk/app/uploads/2025/05/TheWentworth.jpg","This is a photograph of a furnished bedroom."
"Bridgewater View at Daresbury Garden Village","The Wentworth","4","https://www.castlegreenhomes.uk/our-developments/north-west/bridgewater-view/the-wentworth/","images/fc9c862a195513ae37c46cb3502fa997226fd9cd7eee6b2bf8f3e82d29a37b6e.jpg","https://www.castlegreenhomes.uk/app/uploads/2026/01/TheWentworth-14.jpg","This is a photograph of a bathroom interior."
"Bridgewater View at Daresbury Garden Village","The Wentworth","4","https://www.castlegreenhomes.uk/our-developments/north-west/bridgewater-view/the-wentworth/","images/45a37013fa4b5499bdeda9557a7c143a2f979d0172b562226ee7d985ccd9bf83.jpg","https://www.castlegreenhomes.uk/app/uploads/2022/04/P-CGH004-Prestatyn_WEN_Plot-35_Final-1024x576.jpg","This is an exterior view of a residential property."
"Bridgewater View at Daresbury Garden Village","The Wentworth","4","https://www.castlegreenhomes.uk/our-developments/north-west/bridgewater-view/the-wentworth/","images/05f83f985e5f3e84f18761f1bc99e3b79b780d4bb45120d59b7afef7709d5e49.jpg","https://www.castlegreenhomes.uk/app/uploads/2026/01/the_wentworth_core-1024x768.jpg","The image shows the exterior of a residential property."
"Bridgewater View at Daresbury Garden Village","The Wentworth","4","https://www.castlegreenhomes.uk/our-developments/north-west/bridgewater-view/the-wentworth/","images/2ce81e604aa9c397ea93458021a4ea9431627f658e7c45fb56cab551c7065077.jpg","https://www.castlegreenhomes.uk/app/uploads/2026/01/TheWentworth-11.jpg","This is a photograph of a residential kitchen."
"Bridgewater View at Daresbury Garden Village","The Wentworth","4","https://www.castlegreenhomes.uk/our-developments/north-west/bridgewater-view/the-wentworth/","images/27ad07847ad3f41216e95e9a1354b53c2a69ee25ea0a03e1102d0e29f30a1c5d.jpg","https://www.castlegreenhomes.uk/app/uploads/2025/05/TheWentworth-7.jpg","The room contains laundry appliances and utility-style cabinetry, characteristic of a utility room."
"Bridgewater View at Daresbury Garden Village","The Wentworth","4","https://www.castlegreenhomes.uk/our-developments/north-west/bridgewater-view/the-wentworth/","images/24850416f14905305b9fd5ad47bb754aac2a81e4a39a804f1433eca00ec84804.jpg","https://www.castlegreenhomes.uk/app/uploads/2026/01/TheWentworth-26.jpg","This is a photograph of a furnished living room."
"Bridgewater View at Daresbury Garden Village","The Wentworth","4","https://www.castlegreenhomes.uk/our-developments/north-west/bridgewater-view/the-wentworth/","images/a6e17dc55266b8c44279ff6fc95a35019ea796d0e94af1834a6f100785ecdc2a.jpg","https://www.castlegreenhomes.uk/app/uploads/2026/01/TheWentworth-27.jpg","The image shows a functional bathroom space with standard sanitary ware."
"Bridgewater View at Daresbury Garden Village","The Wentworth","4","https://www.castlegreenhomes.uk/our-developments/north-west/bridgewater-view/the-wentworth/","images/8ed3abad056da4b14adcb4ba93671c70937e0299235562c3db9ed6ebc3d558dc.jpg","https://www.castlegreenhomes.uk/app/uploads/2025/05/TheWentworth-17.jpg","This is a photograph of a furnished bedroom."
"Bridgewater View at Daresbury Garden Village","The Wentworth","4","https://www.castlegreenhomes.uk/our-developments/north-west/bridgewater-view/the-wentworth/","images/a92191fac87e82220612c342c3354038f17c613ea104b2ed9b8b61ef15992f49.jpg","https://www.castlegreenhomes.uk/app/uploads/2026/01/TheWentworth-19.jpg","This is a photograph of a furnished bedroom."
"Bridgewater View at Daresbury Garden Village","The Wentworth","4","https://www.castlegreenhomes.uk/our-developments/north-west/bridgewater-view/the-wentworth/","images/83a5f8b2734fb0f2ba5a71679eae83f7218e68c90393a5b86e32733bd185f908.jpg","https://www.castlegreenhomes.uk/app/uploads/2026/01/TheWentworth-21.jpg","The image depicts a furnished bedroom."
"Bridgewater View at Daresbury Garden Village","The Wentworth","4","https://www.castlegreenhomes.uk/our-developments/north-west/bridgewater-view/the-wentworth/","images/cfff8d1c59d2e5f89e35b899fc2775e13797caa2238f574064a52657be1e39df.jpg","https://www.castlegreenhomes.uk/app/uploads/2026/01/TheWentworth-23.jpg","The image shows a bathroom with sanitary fixtures."
"Bridgewater View at Daresbury Garden Village","The Windsor","3","https://www.castlegreenhomes.uk/our-developments/north-west/bridgewater-view/the-windsor/","images/52c82288ead6076649a2805c9f111285458a685b3aaefa4fb76c3bb09c4cd244.png","https://www.castlegreenhomes.uk/app/uploads/2022/12/Windsor.png","The image shows the exterior of a residential property."
"Bridgewater View at Daresbury Garden Village","The Windsor","3","https://www.castlegreenhomes.uk/our-developments/north-west/bridgewater-view/the-windsor/","images/84b8867aecf0712e326f11c9e2f9388cacabd1f14bcaaa015d19c6642e597a16.jpg","https://www.castlegreenhomes.uk/app/uploads/2023/10/The_Windsor_Bridgewater_View_Daresbury_New_Home-13.jpg","This is a photograph of a living room."
"Bridgewater View at Daresbury Garden Village","The Windsor","3","https://www.castlegreenhomes.uk/our-developments/north-west/bridgewater-view/the-windsor/","images/b6557271fa219c597912beac3036a915955c41c39a65a863abcaf066022c6db4.jpg","https://www.castlegreenhomes.uk/app/uploads/2023/10/The_Windsor_Bridgewater_View_Daresbury_New_Home-67.jpg","This is a photograph of a bedroom interior."
"Bridgewater View at Daresbury Garden Village","The Windsor","3","https://www.castlegreenhomes.uk/our-developments/north-west/bridgewater-view/the-windsor/","images/8e033cd094c24adb91ecc6e1bcc54f6582f533ae39c3ca785cb52b7d7398a882.jpg","https://www.castlegreenhomes.uk/app/uploads/2023/10/The_Windsor_Bridgewater_View_Daresbury_New_Home-1.jpg","This is a photograph of a kitchen and dining space."
"Bridgewater View at Daresbury Garden Village","The Windsor","3","https://www.castlegreenhomes.uk/our-developments/north-west/bridgewater-view/the-windsor/","images/e70461b8c0cf3c9a136876f06d2d91eaa63cd19366bda44841ed7f2eed557db8.jpg","https://www.castlegreenhomes.uk/app/uploads/2023/10/The_Windsor_Bridgewater_View_Daresbury_New_Home-83.jpg","This is a photograph of a bedroom interior showing a desk area."
"Bridgewater View at Daresbury Garden Village","The Windsor","3","https://www.castlegreenhomes.uk/our-developments/north-west/bridgewater-view/the-windsor/","images/1a2ff5948bbcf9f852dd8f6d6a9bc59f5ca267f288fcaf85d04fdb88f307b249.jpg","https://www.castlegreenhomes.uk/app/uploads/2023/10/The_Windsor_Bridgewater_View_Daresbury_New_Home-76.jpg","The room is a living area with a sofa and decorative elements."
"Bridgewater View at Daresbury Garden Village","The Windsor","3","https://www.castlegreenhomes.uk/our-developments/north-west/bridgewater-view/the-windsor/","images/5550e58370df204ccf55c4cc017dd730eca4505478773c95666cbad3248a6e49.jpg","https://www.castlegreenhomes.uk/app/uploads/2023/10/The_Windsor_Bridgewater_View_Daresbury_New_Home-18.jpg","This is a photograph of a living room interior."
"Bridgewater View at Daresbury Garden Village","The Windsor","3","https://www.castlegreenhomes.uk/our-developments/north-west/bridgewater-view/the-windsor/","images/eb97994c520b6822bb2643cb7c074108e9a9ddb0a9b4d745de1d1bd36c423a43.jpg","https://www.castlegreenhomes.uk/app/uploads/2024/05/the_alderton_core-1024x768.jpg","This is an exterior photograph of a residential property."
"Bridgewater View at Daresbury Garden Village","The Windsor","3","https://www.castlegreenhomes.uk/our-developments/north-west/bridgewater-view/the-windsor/","images/997ff803410bbccc0ac903f3fd4c6397413ea0691b18fd0fd9945663ef5a7112.jpg","https://www.castlegreenhomes.uk/app/uploads/2023/10/The_Windsor_Bridgewater_View_Daresbury_New_Home-50-1.jpg","The image shows a kitchen interior."
"Bridgewater View at Daresbury Garden Village","The Windsor","3","https://www.castlegreenhomes.uk/our-developments/north-west/bridgewater-view/the-windsor/","images/366e71e76e906c6c3f0923132ccc601031b15e966d4fcfa6b47cd99d420470b1.jpg","https://www.castlegreenhomes.uk/app/uploads/2023/10/The_Windsor_Bridgewater_View_Daresbury_New_Home-91.jpg","This is a photograph of a dining room."
"Bridgewater View at Daresbury Garden Village","The Windsor","3","https://www.castlegreenhomes.uk/our-developments/north-west/bridgewater-view/the-windsor/","images/260523eccbec828efc34149b4c779f335a30d991ac32bcaeee33082cf9214d2c.jpg","https://www.castlegreenhomes.uk/app/uploads/2023/10/The_Windsor_Bridgewater_View_Daresbury_New_Home-6.jpg","This is an interior photograph of a living room."
"Bridgewater View at Daresbury Garden Village","The Windsor","3","https://www.castlegreenhomes.uk/our-developments/north-west/bridgewater-view/the-windsor/","images/0e588e7c33914f638c223336da22b7a2004beaa2124dabe5315a5fcf123bf132.jpg","https://www.castlegreenhomes.uk/app/uploads/2023/10/The_Windsor_Bridgewater_View_Daresbury_New_Home-19.jpg","The image shows a living room interior."
"Bridgewater View at Daresbury Garden Village","The Windsor","3","https://www.castlegreenhomes.uk/our-developments/north-west/bridgewater-view/the-windsor/","images/1547ed554707e05c5cce5c0ded22d527937df14bd13535d0f0241fe9f4392d22.jpg","https://www.castlegreenhomes.uk/app/uploads/2023/10/The_Windsor_Bridgewater_View_Daresbury_New_Home-59.jpg","This is a photograph of a living room interior."
"Bridgewater View at Daresbury Garden Village","The Windsor","3","https://www.castlegreenhomes.uk/our-developments/north-west/bridgewater-view/the-windsor/","images/d1fe551bc55b3265066350966f75a791c2f9ec37666c7a30c78c7f8fa4e2aaa6.jpg","https://www.castlegreenhomes.uk/app/uploads/2023/10/The_Windsor_Bridgewater_View_Daresbury_New_Home-28.jpg","This is a photograph of a bedroom interior."
"Bridgewater View at Daresbury Garden Village","The Windsor","3","https://www.castlegreenhomes.uk/our-developments/north-west/bridgewater-view/the-windsor/","images/82e6098f5957b605786f8dee218a049b47be919f7e96af04cb18b689ab9986e8.jpg","https://www.castlegreenhomes.uk/app/uploads/2023/10/The_Windsor_Bridgewater_View_Daresbury_New_Home-85.jpg","This is a photograph of a bedroom interior."
"Bridgewater View at Daresbury Garden Village","The Windsor","3","https://www.castlegreenhomes.uk/our-developments/north-west/bridgewater-view/the-windsor/","images/2f24e752e5ed935ef4aa91bb0a3b2d42aa7dee502445dcfcf2a487f34bb14cf7.jpg","https://www.castlegreenhomes.uk/app/uploads/2023/10/The_Windsor_Bridgewater_View_Daresbury_New_Home-34-769x1024.jpg","This is an interior photograph of a hallway."
"Bridgewater View at Daresbury Garden Village","The Windsor","3","https://www.castlegreenhomes.uk/our-developments/north-west/bridgewater-view/the-windsor/","images/18ceb0b414c3b98bdf4bdc01bfe272aec0c6edb8533a15695645607c0bfc42a3.jpg","https://www.castlegreenhomes.uk/app/uploads/2023/10/The_Windsor_Bridgewater_View_Daresbury_New_Home-33.jpg","This is an interior view of a bathroom."
"Bridgewater View at Daresbury Garden Village","The Windsor","3","https://www.castlegreenhomes.uk/our-developments/north-west/bridgewater-view/the-windsor/","images/92ed1e28049b74edc6401730d0913c2ed79f3083d09dbbe06877a4101159d67c.jpg","https://www.castlegreenhomes.uk/app/uploads/2023/10/The_Windsor_Bridgewater_View_Daresbury_New_Home-32.jpg","This is a photograph of a bathroom interior."
"Bridgewater View at Daresbury Garden Village","The Windsor","3","https://www.castlegreenhomes.uk/our-developments/north-west/bridgewater-view/the-windsor/","images/3754c9a8bfd28a39188e3d87d0bd66183bc185376e5b21bccaee4de68f1867e0.jpg","https://www.castlegreenhomes.uk/app/uploads/2023/10/The_Windsor_Bridgewater_View_Daresbury_New_Home-78.jpg","The image depicts a furnished bedroom."
"Bridgewater View at Daresbury Garden Village","The Windsor","3","https://www.castlegreenhomes.uk/our-developments/north-west/bridgewater-view/the-windsor/","images/3159fc25effaca9a0dbfcc43fd08bbbf9a4b63065f7ffe0f9e24e4852eefc026.jpg","https://www.castlegreenhomes.uk/app/uploads/2023/10/The_Windsor_Bridgewater_View_Daresbury_New_Home-79.jpg","The image shows a bedroom interior."
"Bridgewater View at Daresbury Garden Village","The Windsor","3","https://www.castlegreenhomes.uk/our-developments/north-west/bridgewater-view/the-windsor/","images/19974e83693604ecf14d61d2608e1d2a5e63e48cae01b70f3a80043f5519b038.jpg","https://www.castlegreenhomes.uk/app/uploads/2023/10/The_Windsor_Bridgewater_View_Daresbury_New_Home-80.jpg","This is a photograph of a bedroom interior."
"Bridgewater View at Daresbury Garden Village","The Windsor","3","https://www.castlegreenhomes.uk/our-developments/north-west/bridgewater-view/the-windsor/","images/86fd7104a4ee99e378fa98f8c5a841c4a8ce5ea0a62a036bbd5ab8c4294ee560.jpg","https://www.castlegreenhomes.uk/app/uploads/2023/10/The_Windsor_Bridgewater_View_Daresbury_New_Home-81.jpg","This is a photograph of a bedroom interior."
"Bridgewater View at Daresbury Garden Village","The Windsor","3","https://www.castlegreenhomes.uk/our-developments/north-west/bridgewater-view/the-windsor/","images/251ebd99e676756bdcf8dbd18e67b19affe7a8871a3505088607cd48f5a1631e.jpg","https://www.castlegreenhomes.uk/app/uploads/2023/10/The_Windsor_Bridgewater_View_Daresbury_New_Home-82.jpg","The image shows a transitional space with a desk setup leading into a bathroom."
"Bridgewater View at Daresbury Garden Village","The Windsor","3","https://www.castlegreenhomes.uk/our-developments/north-west/bridgewater-view/the-windsor/","images/6b90ded8e6d81ce98523c5895276c9623b36769a85d3f122f87f65ac0346e2ba.jpg","https://www.castlegreenhomes.uk/app/uploads/2024/05/Alderton-Windsor-render-2-1024x768.jpg","This is a photograph of the exterior of a residential property."
"Bridgewater View at Daresbury Garden Village","The Alderton","4","https://www.castlegreenhomes.uk/our-developments/north-west/bridgewater-view/the-alderton/","images/51c866f1bd137220d283cdd860148bbc6393d8657f8217dcd7b43795d69b0e75.png","https://www.castlegreenhomes.uk/app/uploads/2022/04/Alderton.png","This is an exterior photograph of a residential property."
"Bridgewater View at Daresbury Garden Village","The Alderton","4","https://www.castlegreenhomes.uk/our-developments/north-west/bridgewater-view/the-alderton/","images/fd6ac5abdf14357daf4c75dded93bc61d7627d4e6864f04f2bce91c032fdfdaa.jpg","https://www.castlegreenhomes.uk/app/uploads/2022/04/CGHomes-01.jpg","This is an interior photograph of a bedroom."
"Bridgewater View at Daresbury Garden Village","The Alderton","4","https://www.castlegreenhomes.uk/our-developments/north-west/bridgewater-view/the-alderton/","images/916a7158f999383badef149083b52bcb718f07f2ac370ea5299ebd43d8dc626d.jpg","https://www.castlegreenhomes.uk/app/uploads/2022/04/CGHomes-5-1-e1683647562617.jpg","This is a photograph of a furnished bedroom."
"Bridgewater View at Daresbury Garden Village","The Alderton","4","https://www.castlegreenhomes.uk/our-developments/north-west/bridgewater-view/the-alderton/","images/620995a47967ce7d5eb092f5b5d5dd17da94e7f0eb1e9f65343a32e744ab0e72.jpg","https://www.castlegreenhomes.uk/app/uploads/2022/04/CGHomes-9-1-e1683647569153.jpg","This is a photograph of a furnished bedroom."
"Bridgewater View at Daresbury Garden Village","The Alderton","4","https://www.castlegreenhomes.uk/our-developments/north-west/bridgewater-view/the-alderton/","images/3ce8e0f35956251b87b7152d3713aac87e825da507cccb80c22a96fb2f33bd3b.jpg","https://collegepark.uk/wp-content/uploads/2024/01/CGHomes-22-scaled.jpg","The image shows a furnished bedroom interior."
"Bridgewater View at Daresbury Garden Village","The Alderton","4","https://www.castlegreenhomes.uk/our-developments/north-west/bridgewater-view/the-alderton/","images/62d11a33c469f65df538f617a819189c5642b75893522eafc1565d68f0ac5668.jpg","https://collegepark.uk/wp-content/uploads/2024/01/CGHomes-45-scaled.jpg","The image shows a furnished living area with a sofa and coffee table."
"Bridgewater View at Daresbury Garden Village","The Alderton","4","https://www.castlegreenhomes.uk/our-developments/north-west/bridgewater-view/the-alderton/","images/a42ddf22ea706f02c1af9c57d789906ee95b283213c5e2027eb131843ac41373.jpg","https://www.castlegreenhomes.uk/app/uploads/2022/04/CGHomes-48-e1683647596528.jpg","This is a photograph of a furnished living room area."
"Bridgewater View at Daresbury Garden Village","The Alderton","4","https://www.castlegreenhomes.uk/our-developments/north-west/bridgewater-view/the-alderton/","images/c5a0e5eaa2ce533a0635c45550ed24700d7401dec0f22afc078107beaf623016.jpg","https://www.castlegreenhomes.uk/app/uploads/2024/05/Alderton-Windsor-2-1024x768.jpg","This is a photograph of the exterior of a property."
"Bridgewater View at Daresbury Garden Village","The Alderton","4","https://www.castlegreenhomes.uk/our-developments/north-west/bridgewater-view/the-alderton/","images/0d709383b662bc3a9b2c7b2880e6adc8f20e5efb18b2839967e69271a0e2061d.jpg","https://www.castlegreenhomes.uk/app/uploads/2022/04/Alderton-001-e1683647614138.jpg","This is a photograph of a furnished living area."
"Bridgewater View at Daresbury Garden Village","The Alderton","4","https://www.castlegreenhomes.uk/our-developments/north-west/bridgewater-view/the-alderton/","images/a6024bf2c06bc0e89300f30157a532011a4d7776b0b30795d0a9fa0dca2d1606.jpg","https://www.castlegreenhomes.uk/app/uploads/2022/04/Alderton-021-1-e1683647621515.jpg","This is a photograph of a bedroom interior."
"Bridgewater View at Daresbury Garden Village","The Alderton","4","https://www.castlegreenhomes.uk/our-developments/north-west/bridgewater-view/the-alderton/","images/c943cdf0789fb70b2b63566529887617d4273216601dbd8730641a28b165bc2b.jpg","https://www.castlegreenhomes.uk/app/uploads/2022/04/Alderton-012-e1683647628536.jpg","This is a photograph of a dining room."
"Bridgewater View at Daresbury Garden Village","The Alderton","4","https://www.castlegreenhomes.uk/our-developments/north-west/bridgewater-view/the-alderton/","images/3b8316ca1568a6b37ab1b2a90eb31be2816ae5a2294172b4d4a46728339b0e77.jpg","https://www.castlegreenhomes.uk/app/uploads/2022/04/Alderton-027-e1683647638355.jpg","This is a photograph of a bedroom."
"Bridgewater View at Daresbury Garden Village","The Alderton","4","https://www.castlegreenhomes.uk/our-developments/north-west/bridgewater-view/the-alderton/","images/2d957806edf65c95d7bbb9391b4fdb738d6ff33807975ee5e9597d922232a411.jpg","https://www.castlegreenhomes.uk/app/uploads/2022/04/Alderton-003-e1683647646423.jpg","This is a photograph of a living room."
"Bridgewater View at Daresbury Garden Village","The Alderton","4","https://www.castlegreenhomes.uk/our-developments/north-west/bridgewater-view/the-alderton/","images/167e90dd6ce55c7173c17658ee14504079a596c2953dd3a4e0c425cfa1ad5268.jpg","https://www.castlegreenhomes.uk/app/uploads/2022/04/Alderton-005-e1683647653625.jpg","This is a photograph of a playroom."
"Bridgewater View at Daresbury Garden Village","The Alderton","4","https://www.castlegreenhomes.uk/our-developments/north-west/bridgewater-view/the-alderton/","images/1f93c70848444cd33f1f39a25c2d8bbc39e8efc7c86216b1e3250ed1aae1d068.jpg","https://www.castlegreenhomes.uk/app/uploads/2022/04/Alderton-006-Copy-1-e1683647661733.jpg","This is a photograph of a furnished living and dining space."
"Bridgewater View at Daresbury Garden Village","The Alderton","4","https://www.castlegreenhomes.uk/our-developments/north-west/bridgewater-view/the-alderton/","images/ac6b58df68c29c03339a566a291942569a36ea90190626e79b195c3748e98b57.jpg","https://www.castlegreenhomes.uk/app/uploads/2022/04/Alderton-011-e1683647669112.jpg","This is a photograph of a kitchen and dining area."
"Bridgewater View at Daresbury Garden Village","The Alderton","4","https://www.castlegreenhomes.uk/our-developments/north-west/bridgewater-view/the-alderton/","images/d8bb39e0d3c5f281675dddd38ae4a4b3e010568228ad6568efa874a47692ef0d.jpg","https://www.castlegreenhomes.uk/app/uploads/2022/04/Alderton-019-e1683647677382.jpg","This is a photograph of a kitchen."
"Bridgewater View at Daresbury Garden Village","The Alderton","4","https://www.castlegreenhomes.uk/our-developments/north-west/bridgewater-view/the-alderton/","images/c3b040237fdae588aaccc1fd8438a38aeeac4b31462ed7f6593ec53889de3da8.jpg","https://www.castlegreenhomes.uk/app/uploads/2022/04/Alderton-030-e1683647684408.jpg","This is a photograph of a bedroom."
"Bridgewater View at Daresbury Garden Village","The Alderton","4","https://www.castlegreenhomes.uk/our-developments/north-west/bridgewater-view/the-alderton/","images/d5e792da3c4669f7b6d43281e8d42894efe9dbc6bc2f125bfba56d73df87f8b7.jpg","https://www.castlegreenhomes.uk/app/uploads/2022/04/Alderton-033-e1683647691464.jpg","The image shows a furnished bedroom with a bed and a desk area."
"Bridgewater View at Daresbury Garden Village","The Chatsworth","4","https://www.castlegreenhomes.uk/our-developments/north-west/bridgewater-view/the-chatsworth/","images/c73029d30ddafcb9b025bc28153a2a98909cd040049813e543f5556f64ce5c9e.png","https://www.castlegreenhomes.uk/app/uploads/2025/01/Chatsworth.png","This is a photograph of the exterior of a property."
"Bridgewater View at Daresbury Garden Village","The Chatsworth","4","https://www.castlegreenhomes.uk/our-developments/north-west/bridgewater-view/the-chatsworth/","images/1727fb0744a80d392c347db496d24c28e20e2d60f3c2bcae352bb277c600c216.jpg","https://www.castlegreenhomes.uk/app/uploads/2022/10/TheChatsworth-12.jpg","This is a photograph of a living and dining room."
"Bridgewater View at Daresbury Garden Village","The Chatsworth","4","https://www.castlegreenhomes.uk/our-developments/north-west/bridgewater-view/the-chatsworth/","images/f50182da99458a16c20fd90b4a9e5b764156ada4d547f31ea5ebda881f0b17cb.jpg","https://www.castlegreenhomes.uk/app/uploads/2022/10/TheChatsworth-11.jpg","The image depicts a kitchen area with cooking and dining facilities."
"Bridgewater View at Daresbury Garden Village","The Chatsworth","4","https://www.castlegreenhomes.uk/our-developments/north-west/bridgewater-view/the-chatsworth/","images/b3c43655cefb3a95e099b4beae97cd9a15363a3993770587122bb30c0f1511e3.jpg","https://www.castlegreenhomes.uk/app/uploads/2022/10/Chatsworth-Daresbury-7-1.jpg","The image shows a furnished bedroom."
"Bridgewater View at Daresbury Garden Village","The Chatsworth","4","https://www.castlegreenhomes.uk/our-developments/north-west/bridgewater-view/the-chatsworth/","images/d656aa8fc794604f2b4ed747c72b3578917f39c476f73c40008227cf67caa411.jpg","https://www.castlegreenhomes.uk/app/uploads/2022/10/TheChatsworth-2.jpg","The image shows a living room area."
"Bridgewater View at Daresbury Garden Village","The Chatsworth","4","https://www.castlegreenhomes.uk/our-developments/north-west/bridgewater-view/the-chatsworth/","images/2ddd1ea07f1f94f1f64e945fe30876c69ea8ef90fe6c34a53080df0bcf0739d5.jpg","https://www.castlegreenhomes.uk/app/uploads/2022/10/Chatsworth-Daresbury-1.jpg","The image shows a bedroom that includes a desk area."
"Bridgewater View at Daresbury Garden Village","The Chatsworth","4","https://www.castlegreenhomes.uk/our-developments/north-west/bridgewater-view/the-chatsworth/","images/7b8b5d49f2007a452f9cd21a16b85efde900919f7fbef84aba18905b7078fc4b.jpg","https://www.castlegreenhomes.uk/app/uploads/2022/10/TheChatsworth-27.jpg","This is a photograph of a furnished bedroom."
"Bridgewater View at Daresbury Garden Village","The Chatsworth","4","https://www.castlegreenhomes.uk/our-developments/north-west/bridgewater-view/the-chatsworth/","images/376736dd0c56e5cc9812ed6edb3879fe3e9714aa4928e99df85af341d246d29b.jpg","https://www.castlegreenhomes.uk/app/uploads/2022/10/TheChatsworth-25.jpg","This is a photograph of a furnished home office or study."
"Bridgewater View at Daresbury Garden Village","The Chatsworth","4","https://www.castlegreenhomes.uk/our-developments/north-west/bridgewater-view/the-chatsworth/","images/7daddeaff2849ddde8c1aafdf1eba044d6924d879184c4d3568eb94f3340267a.jpg","https://www.castlegreenhomes.uk/app/uploads/2024/05/the_chatsworth_core-1024x768.jpg","This is a promotional exterior rendering of a property."
"Bridgewater View at Daresbury Garden Village","The Wiltshire","4","https://www.castlegreenhomes.uk/our-developments/north-west/bridgewater-view/the-wiltshire-2/","images/72d4908e0690623d5ff06c9dfd1b7512a71cb89293e1fd33f81fa1f477b47473.png","https://www.castlegreenhomes.uk/app/uploads/2022/11/Wiltshire.png","This is a promotional exterior rendering of a property."
"Bridgewater View at Daresbury Garden Village","The Wiltshire","4","https://www.castlegreenhomes.uk/our-developments/north-west/bridgewater-view/the-wiltshire-2/","images/363d75ee82a3f70a3bb56fc08027c6aec347aaeda5fedaaf20286947663366f4.jpg","https://www.castlegreenhomes.uk/app/uploads/2024/10/wiltshire_kitchen_dining_family_area_rydal_view.jpg","This is a photograph of a furnished living and dining space."
"Bridgewater View at Daresbury Garden Village","The Wiltshire","4","https://www.castlegreenhomes.uk/our-developments/north-west/bridgewater-view/the-wiltshire-2/","images/9260fafe22d7f39fe0f3ddd2750e0bca28168dd246338266ce4fb45feb17e706.jpg","https://www.castlegreenhomes.uk/app/uploads/2021/12/TheWiltshire-27.jpg","The image shows a kitchen and dining area in an open-plan layout."
"Bridgewater View at Daresbury Garden Village","The Wiltshire","4","https://www.castlegreenhomes.uk/our-developments/north-west/bridgewater-view/the-wiltshire-2/","images/23753ee29351fab3cd1fc284222cce4eca7c82316dbdbad5e0d1de97fe64b0a7.jpg","https://www.castlegreenhomes.uk/app/uploads/2022/10/TheWiltshire-36.jpg","This is a photograph of a furnished bedroom."
"Bridgewater View at Daresbury Garden Village","The Wiltshire","4","https://www.castlegreenhomes.uk/our-developments/north-west/bridgewater-view/the-wiltshire-2/","images/7c0e0564d23029eca37443d1ea245f1fb4f7ae49bdc0e621a9e1a85f57d682e0.jpg","https://www.castlegreenhomes.uk/app/uploads/2023/07/The_Wiltshire_New_Home-66.jpg","This is a photograph of a furnished bedroom area."
"Bridgewater View at Daresbury Garden Village","The Wiltshire","4","https://www.castlegreenhomes.uk/our-developments/north-west/bridgewater-view/the-wiltshire-2/","images/a2b8f1a48f796a31b84a14abebd736cbc45f54c126897053982a623f38e6cff9.jpg","https://www.castlegreenhomes.uk/app/uploads/2024/10/wiltshire_primary_bedroom_ensuite_rydal_view.jpg","This is a photograph of a bathroom."
"Bridgewater View at Daresbury Garden Village","The Wiltshire","4","https://www.castlegreenhomes.uk/our-developments/north-west/bridgewater-view/the-wiltshire-2/","images/3c31f0ccf1975168d5134211b66cd4c0e21f91c8be949b7ab972a3cad192fe79.jpg","https://www.castlegreenhomes.uk/app/uploads/2025/06/TheWiltshire-18.jpg","This is a photograph of a living room."
"Bridgewater View at Daresbury Garden Village","The Wiltshire","4","https://www.castlegreenhomes.uk/our-developments/north-west/bridgewater-view/the-wiltshire-2/","images/a676e03a6dc6f7d154c6ff75a7f00357983bd4e7484269f95390f85318f22db6.jpg","https://www.castlegreenhomes.uk/app/uploads/2023/07/the_wiltshire_core-1024x768.jpg","This is a photograph of the exterior of a property."
"Bridgewater View at Daresbury Garden Village","The Wiltshire","4","https://www.castlegreenhomes.uk/our-developments/north-west/bridgewater-view/the-wiltshire-2/","images/fc0355d05bc5eb3f783386e9307c9e96a780ba922d962d43a6cabd8bbb08807a.jpg","https://www.castlegreenhomes.uk/app/uploads/2023/07/The_Wiltshire_New_Home-82.jpg","This is a photograph of a combined kitchen and dining space."
"Bridgewater View at Daresbury Garden Village","The Wiltshire","4","https://www.castlegreenhomes.uk/our-developments/north-west/bridgewater-view/the-wiltshire-2/","images/adcb9e31a2445d232b984542d240010bc3548024362c4527205ba329b730b7f8.jpg","https://www.castlegreenhomes.uk/app/uploads/2023/07/The_Wiltshire_New_Home-61.jpg","This is a photograph of a kitchen interior."
"Bridgewater View at Daresbury Garden Village","The Wiltshire","4","https://www.castlegreenhomes.uk/our-developments/north-west/bridgewater-view/the-wiltshire-2/","images/7e82eb65dc32515fa83c63d5ee93db94a67b3590858b1af7508b89fc0d3f9608.jpg","https://www.castlegreenhomes.uk/app/uploads/2023/07/The_Wiltshire_New_Home-63.jpg","This is a photograph of a combined kitchen, dining, and living area in a residential property."
"Bridgewater View at Daresbury Garden Village","The Wiltshire","4","https://www.castlegreenhomes.uk/our-developments/north-west/bridgewater-view/the-wiltshire-2/","images/69aabf815e58ceab848cba5b6fe35dd2af1f6afbab0ff812fdcf50bbcf7b14c0.jpg","https://www.castlegreenhomes.uk/app/uploads/2024/10/wiltshire_lounge_rydal_view.jpg","The image shows a living room interior."
"Bridgewater View at Daresbury Garden Village","The Wiltshire","4","https://www.castlegreenhomes.uk/our-developments/north-west/bridgewater-view/the-wiltshire-2/","images/ad9e8c0968329dc4c9548849484810543a1e0a0950705afd8205d18c898ef864.jpg","https://www.castlegreenhomes.uk/app/uploads/2023/07/The_Wiltshire_New_Home-73.jpg","This is a photograph of a hallway or landing area."
"Bridgewater View at Daresbury Garden Village","The Wiltshire","4","https://www.castlegreenhomes.uk/our-developments/north-west/bridgewater-view/the-wiltshire-2/","images/34dd46ceef3f9f97f41e1ba3b3880712c9df8a9e377d1dd4a46eb7889a3df636.jpg","https://www.castlegreenhomes.uk/app/uploads/2024/10/wiltshire_bedroom2_rydal_view.jpg","This is a photograph of a bedroom."
"Bridgewater View at Daresbury Garden Village","The Wiltshire","4","https://www.castlegreenhomes.uk/our-developments/north-west/bridgewater-view/the-wiltshire-2/","images/31a0ed656da94c16603ef1a78ae72e686e433bdd95aa980bc53ba509d29c0f45.jpg","https://www.castlegreenhomes.uk/app/uploads/2024/10/wiltshire_bedroom2_dressing_rydal_view.jpg","This is a photograph of a bedroom with a desk area."
"Bridgewater View at Daresbury Garden Village","The Wiltshire","4","https://www.castlegreenhomes.uk/our-developments/north-west/bridgewater-view/the-wiltshire-2/","images/c1ab9026ddb5a12809251bcbf504eb4183cabb600a1d6a9405cec5820d4b2323.jpg","https://www.castlegreenhomes.uk/app/uploads/2023/07/The_Wiltshire_New_Home-94.jpg","This is a photograph of a bedroom."
"Bridgewater View at Daresbury Garden Village","The Wiltshire","4","https://www.castlegreenhomes.uk/our-developments/north-west/bridgewater-view/the-wiltshire-2/","images/8c5eec4ad5d30446e20134a71caa1ecd4a424b319d44b630a9f8a9587ec20102.jpg","https://www.castlegreenhomes.uk/app/uploads/2024/10/wiltshire_landing_rydal_view.jpg","This is an interior view of a hallway or landing."
"Bridgewater View at Daresbury Garden Village","The Wiltshire","4","https://www.castlegreenhomes.uk/our-developments/north-west/bridgewater-view/the-wiltshire-2/","images/78798b3091df7219c7db36016ab24e0faffa1570c11bc44720e3f9003c6dfa79.jpg","https://www.castlegreenhomes.uk/app/uploads/2023/07/The_Wiltshire_New_Home-95.jpg","This is a photograph of a bedroom."
"Bridgewater View at Daresbury Garden Village","The Wiltshire","4","https://www.castlegreenhomes.uk/our-developments/north-west/bridgewater-view/the-wiltshire-2/","images/269bb2b56ee8415025bd017a2868b528486ca8dd9832fad972c428dbd1564222.jpg","https://www.castlegreenhomes.uk/app/uploads/2024/10/wiltshire_bedroom4_rydal_view.jpg","The image shows a furnished bedroom."
"Bridgewater View at Daresbury Garden Village","The Wiltshire","4","https://www.castlegreenhomes.uk/our-developments/north-west/bridgewater-view/the-wiltshire-2/","images/d025e24ff7d4aed3301173c5ce8097e2959463e5c4ff705b124bbd846a071a27.jpg","https://www.castlegreenhomes.uk/app/uploads/2024/10/wiltshire_bedroom4_desk_rydal_view.jpg","This is a photograph of a real bedroom interior."
"Bridgewater View at Daresbury Garden Village","The Wiltshire","4","https://www.castlegreenhomes.uk/our-developments/north-west/bridgewater-view/the-wiltshire-2/","images/bcffd1337e353449bc5a452c35f5af5307ec7284524b3468c20a55c80d0634a0.jpg","https://www.castlegreenhomes.uk/app/uploads/2023/07/The_Wiltshire_New_Home-98.jpg","The image shows a bedroom interior with a desk and bed."
"Bridgewater View at Daresbury Garden Village","The Wiltshire","4","https://www.castlegreenhomes.uk/our-developments/north-west/bridgewater-view/the-wiltshire-2/","images/bc981ada7380a683815ec4233b72f1f13d0740d244f20b6da525f32644b64008.jpg","https://www.castlegreenhomes.uk/app/uploads/2023/07/The_Wiltshire_New_Home-100.jpg","The image shows a bedroom interior with a bed."
"Bridgewater View at Daresbury Garden Village","The Wiltshire","4","https://www.castlegreenhomes.uk/our-developments/north-west/bridgewater-view/the-wiltshire-2/","images/020e15d94a1b12e23077bca25005ba4386490c365329f77d0edbe9b2c9be37ec.jpg","https://www.castlegreenhomes.uk/app/uploads/2024/10/wiltshire_bedroom3_rydal_view.jpg","The image shows a furnished bedroom."
"Bridgewater View at Daresbury Garden Village","The Wiltshire","4","https://www.castlegreenhomes.uk/our-developments/north-west/bridgewater-view/the-wiltshire-2/","images/dbb89ea9772fc14eaea8858973278f2917f410a1704d73911f99f0c97ee36ecd.jpg","https://www.castlegreenhomes.uk/app/uploads/2024/10/wiltshitre_bedroom3_desk_rydal_view.jpg","This is a photograph of a real bedroom interior."
"Bridgewater View at Daresbury Garden Village","The Wiltshire","4","https://www.castlegreenhomes.uk/our-developments/north-west/bridgewater-view/the-wiltshire-2/","images/a4174804abe1ad532d4b26b18c790ebfcef0e9a33e6ced9453633c33b19c12ef.jpg","https://www.castlegreenhomes.uk/app/uploads/2023/07/The_Wiltshire_New_Home-105.jpg","The image shows a functional bathroom space."
"Bridgewater View at Daresbury Garden Village","The Wiltshire","4","https://www.castlegreenhomes.uk/our-developments/north-west/bridgewater-view/the-wiltshire-2/","images/2c28b9badf3e536366a3847f829fdcdc3e55ac71fb21704e245cd5a3199f7e45.jpg","https://www.castlegreenhomes.uk/app/uploads/2023/07/The_Wiltshire_New_Home-119.jpg","This is an exterior garden space."
"Bridgewater View at Daresbury Garden Village","The Wiltshire","4","https://www.castlegreenhomes.uk/our-developments/north-west/bridgewater-view/the-wiltshire-2/","images/7705a659a3569cb023bb7775c0340f86ac4dd3f8c08561546aba01a5319fb2ff.jpg","https://www.castlegreenhomes.uk/app/uploads/2023/07/The_Wiltshire_New_Home-117.jpg","This is an exterior garden space."
"Bridgewater View at Daresbury Garden Village","The Wiltshire","4","https://www.castlegreenhomes.uk/our-developments/north-west/bridgewater-view/the-wiltshire-2/","images/28078761e032c3c857cc70febc8f139b191a49a0bc5ccd3c84af5cd06ee279bb.jpg","https://www.castlegreenhomes.uk/app/uploads/2023/07/The_Wiltshire_New_Home-118.jpg","This is a photograph of an outdoor garden space."
"Bridgewater View at Daresbury Garden Village","The Cambridge","4","https://www.castlegreenhomes.uk/our-developments/north-west/bridgewater-view/the-cambridge/","images/e9b7d5defafc206b9d0c45ac730a61d9acb55c3e871aaa07f00267502e175ef8.png","https://www.castlegreenhomes.uk/app/uploads/2023/07/Cambridge.png","This is a promotional exterior rendering of a property."
"Bridgewater View at Daresbury Garden Village","The Cambridge","4","https://www.castlegreenhomes.uk/our-developments/north-west/bridgewater-view/the-cambridge/","images/d06c83b11252538727ecd0bfcc66d7f3451c346865b8e9cec1a316e20f9621ce.jpg","https://www.castlegreenhomes.uk/app/uploads/2023/07/TheAshbourne-29.jpg","The image shows a functional kitchen space."
"Bridgewater View at Daresbury Garden Village","The Cambridge","4","https://www.castlegreenhomes.uk/our-developments/north-west/bridgewater-view/the-cambridge/","images/bbed6c27f4d4da28b25aea4301ecf428d1d9bdee5195022bd3741733da03801c.jpg","https://www.castlegreenhomes.uk/app/uploads/2025/01/TheAshbourne-2.jpg","The room is furnished as a living area."
"Bridgewater View at Daresbury Garden Village","The Cambridge","4","https://www.castlegreenhomes.uk/our-developments/north-west/bridgewater-view/the-cambridge/","images/baadf2e8206cf7178355edbb61a5996f2edcc6ec675df3ca80776aac4482d070.jpg","https://www.castlegreenhomes.uk/app/uploads/2025/09/TheAshbourne-20.jpg","This is a photograph of a furnished bedroom."
"Bridgewater View at Daresbury Garden Village","The Cambridge","4","https://www.castlegreenhomes.uk/our-developments/north-west/bridgewater-view/the-cambridge/","images/6e9abde0e8a80e62589bf44a2f8239987883dea9cbbac2690d304e7afb52cc89.jpg","https://www.castlegreenhomes.uk/app/uploads/2023/07/Cambridge-2.jpg","This is a photograph of the exterior of a property."
"Bridgewater View at Daresbury Garden Village","The Cambridge","4","https://www.castlegreenhomes.uk/our-developments/north-west/bridgewater-view/the-cambridge/","images/d6893cde3396e73d907b27e885f7e8413bfbe70b38719d57e7af7e6a2460aa4a.jpg","https://www.castlegreenhomes.uk/app/uploads/2023/07/TheAshbourne-50.jpg","This is a photograph of a residential kitchen."
"Bridgewater View at Daresbury Garden Village","The Cambridge","4","https://www.castlegreenhomes.uk/our-developments/north-west/bridgewater-view/the-cambridge/","images/c896d952b617f88f1488d089e27277cf1e283e113f8bb881bc9d47eb47a10fe6.jpg","https://www.castlegreenhomes.uk/app/uploads/2025/08/KITCHEN_ASHBOURNE-1024x769.jpg","This is a photograph of a kitchen interior."
"Bridgewater View at Daresbury Garden Village","The Cambridge","4","https://www.castlegreenhomes.uk/our-developments/north-west/bridgewater-view/the-cambridge/","images/c06d8242261cb76d1df9457d3042ffa223d3a050f5ac5545c3172d9828c4198d.jpg","https://www.castlegreenhomes.uk/app/uploads/2026/04/Christleton-TheTownsend-105-1024x769.jpg","This is a photograph of a utility room."
"Bridgewater View at Daresbury Garden Village","The Cambridge","4","https://www.castlegreenhomes.uk/our-developments/north-west/bridgewater-view/the-cambridge/","images/19063f61d29cac019d8dd38d1b4f86fde6b0e0a6bea101425e6620c260d6b73e.jpg","https://www.castlegreenhomes.uk/app/uploads/2023/07/TheAshbourne-32.jpg","This is a photograph of a residential living room."
"Bridgewater View at Daresbury Garden Village","The Cambridge","4","https://www.castlegreenhomes.uk/our-developments/north-west/bridgewater-view/the-cambridge/","images/5a15b80c56f4701b0568780eef37869e34064a43a058db6545a3b781d0300084.jpg","https://www.castlegreenhomes.uk/app/uploads/2026/04/Christleton-TheTownsendwides-49-1024x769.jpg","This is a photograph of a walk-in wardrobe or dressing room."
"Bridgewater View at Daresbury Garden Village","The Cambridge","4","https://www.castlegreenhomes.uk/our-developments/north-west/bridgewater-view/the-cambridge/","images/6530ba2b2177af51c1ca671ab6c039c039e0a9e1d69b218ad8a169bffebb588a.jpg","https://www.castlegreenhomes.uk/app/uploads/2024/10/grantham_primary_dressingarea_rydal_view.jpg","The image shows a dressing room area."
"Bridgewater View at Daresbury Garden Village","The Cambridge","4","https://www.castlegreenhomes.uk/our-developments/north-west/bridgewater-view/the-cambridge/","images/613b0bd57a432623ae0c431436bd98a509278eb41e0e1b289c0db68900b7398c.jpg","https://www.castlegreenhomes.uk/app/uploads/2026/04/Christleton-TheTownsendwides-57-1024x769.jpg","This is a photograph of a bathroom."
"Bridgewater View at Daresbury Garden Village","The Cambridge","4","https://www.castlegreenhomes.uk/our-developments/north-west/bridgewater-view/the-cambridge/","images/12bd08b406fe7e45b2d0da7e76b263ad8e6ed8fafc297af1ba72bb86c7e94b3e.jpg","https://www.castlegreenhomes.uk/app/uploads/2023/07/TheAshbourne-52.jpg","The room is furnished as a bedroom."
"Bridgewater View at Daresbury Garden Village","The Cambridge","4","https://www.castlegreenhomes.uk/our-developments/north-west/bridgewater-view/the-cambridge/","images/97c304e82cbf521e6c452a3dd65475a3b3d289d09b1faad1a9db4a88c2b80a1f.jpg","https://www.castlegreenhomes.uk/app/uploads/2024/10/TheAshbourne-22.jpg","This is a photograph of a residential interior space showing a dressing area and an adjacent bathroom."
"Bridgewater View at Daresbury Garden Village","The Cambridge","4","https://www.castlegreenhomes.uk/our-developments/north-west/bridgewater-view/the-cambridge/","images/535b28767fa3c512d9b9b6ad693e9f4bdc3063cafd0965ab46893e1a7775bf38.jpg","https://www.castlegreenhomes.uk/app/uploads/2024/10/TheAshbourne-58.jpg","This is a photograph of a furnished bedroom."
"Bridgewater View at Daresbury Garden Village","The Cambridge","4","https://www.castlegreenhomes.uk/our-developments/north-west/bridgewater-view/the-cambridge/","images/306fcb797327d34c8cf3ffa648f570536f0d758f5310a7a5c2c2d7f04710b754.jpg","https://www.castlegreenhomes.uk/app/uploads/2025/09/TheAshbourne-61.jpg","This is a photograph of a bedroom."
"Bridgewater View at Daresbury Garden Village","The Cambridge","4","https://www.castlegreenhomes.uk/our-developments/north-west/bridgewater-view/the-cambridge/","images/5cecc80e6cd275beba1ad0104f12b520cb030c0871d93a217dcd00c02fcf8499.jpg","https://www.castlegreenhomes.uk/app/uploads/2023/07/TheAshbourne-65.jpg","This is a photograph of a furnished bathroom."
"Bridgewater View at Daresbury Garden Village","The Stratford","3","https://www.castlegreenhomes.uk/our-developments/north-west/bridgewater-view/the-stratford/","images/5c79d0856c4a6366c95fc9ff0636efe55eda6cb3c9d2fac91529dfb0ca717d15.png","https://www.castlegreenhomes.uk/app/uploads/2022/04/Stratford.png","This is a photograph of the exterior of a house."
"Bridgewater View at Daresbury Garden Village","The Stratford","3","https://www.castlegreenhomes.uk/our-developments/north-west/bridgewater-view/the-stratford/","images/606358a376b8592f72731254df08aaaf66986fda0fe3ea6fd4ec80fecfff15fb.jpg","https://www.castlegreenhomes.uk/app/uploads/2025/01/TheStratford-29.jpg","The image shows a dining room interior."
"Bridgewater View at Daresbury Garden Village","The Stratford","3","https://www.castlegreenhomes.uk/our-developments/north-west/bridgewater-view/the-stratford/","images/d0d1d7e5833438e72551c3913c1ced3e73787d3bc0a86d71c3e3c35264e1ac2e.jpg","https://www.castlegreenhomes.uk/app/uploads/2022/04/TheStratford-4.jpg","This is a photograph of a furnished living room."
"Bridgewater View at Daresbury Garden Village","The Stratford","3","https://www.castlegreenhomes.uk/our-developments/north-west/bridgewater-view/the-stratford/","images/f6254846b1136b792aaf7d5a00075b5abe90841162afb522321f2ad0e2580330.jpg","https://www.castlegreenhomes.uk/app/uploads/2022/04/TheStratford-41.jpg","This is a photograph of a furnished bedroom."
"Bridgewater View at Daresbury Garden Village","The Stratford","3","https://www.castlegreenhomes.uk/our-developments/north-west/bridgewater-view/the-stratford/","images/f9f3d6a3bf4db2a99f582ede8dec49da59a206d2c9e5c79b807f45eb01298c7f.jpg","https://www.castlegreenhomes.uk/app/uploads/2022/04/Stratford_core_bwv-1024x683.jpg","The image depicts the exterior of a residential property."
"Bridgewater View at Daresbury Garden Village","The Stratford","3","https://www.castlegreenhomes.uk/our-developments/north-west/bridgewater-view/the-stratford/","images/2fa08a770cc3f735a28a2e260139b37c2d57df8dfff13fe9d0416fc3792f3ec0.jpg","https://www.castlegreenhomes.uk/app/uploads/2022/04/TheStratford-22.jpg","The image shows a functional kitchen space."
"Bridgewater View at Daresbury Garden Village","The Stratford","3","https://www.castlegreenhomes.uk/our-developments/north-west/bridgewater-view/the-stratford/","images/e3a06c3c4c787fd926546cabe1d46391bcc16364f233221e3b3750c634b60c7b.jpg","https://www.castlegreenhomes.uk/app/uploads/2022/04/TheStratford-21.jpg","The image shows a kitchen interior."
"Bridgewater View at Daresbury Garden Village","The Stratford","3","https://www.castlegreenhomes.uk/our-developments/north-west/bridgewater-view/the-stratford/","images/1acfab8dc4a7dc8c2e52957f19d1330e1933f06200f5eb61986804a53604a8b8.jpg","https://www.castlegreenhomes.uk/app/uploads/2025/01/TheStratford-19.jpg","This is a photograph of a kitchen."
"Bridgewater View at Daresbury Garden Village","The Stratford","3","https://www.castlegreenhomes.uk/our-developments/north-west/bridgewater-view/the-stratford/","images/c40fd7bed8f65a4067fc293337142e6ec986244e9d9b290a34992e0ece5052bc.jpg","https://www.castlegreenhomes.uk/app/uploads/2025/01/TheStratford-1.jpg","This is a photograph of a furnished living room."
"Bridgewater View at Daresbury Garden Village","The Stratford","3","https://www.castlegreenhomes.uk/our-developments/north-west/bridgewater-view/the-stratford/","images/15b3151ccb36e3c0d3f65d59deaec01b0c6fd01a52832478057ef49cab4c7474.jpg","https://www.castlegreenhomes.uk/app/uploads/2022/04/TheStratford-72.jpg","This is a photograph of a bathroom."
"Bridgewater View at Daresbury Garden Village","The Stratford","3","https://www.castlegreenhomes.uk/our-developments/north-west/bridgewater-view/the-stratford/","images/3608bf0e1774f6dd2eb8e3cc82ca0fdbc4afa6dd322d58989de8160377952831.jpg","https://www.castlegreenhomes.uk/app/uploads/2022/04/TheStratford-53.jpg","The image shows a furnished bedroom."
"Bridgewater View at Daresbury Garden Village","The Stratford","3","https://www.castlegreenhomes.uk/our-developments/north-west/bridgewater-view/the-stratford/","images/0c22b55fc042f334c219f3ffce6215130289954fce223dd364fd221acf00bc52.jpg","https://www.castlegreenhomes.uk/app/uploads/2022/04/TheStratford-57.jpg","This is a photograph of a bedroom interior."
"Bridgewater View at Daresbury Garden Village","The Stratford","3","https://www.castlegreenhomes.uk/our-developments/north-west/bridgewater-view/the-stratford/","images/17364b9b63f01c04c53490bea8b153d38ab0ea39b8ef53df92fc3413fca2b43f.jpg","https://www.castlegreenhomes.uk/app/uploads/2022/04/TheStratford-62.jpg","This is a photograph of a bathroom interior."
"Bridgewater View at Daresbury Garden Village","The Stratford","3","https://www.castlegreenhomes.uk/our-developments/north-west/bridgewater-view/the-stratford/","images/b6a02418109e474ea64014ea4773dcf18cd6b5f5d1a8a1e3add777e0c342389f.jpg","https://www.castlegreenhomes.uk/app/uploads/2022/04/TheStratford-64.jpg","This is a photograph of a dressing room vanity area."
"Bridgewater View at Daresbury Garden Village","The Stratford","3","https://www.castlegreenhomes.uk/our-developments/north-west/bridgewater-view/the-stratford/","images/007be9ab3fe742fe9feaf6bd96442b1a080d76480648f8e29ddde109f0f922a5.jpg","https://www.castlegreenhomes.uk/app/uploads/2025/01/TheStratford-70.jpg","This is a photograph of a dressing room."
"Bridgewater View at Daresbury Garden Village","The Heatherington","4","https://www.castlegreenhomes.uk/our-developments/north-west/bridgewater-view/the-heatherington/","images/0a55255bc36d77a67064b83d7da7ce947636c8280df6f0b3e22217c1e017643e.png","https://www.castlegreenhomes.uk/app/uploads/2022/04/Heatherington.png","The image depicts the exterior of a residential property."
"Bridgewater View at Daresbury Garden Village","The Heatherington","4","https://www.castlegreenhomes.uk/our-developments/north-west/bridgewater-view/the-heatherington/","images/ebf8ffebbe9b30aaf4244cb7fc22849e41c2dbde5b2014b818d9f1f438cf9e95.jpg","https://www.castlegreenhomes.uk/app/uploads/2022/04/Brook-Meadows-002-e1683648124733.jpg","This is a bedroom interior showing a bed and a desk area."
"Bridgewater View at Daresbury Garden Village","The Heatherington","4","https://www.castlegreenhomes.uk/our-developments/north-west/bridgewater-view/the-heatherington/","images/a54ec2f9a8b6ac36aa850c5ab302ef0b538eb2ea1bc4660755a0ee0daec17636.jpg","https://www.castlegreenhomes.uk/app/uploads/2023/07/the_heatherington_core-1024x768.jpg","The image depicts the exterior of a residential property."
"Bridgewater View at Daresbury Garden Village","The Heatherington","4","https://www.castlegreenhomes.uk/our-developments/north-west/bridgewater-view/the-heatherington/","images/5b12159d5958abeda1affb5b2f4536f2d40d62a408cb20c04f43214f4da8a8c2.jpg","https://www.castlegreenhomes.uk/app/uploads/2022/04/Brook-Meadows-003-e1683648176842-702x1024.jpg","The image shows a bedroom with a bed and decorative wall paneling."
"Bridgewater View at Daresbury Garden Village","The Heatherington","4","https://www.castlegreenhomes.uk/our-developments/north-west/bridgewater-view/the-heatherington/","images/b76ca0e949efd67ca2fbe72ac7a8bd748c97415b329e08c14895ccd43503f029.jpg","https://www.castlegreenhomes.uk/app/uploads/2022/04/Brook-Meadows-014-e1683648186408.jpg","This is a living room interior."
"Bridgewater View at Daresbury Garden Village","The Heatherington","4","https://www.castlegreenhomes.uk/our-developments/north-west/bridgewater-view/the-heatherington/","images/19a3196cae46916a5b7fd5f298ed371ba6ef25f137094ce88d33aa60c4097e00.jpg","https://www.castlegreenhomes.uk/app/uploads/2022/04/Brook-Meadows-025-e1683648198205.jpg","The image shows a bedroom with a bed and a desk."
"Bridgewater View at Daresbury Garden Village","The Heatherington","4","https://www.castlegreenhomes.uk/our-developments/north-west/bridgewater-view/the-heatherington/","images/dbbf5edbd861bdf87206cc2d6c71bbd84bcab0033b37d21cf5993f01cec15259.jpg","https://www.castlegreenhomes.uk/app/uploads/2022/04/Brook-Meadows-026-e1683646785828.jpg","The image shows a bedroom with a bed and a desk."
"Bridgewater View at Daresbury Garden Village","The Heatherington","4","https://www.castlegreenhomes.uk/our-developments/north-west/bridgewater-view/the-heatherington/","images/c9da25a8591b81e5a99f93f61c2e6929f139022c141a40cb5fe2cc517a8ca3e0.jpg","https://www.castlegreenhomes.uk/app/uploads/2022/04/Brook-Meadows-028-e1683648230446.jpg","This is a furnished bedroom."
"Bridgewater View at Daresbury Garden Village","Bridgewater View at Daresbury Garden Village","","https://www.castlegreenhomes.uk/our-developments/north-west/bridgewater-view/","images/e5e73dc36af674ffb3980b20199d3d1ae4ab1095496e05561bdcca1f1ff6ed8b.jpg","https://www.castlegreenhomes.uk/app/uploads/2022/01/bridgewater_view_daresbury_new_homes.jpg","This is an exterior view of a residential development."
"Bridgewater View at Daresbury Garden Village","Bridgewater View at Daresbury Garden Village","","https://www.castlegreenhomes.uk/our-developments/north-west/bridgewater-view/","images/ae43eba41abfd8b1d4e2f190ba342d2494d6456fd6125972c7d4e7e6461bc089.jpg","https://www.castlegreenhomes.uk/app/uploads/2022/01/DJI_20240918130511_0050_D-RT-scaled-1024x576.jpg","This is an exterior view of a residential development."
"Bridgewater View at Daresbury Garden Village","Bridgewater View at Daresbury Garden Village","","https://www.castlegreenhomes.uk/our-developments/north-west/bridgewater-view/","images/527ec23541348a2d739ffa91219b82d6960595e873eccb1b8bba3850fb47af76.jpg","https://www.castlegreenhomes.uk/app/uploads/2022/01/DJI_20240918130850_0059_D-RT-scaled-1024x576.jpg","This is an exterior view of a residential development."
"Bridgewater View at Daresbury Garden Village","Bridgewater View at Daresbury Garden Village","","https://www.castlegreenhomes.uk/our-developments/north-west/bridgewater-view/","images/f6254846b1136b792aaf7d5a00075b5abe90841162afb522321f2ad0e2580330.jpg","https://www.castlegreenhomes.uk/app/uploads/2022/04/TheStratford-41.jpg","This is a photograph of a furnished bedroom."
"Bridgewater View at Daresbury Garden Village","Bridgewater View at Daresbury Garden Village","","https://www.castlegreenhomes.uk/our-developments/north-west/bridgewater-view/","images/606358a376b8592f72731254df08aaaf66986fda0fe3ea6fd4ec80fecfff15fb.jpg","https://www.castlegreenhomes.uk/app/uploads/2025/01/TheStratford-29.jpg","The image shows a dining room interior."
"Bridgewater View at Daresbury Garden Village","Bridgewater View at Daresbury Garden Village","","https://www.castlegreenhomes.uk/our-developments/north-west/bridgewater-view/","images/7e82eb65dc32515fa83c63d5ee93db94a67b3590858b1af7508b89fc0d3f9608.jpg","https://www.castlegreenhomes.uk/app/uploads/2023/07/The_Wiltshire_New_Home-63.jpg","This is a photograph of a combined kitchen, dining, and living area in a residential property."
"Bridgewater View at Daresbury Garden Village","Bridgewater View at Daresbury Garden Village","","https://www.castlegreenhomes.uk/our-developments/north-west/bridgewater-view/","images/69aabf815e58ceab848cba5b6fe35dd2af1f6afbab0ff812fdcf50bbcf7b14c0.jpg","https://www.castlegreenhomes.uk/app/uploads/2024/10/wiltshire_lounge_rydal_view.jpg","The image shows a living room interior."
"Bridgewater View at Daresbury Garden Village","Bridgewater View at Daresbury Garden Village","","https://www.castlegreenhomes.uk/our-developments/north-west/bridgewater-view/","images/b6557271fa219c597912beac3036a915955c41c39a65a863abcaf066022c6db4.jpg","https://www.castlegreenhomes.uk/app/uploads/2023/10/The_Windsor_Bridgewater_View_Daresbury_New_Home-67.jpg","This is a photograph of a bedroom interior."
"Bridgewater View at Daresbury Garden Village","Bridgewater View at Daresbury Garden Village","","https://www.castlegreenhomes.uk/our-developments/north-west/bridgewater-view/","images/5550e58370df204ccf55c4cc017dd730eca4505478773c95666cbad3248a6e49.jpg","https://www.castlegreenhomes.uk/app/uploads/2023/10/The_Windsor_Bridgewater_View_Daresbury_New_Home-18.jpg","This is a photograph of a living room interior."
"Bridgewater View at Daresbury Garden Village","Bridgewater View at Daresbury Garden Village","","https://www.castlegreenhomes.uk/our-developments/north-west/bridgewater-view/","images/997ff803410bbccc0ac903f3fd4c6397413ea0691b18fd0fd9945663ef5a7112.jpg","https://www.castlegreenhomes.uk/app/uploads/2023/10/The_Windsor_Bridgewater_View_Daresbury_New_Home-50-1.jpg","The image shows a kitchen interior."
"Trevalyn Place","The Marlow","3","https://www.castlegreenhomes.uk/our-developments/north-wales/trevalyn-place/the-marlow/","images/12615def8e9057db5d2da6788ffe58151c9bdd7d09b85bdfc57018c1f25bb7df.png","https://www.castlegreenhomes.uk/app/uploads/2022/04/Marlow.png","This is an exterior view of a residential property."
"Trevalyn Place","The Marlow","3","https://www.castlegreenhomes.uk/our-developments/north-wales/trevalyn-place/the-marlow/","images/c27ddc1bcd947dee661ab927719b5c3c5289c1ae166ddd7cb6b505194ffb54eb.jpg","https://www.castlegreenhomes.uk/app/uploads/2025/01/the_marlow_llys_y_coed_rhosrobin_primary_bedroom.jpg","The image shows a furnished bedroom."
"Trevalyn Place","The Marlow","3","https://www.castlegreenhomes.uk/our-developments/north-wales/trevalyn-place/the-marlow/","images/ba36e08ae14b87a9de987c230b18aa7a6fa0a569ca8ec82650c501ca0a227b36.jpg","https://www.castlegreenhomes.uk/app/uploads/2025/01/the_marlow_llys_y_coed_rhosrobin_bedroom2.jpg","This is a photograph of a furnished bedroom."
"Trevalyn Place","The Marlow","3","https://www.castlegreenhomes.uk/our-developments/north-wales/trevalyn-place/the-marlow/","images/d5f53b2491bb3078c4cbc35f601a8c42795fe2ec099c0c7dead2528337a40dae.jpg","https://www.castlegreenhomes.uk/app/uploads/2025/01/the_marlow_llys_y_coed_rhosrobin_living_room_media-1.jpg","This is a photograph of a living room."
"Trevalyn Place","The Marlow","3","https://www.castlegreenhomes.uk/our-developments/north-wales/trevalyn-place/the-marlow/","images/d4a89f0e550a21d94ee200afdab7264704eb3adb2291c25db089a0066691f463.jpg","https://www.castlegreenhomes.uk/app/uploads/2025/06/the_marlow_llys_y_coed_rhosrobin-42.jpg","This is a photograph of a furnished room used as a study or dressing area."
"Trevalyn Place","The Marlow","3","https://www.castlegreenhomes.uk/our-developments/north-wales/trevalyn-place/the-marlow/","images/81063d229d9cae27a783498b1484580b506d4868b09e953bce08f2e41fd434ea.jpg","https://www.castlegreenhomes.uk/app/uploads/2023/07/marlow_web-scaled.jpg","This is an exterior view of a residential property."
"Trevalyn Place","The Marlow","3","https://www.castlegreenhomes.uk/our-developments/north-wales/trevalyn-place/the-marlow/","images/ebc5a3b7796de645192a15c7ddbeebc1db8940da80bc608b07c25dca8be1d960.jpg","https://www.castlegreenhomes.uk/app/uploads/2023/07/marlow_render_web-1024x683.jpg","This is a photograph of the exterior of a property."
"Trevalyn Place","The Marlow","3","https://www.castlegreenhomes.uk/our-developments/north-wales/trevalyn-place/the-marlow/","images/d10b3a4a0f7a1acb2916412a96bb4e81f30329a07b6a1a92b672cfcd220bc02d.jpg","https://www.castlegreenhomes.uk/app/uploads/2025/06/the_marlow_llys_y_coed_rhosrobin-39.jpg","This is a photograph of a functional kitchen space."
"Trevalyn Place","The Marlow","3","https://www.castlegreenhomes.uk/our-developments/north-wales/trevalyn-place/the-marlow/","images/f5c7f9c9466158440a898836b9c81085c1890f0905526c9c64284758f0cdd0f9.jpg","https://www.castlegreenhomes.uk/app/uploads/2023/07/LlysYCoed-102.jpg","This is a photograph of a kitchen interior."
"Trevalyn Place","The Marlow","3","https://www.castlegreenhomes.uk/our-developments/north-wales/trevalyn-place/the-marlow/","images/ba1a41d47aaa473886dc3111d0a3f9f4feb0977c4e52e410ef827bd1c6f5ac15.jpg","https://www.castlegreenhomes.uk/app/uploads/2023/07/LlysYCoed-103.jpg","This is a photograph of a kitchen interior."
"Trevalyn Place","The Marlow","3","https://www.castlegreenhomes.uk/our-developments/north-wales/trevalyn-place/the-marlow/","images/a14a0d93f82980f2f50ebc1acfcca0de6cab612210fc3eeb6f64e05e439b4a0b.jpg","https://www.castlegreenhomes.uk/app/uploads/2023/07/LlysYCoed-94.jpg","This is a photograph of a furnished living room."
"Trevalyn Place","The Marlow","3","https://www.castlegreenhomes.uk/our-developments/north-wales/trevalyn-place/the-marlow/","images/f20b65a96c5aae62d5bd0179e6ad239d7f32a1feb4a5d305b76cd4ce344e67a2.jpg","https://www.castlegreenhomes.uk/app/uploads/2023/07/LlysYCoed-72.jpg","This is a photograph of a furnished living room."
"Trevalyn Place","The Marlow","3","https://www.castlegreenhomes.uk/our-developments/north-wales/trevalyn-place/the-marlow/","images/e0a24c0b495f32688f55b00e8c7739ec50deff92e3e10174ea6354585c1158af.jpg","https://www.castlegreenhomes.uk/app/uploads/2025/01/the_marlow_llys_y_coed_rhosrobin-1.jpg","This is a photograph of a furnished bedroom."
"Trevalyn Place","The Marlow","3","https://www.castlegreenhomes.uk/our-developments/north-wales/trevalyn-place/the-marlow/","images/617d1e7c36e948566e4eb7f7febfa889eac7b712b8300301d333dac622c5f5bf.jpg","https://www.castlegreenhomes.uk/app/uploads/2023/07/LlysYCoed-108-769x1024.jpg","This is a photograph of a bedroom interior."
"Trevalyn Place","The Marlow","3","https://www.castlegreenhomes.uk/our-developments/north-wales/trevalyn-place/the-marlow/","images/9626efe02bf0f5365f3ec3cf43ff55822113b1277c0acec4bad05a649c688948.jpg","https://www.castlegreenhomes.uk/app/uploads/2023/07/LlysYCoed-87.jpg","This is a photograph of a bedroom vanity setup."
"Trevalyn Place","The Wentworth","4","https://www.castlegreenhomes.uk/our-developments/north-wales/trevalyn-place/the-wentworth/","images/da5bcaab438a0d63675208d3edbc80f2a0acf0a3d21381aa3a087ed1c98e62e5.png","https://www.castlegreenhomes.uk/app/uploads/2022/11/Wentworth-Wentworth-Lifestyle.png","This is a promotional exterior rendering of a property."
"Trevalyn Place","The Wentworth","4","https://www.castlegreenhomes.uk/our-developments/north-wales/trevalyn-place/the-wentworth/","images/1b472fb000969c5880c510fc3c04b5c6432a591e7d67fc65014a2502d2dda236.jpg","https://www.castlegreenhomes.uk/app/uploads/2026/01/TheWentworth-12.jpg","This is a photograph of a residential kitchen."
"Trevalyn Place","The Wentworth","4","https://www.castlegreenhomes.uk/our-developments/north-wales/trevalyn-place/the-wentworth/","images/5f2338aeba9d61bd735c55d7d59edf5913b6f5f413f9a71881345f30e8640fae.jpg","https://www.castlegreenhomes.uk/app/uploads/2025/05/TheWentworth-10.jpg","This is a photograph of a dining room."
"Trevalyn Place","The Wentworth","4","https://www.castlegreenhomes.uk/our-developments/north-wales/trevalyn-place/the-wentworth/","images/2590bda98fb3d36274fcd0c629802a9b4dd80dfa0a414ba0794c22393c66f598.jpg","https://www.castlegreenhomes.uk/app/uploads/2025/05/TheWentworth-28.jpg","This is a photograph of a furnished living room."
"Trevalyn Place","The Wentworth","4","https://www.castlegreenhomes.uk/our-developments/north-wales/trevalyn-place/the-wentworth/","images/ea652dc8e1fdfb33c7d542046da120a46138592ba5d73d61595e1d95a7308f1a.jpg","https://www.castlegreenhomes.uk/app/uploads/2025/05/TheWentworth.jpg","This is a photograph of a furnished bedroom."
"Trevalyn Place","The Wentworth","4","https://www.castlegreenhomes.uk/our-developments/north-wales/trevalyn-place/the-wentworth/","images/fc9c862a195513ae37c46cb3502fa997226fd9cd7eee6b2bf8f3e82d29a37b6e.jpg","https://www.castlegreenhomes.uk/app/uploads/2026/01/TheWentworth-14.jpg","This is a photograph of a bathroom interior."
"Trevalyn Place","The Wentworth","4","https://www.castlegreenhomes.uk/our-developments/north-wales/trevalyn-place/the-wentworth/","images/37a0ba2175bdc153963c55d63f68a7b2392cb6dd18ce0964ea6e88d75647ecd5.jpg","https://www.castlegreenhomes.uk/app/uploads/2025/01/P-CGH004-Prestatyn_WEN_Plot-37_Final-1024x768.jpg","This is a promotional exterior rendering of a property."
"Trevalyn Place","The Wentworth","4","https://www.castlegreenhomes.uk/our-developments/north-wales/trevalyn-place/the-wentworth/","images/2ce81e604aa9c397ea93458021a4ea9431627f658e7c45fb56cab551c7065077.jpg","https://www.castlegreenhomes.uk/app/uploads/2026/01/TheWentworth-11.jpg","This is a photograph of a residential kitchen."
"Trevalyn Place","The Wentworth","4","https://www.castlegreenhomes.uk/our-developments/north-wales/trevalyn-place/the-wentworth/","images/27ad07847ad3f41216e95e9a1354b53c2a69ee25ea0a03e1102d0e29f30a1c5d.jpg","https://www.castlegreenhomes.uk/app/uploads/2025/05/TheWentworth-7.jpg","The room contains laundry appliances and utility-style cabinetry, characteristic of a utility room."
"Trevalyn Place","The Wentworth","4","https://www.castlegreenhomes.uk/our-developments/north-wales/trevalyn-place/the-wentworth/","images/24850416f14905305b9fd5ad47bb754aac2a81e4a39a804f1433eca00ec84804.jpg","https://www.castlegreenhomes.uk/app/uploads/2026/01/TheWentworth-26.jpg","This is a photograph of a furnished living room."
"Trevalyn Place","The Wentworth","4","https://www.castlegreenhomes.uk/our-developments/north-wales/trevalyn-place/the-wentworth/","images/a6e17dc55266b8c44279ff6fc95a35019ea796d0e94af1834a6f100785ecdc2a.jpg","https://www.castlegreenhomes.uk/app/uploads/2026/01/TheWentworth-27.jpg","The image shows a functional bathroom space with standard sanitary ware."
"Trevalyn Place","The Wentworth","4","https://www.castlegreenhomes.uk/our-developments/north-wales/trevalyn-place/the-wentworth/","images/8ed3abad056da4b14adcb4ba93671c70937e0299235562c3db9ed6ebc3d558dc.jpg","https://www.castlegreenhomes.uk/app/uploads/2025/05/TheWentworth-17.jpg","This is a photograph of a furnished bedroom."
"Trevalyn Place","The Wentworth","4","https://www.castlegreenhomes.uk/our-developments/north-wales/trevalyn-place/the-wentworth/","images/a92191fac87e82220612c342c3354038f17c613ea104b2ed9b8b61ef15992f49.jpg","https://www.castlegreenhomes.uk/app/uploads/2026/01/TheWentworth-19.jpg","This is a photograph of a furnished bedroom."
"Trevalyn Place","The Wentworth","4","https://www.castlegreenhomes.uk/our-developments/north-wales/trevalyn-place/the-wentworth/","images/83a5f8b2734fb0f2ba5a71679eae83f7218e68c90393a5b86e32733bd185f908.jpg","https://www.castlegreenhomes.uk/app/uploads/2026/01/TheWentworth-21.jpg","The image depicts a furnished bedroom."
"Trevalyn Place","The Wentworth","4","https://www.castlegreenhomes.uk/our-developments/north-wales/trevalyn-place/the-wentworth/","images/cfff8d1c59d2e5f89e35b899fc2775e13797caa2238f574064a52657be1e39df.jpg","https://www.castlegreenhomes.uk/app/uploads/2026/01/TheWentworth-23.jpg","The image shows a bathroom with sanitary fixtures."
"Trevalyn Place","The Heatherington","4","https://www.castlegreenhomes.uk/our-developments/north-wales/trevalyn-place/the-heatherington/","images/0a55255bc36d77a67064b83d7da7ce947636c8280df6f0b3e22217c1e017643e.png","https://www.castlegreenhomes.uk/app/uploads/2022/04/Heatherington.png","The image depicts the exterior of a residential property."
"Trevalyn Place","The Heatherington","4","https://www.castlegreenhomes.uk/our-developments/north-wales/trevalyn-place/the-heatherington/","images/9576d9041cdabe7e41cb1b2c35db2e39ff3ab7fbf1a666ac03a598a2eaa626fd.jpg","https://www.castlegreenhomes.uk/app/uploads/2023/07/Heaterington-3.jpg","This is a photograph of a furnished bedroom."
"Trevalyn Place","The Heatherington","4","https://www.castlegreenhomes.uk/our-developments/north-wales/trevalyn-place/the-heatherington/","images/a1b6fe73017fa1d9ba787f85a7265e58af718cb99dc1be1779428ab43582f080.jpg","https://www.castlegreenhomes.uk/app/uploads/2023/07/Heaterington-7.jpg","The image shows a bedroom interior with a bed and a desk."
"Trevalyn Place","The Heatherington","4","https://www.castlegreenhomes.uk/our-developments/north-wales/trevalyn-place/the-heatherington/","images/a3142cfcc0215d714a5741a2da37660eeb581a0cf6da6f8e1fa28e863aea46c2.jpg","https://www.castlegreenhomes.uk/app/uploads/2023/07/Heaterington-5.jpg","The image shows a bedroom with a bed and a vanity desk area."
"Trevalyn Place","The Heatherington","4","https://www.castlegreenhomes.uk/our-developments/north-wales/trevalyn-place/the-heatherington/","images/fa781d3fb0aecfa814e2a8d3f8f377de6cdde8f7c622c04a797da2c29651d2f9.jpg","https://www.castlegreenhomes.uk/app/uploads/2023/07/Trevalyn-Place_Heatherington-1024x768.jpg","This is a promotional exterior rendering of a property."
"Trevalyn Place","The Heatherington","4","https://www.castlegreenhomes.uk/our-developments/north-wales/trevalyn-place/the-heatherington/","images/c40fd7bed8f65a4067fc293337142e6ec986244e9d9b290a34992e0ece5052bc.jpg","https://www.castlegreenhomes.uk/app/uploads/2025/01/TheStratford-1.jpg","This is a photograph of a furnished living room."
"Trevalyn Place","The Heatherington","4","https://www.castlegreenhomes.uk/our-developments/north-wales/trevalyn-place/the-heatherington/","images/1acfab8dc4a7dc8c2e52957f19d1330e1933f06200f5eb61986804a53604a8b8.jpg","https://www.castlegreenhomes.uk/app/uploads/2025/01/TheStratford-19.jpg","This is a photograph of a kitchen."
"Trevalyn Place","The Heatherington","4","https://www.castlegreenhomes.uk/our-developments/north-wales/trevalyn-place/the-heatherington/","images/0a52616f44cc6300722b88e67b56a8bc25df69f2a17a98d0e4de5dd2f4394ba8.jpg","https://www.castlegreenhomes.uk/app/uploads/2025/01/TheStratford-32.jpg","This is a photograph of a dining room."
"Trevalyn Place","The Heatherington","4","https://www.castlegreenhomes.uk/our-developments/north-wales/trevalyn-place/the-heatherington/","images/1b1bb8ac78d93e175c3811188163207399fb95f102dfba9a99695203cf3a95ca.jpg","https://www.castlegreenhomes.uk/app/uploads/2023/07/Heaterington-30.jpg","The room is set up as a workspace with a desk and chair."
"Trevalyn Place","The Heatherington","4","https://www.castlegreenhomes.uk/our-developments/north-wales/trevalyn-place/the-heatherington/","images/428558083f66bc9959a183bcc18677038fa08beaea4589309977c9449e23a8ba.jpg","https://www.castlegreenhomes.uk/app/uploads/2023/07/Heaterington-28.jpg","This is a photograph of a furnished bedroom."
"Trevalyn Place","The Heatherington","4","https://www.castlegreenhomes.uk/our-developments/north-wales/trevalyn-place/the-heatherington/","images/fe28fd2466587f44e9640bb20c0c32f91c7407e91f9cd770ea80c2f3e9146972.jpg","https://www.castlegreenhomes.uk/app/uploads/2023/07/Heaterington-19.jpg","The image depicts a bedroom interior."
"Trevalyn Place","The Heatherington","4","https://www.castlegreenhomes.uk/our-developments/north-wales/trevalyn-place/the-heatherington/","images/6ca58f80c73dddcffdec1f680141326b2cee33586c1db18326cc5c2d1e01853c.jpg","https://www.castlegreenhomes.uk/app/uploads/2023/07/Heaterington-21.jpg","The image shows a bedroom with a bed and furniture."
"Trevalyn Place","The Heatherington","4","https://www.castlegreenhomes.uk/our-developments/north-wales/trevalyn-place/the-heatherington/","images/57d71d0bf363d08462121b29ebcb6d31d9329df60f7ebc50c1f0b392769f3c3e.jpg","https://www.castlegreenhomes.uk/app/uploads/2023/07/Heaterington-10.jpg","The image shows a bedroom interior with a bed and a desk."
"Trevalyn Place","The Windsor","3","https://www.castlegreenhomes.uk/our-developments/north-wales/trevalyn-place/the-windsor/","images/52c82288ead6076649a2805c9f111285458a685b3aaefa4fb76c3bb09c4cd244.png","https://www.castlegreenhomes.uk/app/uploads/2022/12/Windsor.png","The image shows the exterior of a residential property."
"Trevalyn Place","The Windsor","3","https://www.castlegreenhomes.uk/our-developments/north-wales/trevalyn-place/the-windsor/","images/8a9a22d42ac00c48a285ac6a1db1e6e0893dd199ad9da3ca8b4d22f44c1c9632.jpg","https://www.castlegreenhomes.uk/app/uploads/2024/05/Windsor-Thornton-11.jpg","This is a photograph of an interior living space."
"Trevalyn Place","The Windsor","3","https://www.castlegreenhomes.uk/our-developments/north-wales/trevalyn-place/the-windsor/","images/7501b3f8908715baa2437d42a09f499f7e6e356d49c6dd98937c3a0d1c7833c7.jpg","https://collegepark.uk/wp-content/uploads/2024/01/Windsor-Thornton-57-scaled.jpg","The image shows a primary bedroom."
"Trevalyn Place","The Windsor","3","https://www.castlegreenhomes.uk/our-developments/north-wales/trevalyn-place/the-windsor/","images/fd12741a691da0b00b1a344442ebcaba47ea15abdfb74e0612efff7815f7bf3a.jpg","https://www.castlegreenhomes.uk/app/uploads/2024/05/Windsor-Thornton-7.jpg","This is a photograph of an interior living space."
"Trevalyn Place","The Windsor","3","https://www.castlegreenhomes.uk/our-developments/north-wales/trevalyn-place/the-windsor/","images/c0685291283bf4e7e2db154049db29a734923b683e444f1ef50eb2db49b16cf2.jpg","https://www.castlegreenhomes.uk/app/uploads/2024/05/Windsor-Thornton-3.jpg","This is a photograph of a furnished living room."
"Trevalyn Place","The Windsor","3","https://www.castlegreenhomes.uk/our-developments/north-wales/trevalyn-place/the-windsor/","images/71d723864e620a2a58d881d49ff87c10e8d4721a475ea9432887f0ee0875073a.jpg","https://www.castlegreenhomes.uk/app/uploads/2024/05/Windsor-Thornton-63.jpg","This is a photograph of a furnished bedroom."
"Trevalyn Place","The Windsor","3","https://www.castlegreenhomes.uk/our-developments/north-wales/trevalyn-place/the-windsor/","images/c5a0e5eaa2ce533a0635c45550ed24700d7401dec0f22afc078107beaf623016.jpg","https://www.castlegreenhomes.uk/app/uploads/2024/05/Alderton-Windsor-2-1024x768.jpg","This is a photograph of the exterior of a property."
"Trevalyn Place","The Windsor","3","https://www.castlegreenhomes.uk/our-developments/north-wales/trevalyn-place/the-windsor/","images/f59737a7c542ec7fee180a436ca7a61661a0b9087ca41c75bbe94d9d20813c7a.jpg","https://www.castlegreenhomes.uk/app/uploads/2024/05/Windsor-Thornton-13.jpg","The layout includes kitchen cabinetry, appliances, and a breakfast bar."
"Trevalyn Place","The Windsor","3","https://www.castlegreenhomes.uk/our-developments/north-wales/trevalyn-place/the-windsor/","images/dbf854d162df5ffebc6fdfb63d233fd2013be64c0c144faae9c3fbcf69c316ff.jpg","https://www.castlegreenhomes.uk/app/uploads/2024/05/Windsor-Thornton-15.jpg","This is a photograph of a kitchen interior."
"Trevalyn Place","The Windsor","3","https://www.castlegreenhomes.uk/our-developments/north-wales/trevalyn-place/the-windsor/","images/08e00115919503d0796cb923b5fb069983c8dd4bfaf8e11595638c6ee874c3f5.jpg","https://www.castlegreenhomes.uk/app/uploads/2024/05/Windsor-Thornton-17.jpg","This is a photograph of a kitchen interior."
"Trevalyn Place","The Windsor","3","https://www.castlegreenhomes.uk/our-developments/north-wales/trevalyn-place/the-windsor/","images/bf11ab9aec9fc339ca56b95346a22fddb758edaa48daf18520e1b3dff5921835.jpg","https://www.castlegreenhomes.uk/app/uploads/2024/05/Windsor-Thornton-18.jpg","This is a photograph of an open-plan kitchen and living space."
"Trevalyn Place","The Windsor","3","https://www.castlegreenhomes.uk/our-developments/north-wales/trevalyn-place/the-windsor/","images/92a978c58a8e2b9a11f977fbfe4479f2ec3993dba0adcd429ad6e43a45ef7a1e.jpg","https://www.castlegreenhomes.uk/app/uploads/2024/05/Windsor-Thornton-30.jpg","This is a photograph of a living and dining room interior."
"Trevalyn Place","The Windsor","3","https://www.castlegreenhomes.uk/our-developments/north-wales/trevalyn-place/the-windsor/","images/46ddfb03f9f3fa3ff93069d9abbfdba99fa02a0909fcdb2cd4762b447153cb36.jpg","https://www.castlegreenhomes.uk/app/uploads/2024/05/Windsor-Thornton-32.jpg","The image shows a seating area typical of a living room."
"Trevalyn Place","The Windsor","3","https://www.castlegreenhomes.uk/our-developments/north-wales/trevalyn-place/the-windsor/","images/c492e2e71f86d837eba0d7846c5cbcd4a61cd4f60490f117605a9e1810c4fff7.jpg","https://collegepark.uk/wp-content/uploads/2024/01/Windsor-Thornton-20-scaled.jpg","The image shows a furnished living room."
"Trevalyn Place","The Windsor","3","https://www.castlegreenhomes.uk/our-developments/north-wales/trevalyn-place/the-windsor/","images/bc18f3b2617d007c4e343c8ce6698ce9ee709245e2ac3ace454db3e2e18c8049.jpg","https://www.castlegreenhomes.uk/app/uploads/2024/05/Windsor-Thornton-28.jpg","The image shows a dining table set for a meal."
"Trevalyn Place","The Windsor","3","https://www.castlegreenhomes.uk/our-developments/north-wales/trevalyn-place/the-windsor/","images/9a11691f571a550b11d436182a8fd05b3e8a67c90f2d4c9d481034ca94e22406.jpg","https://collegepark.uk/wp-content/uploads/2024/01/Windsor-Thornton-60-scaled.jpg","The image shows a bedroom interior with a bed and wardrobe storage."
"Trevalyn Place","The Windsor","3","https://www.castlegreenhomes.uk/our-developments/north-wales/trevalyn-place/the-windsor/","images/4837251303f867e8d34f329e3b2380fcb06f14b0944d8f4b2d1d515078a3871d.jpg","https://www.castlegreenhomes.uk/app/uploads/2024/05/Windsor-Thornton-62.jpg","The image shows a bedroom with a bed and a built-in desk."
"Trevalyn Place","The Windsor","3","https://www.castlegreenhomes.uk/our-developments/north-wales/trevalyn-place/the-windsor/","images/e622e6b3b1e3c48a752201c1fce9b724e867b720347dedc9c1efd2c6e9b220d3.jpg","https://www.castlegreenhomes.uk/app/uploads/2024/05/Windsor-Thornton-79.jpg","The image shows a furnished bedroom."
"Trevalyn Place","The Windsor","3","https://www.castlegreenhomes.uk/our-developments/north-wales/trevalyn-place/the-windsor/","images/03193db7c34905c56d44d16f6a743318f13dece6e97251c39ba2076501dedef8.jpg","https://www.castlegreenhomes.uk/app/uploads/2024/05/Windsor-Thornton-80.jpg","The image shows a furnished bedroom."
"Trevalyn Place","The Windsor","3","https://www.castlegreenhomes.uk/our-developments/north-wales/trevalyn-place/the-windsor/","images/c51c4011ff1cc0a5bb94ceda2a4c0ccdfc921bd26c637ae60a21afbd2793ed8f.jpg","https://www.castlegreenhomes.uk/app/uploads/2024/05/Windsor-Thornton-82.jpg","This is a photograph of a furnished bedroom."
"Trevalyn Place","The Windsor","3","https://www.castlegreenhomes.uk/our-developments/north-wales/trevalyn-place/the-windsor/","images/7c9285a33d1ffebc9823e400540216e9b9cfe249c2481f662a91aef0b6329bf0.jpg","https://www.castlegreenhomes.uk/app/uploads/2024/05/Windsor-Thornton-84.jpg","This is a photograph of a furnished bedroom."
"Trevalyn Place","The Windsor","3","https://www.castlegreenhomes.uk/our-developments/north-wales/trevalyn-place/the-windsor/","images/7d98826ed7ecc970235e1fd248b90fbd02485778b78f11a733b4714e2f54f516.jpg","https://collegepark.uk/wp-content/uploads/2024/01/Windsor-Thornton-75-scaled.jpg","The image shows a bedroom with a bed."
"Trevalyn Place","The Windsor","3","https://www.castlegreenhomes.uk/our-developments/north-wales/trevalyn-place/the-windsor/","images/a5a2352ea7d1a2c1a2fc71c3e4ed258029c87ef1b15b4ce88fe2b32651fb744b.jpg","https://www.castlegreenhomes.uk/app/uploads/2024/05/Windsor-Thornton-76.jpg","This is a photograph of a furnished bedroom."
"Trevalyn Place","The Chatsworth","4","https://www.castlegreenhomes.uk/our-developments/north-wales/trevalyn-place/the-chatsworth/","images/c73029d30ddafcb9b025bc28153a2a98909cd040049813e543f5556f64ce5c9e.png","https://www.castlegreenhomes.uk/app/uploads/2025/01/Chatsworth.png","This is a photograph of the exterior of a property."
"Trevalyn Place","The Chatsworth","4","https://www.castlegreenhomes.uk/our-developments/north-wales/trevalyn-place/the-chatsworth/","images/f50182da99458a16c20fd90b4a9e5b764156ada4d547f31ea5ebda881f0b17cb.jpg","https://www.castlegreenhomes.uk/app/uploads/2022/10/TheChatsworth-11.jpg","The image depicts a kitchen area with cooking and dining facilities."
"Trevalyn Place","The Chatsworth","4","https://www.castlegreenhomes.uk/our-developments/north-wales/trevalyn-place/the-chatsworth/","images/1727fb0744a80d392c347db496d24c28e20e2d60f3c2bcae352bb277c600c216.jpg","https://www.castlegreenhomes.uk/app/uploads/2022/10/TheChatsworth-12.jpg","This is a photograph of a living and dining room."
"Trevalyn Place","The Chatsworth","4","https://www.castlegreenhomes.uk/our-developments/north-wales/trevalyn-place/the-chatsworth/","images/b3c43655cefb3a95e099b4beae97cd9a15363a3993770587122bb30c0f1511e3.jpg","https://www.castlegreenhomes.uk/app/uploads/2022/10/Chatsworth-Daresbury-7-1.jpg","The image shows a furnished bedroom."
"Trevalyn Place","The Chatsworth","4","https://www.castlegreenhomes.uk/our-developments/north-wales/trevalyn-place/the-chatsworth/","images/2ddd1ea07f1f94f1f64e945fe30876c69ea8ef90fe6c34a53080df0bcf0739d5.jpg","https://www.castlegreenhomes.uk/app/uploads/2022/10/Chatsworth-Daresbury-1.jpg","The image shows a bedroom that includes a desk area."
"Trevalyn Place","The Chatsworth","4","https://www.castlegreenhomes.uk/our-developments/north-wales/trevalyn-place/the-chatsworth/","images/7b8b5d49f2007a452f9cd21a16b85efde900919f7fbef84aba18905b7078fc4b.jpg","https://www.castlegreenhomes.uk/app/uploads/2022/10/TheChatsworth-27.jpg","This is a photograph of a furnished bedroom."
"Trevalyn Place","The Chatsworth","4","https://www.castlegreenhomes.uk/our-developments/north-wales/trevalyn-place/the-chatsworth/","images/6394203a5e259684cfd9e74479ef6b1cba601f14782104b9e7d231bbaacfec8e.jpg","https://www.castlegreenhomes.uk/app/uploads/2024/05/Chatsworth-brick-1-1024x768.jpg","This is a photograph of a property exterior."
"Trevalyn Place","The Chatsworth","4","https://www.castlegreenhomes.uk/our-developments/north-wales/trevalyn-place/the-chatsworth/","images/d2f3aab3ad1d7c2e488c9ac462de2b9401709954099ca36a4362c2e05399d41f.jpg","https://www.castlegreenhomes.uk/app/uploads/2024/05/TheChatsworth-35.jpg","The room contains laundry appliances and a sink, characteristic of a utility room."
"Trevalyn Place","The Chatsworth","4","https://www.castlegreenhomes.uk/our-developments/north-wales/trevalyn-place/the-chatsworth/","images/d656aa8fc794604f2b4ed747c72b3578917f39c476f73c40008227cf67caa411.jpg","https://www.castlegreenhomes.uk/app/uploads/2022/10/TheChatsworth-2.jpg","The image shows a living room area."
"Trevalyn Place","The Chatsworth","4","https://www.castlegreenhomes.uk/our-developments/north-wales/trevalyn-place/the-chatsworth/","images/7c8aee7d0e3c20dffcbe6f33dc487d8ef138620af17bc47d96397fd5990d5ce9.jpg","https://www.castlegreenhomes.uk/app/uploads/2024/05/TheChatsworth-9.jpg","The furniture arrangement and television indicate a living room space."
"Trevalyn Place","The Chatsworth","4","https://www.castlegreenhomes.uk/our-developments/north-wales/trevalyn-place/the-chatsworth/","images/376736dd0c56e5cc9812ed6edb3879fe3e9714aa4928e99df85af341d246d29b.jpg","https://www.castlegreenhomes.uk/app/uploads/2022/10/TheChatsworth-25.jpg","This is a photograph of a furnished home office or study."
"Trevalyn Place","The Chatsworth","4","https://www.castlegreenhomes.uk/our-developments/north-wales/trevalyn-place/the-chatsworth/","images/4a599096fd7e9855f5ca3cd6065ef800239ed445f81b093428d044a33c9cec6b.jpg","https://www.castlegreenhomes.uk/app/uploads/2024/05/TheChatsworth-30.jpg","The room contains a bed and bedside furniture, identifying it as a bedroom."
"Trevalyn Place","The Chatsworth","4","https://www.castlegreenhomes.uk/our-developments/north-wales/trevalyn-place/the-chatsworth/","images/0049c0739d55e63ad2ef56ff019ce93c6968f14f59fb1298931b5c7480f673d6.jpg","https://www.castlegreenhomes.uk/app/uploads/2024/05/TheChatsworth-33.jpg","This is a photograph of a bathroom interior."
"Trevalyn Place","The Salisbury","4","https://www.castlegreenhomes.uk/our-developments/north-wales/trevalyn-place/the-salisbury/","images/e65ff753d240f7d01522366b1926673ce857c4fd7a99209bf478c0f7ace5609e.png","https://www.castlegreenhomes.uk/app/uploads/2023/07/Salisbury.png","This is an exterior view of a residential property."
"Trevalyn Place","The Salisbury","4","https://www.castlegreenhomes.uk/our-developments/north-wales/trevalyn-place/the-salisbury/","images/a2e7f79eed05f667564e142488eacb5efb0617aaf04801276de8d55a412462d0.jpg","https://www.castlegreenhomes.uk/app/uploads/2023/07/IMG_6659.jpeg","The room is furnished as a living area."
"Trevalyn Place","The Salisbury","4","https://www.castlegreenhomes.uk/our-developments/north-wales/trevalyn-place/the-salisbury/","images/09c4816667d12b0ee8fb0e2ab17200322da4b4e90fd69144db885c1e6dc21d02.jpg","https://www.castlegreenhomes.uk/app/uploads/2023/07/IMG_6676.jpeg","The presence of a dining table and chairs defines this as a dining room."
"Trevalyn Place","The Salisbury","4","https://www.castlegreenhomes.uk/our-developments/north-wales/trevalyn-place/the-salisbury/","images/1350e1ffa3502db3ae5bfd5a4e4e481a2e866eab4aac2e358718ae6c6f323a30.jpg","https://www.castlegreenhomes.uk/app/uploads/2023/07/IMG_6672.jpeg","The image shows a bedroom with a bed and a functional vanity desk area."
"Trevalyn Place","The Salisbury","4","https://www.castlegreenhomes.uk/our-developments/north-wales/trevalyn-place/the-salisbury/","images/746a6eab48b53caf0420ce8bd85ce72cfbedb52c5f776ea7cadd8c5f0be56742.jpg","https://www.castlegreenhomes.uk/app/uploads/2023/07/Trevalyn_Place_Streetscene-20-1024x683.jpg","This is a photograph of the exterior of a house."
"Trevalyn Place","The Salisbury","4","https://www.castlegreenhomes.uk/our-developments/north-wales/trevalyn-place/the-salisbury/","images/9d7ef93258987210213958278047ca73d76248afe524ff5ecd7512bc6b4d498d.jpg","https://www.castlegreenhomes.uk/app/uploads/2023/07/IMG_6647.jpeg","This is a photograph of an open-plan kitchen and dining area."
"Trevalyn Place","The Salisbury","4","https://www.castlegreenhomes.uk/our-developments/north-wales/trevalyn-place/the-salisbury/","images/c074c95db3f63f3ea44eafdf4cca7eeee72b596d8ced2677f588b39d15fe8b4d.jpg","https://www.castlegreenhomes.uk/app/uploads/2023/07/IMG_6670.jpeg","The image shows a furnished bedroom with a bed as the central focus."
"Trevalyn Place","The Salisbury","4","https://www.castlegreenhomes.uk/our-developments/north-wales/trevalyn-place/the-salisbury/","images/f3d7cbbfa60911cda72d7452d8b6a13269394a4ceb3c49535cce098f6b0832c9.jpg","https://www.castlegreenhomes.uk/app/uploads/2023/07/IMG_6645.jpeg","The image shows a furnished living room space."
"Trevalyn Place","The Salisbury","4","https://www.castlegreenhomes.uk/our-developments/north-wales/trevalyn-place/the-salisbury/","images/df1552e37e4fed4e4c8b4c4dd2b2f996e224a06c1f4545b8f958df2066877db2.jpg","https://www.castlegreenhomes.uk/app/uploads/2023/07/IMG_6683.jpeg","The image shows a functional bathroom with sanitary ware."
"Trevalyn Place","The Salisbury","4","https://www.castlegreenhomes.uk/our-developments/north-wales/trevalyn-place/the-salisbury/","images/e32d92bd544a55e9a48506c71256ad4c9941f6c2f6987aef93e96e4754ed581b.jpg","https://www.castlegreenhomes.uk/app/uploads/2023/07/Trevalyn_Place_Streetscene-14-1024x683.jpg","The image shows the exterior facade of a residential property."
"Trevalyn Place","The Salisbury","4","https://www.castlegreenhomes.uk/our-developments/north-wales/trevalyn-place/the-salisbury/","images/7962688a7d825c67f467e5860c33e25563f248786cebbf739537072fddd2506a.jpg","https://www.castlegreenhomes.uk/app/uploads/2023/07/IMG_6665.jpeg","The image shows a furnished bedroom with a bed."
"Trevalyn Place","The Salisbury","4","https://www.castlegreenhomes.uk/our-developments/north-wales/trevalyn-place/the-salisbury/","images/195c26e851757212711b08551aa18a8b1709a8c741113d1cf9e1b127ede7d722.jpg","https://www.castlegreenhomes.uk/app/uploads/2025/01/IMG_6668.jpeg","The image shows a bedroom interior with a bed."
"Trevalyn Place","The Salisbury","4","https://www.castlegreenhomes.uk/our-developments/north-wales/trevalyn-place/the-salisbury/","images/cbe2e555e3b395b76f88e88ef618d7b41463bc651e62b4b388b2820e37415e82.jpg","https://www.castlegreenhomes.uk/app/uploads/2025/01/IMG_6675.jpeg","This is a photograph of a bathroom."
"Trevalyn Place","The Salisbury","4","https://www.castlegreenhomes.uk/our-developments/north-wales/trevalyn-place/the-salisbury/","images/3b6ca9ef3564f3d748f6c9252fabeb4f2858089226eaed96d19413f169a49a84.jpg","https://www.castlegreenhomes.uk/app/uploads/2023/07/Trevalyn_Place_Streetscene-18-1024x683.jpg","The image depicts the exterior of a residential property."
"Trevalyn Place","The Salisbury","4","https://www.castlegreenhomes.uk/our-developments/north-wales/trevalyn-place/the-salisbury/","images/947f8419cce2f27113e0fc0a909304de1df2fdd5c0e8384d95ed8ace4152e794.jpg","https://www.castlegreenhomes.uk/app/uploads/2023/07/IMG_6674.jpeg","This is a photograph of a bedroom interior."
"Trevalyn Place","The Salisbury","4","https://www.castlegreenhomes.uk/our-developments/north-wales/trevalyn-place/the-salisbury/","images/89f5dc2f0386abbb0f04b1b962007714da7e30185c25dce03b3dc365c5cfc641.jpg","https://www.castlegreenhomes.uk/app/uploads/2023/07/IMG_6678.jpeg","This is a photograph of a furnished bedroom."
"Trevalyn Place","The Salisbury","4","https://www.castlegreenhomes.uk/our-developments/north-wales/trevalyn-place/the-salisbury/","images/fd00fbfcf66cf9e807713b9a514f5cae943aa2251e9381c3aa99d63b38db5b9f.jpg","https://www.castlegreenhomes.uk/app/uploads/2023/07/Trevalyn-Place_Salisbury-1024x768.jpg","The image is a promotional exterior rendering of a house."
"Trevalyn Place","The Wiltshire","4","https://www.castlegreenhomes.uk/our-developments/north-wales/trevalyn-place/the-wiltshire/","images/72d4908e0690623d5ff06c9dfd1b7512a71cb89293e1fd33f81fa1f477b47473.png","https://www.castlegreenhomes.uk/app/uploads/2022/11/Wiltshire.png","This is a promotional exterior rendering of a property."
"Trevalyn Place","The Wiltshire","4","https://www.castlegreenhomes.uk/our-developments/north-wales/trevalyn-place/the-wiltshire/","images/2a81202af9ddb97bf21ad9db4e57ea95380abf8da6a2a11f0d559f766f87cb97.jpg","https://www.castlegreenhomes.uk/app/uploads/2023/11/Wiltshire-027-1-1024x680.jpg","The image shows a living and dining area."
"Trevalyn Place","The Wiltshire","4","https://www.castlegreenhomes.uk/our-developments/north-wales/trevalyn-place/the-wiltshire/","images/3c1f7a9c0698b3a42d328bc27cf828ea42915231395d67e2313f9da81899e378.jpg","https://www.castlegreenhomes.uk/app/uploads/2024/05/StAsaph-Lifestyle-3.jpg","The image shows a furnished bedroom with a bed as the central focus."
"Trevalyn Place","The Wiltshire","4","https://www.castlegreenhomes.uk/our-developments/north-wales/trevalyn-place/the-wiltshire/","images/078de0c36f38893b419e9c945cdf0be15f7e6a51d6fdcfc0893963f0b62ade8f.jpg","https://collegepark.uk/wp-content/uploads/2024/01/StAsaph-Lifestyle-17-scaled.jpg","The image shows a furnished bedroom with a bed as the primary piece of furniture."
"Trevalyn Place","The Wiltshire","4","https://www.castlegreenhomes.uk/our-developments/north-wales/trevalyn-place/the-wiltshire/","images/4fea9fb83570abd0ba41888f4cefaabbbb0bfffedd44306fbdb5a446e6ab2db6.jpg","https://www.castlegreenhomes.uk/app/uploads/2023/07/Wiltshire_op-1024x683.jpg","The image shows the exterior of a residential property."
"Trevalyn Place","The Wiltshire","4","https://www.castlegreenhomes.uk/our-developments/north-wales/trevalyn-place/the-wiltshire/","images/c918c723b4abc85762a57e9066409df01ddcb2dbe0cd5558b491a860c6f413fb.jpg","https://collegepark.uk/wp-content/uploads/2024/01/StAsaph-Lifestyle-46-scaled.jpg","The image captures an open-plan living space combining kitchen, dining, and lounge areas."
"Trevalyn Place","The Wiltshire","4","https://www.castlegreenhomes.uk/our-developments/north-wales/trevalyn-place/the-wiltshire/","images/c90721faf401510177db74a2aecfce80575269dcfdc22aa15fbb4823b4b831e6.jpg","https://collegepark.uk/wp-content/uploads/2024/01/StAsaph-Lifestyle-44-scaled.jpg","The image shows a combined kitchen and dining area."
"Trevalyn Place","The Wiltshire","4","https://www.castlegreenhomes.uk/our-developments/north-wales/trevalyn-place/the-wiltshire/","images/f212a913a9e1e78331a1dca675148235f8b42afe2c46a09dbe1516bc8a0d86df.jpg","https://www.castlegreenhomes.uk/app/uploads/2024/05/StAsaph-Lifestyle-50.jpg","The image shows a furnished living area with a fireplace and seating."
"Trevalyn Place","The Wiltshire","4","https://www.castlegreenhomes.uk/our-developments/north-wales/trevalyn-place/the-wiltshire/","images/4f511ba605f9e48e3304cbfa8f42b458eda0e46c541d437459059dd5a5eb8ca4.jpg","https://collegepark.uk/wp-content/uploads/2024/01/StAsaph-Lifestyle-11-scaled.jpg","The image shows a bedroom with a dedicated vanity desk."
"Trevalyn Place","The Wiltshire","4","https://www.castlegreenhomes.uk/our-developments/north-wales/trevalyn-place/the-wiltshire/","images/e9a5ad20ddcd39bea7b0abc27db7b131af45d3a6fb7d94a29c724d5863e9bc3c.jpg","https://www.castlegreenhomes.uk/app/uploads/2023/07/StAsaph-Lifestyle-21.jpg","The image shows a bedroom with a bed and a vanity desk."
"Trevalyn Place","The Wiltshire","4","https://www.castlegreenhomes.uk/our-developments/north-wales/trevalyn-place/the-wiltshire/","images/9cfc8a90a6657ae342f6b708e2917533d38cbb40e47cda38f4b1ca492475300f.jpg","https://collegepark.uk/wp-content/uploads/2024/01/StAsaph-Lifestyle-29-scaled.jpg","The image shows a bedroom with a bed."
"Trevalyn Place","The Wiltshire","4","https://www.castlegreenhomes.uk/our-developments/north-wales/trevalyn-place/the-wiltshire/","images/73f25e1636a347f724c432e9e05038256933b1172eab799e4661f27df308176c.jpg","https://www.castlegreenhomes.uk/app/uploads/2023/07/StAsaph-Lifestyle-34.jpg","The image shows a bedroom with two single beds."
"Trevalyn Place","The Cambridge","4","https://www.castlegreenhomes.uk/our-developments/north-wales/trevalyn-place/the-cambridge/","images/e9b7d5defafc206b9d0c45ac730a61d9acb55c3e871aaa07f00267502e175ef8.png","https://www.castlegreenhomes.uk/app/uploads/2023/07/Cambridge.png","This is a promotional exterior rendering of a property."
"Trevalyn Place","The Cambridge","4","https://www.castlegreenhomes.uk/our-developments/north-wales/trevalyn-place/the-cambridge/","images/d6893cde3396e73d907b27e885f7e8413bfbe70b38719d57e7af7e6a2460aa4a.jpg","https://www.castlegreenhomes.uk/app/uploads/2023/07/TheAshbourne-50.jpg","This is a photograph of a residential kitchen."
"Trevalyn Place","The Cambridge","4","https://www.castlegreenhomes.uk/our-developments/north-wales/trevalyn-place/the-cambridge/","images/bbed6c27f4d4da28b25aea4301ecf428d1d9bdee5195022bd3741733da03801c.jpg","https://www.castlegreenhomes.uk/app/uploads/2025/01/TheAshbourne-2.jpg","The room is furnished as a living area."
"Trevalyn Place","The Cambridge","4","https://www.castlegreenhomes.uk/our-developments/north-wales/trevalyn-place/the-cambridge/","images/baadf2e8206cf7178355edbb61a5996f2edcc6ec675df3ca80776aac4482d070.jpg","https://www.castlegreenhomes.uk/app/uploads/2025/09/TheAshbourne-20.jpg","This is a photograph of a furnished bedroom."
"Trevalyn Place","The Cambridge","4","https://www.castlegreenhomes.uk/our-developments/north-wales/trevalyn-place/the-cambridge/","images/6e9abde0e8a80e62589bf44a2f8239987883dea9cbbac2690d304e7afb52cc89.jpg","https://www.castlegreenhomes.uk/app/uploads/2023/07/Cambridge-2.jpg","This is a photograph of the exterior of a property."
"Trevalyn Place","The Cambridge","4","https://www.castlegreenhomes.uk/our-developments/north-wales/trevalyn-place/the-cambridge/","images/d06c83b11252538727ecd0bfcc66d7f3451c346865b8e9cec1a316e20f9621ce.jpg","https://www.castlegreenhomes.uk/app/uploads/2023/07/TheAshbourne-29.jpg","The image shows a functional kitchen space."
"Trevalyn Place","The Cambridge","4","https://www.castlegreenhomes.uk/our-developments/north-wales/trevalyn-place/the-cambridge/","images/c896d952b617f88f1488d089e27277cf1e283e113f8bb881bc9d47eb47a10fe6.jpg","https://www.castlegreenhomes.uk/app/uploads/2025/08/KITCHEN_ASHBOURNE-1024x769.jpg","This is a photograph of a kitchen interior."
"Trevalyn Place","The Cambridge","4","https://www.castlegreenhomes.uk/our-developments/north-wales/trevalyn-place/the-cambridge/","images/c06d8242261cb76d1df9457d3042ffa223d3a050f5ac5545c3172d9828c4198d.jpg","https://www.castlegreenhomes.uk/app/uploads/2026/04/Christleton-TheTownsend-105-1024x769.jpg","This is a photograph of a utility room."
"Trevalyn Place","The Cambridge","4","https://www.castlegreenhomes.uk/our-developments/north-wales/trevalyn-place/the-cambridge/","images/19063f61d29cac019d8dd38d1b4f86fde6b0e0a6bea101425e6620c260d6b73e.jpg","https://www.castlegreenhomes.uk/app/uploads/2023/07/TheAshbourne-32.jpg","This is a photograph of a residential living room."
"Trevalyn Place","The Cambridge","4","https://www.castlegreenhomes.uk/our-developments/north-wales/trevalyn-place/the-cambridge/","images/6530ba2b2177af51c1ca671ab6c039c039e0a9e1d69b218ad8a169bffebb588a.jpg","https://www.castlegreenhomes.uk/app/uploads/2024/10/grantham_primary_dressingarea_rydal_view.jpg","The image shows a dressing room area."
"Trevalyn Place","The Cambridge","4","https://www.castlegreenhomes.uk/our-developments/north-wales/trevalyn-place/the-cambridge/","images/5a15b80c56f4701b0568780eef37869e34064a43a058db6545a3b781d0300084.jpg","https://www.castlegreenhomes.uk/app/uploads/2026/04/Christleton-TheTownsendwides-49-1024x769.jpg","This is a photograph of a walk-in wardrobe or dressing room."
"Trevalyn Place","The Cambridge","4","https://www.castlegreenhomes.uk/our-developments/north-wales/trevalyn-place/the-cambridge/","images/613b0bd57a432623ae0c431436bd98a509278eb41e0e1b289c0db68900b7398c.jpg","https://www.castlegreenhomes.uk/app/uploads/2026/04/Christleton-TheTownsendwides-57-1024x769.jpg","This is a photograph of a bathroom."
"Trevalyn Place","The Cambridge","4","https://www.castlegreenhomes.uk/our-developments/north-wales/trevalyn-place/the-cambridge/","images/12bd08b406fe7e45b2d0da7e76b263ad8e6ed8fafc297af1ba72bb86c7e94b3e.jpg","https://www.castlegreenhomes.uk/app/uploads/2023/07/TheAshbourne-52.jpg","The room is furnished as a bedroom."
"Trevalyn Place","The Cambridge","4","https://www.castlegreenhomes.uk/our-developments/north-wales/trevalyn-place/the-cambridge/","images/97c304e82cbf521e6c452a3dd65475a3b3d289d09b1faad1a9db4a88c2b80a1f.jpg","https://www.castlegreenhomes.uk/app/uploads/2024/10/TheAshbourne-22.jpg","This is a photograph of a residential interior space showing a dressing area and an adjacent bathroom."
"Trevalyn Place","The Cambridge","4","https://www.castlegreenhomes.uk/our-developments/north-wales/trevalyn-place/the-cambridge/","images/535b28767fa3c512d9b9b6ad693e9f4bdc3063cafd0965ab46893e1a7775bf38.jpg","https://www.castlegreenhomes.uk/app/uploads/2024/10/TheAshbourne-58.jpg","This is a photograph of a furnished bedroom."
"Trevalyn Place","The Cambridge","4","https://www.castlegreenhomes.uk/our-developments/north-wales/trevalyn-place/the-cambridge/","images/306fcb797327d34c8cf3ffa648f570536f0d758f5310a7a5c2c2d7f04710b754.jpg","https://www.castlegreenhomes.uk/app/uploads/2025/09/TheAshbourne-61.jpg","This is a photograph of a bedroom."
"Trevalyn Place","The Cambridge","4","https://www.castlegreenhomes.uk/our-developments/north-wales/trevalyn-place/the-cambridge/","images/5cecc80e6cd275beba1ad0104f12b520cb030c0871d93a217dcd00c02fcf8499.jpg","https://www.castlegreenhomes.uk/app/uploads/2023/07/TheAshbourne-65.jpg","This is a photograph of a furnished bathroom."
"Trevalyn Place","The Ashbourne","4","https://www.castlegreenhomes.uk/our-developments/north-wales/trevalyn-place/the-ashbourne/","images/2a7b1ae241f732463f840f0d77ddb8f6b3aba109c6c77b4114879e3d97327f5d.jpg","https://www.castlegreenhomes.uk/app/uploads/2024/05/Trevalyn-Place_Ashbourne-scaled.jpg","This is an architectural rendering of a property exterior."
"Trevalyn Place","The Ashbourne","4","https://www.castlegreenhomes.uk/our-developments/north-wales/trevalyn-place/the-ashbourne/","images/809b7ff931b352f8846aefeda76ba2944592b0e9c9a672d91563a703ff4b7504.jpg","https://www.castlegreenhomes.uk/app/uploads/2023/07/TheAshbourne-1.jpg","This is a photograph of a furnished living room."
"Trevalyn Place","The Ashbourne","4","https://www.castlegreenhomes.uk/our-developments/north-wales/trevalyn-place/the-ashbourne/","images/92c11d96e4b4df4ee0a2569f2ab76175a64c9309187e78b60a9782d2aa7be74b.jpg","https://www.castlegreenhomes.uk/app/uploads/2023/07/TheAshbourne-13.jpg","The room is clearly set up as a workspace with a desk and chairs."
"Trevalyn Place","The Ashbourne","4","https://www.castlegreenhomes.uk/our-developments/north-wales/trevalyn-place/the-ashbourne/","images/c818e62ecca48f0f6c5508aaa455a50d4074b0c622e2ab808cddad875244bd1b.jpg","https://www.castlegreenhomes.uk/app/uploads/2023/07/TheAshbourne-28.jpg","The image shows a fully equipped kitchen and dining area."
"Trevalyn Place","The Ashbourne","4","https://www.castlegreenhomes.uk/our-developments/north-wales/trevalyn-place/the-ashbourne/","images/72fe21ce24d9e983a8c18777dc2ded33c5ec3f4615913530111839e77b718481.jpg","https://www.castlegreenhomes.uk/app/uploads/2023/07/Ashbourne-1.jpg","The image shows the exterior of a residential property."
"Trevalyn Place","The Ashbourne","4","https://www.castlegreenhomes.uk/our-developments/north-wales/trevalyn-place/the-ashbourne/","images/d06c83b11252538727ecd0bfcc66d7f3451c346865b8e9cec1a316e20f9621ce.jpg","https://www.castlegreenhomes.uk/app/uploads/2023/07/TheAshbourne-29.jpg","The image shows a functional kitchen space."
"Trevalyn Place","The Ashbourne","4","https://www.castlegreenhomes.uk/our-developments/north-wales/trevalyn-place/the-ashbourne/","images/d6893cde3396e73d907b27e885f7e8413bfbe70b38719d57e7af7e6a2460aa4a.jpg","https://www.castlegreenhomes.uk/app/uploads/2023/07/TheAshbourne-50.jpg","This is a photograph of a residential kitchen."
"Trevalyn Place","The Ashbourne","4","https://www.castlegreenhomes.uk/our-developments/north-wales/trevalyn-place/the-ashbourne/","images/5dcaa1b27824bb027fdfb719bc79cf17fc25e877063b96804e0010aa2e7c9417.jpg","https://www.castlegreenhomes.uk/app/uploads/2023/07/TheAshbourne-42.jpg","This is a detail shot of a residential kitchen."
"Trevalyn Place","The Ashbourne","4","https://www.castlegreenhomes.uk/our-developments/north-wales/trevalyn-place/the-ashbourne/","images/5db8ba9ca553f482bb37fbc04077ca712f892dfd727c6e58205175da675a82f6.jpg","https://www.castlegreenhomes.uk/app/uploads/2023/07/Ashbourne-2.jpg","This is an exterior photograph of a residential property."
"Trevalyn Place","The Ashbourne","4","https://www.castlegreenhomes.uk/our-developments/north-wales/trevalyn-place/the-ashbourne/","images/19063f61d29cac019d8dd38d1b4f86fde6b0e0a6bea101425e6620c260d6b73e.jpg","https://www.castlegreenhomes.uk/app/uploads/2023/07/TheAshbourne-32.jpg","This is a photograph of a residential living room."
"Trevalyn Place","The Ashbourne","4","https://www.castlegreenhomes.uk/our-developments/north-wales/trevalyn-place/the-ashbourne/","images/03af0ab4dfb8b244638756f29019b4e825c66ea4152bde966c49975df173a0b0.jpg","https://www.castlegreenhomes.uk/app/uploads/2023/07/TheAshbourne-47.jpg","This is a photograph of a residential living room."
"Trevalyn Place","The Ashbourne","4","https://www.castlegreenhomes.uk/our-developments/north-wales/trevalyn-place/the-ashbourne/","images/869806bc3b9c5a961ced58b80eadc4cb326d71e3e43ca8dcfec8cfebe9d4d019.jpg","https://www.castlegreenhomes.uk/app/uploads/2023/07/TheAshbourne-6.jpg","This is a photograph of a living room interior."
"Trevalyn Place","The Ashbourne","4","https://www.castlegreenhomes.uk/our-developments/north-wales/trevalyn-place/the-ashbourne/","images/9f39037faaa1cb7c5a38e772989a43ea19372624c0136186f6f7fe6cddef369f.jpg","https://www.castlegreenhomes.uk/app/uploads/2023/07/TheAshbourne-24.jpg","This is a photograph of a residential living room seating area."
"Trevalyn Place","The Ashbourne","4","https://www.castlegreenhomes.uk/our-developments/north-wales/trevalyn-place/the-ashbourne/","images/12bd08b406fe7e45b2d0da7e76b263ad8e6ed8fafc297af1ba72bb86c7e94b3e.jpg","https://www.castlegreenhomes.uk/app/uploads/2023/07/TheAshbourne-52.jpg","The room is furnished as a bedroom."
"Trevalyn Place","The Ashbourne","4","https://www.castlegreenhomes.uk/our-developments/north-wales/trevalyn-place/the-ashbourne/","images/139abe792dcd719b42132196cda4c28419554a01ab35041581f41de3e9aa7b0a.jpg","https://www.castlegreenhomes.uk/app/uploads/2023/07/TheAshbourne-57.jpg","This is a photograph of a real bathroom interior."
"Trevalyn Place","The Ashbourne","4","https://www.castlegreenhomes.uk/our-developments/north-wales/trevalyn-place/the-ashbourne/","images/7b73441e13f5c0575f492a2eaeda0110b4d47f31678e65644924aae209e1932c.jpg","https://www.castlegreenhomes.uk/app/uploads/2023/07/TheAshbourne-17.jpg","The image is clearly a bedroom with a bed and wardrobe storage."
"Trevalyn Place","The Ashbourne","4","https://www.castlegreenhomes.uk/our-developments/north-wales/trevalyn-place/the-ashbourne/","images/814e32c3bbcda9788fe3f9687b947cc0cc83b25dc20afd6a8c01ab6beb3a2f4f.jpg","https://www.castlegreenhomes.uk/app/uploads/2023/07/TheAshbourne-60.jpg","The image shows a bedroom with a bed and a vanity desk."
"Trevalyn Place","The Ashbourne","4","https://www.castlegreenhomes.uk/our-developments/north-wales/trevalyn-place/the-ashbourne/","images/5cecc80e6cd275beba1ad0104f12b520cb030c0871d93a217dcd00c02fcf8499.jpg","https://www.castlegreenhomes.uk/app/uploads/2023/07/TheAshbourne-65.jpg","This is a photograph of a furnished bathroom."
"Trevalyn Place","The Evesham","3","https://www.castlegreenhomes.uk/our-developments/north-wales/trevalyn-place/the-evesham/","images/f7a6e96f57f06fe0b5ec9a68820cad1e6711ef7602398c31bdd7c01cae4b2e99.png","https://www.castlegreenhomes.uk/app/uploads/2022/11/Evesham.png","This is a photograph/render of the exterior of a property."
"Trevalyn Place","The Evesham","3","https://www.castlegreenhomes.uk/our-developments/north-wales/trevalyn-place/the-evesham/","images/e1042f47c63a8f71d1efff9246670c8a8ece61f5453095c4e572de54d39f259b.jpg","https://www.castlegreenhomes.uk/app/uploads/2022/10/TrevelynPlace01.jpg","This is a photograph of a living room interior."
"Trevalyn Place","The Evesham","3","https://www.castlegreenhomes.uk/our-developments/north-wales/trevalyn-place/the-evesham/","images/c51da03b03dfc05eb24c1678439c46ea002bb09d8fff47306f1277153acd8b8d.jpg","https://www.castlegreenhomes.uk/app/uploads/2023/07/TrevelynPlace-44.jpg","This is a photograph of a furnished bedroom."
"Trevalyn Place","The Evesham","3","https://www.castlegreenhomes.uk/our-developments/north-wales/trevalyn-place/the-evesham/","images/60ac394c576afcc7b4dd41c82f1120ec29ba7ded4a073bda6bfb58b14f12a288.jpg","https://www.castlegreenhomes.uk/app/uploads/2023/07/TrevelynPlace-32.jpg","The image shows a bedroom with a bed."
"Trevalyn Place","The Evesham","3","https://www.castlegreenhomes.uk/our-developments/north-wales/trevalyn-place/the-evesham/","images/60fbb40c1c34d31ae6f32cde7f5df0c999307ab386841d8233f628bc6cfa1e45.jpg","https://www.castlegreenhomes.uk/app/uploads/2023/07/Evesham-2-1024x768.jpg","This is a photograph of the exterior of a residential property."
"Trevalyn Place","The Evesham","3","https://www.castlegreenhomes.uk/our-developments/north-wales/trevalyn-place/the-evesham/","images/ff5be1a063670a1345a64efe39f654bd63312c548837c29697c4b78a74632f0c.jpg","https://www.castlegreenhomes.uk/app/uploads/2023/07/TrevelynPlace-22.jpg","This is a photograph of a furnished dining room area."
"Trevalyn Place","The Evesham","3","https://www.castlegreenhomes.uk/our-developments/north-wales/trevalyn-place/the-evesham/","images/427fd16283cae308b7a6cd42805b83794e772dc87a562b6191e57d74896eddd9.jpg","https://www.castlegreenhomes.uk/app/uploads/2022/10/TrevelynPlace-29.jpg","This is a photograph of a furnished bedroom."
"Trevalyn Place","The Evesham","3","https://www.castlegreenhomes.uk/our-developments/north-wales/trevalyn-place/the-evesham/","images/00328f980be083c959105ec9d527dbd6d2449cd55530e40a031457c8e67d5183.jpg","https://www.castlegreenhomes.uk/app/uploads/2022/10/TrevelynPlace-6.jpg","This is a photograph of a furnished living room."
"Trevalyn Place","The Evesham","3","https://www.castlegreenhomes.uk/our-developments/north-wales/trevalyn-place/the-evesham/","images/00cf01e0766eb3814faf5633ba7f51505f543c27107a4ba191b932c3966e190f.jpg","https://www.castlegreenhomes.uk/app/uploads/2023/07/TrevelynPlace-21.jpg","This is a photograph of a kitchen."
"Trevalyn Place","The Evesham","3","https://www.castlegreenhomes.uk/our-developments/north-wales/trevalyn-place/the-evesham/","images/55d79837b00c5b651166e0c36222975fedb12397c16644cc2e9875955ac40067.jpg","https://www.castlegreenhomes.uk/app/uploads/2023/07/TrevelynPlace-8.jpg","The image shows a furnished interior living space with seating and storage furniture."
"Trevalyn Place","The Evesham","3","https://www.castlegreenhomes.uk/our-developments/north-wales/trevalyn-place/the-evesham/","images/224dc42e78b82998f68577be1030449635ded9cdb4fb941f7b99503ea2bc183c.jpg","https://www.castlegreenhomes.uk/app/uploads/2023/07/Trevalyn_Place_Streetscene-16-1024x683.jpg","This is an exterior photograph of residential properties."
"Trevalyn Place","The Evesham","3","https://www.castlegreenhomes.uk/our-developments/north-wales/trevalyn-place/the-evesham/","images/6249f70d160d10e32af663735322397685f1febaf336369c868d8aa9679ef671.jpg","https://www.castlegreenhomes.uk/app/uploads/2023/07/TrevelynPlace-30.jpg","This is a photograph of a bedroom interior."
"Trevalyn Place","The Evesham","3","https://www.castlegreenhomes.uk/our-developments/north-wales/trevalyn-place/the-evesham/","images/770a25b02d4661db350d834e49237179d6899659998c2e40965605626234fc8a.jpg","https://www.castlegreenhomes.uk/app/uploads/2022/10/TrevelynPlace-51.jpg","This is a residential bathroom."
"Trevalyn Place","The Evesham","3","https://www.castlegreenhomes.uk/our-developments/north-wales/trevalyn-place/the-evesham/","images/e20cbb285f9a1cd3bb3067016c4d4009705b6e66a4508b569dd211141ca36041.jpg","https://www.castlegreenhomes.uk/app/uploads/2023/07/Trevalyn_Place_Streetscene-11-1024x683.jpg","This is an exterior photograph of a residential property."
"Trevalyn Place","The Evesham","3","https://www.castlegreenhomes.uk/our-developments/north-wales/trevalyn-place/the-evesham/","images/10204ddbeb9e9eb5949b40114347d83d77572f6a376a6ecdcc9da536814ce4ba.jpg","https://www.castlegreenhomes.uk/app/uploads/2023/07/TrevelynPlace-36.jpg","This is a photograph of a furnished bedroom."
"Trevalyn Place","The Evesham","3","https://www.castlegreenhomes.uk/our-developments/north-wales/trevalyn-place/the-evesham/","images/a56fb31d2e626c5e93ba2a8c4431ede03e7d3563aa9eed923162dc3f7d470ffa.jpg","https://www.castlegreenhomes.uk/app/uploads/2025/01/TrevelynPlace-54.jpg","This is a photograph of a bathroom."
"Trevalyn Place","The Evesham","3","https://www.castlegreenhomes.uk/our-developments/north-wales/trevalyn-place/the-evesham/","images/60a73cf8daf388eb8fce6beee3972887a99e5778fbc3228722bb6893de43d826.jpg","https://www.castlegreenhomes.uk/app/uploads/2023/07/Trevalyn-Place_Evesham_render-1024x768.jpg","This is an exterior architectural rendering of a house."
"Trevalyn Place","The Henley","3","https://www.castlegreenhomes.uk/our-developments/north-wales/trevalyn-place/the-henley/","images/9348c8c96de85f9f48c51921702b27824f24f61415b888ff391ac3782c93b8d8.jpg","https://www.castlegreenhomes.uk/app/uploads/2022/11/Henley-render.jpg","This is a photograph/render of the exterior of a property."
"Trevalyn Place","The Henley","3","https://www.castlegreenhomes.uk/our-developments/north-wales/trevalyn-place/the-henley/","images/ba36e08ae14b87a9de987c230b18aa7a6fa0a569ca8ec82650c501ca0a227b36.jpg","https://www.castlegreenhomes.uk/app/uploads/2025/01/the_marlow_llys_y_coed_rhosrobin_bedroom2.jpg","This is a photograph of a furnished bedroom."
"Trevalyn Place","The Henley","3","https://www.castlegreenhomes.uk/our-developments/north-wales/trevalyn-place/the-henley/","images/c27ddc1bcd947dee661ab927719b5c3c5289c1ae166ddd7cb6b505194ffb54eb.jpg","https://www.castlegreenhomes.uk/app/uploads/2025/01/the_marlow_llys_y_coed_rhosrobin_primary_bedroom.jpg","The image shows a furnished bedroom."
"Trevalyn Place","The Henley","3","https://www.castlegreenhomes.uk/our-developments/north-wales/trevalyn-place/the-henley/","images/7bb0f2a4b37dad0e7613c897404181045075ff34d3a19ba9faab0958739df44d.jpg","https://www.castlegreenhomes.uk/app/uploads/2022/04/the_marlow_llys_y_coed_rhosrobin_bedroom3_dressing_room.jpg","This is a photograph of a furnished bedroom or dressing area."
"Trevalyn Place","The Henley","3","https://www.castlegreenhomes.uk/our-developments/north-wales/trevalyn-place/the-henley/","images/ce8e85f7a3805f3a36394086c436c333dcdda2052ec1cc934346d2e173f700a0.jpg","https://www.castlegreenhomes.uk/app/uploads/2025/01/Trevalyn-Place_Henley-1024x768.jpg","This is an exterior view of a property."
"Trevalyn Place","The Henley","3","https://www.castlegreenhomes.uk/our-developments/north-wales/trevalyn-place/the-henley/","images/c40fd7bed8f65a4067fc293337142e6ec986244e9d9b290a34992e0ece5052bc.jpg","https://www.castlegreenhomes.uk/app/uploads/2025/01/TheStratford-1.jpg","This is a photograph of a furnished living room."
"Trevalyn Place","The Henley","3","https://www.castlegreenhomes.uk/our-developments/north-wales/trevalyn-place/the-henley/","images/1acfab8dc4a7dc8c2e52957f19d1330e1933f06200f5eb61986804a53604a8b8.jpg","https://www.castlegreenhomes.uk/app/uploads/2025/01/TheStratford-19.jpg","This is a photograph of a kitchen."
"Trevalyn Place","The Henley","3","https://www.castlegreenhomes.uk/our-developments/north-wales/trevalyn-place/the-henley/","images/0a52616f44cc6300722b88e67b56a8bc25df69f2a17a98d0e4de5dd2f4394ba8.jpg","https://www.castlegreenhomes.uk/app/uploads/2025/01/TheStratford-32.jpg","This is a photograph of a dining room."
"Trevalyn Place","The Henley","3","https://www.castlegreenhomes.uk/our-developments/north-wales/trevalyn-place/the-henley/","images/7ca55ebcb9c9587dbc782535c64d3fd7de9eaad4482215a996fa721a81a346f6.jpg","https://www.castlegreenhomes.uk/app/uploads/2022/04/the_marlow_llys_y_coed_rhosrobin_primary_bedroom_bed.jpg","This is a photograph of a furnished bedroom."
"Trevalyn Place","The Henley","3","https://www.castlegreenhomes.uk/our-developments/north-wales/trevalyn-place/the-henley/","images/508668c517e61c25cb19ffb7459e5ce49e3a1f50e7cdbbf06593c641d1c936a6.jpg","https://www.castlegreenhomes.uk/app/uploads/2022/04/the_marlow_llys_y_coed_rhosrobin_bedroom2_dressingtable.jpg","The image shows a bedroom with a desk/vanity area."
"Trevalyn Place","Trevalyn Place","","https://www.castlegreenhomes.uk/our-developments/north-wales/trevalyn-place/","images/f51f792fe0b7e21ba72c36ce9662343d9fb040bf4d353ae580b777d4701387aa.jpg","https://www.castlegreenhomes.uk/app/uploads/2022/10/trevalyn_place_rossett_streetscene_new_homes_for_sale.jpg","This is a photograph of the exterior of a residential property development."
"Trevalyn Place","Trevalyn Place","","https://www.castlegreenhomes.uk/our-developments/north-wales/trevalyn-place/","images/b58b5a6af837f4112264581569ed030073a33081cb9fe7e4b089b1dcef621b59.jpg","https://www.castlegreenhomes.uk/app/uploads/2022/10/Trevalyn_Place_Streetscene-6-1024x576.jpg","This is a photograph of the exterior of a residential property development."
"Trevalyn Place","Trevalyn Place","","https://www.castlegreenhomes.uk/our-developments/north-wales/trevalyn-place/","images/58c0a067ebed79bac81d15f0c97aa8d70437c365f07d3cf09b2766b9b4d07fe6.jpg","https://www.castlegreenhomes.uk/app/uploads/2022/10/Trevalyn_Place.SS_05_People-1024x576.jpg","This is a promotional graphic/rendering of a residential development."
"Trevalyn Place","Trevalyn Place","","https://www.castlegreenhomes.uk/our-developments/north-wales/trevalyn-place/","images/809b7ff931b352f8846aefeda76ba2944592b0e9c9a672d91563a703ff4b7504.jpg","https://www.castlegreenhomes.uk/app/uploads/2023/07/TheAshbourne-1.jpg","This is a photograph of a furnished living room."
"Trevalyn Place","Trevalyn Place","","https://www.castlegreenhomes.uk/our-developments/north-wales/trevalyn-place/","images/51a316532e3b922c42f59f748ae5301d83052c6704bc727fb5d7d31af797612e.jpg","https://www.castlegreenhomes.uk/app/uploads/2022/10/Trevalyn_Place_Streetscene-23-1024x683.jpg","This is an exterior photograph of a residential property."
"Trevalyn Place","Trevalyn Place","","https://www.castlegreenhomes.uk/our-developments/north-wales/trevalyn-place/","images/195989bf204cf6f749ab0d84395becd99ead98484a4f05636b56ad1a032787ce.jpg","https://www.castlegreenhomes.uk/app/uploads/2024/02/StAsaph-Lifestyle-192-1024x683.jpg","This is a photograph of a living room space being used by children."
"Trevalyn Place","Trevalyn Place","","https://www.castlegreenhomes.uk/our-developments/north-wales/trevalyn-place/","images/12bd08b406fe7e45b2d0da7e76b263ad8e6ed8fafc297af1ba72bb86c7e94b3e.jpg","https://www.castlegreenhomes.uk/app/uploads/2023/07/TheAshbourne-52.jpg","The room is furnished as a bedroom."
"Trevalyn Place","Trevalyn Place","","https://www.castlegreenhomes.uk/our-developments/north-wales/trevalyn-place/","images/e1042f47c63a8f71d1efff9246670c8a8ece61f5453095c4e572de54d39f259b.jpg","https://www.castlegreenhomes.uk/app/uploads/2022/10/TrevelynPlace01.jpg","This is a photograph of a living room interior."
"Trevalyn Place","Trevalyn Place","","https://www.castlegreenhomes.uk/our-developments/north-wales/trevalyn-place/","images/505d06c2c9b0ca4fe3a8873b23e877734bb97d225460950950ed51b4703cabe7.jpg","https://www.castlegreenhomes.uk/app/uploads/2022/10/Trevalyn_Place_Streetscene-8-1024x576.jpg","This is an exterior photograph of a residential development."
"Trevalyn Place","Trevalyn Place","","https://www.castlegreenhomes.uk/our-developments/north-wales/trevalyn-place/","images/50799efa8260bdb67817dbf4319041340c442e2a6b3f5489039a5e3d09d380fc.jpg","https://www.castlegreenhomes.uk/app/uploads/2024/02/StAsaph-Lifestyle-213-1024x683.jpg","This is a photograph of a living room space being used by a family."
"Trevalyn Place","Trevalyn Place","","https://www.castlegreenhomes.uk/our-developments/north-wales/trevalyn-place/","images/d6893cde3396e73d907b27e885f7e8413bfbe70b38719d57e7af7e6a2460aa4a.jpg","https://www.castlegreenhomes.uk/app/uploads/2023/07/TheAshbourne-50.jpg","This is a photograph of a residential kitchen."
"Trevalyn Place","Trevalyn Place","","https://www.castlegreenhomes.uk/our-developments/north-wales/trevalyn-place/","images/26647999a916fcd1f02786352200e943924e7d82327656e6009823b0328005c4.jpg","https://www.castlegreenhomes.uk/app/uploads/2022/10/Trevalyn_Place_Streetscene-10-1024x683.jpg","This is an exterior photograph of a residential housing development."
"Trevalyn Place","Trevalyn Place","","https://www.castlegreenhomes.uk/our-developments/north-wales/trevalyn-place/","images/92c11d96e4b4df4ee0a2569f2ab76175a64c9309187e78b60a9782d2aa7be74b.jpg","https://www.castlegreenhomes.uk/app/uploads/2023/07/TheAshbourne-13.jpg","The room is clearly set up as a workspace with a desk and chairs."
"Trevalyn Place","Trevalyn Place","","https://www.castlegreenhomes.uk/our-developments/north-wales/trevalyn-place/","images/19063f61d29cac019d8dd38d1b4f86fde6b0e0a6bea101425e6620c260d6b73e.jpg","https://www.castlegreenhomes.uk/app/uploads/2023/07/TheAshbourne-32.jpg","This is a photograph of a residential living room."
"Trevalyn Place","Trevalyn Place","","https://www.castlegreenhomes.uk/our-developments/north-wales/trevalyn-place/","images/0681fd74e5b0ed864e60b69da107cc13e3c0f651697324a48c51d06820f41514.jpg","https://www.castlegreenhomes.uk/app/uploads/2022/10/Trevalyn_Place_Streetscene-9-1024x576.jpg","This is an exterior photograph of a residential street."
"Trevalyn Place","Trevalyn Place","","https://www.castlegreenhomes.uk/our-developments/north-wales/trevalyn-place/","images/d5eb53d157c5002c4fa41170a5f5a53bcee9b40bfbaeb6a92a0decbc6ce48c6e.jpg","https://www.castlegreenhomes.uk/app/uploads/2023/07/IMG_6677.jpeg","This is an interior photograph of a living and dining space."
"Trevalyn Place","Trevalyn Place","","https://www.castlegreenhomes.uk/our-developments/north-wales/trevalyn-place/","images/10204ddbeb9e9eb5949b40114347d83d77572f6a376a6ecdcc9da536814ce4ba.jpg","https://www.castlegreenhomes.uk/app/uploads/2023/07/TrevelynPlace-36.jpg","This is a photograph of a furnished bedroom."
"Trevalyn Place","Trevalyn Place","","https://www.castlegreenhomes.uk/our-developments/north-wales/trevalyn-place/","images/139abe792dcd719b42132196cda4c28419554a01ab35041581f41de3e9aa7b0a.jpg","https://www.castlegreenhomes.uk/app/uploads/2023/07/TheAshbourne-57.jpg","This is a photograph of a real bathroom interior."
"Llys y Coed","The Wentworth","4","https://www.castlegreenhomes.uk/our-developments/north-wales/llys-y-coed/the-wentworth/","images/da5bcaab438a0d63675208d3edbc80f2a0acf0a3d21381aa3a087ed1c98e62e5.png","https://www.castlegreenhomes.uk/app/uploads/2022/11/Wentworth-Wentworth-Lifestyle.png","This is a promotional exterior rendering of a property."
"Llys y Coed","The Wentworth","4","https://www.castlegreenhomes.uk/our-developments/north-wales/llys-y-coed/the-wentworth/","images/24e9c9b3488b13a216d2b3860fc718e7e4737d9a6604532d521c0919fcedd68e.jpg","https://www.castlegreenhomes.uk/app/uploads/2025/05/3.-Dining.jpg","This is a photograph of a real kitchen and dining space."
"Llys y Coed","The Wentworth","4","https://www.castlegreenhomes.uk/our-developments/north-wales/llys-y-coed/the-wentworth/","images/f52fa4d367fc1054af434bc9f91fb389633e6a6fa1c2b09a1c0300df016523e3.jpg","https://www.castlegreenhomes.uk/app/uploads/2025/05/11.-Bed-1.jpg","This is a photograph of a real bedroom."
"Llys y Coed","The Wentworth","4","https://www.castlegreenhomes.uk/our-developments/north-wales/llys-y-coed/the-wentworth/","images/849a5e27e9a27ae57080d877af31a4abf080be8d105d5083f608c3facd54006d.jpg","https://www.castlegreenhomes.uk/app/uploads/2025/05/9.-Lounge.jpg","This is a photograph of a real living room."
"Llys y Coed","The Wentworth","4","https://www.castlegreenhomes.uk/our-developments/north-wales/llys-y-coed/the-wentworth/","images/d37650ece8d64a32d4f5af1fe97fc4e9dcfd24d5caf2d65e343e46b2033629e1.jpg","https://www.castlegreenhomes.uk/app/uploads/2022/04/the_webtworth_llys_y_coed_rhosrobin_dining.jpg","This is an interior photograph of a dining room."
"Llys y Coed","The Wentworth","4","https://www.castlegreenhomes.uk/our-developments/north-wales/llys-y-coed/the-wentworth/","images/cb9cdc272cbf7b26a610bfd403f0728291cebafc729535c8337324911235842a.jpg","https://www.castlegreenhomes.uk/app/uploads/2022/04/the_webtworth_llys_y_coed_rhosrobin_utility.jpg","This is an interior photograph of a utility room."
"Llys y Coed","The Wentworth","4","https://www.castlegreenhomes.uk/our-developments/north-wales/llys-y-coed/the-wentworth/","images/27d06fc0f489a68bc7810ee8a4aa5c99063267d28f950355dd350fd7270e2a02.jpg","https://www.castlegreenhomes.uk/app/uploads/2022/04/the_webtworth_llys_y_coed_rhosrobin_bedroom2-769x1024.jpg","The image shows a furnished bedroom."
"Llys y Coed","The Wentworth","4","https://www.castlegreenhomes.uk/our-developments/north-wales/llys-y-coed/the-wentworth/","images/16f327cb318b7a69599fe1dd5e2144ab2b77a7f05b0abc2e0fdd8b867178b62e.jpg","https://www.castlegreenhomes.uk/app/uploads/2022/04/the_webtworth_llys_y_coed_rhosrobin_bedroom3.jpg","The image shows a bedroom with an integrated desk."
"Llys y Coed","The Wentworth","4","https://www.castlegreenhomes.uk/our-developments/north-wales/llys-y-coed/the-wentworth/","images/6aa7ca9b51c3f2df54b0a7046f51c2bae9eb376180713636c4bd7c29fd630830.jpg","https://www.castlegreenhomes.uk/app/uploads/2025/05/18.-Bed-4.jpg","This is a photograph of a real bedroom."
"Llys y Coed","The Wentworth","4","https://www.castlegreenhomes.uk/our-developments/north-wales/llys-y-coed/the-wentworth/","images/c15c4c37daa24ef4ed6be2e28fd0fac65065d9d2cca95628a002c5028692a85b.jpg","https://www.castlegreenhomes.uk/app/uploads/2023/07/Wentworth-096.jpg","The image shows a fully furnished bathroom."
"Llys y Coed","The Alderton","4","https://www.castlegreenhomes.uk/our-developments/north-wales/llys-y-coed/the-alderton/","images/51c866f1bd137220d283cdd860148bbc6393d8657f8217dcd7b43795d69b0e75.png","https://www.castlegreenhomes.uk/app/uploads/2022/04/Alderton.png","This is an exterior photograph of a residential property."
"Llys y Coed","The Alderton","4","https://www.castlegreenhomes.uk/our-developments/north-wales/llys-y-coed/the-alderton/","images/af1fe36760b67df80165ca55308352f4c61f4cd477c26a5bf62b4a5c00142148.jpg","https://www.castlegreenhomes.uk/app/uploads/2022/06/StAsaph-Lifestyle-182.jpg","This is a photograph of a bedroom interior."
"Llys y Coed","The Alderton","4","https://www.castlegreenhomes.uk/our-developments/north-wales/llys-y-coed/the-alderton/","images/03311f4e713432fb2f30b633cd1844067ac8b6ee9e2d54f587bca4534db9ead6.jpg","https://www.castlegreenhomes.uk/app/uploads/2023/12/StAsaph-Lifestyle-102.jpg","The image shows a living room interior."
"Llys y Coed","The Alderton","4","https://www.castlegreenhomes.uk/our-developments/north-wales/llys-y-coed/the-alderton/","images/0756e2f78f99c6b2c0065c6196454659d13d369cd044f3f975b67eaf47e2145b.jpg","https://www.castlegreenhomes.uk/app/uploads/2022/06/StAsaph-Lifestyle-117.jpg","The image shows a functional kitchen and dining space."
"Llys y Coed","The Alderton","4","https://www.castlegreenhomes.uk/our-developments/north-wales/llys-y-coed/the-alderton/","images/f5b43c282f37d643c3d2514a9679617cbc25b5c7b497340f8dd6c12bc8e033c3.jpg","https://www.castlegreenhomes.uk/app/uploads/2024/09/StAsaph-Lifestyle-179.jpg","The image shows a furnished bedroom."
"Llys y Coed","The Alderton","4","https://www.castlegreenhomes.uk/our-developments/north-wales/llys-y-coed/the-alderton/","images/9cf8c561072cd98f744a42e7de1bd268743c262e272a80c4176ebd007c303b49.jpg","https://www.castlegreenhomes.uk/app/uploads/2024/05/Trevalyn-Place_Windsor-1024x768.jpg","The image depicts the exterior of a residential property."
"Llys y Coed","The Alderton","4","https://www.castlegreenhomes.uk/our-developments/north-wales/llys-y-coed/the-alderton/","images/c3d9f5f7ed9ff4a6bd2e99d44a0b6fd2592fa84530ed833a92ec280c56b04973.jpg","https://www.castlegreenhomes.uk/app/uploads/2025/01/Alderton-018-scaled.jpg","This is a photograph of a living room interior."
"Llys y Coed","The Alderton","4","https://www.castlegreenhomes.uk/our-developments/north-wales/llys-y-coed/the-alderton/","images/bfbe170659cd1097798f82c326e484fe10f1e201ad58d884a80ca0296c3266d9.jpg","https://www.castlegreenhomes.uk/app/uploads/2025/01/StAsaph-Lifestyle-169.jpg","The image shows a dining room area."
"Llys y Coed","The Alderton","4","https://www.castlegreenhomes.uk/our-developments/north-wales/llys-y-coed/the-alderton/","images/6abfedd2b4aa4490fca64a52c633d96e89d4aac835f176885fba66ca3c9df275.jpg","https://www.castlegreenhomes.uk/app/uploads/2022/06/StAsaph-Lifestyle-175.jpg","The image shows a bedroom interior with a bed as the primary focus."
"Llys y Coed","The Alderton","4","https://www.castlegreenhomes.uk/our-developments/north-wales/llys-y-coed/the-alderton/","images/dfc0bd33b84ab861372c76b574151f8595bf2af87ce254276b7e4fdf5da86dbf.jpg","https://www.castlegreenhomes.uk/app/uploads/2025/01/StAsaph-Lifestyle-172.jpg","The image shows a bedroom interior with a bed as the primary focus."
"Llys y Coed","The Alderton","4","https://www.castlegreenhomes.uk/our-developments/north-wales/llys-y-coed/the-alderton/","images/86c94d96a87d8e8b5e4b83e82bc0757eaa96a5ae01d692aff9013ed57ec76614.jpg","https://www.castlegreenhomes.uk/app/uploads/2025/01/Alderton-022-scaled.jpg","This is a photograph of a functional kitchen space."
"Llys y Coed","The Alderton","4","https://www.castlegreenhomes.uk/our-developments/north-wales/llys-y-coed/the-alderton/","images/eb876217afe68a809d7e28883209595af43a90a2454b4d9a930ee85cebb642b3.jpg","https://www.castlegreenhomes.uk/app/uploads/2025/01/Alderton-050-1024x723.jpg","The room contains a crib and baby-themed decor."
"Llys y Coed","The Alderton","4","https://www.castlegreenhomes.uk/our-developments/north-wales/llys-y-coed/the-alderton/","images/31eb740730f08bdcc425643213cc3bb6c2bb49e5e8add2c11ba5b35e5a2b656f.jpg","https://www.castlegreenhomes.uk/app/uploads/2025/01/Alderton-056-1024x768.jpg","The room is a functional bathroom."
"Llys y Coed","Llys y Coed","","https://www.castlegreenhomes.uk/our-developments/north-wales/llys-y-coed/","images/8cdfca3e8d5e8582521a076c29a19bc8e520ae17fb86a015f6b06fdd3511255b.jpg","https://www.castlegreenhomes.uk/app/uploads/2021/12/llys_y_coed_streetscene_new_homes_for_sale_wrexham.jpg","This is an exterior photograph of a residential development."
"Llys y Coed","Llys y Coed","","https://www.castlegreenhomes.uk/our-developments/north-wales/llys-y-coed/","images/ab4fe8547b1b70bc13678a8776f730ebc81343befcc11db60e9b3968b4b4e49b.jpg","https://www.castlegreenhomes.uk/app/uploads/2021/12/DJI_0273-Pano-Edit-7-1024x493.jpg","The image depicts the exterior of a residential property development."
"Llys y Coed","Llys y Coed","","https://www.castlegreenhomes.uk/our-developments/north-wales/llys-y-coed/","images/f10978b56f8c9d78979cc6c719473cfd0157b55e0f066905fe49ff35cf503514.jpg","https://www.castlegreenhomes.uk/app/uploads/2022/04/CGHomes-102.jpg","The image shows a vanity desk setup in a bedroom."
"Llys y Coed","Llys y Coed","","https://www.castlegreenhomes.uk/our-developments/north-wales/llys-y-coed/","images/e7c967626144ddf0b7be9d048bdb6f3cd745af6a53fe1fef5c6c42fe8a38f8f1.jpg","https://www.castlegreenhomes.uk/app/uploads/2023/03/The-Cheltenham-show-home-living-room-at-Bridgewater-View-Daresbury-132-e1683646976354.jpg","The image shows a furnished living room."
"Llys y Coed","Llys y Coed","","https://www.castlegreenhomes.uk/our-developments/north-wales/llys-y-coed/","images/4f007219a8ec4e8815e4426830f79761676c1c4646d9858b7a93fc8ec6f586a5.jpg","https://www.castlegreenhomes.uk/app/uploads/2022/04/Brook-Meadows-019-1-1024x734.jpg","The image shows a bedroom interior with a bed as the primary focus."
"Llys y Coed","Llys y Coed","","https://www.castlegreenhomes.uk/our-developments/north-wales/llys-y-coed/","images/5eb0fa6b99cdc8193a85c997f3641df3c9b8b3616c2858c454ae6ab84d72a0b2.jpg","https://www.castlegreenhomes.uk/app/uploads/2023/07/CGHomes-11.jpg","The image shows a bedroom interior with a bed as the primary focus."
"Llys y Coed","Llys y Coed","","https://www.castlegreenhomes.uk/our-developments/north-wales/llys-y-coed/","images/721792261c6df5867d37a2bf26ee5318b0363f003bd25d814a0de301deb1777e.jpg","https://www.castlegreenhomes.uk/app/uploads/2022/04/Stratford-011-1024x646.jpg","The image shows a living room interior with seating furniture."
"Llys y Coed","Llys y Coed","","https://www.castlegreenhomes.uk/our-developments/north-wales/llys-y-coed/","images/3b958701d5645295cc6eb27b81186db2b71a94eefe6cb93176b7397b5865d617.jpg","https://www.castlegreenhomes.uk/app/uploads/2022/04/CGHomes-50-1.jpg","The image shows a dining room interior with a dining table and chairs."
"Llys y Coed","Llys y Coed","","https://www.castlegreenhomes.uk/our-developments/north-wales/llys-y-coed/","images/348167ccd50a96b0cdd6e0c7e1b57d0f9112c77499a3790da93c0d151d8bea09.jpg","https://www.castlegreenhomes.uk/app/uploads/2022/04/Wentworth-120-1.jpg","The image shows a furnished bedroom with a bed and a desk area."
"Llys y Coed","Llys y Coed","","https://www.castlegreenhomes.uk/our-developments/north-wales/llys-y-coed/","images/a2c108d10b7794558dcc106a111ce4a42819b6527a774c5789a09e1240d793d1.jpg","https://www.castlegreenhomes.uk/app/uploads/2022/04/Maes-Cwyfan-004-e1683630308689.jpg","The image depicts a living room interior."
"Llys y Coed","Llys y Coed","","https://www.castlegreenhomes.uk/our-developments/north-wales/llys-y-coed/","images/796d1319aa95046412f11d05d40d47a8f59b11032aebee960d717ca2192c7395.jpg","https://www.castlegreenhomes.uk/app/uploads/2023/02/3249_lo-res-1024x683.jpg","The image shows a bedroom with a vanity desk."
"Llys y Coed","Llys y Coed","","https://www.castlegreenhomes.uk/our-developments/north-wales/llys-y-coed/","images/44345e32c48b144f672e2b7a67b5c942addef6b15c4cefd4c864864c18a5dfa7.jpg","https://collegepark.uk/wp-content/uploads/2024/01/CGHomes-56-scaled.jpg","The image shows a furnished kitchen."
"Llys y Coed","Llys y Coed","","https://www.castlegreenhomes.uk/our-developments/north-wales/llys-y-coed/","images/118865e238a3847e2751eb8f0200958c2a891e9d54027bd1d417ba9fee239c93.jpg","https://www.castlegreenhomes.uk/app/uploads/2023/05/Maes-Cwyfan-027-2-1-e1685441827936-1-1024x736.jpg","The image shows a bedroom with a bed and a desk."
"Llys y Coed","Llys y Coed","","https://www.castlegreenhomes.uk/our-developments/north-wales/llys-y-coed/","images/8eb5a73abe7872ef908fa85268f0c72415c688d15ddb07305efa1e2dcc0399f5.jpg","https://www.castlegreenhomes.uk/app/uploads/2023/07/Wentworth-089.jpg","This is a photograph of a kitchen and dining area."
"Llys y Coed","Llys y Coed","","https://www.castlegreenhomes.uk/our-developments/north-wales/llys-y-coed/","images/ac034fe8f4f263e0b880c54cf27026112d31ebd5e2a8cd08fa9b1fe025629b60.jpg","https://www.castlegreenhomes.uk/app/uploads/2022/04/Wentworth-094-e1683648644533.jpg","The room contains a bed and is styled as a sleeping space."
"Llys y Coed","Llys y Coed","","https://www.castlegreenhomes.uk/our-developments/north-wales/llys-y-coed/","images/64ee940fb5db5751ab723389e7b65a51d4984e7442bdf1f52fabed857cdf85c4.jpg","https://www.castlegreenhomes.uk/app/uploads/2022/04/Cheltenham-053-e1683647801196.jpg","The room is set up for dining and relaxation."
"Llys y Coed","Llys y Coed","","https://www.castlegreenhomes.uk/our-developments/north-wales/llys-y-coed/","images/0cb1b3a99166ba5c6b3bb3bce71e98b4833c5b0710c285cdbea58b9176d71d64.jpg","https://www.castlegreenhomes.uk/app/uploads/2022/12/Brook-Meadows-027-2-1-e1683649700645.jpg","The room contains a bed and is styled as a bedroom."
"Orchard Place","The Evesham","3","https://www.castlegreenhomes.uk/our-developments/north-west/orchard-place/the-evesham/","images/f7a6e96f57f06fe0b5ec9a68820cad1e6711ef7602398c31bdd7c01cae4b2e99.png","https://www.castlegreenhomes.uk/app/uploads/2022/11/Evesham.png","This is a photograph/render of the exterior of a property."
"Orchard Place","The Evesham","3","https://www.castlegreenhomes.uk/our-developments/north-west/orchard-place/the-evesham/","images/00328f980be083c959105ec9d527dbd6d2449cd55530e40a031457c8e67d5183.jpg","https://www.castlegreenhomes.uk/app/uploads/2022/10/TrevelynPlace-6.jpg","This is a photograph of a furnished living room."
"Orchard Place","The Evesham","3","https://www.castlegreenhomes.uk/our-developments/north-west/orchard-place/the-evesham/","images/c51da03b03dfc05eb24c1678439c46ea002bb09d8fff47306f1277153acd8b8d.jpg","https://www.castlegreenhomes.uk/app/uploads/2023/07/TrevelynPlace-44.jpg","This is a photograph of a furnished bedroom."
"Orchard Place","The Evesham","3","https://www.castlegreenhomes.uk/our-developments/north-west/orchard-place/the-evesham/","images/60ac394c576afcc7b4dd41c82f1120ec29ba7ded4a073bda6bfb58b14f12a288.jpg","https://www.castlegreenhomes.uk/app/uploads/2023/07/TrevelynPlace-32.jpg","The image shows a bedroom with a bed."
"Orchard Place","The Evesham","3","https://www.castlegreenhomes.uk/our-developments/north-west/orchard-place/the-evesham/","images/60fbb40c1c34d31ae6f32cde7f5df0c999307ab386841d8233f628bc6cfa1e45.jpg","https://www.castlegreenhomes.uk/app/uploads/2023/07/Evesham-2-1024x768.jpg","This is a photograph of the exterior of a residential property."
"Orchard Place","The Evesham","3","https://www.castlegreenhomes.uk/our-developments/north-west/orchard-place/the-evesham/","images/e1042f47c63a8f71d1efff9246670c8a8ece61f5453095c4e572de54d39f259b.jpg","https://www.castlegreenhomes.uk/app/uploads/2022/10/TrevelynPlace01.jpg","This is a photograph of a living room interior."
"Orchard Place","The Evesham","3","https://www.castlegreenhomes.uk/our-developments/north-west/orchard-place/the-evesham/","images/783b7006f6f0f60d97f36812411997f64482d201a4fca2dbeec761da53f6f4ac.jpg","https://www.castlegreenhomes.uk/app/uploads/2023/07/TrevelynPlace-3.jpg","The image shows a living room interior with seating furniture."
"Orchard Place","The Evesham","3","https://www.castlegreenhomes.uk/our-developments/north-west/orchard-place/the-evesham/","images/00cf01e0766eb3814faf5633ba7f51505f543c27107a4ba191b932c3966e190f.jpg","https://www.castlegreenhomes.uk/app/uploads/2023/07/TrevelynPlace-21.jpg","This is a photograph of a kitchen."
"Orchard Place","The Evesham","3","https://www.castlegreenhomes.uk/our-developments/north-west/orchard-place/the-evesham/","images/ff5be1a063670a1345a64efe39f654bd63312c548837c29697c4b78a74632f0c.jpg","https://www.castlegreenhomes.uk/app/uploads/2023/07/TrevelynPlace-22.jpg","This is a photograph of a furnished dining room area."
"Orchard Place","The Evesham","3","https://www.castlegreenhomes.uk/our-developments/north-west/orchard-place/the-evesham/","images/427fd16283cae308b7a6cd42805b83794e772dc87a562b6191e57d74896eddd9.jpg","https://www.castlegreenhomes.uk/app/uploads/2022/10/TrevelynPlace-29.jpg","This is a photograph of a furnished bedroom."
"Orchard Place","The Evesham","3","https://www.castlegreenhomes.uk/our-developments/north-west/orchard-place/the-evesham/","images/6249f70d160d10e32af663735322397685f1febaf336369c868d8aa9679ef671.jpg","https://www.castlegreenhomes.uk/app/uploads/2023/07/TrevelynPlace-30.jpg","This is a photograph of a bedroom interior."
"Orchard Place","The Evesham","3","https://www.castlegreenhomes.uk/our-developments/north-west/orchard-place/the-evesham/","images/10204ddbeb9e9eb5949b40114347d83d77572f6a376a6ecdcc9da536814ce4ba.jpg","https://www.castlegreenhomes.uk/app/uploads/2023/07/TrevelynPlace-36.jpg","This is a photograph of a furnished bedroom."
"Orchard Place","The Evesham","3","https://www.castlegreenhomes.uk/our-developments/north-west/orchard-place/the-evesham/","images/a56fb31d2e626c5e93ba2a8c4431ede03e7d3563aa9eed923162dc3f7d470ffa.jpg","https://www.castlegreenhomes.uk/app/uploads/2025/01/TrevelynPlace-54.jpg","This is a photograph of a bathroom."
"Orchard Place","The Windsor","3","https://www.castlegreenhomes.uk/our-developments/north-west/orchard-place/the-windsor/","images/52c82288ead6076649a2805c9f111285458a685b3aaefa4fb76c3bb09c4cd244.png","https://www.castlegreenhomes.uk/app/uploads/2022/12/Windsor.png","The image shows the exterior of a residential property."
"Orchard Place","The Windsor","3","https://www.castlegreenhomes.uk/our-developments/north-west/orchard-place/the-windsor/","images/5187b8484689f014c2548a0e421b9f68868685f5533847d7dd16b13208af7724.jpg","https://collegepark.uk/wp-content/uploads/2024/01/Windsor-Thornton-63-scaled.jpg","The image shows a bedroom interior."
"Orchard Place","The Windsor","3","https://www.castlegreenhomes.uk/our-developments/north-west/orchard-place/the-windsor/","images/44cc329fa19c95da57a7b6a2c00ec94698933b38f04aa511e9f81deb04820fd7.jpg","https://collegepark.uk/wp-content/uploads/2024/01/Windsor-Thornton-9-scaled.jpg","The image shows a combined kitchen and dining space."
"Orchard Place","The Windsor","3","https://www.castlegreenhomes.uk/our-developments/north-west/orchard-place/the-windsor/","images/7501b3f8908715baa2437d42a09f499f7e6e356d49c6dd98937c3a0d1c7833c7.jpg","https://collegepark.uk/wp-content/uploads/2024/01/Windsor-Thornton-57-scaled.jpg","The image shows a primary bedroom."
"Orchard Place","The Windsor","3","https://www.castlegreenhomes.uk/our-developments/north-west/orchard-place/the-windsor/","images/f59737a7c542ec7fee180a436ca7a61661a0b9087ca41c75bbe94d9d20813c7a.jpg","https://www.castlegreenhomes.uk/app/uploads/2024/05/Windsor-Thornton-13.jpg","The layout includes kitchen cabinetry, appliances, and a breakfast bar."
"Orchard Place","The Windsor","3","https://www.castlegreenhomes.uk/our-developments/north-west/orchard-place/the-windsor/","images/c492e2e71f86d837eba0d7846c5cbcd4a61cd4f60490f117605a9e1810c4fff7.jpg","https://collegepark.uk/wp-content/uploads/2024/01/Windsor-Thornton-20-scaled.jpg","The image shows a furnished living room."
"Orchard Place","The Windsor","3","https://www.castlegreenhomes.uk/our-developments/north-west/orchard-place/the-windsor/","images/9a11691f571a550b11d436182a8fd05b3e8a67c90f2d4c9d481034ca94e22406.jpg","https://collegepark.uk/wp-content/uploads/2024/01/Windsor-Thornton-60-scaled.jpg","The image shows a bedroom interior with a bed and wardrobe storage."
"Orchard Place","The Windsor","3","https://www.castlegreenhomes.uk/our-developments/north-west/orchard-place/the-windsor/","images/c5a0e5eaa2ce533a0635c45550ed24700d7401dec0f22afc078107beaf623016.jpg","https://www.castlegreenhomes.uk/app/uploads/2024/05/Alderton-Windsor-2-1024x768.jpg","This is a photograph of the exterior of a property."
"Orchard Place","The Windsor","3","https://www.castlegreenhomes.uk/our-developments/north-west/orchard-place/the-windsor/","images/52dca6f753f65eb221b14b7a8da3c1df3edc9bd6d9e5387109fa942309d37c50.jpg","https://collegepark.uk/wp-content/uploads/2024/01/Windsor-Thornton-4-scaled.jpg","The image shows a combined kitchen and dining area."
"Orchard Place","The Windsor","3","https://www.castlegreenhomes.uk/our-developments/north-west/orchard-place/the-windsor/","images/094c62e7e84f047238a2cd29dba8543102d1b546d099e3dfeed65bc6402b4e68.jpg","https://collegepark.uk/wp-content/uploads/2024/01/Windsor-Thornton-19-scaled.jpg","The image shows a functional kitchen space with appliances and cabinetry."
"Orchard Place","The Windsor","3","https://www.castlegreenhomes.uk/our-developments/north-west/orchard-place/the-windsor/","images/08e00115919503d0796cb923b5fb069983c8dd4bfaf8e11595638c6ee874c3f5.jpg","https://www.castlegreenhomes.uk/app/uploads/2024/05/Windsor-Thornton-17.jpg","This is a photograph of a kitchen interior."
"Orchard Place","The Windsor","3","https://www.castlegreenhomes.uk/our-developments/north-west/orchard-place/the-windsor/","images/46ddfb03f9f3fa3ff93069d9abbfdba99fa02a0909fcdb2cd4762b447153cb36.jpg","https://www.castlegreenhomes.uk/app/uploads/2024/05/Windsor-Thornton-32.jpg","The image shows a seating area typical of a living room."
"Orchard Place","The Windsor","3","https://www.castlegreenhomes.uk/our-developments/north-west/orchard-place/the-windsor/","images/713705d8c04cfaaba13850c43e1944000659794d2cdd156d610ea4d87f2bd5a1.jpg","https://www.castlegreenhomes.uk/app/uploads/2022/12/Windsor-Thornton-29-1024x683.jpg","The image shows a dining room interior."
"Orchard Place","The Windsor","3","https://www.castlegreenhomes.uk/our-developments/north-west/orchard-place/the-windsor/","images/5b3a69fa6024850c3da396f47d1af0b9d94dfcfd881e33c6ca665ba9c3eb9a8e.jpg","https://www.castlegreenhomes.uk/app/uploads/2022/12/Windsor-Thornton-01-1024x683.jpg","This is a photograph of a furnished living room."
"Orchard Place","The Windsor","3","https://www.castlegreenhomes.uk/our-developments/north-west/orchard-place/the-windsor/","images/71d723864e620a2a58d881d49ff87c10e8d4721a475ea9432887f0ee0875073a.jpg","https://www.castlegreenhomes.uk/app/uploads/2024/05/Windsor-Thornton-63.jpg","This is a photograph of a furnished bedroom."
"Orchard Place","The Windsor","3","https://www.castlegreenhomes.uk/our-developments/north-west/orchard-place/the-windsor/","images/99d168e74fe36a8aa9883f266472923e5158818c13f14a45ff77df8f3ea7de42.jpg","https://collegepark.uk/wp-content/uploads/2024/01/Windsor-Thornton-61-scaled.jpg","The image shows a bedroom with a desk/vanity area."
"Orchard Place","The Windsor","3","https://www.castlegreenhomes.uk/our-developments/north-west/orchard-place/the-windsor/","images/7d98826ed7ecc970235e1fd248b90fbd02485778b78f11a733b4714e2f54f516.jpg","https://collegepark.uk/wp-content/uploads/2024/01/Windsor-Thornton-75-scaled.jpg","The image shows a bedroom with a bed."
"Orchard Place","The Windsor","3","https://www.castlegreenhomes.uk/our-developments/north-west/orchard-place/the-windsor/","images/03193db7c34905c56d44d16f6a743318f13dece6e97251c39ba2076501dedef8.jpg","https://www.castlegreenhomes.uk/app/uploads/2024/05/Windsor-Thornton-80.jpg","The image shows a furnished bedroom."
"Orchard Place","The Wiltshire","4","https://www.castlegreenhomes.uk/our-developments/north-west/orchard-place/the-wiltshire/","images/72d4908e0690623d5ff06c9dfd1b7512a71cb89293e1fd33f81fa1f477b47473.png","https://www.castlegreenhomes.uk/app/uploads/2022/11/Wiltshire.png","This is a promotional exterior rendering of a property."
"Orchard Place","The Wiltshire","4","https://www.castlegreenhomes.uk/our-developments/north-west/orchard-place/the-wiltshire/","images/d59b08be4287c7a2594a92d3174a94e6471d28aa2f45b7e3070be02cb8831ae2.jpg","https://www.castlegreenhomes.uk/app/uploads/2022/11/Wiltshire_Orchard_Place_Thornton-79.jpg","The image shows a dining and living space."
"Orchard Place","The Wiltshire","4","https://www.castlegreenhomes.uk/our-developments/north-west/orchard-place/the-wiltshire/","images/3300ebca6b87ed64e346b92b17550cbcbafe6ffa8ebd10442dc1d70a0f8d4185.jpg","https://www.castlegreenhomes.uk/app/uploads/2022/11/Wiltshire_Orchard_Place_Thornton-90.jpg","The image shows a bedroom with a bed and a desk."
"Orchard Place","The Wiltshire","4","https://www.castlegreenhomes.uk/our-developments/north-west/orchard-place/the-wiltshire/","images/f6155e8e6bdbd60717798dedeee57d2975300debf1bce05b1d1e9b10fd6ffb6e.jpg","https://www.castlegreenhomes.uk/app/uploads/2022/11/Wiltshire_Orchard_Place_Thornton-42.jpg","The image depicts a living room interior."
"Orchard Place","The Wiltshire","4","https://www.castlegreenhomes.uk/our-developments/north-west/orchard-place/the-wiltshire/","images/66da37199d64ae79949a66871b71959773bdf93c5b3d1efdc7de5591976d9e9e.jpg","https://www.castlegreenhomes.uk/app/uploads/2022/11/Wiltshire-02681-Edit2-HI-RES-scaled.jpg","The image shows the exterior of a residential property."
"Orchard Place","The Wiltshire","4","https://www.castlegreenhomes.uk/our-developments/north-west/orchard-place/the-wiltshire/","images/4fea9fb83570abd0ba41888f4cefaabbbb0bfffedd44306fbdb5a446e6ab2db6.jpg","https://www.castlegreenhomes.uk/app/uploads/2023/07/Wiltshire_op-1024x683.jpg","The image shows the exterior of a residential property."
"Orchard Place","The Wiltshire","4","https://www.castlegreenhomes.uk/our-developments/north-west/orchard-place/the-wiltshire/","images/8616dc7b946db4b289b0d534c41fbd4db49e735b9eb6647d02dca219b355f5ae.jpg","https://www.castlegreenhomes.uk/app/uploads/2022/11/Wiltshire_Orchard_Place_Thornton-65.jpg","The room is furnished as a lounge area with seating and a television unit."
"Orchard Place","The Wiltshire","4","https://www.castlegreenhomes.uk/our-developments/north-west/orchard-place/the-wiltshire/","images/20f920b5758975bcfe16ea2f31e5ea58561524cd974d9b1ebe14abd5cec94838.jpg","https://www.castlegreenhomes.uk/app/uploads/2022/11/Wiltshire_Orchard_Place_Thornton-61.jpg","The room is a functional kitchen with cooking and dining facilities."
"Orchard Place","The Wiltshire","4","https://www.castlegreenhomes.uk/our-developments/north-west/orchard-place/the-wiltshire/","images/bd770e957ad3a811c387b93474cc82b67137b782001fec33097576cf14a10428.jpg","https://www.castlegreenhomes.uk/app/uploads/2022/11/Wiltshire_Orchard_Place_Thornton-68.jpg","The room is designed for laundry and utility tasks."
"Orchard Place","The Wiltshire","4","https://www.castlegreenhomes.uk/our-developments/north-west/orchard-place/the-wiltshire/","images/c369b7bf13f47c667728bbc05ca5d7163cb70a91d4d190c1f0b25aab221dbe6a.jpg","https://www.castlegreenhomes.uk/app/uploads/2022/11/Wiltshire_Orchard_Place_Thornton-39.jpg","The room is a formal lounge area."
"Orchard Place","The Wiltshire","4","https://www.castlegreenhomes.uk/our-developments/north-west/orchard-place/the-wiltshire/","images/a39fe0c8fa021983a83d10480ef13f7465e836c52e116ae2cdbfad051ad2d962.jpg","https://www.castlegreenhomes.uk/app/uploads/2022/11/Wiltshire_Orchard_Place_Thornton-87.jpg","The image shows a bedroom interior with a bed and a desk."
"Orchard Place","The Wiltshire","4","https://www.castlegreenhomes.uk/our-developments/north-west/orchard-place/the-wiltshire/","images/fcaf251cab99dddf0d6caade8661023737a52e811cf4ee37a1abcecb760fab53.jpg","https://www.castlegreenhomes.uk/app/uploads/2022/11/Wiltshire_Orchard_Place_Thornton-91.jpg","The image shows a bedroom interior with a bed and a desk."
"Orchard Place","The Wiltshire","4","https://www.castlegreenhomes.uk/our-developments/north-west/orchard-place/the-wiltshire/","images/e58a85b86a8d24ee4e740cb93de9d3ed0ddfd75af0f5f8b143baaa65d20aa161.jpg","https://www.castlegreenhomes.uk/app/uploads/2022/11/Wiltshire_Orchard_Place_Thornton-4.jpg","The image shows a bathroom interior."
"Orchard Place","The Wiltshire","4","https://www.castlegreenhomes.uk/our-developments/north-west/orchard-place/the-wiltshire/","images/32de88ca469d6dd6c7e47b6dad28fab30b70b38f1c379060dceafa86213de91a.jpg","https://www.castlegreenhomes.uk/app/uploads/2022/11/Wiltshire_Orchard_Place_Thornton-6.jpg","The image shows a bedroom interior with a bed."
"Orchard Place","The Wiltshire","4","https://www.castlegreenhomes.uk/our-developments/north-west/orchard-place/the-wiltshire/","images/11e6e0744e7c9019ae5fe3a564b0760e1642fbe918639436951dc45b47e4de0c.jpg","https://www.castlegreenhomes.uk/app/uploads/2022/11/Wiltshire_Orchard_Place_Thornton-13.jpg","This is a photograph of a furnished bedroom."
"Orchard Place","The Wiltshire","4","https://www.castlegreenhomes.uk/our-developments/north-west/orchard-place/the-wiltshire/","images/9cde3020be8ee92d602cc98b0ebbd949918e17cfc5fcf9362b4a825afa91d7da.jpg","https://www.castlegreenhomes.uk/app/uploads/2022/11/Wiltshire_Orchard_Place_Thornton-17.jpg","This is a photograph of a furnished bedroom."
"Orchard Place","Orchard Place","","https://www.castlegreenhomes.uk/our-developments/north-west/orchard-place/","images/f6d7f883f0590e2d21d7df84f73026896d7ec45bc087e419ac520ced6ec7b5a1.jpg","https://www.castlegreenhomes.uk/app/uploads/2021/12/orchard_place_thornton_liverpool_streetscene_new_homes_for_sale.jpg","The image shows the exterior of residential properties."
"Orchard Place","Orchard Place","","https://www.castlegreenhomes.uk/our-developments/north-west/orchard-place/","images/cfd207d312883f91a06fd3d17b4638e3c3964f5096d362c900527e2e83821675.jpg","https://www.castlegreenhomes.uk/app/uploads/2021/12/orchard_place_thornton_liverpool-1024x576.jpg","The image shows the exterior of residential properties."
"Orchard Place","Orchard Place","","https://www.castlegreenhomes.uk/our-developments/north-west/orchard-place/","images/bfb5073d68eb0c49e84385619b9330c9c8b3547fc43de96822b30485609164e0.jpg","https://www.castlegreenhomes.uk/app/uploads/2025/02/Orchard-Place-0158-1024x732.jpg","The image shows the exterior of residential properties."
"Orchard Place","Orchard Place","","https://www.castlegreenhomes.uk/our-developments/north-west/orchard-place/","images/3dabf553ea1ecd11b570fbef94fcbbae0f1fd6eab6e02305a73bc451fc03e9d6.jpg","https://www.castlegreenhomes.uk/app/uploads/2022/06/Wiltshire-033-1024x728.jpg","The image shows a furnished bedroom."
"Orchard Place","Orchard Place","","https://www.castlegreenhomes.uk/our-developments/north-west/orchard-place/","images/e744b76e62203ede76c479e8d462d7d83a9910566246ce3df0725e7dcd51f7bc.jpg","https://www.castlegreenhomes.uk/app/uploads/2022/06/Wiltshire-008-1024x675.jpg","This is a residential living room."
"Orchard Place","Orchard Place","","https://www.castlegreenhomes.uk/our-developments/north-west/orchard-place/","images/af1fe36760b67df80165ca55308352f4c61f4cd477c26a5bf62b4a5c00142148.jpg","https://www.castlegreenhomes.uk/app/uploads/2022/06/StAsaph-Lifestyle-182.jpg","This is a photograph of a bedroom interior."
"Orchard Place","Orchard Place","","https://www.castlegreenhomes.uk/our-developments/north-west/orchard-place/","images/5475ee4653171551674d9a38f7e90508ec5752196fe035d4ff808f7ed5948608.jpg","https://www.castlegreenhomes.uk/app/uploads/2023/12/StAsaph-Lifestyle-158.jpg","The image shows a living room interior."
"Orchard Place","Orchard Place","","https://www.castlegreenhomes.uk/our-developments/north-west/orchard-place/","images/44cc329fa19c95da57a7b6a2c00ec94698933b38f04aa511e9f81deb04820fd7.jpg","https://collegepark.uk/wp-content/uploads/2024/01/Windsor-Thornton-9-scaled.jpg","The image shows a combined kitchen and dining space."
"Orchard Place","Orchard Place","","https://www.castlegreenhomes.uk/our-developments/north-west/orchard-place/","images/a19d6148a15ed06a489e32e22bd60654fb1e1a9a1f52d7aaf26ff4fe404fee2c.jpg","https://www.castlegreenhomes.uk/app/uploads/2022/04/StAsaph-Lifestyle-139-1024x683.jpg","This is a photograph of a furnished kitchen."
"Orchard Place","Orchard Place","","https://www.castlegreenhomes.uk/our-developments/north-west/orchard-place/","images/0fd87493db93767707cb5cba5f1014dc93bf18d3b498d594d288fc6e726eeb4c.jpg","https://www.castlegreenhomes.uk/app/uploads/2023/11/StAsaph-Lifestyle-149-1024x682.jpg","The image shows a furnished bedroom."
"Orchard Place","Orchard Place","","https://www.castlegreenhomes.uk/our-developments/north-west/orchard-place/","images/b9ae6e23adb78f5cddd2d2a3649066a06997f433715d0b8a3212400b111c0cdb.jpg","https://www.castlegreenhomes.uk/app/uploads/2022/06/Cheltenham-027-1024x712.jpg","This is a photograph of a bedroom interior."
"Orchard Place","Orchard Place","","https://www.castlegreenhomes.uk/our-developments/north-west/orchard-place/","images/ac0c5232d1b30ee8a4cda18dab208e1073f72d1ea2a805b0eaf726924dc7aabe.jpg","https://www.castlegreenhomes.uk/app/uploads/2022/06/Alderton-024-1024x664.jpg","This is a combined living and dining space."
"Orchard Place","Orchard Place","","https://www.castlegreenhomes.uk/our-developments/north-west/orchard-place/","images/9a11691f571a550b11d436182a8fd05b3e8a67c90f2d4c9d481034ca94e22406.jpg","https://collegepark.uk/wp-content/uploads/2024/01/Windsor-Thornton-60-scaled.jpg","The image shows a bedroom interior with a bed and wardrobe storage."
"Orchard Place","Orchard Place","","https://www.castlegreenhomes.uk/our-developments/north-west/orchard-place/","images/03311f4e713432fb2f30b633cd1844067ac8b6ee9e2d54f587bca4534db9ead6.jpg","https://www.castlegreenhomes.uk/app/uploads/2023/12/StAsaph-Lifestyle-102.jpg","The image shows a living room interior."
"Orchard Place","Orchard Place","","https://www.castlegreenhomes.uk/our-developments/north-west/orchard-place/","images/c492e2e71f86d837eba0d7846c5cbcd4a61cd4f60490f117605a9e1810c4fff7.jpg","https://collegepark.uk/wp-content/uploads/2024/01/Windsor-Thornton-20-scaled.jpg","The image shows a furnished living room."
"Orchard Place","Orchard Place","","https://www.castlegreenhomes.uk/our-developments/north-west/orchard-place/","images/d066ceb27f10e4fb40ac93db76141374212286b3caa7bf1f7af92a484663063d.jpg","https://www.castlegreenhomes.uk/app/uploads/2022/04/StAsaph-Lifestyle-155-1-1024x683.jpg","This is a photograph of a furnished living space."
"Orchard Place","Orchard Place","","https://www.castlegreenhomes.uk/our-developments/north-west/orchard-place/","images/25a0997f1ad97107b9d6e6c51eeef7dbfb4db04d976223bf251ccee416374b47.jpg","https://www.castlegreenhomes.uk/app/uploads/2022/04/StAsaph-Lifestyle-133-1024x683.jpg","This is a photograph of a furnished dining area."
"Orchard Place","Orchard Place","","https://www.castlegreenhomes.uk/our-developments/north-west/orchard-place/","images/2aa05ba37b5581047024827fbd66fbae893c938bde016af1c614b3952660b4b7.jpg","https://www.castlegreenhomes.uk/app/uploads/2022/04/StAsaph-Lifestyle-152-1024x683.jpg","This is a photograph of a furnished bedroom interior."
"Orchard Place","Orchard Place","","https://www.castlegreenhomes.uk/our-developments/north-west/orchard-place/","images/50e3317d559a7d51a1e7dc058597eb669224632f0393b8210b220f4d0508ee75.jpg","https://www.castlegreenhomes.uk/app/uploads/2025/01/Orchard-Place_0237-1024x767.jpg","This is a photograph of a property development exterior."
"Gladstone Grange","The Eaton","2","https://www.castlegreenhomes.uk/our-developments/north-wales/gladstone-grange/the-eaton/","images/a4c2f82a4efd9469a5e8897a43566452082b6cd54499a64b2002d3fc0a953b6b.png","https://www.castlegreenhomes.uk/app/uploads/2025/11/Eaton-Render-Header-image.png","This is a promotional exterior rendering of a property."
"Gladstone Grange","The Eaton","2","https://www.castlegreenhomes.uk/our-developments/north-wales/gladstone-grange/the-eaton/","images/4639eb5f5c85da2521e9e7722ce266e3fdb6c3a8279fa8d289982f03238023fb.jpg","https://www.castlegreenhomes.uk/app/uploads/2024/04/StockPlot_-3.jpg","This is a photograph of a kitchen and dining area."
"Gladstone Grange","The Eaton","2","https://www.castlegreenhomes.uk/our-developments/north-wales/gladstone-grange/the-eaton/","images/8d1ad5b325c3214d2f739ef4cf12ba5cb48df4b924e4e474c8b7a8c13c3ca60b.jpg","https://www.castlegreenhomes.uk/app/uploads/2024/04/StockPlot_-25.jpg","This is a photograph of a furnished living room."
"Gladstone Grange","The Eaton","2","https://www.castlegreenhomes.uk/our-developments/north-wales/gladstone-grange/the-eaton/","images/0e206c808b23b393f4bc6951a2dd8de14c71facc278b44ee6f316efd6a0e94f2.jpg","https://www.castlegreenhomes.uk/app/uploads/2024/04/StockPlot_-14.jpg","This is a photograph of a furnished bedroom."
"Gladstone Grange","The Eaton","2","https://www.castlegreenhomes.uk/our-developments/north-wales/gladstone-grange/the-eaton/","images/67118722d1efe5876f2e00c92f2ce492819ca450ade7258125cef7f87bd19710.jpg","https://www.castlegreenhomes.uk/app/uploads/2024/04/StockPlot_-12.jpg","This is a photograph of a furnished bedroom."
"Gladstone Grange","The Eaton","2","https://www.castlegreenhomes.uk/our-developments/north-wales/gladstone-grange/the-eaton/","images/9dc90c189269b120b93e5f114ce7fe1469a89408f1ddf97b30448a8ab43bc6c1.jpg","https://www.castlegreenhomes.uk/app/uploads/2024/04/StockPlot_-4.jpg","This is a photograph of a furnished kitchen and dining space."
"Gladstone Grange","The Eaton","2","https://www.castlegreenhomes.uk/our-developments/north-wales/gladstone-grange/the-eaton/","images/3d54d7a8aa53f8e0b580de878b07eea49d5575daa5d4e77759af82675d80b56c.png","https://www.castlegreenhomes.uk/app/uploads/2025/11/Housetype.CGI-Eaton_Render_Grey_25-1024x768.png","This is a promotional exterior rendering of a property."
"Gladstone Grange","The Eaton","2","https://www.castlegreenhomes.uk/our-developments/north-wales/gladstone-grange/the-eaton/","images/693dfe633700e99e5c52655761c80988658b7fc0a67c5736cb364c9089a9fe5c.jpg","https://www.castlegreenhomes.uk/app/uploads/2024/04/StockPlot_-01.jpg","This is a photograph of a furnished living room."
"Gladstone Grange","The Eaton","2","https://www.castlegreenhomes.uk/our-developments/north-wales/gladstone-grange/the-eaton/","images/69740d265d97c968a42bbdb01e750e982f71e6ca2f45d01c08f5d8c9cb2869a8.jpg","https://www.castlegreenhomes.uk/app/uploads/2024/04/StockPlot_-29.jpg","This is a photograph of a furnished bedroom."
"Gladstone Grange","The Eaton","2","https://www.castlegreenhomes.uk/our-developments/north-wales/gladstone-grange/the-eaton/","images/c0ebed24e193ba6308a2fe63bb6c5352178775b05d68a172491a47ac3766b0c8.jpg","https://www.castlegreenhomes.uk/app/uploads/2024/04/StockPlot_-9.jpg","This is a photograph of a furnished bedroom."
"Gladstone Grange","The Eaton","2","https://www.castlegreenhomes.uk/our-developments/north-wales/gladstone-grange/the-eaton/","images/2a8ed09ceec5ae2a1f16d0ddd1a8706404fb723ef236bdbbe57c3fbac5b88903.png","https://www.castlegreenhomes.uk/app/uploads/2025/11/Housetype.CGI-Eaton_Render_Red_25-1024x768.png","This is a promotional exterior rendering of a property."
"Gladstone Grange","The Penley","3","https://www.castlegreenhomes.uk/our-developments/north-wales/gladstone-grange/the-penley/","images/48cde4b4e5ea8d66c7fa0b6555d533f246a9feb02d9883cc4d703ab6b38743ed.png","https://www.castlegreenhomes.uk/app/uploads/2025/11/Penley-Render-Red-roof-header-image.png","This is a promotional exterior rendering of a property."
"Gladstone Grange","The Penley","3","https://www.castlegreenhomes.uk/our-developments/north-wales/gladstone-grange/the-penley/","images/ba36e08ae14b87a9de987c230b18aa7a6fa0a569ca8ec82650c501ca0a227b36.jpg","https://www.castlegreenhomes.uk/app/uploads/2025/01/the_marlow_llys_y_coed_rhosrobin_bedroom2.jpg","This is a photograph of a furnished bedroom."
"Gladstone Grange","The Penley","3","https://www.castlegreenhomes.uk/our-developments/north-wales/gladstone-grange/the-penley/","images/e0a24c0b495f32688f55b00e8c7739ec50deff92e3e10174ea6354585c1158af.jpg","https://www.castlegreenhomes.uk/app/uploads/2025/01/the_marlow_llys_y_coed_rhosrobin-1.jpg","This is a photograph of a furnished bedroom."
"Gladstone Grange","The Penley","3","https://www.castlegreenhomes.uk/our-developments/north-wales/gladstone-grange/the-penley/","images/03cdbece8f66e86a9ae35e83eaad635b67d362e14b000cf6d9fcc68c53988fe3.jpg","https://www.castlegreenhomes.uk/app/uploads/2022/04/the_marlow_llys_y_coed_rhosrobin_kitchen.jpg","This is a photograph of a kitchen."
"Gladstone Grange","The Penley","3","https://www.castlegreenhomes.uk/our-developments/north-wales/gladstone-grange/the-penley/","images/d5f53b2491bb3078c4cbc35f601a8c42795fe2ec099c0c7dead2528337a40dae.jpg","https://www.castlegreenhomes.uk/app/uploads/2025/01/the_marlow_llys_y_coed_rhosrobin_living_room_media-1.jpg","This is a photograph of a living room."
"Gladstone Grange","The Penley","3","https://www.castlegreenhomes.uk/our-developments/north-wales/gladstone-grange/the-penley/","images/e8a4406d2416e3c26ebf309157d0dbfc247e3aa48f09f735c35e794b5712c1dc.png","https://www.castlegreenhomes.uk/app/uploads/2025/11/Housetype.CGI-Penley_Render_Grey_25-1024x768.png","This is an exterior view of a residential property."
"Gladstone Grange","The Penley","3","https://www.castlegreenhomes.uk/our-developments/north-wales/gladstone-grange/the-penley/","images/15b3151ccb36e3c0d3f65d59deaec01b0c6fd01a52832478057ef49cab4c7474.jpg","https://www.castlegreenhomes.uk/app/uploads/2022/04/TheStratford-72.jpg","This is a photograph of a bathroom."
"Gladstone Grange","The Penley","3","https://www.castlegreenhomes.uk/our-developments/north-wales/gladstone-grange/the-penley/","images/df1552e37e4fed4e4c8b4c4dd2b2f996e224a06c1f4545b8f958df2066877db2.jpg","https://www.castlegreenhomes.uk/app/uploads/2023/07/IMG_6683.jpeg","The image shows a functional bathroom with sanitary ware."
"Gladstone Grange","The Penley","3","https://www.castlegreenhomes.uk/our-developments/north-wales/gladstone-grange/the-penley/","images/c27ddc1bcd947dee661ab927719b5c3c5289c1ae166ddd7cb6b505194ffb54eb.jpg","https://www.castlegreenhomes.uk/app/uploads/2025/01/the_marlow_llys_y_coed_rhosrobin_primary_bedroom.jpg","The image shows a furnished bedroom."
"Gladstone Grange","The Penley","3","https://www.castlegreenhomes.uk/our-developments/north-wales/gladstone-grange/the-penley/","images/508668c517e61c25cb19ffb7459e5ce49e3a1f50e7cdbbf06593c641d1c936a6.jpg","https://www.castlegreenhomes.uk/app/uploads/2022/04/the_marlow_llys_y_coed_rhosrobin_bedroom2_dressingtable.jpg","The image shows a bedroom with a desk/vanity area."
"Gladstone Grange","The Penley","3","https://www.castlegreenhomes.uk/our-developments/north-wales/gladstone-grange/the-penley/","images/3367fd8e9bc9bbc144cb3f93c49fd981c856bc156853c25ded3334c3a0336fe9.jpg","https://www.castlegreenhomes.uk/app/uploads/2025/09/Housetype.CGI-Penley_Brick_Grey_25-1024x768.jpg","This is an exterior view of a residential property."
"Gladstone Grange","The Marlow","3","https://www.castlegreenhomes.uk/our-developments/north-wales/gladstone-grange/the-marlow/","images/9c6511a08a7d947ca6aec65ada31169d8b0d0741534b38a24d2791e16af6ed81.png","https://www.castlegreenhomes.uk/app/uploads/2025/11/Marlow-Brick-header-image.png","This is an exterior view of a residential property."
"Gladstone Grange","The Marlow","3","https://www.castlegreenhomes.uk/our-developments/north-wales/gladstone-grange/the-marlow/","images/c27ddc1bcd947dee661ab927719b5c3c5289c1ae166ddd7cb6b505194ffb54eb.jpg","https://www.castlegreenhomes.uk/app/uploads/2025/01/the_marlow_llys_y_coed_rhosrobin_primary_bedroom.jpg","The image shows a furnished bedroom."
"Gladstone Grange","The Marlow","3","https://www.castlegreenhomes.uk/our-developments/north-wales/gladstone-grange/the-marlow/","images/ba36e08ae14b87a9de987c230b18aa7a6fa0a569ca8ec82650c501ca0a227b36.jpg","https://www.castlegreenhomes.uk/app/uploads/2025/01/the_marlow_llys_y_coed_rhosrobin_bedroom2.jpg","This is a photograph of a furnished bedroom."
"Gladstone Grange","The Marlow","3","https://www.castlegreenhomes.uk/our-developments/north-wales/gladstone-grange/the-marlow/","images/d5f53b2491bb3078c4cbc35f601a8c42795fe2ec099c0c7dead2528337a40dae.jpg","https://www.castlegreenhomes.uk/app/uploads/2025/01/the_marlow_llys_y_coed_rhosrobin_living_room_media-1.jpg","This is a photograph of a living room."
"Gladstone Grange","The Marlow","3","https://www.castlegreenhomes.uk/our-developments/north-wales/gladstone-grange/the-marlow/","images/d4a89f0e550a21d94ee200afdab7264704eb3adb2291c25db089a0066691f463.jpg","https://www.castlegreenhomes.uk/app/uploads/2025/06/the_marlow_llys_y_coed_rhosrobin-42.jpg","This is a photograph of a furnished room used as a study or dressing area."
"Gladstone Grange","The Marlow","3","https://www.castlegreenhomes.uk/our-developments/north-wales/gladstone-grange/the-marlow/","images/e1073683aaa83b8929fea7ef96eaef7ce8a73e2beacbc10b3a6f284ea9e3f7a5.jpg","https://www.castlegreenhomes.uk/app/uploads/2025/09/Housetype.CGI-Marlow_Brick_Grey_25.jpg","This is an exterior view of a residential property."
"Gladstone Grange","The Marlow","3","https://www.castlegreenhomes.uk/our-developments/north-wales/gladstone-grange/the-marlow/","images/339f7bf20a51d1f2f921c6b25d153298e9ffb6c35ec0c8595c26d1e45816ddd9.jpg","https://www.castlegreenhomes.uk/app/uploads/2025/09/Housetype.CGI-Marlow_Render_Grey_25-1024x768.jpg","This is an exterior view of a property."
"Gladstone Grange","The Marlow","3","https://www.castlegreenhomes.uk/our-developments/north-wales/gladstone-grange/the-marlow/","images/d10b3a4a0f7a1acb2916412a96bb4e81f30329a07b6a1a92b672cfcd220bc02d.jpg","https://www.castlegreenhomes.uk/app/uploads/2025/06/the_marlow_llys_y_coed_rhosrobin-39.jpg","This is a photograph of a functional kitchen space."
"Gladstone Grange","The Marlow","3","https://www.castlegreenhomes.uk/our-developments/north-wales/gladstone-grange/the-marlow/","images/f5c7f9c9466158440a898836b9c81085c1890f0905526c9c64284758f0cdd0f9.jpg","https://www.castlegreenhomes.uk/app/uploads/2023/07/LlysYCoed-102.jpg","This is a photograph of a kitchen interior."
"Gladstone Grange","The Marlow","3","https://www.castlegreenhomes.uk/our-developments/north-wales/gladstone-grange/the-marlow/","images/ba1a41d47aaa473886dc3111d0a3f9f4feb0977c4e52e410ef827bd1c6f5ac15.jpg","https://www.castlegreenhomes.uk/app/uploads/2023/07/LlysYCoed-103.jpg","This is a photograph of a kitchen interior."
"Gladstone Grange","The Marlow","3","https://www.castlegreenhomes.uk/our-developments/north-wales/gladstone-grange/the-marlow/","images/a14a0d93f82980f2f50ebc1acfcca0de6cab612210fc3eeb6f64e05e439b4a0b.jpg","https://www.castlegreenhomes.uk/app/uploads/2023/07/LlysYCoed-94.jpg","This is a photograph of a furnished living room."
"Gladstone Grange","The Marlow","3","https://www.castlegreenhomes.uk/our-developments/north-wales/gladstone-grange/the-marlow/","images/f20b65a96c5aae62d5bd0179e6ad239d7f32a1feb4a5d305b76cd4ce344e67a2.jpg","https://www.castlegreenhomes.uk/app/uploads/2023/07/LlysYCoed-72.jpg","This is a photograph of a furnished living room."
"Gladstone Grange","The Marlow","3","https://www.castlegreenhomes.uk/our-developments/north-wales/gladstone-grange/the-marlow/","images/e0a24c0b495f32688f55b00e8c7739ec50deff92e3e10174ea6354585c1158af.jpg","https://www.castlegreenhomes.uk/app/uploads/2025/01/the_marlow_llys_y_coed_rhosrobin-1.jpg","This is a photograph of a furnished bedroom."
"Gladstone Grange","The Marlow","3","https://www.castlegreenhomes.uk/our-developments/north-wales/gladstone-grange/the-marlow/","images/617d1e7c36e948566e4eb7f7febfa889eac7b712b8300301d333dac622c5f5bf.jpg","https://www.castlegreenhomes.uk/app/uploads/2023/07/LlysYCoed-108-769x1024.jpg","This is a photograph of a bedroom interior."
"Gladstone Grange","The Marlow","3","https://www.castlegreenhomes.uk/our-developments/north-wales/gladstone-grange/the-marlow/","images/9626efe02bf0f5365f3ec3cf43ff55822113b1277c0acec4bad05a649c688948.jpg","https://www.castlegreenhomes.uk/app/uploads/2023/07/LlysYCoed-87.jpg","This is a photograph of a bedroom vanity setup."
"Gladstone Grange","The Marlow","3","https://www.castlegreenhomes.uk/our-developments/north-wales/gladstone-grange/the-marlow/","images/a9cdf2a29783d6c7a85a691acec9e2876b835f890cc0a5cc87924ec9de1cf66f.jpg","https://www.castlegreenhomes.uk/app/uploads/2025/09/Housetype.CGI-Marlow_Render_Red_25-1024x768.jpg","This is an architectural rendering of a property exterior."
"Gladstone Grange","The Oxford","3","https://www.castlegreenhomes.uk/our-developments/north-wales/gladstone-grange/the-oxford/","images/faaf1688de910c0cf7266e88b52a62774639da131189d68291ddad3745253c4f.png","https://www.castlegreenhomes.uk/app/uploads/2025/11/Oxford-Render-header-image.png","This is an exterior view of a residential property."
"Gladstone Grange","The Oxford","3","https://www.castlegreenhomes.uk/our-developments/north-wales/gladstone-grange/the-oxford/","images/08e80061b4a4d663181aa26533ba4a3a91149fc94589a3e8eb3a68670f751205.jpg","https://www.castlegreenhomes.uk/app/uploads/2025/11/TheOxford-22.jpg","This is a photograph of a furnished bedroom."
"Gladstone Grange","The Oxford","3","https://www.castlegreenhomes.uk/our-developments/north-wales/gladstone-grange/the-oxford/","images/7fccf35d427f15b1f767ef7f519e1293ffddf1f0cbc4df92a14017b298309605.jpg","https://www.castlegreenhomes.uk/app/uploads/2025/11/TheOxford-4.jpg","This is an interior photograph of a dining room."
"Gladstone Grange","The Oxford","3","https://www.castlegreenhomes.uk/our-developments/north-wales/gladstone-grange/the-oxford/","images/fb84d9b703911ecd165fa3accf484ff2f8b1db82c8cc38b78786cba4a7cc6d0b.jpg","https://www.castlegreenhomes.uk/app/uploads/2025/11/TheOxford-7.jpg","This is an interior photograph of a living room."
"Gladstone Grange","The Oxford","3","https://www.castlegreenhomes.uk/our-developments/north-wales/gladstone-grange/the-oxford/","images/2dd2d21c582735f57b6adc2c167a90f0f642f02e1e46c5b9ebdafb95a2b3a562.jpg","https://www.castlegreenhomes.uk/app/uploads/2025/05/TheOxford-18.jpg","This is a photograph of a bedroom."
"Gladstone Grange","The Oxford","3","https://www.castlegreenhomes.uk/our-developments/north-wales/gladstone-grange/the-oxford/","images/4ebcc11eef4c7621869998e2738f6e2316a29a270c3c79c370bccaec2697338c.jpg","https://www.castlegreenhomes.uk/app/uploads/2025/09/Housetype.CGI-Oxford_Render_Red_25-1024x768.jpg","This is an exterior view of a property."
"Gladstone Grange","The Oxford","3","https://www.castlegreenhomes.uk/our-developments/north-wales/gladstone-grange/the-oxford/","images/38cfb487f907d9e8bbb55d5a1571b616f0b2e0166839d9a2dacbe76457ee203c.jpg","https://www.castlegreenhomes.uk/app/uploads/2025/11/TheOxford-2.jpg","The image shows a fully equipped kitchen."
"Gladstone Grange","The Oxford","3","https://www.castlegreenhomes.uk/our-developments/north-wales/gladstone-grange/the-oxford/","images/8a8a9157031cc705bf619cdad9bcae8afb9c2d283479f5bb0bebfaa31b6b815e.jpg","https://www.castlegreenhomes.uk/app/uploads/2025/11/TheOxford-6.jpg","This is a photograph of a furnished living room."
"Gladstone Grange","The Oxford","3","https://www.castlegreenhomes.uk/our-developments/north-wales/gladstone-grange/the-oxford/","images/9afbd90fc622b6eceb570f01c49ff48a5cf499793ff878856104491dd32da4a5.jpg","https://www.castlegreenhomes.uk/app/uploads/2025/11/TheOxford-14.jpg","This is a photograph of a furnished living space."
"Gladstone Grange","The Oxford","3","https://www.castlegreenhomes.uk/our-developments/north-wales/gladstone-grange/the-oxford/","images/9f2c48909a44dedcc60f7f2d319e6b22e7db5863d8febef911ebe40d05c80c91.jpg","https://www.castlegreenhomes.uk/app/uploads/2025/09/Housetype.CGI-Oxford_Brick_Grey_25-1024x768.jpg","This is an exterior view of a property."
"Gladstone Grange","The Oxford","3","https://www.castlegreenhomes.uk/our-developments/north-wales/gladstone-grange/the-oxford/","images/be8be45d9f9c94616538c5688348c90324b103aa7e10ec2e7ac03d0aae7d6aac.jpg","https://www.castlegreenhomes.uk/app/uploads/2025/11/TheOxford-20.jpg","This is a photograph of a furnished bedroom."
"Gladstone Grange","The Oxford","3","https://www.castlegreenhomes.uk/our-developments/north-wales/gladstone-grange/the-oxford/","images/9d060feea9f3f35951b246f8ef5f8f6aa46bd9523cfdcb470167e3417fe656aa.jpg","https://www.castlegreenhomes.uk/app/uploads/2025/11/TheOxford-24.jpg","The image shows a furnished bedroom."
"Gladstone Grange","The Oxford","3","https://www.castlegreenhomes.uk/our-developments/north-wales/gladstone-grange/the-oxford/","images/c761ea7e290657156aac09b67bffa5dc2adc808edb8863feb46adb191019ea31.jpg","https://www.castlegreenhomes.uk/app/uploads/2025/11/TheOxford-17.jpg","This is a photograph of a furnished nursery room."
"Gladstone Grange","The Stratford","3","https://www.castlegreenhomes.uk/our-developments/north-wales/gladstone-grange/the-stratford/","images/a59b6e504d22d8fe8a3c5a73d4997bbb410f19ff53f8a7d75f1409a75ba253de.png","https://www.castlegreenhomes.uk/app/uploads/2025/11/P1046413-HDR.png","The image shows a functional kitchen space with appliances and cabinetry."
"Gladstone Grange","The Stratford","3","https://www.castlegreenhomes.uk/our-developments/north-wales/gladstone-grange/the-stratford/","images/247ca0621b8eab70c3af49bd4f2ad43eecb605728699d6145cb3c568988c3de1.png","https://www.castlegreenhomes.uk/app/uploads/2025/11/P1046408-HDR.png","The image depicts a dining room setup."
"Gladstone Grange","The Stratford","3","https://www.castlegreenhomes.uk/our-developments/north-wales/gladstone-grange/the-stratford/","images/5a2f735d2a58a0269d5967da464e859aeda9f672ee5cb9aa1120b43d5befb901.png","https://www.castlegreenhomes.uk/app/uploads/2025/11/P1046473-HDR.png","The image shows a furnished living room."
"Gladstone Grange","The Stratford","3","https://www.castlegreenhomes.uk/our-developments/north-wales/gladstone-grange/the-stratford/","images/efbd0b8eb5b81263ef596d050ebdf3a6fa373f2bc6bb08f570120fb5455e5a97.png","https://www.castlegreenhomes.uk/app/uploads/2025/11/P1046528-HDR.png","This is a photograph of a furnished bedroom."
"Gladstone Grange","The Stratford","3","https://www.castlegreenhomes.uk/our-developments/north-wales/gladstone-grange/the-stratford/","images/fb5a4eb0cc8aa9aecc7e49728fbd6be67a774e1a40f8534fe9edaa083f2df49d.png","https://www.castlegreenhomes.uk/app/uploads/2025/11/P1046568-HDR.png","This is a photograph of a furnished bedroom."
"Gladstone Grange","The Stratford","3","https://www.castlegreenhomes.uk/our-developments/north-wales/gladstone-grange/the-stratford/","images/00a4627a244958355ee061eaeaad413da84036300fe7a42dc2b4d5689fd0b124.png","https://www.castlegreenhomes.uk/app/uploads/2025/11/P1046637-HDR.png","This is a photograph of a furnished bedroom."
"Gladstone Grange","The Henley","3","https://www.castlegreenhomes.uk/our-developments/north-wales/gladstone-grange/the-henley/","images/19814faaa897205195bd7ba2e59a82054d32dc37f822f0a747486a824c5ef71c.png","https://www.castlegreenhomes.uk/app/uploads/2025/11/Henley-Render-Red-roof-header-image.png","This is an architectural rendering of a property exterior."
"Gladstone Grange","The Henley","3","https://www.castlegreenhomes.uk/our-developments/north-wales/gladstone-grange/the-henley/","images/427fd16283cae308b7a6cd42805b83794e772dc87a562b6191e57d74896eddd9.jpg","https://www.castlegreenhomes.uk/app/uploads/2022/10/TrevelynPlace-29.jpg","This is a photograph of a furnished bedroom."
"Gladstone Grange","The Henley","3","https://www.castlegreenhomes.uk/our-developments/north-wales/gladstone-grange/the-henley/","images/00328f980be083c959105ec9d527dbd6d2449cd55530e40a031457c8e67d5183.jpg","https://www.castlegreenhomes.uk/app/uploads/2022/10/TrevelynPlace-6.jpg","This is a photograph of a furnished living room."
"Gladstone Grange","The Henley","3","https://www.castlegreenhomes.uk/our-developments/north-wales/gladstone-grange/the-henley/","images/319f8c505e240f9e9eaa0308c1e1160b9f4c5990788660f69379c06a028c7a11.jpg","https://www.castlegreenhomes.uk/app/uploads/2022/10/TrevelynPlace-33.jpg","The image shows a furnished bedroom."
"Gladstone Grange","The Henley","3","https://www.castlegreenhomes.uk/our-developments/north-wales/gladstone-grange/the-henley/","images/6b36811b3c9152dea96fb25e6c48135d1f309a2341e61fb07f73b8e19b3cfff1.jpg","https://www.castlegreenhomes.uk/app/uploads/2022/10/TrevelynPlace-37.jpg","The image shows a bedroom with a desk area."
"Gladstone Grange","The Henley","3","https://www.castlegreenhomes.uk/our-developments/north-wales/gladstone-grange/the-henley/","images/53694466b9f4e592474643444d6af6de31efb30b747358ec0120ff1850c9f6fa.jpg","https://www.castlegreenhomes.uk/app/uploads/2025/09/Housetype.CGI-Henley_Render_Grey_25.jpg","This is an architectural rendering of a property exterior."
"Gladstone Grange","The Henley","3","https://www.castlegreenhomes.uk/our-developments/north-wales/gladstone-grange/the-henley/","images/632ff81c92e4afefdb2c653a32b7d95d1f798f5fd84bad42dabd478636087724.jpg","https://www.castlegreenhomes.uk/app/uploads/2025/09/Housetype.CGI-Henley_Render_Red_25-1024x768.jpg","This is a promotional exterior rendering of a property."
"Gladstone Grange","The Henley","3","https://www.castlegreenhomes.uk/our-developments/north-wales/gladstone-grange/the-henley/","images/e1042f47c63a8f71d1efff9246670c8a8ece61f5453095c4e572de54d39f259b.jpg","https://www.castlegreenhomes.uk/app/uploads/2022/10/TrevelynPlace01.jpg","This is a photograph of a living room interior."
"Gladstone Grange","The Henley","3","https://www.castlegreenhomes.uk/our-developments/north-wales/gladstone-grange/the-henley/","images/d7193da1ca008ba4d30b7883e75908c2cd330183454f3e3301f8e9dbf428fffe.jpg","https://www.castlegreenhomes.uk/app/uploads/2022/10/TrevelynPlace-19.jpg","This is a functional kitchen space."
"Gladstone Grange","The Henley","3","https://www.castlegreenhomes.uk/our-developments/north-wales/gladstone-grange/the-henley/","images/9aab5bdb1b927514bc0713db819ff64a38b5efe2a89bd36d709fa9db525d034a.jpg","https://www.castlegreenhomes.uk/app/uploads/2025/01/TrevelynPlace-24.jpg","This is a dedicated dining area."
"Gladstone Grange","The Henley","3","https://www.castlegreenhomes.uk/our-developments/north-wales/gladstone-grange/the-henley/","images/770a25b02d4661db350d834e49237179d6899659998c2e40965605626234fc8a.jpg","https://www.castlegreenhomes.uk/app/uploads/2022/10/TrevelynPlace-51.jpg","This is a residential bathroom."
"Gladstone Grange","The Henley","3","https://www.castlegreenhomes.uk/our-developments/north-wales/gladstone-grange/the-henley/","images/78d7a6fbc838e60fbc22779c5a57bc54e0f252612c95e68808a40e645b9e16fe.jpg","https://www.castlegreenhomes.uk/app/uploads/2025/01/TrevelynPlace-35.jpg","This is a furnished bedroom."
"Gladstone Grange","The Henley","3","https://www.castlegreenhomes.uk/our-developments/north-wales/gladstone-grange/the-henley/","images/10204ddbeb9e9eb5949b40114347d83d77572f6a376a6ecdcc9da536814ce4ba.jpg","https://www.castlegreenhomes.uk/app/uploads/2023/07/TrevelynPlace-36.jpg","This is a photograph of a furnished bedroom."
"Gladstone Grange","The Henley","3","https://www.castlegreenhomes.uk/our-developments/north-wales/gladstone-grange/the-henley/","images/d91edd43472439d846a8d2cedea8e48f6763ffeb11b4926d1edfcc67fa8a8260.jpg","https://www.castlegreenhomes.uk/app/uploads/2022/10/TrevelynPlace-42.jpg","This is a photograph of a bedroom interior."
"Gladstone Grange","The Henley","3","https://www.castlegreenhomes.uk/our-developments/north-wales/gladstone-grange/the-henley/","images/a56fb31d2e626c5e93ba2a8c4431ede03e7d3563aa9eed923162dc3f7d470ffa.jpg","https://www.castlegreenhomes.uk/app/uploads/2025/01/TrevelynPlace-54.jpg","This is a photograph of a bathroom."
"Gladstone Grange","The Heatherington","4","https://www.castlegreenhomes.uk/our-developments/north-wales/gladstone-grange/the-heatherington/","images/28fbfeffd1380454a540e733a7cb170624a741a799ea788a6843277033e8b347.png","https://www.castlegreenhomes.uk/app/uploads/2025/11/Heatherington-Render-Red-roof-header-image.png","This is an architectural rendering of a property exterior."
"Gladstone Grange","The Heatherington","4","https://www.castlegreenhomes.uk/our-developments/north-wales/gladstone-grange/the-heatherington/","images/9576d9041cdabe7e41cb1b2c35db2e39ff3ab7fbf1a666ac03a598a2eaa626fd.jpg","https://www.castlegreenhomes.uk/app/uploads/2023/07/Heaterington-3.jpg","This is a photograph of a furnished bedroom."
"Gladstone Grange","The Heatherington","4","https://www.castlegreenhomes.uk/our-developments/north-wales/gladstone-grange/the-heatherington/","images/a1b6fe73017fa1d9ba787f85a7265e58af718cb99dc1be1779428ab43582f080.jpg","https://www.castlegreenhomes.uk/app/uploads/2023/07/Heaterington-7.jpg","The image shows a bedroom interior with a bed and a desk."
"Gladstone Grange","The Heatherington","4","https://www.castlegreenhomes.uk/our-developments/north-wales/gladstone-grange/the-heatherington/","images/a3142cfcc0215d714a5741a2da37660eeb581a0cf6da6f8e1fa28e863aea46c2.jpg","https://www.castlegreenhomes.uk/app/uploads/2023/07/Heaterington-5.jpg","The image shows a bedroom with a bed and a vanity desk area."
"Gladstone Grange","The Heatherington","4","https://www.castlegreenhomes.uk/our-developments/north-wales/gladstone-grange/the-heatherington/","images/5514dbe86660e572023654c294e22941825ad8221d2be00b6bac57f86baf3195.jpg","https://www.castlegreenhomes.uk/app/uploads/2025/09/Housetype.CGI-Heatherington_Brick_Grey_25-1024x768.jpg","This is a promotional exterior rendering of a property."
"Gladstone Grange","The Heatherington","4","https://www.castlegreenhomes.uk/our-developments/north-wales/gladstone-grange/the-heatherington/","images/c40fd7bed8f65a4067fc293337142e6ec986244e9d9b290a34992e0ece5052bc.jpg","https://www.castlegreenhomes.uk/app/uploads/2025/01/TheStratford-1.jpg","This is a photograph of a furnished living room."
"Gladstone Grange","The Heatherington","4","https://www.castlegreenhomes.uk/our-developments/north-wales/gladstone-grange/the-heatherington/","images/1acfab8dc4a7dc8c2e52957f19d1330e1933f06200f5eb61986804a53604a8b8.jpg","https://www.castlegreenhomes.uk/app/uploads/2025/01/TheStratford-19.jpg","This is a photograph of a kitchen."
"Gladstone Grange","The Heatherington","4","https://www.castlegreenhomes.uk/our-developments/north-wales/gladstone-grange/the-heatherington/","images/0a52616f44cc6300722b88e67b56a8bc25df69f2a17a98d0e4de5dd2f4394ba8.jpg","https://www.castlegreenhomes.uk/app/uploads/2025/01/TheStratford-32.jpg","This is a photograph of a dining room."
"Gladstone Grange","The Heatherington","4","https://www.castlegreenhomes.uk/our-developments/north-wales/gladstone-grange/the-heatherington/","images/1b1bb8ac78d93e175c3811188163207399fb95f102dfba9a99695203cf3a95ca.jpg","https://www.castlegreenhomes.uk/app/uploads/2023/07/Heaterington-30.jpg","The room is set up as a workspace with a desk and chair."
"Gladstone Grange","The Heatherington","4","https://www.castlegreenhomes.uk/our-developments/north-wales/gladstone-grange/the-heatherington/","images/428558083f66bc9959a183bcc18677038fa08beaea4589309977c9449e23a8ba.jpg","https://www.castlegreenhomes.uk/app/uploads/2023/07/Heaterington-28.jpg","This is a photograph of a furnished bedroom."
"Gladstone Grange","The Heatherington","4","https://www.castlegreenhomes.uk/our-developments/north-wales/gladstone-grange/the-heatherington/","images/fe28fd2466587f44e9640bb20c0c32f91c7407e91f9cd770ea80c2f3e9146972.jpg","https://www.castlegreenhomes.uk/app/uploads/2023/07/Heaterington-19.jpg","The image depicts a bedroom interior."
"Gladstone Grange","The Heatherington","4","https://www.castlegreenhomes.uk/our-developments/north-wales/gladstone-grange/the-heatherington/","images/6ca58f80c73dddcffdec1f680141326b2cee33586c1db18326cc5c2d1e01853c.jpg","https://www.castlegreenhomes.uk/app/uploads/2023/07/Heaterington-21.jpg","The image shows a bedroom with a bed and furniture."
"Gladstone Grange","The Heatherington","4","https://www.castlegreenhomes.uk/our-developments/north-wales/gladstone-grange/the-heatherington/","images/57d71d0bf363d08462121b29ebcb6d31d9329df60f7ebc50c1f0b392769f3c3e.jpg","https://www.castlegreenhomes.uk/app/uploads/2023/07/Heaterington-10.jpg","The image shows a bedroom interior with a bed and a desk."
"Gladstone Grange","The Heatherington","4","https://www.castlegreenhomes.uk/our-developments/north-wales/gladstone-grange/the-heatherington/","images/9aacad699fe513ad487bc1d245e5a1c090aaae2bd0364a0495520d60ff6401f3.jpg","https://www.castlegreenhomes.uk/app/uploads/2025/09/Housetype.CGI-Heatherington_Render_Grey_25-1024x768.jpg","This is a promotional exterior rendering of a property."
"Gladstone Grange","The Wentworth Lifestyle","3","https://www.castlegreenhomes.uk/our-developments/north-wales/gladstone-grange/the-wentworth-lifestyle/","images/63efda625a2b252aaaacd8f8689d44c605cead7437beb3658602cc6d6a71127d.png","https://www.castlegreenhomes.uk/app/uploads/2025/11/Wentworth-Lifestyle-Render-Red-roof-header-image.png","This is an exterior architectural visualization of a property."
"Gladstone Grange","The Wentworth Lifestyle","3","https://www.castlegreenhomes.uk/our-developments/north-wales/gladstone-grange/the-wentworth-lifestyle/","images/d1fe551bc55b3265066350966f75a791c2f9ec37666c7a30c78c7f8fa4e2aaa6.jpg","https://www.castlegreenhomes.uk/app/uploads/2023/10/The_Windsor_Bridgewater_View_Daresbury_New_Home-28.jpg","This is a photograph of a bedroom interior."
"Gladstone Grange","The Wentworth Lifestyle","3","https://www.castlegreenhomes.uk/our-developments/north-wales/gladstone-grange/the-wentworth-lifestyle/","images/43a319bb8e1f1ea5f3d021be7ee3f66406757d43981e201d1eef2b6c9cf0ec35.jpg","https://www.castlegreenhomes.uk/app/uploads/2024/09/Wentworth-Thornton-48.jpg","This is a photograph of a dining room interior."
"Gladstone Grange","The Wentworth Lifestyle","3","https://www.castlegreenhomes.uk/our-developments/north-wales/gladstone-grange/the-wentworth-lifestyle/","images/2844ad3236ff0c4379de3f69c03e5613ff81515193c50930f2c9826f18904f0f.jpg","https://www.castlegreenhomes.uk/app/uploads/2024/09/TheWindsor-66.jpg","This is a photograph of a living room interior."
"Gladstone Grange","The Wentworth Lifestyle","3","https://www.castlegreenhomes.uk/our-developments/north-wales/gladstone-grange/the-wentworth-lifestyle/","images/b6557271fa219c597912beac3036a915955c41c39a65a863abcaf066022c6db4.jpg","https://www.castlegreenhomes.uk/app/uploads/2023/10/The_Windsor_Bridgewater_View_Daresbury_New_Home-67.jpg","This is a photograph of a bedroom interior."
"Gladstone Grange","The Wentworth Lifestyle","3","https://www.castlegreenhomes.uk/our-developments/north-wales/gladstone-grange/the-wentworth-lifestyle/","images/7a85028dd08a4ba76fa69be43b66896291ec4019c2a47b2b61fdaf70b0b0bb5d.jpg","https://www.castlegreenhomes.uk/app/uploads/2025/11/Housetype.CGI-Wentworth3_Render_Grey_25.jpg","This is an exterior architectural visualization of a property."
"Gladstone Grange","The Wentworth Lifestyle","3","https://www.castlegreenhomes.uk/our-developments/north-wales/gladstone-grange/the-wentworth-lifestyle/","images/5550e58370df204ccf55c4cc017dd730eca4505478773c95666cbad3248a6e49.jpg","https://www.castlegreenhomes.uk/app/uploads/2023/10/The_Windsor_Bridgewater_View_Daresbury_New_Home-18.jpg","This is a photograph of a living room interior."
"Gladstone Grange","The Wentworth Lifestyle","3","https://www.castlegreenhomes.uk/our-developments/north-wales/gladstone-grange/the-wentworth-lifestyle/","images/82e6098f5957b605786f8dee218a049b47be919f7e96af04cb18b689ab9986e8.jpg","https://www.castlegreenhomes.uk/app/uploads/2023/10/The_Windsor_Bridgewater_View_Daresbury_New_Home-85.jpg","This is a photograph of a bedroom interior."
"Gladstone Grange","The Wentworth Lifestyle","3","https://www.castlegreenhomes.uk/our-developments/north-wales/gladstone-grange/the-wentworth-lifestyle/","images/92ed1e28049b74edc6401730d0913c2ed79f3083d09dbbe06877a4101159d67c.jpg","https://www.castlegreenhomes.uk/app/uploads/2023/10/The_Windsor_Bridgewater_View_Daresbury_New_Home-32.jpg","This is a photograph of a bathroom interior."
"Gladstone Grange","The Wentworth Lifestyle","3","https://www.castlegreenhomes.uk/our-developments/north-wales/gladstone-grange/the-wentworth-lifestyle/","images/e70461b8c0cf3c9a136876f06d2d91eaa63cd19366bda44841ed7f2eed557db8.jpg","https://www.castlegreenhomes.uk/app/uploads/2023/10/The_Windsor_Bridgewater_View_Daresbury_New_Home-83.jpg","This is a photograph of a bedroom interior showing a desk area."
"Gladstone Grange","The Wentworth Lifestyle","3","https://www.castlegreenhomes.uk/our-developments/north-wales/gladstone-grange/the-wentworth-lifestyle/","images/6f0786d883b437b328756bbbd624783bd56358b253f2c30b244e7c8bc194848c.jpg","https://www.castlegreenhomes.uk/app/uploads/2022/06/Wentworth-Thornton-59.jpg","This is a photograph of a kitchen interior."
"Gladstone Grange","The Wentworth Lifestyle","3","https://www.castlegreenhomes.uk/our-developments/north-wales/gladstone-grange/the-wentworth-lifestyle/","images/86fd7104a4ee99e378fa98f8c5a841c4a8ce5ea0a62a036bbd5ab8c4294ee560.jpg","https://www.castlegreenhomes.uk/app/uploads/2023/10/The_Windsor_Bridgewater_View_Daresbury_New_Home-81.jpg","This is a photograph of a bedroom interior."
"Gladstone Grange","The Wentworth Lifestyle","3","https://www.castlegreenhomes.uk/our-developments/north-wales/gladstone-grange/the-wentworth-lifestyle/","images/d2129569f39da6e6f1d682e4cf1098dfc3775f761526981edfa27f9ac797e057.jpg","https://www.castlegreenhomes.uk/app/uploads/2025/09/Housetype.CGI-Wentworth_Brick_Grey_25.jpg","This is an exterior architectural visualization of a property."
"Gladstone Grange","The Wentworth Lifestyle","3","https://www.castlegreenhomes.uk/our-developments/north-wales/gladstone-grange/the-wentworth-lifestyle/","images/1547ed554707e05c5cce5c0ded22d527937df14bd13535d0f0241fe9f4392d22.jpg","https://www.castlegreenhomes.uk/app/uploads/2023/10/The_Windsor_Bridgewater_View_Daresbury_New_Home-59.jpg","This is a photograph of a living room interior."
"Gladstone Grange","The Wentworth Lifestyle","3","https://www.castlegreenhomes.uk/our-developments/north-wales/gladstone-grange/the-wentworth-lifestyle/","images/19974e83693604ecf14d61d2608e1d2a5e63e48cae01b70f3a80043f5519b038.jpg","https://www.castlegreenhomes.uk/app/uploads/2023/10/The_Windsor_Bridgewater_View_Daresbury_New_Home-80.jpg","This is a photograph of a bedroom interior."
"Gladstone Grange","The Wentworth Lifestyle","3","https://www.castlegreenhomes.uk/our-developments/north-wales/gladstone-grange/the-wentworth-lifestyle/","images/251ebd99e676756bdcf8dbd18e67b19affe7a8871a3505088607cd48f5a1631e.jpg","https://www.castlegreenhomes.uk/app/uploads/2023/10/The_Windsor_Bridgewater_View_Daresbury_New_Home-82.jpg","The image shows a transitional space with a desk setup leading into a bathroom."
"Gladstone Grange","The Wentworth Lifestyle","3","https://www.castlegreenhomes.uk/our-developments/north-wales/gladstone-grange/the-wentworth-lifestyle/","images/3754c9a8bfd28a39188e3d87d0bd66183bc185376e5b21bccaee4de68f1867e0.jpg","https://www.castlegreenhomes.uk/app/uploads/2023/10/The_Windsor_Bridgewater_View_Daresbury_New_Home-78.jpg","The image depicts a furnished bedroom."
"Gladstone Grange","The Wentworth Lifestyle","3","https://www.castlegreenhomes.uk/our-developments/north-wales/gladstone-grange/the-wentworth-lifestyle/","images/87868c03d12a3e5fd7bb9f047c01fc68d6861e890bfd4acc057a8915cb09c27c.jpg","https://www.castlegreenhomes.uk/app/uploads/2024/10/Windsor-5.jpg","The image shows a standard bathroom interior."
"Gladstone Grange","The Wentworth Lifestyle","3","https://www.castlegreenhomes.uk/our-developments/north-wales/gladstone-grange/the-wentworth-lifestyle/","images/3159fc25effaca9a0dbfcc43fd08bbbf9a4b63065f7ffe0f9e24e4852eefc026.jpg","https://www.castlegreenhomes.uk/app/uploads/2023/10/The_Windsor_Bridgewater_View_Daresbury_New_Home-79.jpg","The image shows a bedroom interior."
"Gladstone Grange","The Wentworth Lifestyle","3","https://www.castlegreenhomes.uk/our-developments/north-wales/gladstone-grange/the-wentworth-lifestyle/","images/a0f3cd0f061e8b0768319318bec529d6d0af7b8c68ef833300fdfacbb40c800d.jpg","https://www.castlegreenhomes.uk/app/uploads/2024/10/Windsor-7.jpg","The image shows a bathroom interior."
"Gladstone Grange","The Wentworth Lifestyle","3","https://www.castlegreenhomes.uk/our-developments/north-wales/gladstone-grange/the-wentworth-lifestyle/","images/347d901907bb3db2c6a32b08fa04a3e4769e47c73c5e55989280b37ed2499c79.jpg","https://www.castlegreenhomes.uk/app/uploads/2024/01/Wentworth-Thornton-45.jpg","The image shows a dining and kitchen space."
"Gladstone Grange","The Wentworth","4","https://www.castlegreenhomes.uk/our-developments/north-wales/gladstone-grange/the-wentworth/","images/57dd87956709a02a7979cd196b49fd942edee636da76f4324b91293d538038d1.png","https://www.castlegreenhomes.uk/app/uploads/2025/11/Wentworth-Brick-header-image-1.png","This is an exterior architectural visualization of a property."
"Gladstone Grange","The Wentworth","4","https://www.castlegreenhomes.uk/our-developments/north-wales/gladstone-grange/the-wentworth/","images/81eba0d466e02528dd9dbca7a6f577849cfdfa34cc022e01213c0398249df384.jpg","https://www.castlegreenhomes.uk/app/uploads/2025/01/TheWentworth-10.jpg","This is a photograph of a bedroom."
"Gladstone Grange","The Wentworth","4","https://www.castlegreenhomes.uk/our-developments/north-wales/gladstone-grange/the-wentworth/","images/43a319bb8e1f1ea5f3d021be7ee3f66406757d43981e201d1eef2b6c9cf0ec35.jpg","https://www.castlegreenhomes.uk/app/uploads/2024/09/Wentworth-Thornton-48.jpg","This is a photograph of a dining room interior."
"Gladstone Grange","The Wentworth","4","https://www.castlegreenhomes.uk/our-developments/north-wales/gladstone-grange/the-wentworth/","images/9b97f7d4776528b8c2eb9936581aded00f26807098455b693c2c7c1c6c8b3c7b.jpg","https://www.castlegreenhomes.uk/app/uploads/2025/01/TheWentworth-27.jpg","This is a photograph of a living room."
"Gladstone Grange","The Wentworth","4","https://www.castlegreenhomes.uk/our-developments/north-wales/gladstone-grange/the-wentworth/","images/dca55bc701832c7783326a4404e97b5d60895f6ec686d3023634be3ddc28c4a0.jpg","https://www.castlegreenhomes.uk/app/uploads/2025/01/TheWentworth-2.jpg","This is a photograph of a kitchen space."
"Gladstone Grange","The Wentworth","4","https://www.castlegreenhomes.uk/our-developments/north-wales/gladstone-grange/the-wentworth/","images/d2129569f39da6e6f1d682e4cf1098dfc3775f761526981edfa27f9ac797e057.jpg","https://www.castlegreenhomes.uk/app/uploads/2025/09/Housetype.CGI-Wentworth_Brick_Grey_25.jpg","This is an exterior architectural visualization of a property."
"Gladstone Grange","The Wentworth","4","https://www.castlegreenhomes.uk/our-developments/north-wales/gladstone-grange/the-wentworth/","images/40723dd3f801eea8fb6fe71389f6457048461df2b78d17c243130b9475ec2889.jpg","https://www.castlegreenhomes.uk/app/uploads/2025/01/TheWentworth-6.jpg","The image shows a kitchen and dining space."
"Gladstone Grange","The Wentworth","4","https://www.castlegreenhomes.uk/our-developments/north-wales/gladstone-grange/the-wentworth/","images/f6feee18a30e98c9a689152e7fa89b7d17799d4c521e06b89c2d48e16570064d.jpg","https://www.castlegreenhomes.uk/app/uploads/2025/01/TheWentworth.jpg","This is a photograph of a living room."
"Gladstone Grange","The Wentworth","4","https://www.castlegreenhomes.uk/our-developments/north-wales/gladstone-grange/the-wentworth/","images/e12167e92bba483a1942282f4e4a4edfaa10dd7e098f98526cbca1859b7c6d6c.jpg","https://www.castlegreenhomes.uk/app/uploads/2025/01/TheWentworth-3.jpg","This is a photograph of a furnished dining room area."
"Gladstone Grange","The Wentworth","4","https://www.castlegreenhomes.uk/our-developments/north-wales/gladstone-grange/the-wentworth/","images/a70d2d72bf73ad0c79fcd77dd5f863f7df2288cce45c66f0327e1d71a650d1ff.jpg","https://www.castlegreenhomes.uk/app/uploads/2025/01/TheWentworth-8.jpg","The image shows a functional utility room."
"Gladstone Grange","The Wentworth","4","https://www.castlegreenhomes.uk/our-developments/north-wales/gladstone-grange/the-wentworth/","images/85ecb6a20fbbc0c6e5344424656044762ef76e1198ee590fec5c94a9e0b5f3f8.jpg","https://www.castlegreenhomes.uk/app/uploads/2025/01/TheWentworth-21.jpg","This is a photograph of a furnished bedroom."
"Gladstone Grange","The Wentworth","4","https://www.castlegreenhomes.uk/our-developments/north-wales/gladstone-grange/the-wentworth/","images/4538f78daf7ef0eb58b521117aca54e63a9a898e99fb9f2328cb64a1d1da19d7.jpg","https://www.castlegreenhomes.uk/app/uploads/2025/01/TheWentworth-15.jpg","This is a photograph of a furnished bedroom."
"Gladstone Grange","The Wentworth","4","https://www.castlegreenhomes.uk/our-developments/north-wales/gladstone-grange/the-wentworth/","images/71e9d8c04f7873183cbf6b64f51cf23fe3e096af895c5fce2650d2bc725c730e.jpg","https://www.castlegreenhomes.uk/app/uploads/2025/09/Housetype.CGI-Wentworth_Render_Grey_25-1024x768.jpg","This is a computer-generated exterior view of a residential property."
"Gladstone Grange","The Wentworth","4","https://www.castlegreenhomes.uk/our-developments/north-wales/gladstone-grange/the-wentworth/","images/9b54f7d63b589ee203e706eea9dca8bd1de94d956e1b68c4db5177609150a7b7.jpg","https://www.castlegreenhomes.uk/app/uploads/2025/01/TheWentworth-20.jpg","This is a photograph of a furnished bedroom."
"Gladstone Grange","The Wentworth","4","https://www.castlegreenhomes.uk/our-developments/north-wales/gladstone-grange/the-wentworth/","images/389d291d1f834cc17304cdfc6bd8cd6ecee20570b8c83a928e1c3e3c7d3171c2.jpg","https://www.castlegreenhomes.uk/app/uploads/2025/01/TheWentworth-24.jpg","This is a photograph of a bathroom."
"Gladstone Grange","The Wentworth","4","https://www.castlegreenhomes.uk/our-developments/north-wales/gladstone-grange/the-wentworth/","images/1e0f7b19c23fd4f05fa923033ea4010ba2f3bb5c798bb5eec596055506d94d8c.jpg","https://www.castlegreenhomes.uk/app/uploads/2025/01/TheWentworth-11.jpg","This is a photograph of a furnished bedroom."
"Gladstone Grange","The Wentworth","4","https://www.castlegreenhomes.uk/our-developments/north-wales/gladstone-grange/the-wentworth/","images/79c561cf69216c3a4dc36b2736bea7c8b37fef9f6737df5d688b3db824c022d4.jpg","https://www.castlegreenhomes.uk/app/uploads/2025/01/TheWentworth-14.jpg","This is a photograph of a bathroom."
"Gladstone Grange","The Wentworth","4","https://www.castlegreenhomes.uk/our-developments/north-wales/gladstone-grange/the-wentworth/","images/68358eb595ab6b1ab706e6531c3ebe8d86624fd2ed43b0d42c74bcbafef2ad37.jpg","https://www.castlegreenhomes.uk/app/uploads/2025/01/TheWentworth-22.jpg","This is a photograph of a furnished bedroom."
"Gladstone Grange","The Wentworth","4","https://www.castlegreenhomes.uk/our-developments/north-wales/gladstone-grange/the-wentworth/","images/36bc0e64240304022d8e50a398948c107c13a6363bfc055a0d96e44a83c3f06a.jpg","https://www.castlegreenhomes.uk/app/uploads/2025/01/TheWentworth-17.jpg","This is a photograph of a furnished bedroom."
"Gladstone Grange","The Wentworth","4","https://www.castlegreenhomes.uk/our-developments/north-wales/gladstone-grange/the-wentworth/","images/01039764406e388f4b23307cffbec8a23e46b19a5bbf555a094fca0715938fb9.jpg","https://www.castlegreenhomes.uk/app/uploads/2025/01/TheWentworth-18.jpg","This is a photograph of a furnished bedroom."
"Gladstone Grange","The Windsor","3","https://www.castlegreenhomes.uk/our-developments/north-wales/gladstone-grange/the-windsor/","images/f1a26aa8e33b6bfba17bc2321cc9f4506545959e3a32ff3ba6004fa6e3887962.jpg","https://www.castlegreenhomes.uk/app/uploads/2024/06/TheWindsor-Congleton-36.jpg","This is a photograph of a kitchen and dining area."
"Gladstone Grange","The Windsor","3","https://www.castlegreenhomes.uk/our-developments/north-wales/gladstone-grange/the-windsor/","images/80ae9965a82df46d49bb79f5c33751eaf2d2b0e923e342286fee5471303f3d57.jpg","https://www.castlegreenhomes.uk/app/uploads/2024/06/TheWindsor-Congleton-32.jpg","This is a photograph of a bedroom interior."
"Gladstone Grange","The Windsor","3","https://www.castlegreenhomes.uk/our-developments/north-wales/gladstone-grange/the-windsor/","images/6b234641d2af35ef80eb6ae009c670f963187d9bb69917f953aca8c7e430e62b.jpg","https://www.castlegreenhomes.uk/app/uploads/2024/06/TheWindsor-Congleton-38.jpg","This is an interior photograph of a living and dining area."
"Gladstone Grange","The Windsor","3","https://www.castlegreenhomes.uk/our-developments/north-wales/gladstone-grange/the-windsor/","images/ccf899d5ed74c2233e2ca3bbd84d0de5c025912487a073cca8bfbd7870813dda.jpg","https://www.castlegreenhomes.uk/app/uploads/2024/06/TheWindsor-Congleton-6.jpg","This is a photograph of a living room."
"Gladstone Grange","The Windsor","3","https://www.castlegreenhomes.uk/our-developments/north-wales/gladstone-grange/the-windsor/","images/da9a0cd40cc7473dac8cd4432fa9ce4dd6d8ced8ae2a9ae5b0d8c1b51df7078d.jpg","https://www.castlegreenhomes.uk/app/uploads/2024/06/TheWindsor-Congleton-18.jpg","The image shows a furnished bedroom with an attached bathroom."
"Gladstone Grange","The Windsor","3","https://www.castlegreenhomes.uk/our-developments/north-wales/gladstone-grange/the-windsor/","images/f011b6629cc83bc005892af50df008cff96a39cb20160138579e5ecc6c6c0ce7.jpg","https://www.castlegreenhomes.uk/app/uploads/2024/06/TheWindsor-Congleton-34.jpg","The room is a kitchen with cabinetry and appliances."
"Gladstone Grange","The Windsor","3","https://www.castlegreenhomes.uk/our-developments/north-wales/gladstone-grange/the-windsor/","images/d17ff15371a3de31884d457895ab98498d26836a55b5703307c869c381146bf0.jpg","https://www.castlegreenhomes.uk/app/uploads/2024/06/TheWindsor-Congleton-10.jpg","This is a photograph of a furnished living room interior."
"Gladstone Grange","The Windsor","3","https://www.castlegreenhomes.uk/our-developments/north-wales/gladstone-grange/the-windsor/","images/a60feeaf1a29012f2f34eb69cb09348537071877d884bbb72f67a26fd269893d.jpg","https://www.castlegreenhomes.uk/app/uploads/2024/06/TheWindsor-Congleton-24.jpg","The room is a utility room with laundry appliances."
"Gladstone Grange","The Windsor","3","https://www.castlegreenhomes.uk/our-developments/north-wales/gladstone-grange/the-windsor/","images/097cb1f619427ea028023f77d3528422b5c01044cafe7693735defa2fb17838a.jpg","https://www.castlegreenhomes.uk/app/uploads/2024/06/TheWindsor-Congleton-01.jpg","The room is furnished as a living area."
"Gladstone Grange","The Windsor","3","https://www.castlegreenhomes.uk/our-developments/north-wales/gladstone-grange/the-windsor/","images/2413396b8954cf45666e9052d7946c0a679de30d666eddba7761cd75c86ea98b.jpg","https://www.castlegreenhomes.uk/app/uploads/2024/06/TheWindsor-Congleton-28.jpg","The image depicts a furnished bedroom."
"Gladstone Grange","The Windsor","3","https://www.castlegreenhomes.uk/our-developments/north-wales/gladstone-grange/the-windsor/","images/c9422010347004e60b3be78921ab657cdc836167fdb4c2ce0b371075aaf348e4.jpg","https://www.castlegreenhomes.uk/app/uploads/2024/06/TheWindsor-Congleton-16.jpg","The image shows a furnished bedroom."
"Gladstone Grange","The Windsor","3","https://www.castlegreenhomes.uk/our-developments/north-wales/gladstone-grange/the-windsor/","images/e70deb2043089b57e9f78bed74a539fa02ead24c425d4fed930bf0d7ef2124fe.jpg","https://www.castlegreenhomes.uk/app/uploads/2024/06/TheWindsor-Congleton-29.jpg","The image depicts a transitional space or hallway."
"Gladstone Grange","The Windsor","3","https://www.castlegreenhomes.uk/our-developments/north-wales/gladstone-grange/the-windsor/","images/c9948355d0da194bbc6a481b59ef4573a487130bb539da9d0766d103a25057f1.jpg","https://www.castlegreenhomes.uk/app/uploads/2024/06/TheWindsor-Congleton-19.jpg","The room contains a bed and bedroom furniture."
"Gladstone Grange","The Windsor","3","https://www.castlegreenhomes.uk/our-developments/north-wales/gladstone-grange/the-windsor/","images/e2d20a0d5f04ebe27cc9d08b9d42965f39af400df2c7c555813fcbd38da07b78.jpg","https://www.castlegreenhomes.uk/app/uploads/2024/06/TheWindsor-Congleton-20.jpg","The room contains a bed and bedroom furniture."
"Gladstone Grange","The Windsor","3","https://www.castlegreenhomes.uk/our-developments/north-wales/gladstone-grange/the-windsor/","images/63e7e562ea054a1810269f54e9bc1cabf48d222360f09060b2111db1045e95af.jpg","https://www.castlegreenhomes.uk/app/uploads/2024/06/TheWindsor-Congleton-21.jpg","This is a photograph of a bedroom interior."
"Gladstone Grange","The Windsor","3","https://www.castlegreenhomes.uk/our-developments/north-wales/gladstone-grange/the-windsor/","images/6766ed746b8d779bc4ba16ea1ece9bb82369884e2d66d21147877ad3475da2cc.jpg","https://www.castlegreenhomes.uk/app/uploads/2024/06/TheWindsor-Congleton-37.jpg","The image shows a living and dining area."
"Gladstone Grange","The Salisbury","4","https://www.castlegreenhomes.uk/our-developments/north-wales/gladstone-grange/the-salisbury/","images/384367a985ea9b30445d858e71e7290f19d184ea0fca7f8182202bc47c074439.jpg","https://www.castlegreenhomes.uk/app/uploads/2025/11/1772537381_Housetype.CGI-Salisbury_Brick_Grey_25.jpg","The image shows the exterior of a property."
"Gladstone Grange","The Salisbury","4","https://www.castlegreenhomes.uk/our-developments/north-wales/gladstone-grange/the-salisbury/","images/a2e7f79eed05f667564e142488eacb5efb0617aaf04801276de8d55a412462d0.jpg","https://www.castlegreenhomes.uk/app/uploads/2023/07/IMG_6659.jpeg","The room is furnished as a living area."
"Gladstone Grange","The Salisbury","4","https://www.castlegreenhomes.uk/our-developments/north-wales/gladstone-grange/the-salisbury/","images/09c4816667d12b0ee8fb0e2ab17200322da4b4e90fd69144db885c1e6dc21d02.jpg","https://www.castlegreenhomes.uk/app/uploads/2023/07/IMG_6676.jpeg","The presence of a dining table and chairs defines this as a dining room."
"Gladstone Grange","The Salisbury","4","https://www.castlegreenhomes.uk/our-developments/north-wales/gladstone-grange/the-salisbury/","images/1350e1ffa3502db3ae5bfd5a4e4e481a2e866eab4aac2e358718ae6c6f323a30.jpg","https://www.castlegreenhomes.uk/app/uploads/2023/07/IMG_6672.jpeg","The image shows a bedroom with a bed and a functional vanity desk area."
"Gladstone Grange","The Salisbury","4","https://www.castlegreenhomes.uk/our-developments/north-wales/gladstone-grange/the-salisbury/","images/e65ff753d240f7d01522366b1926673ce857c4fd7a99209bf478c0f7ace5609e.png","https://www.castlegreenhomes.uk/app/uploads/2023/07/Salisbury.png","This is an exterior view of a residential property."
"Gladstone Grange","The Salisbury","4","https://www.castlegreenhomes.uk/our-developments/north-wales/gladstone-grange/the-salisbury/","images/9d7ef93258987210213958278047ca73d76248afe524ff5ecd7512bc6b4d498d.jpg","https://www.castlegreenhomes.uk/app/uploads/2023/07/IMG_6647.jpeg","This is a photograph of an open-plan kitchen and dining area."
"Gladstone Grange","The Salisbury","4","https://www.castlegreenhomes.uk/our-developments/north-wales/gladstone-grange/the-salisbury/","images/c074c95db3f63f3ea44eafdf4cca7eeee72b596d8ced2677f588b39d15fe8b4d.jpg","https://www.castlegreenhomes.uk/app/uploads/2023/07/IMG_6670.jpeg","The image shows a furnished bedroom with a bed as the central focus."
"Gladstone Grange","The Salisbury","4","https://www.castlegreenhomes.uk/our-developments/north-wales/gladstone-grange/the-salisbury/","images/f3d7cbbfa60911cda72d7452d8b6a13269394a4ceb3c49535cce098f6b0832c9.jpg","https://www.castlegreenhomes.uk/app/uploads/2023/07/IMG_6645.jpeg","The image shows a furnished living room space."
"Gladstone Grange","The Salisbury","4","https://www.castlegreenhomes.uk/our-developments/north-wales/gladstone-grange/the-salisbury/","images/df1552e37e4fed4e4c8b4c4dd2b2f996e224a06c1f4545b8f958df2066877db2.jpg","https://www.castlegreenhomes.uk/app/uploads/2023/07/IMG_6683.jpeg","The image shows a functional bathroom with sanitary ware."
"Gladstone Grange","The Salisbury","4","https://www.castlegreenhomes.uk/our-developments/north-wales/gladstone-grange/the-salisbury/","images/7962688a7d825c67f467e5860c33e25563f248786cebbf739537072fddd2506a.jpg","https://www.castlegreenhomes.uk/app/uploads/2023/07/IMG_6665.jpeg","The image shows a furnished bedroom with a bed."
"Gladstone Grange","The Salisbury","4","https://www.castlegreenhomes.uk/our-developments/north-wales/gladstone-grange/the-salisbury/","images/195c26e851757212711b08551aa18a8b1709a8c741113d1cf9e1b127ede7d722.jpg","https://www.castlegreenhomes.uk/app/uploads/2025/01/IMG_6668.jpeg","The image shows a bedroom interior with a bed."
"Gladstone Grange","The Salisbury","4","https://www.castlegreenhomes.uk/our-developments/north-wales/gladstone-grange/the-salisbury/","images/cbe2e555e3b395b76f88e88ef618d7b41463bc651e62b4b388b2820e37415e82.jpg","https://www.castlegreenhomes.uk/app/uploads/2025/01/IMG_6675.jpeg","This is a photograph of a bathroom."
"Gladstone Grange","The Salisbury","4","https://www.castlegreenhomes.uk/our-developments/north-wales/gladstone-grange/the-salisbury/","images/947f8419cce2f27113e0fc0a909304de1df2fdd5c0e8384d95ed8ace4152e794.jpg","https://www.castlegreenhomes.uk/app/uploads/2023/07/IMG_6674.jpeg","This is a photograph of a bedroom interior."
"Gladstone Grange","The Salisbury","4","https://www.castlegreenhomes.uk/our-developments/north-wales/gladstone-grange/the-salisbury/","images/89f5dc2f0386abbb0f04b1b962007714da7e30185c25dce03b3dc365c5cfc641.jpg","https://www.castlegreenhomes.uk/app/uploads/2023/07/IMG_6678.jpeg","This is a photograph of a furnished bedroom."
"Gladstone Grange","The Wiltshire","4","https://www.castlegreenhomes.uk/our-developments/north-wales/gladstone-grange/the-wiltshire/","images/1a72a3b305b6f572576f6a97d78123ad799570ce05874f6e5e453e80b27bb843.jpg","https://www.castlegreenhomes.uk/app/uploads/2022/10/TheWiltshire-2.jpg","This is a photograph of a furnished open-plan living and dining room."
"Gladstone Grange","The Wiltshire","4","https://www.castlegreenhomes.uk/our-developments/north-wales/gladstone-grange/the-wiltshire/","images/23753ee29351fab3cd1fc284222cce4eca7c82316dbdbad5e0d1de97fe64b0a7.jpg","https://www.castlegreenhomes.uk/app/uploads/2022/10/TheWiltshire-36.jpg","This is a photograph of a furnished bedroom."
"Gladstone Grange","The Wiltshire","4","https://www.castlegreenhomes.uk/our-developments/north-wales/gladstone-grange/the-wiltshire/","images/1c2f348d43262e2767699b392bbf644419e1483ccb1882626db40743d3231c9c.jpg","https://www.castlegreenhomes.uk/app/uploads/2022/10/TheWiltshire-11.jpg","The image shows a kitchen and dining space."
"Gladstone Grange","The Wiltshire","4","https://www.castlegreenhomes.uk/our-developments/north-wales/gladstone-grange/the-wiltshire/","images/69aabf815e58ceab848cba5b6fe35dd2af1f6afbab0ff812fdcf50bbcf7b14c0.jpg","https://www.castlegreenhomes.uk/app/uploads/2024/10/wiltshire_lounge_rydal_view.jpg","The image shows a living room interior."
"Gladstone Grange","The Wiltshire","4","https://www.castlegreenhomes.uk/our-developments/north-wales/gladstone-grange/the-wiltshire/","images/c8dc988247d335b4b1087a10be46a619a54f3d4b90470d31b5c8793c12f1ca24.jpg","https://www.castlegreenhomes.uk/app/uploads/2025/01/TheWiltshire-30.jpg","The room contains a bed and is styled as a bedroom."
"Gladstone Grange","The Wiltshire","4","https://www.castlegreenhomes.uk/our-developments/north-wales/gladstone-grange/the-wiltshire/","images/d37e956a852697024bed7e505640b97088dc98a028a058853e4906eb9c8df753.png","https://www.castlegreenhomes.uk/app/uploads/2025/11/Housetype.CGI-Wiltshire_Brick_Grey_25-1024x768.png","This is a computer-generated exterior view of a residential property."
"Gladstone Grange","The Wiltshire","4","https://www.castlegreenhomes.uk/our-developments/north-wales/gladstone-grange/the-wiltshire/","images/363d75ee82a3f70a3bb56fc08027c6aec347aaeda5fedaaf20286947663366f4.jpg","https://www.castlegreenhomes.uk/app/uploads/2024/10/wiltshire_kitchen_dining_family_area_rydal_view.jpg","This is a photograph of a furnished living and dining space."
"Gladstone Grange","The Wiltshire","4","https://www.castlegreenhomes.uk/our-developments/north-wales/gladstone-grange/the-wiltshire/","images/6eb0a0638a6121378b35cc065e63e1453b694f7b30422819f060137ee61a7eec.jpg","https://www.castlegreenhomes.uk/app/uploads/2022/10/TheWiltshire-24.jpg","The room is a kitchen with cooking and dining facilities."
"Gladstone Grange","The Wiltshire","4","https://www.castlegreenhomes.uk/our-developments/north-wales/gladstone-grange/the-wiltshire/","images/22627397b17f84bd12886d2465a0113dbe7a0840833ead1e9860bdd8c2d2f681.jpg","https://www.castlegreenhomes.uk/app/uploads/2025/01/TheWiltshire-8.jpg","The room is a living area with seating and entertainment furniture."
"Gladstone Grange","The Wiltshire","4","https://www.castlegreenhomes.uk/our-developments/north-wales/gladstone-grange/the-wiltshire/","images/933277d69d902b56f038843f26da1fbdbf36df05a82093f22ee82828fe6a1526.jpg","https://www.castlegreenhomes.uk/app/uploads/2022/10/TheWiltshire-14.jpg","The room is a living area with comfortable seating."
"Gladstone Grange","The Wiltshire","4","https://www.castlegreenhomes.uk/our-developments/north-wales/gladstone-grange/the-wiltshire/","images/4ac2c2facdd6235d6217a3e412f4036bd248a9b37cbe3d408b2159470b548c10.jpg","https://www.castlegreenhomes.uk/app/uploads/2022/10/TheWiltshire-17.jpg","This is a photograph of a furnished living room area."
"Gladstone Grange","The Wiltshire","4","https://www.castlegreenhomes.uk/our-developments/north-wales/gladstone-grange/the-wiltshire/","images/22dd094498130b140071a004daec70addfddd6deb8e71246d7e601be1afa7afe.jpg","https://www.castlegreenhomes.uk/app/uploads/2024/10/wiltshire_primary_dressing_area_rydal_view.jpg","This is a photograph of a hallway or landing area."
"Gladstone Grange","The Wiltshire","4","https://www.castlegreenhomes.uk/our-developments/north-wales/gladstone-grange/the-wiltshire/","images/bad296803f0bdcfd7d6a7d5342e93bb7f7be40de4811772e0a2ea402dbbc8bed.jpg","https://www.castlegreenhomes.uk/app/uploads/2022/10/TheWiltshire-39.jpg","This is a photograph of a study or multi-purpose room."
"Gladstone Grange","The Wiltshire","4","https://www.castlegreenhomes.uk/our-developments/north-wales/gladstone-grange/the-wiltshire/","images/a2b8f1a48f796a31b84a14abebd736cbc45f54c126897053982a623f38e6cff9.jpg","https://www.castlegreenhomes.uk/app/uploads/2024/10/wiltshire_primary_bedroom_ensuite_rydal_view.jpg","This is a photograph of a bathroom."
"Gladstone Grange","The Wiltshire","4","https://www.castlegreenhomes.uk/our-developments/north-wales/gladstone-grange/the-wiltshire/","images/34dd46ceef3f9f97f41e1ba3b3880712c9df8a9e377d1dd4a46eb7889a3df636.jpg","https://www.castlegreenhomes.uk/app/uploads/2024/10/wiltshire_bedroom2_rydal_view.jpg","This is a photograph of a bedroom."
"Gladstone Grange","The Wiltshire","4","https://www.castlegreenhomes.uk/our-developments/north-wales/gladstone-grange/the-wiltshire/","images/31a0ed656da94c16603ef1a78ae72e686e433bdd95aa980bc53ba509d29c0f45.jpg","https://www.castlegreenhomes.uk/app/uploads/2024/10/wiltshire_bedroom2_dressing_rydal_view.jpg","This is a photograph of a bedroom with a desk area."
"Gladstone Grange","The Wiltshire","4","https://www.castlegreenhomes.uk/our-developments/north-wales/gladstone-grange/the-wiltshire/","images/32782239b4d034ba2be0022ac5484aa62c7aac324156410923d8cf577a8f32b4.jpg","https://www.castlegreenhomes.uk/app/uploads/2024/10/wiltshire_bedroom2_ensuite_rydal_view.jpg","The image shows a functional bathroom space with sanitary ware."
"Gladstone Grange","The Wiltshire","4","https://www.castlegreenhomes.uk/our-developments/north-wales/gladstone-grange/the-wiltshire/","images/020e15d94a1b12e23077bca25005ba4386490c365329f77d0edbe9b2c9be37ec.jpg","https://www.castlegreenhomes.uk/app/uploads/2024/10/wiltshire_bedroom3_rydal_view.jpg","The image shows a furnished bedroom."
"Gladstone Grange","The Wiltshire","4","https://www.castlegreenhomes.uk/our-developments/north-wales/gladstone-grange/the-wiltshire/","images/269bb2b56ee8415025bd017a2868b528486ca8dd9832fad972c428dbd1564222.jpg","https://www.castlegreenhomes.uk/app/uploads/2024/10/wiltshire_bedroom4_rydal_view.jpg","The image shows a furnished bedroom."
"Gladstone Grange","The Wiltshire","4","https://www.castlegreenhomes.uk/our-developments/north-wales/gladstone-grange/the-wiltshire/","images/a4174804abe1ad532d4b26b18c790ebfcef0e9a33e6ced9453633c33b19c12ef.jpg","https://www.castlegreenhomes.uk/app/uploads/2023/07/The_Wiltshire_New_Home-105.jpg","The image shows a functional bathroom space."
"Gladstone Grange","The Wiltshire","4","https://www.castlegreenhomes.uk/our-developments/north-wales/gladstone-grange/the-wiltshire/","images/0ebb0124f8159af447a519ef5cdddec29a2fa36c133e3d3ac8f230d50f6b5030.png","https://www.castlegreenhomes.uk/app/uploads/2025/11/Housetype.CGI-Wiltshire_Render_Grey_25-1024x768.png","This is a computer-generated exterior view of a residential property."
"Gladstone Grange","The Farndon","4","https://www.castlegreenhomes.uk/our-developments/north-wales/gladstone-grange/the-farndon/","images/c896d952b617f88f1488d089e27277cf1e283e113f8bb881bc9d47eb47a10fe6.jpg","https://www.castlegreenhomes.uk/app/uploads/2025/08/KITCHEN_ASHBOURNE-1024x769.jpg","This is a photograph of a kitchen interior."
"Gladstone Grange","The Farndon","4","https://www.castlegreenhomes.uk/our-developments/north-wales/gladstone-grange/the-farndon/","images/809b7ff931b352f8846aefeda76ba2944592b0e9c9a672d91563a703ff4b7504.jpg","https://www.castlegreenhomes.uk/app/uploads/2023/07/TheAshbourne-1.jpg","This is a photograph of a furnished living room."
"Gladstone Grange","The Farndon","4","https://www.castlegreenhomes.uk/our-developments/north-wales/gladstone-grange/the-farndon/","images/e5f61f0f9411838d9aafd8ca0f9b8511138e847f19f8646b1fdc6698b12680d6.jpg","https://www.castlegreenhomes.uk/app/uploads/2025/09/TheAshbourne.jpg","The room is clearly set up as a workspace with a desk and office chair."
"Gladstone Grange","The Farndon","4","https://www.castlegreenhomes.uk/our-developments/north-wales/gladstone-grange/the-farndon/","images/1be86b38791193e7b237b22a3a6b95f8e7cd7ee14964dd5bac13648eb2aef233.jpg","https://www.castlegreenhomes.uk/app/uploads/2024/09/TheAshbourne-31.jpg","The primary focus is a dining table set for a meal."
"Gladstone Grange","The Farndon","4","https://www.castlegreenhomes.uk/our-developments/north-wales/gladstone-grange/the-farndon/","images/12bd08b406fe7e45b2d0da7e76b263ad8e6ed8fafc297af1ba72bb86c7e94b3e.jpg","https://www.castlegreenhomes.uk/app/uploads/2023/07/TheAshbourne-52.jpg","The room is furnished as a bedroom."
"Gladstone Grange","The Farndon","4","https://www.castlegreenhomes.uk/our-developments/north-wales/gladstone-grange/the-farndon/","images/c818e62ecca48f0f6c5508aaa455a50d4074b0c622e2ab808cddad875244bd1b.jpg","https://www.castlegreenhomes.uk/app/uploads/2023/07/TheAshbourne-28.jpg","The image shows a fully equipped kitchen and dining area."
"Gladstone Grange","The Farndon","4","https://www.castlegreenhomes.uk/our-developments/north-wales/gladstone-grange/the-farndon/","images/bbed6c27f4d4da28b25aea4301ecf428d1d9bdee5195022bd3741733da03801c.jpg","https://www.castlegreenhomes.uk/app/uploads/2025/01/TheAshbourne-2.jpg","The room is furnished as a living area."
"Gladstone Grange","The Farndon","4","https://www.castlegreenhomes.uk/our-developments/north-wales/gladstone-grange/the-farndon/","images/31dc5bc1f4dc983accdfece13ca4f6b6380a9326052437fc0156fd347b4691a6.png","https://www.castlegreenhomes.uk/app/uploads/2025/11/Housetype.CGI-Farndon_Render_Grey_25-1-1024x768.png","This is a promotional exterior rendering of a property."
"Gladstone Grange","The Farndon","4","https://www.castlegreenhomes.uk/our-developments/north-wales/gladstone-grange/the-farndon/","images/155eb4f373b142742b831f015529ec8b5118bbeeb5a3bf7b4bc10f6c9c21fce9.jpg","https://www.castlegreenhomes.uk/app/uploads/2025/03/TheAshbourne-26.jpg","This is a photograph of a real interior space, specifically a kitchen and dining area."
"Gladstone Grange","The Farndon","4","https://www.castlegreenhomes.uk/our-developments/north-wales/gladstone-grange/the-farndon/","images/fed5ccb0892fcfcf8731887762b96a009399b88ad4b615450023d7fb3b56b2ab.jpg","https://www.castlegreenhomes.uk/app/uploads/2025/09/TheAshbourne-53.jpg","This is a photograph of a real bedroom interior."
"Gladstone Grange","The Farndon","4","https://www.castlegreenhomes.uk/our-developments/north-wales/gladstone-grange/the-farndon/","images/35bde691276cbb940d6d3b5ec10ad0197d68a29b396b471a09c150ae2c6dfe64.jpg","https://www.castlegreenhomes.uk/app/uploads/2025/09/TheAshbourne-55.jpg","This is a photograph of a real bedroom interior."
"Gladstone Grange","The Farndon","4","https://www.castlegreenhomes.uk/our-developments/north-wales/gladstone-grange/the-farndon/","images/7b73441e13f5c0575f492a2eaeda0110b4d47f31678e65644924aae209e1932c.jpg","https://www.castlegreenhomes.uk/app/uploads/2023/07/TheAshbourne-17.jpg","The image is clearly a bedroom with a bed and wardrobe storage."
"Gladstone Grange","The Farndon","4","https://www.castlegreenhomes.uk/our-developments/north-wales/gladstone-grange/the-farndon/","images/2f33a2398a53ff83dff6a2d7d968b83ee8cd792244fc6eb315a4697f2e5bb211.png","https://www.castlegreenhomes.uk/app/uploads/2025/11/Housetype.CGI-Farndon_Brick_Grey_25-1-1024x768.png","This is a promotional exterior rendering of a property."
"Gladstone Grange","The Farndon","4","https://www.castlegreenhomes.uk/our-developments/north-wales/gladstone-grange/the-farndon/","images/535b28767fa3c512d9b9b6ad693e9f4bdc3063cafd0965ab46893e1a7775bf38.jpg","https://www.castlegreenhomes.uk/app/uploads/2024/10/TheAshbourne-58.jpg","This is a photograph of a furnished bedroom."
"Gladstone Grange","The Farndon","4","https://www.castlegreenhomes.uk/our-developments/north-wales/gladstone-grange/the-farndon/","images/306fcb797327d34c8cf3ffa648f570536f0d758f5310a7a5c2c2d7f04710b754.jpg","https://www.castlegreenhomes.uk/app/uploads/2025/09/TheAshbourne-61.jpg","This is a photograph of a bedroom."
"Gladstone Grange","The Farndon","4","https://www.castlegreenhomes.uk/our-developments/north-wales/gladstone-grange/the-farndon/","images/5cecc80e6cd275beba1ad0104f12b520cb030c0871d93a217dcd00c02fcf8499.jpg","https://www.castlegreenhomes.uk/app/uploads/2023/07/TheAshbourne-65.jpg","This is a photograph of a furnished bathroom."
"Gladstone Grange","The Farndon","4","https://www.castlegreenhomes.uk/our-developments/north-wales/gladstone-grange/the-farndon/","images/6c377ce494f940172275aa801f72d70167f714d380698d53632f6678d13d78d3.jpg","https://www.castlegreenhomes.uk/app/uploads/2025/09/TheAshbourne-48.jpg","This is a photograph of a real kitchen interior."
"Gladstone Grange","The Farndon","4","https://www.castlegreenhomes.uk/our-developments/north-wales/gladstone-grange/the-farndon/","images/19063f61d29cac019d8dd38d1b4f86fde6b0e0a6bea101425e6620c260d6b73e.jpg","https://www.castlegreenhomes.uk/app/uploads/2023/07/TheAshbourne-32.jpg","This is a photograph of a residential living room."
"Gladstone Grange","The Farndon","4","https://www.castlegreenhomes.uk/our-developments/north-wales/gladstone-grange/the-farndon/","images/9f39037faaa1cb7c5a38e772989a43ea19372624c0136186f6f7fe6cddef369f.jpg","https://www.castlegreenhomes.uk/app/uploads/2023/07/TheAshbourne-24.jpg","This is a photograph of a residential living room seating area."
"Gladstone Grange","The Banbury","2","https://www.castlegreenhomes.uk/our-developments/north-wales/gladstone-grange/the-banbury/","images/b446fea5baf20fd15ddbadb2341de9e78b6573b7cc02a67250bab8529c652e8d.jpg","https://www.castlegreenhomes.uk/app/uploads/2025/06/Plot2-TheStratford-7.jpg","This is a photograph of a furnished dining room."
"Gladstone Grange","The Banbury","2","https://www.castlegreenhomes.uk/our-developments/north-wales/gladstone-grange/the-banbury/","images/05e318f12ec1f4f9b91e7a2740029d51427a2399c7478df2b1a9aa62a1b8675e.jpg","https://www.castlegreenhomes.uk/app/uploads/2025/06/Plot2-TheStratford-4.jpg","This is a photograph of a functional kitchen space."
"Gladstone Grange","The Banbury","2","https://www.castlegreenhomes.uk/our-developments/north-wales/gladstone-grange/the-banbury/","images/5b8bcbe6cac6446b5cdae5d25bb58c3e5adf2b3089c3dad44119239e96bafc90.jpg","https://www.castlegreenhomes.uk/app/uploads/2025/06/Plot2-TheStratford-2.jpg","The image shows a living room interior."
"Gladstone Grange","The Banbury","2","https://www.castlegreenhomes.uk/our-developments/north-wales/gladstone-grange/the-banbury/","images/19c302a97404a561fdbe45aef07165ab6de84a290f6803a103f59d65439dfafa.jpg","https://www.castlegreenhomes.uk/app/uploads/2025/06/Plot2-TheStratford-15-1.jpg","The presence of a bed and bedside furniture confirms this is a bedroom."
"Gladstone Grange","The Banbury","2","https://www.castlegreenhomes.uk/our-developments/north-wales/gladstone-grange/the-banbury/","images/a80c279f096140b7345a32bd0bec7ca7577500542d4144b458ebc305c055dee5.jpg","https://www.castlegreenhomes.uk/app/uploads/2025/06/Plot2-TheStratford-15.jpg","The image shows a furnished bedroom."
"Gladstone Grange","The Banbury","2","https://www.castlegreenhomes.uk/our-developments/north-wales/gladstone-grange/the-banbury/","images/226d44ccfec5fb47bc29b83a7d68cb0a09175d21a8f19f3b391726775432d4dc.jpg","https://www.castlegreenhomes.uk/app/uploads/2025/06/Plot2-TheStratford-17.jpg","This is a photograph of a furnished bedroom area."
"Gladstone Grange","The Banbury","2","https://www.castlegreenhomes.uk/our-developments/north-wales/gladstone-grange/the-banbury/","images/4a44e4b91cabf05c7152fd3aa04fbd371d5d335a209dd767dacfeae3e605cc8b.jpg","https://www.castlegreenhomes.uk/app/uploads/2025/06/Plot2-TheStratford-11.jpg","This is a photograph of a furnished bedroom."
"Gladstone Grange","The Banbury","2","https://www.castlegreenhomes.uk/our-developments/north-wales/gladstone-grange/the-banbury/","images/1be0834010949ac498d7a172fc6291b0150792ea16e560132e4d4a378f130fb1.jpg","https://www.castlegreenhomes.uk/app/uploads/2025/06/Plot2-TheStratford-12.jpg","This is a photograph of a furnished bedroom."
"Gladstone Grange","The Banbury","2","https://www.castlegreenhomes.uk/our-developments/north-wales/gladstone-grange/the-banbury/","images/dea79f0950568de91287e5b2764ab5f2945bde39b284f488735fa90fdfda05e6.jpg","https://www.castlegreenhomes.uk/app/uploads/2021/12/TheWiltshire-Congleton-18.jpg","This is a photograph of a furnished bathroom."
"Gladstone Grange","Gladstone Grange","","https://www.castlegreenhomes.uk/our-developments/north-wales/gladstone-grange/","images/ce3e2f014208668bc4caa69419033d4147d8c2a21c2504af74726a6040b3592a.png","https://www.castlegreenhomes.uk/app/uploads/2024/07/DJI_0639.png","This is an exterior view of a residential development."
"Gladstone Grange","Gladstone Grange","","https://www.castlegreenhomes.uk/our-developments/north-wales/gladstone-grange/","images/8e8ff3d5989260c30df5899623cab9bb1a774ac697fff20f8b7da14a51b69233.png","https://www.castlegreenhomes.uk/app/uploads/2024/07/P1057872.png","This is an exterior view of a residential development."
"Gladstone Grange","Gladstone Grange","","https://www.castlegreenhomes.uk/our-developments/north-wales/gladstone-grange/","images/7dcb43a91d625e2d720972e76168d0d4b83c40b47d8d8b58208b2127c78e30ed.png","https://www.castlegreenhomes.uk/app/uploads/2024/07/P1057173-HDR.png","The furniture arrangement and presence of a television indicate a living room."
"Gladstone Grange","Gladstone Grange","","https://www.castlegreenhomes.uk/our-developments/north-wales/gladstone-grange/","images/9d62f1dda63ceb619b9e66e28fd784665891a00451e0e5c0d4705c4f9bcdb1ac.png","https://www.castlegreenhomes.uk/app/uploads/2024/07/P1056998-HDR.png","The presence of kitchen appliances, cabinetry, and a breakfast bar defines this as a kitchen."
"Gladstone Grange","Gladstone Grange","","https://www.castlegreenhomes.uk/our-developments/north-wales/gladstone-grange/","images/d82a57b26105012a3bcfa493450a9dd7fb1a9b58b65290663da2d5ae840cf5d8.png","https://www.castlegreenhomes.uk/app/uploads/2024/07/P1046739-HDR.png","The layout with a sofa and media unit is characteristic of a living room."
"Gladstone Grange","Gladstone Grange","","https://www.castlegreenhomes.uk/our-developments/north-wales/gladstone-grange/","images/ee991ea9b924380c7fbc463f340b45396f6cdc9a73aa00f72b643d5dd4c8bf1f.png","https://www.castlegreenhomes.uk/app/uploads/2024/07/P1057047-HDR.png","The central feature is a bed, identifying this as a bedroom."
"Gladstone Grange","Gladstone Grange","","https://www.castlegreenhomes.uk/our-developments/north-wales/gladstone-grange/","images/b5080adb4062113d2542b555bd91475372c79bccf40705fd57c18bc4c252333c.png","https://www.castlegreenhomes.uk/app/uploads/2024/07/P1057026-HDR.png","The furniture arrangement, including a sofa and media unit, defines this as a living room."
"Gladstone Grange","Gladstone Grange","","https://www.castlegreenhomes.uk/our-developments/north-wales/gladstone-grange/","images/efbd0b8eb5b81263ef596d050ebdf3a6fa373f2bc6bb08f570120fb5455e5a97.png","https://www.castlegreenhomes.uk/app/uploads/2025/11/P1046528-HDR.png","This is a photograph of a furnished bedroom."
"Gladstone Grange","Gladstone Grange","","https://www.castlegreenhomes.uk/our-developments/north-wales/gladstone-grange/","images/12a3ab7c22ffca939bca06a2713e3cf17a248bffa4d825c8a8f0f9ed2addc995.png","https://www.castlegreenhomes.uk/app/uploads/2024/07/P1046754-HDR.png","This is a photograph of a furnished living and dining space."
"Gladstone Grange","Gladstone Grange","","https://www.castlegreenhomes.uk/our-developments/north-wales/gladstone-grange/","images/084deb42aaf003bf950750cc700e1a843092cf71901211485e626757c5688756.png","https://www.castlegreenhomes.uk/app/uploads/2024/07/P1046799-HDR.png","This is a photograph of a furnished bedroom."
"Gladstone Grange","Gladstone Grange","","https://www.castlegreenhomes.uk/our-developments/north-wales/gladstone-grange/","images/5a2f735d2a58a0269d5967da464e859aeda9f672ee5cb9aa1120b43d5befb901.png","https://www.castlegreenhomes.uk/app/uploads/2025/11/P1046473-HDR.png","The image shows a furnished living room."
"Gladstone Grange","Gladstone Grange","","https://www.castlegreenhomes.uk/our-developments/north-wales/gladstone-grange/","images/a59b6e504d22d8fe8a3c5a73d4997bbb410f19ff53f8a7d75f1409a75ba253de.png","https://www.castlegreenhomes.uk/app/uploads/2025/11/P1046413-HDR.png","The image shows a functional kitchen space with appliances and cabinetry."
"Gladstone Grange","Gladstone Grange","","https://www.castlegreenhomes.uk/our-developments/north-wales/gladstone-grange/","images/fb5a4eb0cc8aa9aecc7e49728fbd6be67a774e1a40f8534fe9edaa083f2df49d.png","https://www.castlegreenhomes.uk/app/uploads/2025/11/P1046568-HDR.png","This is a photograph of a furnished bedroom."