"development","house_type","bedrooms","property_url","image_file","image_url","reason"
"Hazel Meadows","The Kingfisher · Plot 5","3","https://www.countrysidehomes.com/developments/yorkshire/hazel-meadows-knottingley/home-0005","images/749a56ac1bae44d27e8ea1c08f54c20d04fb665dcab648a8fd1606136cd04a61.jpg","https://cdn.mediavalet.com/eunl/vistry-dam/MR9_TIJWeUyn0k_o8PsWBg/uEwUXf6tGk6lkPnWZ-qbzA/Custom/Hazel%20Meadows%20Kingfisher.jpg","Staged showhome interior space."
"Hazel Meadows","The Kingfisher · Plot 5","3","https://www.countrysidehomes.com/developments/yorkshire/hazel-meadows-knottingley/home-0005","images/52f92e86c9397ba85c9944a7b600cf21bcd05e0401d9b0a8d261ba4d44975548.jpg","https://cdn.mediavalet.com/eunl/vistry-dam/FqNpGa8CiEy-nOB9KnRsnA/g8YYuwZQV0651w9aSRNw2g/Custom/001%20Vistry_Countryside_KensingtonFields_Kingfisher_Web.jpg","Staged showhome interior space."
"Hazel Meadows","The Kingfisher · Plot 5","3","https://www.countrysidehomes.com/developments/yorkshire/hazel-meadows-knottingley/home-0005","images/63a4c922ec3742f7b2407c859d9bb9740a60427ea71c38b44878b3b48561a662.jpg","https://cdn.mediavalet.com/eunl/vistry-dam/nIImYacLEU2mU6a7sK_zXA/-3u-VGyOXU6JamnDpayTJg/Custom/005%20Vistry_Countryside_KensingtonFields_Kingfisher_Web.jpg","Staged showhome interior space."
"Hazel Meadows","The Kingfisher · Plot 5","3","https://www.countrysidehomes.com/developments/yorkshire/hazel-meadows-knottingley/home-0005","images/09929c46437bdfe8fa82335845413df1516bbeb5b0a51c0b07155ba05605ac1f.jpg","https://cdn.mediavalet.com/eunl/vistry-dam/ebnKJYtcnEKb-c9wbsreIA/sPixXrGtjE-e9_3bNVk2Ag/Custom/007%20Vistry_Countryside_KensingtonFields_Kingfisher_Web.jpg","Staged showhome interior space."
"Hazel Meadows","The Kingfisher · Plot 5","3","https://www.countrysidehomes.com/developments/yorkshire/hazel-meadows-knottingley/home-0005","images/2bf9f6905b6a6661ebdeca2be09bceaeaa405ec3fb0161dac8ade36f1bc05434.jpg","https://cdn.mediavalet.com/eunl/vistry-dam/wMrEsnzbk0CPlf4Rw3ikmQ/DTjWp3sMiEurNvQqt4822g/Custom/018%20Vistry_Countryside_KensingtonFields_Kingfisher_Web.jpg","Staged showhome interior space."
"Hazel Meadows","The Kingfisher · Plot 5","3","https://www.countrysidehomes.com/developments/yorkshire/hazel-meadows-knottingley/home-0005","images/82c3836babfd58e12c01eb60535364edda804e1b2cc49ecec94cad97a9d56cf5.jpg","https://cdn.mediavalet.com/eunl/vistry-dam/GBZcyObugU6VFuCb9-NTdA/JsrhKY7EFkmdJx-Dz-m9fw/Custom/016%20Vistry_Countryside_KensingtonFields_Kingfisher_Web.jpg","Staged showhome interior space."
"Hazel Meadows","The Kingfisher · Plot 5","3","https://www.countrysidehomes.com/developments/yorkshire/hazel-meadows-knottingley/home-0005","images/26291270c0561daec638ea7b3f3eb3661a0c66f02507c5531e6a1e4332ab613b.jpg","https://cdn.mediavalet.com/eunl/vistry-dam/uQxyWymNLEaQCSHylWXZww/fJOr6LtO-E6zub6ILlrt0w/Custom/024%20Vistry_Countryside_KensingtonFields_Kingfisher_Web.jpg","Staged showhome interior space."
"Hazel Meadows","The Kingfisher · Plot 5","3","https://www.countrysidehomes.com/developments/yorkshire/hazel-meadows-knottingley/home-0005","images/2680b63dc8a19e7b927e11273c88328d16ee8281f22e1e1a69cc3c73e9b65da9.jpg","https://cdn.mediavalet.com/eunl/vistry-dam/849DSJfgTU6cUbPDi3numQ/z6sHnLCVCEmxOwj86fg63A/Custom/021%20Vistry_Countryside_KensingtonFields_Kingfisher_Christmas.jpg","Staged showhome interior space."
"Hazel Meadows","The Kingfisher · Plot 5","3","https://www.countrysidehomes.com/developments/yorkshire/hazel-meadows-knottingley/home-0005","images/c498d483ee4ad5cf9dc8c30ad52e1b29613fd3149bf8ee9ea59d4f29e94458d5.jpg","https://cdn.mediavalet.com/eunl/vistry-dam/n2wi_Q7Wbk2Q-mgMyOKA0Q/MymCFXuitEqDpolWepwJsg/Custom/029%20Vistry_Countryside_KensingtonFields_Kingfisher_Web.jpg","Staged showhome interior space."
"Hazel Meadows","The Kingfisher · Plot 5","3","https://www.countrysidehomes.com/developments/yorkshire/hazel-meadows-knottingley/home-0005","images/39cdf7f5e3ff977f22865a8a284d2c362122b01c8edeb7344e22a5e68fd48b70.jpg","https://cdn.mediavalet.com/eunl/vistry-dam/S__Lo6CrUUiAJXyHo3Khwg/H73MpoNqDE-2yS3WNxqgFg/Custom/037%20Vistry_Countryside_KensingtonFields_Kingfisher_Web.jpg","Staged showhome interior space."
"Hazel Meadows","The Kingfisher · Plot 5","3","https://www.countrysidehomes.com/developments/yorkshire/hazel-meadows-knottingley/home-0005","images/0b5635647a0920e80497fad44d476ac8187f4890e3200f0f3b1ec2e5b99fa68b.jpg","https://cdn.mediavalet.com/eunl/vistry-dam/KlUDYadD8UCZrRdjsNjauA/jXEpV56er0GpL7P0iuHiqw/Custom/046%20Vistry_Countryside_KensingtonFields_Kingfisher_Web.jpg","Staged showhome interior space."
"Hazel Meadows","The Kingfisher · Plot 5","3","https://www.countrysidehomes.com/developments/yorkshire/hazel-meadows-knottingley/home-0005","images/52c67952b7cc2ba3253956bb164f5f3afcec8c9d6ab4b7f239c87638db219695.jpg","https://cdn.mediavalet.com/eunl/vistry-dam/YzlJbW9pwEuT0-rXRjdQ-Q/_U_qmpR9q0upKmq6P3ts9g/Custom/042%20Vistry_Countryside_KensingtonFields_Kingfisher_Web.jpg","Staged showhome interior space."
"Hazel Meadows","The Kingfisher · Plot 5","3","https://www.countrysidehomes.com/developments/yorkshire/hazel-meadows-knottingley/home-0005","images/7f08999cf9715f4edf170247b9976392ae06fc44878e51b79ef4b8bc934de5e0.png","https://mvdataappstorageeunlprod.blob.core.windows.net/medialibrary-34218e3cae6c4041a23eb8b1cf91be27/ec77d77813f84fa6ad7804aa0679240a/ec77d77813f84fa6ad7804aa0679240a/Original/Kingfisher%20GF.png?sv=2017-04-17&sr=b&si=202008111744&sig=%2BQUSHLNUDMb7P9XPEc6EqKwlVWyDmiukjk2sAFoXeLM%3D&st=0001-01-01T00%3A00%3A00Z&se=2036-03-11T00%3A43%3A35Z&rsct=application%2Foctet-stream&rscd=attachment%3B%20filename%2A%3DUTF-8%27%27Kingfisher%2520GF.png","Staged showhome interior space."
"Hazel Meadows","The Kingfisher · Plot 5","3","https://www.countrysidehomes.com/developments/yorkshire/hazel-meadows-knottingley/home-0005","images/fa4022edfa1b93114d6a6d79ce6e4bbf176d2681deb87c7c1fd2f4b6c480b2f0.png","https://mvdataappstorageeunlprod.blob.core.windows.net/medialibrary-34218e3cae6c4041a23eb8b1cf91be27/44d29b38272647fcb06577ff7da2b371/44d29b38272647fcb06577ff7da2b371/Original/Kingfisher%20FF.png?sv=2017-04-17&sr=b&si=202008111744&sig=wyBec%2BLqJ%2BpxeyLs8ILNHjS55OqNrXExoS6q94LPfMY%3D&st=0001-01-01T00%3A00%3A00Z&se=2036-03-11T01%3A04%3A45Z&rsct=application%2Foctet-stream&rscd=attachment%3B%20filename%2A%3DUTF-8%27%27Kingfisher%2520FF.png","Staged showhome interior space."
"Hazel Meadows","The Skylark · Plot 139","4","https://www.countrysidehomes.com/developments/yorkshire/hazel-meadows-knottingley/home-0139","images/541e0dc8602193bd188d261971390a9f7415c31216f03d805c88fe0603255309.jpg","https://cdn.mediavalet.com/eunl/vistry-dam/wEg3UdA1QU-VBUq5Jvf7fw/jzvj7EOT5k-obnrDCYc8yw/Custom/Hazel%20Meadows%20Skylark.jpg","Staged showhome interior space."
"Hazel Meadows","The Skylark · Plot 139","4","https://www.countrysidehomes.com/developments/yorkshire/hazel-meadows-knottingley/home-0139","images/c898e8c1e161f5c29a09ba1c1ba0838edb6dea6e0fcb7974df62c72c79c6f88d.png","https://mvdataappstorageeunlprod.blob.core.windows.net/medialibrary-34218e3cae6c4041a23eb8b1cf91be27/b09d96cb088747bbbb76ab21b2c4422a/b09d96cb088747bbbb76ab21b2c4422a/Original/Skylark%20GF.png?sv=2017-04-17&sr=b&si=202008111744&sig=Gr%2BwdLpS0ky3ol5FeF4m1WyAIeSw3Gi4F54krYvP%2Fe4%3D&st=0001-01-01T00%3A00%3A00Z&se=2036-03-11T01%3A28%3A58Z&rsct=application%2Foctet-stream&rscd=attachment%3B%20filename%2A%3DUTF-8%27%27Skylark%2520GF.png","Staged showhome interior space."
"Hazel Meadows","The Skylark · Plot 139","4","https://www.countrysidehomes.com/developments/yorkshire/hazel-meadows-knottingley/home-0139","images/659563acba21518180c059bdced9053e860eba37a7adeb1b24c0dcf916dc498b.png","https://mvdataappstorageeunlprod.blob.core.windows.net/medialibrary-34218e3cae6c4041a23eb8b1cf91be27/46f82727b2a346b48439265589091590/46f82727b2a346b48439265589091590/Original/Skylark%20FF.png?sv=2017-04-17&sr=b&si=202008111744&sig=JbeGHywJucg5PLx4dBmJPJ1kDMy4dwTZWeemlN4yJkA%3D&st=0001-01-01T00%3A00%3A00Z&se=2036-03-11T01%3A28%3A58Z&rsct=application%2Foctet-stream&rscd=attachment%3B%20filename%2A%3DUTF-8%27%27Skylark%2520FF.png","Staged showhome interior space."
"Hazel Meadows","The Darland · Plot 3","2","https://www.countrysidehomes.com/developments/yorkshire/hazel-meadows-knottingley/home-0003","images/d7bac123d3bd0994fc7f2f99d28ec4bbbe7c6a206744811189f3bbb1a7a7a639.jpg","https://cdn.mediavalet.com/eunl/vistry-dam/b_5WTlciJUK_ZtLQ3hWqKg/D7SLuk-iG0CJUxE8N3aHyw/Custom/HT%20Darland%20Plots%2099-101%20-%20LOW.jpg","Staged showhome interior space."
"Hazel Meadows","The Darland · Plot 3","2","https://www.countrysidehomes.com/developments/yorkshire/hazel-meadows-knottingley/home-0003","images/aaa7d8b49dd12731fa3e85150eec6c974818630d78c2340d58addfcdfcce5089.png","https://mvdataappstorageeunlprod.blob.core.windows.net/medialibrary-34218e3cae6c4041a23eb8b1cf91be27/85939fccd21344d3a2e25514b14733fa/85939fccd21344d3a2e25514b14733fa/Original/Darland%20GF.png?sv=2017-04-17&sr=b&si=202008111744&sig=tbXVc97bkjAxo%2FHIMaWlZjwzDH%2BoA27w3Ii0RnOU2VQ%3D&st=0001-01-01T00%3A00%3A00Z&se=2036-03-11T19%3A21%3A45Z&rsct=application%2Foctet-stream&rscd=attachment%3B%20filename%2A%3DUTF-8%27%27Darland%2520GF.png","Staged showhome interior space."
"Hazel Meadows","The Darland · Plot 3","2","https://www.countrysidehomes.com/developments/yorkshire/hazel-meadows-knottingley/home-0003","images/5da840bca4cd84dfc69f24dcb3b383723deb1cc000d372060a2665608a641703.png","https://mvdataappstorageeunlprod.blob.core.windows.net/medialibrary-34218e3cae6c4041a23eb8b1cf91be27/74fb3308189c473288d4f3f344240209/74fb3308189c473288d4f3f344240209/Original/Darland%20FF.png?sv=2017-04-17&sr=b&si=202008111744&sig=xwhCCWjPCzH5rW1dXdTcx3fUCznkTBzfrEoVnuIdtQI%3D&st=0001-01-01T00%3A00%3A00Z&se=2036-03-11T19%3A21%3A45Z&rsct=application%2Foctet-stream&rscd=attachment%3B%20filename%2A%3DUTF-8%27%27Darland%2520FF.png","Staged showhome interior space."
"Hazel Meadows","The Curlew · Plot 174","2","https://www.countrysidehomes.com/developments/yorkshire/hazel-meadows-knottingley/home-0174","images/83117027eda81f2d257a79a59ccd617ef52ff111f059020030f053231b7307c6.jpg","https://cdn.mediavalet.com/eunl/vistry-dam/bcM649BcLU-IaHxW0vkwgA/sDPd04ED50KKjnoZY2ALVA/Custom/HT%20Curlew%20Plots%2069-71%20-%20LOW.jpg","Staged showhome interior space."
"Hazel Meadows","The Curlew · Plot 174","2","https://www.countrysidehomes.com/developments/yorkshire/hazel-meadows-knottingley/home-0174","images/e240c55711ca7531d9b9045ce8a0428be4194dbe19a21fb7fc50df9e6b3f5cfc.jpg","https://cdn.mediavalet.com/eunl/vistry-dam/VXQDAkN-lkWtSjviS_2wEg/lcYonTl6-EmjYW4QgnLy7Q/Custom/Oakham%20Dining%20Living.jpg","Staged showhome kitchen."
"Hazel Meadows","The Curlew · Plot 174","2","https://www.countrysidehomes.com/developments/yorkshire/hazel-meadows-knottingley/home-0174","images/ebf8bc283d3a9eb3e1de4aad71bbb0ac3dff32124c78199e8ae180f901aa9635.jpg","https://cdn.mediavalet.com/eunl/vistry-dam/cveF2NPhcE2osFzP8qyfkg/lKt5Np6EU0KjzibLJ7Sw7w/Custom/Oakham%20Kitchen.jpg","Staged showhome kitchen."
"Hazel Meadows","The Curlew · Plot 174","2","https://www.countrysidehomes.com/developments/yorkshire/hazel-meadows-knottingley/home-0174","images/b4bceb02259234bf70b64ee1c730808d8e28aa9b6ecb121bbd62185e5b56dd1d.jpg","https://cdn.mediavalet.com/eunl/vistry-dam/9-dSqvjETUWjjVESZ2nPQw/WaUJ6L_BcUy5siQ8RL8LKA/Custom/Oakham%20Open%20Plan.jpg","Staged showhome interior space."
"Hazel Meadows","The Curlew · Plot 174","2","https://www.countrysidehomes.com/developments/yorkshire/hazel-meadows-knottingley/home-0174","images/95d828da92064d0d1a85124f046f20d0dadee55942fd672970c765febaa9c890.jpg","https://cdn.mediavalet.com/eunl/vistry-dam/oiZUXC77AkOA-upw2Cf79w/AFpHyqVAPEmtZfYXn8dIOg/Custom/Rivers%20Edge-New%20Stamford-BR2.jpg","Staged showhome interior space."
"Hazel Meadows","The Curlew · Plot 174","2","https://www.countrysidehomes.com/developments/yorkshire/hazel-meadows-knottingley/home-0174","images/fcc138228056d09a5324f834bee53dfe57f75e9a21a5b8d94eed0eb67d4ac31b.jpg","https://cdn.mediavalet.com/eunl/vistry-dam/u10YxfhGSEq-uRveI7ZSqQ/VaQR2uRHOk-SJ8GuDxMRnQ/Custom/Ash%20Bank%20Heights-032_Retouched.jpg","Staged showhome interior space."
"Hazel Meadows","The Curlew · Plot 174","2","https://www.countrysidehomes.com/developments/yorkshire/hazel-meadows-knottingley/home-0174","images/38999c504581544f551743ac956b643bac2021e3400bd0e3b1280db2a30ebd92.jpg","https://cdn.mediavalet.com/eunl/vistry-dam/CE7T8SmHZ06Nccc_wKma1A/2NjLW6bogESzMwgv3x61Tg/Custom/06%20-%20Lutwidge%20-%20Bathroom.jpg","Staged showhome bathroom."
"Hazel Meadows","The Curlew · Plot 174","2","https://www.countrysidehomes.com/developments/yorkshire/hazel-meadows-knottingley/home-0174","images/33854e2065c7755549ce6861be01549aa08c348b9991da8da663641481579c9a.png","https://mvdataappstorageeunlprod.blob.core.windows.net/medialibrary-34218e3cae6c4041a23eb8b1cf91be27/a09c845da69f4f189763a62d87b3b872/a09c845da69f4f189763a62d87b3b872/Original/Curlew%20GF.png?sv=2017-04-17&sr=b&si=202008111744&sig=UzAPRu9knWnw2kUZspmj1077KJyYPut4b2CesBhLmb8%3D&st=0001-01-01T00%3A00%3A00Z&se=2036-04-27T20%3A35%3A56Z&rsct=application%2Foctet-stream&rscd=attachment%3B%20filename%2A%3DUTF-8%27%27Curlew%2520GF.png","Staged showhome interior space."
"Hazel Meadows","The Curlew · Plot 174","2","https://www.countrysidehomes.com/developments/yorkshire/hazel-meadows-knottingley/home-0174","images/a5a0e66ec7291f65c9c61da43f3becedf0620d602a6abf69c633fb0e5e2b9013.png","https://mvdataappstorageeunlprod.blob.core.windows.net/medialibrary-34218e3cae6c4041a23eb8b1cf91be27/cdfcfaec67254573955fd8a14ecb0852/cdfcfaec67254573955fd8a14ecb0852/Original/Curlew%20FF.png?sv=2017-04-17&sr=b&si=202008111744&sig=tdNwViuqdJ2YX2DDyRZ1MaFs31wCteT2YUvGw%2BIFONY%3D&st=0001-01-01T00%3A00%3A00Z&se=2036-04-27T20%3A35%3A56Z&rsct=application%2Foctet-stream&rscd=attachment%3B%20filename%2A%3DUTF-8%27%27Curlew%2520FF.png","Staged showhome interior space."
"Hazel Meadows","The Dunlin · Plot 173","2","https://www.countrysidehomes.com/developments/yorkshire/hazel-meadows-knottingley/home-0173","images/fbeacfec85bfa00127bfa9efcee52c45334532d3a48d19cc98dbe8efc716839d.jpg","https://cdn.mediavalet.com/eunl/vistry-dam/29s3ajZgwkiepHizb6ESPA/4XcYXcl2rU-YIDlP24iCZg/Custom/HM%20Dunlin%20870%20x%20573.jpg","Staged showhome interior space."
"Hazel Meadows","The Dunlin · Plot 173","2","https://www.countrysidehomes.com/developments/yorkshire/hazel-meadows-knottingley/home-0173","images/9ffa9ae936ba3e9108d94dc7377e8e8229bd514fd6db5ce911d740e44bac4cbc.png","https://mvdataappstorageeunlprod.blob.core.windows.net/medialibrary-34218e3cae6c4041a23eb8b1cf91be27/6353a651016944bb956155371a799723/6353a651016944bb956155371a799723/Original/Dunlin%20GF.png?sv=2017-04-17&sr=b&si=202008111744&sig=%2BwAa%2BSpwn1fxaPK%2B%2FUzxgamJd5ZtG3fWVhCk3MWkMKc%3D&st=1852-09-04T19%3A47%3A45Z&se=2036-03-11T23%3A49%3A50Z&rsct=application%2Foctet-stream&rscd=attachment%3B%20filename%2A%3DUTF-8%27%27Dunlin%2520GF.png","Staged showhome interior space."
"Hazel Meadows","The Dunlin · Plot 173","2","https://www.countrysidehomes.com/developments/yorkshire/hazel-meadows-knottingley/home-0173","images/a4ccc0bf892f62a58e16f9a3ac6b77ede440f8b6d0dc8be70abf843bd4c48f8e.png","https://mvdataappstorageeunlprod.blob.core.windows.net/medialibrary-34218e3cae6c4041a23eb8b1cf91be27/4f01ca403e1a4546a29e7354d9f318af/4f01ca403e1a4546a29e7354d9f318af/Original/Dunlin%20FF.png?sv=2017-04-17&sr=b&si=202008111744&sig=aAKJ75V2xS51z4nldxNmlutFawt655lj4V7j1atxW7o%3D&st=0157-05-28T01%3A33%3A52Z&se=2036-03-11T23%3A49%3A10Z&rsct=application%2Foctet-stream&rscd=attachment%3B%20filename%2A%3DUTF-8%27%27Dunlin%2520FF.png","Staged showhome interior space."
"Hazel Meadows","Hazel Meadows development gallery","","https://www.countrysidehomes.com/developments/yorkshire/hazel-meadows-knottingley","images/9b85621bf16d78892ead0c72a37bb881fd85beb76fd707e122fea453fcdd1cd6.jpg","https://cdn.mediavalet.com/eunl/vistry-dam/8lqK35Rug0CmTcSMTpugNA/mFLZxxR5WkucoZ8WuF6KWQ/Custom/004%20Vistry_Countryside_KensingtonFields_Kingfisher_Web.jpg","Staged showhome interior space."
"Hazel Meadows","Hazel Meadows development gallery","","https://www.countrysidehomes.com/developments/yorkshire/hazel-meadows-knottingley","images/80c60fd1a4ee8a836dd89b6933ab02cf56dcca2826aff547f177e43e800a8ef8.jpg","https://cdn.mediavalet.com/eunl/vistry-dam/besGxNDslEihKlT55LVgug/FnUWaVPAzkufQq5QOVjHAg/Custom/CH%205%20Star%20Builder.jpg","Staged showhome interior space."
"Hazel Meadows","Hazel Meadows development gallery","","https://www.countrysidehomes.com/developments/yorkshire/hazel-meadows-knottingley","images/2bf9f6905b6a6661ebdeca2be09bceaeaa405ec3fb0161dac8ade36f1bc05434.jpg","https://cdn.mediavalet.com/eunl/vistry-dam/wMrEsnzbk0CPlf4Rw3ikmQ/DTjWp3sMiEurNvQqt4822g/Custom/018%20Vistry_Countryside_KensingtonFields_Kingfisher_Web.jpg","Staged showhome interior space."
"Coppice Hill","Coppice Hill development gallery","","https://www.countrysidehomes.com/developments/bedfordshire/coppice-hill-houghton-regis","images/ba7db1dd690603a8306313705f703d65f4020ec681b46b8f66181d495983aacd.jpg","https://cdn.mediavalet.com/eunl/vistry-dam/XV1VvL2r9kyXSw_8kUGBfg/BvncuUXFDE-DWPoqTXK50A/Custom/DS16812_18NHC_CH_CoppiceHill_1280x853_pf1.jpg","Staged showhome interior space."
"Coppice Hill","Coppice Hill development gallery","","https://www.countrysidehomes.com/developments/bedfordshire/coppice-hill-houghton-regis","images/423b326f69e6431595bb41757ebea40c6ee94dafb29e6d2ccdb9031fe3b5f737.jpg","https://cdn.mediavalet.com/eunl/vistry-dam/2yVucAh140Wp1owq0L6QCQ/CscoQ5dueEuxrcVW4ezpCg/Custom/coppice_hill_01.jpg","Staged showhome interior space."
"Coppice Hill","Coppice Hill development gallery","","https://www.countrysidehomes.com/developments/bedfordshire/coppice-hill-houghton-regis","images/f0e531512c6e44709dd8f5ac17bf6bebcd28e77431ab95a9cbe65d3d1143bf24.jpg","https://cdn.mediavalet.com/eunl/vistry-dam/YKVb9mJfNkGYl6qeF3bhxA/gYq2m4e_i0OtbUf3y4rNHA/Custom/Coppice%20Hill%2005.jpg","Staged showhome interior space."
"Coppice Hill","Coppice Hill development gallery","","https://www.countrysidehomes.com/developments/bedfordshire/coppice-hill-houghton-regis","images/77131f963e71ceb0705cbdd944c0b2f6e94255cb6834d5651c965d28cad26cd3.jpg","https://cdn.mediavalet.com/eunl/vistry-dam/Ci6mhTh4HkeAvU6Cv3TpFg/aiS2Rawh80KTStGUS33zxg/Custom/BH%20Energy%20campaign%2021%201280x853.jpg","Staged showhome interior space."
"Coppice Hill","Coppice Hill development gallery","","https://www.countrysidehomes.com/developments/bedfordshire/coppice-hill-houghton-regis","images/660499e16d97a6cd3d4912aaebec3ef2d36cc0bd5b148c01f718b28e30487540.jpg","https://cdn.mediavalet.com/eunl/vistry-dam/BIIw84PWgEm0ULsvx57hVw/aWHF_FNmeEqlGH_UtZNiag/Custom/dunham_05.jpg","Staged showhome interior space."
"Coppice Hill","Coppice Hill development gallery","","https://www.countrysidehomes.com/developments/bedfordshire/coppice-hill-houghton-regis","images/c235b7e944e53e440cb50575a5ac0cba4cdff15b97c8e9cfc9b9e57edfc02db2.jpg","https://cdn.mediavalet.com/eunl/vistry-dam/64Ui0qmuQ0uGZB9aUNjK6A/MTR5JVC12UuoQ6CkY-aWBw/Custom/dunham_20.jpg","Staged showhome interior space."
"Coppice Hill","Coppice Hill development gallery","","https://www.countrysidehomes.com/developments/bedfordshire/coppice-hill-houghton-regis","images/2d130eef8431da7b463758115868d1f5fcbc8f381805dde191e3a182bb7ea038.jpg","https://cdn.mediavalet.com/eunl/vistry-dam/jcJSIqTrW0yGqjSpWzjh-Q/9wGxfCsOQ0KYwV80OhZOsw/Custom/stratford_03.jpg","Staged showhome interior space."
"Coopers Hill","Coopers Hill development gallery","","https://www.countrysidehomes.com/developments/berkshire/coopers-hill-bracknell","images/9f60931823caeb08e424edd8da6e0a0e758c72b52a8eb9b08d651b64a16571dc.jpg","https://cdn.mediavalet.com/eunl/vistry-dam/6v5kz88wyE2EnIp_TMCdvw/tnQey4yj-UmcnY6UAvoN9Q/Custom/_SJH2443.jpg","Staged showhome interior space."
"Coopers Hill","Coopers Hill development gallery","","https://www.countrysidehomes.com/developments/berkshire/coopers-hill-bracknell","images/dbe558220c1b3e42720a9d652e62f6b4041473a363aed64e643c753ba3724930.jpg","https://cdn.mediavalet.com/eunl/vistry-dam/YuvR46jPv0eMFQBvD1vkTQ/0d99Y9iJI06_TMZ-Rea2Mg/Custom/SJH_6862.jpg","Staged showhome interior space."
"Coopers Hill","Coopers Hill development gallery","","https://www.countrysidehomes.com/developments/berkshire/coopers-hill-bracknell","images/8dde35083817213853bab9abd7f6825ab1a93b7fa9766d41a96ca1271a27a771.jpg","https://cdn.mediavalet.com/eunl/vistry-dam/CUSATuakd0GztISNNLEJDg/1DCSWF3PSkafNGjSgHx5EA/Custom/SJH_6674-Edit-Edit-2-Edit.jpg","Staged showhome interior space."
"Coopers Hill","Coopers Hill development gallery","","https://www.countrysidehomes.com/developments/berkshire/coopers-hill-bracknell","images/4ef58d4a683f89ae198093055a04729234ef15c042728818b39e9d4b87e96189.jpg","https://cdn.mediavalet.com/eunl/vistry-dam/0ZW-63eTsUiDWg5ij_mNhA/01JmRWi5kkWzgtW0Tfx7Mg/Custom/SJH_6853.jpg","Staged showhome interior space."
"Coopers Hill","Coopers Hill development gallery","","https://www.countrysidehomes.com/developments/berkshire/coopers-hill-bracknell","images/099eceb56251310c1351806ae7f9b9da9159cfe5ae8066c30dd4f7566dc9d517.jpg","https://cdn.mediavalet.com/eunl/vistry-dam/QfGRlDLRekWYlI_XCG4UNg/aTZ5XngoA06tCWQvI-tfyA/Custom/Coopers_Hill_5_Crowthorne_Road_North40.jpg","Staged showhome interior space."
"Coopers Hill","Coopers Hill development gallery","","https://www.countrysidehomes.com/developments/berkshire/coopers-hill-bracknell","images/83c87bbbe484abe04885573ea94b1f19ee4a87016993bfe1c8407f842899e497.jpg","https://cdn.mediavalet.com/eunl/vistry-dam/s1I4lTU4j0CBr4dHFQJW5Q/X_QC7WUJHkyKJIPBW7DYdA/Custom/SJH_6646-Edit-Edit.jpg","Staged showhome interior space."
"Coopers Hill","Coopers Hill development gallery","","https://www.countrysidehomes.com/developments/berkshire/coopers-hill-bracknell","images/4cedb187fd1e9b996dbdd6ae32ddb4fedbc65eba47913164c48be233ba965f09.jpg","https://cdn.mediavalet.com/eunl/vistry-dam/Ra34FWDKuU-XhkuY8tt7uw/WuZmD3Jsz0Ocf9bcvuOiEA/Custom/SJH_6620-Edit-Edit-Edit.jpg","Staged showhome interior space."
"Coopers Hill","Coopers Hill development gallery","","https://www.countrysidehomes.com/developments/berkshire/coopers-hill-bracknell","images/96075d64c155d273e0a86050ed7a7f7a060b4ed2e35e9d2a091d2db5cd2796ef.jpg","https://cdn.mediavalet.com/eunl/vistry-dam/h0TgW4P2pk2WkrKldUZS7g/StDBSY6zMEG_X4YSFGyR_A/Custom/Coopers_Hill_5_Crowthorne_Road_North7.jpg","Staged showhome interior space."
"Coopers Hill","Coopers Hill development gallery","","https://www.countrysidehomes.com/developments/berkshire/coopers-hill-bracknell","images/f959798ded087b4f605994d2f6a8a0d7fb7879aca932a8463209fec15e21b5cf.jpg","https://cdn.mediavalet.com/eunl/vistry-dam/JwqI-rBz2kefFRSdjTpQHg/YQwHfb7jkkqWo-Lmeb9nhw/Custom/SJH_6800.jpg","Staged showhome interior space."
"Coopers Hill","Coopers Hill development gallery","","https://www.countrysidehomes.com/developments/berkshire/coopers-hill-bracknell","images/2dad937d9efb0e33bdd3a4354171cea51cda89ed60ecdd1f7e907a045d2e74ff.jpg","https://cdn.mediavalet.com/eunl/vistry-dam/Y5adx6BFZU2BQj2JSAjiOw/TcwgEUMrMUK4IyPaU-JRvw/Custom/SJH_6562-Edit-Edit.jpg","Staged showhome interior space."
"Coopers Hill","Coopers Hill development gallery","","https://www.countrysidehomes.com/developments/berkshire/coopers-hill-bracknell","images/002d1a777ebfa89d2407497fd33decfec08aaeb7987df48ef5a369f66289e546.jpg","https://cdn.mediavalet.com/eunl/vistry-dam/k2zafsH6C02M3L9eJ7uOdQ/SYXqHUfaNEWbE4lRhO977g/Custom/SJH_6722-Edit-Edit.jpg","Staged showhome interior space."
"Coopers Hill","Coopers Hill development gallery","","https://www.countrysidehomes.com/developments/berkshire/coopers-hill-bracknell","images/1114f8f99a4b6076457d7c8c3f782c268e95f7fb8aa389386555e46b87c058e9.jpg","https://cdn.mediavalet.com/eunl/vistry-dam/lAIxKt-uGUepSiFOZNSS9Q/uTkKF3y2jE239r_aF69Nkw/Custom/Coopers_Hill_5_Crowthorne_Road_North13.jpg","Staged showhome interior space."
"Fletton Folly","The New Stamford · Plot 236","3","https://www.countrysidehomes.com/developments/cambridgeshire/fletton-folly-great-haddon/home-0236","images/e69b35165efde8844d7e2c6ce648d76d93866decab3ba68a9ab8b31e362e0d0c.jpg","https://cdn.mediavalet.com/eunl/vistry-dam/d5jfX0ILT0GmGCFBPUY_3A/WPNfxEdBYE6DkfcVMFUrTg/Custom/New%20Stamford_Housetype_Plot_-_Hero_860x573%20%281%29%20Fletton%20Folly%2031%20July%202026.jpg","Staged showhome interior space."
"Fletton Folly","The New Stamford · Plot 236","3","https://www.countrysidehomes.com/developments/cambridgeshire/fletton-folly-great-haddon/home-0236","images/7179b48542497e10309f1cf6fd85e3867042c0a546efa60a287d31fa4b3c9796.jpg","https://cdn.mediavalet.com/eunl/vistry-dam/INrsy3sIxEqvEiLOz_6s2A/WIj2-lxpjkCljO6z8QAnhA/Custom/The%20New%20Stamford%20image%206%20NEW.jpg","Staged showhome interior space."
"Fletton Folly","The New Stamford · Plot 236","3","https://www.countrysidehomes.com/developments/cambridgeshire/fletton-folly-great-haddon/home-0236","images/4b4a4f0462d3945ba5d6205ad3a195d3293929ca98964026d22b733b23374790.jpg","https://cdn.mediavalet.com/eunl/vistry-dam/UthijPJBuEWBrN8IWba24w/BquhlV1fqEiqdb2d8J1zPA/Custom/Rivers%20Edge-New%20Stamford-BR.jpg","Staged showhome interior space."
"Fletton Folly","The New Stamford · Plot 236","3","https://www.countrysidehomes.com/developments/cambridgeshire/fletton-folly-great-haddon/home-0236","images/83905c80d612d28028bd984c9a5ed5dfa40913dbaf55c04170040a902ed8ddce.jpg","https://cdn.mediavalet.com/eunl/vistry-dam/vIXc5E1_W0KULHUOacTpWw/F57PZ6ispkOx74-f6QPoKQ/Custom/New%20Stamford-011.jpg","Staged showhome interior space."
"Fletton Folly","The New Stamford · Plot 236","3","https://www.countrysidehomes.com/developments/cambridgeshire/fletton-folly-great-haddon/home-0236","images/5702a9e3277d92cd4e764aeff5dfe31b16b32f7997fa17f8e423dbc16937aab8.jpg","https://mvdataappstorageeunlprod.blob.core.windows.net/medialibrary-34218e3cae6c4041a23eb8b1cf91be27/a2ba5515757249f9bc6699d85e8ab701/a2ba5515757249f9bc6699d85e8ab701/Original/coppenhall-place-new-stamford-first-floor.jpg?sv=2017-04-17&sr=b&si=202008111744&sig=RInzs6tWbKsKJjkFil8GHcAdBhJK%2BqzmUdKxrtrQ18U%3D&st=1737-07-05T09%3A38%3A07Z&se=2036-02-12T01%3A16%3A07Z&rsct=application%2Foctet-stream&rscd=attachment%3B%20filename%2A%3DUTF-8%27%27coppenhall-place-new-stamford-first-floor.jpg","Staged showhome interior space."
"Fletton Folly","The New Stamford · Plot 236","3","https://www.countrysidehomes.com/developments/cambridgeshire/fletton-folly-great-haddon/home-0236","images/371177f73c5348a2b2793860c7f008721c0ac0628acb31f423b0bbbe1556b53a.jpg","https://mvdataappstorageeunlprod.blob.core.windows.net/medialibrary-34218e3cae6c4041a23eb8b1cf91be27/d59bc96bb6ff4115865ab58eaddaa2f1/d59bc96bb6ff4115865ab58eaddaa2f1/Original/coppenhall-place-new-stamford-second-floor.jpg?sv=2017-04-17&sr=b&si=202008111744&sig=U6DDEM38Fd%2BBpuOTi%2F1DBYWxfXS1PS0omDmFYL0tjns%3D&st=0001-01-01T00%3A00%3A00Z&se=2036-07-16T23%3A55%3A29Z&rsct=application%2Foctet-stream&rscd=attachment%3B%20filename%2A%3DUTF-8%27%27coppenhall-place-new-stamford-second-floor.jpg","Staged showhome interior space."
"Fletton Folly","The New Stamford · Plot 235","3","https://www.countrysidehomes.com/developments/cambridgeshire/fletton-folly-great-haddon/home-0235","images/e69b35165efde8844d7e2c6ce648d76d93866decab3ba68a9ab8b31e362e0d0c.jpg","https://cdn.mediavalet.com/eunl/vistry-dam/d5jfX0ILT0GmGCFBPUY_3A/WPNfxEdBYE6DkfcVMFUrTg/Custom/New%20Stamford_Housetype_Plot_-_Hero_860x573%20%281%29%20Fletton%20Folly%2031%20July%202026.jpg","Staged showhome interior space."
"Fletton Folly","The New Stamford · Plot 235","3","https://www.countrysidehomes.com/developments/cambridgeshire/fletton-folly-great-haddon/home-0235","images/7179b48542497e10309f1cf6fd85e3867042c0a546efa60a287d31fa4b3c9796.jpg","https://cdn.mediavalet.com/eunl/vistry-dam/INrsy3sIxEqvEiLOz_6s2A/WIj2-lxpjkCljO6z8QAnhA/Custom/The%20New%20Stamford%20image%206%20NEW.jpg","Staged showhome interior space."
"Fletton Folly","The New Stamford · Plot 235","3","https://www.countrysidehomes.com/developments/cambridgeshire/fletton-folly-great-haddon/home-0235","images/4b4a4f0462d3945ba5d6205ad3a195d3293929ca98964026d22b733b23374790.jpg","https://cdn.mediavalet.com/eunl/vistry-dam/UthijPJBuEWBrN8IWba24w/BquhlV1fqEiqdb2d8J1zPA/Custom/Rivers%20Edge-New%20Stamford-BR.jpg","Staged showhome interior space."
"Fletton Folly","The New Stamford · Plot 235","3","https://www.countrysidehomes.com/developments/cambridgeshire/fletton-folly-great-haddon/home-0235","images/83905c80d612d28028bd984c9a5ed5dfa40913dbaf55c04170040a902ed8ddce.jpg","https://cdn.mediavalet.com/eunl/vistry-dam/vIXc5E1_W0KULHUOacTpWw/F57PZ6ispkOx74-f6QPoKQ/Custom/New%20Stamford-011.jpg","Staged showhome interior space."
"Fletton Folly","The New Stamford · Plot 235","3","https://www.countrysidehomes.com/developments/cambridgeshire/fletton-folly-great-haddon/home-0235","images/5702a9e3277d92cd4e764aeff5dfe31b16b32f7997fa17f8e423dbc16937aab8.jpg","https://mvdataappstorageeunlprod.blob.core.windows.net/medialibrary-34218e3cae6c4041a23eb8b1cf91be27/a2ba5515757249f9bc6699d85e8ab701/a2ba5515757249f9bc6699d85e8ab701/Original/coppenhall-place-new-stamford-first-floor.jpg?sv=2017-04-17&sr=b&si=202008111744&sig=RInzs6tWbKsKJjkFil8GHcAdBhJK%2BqzmUdKxrtrQ18U%3D&st=1737-07-05T09%3A38%3A07Z&se=2036-02-12T01%3A16%3A07Z&rsct=application%2Foctet-stream&rscd=attachment%3B%20filename%2A%3DUTF-8%27%27coppenhall-place-new-stamford-first-floor.jpg","Staged showhome interior space."
"Fletton Folly","The New Stamford · Plot 235","3","https://www.countrysidehomes.com/developments/cambridgeshire/fletton-folly-great-haddon/home-0235","images/fe2b6f4a718612a0b94bfa1cde39b3ec0ddff775749da26d424f650d1b55dd43.jpg","https://mvdataappstorageeunlprod.blob.core.windows.net/medialibrary-34218e3cae6c4041a23eb8b1cf91be27/9c10a8e97ab547bdb46f07e23c175071/9c10a8e97ab547bdb46f07e23c175071/Original/_0006_fletton-folly-new-stamford-second-floor.jpg?sv=2017-04-17&sr=b&si=202008111744&sig=PGILYHhRe4vk0qSH%2BeZKbE9OMkt16dEAJPWKzsEmaGY%3D&st=1298-08-31T13%3A23%3A33Z&se=2036-02-12T01%3A18%3A40Z&rsct=application%2Foctet-stream&rscd=attachment%3B%20filename%2A%3DUTF-8%27%27_0006_fletton-folly-new-stamford-second-floor.jpg","Staged showhome interior space."
"Fletton Folly","The Birkdale · Plot 340","3","https://www.countrysidehomes.com/developments/cambridgeshire/fletton-folly-great-haddon/home-0340","images/fc7864da597bdc57010807638810a0a00981c5b005f88c4a81bdf79abf57a213.jpg","https://cdn.mediavalet.com/eunl/vistry-dam/2TTCEVsYSE2w-UIFwdaIMg/ng2yRGFzIUSjyhJSCXV2sw/Custom/Fletton%20Folly%20Plot%20137%20BIRKDALE_09-01-22_LR_Housetype_Plot_-_Hero_860x573%2020.8.26.jpg","Staged showhome interior space."
"Fletton Folly","The Birkdale · Plot 340","3","https://www.countrysidehomes.com/developments/cambridgeshire/fletton-folly-great-haddon/home-0340","images/dea19bf78cb79ca00561f05dac723df16520d519a1736bb5ad5684ae299a1491.jpg","https://cdn.mediavalet.com/eunl/vistry-dam/aNmue4gip0qW8xyUY_mZZQ/nSts4qX8P0CdUyHrdwbh2Q/Custom/Goshawk%20Indicative%20Kitchen.jpg","Staged showhome kitchen."
"Fletton Folly","The Birkdale · Plot 340","3","https://www.countrysidehomes.com/developments/cambridgeshire/fletton-folly-great-haddon/home-0340","images/7920569165c0f1f68ddc57e95eab85d728c81850afcd7a4b757e50b991a6be35.jpg","https://cdn.mediavalet.com/eunl/vistry-dam/1chf6L4fxECdZShM4V_u1w/38VpPRQ1eEeq_mEmaNsULA/Custom/The%20Bourne%20SA%20Bay%20Window%20Living%20Room%20Hero_860x573%2010th%20July%202026.jpg","Staged showhome living room."
"Fletton Folly","The Birkdale · Plot 340","3","https://www.countrysidehomes.com/developments/cambridgeshire/fletton-folly-great-haddon/home-0340","images/64c2de3ac2e689500f0a1603480a1dcc702d1739e0969faeaab74f7d83add7e1.jpg","https://cdn.mediavalet.com/eunl/vistry-dam/TFGGlFUfa0ee0mbGWR_rCQ/w0naiG7wGkC4ev20kttEog/Custom/BIRKDALE%20VARIANT%20FOR%20FLETTON%20FOLLY%2023%207%2026%20L-VICO-MYL.Mylne-OLDB-21-007_Housetype_Plot_-_Hero_860x573.jpg","Staged showhome interior space."
"Fletton Folly","The Birkdale · Plot 340","3","https://www.countrysidehomes.com/developments/cambridgeshire/fletton-folly-great-haddon/home-0340","images/1383041bad1b8edd92adaf138752c6934653b856bce2db7607b2b644989ca5c7.jpg","https://cdn.mediavalet.com/eunl/vistry-dam/ZZMwmpI1F0S-VUUEta1z6Q/pU2uP4aeRkm9YRTdfsazbg/Custom/BIRKDALE%20VARIANT%20FOR%20FLETTON%20FOLLY%2023%207%2026%20L-VICO-MYL.Mylne-GREO-21-009_Housetype_Plot_-_Hero_860x573.jpg","Staged showhome interior space."
"Fletton Folly","The Birkdale · Plot 340","3","https://www.countrysidehomes.com/developments/cambridgeshire/fletton-folly-great-haddon/home-0340","images/b21825ffb8144e41f5b6e4d7527e81fc7a54e6136a6a5244bccd6f5a43abea8b.jpg","https://mvdataappstorageeunlprod.blob.core.windows.net/medialibrary-34218e3cae6c4041a23eb8b1cf91be27-r/3415a32a0b014736a388e226994ee1b9/3415a32a0b014736a388e226994ee1b9/Large/_0031_fletton-folly-birkdale-first-floor.jpg?sv=2017-04-17&sr=b&si=202008111853&sig=CX2fuvW5%2FtZEkRObOnxt4warl0NyM4%2FMNyiyMFV%2Bq4g%3D&st=0152-05-19T05%3A15%3A40Z&se=2034-10-25T22%3A18%3A28Z","Staged showhome interior space."
"Fletton Folly","The Birkdale · Plot 347","3","https://www.countrysidehomes.com/developments/cambridgeshire/fletton-folly-great-haddon/home-0347","images/1383041bad1b8edd92adaf138752c6934653b856bce2db7607b2b644989ca5c7.jpg","https://cdn.mediavalet.com/eunl/vistry-dam/ZZMwmpI1F0S-VUUEta1z6Q/pU2uP4aeRkm9YRTdfsazbg/Custom/BIRKDALE%20VARIANT%20FOR%20FLETTON%20FOLLY%2023%207%2026%20L-VICO-MYL.Mylne-GREO-21-009_Housetype_Plot_-_Hero_860x573.jpg","Staged showhome interior space."
"Fletton Folly","The Birkdale · Plot 347","3","https://www.countrysidehomes.com/developments/cambridgeshire/fletton-folly-great-haddon/home-0347","images/64c2de3ac2e689500f0a1603480a1dcc702d1739e0969faeaab74f7d83add7e1.jpg","https://cdn.mediavalet.com/eunl/vistry-dam/TFGGlFUfa0ee0mbGWR_rCQ/w0naiG7wGkC4ev20kttEog/Custom/BIRKDALE%20VARIANT%20FOR%20FLETTON%20FOLLY%2023%207%2026%20L-VICO-MYL.Mylne-OLDB-21-007_Housetype_Plot_-_Hero_860x573.jpg","Staged showhome interior space."
"Fletton Folly","The Birkdale · Plot 347","3","https://www.countrysidehomes.com/developments/cambridgeshire/fletton-folly-great-haddon/home-0347","images/fc7864da597bdc57010807638810a0a00981c5b005f88c4a81bdf79abf57a213.jpg","https://cdn.mediavalet.com/eunl/vistry-dam/2TTCEVsYSE2w-UIFwdaIMg/ng2yRGFzIUSjyhJSCXV2sw/Custom/Fletton%20Folly%20Plot%20137%20BIRKDALE_09-01-22_LR_Housetype_Plot_-_Hero_860x573%2020.8.26.jpg","Staged showhome interior space."
"Fletton Folly","The Birkdale · Plot 347","3","https://www.countrysidehomes.com/developments/cambridgeshire/fletton-folly-great-haddon/home-0347","images/b21825ffb8144e41f5b6e4d7527e81fc7a54e6136a6a5244bccd6f5a43abea8b.jpg","https://mvdataappstorageeunlprod.blob.core.windows.net/medialibrary-34218e3cae6c4041a23eb8b1cf91be27-r/3415a32a0b014736a388e226994ee1b9/3415a32a0b014736a388e226994ee1b9/Large/_0031_fletton-folly-birkdale-first-floor.jpg?sv=2017-04-17&sr=b&si=202008111853&sig=CX2fuvW5%2FtZEkRObOnxt4warl0NyM4%2FMNyiyMFV%2Bq4g%3D&st=0152-05-19T05%3A15%3A40Z&se=2034-10-25T22%3A18%3A28Z","Staged showhome interior space."
"Fletton Folly","The Lymington · Plot 345","4","https://www.countrysidehomes.com/developments/cambridgeshire/fletton-folly-great-haddon/home-0345","images/9332d4aef1714c2be6b3ce7986d1f4410954bf31b5edf51e910196ba8c6f18aa.jpg","https://cdn.mediavalet.com/eunl/vistry-dam/fbBDdqmaq0asTwXWpJ6wBA/gVoI-KIQQ0SR31LcKlyPrQ/Custom/Baberton%20Grange007.jpg","Staged showhome interior space."
"Fletton Folly","The Lymington · Plot 345","4","https://www.countrysidehomes.com/developments/cambridgeshire/fletton-folly-great-haddon/home-0345","images/03afcaa1af2c68a8873809996da4c4e6e3d3b58dafabfda8b419479fbe5c34c2.jpg","https://cdn.mediavalet.com/eunl/vistry-dam/WD6dOHKIhkG8Lzm14Pie6A/ZitZMtWnXECHYJyVW1hO4g/Custom/LYMINGTON_03-01-22_LR.jpg","Staged showhome interior space."
"Fletton Folly","The Lymington · Plot 345","4","https://www.countrysidehomes.com/developments/cambridgeshire/fletton-folly-great-haddon/home-0345","images/d78696eb81a799089abdb913e789e7ed7bbeb9dc4de78780dfe28c09359e08b1.jpg","https://cdn.mediavalet.com/eunl/vistry-dam/PlVVWyEP5UeiBROMqyta5A/Jb0Sdl4xsEGrr1EIs7wgtA/Custom/Baberton%20Grange014.jpg","Staged showhome interior space."
"Fletton Folly","The Lymington · Plot 345","4","https://www.countrysidehomes.com/developments/cambridgeshire/fletton-folly-great-haddon/home-0345","images/f0e852c21710fe28432d888efba2cb194d405580cd552514b23a8d750d32aef3.jpg","https://cdn.mediavalet.com/eunl/vistry-dam/79UVnI_UPkKNo8OuHxRk_g/0CtIs7B2uki31NxTjOHFSQ/Custom/Baberton%20Grange001.jpg","Staged showhome interior space."
"Fletton Folly","The Lymington · Plot 345","4","https://www.countrysidehomes.com/developments/cambridgeshire/fletton-folly-great-haddon/home-0345","images/878b2ce78e3526f2d7420900848248e8df8753599c53d2a2aee59c8ee5246e9a.jpg","https://cdn.mediavalet.com/eunl/vistry-dam/AZb61Pw0u06aQ2imhUGJYQ/Y4aWWSghZE-fK-1BwTKx1A/Custom/Baberton%20Grange021_Lymington_retouched.jpg","Staged showhome interior space."
"Fletton Folly","The Lymington · Plot 345","4","https://www.countrysidehomes.com/developments/cambridgeshire/fletton-folly-great-haddon/home-0345","images/b8ef11cfe912f92b0b27f8684823dfaf102d449e9874f72df4b9658e10050bb4.jpg","https://cdn.mediavalet.com/eunl/vistry-dam/m35qP9mMB0K6OLy92UBXyg/ywOwIlBTAkqKvgil0dL1ZQ/Custom/Baberton%20Grange015.jpg","Staged showhome interior space."
"Fletton Folly","The Lymington · Plot 345","4","https://www.countrysidehomes.com/developments/cambridgeshire/fletton-folly-great-haddon/home-0345","images/b15ae7b8ecdccd41df45e052fb725bbd81563dc2df21de348b15379f88237f39.jpg","https://mvdataappstorageeunlprod.blob.core.windows.net/medialibrary-34218e3cae6c4041a23eb8b1cf91be27/a684e46b3f2d4b26bbde380ada032f50/a684e46b3f2d4b26bbde380ada032f50/Original/Lymington_Ground-Floor_FF.jpg?sv=2017-04-17&sr=b&si=202008111744&sig=iL5iWkAJ%2Bru%2B8Yxi%2F3H84MakyurKv5j8lzg3qd0UiIs%3D&st=0001-01-01T00%3A00%3A00Z&se=2036-02-10T00%3A48%3A31Z&rsct=application%2Foctet-stream&rscd=attachment%3B%20filename%2A%3DUTF-8%27%27Lymington_Ground-Floor_FF.jpg","Staged showhome interior space."
"Fletton Folly","The Lymington · Plot 345","4","https://www.countrysidehomes.com/developments/cambridgeshire/fletton-folly-great-haddon/home-0345","images/63a8f4197a753d2203d1093e9860ca79df72ebf71124c978b6b63855fccf3f39.jpg","https://mvdataappstorageeunlprod.blob.core.windows.net/medialibrary-34218e3cae6c4041a23eb8b1cf91be27/4cb61902a5d14b87b01328a65f76f6a9/4cb61902a5d14b87b01328a65f76f6a9/Original/Lymington_First-Floor_FF.jpg?sv=2017-04-17&sr=b&si=202008111744&sig=dbMilR9kDKVPvfGW%2FXTB3GYXb1GczhltPap99bjLfrs%3D&st=0001-01-01T00%3A00%3A00Z&se=2036-02-10T01%3A01%3A22Z&rsct=application%2Foctet-stream&rscd=attachment%3B%20filename%2A%3DUTF-8%27%27Lymington_First-Floor_FF.jpg","Staged showhome interior space."
"Fletton Folly","The Stratford · Plot 336","4","https://www.countrysidehomes.com/developments/cambridgeshire/fletton-folly-great-haddon/home-0336","images/88866753deff2507efceb88b3d66f4dd8a016311fd218384e47474a059451613.jpg","https://cdn.mediavalet.com/eunl/vistry-dam/cEBpGyV2akKxSbPxZwpwdw/oPZPHrxBfkGRrc9WVIIEyA/Custom/The%20Stratford%2006.jpg","Staged showhome interior space."
"Fletton Folly","The Stratford · Plot 336","4","https://www.countrysidehomes.com/developments/cambridgeshire/fletton-folly-great-haddon/home-0336","images/a66e79564e2e51574c35778c920f84812fc411ffb400eed57fffb36d2226b8d6.jpg","https://cdn.mediavalet.com/eunl/vistry-dam/loZ8URfwKU2x1w6orTA04A/V9BlQtBIe0eFqdMZh0FLhg/Custom/The%20Stratford%2004.jpg","Staged showhome interior space."
"Fletton Folly","The Stratford · Plot 336","4","https://www.countrysidehomes.com/developments/cambridgeshire/fletton-folly-great-haddon/home-0336","images/c40854e24870df0abc0480e04527d89344e64f70c05c2671c23a98cbb09e5cef.jpg","https://cdn.mediavalet.com/eunl/vistry-dam/kfl3Oyhu_kexTBVXqVTz4Q/MaeBYllOI0ekt5lJJIfR_Q/Custom/The%20Stratford%2011.jpg","Staged showhome interior space."
"Fletton Folly","The Stratford · Plot 336","4","https://www.countrysidehomes.com/developments/cambridgeshire/fletton-folly-great-haddon/home-0336","images/3f86a60791e9737c96185122e7305f8a59042403bd82dafb7aa759ddc5f07922.jpg","https://cdn.mediavalet.com/eunl/vistry-dam/8aU-y1e5xUiW5USfXlu77w/Kvj8W6IS5E6IxKE4yYk9Ow/Custom/The%20Stratford%2016.jpg","Staged showhome interior space."
"Fletton Folly","The Stratford · Plot 336","4","https://www.countrysidehomes.com/developments/cambridgeshire/fletton-folly-great-haddon/home-0336","images/cba8d2dd4bc7808c6e3d352395dd880456bbcce69c8dc200b9edbad7205d3f99.jpg","https://cdn.mediavalet.com/eunl/vistry-dam/7AkJO_n7M0K6w-_mbXMDgA/lexcdtFL-ECYT14HlqhY-g/Custom/The%20Stratford%2017.jpg","Staged showhome interior space."
"Fletton Folly","The Stratford · Plot 336","4","https://www.countrysidehomes.com/developments/cambridgeshire/fletton-folly-great-haddon/home-0336","images/6711e2224a278943a4fcf452f28b2f8afb084be7dc836861bb5a808356d65277.jpg","https://cdn.mediavalet.com/eunl/vistry-dam/3onEoDqw10yDRCQw6lvAZQ/VwZZ16RKf0OiJMtOmiC07g/Custom/The%20Stratford%2015.jpg","Staged showhome interior space."
"Fletton Folly","The Stratford · Plot 336","4","https://www.countrysidehomes.com/developments/cambridgeshire/fletton-folly-great-haddon/home-0336","images/ab78656fa4d6fe909d852ebccc1a1ec8202a485842fca1b536d9edab8428ff3d.jpg","https://cdn.mediavalet.com/eunl/vistry-dam/VSf6szytmkeVFpZgAKt6VA/dE8QOgt9D0u-4EMeovB52w/Custom/The%20Stratford%2013.jpg","Staged showhome interior space."
"Fletton Folly","The Stratford · Plot 336","4","https://www.countrysidehomes.com/developments/cambridgeshire/fletton-folly-great-haddon/home-0336","images/f7ace8f94a7180bfcde5df745f10495187d8e503f32075c09f70a4641816a7e1.jpg","https://cdn.mediavalet.com/eunl/vistry-dam/DbcLOBTa0EWCm1iiJFdJKA/y-oeujR7Z02PC6B9Gbe2rg/Custom/The%20Stratford%2018.jpg","Staged showhome interior space."
"Fletton Folly","The Stratford · Plot 336","4","https://www.countrysidehomes.com/developments/cambridgeshire/fletton-folly-great-haddon/home-0336","images/6b771c1890222934cf2b9f7b32bf34ed89fa9826b3c4ac947faf3cb324a04614.jpg","https://cdn.mediavalet.com/eunl/vistry-dam/uUovMImLnEKzLjfDOmiHtg/bPgsI4kgVEGpdueL5PU1SA/Custom/The%20Stratford%2022.jpg","Staged showhome interior space."
"Fletton Folly","The Stratford · Plot 336","4","https://www.countrysidehomes.com/developments/cambridgeshire/fletton-folly-great-haddon/home-0336","images/f95412b89f6e0d928570cae98e4fc73c3bf3419c6501cef79355818a766227c1.jpg","https://cdn.mediavalet.com/eunl/vistry-dam/joyO-RcDt0m2dVKYhhWc3g/r7eJeEVqMUGlEJoIRYMCaw/Custom/STRATFORD_03-01-22_LR.jpg","Staged showhome interior space."
"Fletton Folly","The Stratford · Plot 336","4","https://www.countrysidehomes.com/developments/cambridgeshire/fletton-folly-great-haddon/home-0336","images/75f0bc4153910a586883ea5388ea4d16ab4f8d907996b66f9841b1d9684b9382.jpg","https://mvdataappstorageeunlprod.blob.core.windows.net/medialibrary-34218e3cae6c4041a23eb8b1cf91be27-r/1bf2e3ce49a44f6d921fc09606e9f87e/1bf2e3ce49a44f6d921fc09606e9f87e/Large/_0000_fletton-folly-stratford-ground-floor.jpg?sv=2017-04-17&sr=b&si=202008111853&sig=hzhfvqkYoNGtvIj90vq7oPktYFkP0IvPQybgdpfmAr0%3D&st=0151-01-15T00%3A48%3A55Z&se=2034-03-16T22%3A36%3A31Z","Staged showhome interior space."
"Fletton Folly","The Stratford · Plot 336","4","https://www.countrysidehomes.com/developments/cambridgeshire/fletton-folly-great-haddon/home-0336","images/9d436617e0c2990c51d684bce3eb0e8aca218055fe112879504f35799bf31cbd.jpg","https://mvdataappstorageeunlprod.blob.core.windows.net/medialibrary-34218e3cae6c4041a23eb8b1cf91be27-r/b0cf96c4cb914f68855a2fe93d3b74d8/b0cf96c4cb914f68855a2fe93d3b74d8/Large/_0001_fletton-folly-stratford-first-floor.jpg?sv=2017-04-17&sr=b&si=202008111853&sig=xs7fjMJ%2FdTq7sOJP9yDtrV5rYxpe32xH56XNkJWcXOQ%3D&st=1866-02-04T23%3A48%3A16Z&se=2034-03-16T22%3A51%3A40Z","Staged showhome interior space."
"Fletton Folly","The Lymington · Plot 342","4","https://www.countrysidehomes.com/developments/cambridgeshire/fletton-folly-great-haddon/home-0342","images/03afcaa1af2c68a8873809996da4c4e6e3d3b58dafabfda8b419479fbe5c34c2.jpg","https://cdn.mediavalet.com/eunl/vistry-dam/WD6dOHKIhkG8Lzm14Pie6A/ZitZMtWnXECHYJyVW1hO4g/Custom/LYMINGTON_03-01-22_LR.jpg","Staged showhome interior space."
"Fletton Folly","The Lymington · Plot 342","4","https://www.countrysidehomes.com/developments/cambridgeshire/fletton-folly-great-haddon/home-0342","images/9332d4aef1714c2be6b3ce7986d1f4410954bf31b5edf51e910196ba8c6f18aa.jpg","https://cdn.mediavalet.com/eunl/vistry-dam/fbBDdqmaq0asTwXWpJ6wBA/gVoI-KIQQ0SR31LcKlyPrQ/Custom/Baberton%20Grange007.jpg","Staged showhome interior space."
"Fletton Folly","The Lymington · Plot 342","4","https://www.countrysidehomes.com/developments/cambridgeshire/fletton-folly-great-haddon/home-0342","images/d78696eb81a799089abdb913e789e7ed7bbeb9dc4de78780dfe28c09359e08b1.jpg","https://cdn.mediavalet.com/eunl/vistry-dam/PlVVWyEP5UeiBROMqyta5A/Jb0Sdl4xsEGrr1EIs7wgtA/Custom/Baberton%20Grange014.jpg","Staged showhome interior space."
"Fletton Folly","The Lymington · Plot 342","4","https://www.countrysidehomes.com/developments/cambridgeshire/fletton-folly-great-haddon/home-0342","images/f0e852c21710fe28432d888efba2cb194d405580cd552514b23a8d750d32aef3.jpg","https://cdn.mediavalet.com/eunl/vistry-dam/79UVnI_UPkKNo8OuHxRk_g/0CtIs7B2uki31NxTjOHFSQ/Custom/Baberton%20Grange001.jpg","Staged showhome interior space."
"Fletton Folly","The Lymington · Plot 342","4","https://www.countrysidehomes.com/developments/cambridgeshire/fletton-folly-great-haddon/home-0342","images/878b2ce78e3526f2d7420900848248e8df8753599c53d2a2aee59c8ee5246e9a.jpg","https://cdn.mediavalet.com/eunl/vistry-dam/AZb61Pw0u06aQ2imhUGJYQ/Y4aWWSghZE-fK-1BwTKx1A/Custom/Baberton%20Grange021_Lymington_retouched.jpg","Staged showhome interior space."
"Fletton Folly","The Lymington · Plot 342","4","https://www.countrysidehomes.com/developments/cambridgeshire/fletton-folly-great-haddon/home-0342","images/b8ef11cfe912f92b0b27f8684823dfaf102d449e9874f72df4b9658e10050bb4.jpg","https://cdn.mediavalet.com/eunl/vistry-dam/m35qP9mMB0K6OLy92UBXyg/ywOwIlBTAkqKvgil0dL1ZQ/Custom/Baberton%20Grange015.jpg","Staged showhome interior space."
"Fletton Folly","The Lymington · Plot 342","4","https://www.countrysidehomes.com/developments/cambridgeshire/fletton-folly-great-haddon/home-0342","images/b15ae7b8ecdccd41df45e052fb725bbd81563dc2df21de348b15379f88237f39.jpg","https://mvdataappstorageeunlprod.blob.core.windows.net/medialibrary-34218e3cae6c4041a23eb8b1cf91be27/a684e46b3f2d4b26bbde380ada032f50/a684e46b3f2d4b26bbde380ada032f50/Original/Lymington_Ground-Floor_FF.jpg?sv=2017-04-17&sr=b&si=202008111744&sig=iL5iWkAJ%2Bru%2B8Yxi%2F3H84MakyurKv5j8lzg3qd0UiIs%3D&st=0001-01-01T00%3A00%3A00Z&se=2036-02-10T00%3A48%3A31Z&rsct=application%2Foctet-stream&rscd=attachment%3B%20filename%2A%3DUTF-8%27%27Lymington_Ground-Floor_FF.jpg","Staged showhome interior space."
"Fletton Folly","The Lymington · Plot 342","4","https://www.countrysidehomes.com/developments/cambridgeshire/fletton-folly-great-haddon/home-0342","images/63a8f4197a753d2203d1093e9860ca79df72ebf71124c978b6b63855fccf3f39.jpg","https://mvdataappstorageeunlprod.blob.core.windows.net/medialibrary-34218e3cae6c4041a23eb8b1cf91be27/4cb61902a5d14b87b01328a65f76f6a9/4cb61902a5d14b87b01328a65f76f6a9/Original/Lymington_First-Floor_FF.jpg?sv=2017-04-17&sr=b&si=202008111744&sig=dbMilR9kDKVPvfGW%2FXTB3GYXb1GczhltPap99bjLfrs%3D&st=0001-01-01T00%3A00%3A00Z&se=2036-02-10T01%3A01%3A22Z&rsct=application%2Foctet-stream&rscd=attachment%3B%20filename%2A%3DUTF-8%27%27Lymington_First-Floor_FF.jpg","Staged showhome interior space."
"Fletton Folly","Fletton Folly development gallery","","https://www.countrysidehomes.com/developments/cambridgeshire/fletton-folly-great-haddon","images/9599ec9e9f689022122cd5771d9ef1c2621f660548290bd76e62ea2c57db7efc.jpg","https://cdn.mediavalet.com/eunl/vistry-dam/kGK_EiqUBEqE1B_lobTavw/KXtS58QO-EOridwncVgC1Q/Custom/Fletton%20Folly%20Carousel%205_Development_Hero_1280x853%2020.8.26.jpg","Staged showhome interior space."
"Fletton Folly","Fletton Folly development gallery","","https://www.countrysidehomes.com/developments/cambridgeshire/fletton-folly-great-haddon","images/614de27fc6d88e98d98bac1d0bfbd75204a9158d1637ecb6c3342f034a33be90.jpg","https://cdn.mediavalet.com/eunl/vistry-dam/wFBwgqgwWUeBZN9nb-BeHQ/9gaZNLi7kUaKbHj1MjYlQw/Custom/Fletton%20Folly%20Carousel%20New%20Stamford_Development_Hero_1280x853%2020.8.26%20Resized.jpg","Staged showhome interior space."
"Fletton Folly","Fletton Folly development gallery","","https://www.countrysidehomes.com/developments/cambridgeshire/fletton-folly-great-haddon","images/167bdc757659efa2392a0a0cc94bcb08fc3b85b465a030d6469b723be66ac7ea.jpg","https://cdn.mediavalet.com/eunl/vistry-dam/w8R5ycp8IE2L6jFFwBOOlQ/pA7pg4kRzECjapslgkACnA/Custom/Fletton%20Folly%20Carousel%206_Development_Hero_1280x853%2020.8.26.jpg","Staged showhome interior space."
"Fletton Folly","Fletton Folly development gallery","","https://www.countrysidehomes.com/developments/cambridgeshire/fletton-folly-great-haddon","images/7a4f29b65167fd4b7ff9384ea32e15f8ecd97353d59158ba23345b52d2db7045.jpg","https://cdn.mediavalet.com/eunl/vistry-dam/CEQckocZeEu8ycyW6AwCFA/fqwQGWA3eESwJP6XTNC7iQ/Custom/RKH_103840_NORTH%20EAST_Countryside_Zero%20Deposit_Web%20Hero%20Banner_1280x853px.jpg","Staged showhome interior space."
"Fletton Folly","Fletton Folly development gallery","","https://www.countrysidehomes.com/developments/cambridgeshire/fletton-folly-great-haddon","images/3a8ce1582dfc6984d2b91df83cf8e205be31040fbfd3c9d1a135636c7e9a8828.jpg","https://cdn.mediavalet.com/eunl/vistry-dam/ZZleXdy6NUGlCxuX74OG5A/53KbWOEO50KeZiy4YfFlbw/Custom/Fletton%20Folly%20Carousel%20BOWMONT_03-01-22_LR%20Resized%202026_Development_Hero_1280x853%2020.8.26.jpg","Staged showhome interior space."
"Fletton Folly","Fletton Folly development gallery","","https://www.countrysidehomes.com/developments/cambridgeshire/fletton-folly-great-haddon","images/d7a515c267832dcb4fd24bc7b225142c62065c7da90325dc92965275548d8466.jpg","https://cdn.mediavalet.com/eunl/vistry-dam/vYGw3XuQw0SXDorTlwgCvw/x6S3RSifEkWIVeV4VIFW3w/Custom/Fletton%20Folly%20Carousel%20NEWDevelopment_Hero_1280x853%2020.8.26.jpg","Staged showhome interior space."
"Fletton Folly","Fletton Folly development gallery","","https://www.countrysidehomes.com/developments/cambridgeshire/fletton-folly-great-haddon","images/aaa548a7b18c8a793886f106fc4df1cb2bc665e42650b0d26030ad9df7955a91.jpg","https://cdn.mediavalet.com/eunl/vistry-dam/woqSuEKMwUGEDq5aMD-hzQ/sYbNVJnBIU-m6iTADRMWKA/Custom/Fletton%20Folly%20Carousel%20Development_Hero_1280x853%2020.8.26.jpg","Staged showhome interior space."
"The Gwel, Truro","The Walnut · Plot 66","2","https://www.countrysidehomes.com/developments/cornwall/the-gwel-truro/home-0066","images/2c6fba9b523dea13b68ba62cc554b2f23f5baf95e293e0764153d1928ad9a52a.jpg","https://cdn.mediavalet.com/eunl/vistry-dam/0-LqcTDxukq9oKeNkMrAKQ/tU6XMRz1rEycwvTcjR8i5Q/Custom/VCSW-COUNTRYSIDE-THE-GWEL-TRURO-WALNUT-SPENDYOURWAY.jpg","Staged showhome interior space."
"The Gwel, Truro","The Walnut · Plot 66","2","https://www.countrysidehomes.com/developments/cornwall/the-gwel-truro/home-0066","images/11009fb3198c7b2897273c65b08a74ee8aa61b8247d507966047a3bc971699c3.jpg","https://cdn.mediavalet.com/eunl/vistry-dam/Vokk7_NuF0W4dX6pkm362w/A5dPnc38EUmNj6e8FpO7aA/Custom/VCSW-THEGWEL-TRURO-ZERODEPOSIT-EVENT.jpg","Staged showhome interior space."
"The Gwel, Truro","The Walnut · Plot 66","2","https://www.countrysidehomes.com/developments/cornwall/the-gwel-truro/home-0066","images/5cc0a7b606b616aa0421d6cf18a2ae2edea9a5a0d1a8aa9a44423a3e0976d107.jpg","https://cdn.mediavalet.com/eunl/vistry-dam/CIWM9bOzWUyKZ2N_QVLMaA/9dhxShDwlE2cqj1EuvtNpQ/Custom/Typical%20Kitchen%202.jpg","Staged showhome kitchen."
"The Gwel, Truro","The Walnut · Plot 66","2","https://www.countrysidehomes.com/developments/cornwall/the-gwel-truro/home-0066","images/6d88a603b769baef4f9b4adc869eb5abfb6d313724b5e4e9c63f9aeea25fafbc.jpg","https://cdn.mediavalet.com/eunl/vistry-dam/ytbx3-7cdkmcj1_ShS7LlA/Z8uUz5KRikCh5QhwGoLNVg/Custom/CH%20-%20Oaklands%20-%20Parwood%20%28Leverton%29%20Living%20Room%202_860x573.jpg","Staged showhome living room."
"The Gwel, Truro","The Walnut · Plot 66","2","https://www.countrysidehomes.com/developments/cornwall/the-gwel-truro/home-0066","images/ad4d9e8fc00a9665e215e0ed3c48085bd47e0e8155700b78ed5f930a54c4d758.jpg","https://cdn.mediavalet.com/eunl/vistry-dam/n1nK3b0FPkenbM3KlN9hXQ/w43dtxoURU6hb8c3Iv6ItQ/Custom/CH%20-%20Oaklands%20-%20Parwood%20-%20%28Leverton%29%20Living%20room%203_860x573.jpg","Staged showhome living room."
"The Gwel, Truro","The Walnut · Plot 66","2","https://www.countrysidehomes.com/developments/cornwall/the-gwel-truro/home-0066","images/06931541bf176e198e382ab135c667bb2321944f861d9404f81b3c6def113f45.jpg","https://cdn.mediavalet.com/eunl/vistry-dam/oVQeVDuxkUWkHa0lJyl77g/r-TubPPZgEiQQb2yZIWFuw/Custom/CH%20-%20Oaklands%20-%20Parwood%20%28Pembroke%29%20Bed%201%20_860x573.jpg","Staged showhome bedroom."
"The Gwel, Truro","The Walnut · Plot 66","2","https://www.countrysidehomes.com/developments/cornwall/the-gwel-truro/home-0066","images/968ea8d2ef6625c6929fadbb10daccb1ef02f8ef6dc12dadd6d407d42f752afa.jpg","https://cdn.mediavalet.com/eunl/vistry-dam/c5g300_VMEyhpqq0znbuYQ/fEweD2GUDUSQfI1EbvUY5g/Custom/CH%20-%20Oaklands%20-%20Parwood%20%28Pembroke%29%20Bed%203_860x573.jpg","Staged showhome bedroom."
"The Gwel, Truro","The Walnut · Plot 66","2","https://www.countrysidehomes.com/developments/cornwall/the-gwel-truro/home-0066","images/64f8b26933a6ffa5f04ff15b22292e5adbaaa0da484c8519ee020d3c51d624cd.jpg","https://cdn.mediavalet.com/eunl/vistry-dam/fBJHv0ZGj0mj-mcpD7gjSA/fbcn9U34NE-dRN-XQGhHdA/Custom/Studio%20apt%2024.11.20%20Meridain%20Bathrooms-4-Enhanced-NR.jpg","Staged showhome interior space."
"The Gwel, Truro","The Walnut · Plot 66","2","https://www.countrysidehomes.com/developments/cornwall/the-gwel-truro/home-0066","images/fbf19b7c60cb537d0af196c49bdee7d47695727891ffa1d95796e05fdcb3f1fc.jpg","https://cdn.mediavalet.com/eunl/vistry-dam/tHmP1eZSfEKMOJ7SWwBYXA/_A0TY-vaOUmokyDDE_Ngpw/Custom/%5BVRL%5D%20DS14179%20%5BCH%5D%20The%20Walnut%20-%20Plot%20-%2069_web.jpg","Staged showhome interior space."
"The Gwel, Truro","The Walnut · Plot 66","2","https://www.countrysidehomes.com/developments/cornwall/the-gwel-truro/home-0066","images/3bea2c928e0c149cb368843646a491f0c33bab3c1ace92af2384a4692bbd7920.jpg","https://mvdataappstorageeunlprod.blob.core.windows.net/medialibrary-34218e3cae6c4041a23eb8b1cf91be27/dfb04cad638c446bac449d51312502e8/dfb04cad638c446bac449d51312502e8/Original/DS15894%20Walnut%20Ground%20Floor.jpg?sv=2017-04-17&sr=b&si=202008111744&sig=gL9ZzoOcgfCshl%2Fa2gyhjLoQXAWh9EVVno6yAyQxMsA%3D&st=0001-01-01T00%3A00%3A00Z&se=2036-03-06T01%3A10%3A17Z&rsct=application%2Foctet-stream&rscd=attachment%3B%20filename%2A%3DUTF-8%27%27DS15894%2520Walnut%2520Ground%2520Floor.jpg","Staged showhome interior space."
"The Gwel, Truro","The Walnut · Plot 66","2","https://www.countrysidehomes.com/developments/cornwall/the-gwel-truro/home-0066","images/cacca239f4e0a7c31402ee14187dc2b3df3227cfaee68aec5a5c5329a3ef0663.jpg","https://mvdataappstorageeunlprod.blob.core.windows.net/medialibrary-34218e3cae6c4041a23eb8b1cf91be27/b973a3ef796b43309e5a9944689beada/b973a3ef796b43309e5a9944689beada/Original/DS15894%20Walnut%20First%20Floor.jpg?sv=2017-04-17&sr=b&si=202008111744&sig=hnPrMaR1V9bjOqwp51znQIss1JC46vv12ZXPiRLQzIU%3D&st=0001-01-01T00%3A00%3A00Z&se=2036-03-06T01%3A10%3A17Z&rsct=application%2Foctet-stream&rscd=attachment%3B%20filename%2A%3DUTF-8%27%27DS15894%2520Walnut%2520First%2520Floor.jpg","Staged showhome interior space."
"The Gwel, Truro","The Walnut · Plot 65","2","https://www.countrysidehomes.com/developments/cornwall/the-gwel-truro/home-0065","images/d5a563568952429f9ea08ad438f293e1a7ad192523e3caeadf3f100b72cb5843.jpg","https://cdn.mediavalet.com/eunl/vistry-dam/JBtOSo4uYk-X-ym5Tty9kQ/hjP9WlkuXkKwKPuxeqXrGw/Custom/63%20TG.jpg","Staged showhome interior space."
"The Gwel, Truro","The Walnut · Plot 65","2","https://www.countrysidehomes.com/developments/cornwall/the-gwel-truro/home-0065","images/11009fb3198c7b2897273c65b08a74ee8aa61b8247d507966047a3bc971699c3.jpg","https://cdn.mediavalet.com/eunl/vistry-dam/Vokk7_NuF0W4dX6pkm362w/A5dPnc38EUmNj6e8FpO7aA/Custom/VCSW-THEGWEL-TRURO-ZERODEPOSIT-EVENT.jpg","Staged showhome interior space."
"The Gwel, Truro","The Walnut · Plot 65","2","https://www.countrysidehomes.com/developments/cornwall/the-gwel-truro/home-0065","images/4fa9150274e6841a13fd792d2e8a7ba67758dfe2d779fd18e491cd481ea3acc3.jpg","https://cdn.mediavalet.com/eunl/vistry-dam/blGKiErrG0WPurnppTY7jg/Iw7V0h5FHUO1OPp3YyltGA/Custom/CH-SADDLERS-BADMINTON-Typical%20Kitchen.jpg","Staged showhome kitchen."
"The Gwel, Truro","The Walnut · Plot 65","2","https://www.countrysidehomes.com/developments/cornwall/the-gwel-truro/home-0065","images/ad4d9e8fc00a9665e215e0ed3c48085bd47e0e8155700b78ed5f930a54c4d758.jpg","https://cdn.mediavalet.com/eunl/vistry-dam/n1nK3b0FPkenbM3KlN9hXQ/w43dtxoURU6hb8c3Iv6ItQ/Custom/CH%20-%20Oaklands%20-%20Parwood%20-%20%28Leverton%29%20Living%20room%203_860x573.jpg","Staged showhome living room."
"The Gwel, Truro","The Walnut · Plot 65","2","https://www.countrysidehomes.com/developments/cornwall/the-gwel-truro/home-0065","images/a85a697ac7db192c8e43df64e3acdd6d6e805fec1da4c548d1494516e9656a93.jpg","https://cdn.mediavalet.com/eunl/vistry-dam/uHArYuqkEEiQPzIEbKEHrg/sjn1uiLGsEOPM3g2eR7qPQ/Custom/VCSW-COUNTRYSIDE-TRURO-THEGWEL-STREETSCENE.jpg","Staged showhome interior space."
"The Gwel, Truro","The Walnut · Plot 65","2","https://www.countrysidehomes.com/developments/cornwall/the-gwel-truro/home-0065","images/6d88a603b769baef4f9b4adc869eb5abfb6d313724b5e4e9c63f9aeea25fafbc.jpg","https://cdn.mediavalet.com/eunl/vistry-dam/ytbx3-7cdkmcj1_ShS7LlA/Z8uUz5KRikCh5QhwGoLNVg/Custom/CH%20-%20Oaklands%20-%20Parwood%20%28Leverton%29%20Living%20Room%202_860x573.jpg","Staged showhome living room."
"The Gwel, Truro","The Walnut · Plot 65","2","https://www.countrysidehomes.com/developments/cornwall/the-gwel-truro/home-0065","images/06931541bf176e198e382ab135c667bb2321944f861d9404f81b3c6def113f45.jpg","https://cdn.mediavalet.com/eunl/vistry-dam/oVQeVDuxkUWkHa0lJyl77g/r-TubPPZgEiQQb2yZIWFuw/Custom/CH%20-%20Oaklands%20-%20Parwood%20%28Pembroke%29%20Bed%201%20_860x573.jpg","Staged showhome bedroom."
"The Gwel, Truro","The Walnut · Plot 65","2","https://www.countrysidehomes.com/developments/cornwall/the-gwel-truro/home-0065","images/968ea8d2ef6625c6929fadbb10daccb1ef02f8ef6dc12dadd6d407d42f752afa.jpg","https://cdn.mediavalet.com/eunl/vistry-dam/c5g300_VMEyhpqq0znbuYQ/fEweD2GUDUSQfI1EbvUY5g/Custom/CH%20-%20Oaklands%20-%20Parwood%20%28Pembroke%29%20Bed%203_860x573.jpg","Staged showhome bedroom."
"The Gwel, Truro","The Walnut · Plot 65","2","https://www.countrysidehomes.com/developments/cornwall/the-gwel-truro/home-0065","images/64f8b26933a6ffa5f04ff15b22292e5adbaaa0da484c8519ee020d3c51d624cd.jpg","https://cdn.mediavalet.com/eunl/vistry-dam/fBJHv0ZGj0mj-mcpD7gjSA/fbcn9U34NE-dRN-XQGhHdA/Custom/Studio%20apt%2024.11.20%20Meridain%20Bathrooms-4-Enhanced-NR.jpg","Staged showhome interior space."
"The Gwel, Truro","The Walnut · Plot 65","2","https://www.countrysidehomes.com/developments/cornwall/the-gwel-truro/home-0065","images/3bea2c928e0c149cb368843646a491f0c33bab3c1ace92af2384a4692bbd7920.jpg","https://mvdataappstorageeunlprod.blob.core.windows.net/medialibrary-34218e3cae6c4041a23eb8b1cf91be27/dfb04cad638c446bac449d51312502e8/dfb04cad638c446bac449d51312502e8/Original/DS15894%20Walnut%20Ground%20Floor.jpg?sv=2017-04-17&sr=b&si=202008111744&sig=gL9ZzoOcgfCshl%2Fa2gyhjLoQXAWh9EVVno6yAyQxMsA%3D&st=0001-01-01T00%3A00%3A00Z&se=2036-03-06T01%3A10%3A17Z&rsct=application%2Foctet-stream&rscd=attachment%3B%20filename%2A%3DUTF-8%27%27DS15894%2520Walnut%2520Ground%2520Floor.jpg","Staged showhome interior space."
"The Gwel, Truro","The Walnut · Plot 65","2","https://www.countrysidehomes.com/developments/cornwall/the-gwel-truro/home-0065","images/cacca239f4e0a7c31402ee14187dc2b3df3227cfaee68aec5a5c5329a3ef0663.jpg","https://mvdataappstorageeunlprod.blob.core.windows.net/medialibrary-34218e3cae6c4041a23eb8b1cf91be27/b973a3ef796b43309e5a9944689beada/b973a3ef796b43309e5a9944689beada/Original/DS15894%20Walnut%20First%20Floor.jpg?sv=2017-04-17&sr=b&si=202008111744&sig=hnPrMaR1V9bjOqwp51znQIss1JC46vv12ZXPiRLQzIU%3D&st=0001-01-01T00%3A00%3A00Z&se=2036-03-06T01%3A10%3A17Z&rsct=application%2Foctet-stream&rscd=attachment%3B%20filename%2A%3DUTF-8%27%27DS15894%2520Walnut%2520First%2520Floor.jpg","Staged showhome interior space."
"The Gwel, Truro","The Walnut · Plot 68","2","https://www.countrysidehomes.com/developments/cornwall/the-gwel-truro/home-0068","images/a85a697ac7db192c8e43df64e3acdd6d6e805fec1da4c548d1494516e9656a93.jpg","https://cdn.mediavalet.com/eunl/vistry-dam/uHArYuqkEEiQPzIEbKEHrg/sjn1uiLGsEOPM3g2eR7qPQ/Custom/VCSW-COUNTRYSIDE-TRURO-THEGWEL-STREETSCENE.jpg","Staged showhome interior space."
"The Gwel, Truro","The Walnut · Plot 68","2","https://www.countrysidehomes.com/developments/cornwall/the-gwel-truro/home-0068","images/11009fb3198c7b2897273c65b08a74ee8aa61b8247d507966047a3bc971699c3.jpg","https://cdn.mediavalet.com/eunl/vistry-dam/Vokk7_NuF0W4dX6pkm362w/A5dPnc38EUmNj6e8FpO7aA/Custom/VCSW-THEGWEL-TRURO-ZERODEPOSIT-EVENT.jpg","Staged showhome interior space."
"The Gwel, Truro","The Walnut · Plot 68","2","https://www.countrysidehomes.com/developments/cornwall/the-gwel-truro/home-0068","images/ad4d9e8fc00a9665e215e0ed3c48085bd47e0e8155700b78ed5f930a54c4d758.jpg","https://cdn.mediavalet.com/eunl/vistry-dam/n1nK3b0FPkenbM3KlN9hXQ/w43dtxoURU6hb8c3Iv6ItQ/Custom/CH%20-%20Oaklands%20-%20Parwood%20-%20%28Leverton%29%20Living%20room%203_860x573.jpg","Staged showhome living room."
"The Gwel, Truro","The Walnut · Plot 68","2","https://www.countrysidehomes.com/developments/cornwall/the-gwel-truro/home-0068","images/390530e6e655dcb3ada10eaf892ddf6129dc605e304bf7b633c9dd0e792f2d00.jpg","https://cdn.mediavalet.com/eunl/vistry-dam/_kHKXu67F0eN-D38LrrVUg/9SFOaKbpqUaApJDiKcslKg/Custom/Typical%20Kitchen%203.jpg","Staged showhome kitchen."
"The Gwel, Truro","The Walnut · Plot 68","2","https://www.countrysidehomes.com/developments/cornwall/the-gwel-truro/home-0068","images/6d88a603b769baef4f9b4adc869eb5abfb6d313724b5e4e9c63f9aeea25fafbc.jpg","https://cdn.mediavalet.com/eunl/vistry-dam/ytbx3-7cdkmcj1_ShS7LlA/Z8uUz5KRikCh5QhwGoLNVg/Custom/CH%20-%20Oaklands%20-%20Parwood%20%28Leverton%29%20Living%20Room%202_860x573.jpg","Staged showhome living room."
"The Gwel, Truro","The Walnut · Plot 68","2","https://www.countrysidehomes.com/developments/cornwall/the-gwel-truro/home-0068","images/06931541bf176e198e382ab135c667bb2321944f861d9404f81b3c6def113f45.jpg","https://cdn.mediavalet.com/eunl/vistry-dam/oVQeVDuxkUWkHa0lJyl77g/r-TubPPZgEiQQb2yZIWFuw/Custom/CH%20-%20Oaklands%20-%20Parwood%20%28Pembroke%29%20Bed%201%20_860x573.jpg","Staged showhome bedroom."
"The Gwel, Truro","The Walnut · Plot 68","2","https://www.countrysidehomes.com/developments/cornwall/the-gwel-truro/home-0068","images/968ea8d2ef6625c6929fadbb10daccb1ef02f8ef6dc12dadd6d407d42f752afa.jpg","https://cdn.mediavalet.com/eunl/vistry-dam/c5g300_VMEyhpqq0znbuYQ/fEweD2GUDUSQfI1EbvUY5g/Custom/CH%20-%20Oaklands%20-%20Parwood%20%28Pembroke%29%20Bed%203_860x573.jpg","Staged showhome bedroom."
"The Gwel, Truro","The Walnut · Plot 68","2","https://www.countrysidehomes.com/developments/cornwall/the-gwel-truro/home-0068","images/64f8b26933a6ffa5f04ff15b22292e5adbaaa0da484c8519ee020d3c51d624cd.jpg","https://cdn.mediavalet.com/eunl/vistry-dam/fBJHv0ZGj0mj-mcpD7gjSA/fbcn9U34NE-dRN-XQGhHdA/Custom/Studio%20apt%2024.11.20%20Meridain%20Bathrooms-4-Enhanced-NR.jpg","Staged showhome interior space."
"The Gwel, Truro","The Walnut · Plot 68","2","https://www.countrysidehomes.com/developments/cornwall/the-gwel-truro/home-0068","images/fbf19b7c60cb537d0af196c49bdee7d47695727891ffa1d95796e05fdcb3f1fc.jpg","https://cdn.mediavalet.com/eunl/vistry-dam/tHmP1eZSfEKMOJ7SWwBYXA/_A0TY-vaOUmokyDDE_Ngpw/Custom/%5BVRL%5D%20DS14179%20%5BCH%5D%20The%20Walnut%20-%20Plot%20-%2069_web.jpg","Staged showhome interior space."
"The Gwel, Truro","The Walnut · Plot 68","2","https://www.countrysidehomes.com/developments/cornwall/the-gwel-truro/home-0068","images/3bea2c928e0c149cb368843646a491f0c33bab3c1ace92af2384a4692bbd7920.jpg","https://mvdataappstorageeunlprod.blob.core.windows.net/medialibrary-34218e3cae6c4041a23eb8b1cf91be27/dfb04cad638c446bac449d51312502e8/dfb04cad638c446bac449d51312502e8/Original/DS15894%20Walnut%20Ground%20Floor.jpg?sv=2017-04-17&sr=b&si=202008111744&sig=gL9ZzoOcgfCshl%2Fa2gyhjLoQXAWh9EVVno6yAyQxMsA%3D&st=0001-01-01T00%3A00%3A00Z&se=2036-03-06T01%3A10%3A17Z&rsct=application%2Foctet-stream&rscd=attachment%3B%20filename%2A%3DUTF-8%27%27DS15894%2520Walnut%2520Ground%2520Floor.jpg","Staged showhome interior space."
"The Gwel, Truro","The Walnut · Plot 68","2","https://www.countrysidehomes.com/developments/cornwall/the-gwel-truro/home-0068","images/cacca239f4e0a7c31402ee14187dc2b3df3227cfaee68aec5a5c5329a3ef0663.jpg","https://mvdataappstorageeunlprod.blob.core.windows.net/medialibrary-34218e3cae6c4041a23eb8b1cf91be27/b973a3ef796b43309e5a9944689beada/b973a3ef796b43309e5a9944689beada/Original/DS15894%20Walnut%20First%20Floor.jpg?sv=2017-04-17&sr=b&si=202008111744&sig=hnPrMaR1V9bjOqwp51znQIss1JC46vv12ZXPiRLQzIU%3D&st=0001-01-01T00%3A00%3A00Z&se=2036-03-06T01%3A10%3A17Z&rsct=application%2Foctet-stream&rscd=attachment%3B%20filename%2A%3DUTF-8%27%27DS15894%2520Walnut%2520First%2520Floor.jpg","Staged showhome interior space."
"The Gwel, Truro","The Walnut · Plot 63","2","https://www.countrysidehomes.com/developments/cornwall/the-gwel-truro/home-0063","images/fbf19b7c60cb537d0af196c49bdee7d47695727891ffa1d95796e05fdcb3f1fc.jpg","https://cdn.mediavalet.com/eunl/vistry-dam/tHmP1eZSfEKMOJ7SWwBYXA/_A0TY-vaOUmokyDDE_Ngpw/Custom/%5BVRL%5D%20DS14179%20%5BCH%5D%20The%20Walnut%20-%20Plot%20-%2069_web.jpg","Staged showhome interior space."
"The Gwel, Truro","The Walnut · Plot 63","2","https://www.countrysidehomes.com/developments/cornwall/the-gwel-truro/home-0063","images/4fa9150274e6841a13fd792d2e8a7ba67758dfe2d779fd18e491cd481ea3acc3.jpg","https://cdn.mediavalet.com/eunl/vistry-dam/blGKiErrG0WPurnppTY7jg/Iw7V0h5FHUO1OPp3YyltGA/Custom/CH-SADDLERS-BADMINTON-Typical%20Kitchen.jpg","Staged showhome kitchen."
"The Gwel, Truro","The Walnut · Plot 63","2","https://www.countrysidehomes.com/developments/cornwall/the-gwel-truro/home-0063","images/ad4d9e8fc00a9665e215e0ed3c48085bd47e0e8155700b78ed5f930a54c4d758.jpg","https://cdn.mediavalet.com/eunl/vistry-dam/n1nK3b0FPkenbM3KlN9hXQ/w43dtxoURU6hb8c3Iv6ItQ/Custom/CH%20-%20Oaklands%20-%20Parwood%20-%20%28Leverton%29%20Living%20room%203_860x573.jpg","Staged showhome living room."
"The Gwel, Truro","The Walnut · Plot 63","2","https://www.countrysidehomes.com/developments/cornwall/the-gwel-truro/home-0063","images/6d88a603b769baef4f9b4adc869eb5abfb6d313724b5e4e9c63f9aeea25fafbc.jpg","https://cdn.mediavalet.com/eunl/vistry-dam/ytbx3-7cdkmcj1_ShS7LlA/Z8uUz5KRikCh5QhwGoLNVg/Custom/CH%20-%20Oaklands%20-%20Parwood%20%28Leverton%29%20Living%20Room%202_860x573.jpg","Staged showhome living room."
"The Gwel, Truro","The Walnut · Plot 63","2","https://www.countrysidehomes.com/developments/cornwall/the-gwel-truro/home-0063","images/06931541bf176e198e382ab135c667bb2321944f861d9404f81b3c6def113f45.jpg","https://cdn.mediavalet.com/eunl/vistry-dam/oVQeVDuxkUWkHa0lJyl77g/r-TubPPZgEiQQb2yZIWFuw/Custom/CH%20-%20Oaklands%20-%20Parwood%20%28Pembroke%29%20Bed%201%20_860x573.jpg","Staged showhome bedroom."
"The Gwel, Truro","The Walnut · Plot 63","2","https://www.countrysidehomes.com/developments/cornwall/the-gwel-truro/home-0063","images/968ea8d2ef6625c6929fadbb10daccb1ef02f8ef6dc12dadd6d407d42f752afa.jpg","https://cdn.mediavalet.com/eunl/vistry-dam/c5g300_VMEyhpqq0znbuYQ/fEweD2GUDUSQfI1EbvUY5g/Custom/CH%20-%20Oaklands%20-%20Parwood%20%28Pembroke%29%20Bed%203_860x573.jpg","Staged showhome bedroom."
"The Gwel, Truro","The Walnut · Plot 63","2","https://www.countrysidehomes.com/developments/cornwall/the-gwel-truro/home-0063","images/64f8b26933a6ffa5f04ff15b22292e5adbaaa0da484c8519ee020d3c51d624cd.jpg","https://cdn.mediavalet.com/eunl/vistry-dam/fBJHv0ZGj0mj-mcpD7gjSA/fbcn9U34NE-dRN-XQGhHdA/Custom/Studio%20apt%2024.11.20%20Meridain%20Bathrooms-4-Enhanced-NR.jpg","Staged showhome interior space."
"The Gwel, Truro","The Walnut · Plot 63","2","https://www.countrysidehomes.com/developments/cornwall/the-gwel-truro/home-0063","images/3bea2c928e0c149cb368843646a491f0c33bab3c1ace92af2384a4692bbd7920.jpg","https://mvdataappstorageeunlprod.blob.core.windows.net/medialibrary-34218e3cae6c4041a23eb8b1cf91be27/dfb04cad638c446bac449d51312502e8/dfb04cad638c446bac449d51312502e8/Original/DS15894%20Walnut%20Ground%20Floor.jpg?sv=2017-04-17&sr=b&si=202008111744&sig=gL9ZzoOcgfCshl%2Fa2gyhjLoQXAWh9EVVno6yAyQxMsA%3D&st=0001-01-01T00%3A00%3A00Z&se=2036-03-06T01%3A10%3A17Z&rsct=application%2Foctet-stream&rscd=attachment%3B%20filename%2A%3DUTF-8%27%27DS15894%2520Walnut%2520Ground%2520Floor.jpg","Staged showhome interior space."
"The Gwel, Truro","The Walnut · Plot 63","2","https://www.countrysidehomes.com/developments/cornwall/the-gwel-truro/home-0063","images/cacca239f4e0a7c31402ee14187dc2b3df3227cfaee68aec5a5c5329a3ef0663.jpg","https://mvdataappstorageeunlprod.blob.core.windows.net/medialibrary-34218e3cae6c4041a23eb8b1cf91be27/b973a3ef796b43309e5a9944689beada/b973a3ef796b43309e5a9944689beada/Original/DS15894%20Walnut%20First%20Floor.jpg?sv=2017-04-17&sr=b&si=202008111744&sig=hnPrMaR1V9bjOqwp51znQIss1JC46vv12ZXPiRLQzIU%3D&st=0001-01-01T00%3A00%3A00Z&se=2036-03-06T01%3A10%3A17Z&rsct=application%2Foctet-stream&rscd=attachment%3B%20filename%2A%3DUTF-8%27%27DS15894%2520Walnut%2520First%2520Floor.jpg","Staged showhome interior space."
"The Gwel, Truro","The Gwel, Truro development gallery","","https://www.countrysidehomes.com/developments/cornwall/the-gwel-truro","images/7215e8bd52b0f1321bab98a408a95ff51478c4633b25178f42db5629889933c8.jpg","https://cdn.mediavalet.com/eunl/vistry-dam/tlKaHXq800We-qaiieK1qA/ODOSBLQ8DU-iCc9cjlf_WQ/Custom/VCSW%20The%20Gwel%20Truro%20streetscene%20lifestyle%20%281%29.jpg","Staged showhome interior space."
"The Gwel, Truro","The Gwel, Truro development gallery","","https://www.countrysidehomes.com/developments/cornwall/the-gwel-truro","images/0ab5589a756384be57626bacaf60de67542357dfb8d3963c585777d0a7831c58.jpg","https://cdn.mediavalet.com/eunl/vistry-dam/Vokk7_NuF0W4dX6pkm362w/v38I4p4otUeRUMbvdXc9xA/Custom/VCSW-THEGWEL-TRURO-ZERODEPOSIT-EVENT.jpg","Staged showhome interior space."
"The Gwel, Truro","The Gwel, Truro development gallery","","https://www.countrysidehomes.com/developments/cornwall/the-gwel-truro","images/49703f4a379a9acffc010a1f09e3de0d335e5c5b6e06c1abfdbb1235bd35d36e.jpg","https://cdn.mediavalet.com/eunl/vistry-dam/I3Pi2NGVSkS7pEjoSHabCQ/dAIVYAXnSUGp-lYKcbxegw/Custom/CP_GWEL_130726_01.jpg","Staged showhome interior space."
"The Gwel, Truro","The Gwel, Truro development gallery","","https://www.countrysidehomes.com/developments/cornwall/the-gwel-truro","images/f044c39b164a77a890914166ec4714adff2cd1102c6fb08cfe0833ab4dc7b401.jpg","https://cdn.mediavalet.com/eunl/vistry-dam/j-nx-hYCxUmtLez3l4rZyA/6J8-oAIIEU6reckjyN9i7w/Custom/Q426%20CH%20Hero%20The%20Gwel_1280x853.jpg","Staged showhome interior space."
"The Gwel, Truro","The Gwel, Truro development gallery","","https://www.countrysidehomes.com/developments/cornwall/the-gwel-truro","images/14059739308261f0ce45e5473ee2485fb630a71a792b51c1d3b8ed501f5eb716.jpg","https://cdn.mediavalet.com/eunl/vistry-dam/0qmCa8AmrESkT3z8ZXd8Ig/T0qHp90uKUelUFPQqtTtFw/Custom/VCSW-THEGWEL-TRURO-EXTERNAL.jpg","Staged showhome interior space."
"The Gwel, Truro","The Gwel, Truro development gallery","","https://www.countrysidehomes.com/developments/cornwall/the-gwel-truro","images/683e5af2879c60a03f0d2a39d61d8a6454f78ec66fc62f2cd9e8121cbd11cae7.jpg","https://cdn.mediavalet.com/eunl/vistry-dam/Z17J0EiNfEKkHg7_PSKbLA/gvGmtMQ9K0aZ6erGnPYy-A/Custom/DS17137%20ZERO%20deposit%201280x853%20CH.jpg","Staged showhome interior space."
"The Gwel, Truro","The Gwel, Truro development gallery","","https://www.countrysidehomes.com/developments/cornwall/the-gwel-truro","images/7f2db5298b9ae6bb2298e7c268bc44b10d0aeb854862d9c11f09b28f3a5a2fc2.jpg","https://cdn.mediavalet.com/eunl/vistry-dam/uHArYuqkEEiQPzIEbKEHrg/OycHsRTlBkandu9QYhIOAQ/Custom/VCSW-COUNTRYSIDE-TRURO-THEGWEL-STREETSCENE.jpg","Staged showhome interior space."
"The Gwel, Truro","The Gwel, Truro development gallery","","https://www.countrysidehomes.com/developments/cornwall/the-gwel-truro","images/ca12329e41d88a60fed7878a7005801bad48a0477acbdc6fe9f8602e3e1c984c.jpg","https://cdn.mediavalet.com/eunl/vistry-dam/9AJfIzUDoke7-nL6XttxXg/pmyQnYwT1Ey8RMoOsqhw_Q/Custom/VCSW%20The%20Gwel%20Truro%20lifestyle.jpg","Staged showhome interior space."
"The Gwel, Truro","The Gwel, Truro development gallery","","https://www.countrysidehomes.com/developments/cornwall/the-gwel-truro","images/a1b8808b90773b16f60c39d7c7d105da93cfd72ab3c0de6191f275a1ef250317.jpg","https://cdn.mediavalet.com/eunl/vistry-dam/lduSn0ZVfk6e0Xom1RryNw/CYWeGh5pMEaxL6r5Zl_p0A/Custom/Vistry%20Allium%20Park%20Show%20Home%20080725%20107.jpg","Staged showhome interior space."
"The Gwel, Truro","The Gwel, Truro development gallery","","https://www.countrysidehomes.com/developments/cornwall/the-gwel-truro","images/185b94c361bafec29257670c846640f5625c48802daddee005cbe369f8d97c6f.jpg","https://cdn.mediavalet.com/eunl/vistry-dam/VT_MFeY76EalkDwiWsfb9A/5n7vt-e2Y0yMBzHkCR3U1Q/Custom/CH%20Energy%20campaign%2021%201280x853.jpg","Staged showhome interior space."
"The Gwel, Truro","The Gwel, Truro development gallery","","https://www.countrysidehomes.com/developments/cornwall/the-gwel-truro","images/6218050dcd8bff529c231839202834c04e4b32b98d96f093bc23a5e4d403cc0b.jpg","https://cdn.mediavalet.com/eunl/vistry-dam/FCPQlCy0IEerJ8vpqgI7aQ/yG7ZaJWkRkaiV1Obp0Vh1Q/Custom/CP_GWEL_130726_59%20edit.jpg","Staged showhome interior space."
"The Gwel, Truro","The Gwel, Truro development gallery","","https://www.countrysidehomes.com/developments/cornwall/the-gwel-truro","images/747d6dddd3366084cac34f3f28d40e0dcf27b7b820e334fc4d6d5d005b5aba99.jpg","https://cdn.mediavalet.com/eunl/vistry-dam/YJUYe0SXqEOAZ_L8pbubOQ/jsm-DPh9RkuRRinSwvhVdQ/Custom/VCSW-THEGWEL-TRURO-EXTERNAL2.jpg","Staged showhome interior space."
"The Gwel, Truro","The Gwel, Truro development gallery","","https://www.countrysidehomes.com/developments/cornwall/the-gwel-truro","images/39d82c13013bcf5e5a7e39e88e7b8aa1f01e3a276b8bd7fc582492cc76e15766.jpg","https://cdn.mediavalet.com/eunl/vistry-dam/rN2AIloSMkyfIWD-3JDdzA/Qmijx42uo0idYgkwkd2EWg/Custom/%5BCH%5D%20The%20Gwel%20Truro%20sp.jpg","Staged showhome interior space."
"Countryside Homes @ Sherford","The Guillemot · Plot 596","2","https://www.countrysidehomes.com/developments/devon/sherford-countrysidehomes/home-0596","images/d2f79d97249cff6ede9cee2ee35e185ca2d85363cfac8a15693aacd13fc2d5af.jpg","https://cdn.mediavalet.com/eunl/vistry-dam/bbWzJ5O9TUCvC8qLLNsnYA/MLjpeE1_hEaZv_wTnlA9sw/Custom/The%20Guillemot%20%28No%20solar%29.jpg","Staged showhome interior space."
"Countryside Homes @ Sherford","The Guillemot · Plot 596","2","https://www.countrysidehomes.com/developments/devon/sherford-countrysidehomes/home-0596","images/e0659ab1b00430ff2f682d9477b8444cfad2e0621f912817364be082ef09ec09.jpg","https://cdn.mediavalet.com/eunl/vistry-dam/4C2j0UqrZE6GZEN03tOQMg/st96hgXW1EuezWPXXax4tA/Custom/VCSW-SHERFORD-COUNTRYSIDE-ZERODEPOSIT-EVENT.jpg","Staged showhome interior space."
"Countryside Homes @ Sherford","The Guillemot · Plot 596","2","https://www.countrysidehomes.com/developments/devon/sherford-countrysidehomes/home-0596","images/5f0d261abe98d43f2471cc6c9251574ff9293e7d26abf5c335e0833709c381d6.jpg","https://cdn.mediavalet.com/eunl/vistry-dam/7p3gCtAs5UOD6N_jhOu48A/FOppNGnRu0yjOytXz87SnA/Custom/The-Guilemot-Lounge-2.jpg","Staged showhome living room."
"Countryside Homes @ Sherford","The Guillemot · Plot 596","2","https://www.countrysidehomes.com/developments/devon/sherford-countrysidehomes/home-0596","images/c1c6736f4c56f4b07574d2907088036acd053cf6f2240f8b01d8b5c60e5c7dbe.jpg","https://cdn.mediavalet.com/eunl/vistry-dam/HIWSPltvs0OVzPyALZ_M7g/sDxbd7u9EEmi2tfWlsjDZQ/Custom/The-Guilemot-Lounge-copy-1.jpg","Staged showhome living room."
"Countryside Homes @ Sherford","The Guillemot · Plot 596","2","https://www.countrysidehomes.com/developments/devon/sherford-countrysidehomes/home-0596","images/73377e0fd48bcfb82ebed8ab83f5d1f33e99a9aea26ef38afd42707d650a9b50.jpg","https://cdn.mediavalet.com/eunl/vistry-dam/-xtWywiOWkGr1Ue1nXa4Dw/Jj3Qw9j2WEWL0EHjCU5sLQ/Custom/The-Guillemot-Kitchen.jpg","Staged showhome kitchen."
"Countryside Homes @ Sherford","The Guillemot · Plot 596","2","https://www.countrysidehomes.com/developments/devon/sherford-countrysidehomes/home-0596","images/f6997267720959f489b3abbca37d6492e3382b205a1a6c32515bdd2ec29a364e.jpg","https://cdn.mediavalet.com/eunl/vistry-dam/Xca2WQmNuU-F6VMyiYJh8A/vHRsLdoBH0-BRMMopsPbCA/Custom/26.05.13%20Northwick%20Parkside%202%20Bed%20Apt-38-HDR.jpg","Staged showhome bedroom."
"Countryside Homes @ Sherford","The Guillemot · Plot 596","2","https://www.countrysidehomes.com/developments/devon/sherford-countrysidehomes/home-0596","images/0a30463b6e090266f4583707752f0d7964d69a1bb1c75fd8635c068034ac0d22.jpg","https://cdn.mediavalet.com/eunl/vistry-dam/HOy4uSazM06fjJ6S-fF6qQ/kFwyLge-HUepmwelUbbfrw/Custom/Templum%20En%20Suite%20AI.jpg","Staged showhome interior space."
"Countryside Homes @ Sherford","The Guillemot · Plot 596","2","https://www.countrysidehomes.com/developments/devon/sherford-countrysidehomes/home-0596","images/d1f431a3bf9423cb3477f6d5bea65d2c0635b7620d94d5aed26e76d732c9e6c2.jpg","https://cdn.mediavalet.com/eunl/vistry-dam/_aiWuY-qMEGRrVmB1tdHSQ/e0WPPJJop0icqGTCvDkc2w/Custom/Vistry%20Morella%20Woods%20The%20Turnstone%20171125%20071.jpg","Staged showhome interior space."
"Countryside Homes @ Sherford","The Guillemot · Plot 596","2","https://www.countrysidehomes.com/developments/devon/sherford-countrysidehomes/home-0596","images/0af63369687ccf24ddc88af86a599647d8f0160bcb3bf936f3052f99b28adb83.jpg","https://cdn.mediavalet.com/eunl/vistry-dam/NZ15IcQ0ckOCZU2PkIrGeQ/XMNFYF0-kUmn-v52ojYaXg/Custom/The%20Woodlark%204.jpg","Staged showhome interior space."
"Countryside Homes @ Sherford","The Guillemot · Plot 596","2","https://www.countrysidehomes.com/developments/devon/sherford-countrysidehomes/home-0596","images/604a424bf17560572a35f45bcc1627c81dabc65ebde4f03a28bfa27d12115f79.png","https://mvdataappstorageeunlprod.blob.core.windows.net/medialibrary-34218e3cae6c4041a23eb8b1cf91be27/edec1e31c8b34c8dab596e0ede94d43e/edec1e31c8b34c8dab596e0ede94d43e/Original/The%20Guillemot%20FF.png?sv=2017-04-17&sr=b&si=202008111744&sig=AzxOcWTbBqkh633GR6AxlgzG4Ie0zNMvA2q6EMu3%2FBo%3D&st=0001-01-01T00%3A00%3A00Z&se=2036-02-20T02%3A28%3A10Z&rsct=application%2Foctet-stream&rscd=attachment%3B%20filename%2A%3DUTF-8%27%27The%2520Guillemot%2520FF.png","Staged showhome interior space."
"Countryside Homes @ Sherford","The Guillemot · Plot 596","2","https://www.countrysidehomes.com/developments/devon/sherford-countrysidehomes/home-0596","images/428a06ae1c2ebbb1bc2907086aff9ba58100eaaad4d7c188bf0ce88f028aaa9e.png","https://cdn.mediavalet.com/eunl/vistry-dam/FY0Nmjyt0keNuI-UffUizQ/Sz5XvVUIXUGxPeYONkoqTA/Custom/Sherford%20Masterplan%20phase%201%20-%203.png","Staged showhome interior space."
"Countryside Homes @ Sherford","The Peregrine · Plot 636","3","https://www.countrysidehomes.com/developments/devon/sherford-countrysidehomes/home-0636","images/c64dc5501b4e40e28a0cdf6209c0ed3829e37c5a9ea2e3d0aeae8b041ce3eb70.jpg","https://cdn.mediavalet.com/eunl/vistry-dam/WzP9KIwNMEGRyJRP3jJj2g/zVdSvwlQ7UGs5kvOWDiw_g/Custom/CH%40S%20-%20638.jpg","Staged showhome interior space."
"Countryside Homes @ Sherford","The Peregrine · Plot 636","3","https://www.countrysidehomes.com/developments/devon/sherford-countrysidehomes/home-0636","images/e0659ab1b00430ff2f682d9477b8444cfad2e0621f912817364be082ef09ec09.jpg","https://cdn.mediavalet.com/eunl/vistry-dam/4C2j0UqrZE6GZEN03tOQMg/st96hgXW1EuezWPXXax4tA/Custom/VCSW-SHERFORD-COUNTRYSIDE-ZERODEPOSIT-EVENT.jpg","Staged showhome interior space."
"Countryside Homes @ Sherford","The Peregrine · Plot 636","3","https://www.countrysidehomes.com/developments/devon/sherford-countrysidehomes/home-0636","images/cbcc564c77f809248da329fae3b9f5da42b61dc4a3274d0e735275fa15e9651a.jpg","https://cdn.mediavalet.com/eunl/vistry-dam/odnhUyLuQkSRMsX0C-P_NA/rq3KJFDbqUqM_X40mjZrrw/Custom/CP_SherSH807_121225_58.jpg","Staged showhome interior space."
"Countryside Homes @ Sherford","The Peregrine · Plot 636","3","https://www.countrysidehomes.com/developments/devon/sherford-countrysidehomes/home-0636","images/8382971753d5e0a43037cf6c4553b156d3b5284469d4f76e31334fa5d0797cae.jpg","https://cdn.mediavalet.com/eunl/vistry-dam/FPpVL5dpEkeBqoPmfhUKWw/XoT2NrZF4EmnBSmBdiW88A/Custom/CP_SherSH807_121225_65.jpg","Staged showhome interior space."
"Countryside Homes @ Sherford","The Peregrine · Plot 636","3","https://www.countrysidehomes.com/developments/devon/sherford-countrysidehomes/home-0636","images/2481d826f5761ff347ada9a7572ea51f64c20aa1d36648d3d8a77f1e97bd4ca6.jpg","https://cdn.mediavalet.com/eunl/vistry-dam/OIgNqIxrMUaAt1PFL_pR7A/XSiFRT57_0qSDceT7iPYIg/Custom/CP_SherSH807_121225_40.jpg","Staged showhome interior space."
"Countryside Homes @ Sherford","The Peregrine · Plot 636","3","https://www.countrysidehomes.com/developments/devon/sherford-countrysidehomes/home-0636","images/f94ab3217f7cf608ba60b494cfaac5261b9c6eb0fc1a621c2c90d54e1283b029.jpg","https://cdn.mediavalet.com/eunl/vistry-dam/w6e3rPY50EKMPBQ5hvLzXg/M6jHDDorUkqJLCGQTm7Nhg/Custom/CP_SherSH807_121225_43.jpg","Staged showhome interior space."
"Countryside Homes @ Sherford","The Peregrine · Plot 636","3","https://www.countrysidehomes.com/developments/devon/sherford-countrysidehomes/home-0636","images/4e81d194a1e0bc943264104c94697a9c9676d96906f80510d02f540dbf98daa2.jpg","https://cdn.mediavalet.com/eunl/vistry-dam/KlceusIyg0G2-LL7xkE1kQ/WrPRD8uqJEiiT6UFO40Hzg/Custom/CP_SherSH807_121225_78.jpg","Staged showhome interior space."
"Countryside Homes @ Sherford","The Peregrine · Plot 636","3","https://www.countrysidehomes.com/developments/devon/sherford-countrysidehomes/home-0636","images/facac31681c06bac7a0c5a298950e598d120aed57ee9db7f2beb213de64ce091.jpg","https://cdn.mediavalet.com/eunl/vistry-dam/Y-VZK4AIv0ipWPoIKzGafA/0qLSUzsAfUWipMH5aDsxfA/Custom/CP_SherSH807_121225_55.jpg","Staged showhome interior space."
"Countryside Homes @ Sherford","The Peregrine · Plot 636","3","https://www.countrysidehomes.com/developments/devon/sherford-countrysidehomes/home-0636","images/aa2872176ec787d35cd7f3419020bae6a9c5ffd8f243675ba0b3d8fdf8f92de1.jpg","https://cdn.mediavalet.com/eunl/vistry-dam/XvbTWJNeFkiXklqf-cVLcg/AjtOYExe4UiZ28iAg1d6TQ/Custom/DS10282%20%5BCH%5D%20Pergrine%20-%20Plot%20651-652_web.jpg","Staged showhome interior space."
"Countryside Homes @ Sherford","The Peregrine · Plot 636","3","https://www.countrysidehomes.com/developments/devon/sherford-countrysidehomes/home-0636","images/0f34fd6d76e6e33490c536a78760e33f0cac473284a3c6b80a41d61d6a27d334.png","https://mvdataappstorageeunlprod.blob.core.windows.net/medialibrary-34218e3cae6c4041a23eb8b1cf91be27/a8daa3f5f69448f3a8d6762e28a813d1/a8daa3f5f69448f3a8d6762e28a813d1/Original/The%20Peregrine%20GF.png?sv=2017-04-17&sr=b&si=202008111744&sig=EmXwnGb7oO9TLcZyPhHntHcIu4pgJ5hjgJpAckptJs4%3D&st=0001-01-01T00%3A00%3A00Z&se=2035-12-17T01%3A26%3A39Z&rsct=application%2Foctet-stream&rscd=attachment%3B%20filename%2A%3DUTF-8%27%27The%2520Peregrine%2520GF.png","Staged showhome interior space."
"Countryside Homes @ Sherford","The Peregrine · Plot 636","3","https://www.countrysidehomes.com/developments/devon/sherford-countrysidehomes/home-0636","images/1ca7f4e4b9c74f55b2d649a846c43412c435013484e35b3654ddcfa88df8a605.png","https://mvdataappstorageeunlprod.blob.core.windows.net/medialibrary-34218e3cae6c4041a23eb8b1cf91be27/4a8fabe775f84d198f0b45d15d430b70/4a8fabe775f84d198f0b45d15d430b70/Original/The%20Peregrine%20FF.png?sv=2017-04-17&sr=b&si=202008111744&sig=v5JnihEP7x6QPsQsTHsJ7lO2n6VtGt7vDEpcZ7AVDAY%3D&st=1812-01-12T18%3A35%3A21Z&se=2035-12-17T01%3A26%3A57Z&rsct=application%2Foctet-stream&rscd=attachment%3B%20filename%2A%3DUTF-8%27%27The%2520Peregrine%2520FF.png","Staged showhome interior space."
"Countryside Homes @ Sherford","The Peregrine · Plot 636","3","https://www.countrysidehomes.com/developments/devon/sherford-countrysidehomes/home-0636","images/10b9b18618c99faa353e93790df371ad02e038867fb94192c75b42bb1eabfb8f.png","https://mvdataappstorageeunlprod.blob.core.windows.net/medialibrary-34218e3cae6c4041a23eb8b1cf91be27/2e6922c455864220b903952fbba4b976/2e6922c455864220b903952fbba4b976/Original/The%20Peregrine%20SF.png.png?sv=2017-04-17&sr=b&si=202008111744&sig=1JkqmrEblEvAzLH3rKR6NaoUSAYSQQed21Frt37Tljk%3D&st=0001-01-01T00%3A00%3A00Z&se=2035-12-17T01%3A27%3A19Z&rsct=application%2Foctet-stream&rscd=attachment%3B%20filename%2A%3DUTF-8%27%27The%2520Peregrine%2520SF.png.png","Staged showhome interior space."
"Countryside Homes @ Sherford","The Peregrine · Plot 636","3","https://www.countrysidehomes.com/developments/devon/sherford-countrysidehomes/home-0636","images/428a06ae1c2ebbb1bc2907086aff9ba58100eaaad4d7c188bf0ce88f028aaa9e.png","https://cdn.mediavalet.com/eunl/vistry-dam/FY0Nmjyt0keNuI-UffUizQ/Sz5XvVUIXUGxPeYONkoqTA/Custom/Sherford%20Masterplan%20phase%201%20-%203.png","Staged showhome interior space."
"Countryside Homes @ Sherford","The Peregrine · Plot 637","3","https://www.countrysidehomes.com/developments/devon/sherford-countrysidehomes/home-0637","images/aa2872176ec787d35cd7f3419020bae6a9c5ffd8f243675ba0b3d8fdf8f92de1.jpg","https://cdn.mediavalet.com/eunl/vistry-dam/XvbTWJNeFkiXklqf-cVLcg/AjtOYExe4UiZ28iAg1d6TQ/Custom/DS10282%20%5BCH%5D%20Pergrine%20-%20Plot%20651-652_web.jpg","Staged showhome interior space."
"Countryside Homes @ Sherford","The Peregrine · Plot 637","3","https://www.countrysidehomes.com/developments/devon/sherford-countrysidehomes/home-0637","images/e0659ab1b00430ff2f682d9477b8444cfad2e0621f912817364be082ef09ec09.jpg","https://cdn.mediavalet.com/eunl/vistry-dam/4C2j0UqrZE6GZEN03tOQMg/st96hgXW1EuezWPXXax4tA/Custom/VCSW-SHERFORD-COUNTRYSIDE-ZERODEPOSIT-EVENT.jpg","Staged showhome interior space."
"Countryside Homes @ Sherford","The Peregrine · Plot 637","3","https://www.countrysidehomes.com/developments/devon/sherford-countrysidehomes/home-0637","images/4e81d194a1e0bc943264104c94697a9c9676d96906f80510d02f540dbf98daa2.jpg","https://cdn.mediavalet.com/eunl/vistry-dam/KlceusIyg0G2-LL7xkE1kQ/WrPRD8uqJEiiT6UFO40Hzg/Custom/CP_SherSH807_121225_78.jpg","Staged showhome interior space."
"Countryside Homes @ Sherford","The Peregrine · Plot 637","3","https://www.countrysidehomes.com/developments/devon/sherford-countrysidehomes/home-0637","images/cbcc564c77f809248da329fae3b9f5da42b61dc4a3274d0e735275fa15e9651a.jpg","https://cdn.mediavalet.com/eunl/vistry-dam/odnhUyLuQkSRMsX0C-P_NA/rq3KJFDbqUqM_X40mjZrrw/Custom/CP_SherSH807_121225_58.jpg","Staged showhome interior space."
"Countryside Homes @ Sherford","The Peregrine · Plot 637","3","https://www.countrysidehomes.com/developments/devon/sherford-countrysidehomes/home-0637","images/8382971753d5e0a43037cf6c4553b156d3b5284469d4f76e31334fa5d0797cae.jpg","https://cdn.mediavalet.com/eunl/vistry-dam/FPpVL5dpEkeBqoPmfhUKWw/XoT2NrZF4EmnBSmBdiW88A/Custom/CP_SherSH807_121225_65.jpg","Staged showhome interior space."
"Countryside Homes @ Sherford","The Peregrine · Plot 637","3","https://www.countrysidehomes.com/developments/devon/sherford-countrysidehomes/home-0637","images/2481d826f5761ff347ada9a7572ea51f64c20aa1d36648d3d8a77f1e97bd4ca6.jpg","https://cdn.mediavalet.com/eunl/vistry-dam/OIgNqIxrMUaAt1PFL_pR7A/XSiFRT57_0qSDceT7iPYIg/Custom/CP_SherSH807_121225_40.jpg","Staged showhome interior space."
"Countryside Homes @ Sherford","The Peregrine · Plot 637","3","https://www.countrysidehomes.com/developments/devon/sherford-countrysidehomes/home-0637","images/f94ab3217f7cf608ba60b494cfaac5261b9c6eb0fc1a621c2c90d54e1283b029.jpg","https://cdn.mediavalet.com/eunl/vistry-dam/w6e3rPY50EKMPBQ5hvLzXg/M6jHDDorUkqJLCGQTm7Nhg/Custom/CP_SherSH807_121225_43.jpg","Staged showhome interior space."
"Countryside Homes @ Sherford","The Peregrine · Plot 637","3","https://www.countrysidehomes.com/developments/devon/sherford-countrysidehomes/home-0637","images/facac31681c06bac7a0c5a298950e598d120aed57ee9db7f2beb213de64ce091.jpg","https://cdn.mediavalet.com/eunl/vistry-dam/Y-VZK4AIv0ipWPoIKzGafA/0qLSUzsAfUWipMH5aDsxfA/Custom/CP_SherSH807_121225_55.jpg","Staged showhome interior space."
"Countryside Homes @ Sherford","The Peregrine · Plot 637","3","https://www.countrysidehomes.com/developments/devon/sherford-countrysidehomes/home-0637","images/0f34fd6d76e6e33490c536a78760e33f0cac473284a3c6b80a41d61d6a27d334.png","https://mvdataappstorageeunlprod.blob.core.windows.net/medialibrary-34218e3cae6c4041a23eb8b1cf91be27/a8daa3f5f69448f3a8d6762e28a813d1/a8daa3f5f69448f3a8d6762e28a813d1/Original/The%20Peregrine%20GF.png?sv=2017-04-17&sr=b&si=202008111744&sig=EmXwnGb7oO9TLcZyPhHntHcIu4pgJ5hjgJpAckptJs4%3D&st=0001-01-01T00%3A00%3A00Z&se=2035-12-17T01%3A26%3A39Z&rsct=application%2Foctet-stream&rscd=attachment%3B%20filename%2A%3DUTF-8%27%27The%2520Peregrine%2520GF.png","Staged showhome interior space."
"Countryside Homes @ Sherford","The Peregrine · Plot 637","3","https://www.countrysidehomes.com/developments/devon/sherford-countrysidehomes/home-0637","images/1ca7f4e4b9c74f55b2d649a846c43412c435013484e35b3654ddcfa88df8a605.png","https://mvdataappstorageeunlprod.blob.core.windows.net/medialibrary-34218e3cae6c4041a23eb8b1cf91be27/4a8fabe775f84d198f0b45d15d430b70/4a8fabe775f84d198f0b45d15d430b70/Original/The%20Peregrine%20FF.png?sv=2017-04-17&sr=b&si=202008111744&sig=v5JnihEP7x6QPsQsTHsJ7lO2n6VtGt7vDEpcZ7AVDAY%3D&st=1812-01-12T18%3A35%3A21Z&se=2035-12-17T01%3A26%3A57Z&rsct=application%2Foctet-stream&rscd=attachment%3B%20filename%2A%3DUTF-8%27%27The%2520Peregrine%2520FF.png","Staged showhome interior space."
"Countryside Homes @ Sherford","The Peregrine · Plot 637","3","https://www.countrysidehomes.com/developments/devon/sherford-countrysidehomes/home-0637","images/10b9b18618c99faa353e93790df371ad02e038867fb94192c75b42bb1eabfb8f.png","https://mvdataappstorageeunlprod.blob.core.windows.net/medialibrary-34218e3cae6c4041a23eb8b1cf91be27/2e6922c455864220b903952fbba4b976/2e6922c455864220b903952fbba4b976/Original/The%20Peregrine%20SF.png.png?sv=2017-04-17&sr=b&si=202008111744&sig=1JkqmrEblEvAzLH3rKR6NaoUSAYSQQed21Frt37Tljk%3D&st=0001-01-01T00%3A00%3A00Z&se=2035-12-17T01%3A27%3A19Z&rsct=application%2Foctet-stream&rscd=attachment%3B%20filename%2A%3DUTF-8%27%27The%2520Peregrine%2520SF.png.png","Staged showhome interior space."
"Countryside Homes @ Sherford","The Peregrine · Plot 637","3","https://www.countrysidehomes.com/developments/devon/sherford-countrysidehomes/home-0637","images/428a06ae1c2ebbb1bc2907086aff9ba58100eaaad4d7c188bf0ce88f028aaa9e.png","https://cdn.mediavalet.com/eunl/vistry-dam/FY0Nmjyt0keNuI-UffUizQ/Sz5XvVUIXUGxPeYONkoqTA/Custom/Sherford%20Masterplan%20phase%201%20-%203.png","Staged showhome interior space."
"Countryside Homes @ Sherford","The Peregrine · Plot 638","3","https://www.countrysidehomes.com/developments/devon/sherford-countrysidehomes/home-0638","images/6a5244db091752726cbc924540466294bf32eb942723a03e3fb3020185ab5e25.jpg","https://cdn.mediavalet.com/eunl/vistry-dam/sia66LwasU2td1R9rAG2dw/jDoRe75A-0m0FYVmkuxbLA/Custom/CH%40S%20-%20636%20%281%29.jpg","Staged showhome interior space."
"Countryside Homes @ Sherford","The Peregrine · Plot 638","3","https://www.countrysidehomes.com/developments/devon/sherford-countrysidehomes/home-0638","images/e0659ab1b00430ff2f682d9477b8444cfad2e0621f912817364be082ef09ec09.jpg","https://cdn.mediavalet.com/eunl/vistry-dam/4C2j0UqrZE6GZEN03tOQMg/st96hgXW1EuezWPXXax4tA/Custom/VCSW-SHERFORD-COUNTRYSIDE-ZERODEPOSIT-EVENT.jpg","Staged showhome interior space."
"Countryside Homes @ Sherford","The Peregrine · Plot 638","3","https://www.countrysidehomes.com/developments/devon/sherford-countrysidehomes/home-0638","images/aa2872176ec787d35cd7f3419020bae6a9c5ffd8f243675ba0b3d8fdf8f92de1.jpg","https://cdn.mediavalet.com/eunl/vistry-dam/XvbTWJNeFkiXklqf-cVLcg/AjtOYExe4UiZ28iAg1d6TQ/Custom/DS10282%20%5BCH%5D%20Pergrine%20-%20Plot%20651-652_web.jpg","Staged showhome interior space."
"Countryside Homes @ Sherford","The Peregrine · Plot 638","3","https://www.countrysidehomes.com/developments/devon/sherford-countrysidehomes/home-0638","images/4e81d194a1e0bc943264104c94697a9c9676d96906f80510d02f540dbf98daa2.jpg","https://cdn.mediavalet.com/eunl/vistry-dam/KlceusIyg0G2-LL7xkE1kQ/WrPRD8uqJEiiT6UFO40Hzg/Custom/CP_SherSH807_121225_78.jpg","Staged showhome interior space."
"Countryside Homes @ Sherford","The Peregrine · Plot 638","3","https://www.countrysidehomes.com/developments/devon/sherford-countrysidehomes/home-0638","images/8382971753d5e0a43037cf6c4553b156d3b5284469d4f76e31334fa5d0797cae.jpg","https://cdn.mediavalet.com/eunl/vistry-dam/FPpVL5dpEkeBqoPmfhUKWw/XoT2NrZF4EmnBSmBdiW88A/Custom/CP_SherSH807_121225_65.jpg","Staged showhome interior space."
"Countryside Homes @ Sherford","The Peregrine · Plot 638","3","https://www.countrysidehomes.com/developments/devon/sherford-countrysidehomes/home-0638","images/2481d826f5761ff347ada9a7572ea51f64c20aa1d36648d3d8a77f1e97bd4ca6.jpg","https://cdn.mediavalet.com/eunl/vistry-dam/OIgNqIxrMUaAt1PFL_pR7A/XSiFRT57_0qSDceT7iPYIg/Custom/CP_SherSH807_121225_40.jpg","Staged showhome interior space."
"Countryside Homes @ Sherford","The Peregrine · Plot 638","3","https://www.countrysidehomes.com/developments/devon/sherford-countrysidehomes/home-0638","images/f94ab3217f7cf608ba60b494cfaac5261b9c6eb0fc1a621c2c90d54e1283b029.jpg","https://cdn.mediavalet.com/eunl/vistry-dam/w6e3rPY50EKMPBQ5hvLzXg/M6jHDDorUkqJLCGQTm7Nhg/Custom/CP_SherSH807_121225_43.jpg","Staged showhome interior space."
"Countryside Homes @ Sherford","The Peregrine · Plot 638","3","https://www.countrysidehomes.com/developments/devon/sherford-countrysidehomes/home-0638","images/facac31681c06bac7a0c5a298950e598d120aed57ee9db7f2beb213de64ce091.jpg","https://cdn.mediavalet.com/eunl/vistry-dam/Y-VZK4AIv0ipWPoIKzGafA/0qLSUzsAfUWipMH5aDsxfA/Custom/CP_SherSH807_121225_55.jpg","Staged showhome interior space."
"Countryside Homes @ Sherford","The Peregrine · Plot 638","3","https://www.countrysidehomes.com/developments/devon/sherford-countrysidehomes/home-0638","images/0f34fd6d76e6e33490c536a78760e33f0cac473284a3c6b80a41d61d6a27d334.png","https://mvdataappstorageeunlprod.blob.core.windows.net/medialibrary-34218e3cae6c4041a23eb8b1cf91be27/a8daa3f5f69448f3a8d6762e28a813d1/a8daa3f5f69448f3a8d6762e28a813d1/Original/The%20Peregrine%20GF.png?sv=2017-04-17&sr=b&si=202008111744&sig=EmXwnGb7oO9TLcZyPhHntHcIu4pgJ5hjgJpAckptJs4%3D&st=0001-01-01T00%3A00%3A00Z&se=2035-12-17T01%3A26%3A39Z&rsct=application%2Foctet-stream&rscd=attachment%3B%20filename%2A%3DUTF-8%27%27The%2520Peregrine%2520GF.png","Staged showhome interior space."
"Countryside Homes @ Sherford","The Peregrine · Plot 638","3","https://www.countrysidehomes.com/developments/devon/sherford-countrysidehomes/home-0638","images/1ca7f4e4b9c74f55b2d649a846c43412c435013484e35b3654ddcfa88df8a605.png","https://mvdataappstorageeunlprod.blob.core.windows.net/medialibrary-34218e3cae6c4041a23eb8b1cf91be27/4a8fabe775f84d198f0b45d15d430b70/4a8fabe775f84d198f0b45d15d430b70/Original/The%20Peregrine%20FF.png?sv=2017-04-17&sr=b&si=202008111744&sig=v5JnihEP7x6QPsQsTHsJ7lO2n6VtGt7vDEpcZ7AVDAY%3D&st=1812-01-12T18%3A35%3A21Z&se=2035-12-17T01%3A26%3A57Z&rsct=application%2Foctet-stream&rscd=attachment%3B%20filename%2A%3DUTF-8%27%27The%2520Peregrine%2520FF.png","Staged showhome interior space."
"Countryside Homes @ Sherford","The Peregrine · Plot 638","3","https://www.countrysidehomes.com/developments/devon/sherford-countrysidehomes/home-0638","images/10b9b18618c99faa353e93790df371ad02e038867fb94192c75b42bb1eabfb8f.png","https://mvdataappstorageeunlprod.blob.core.windows.net/medialibrary-34218e3cae6c4041a23eb8b1cf91be27/2e6922c455864220b903952fbba4b976/2e6922c455864220b903952fbba4b976/Original/The%20Peregrine%20SF.png.png?sv=2017-04-17&sr=b&si=202008111744&sig=1JkqmrEblEvAzLH3rKR6NaoUSAYSQQed21Frt37Tljk%3D&st=0001-01-01T00%3A00%3A00Z&se=2035-12-17T01%3A27%3A19Z&rsct=application%2Foctet-stream&rscd=attachment%3B%20filename%2A%3DUTF-8%27%27The%2520Peregrine%2520SF.png.png","Staged showhome interior space."
"Countryside Homes @ Sherford","The Peregrine · Plot 638","3","https://www.countrysidehomes.com/developments/devon/sherford-countrysidehomes/home-0638","images/428a06ae1c2ebbb1bc2907086aff9ba58100eaaad4d7c188bf0ce88f028aaa9e.png","https://cdn.mediavalet.com/eunl/vistry-dam/FY0Nmjyt0keNuI-UffUizQ/Sz5XvVUIXUGxPeYONkoqTA/Custom/Sherford%20Masterplan%20phase%201%20-%203.png","Staged showhome interior space."
"Countryside Homes @ Sherford","The Woodlark · Plot 680","5","https://www.countrysidehomes.com/developments/devon/sherford-countrysidehomes/home-0680","images/e6c27f93cb90e7c94c36128bc398fc95af6b559013fdf2ccdd41e607ea8f0016.jpg","https://cdn.mediavalet.com/eunl/vistry-dam/oykybRiTjE-mVA9hksF8-A/HAWHBuuWAE2hhfvAd1LypA/Custom/CH%40S%20680.jpg","Staged showhome interior space."
"Countryside Homes @ Sherford","The Woodlark · Plot 680","5","https://www.countrysidehomes.com/developments/devon/sherford-countrysidehomes/home-0680","images/e0659ab1b00430ff2f682d9477b8444cfad2e0621f912817364be082ef09ec09.jpg","https://cdn.mediavalet.com/eunl/vistry-dam/4C2j0UqrZE6GZEN03tOQMg/st96hgXW1EuezWPXXax4tA/Custom/VCSW-SHERFORD-COUNTRYSIDE-ZERODEPOSIT-EVENT.jpg","Staged showhome interior space."
"Countryside Homes @ Sherford","The Woodlark · Plot 680","5","https://www.countrysidehomes.com/developments/devon/sherford-countrysidehomes/home-0680","images/0365b04879b3ca2d805ae620ea038aad5e8354f33b61624be3604edf5d234cfa.jpg","https://cdn.mediavalet.com/eunl/vistry-dam/D5B7iPiGwEOWoR8h407mBA/LViQ0HZFQUqGzL_94-gIiQ/Custom/Woodlark%20Kitchen.jpg","Staged showhome kitchen."
"Countryside Homes @ Sherford","The Woodlark · Plot 680","5","https://www.countrysidehomes.com/developments/devon/sherford-countrysidehomes/home-0680","images/be6c2f03c994c4dae435b69071face4536173ec9c5b0ddf16364dc808dc23e05.jpg","https://cdn.mediavalet.com/eunl/vistry-dam/Y8qTK_1x-Eedy7deDi9-Hw/QckaH6TPcUSsEdptFpSZOg/Custom/The%20Woodlark%202.jpg","Staged showhome living room."
"Countryside Homes @ Sherford","The Woodlark · Plot 680","5","https://www.countrysidehomes.com/developments/devon/sherford-countrysidehomes/home-0680","images/8ba374f5380c7ed504b7bedded77c3fcd3946b6d07a7c5043b07a5e70d3b0554.jpg","https://cdn.mediavalet.com/eunl/vistry-dam/F1Ok11HjXk2HHzkC9gLjtw/IW37Gi3ZNUSHGznfOO4UkQ/Custom/The%20Woodlark%208.jpg","Staged showhome interior space."
"Countryside Homes @ Sherford","The Woodlark · Plot 680","5","https://www.countrysidehomes.com/developments/devon/sherford-countrysidehomes/home-0680","images/6fd55c4dc76602ad29f7d3774c1582e8673539c93b7e5efcfbfd9f3e08950aed.jpg","https://cdn.mediavalet.com/eunl/vistry-dam/shI0hyve10Wirc6CkH5V_g/uP_dcUWsa0OLRhQp2UeXEA/Custom/The%20Woodlark%203.jpg","Staged showhome interior space."
"Countryside Homes @ Sherford","The Woodlark · Plot 680","5","https://www.countrysidehomes.com/developments/devon/sherford-countrysidehomes/home-0680","images/ad1700e83d4080c4afff3b0c2f34f19881ffee0df0ed6fbc7dff89bc62f3606e.jpg","https://cdn.mediavalet.com/eunl/vistry-dam/xkOIZ3vZu0iMhBYp_zxUew/l9enB9x8P0-e9c6Ys-rbuQ/Custom/Redstart%20Bedroom%201.jpg","Staged showhome bedroom."
"Countryside Homes @ Sherford","The Woodlark · Plot 680","5","https://www.countrysidehomes.com/developments/devon/sherford-countrysidehomes/home-0680","images/fe0f68b00ae9bd9706f9f99fea8305b48143ac6b21a58e7cfcc53633a53decf8.jpg","https://cdn.mediavalet.com/eunl/vistry-dam/BBoVBc_pwEeMntjvjtKpcg/z6QCPunMOkyVuP2Rb7hNhg/Custom/The%20Woodlark%207.jpg","Staged showhome interior space."
"Countryside Homes @ Sherford","The Woodlark · Plot 680","5","https://www.countrysidehomes.com/developments/devon/sherford-countrysidehomes/home-0680","images/0af63369687ccf24ddc88af86a599647d8f0160bcb3bf936f3052f99b28adb83.jpg","https://cdn.mediavalet.com/eunl/vistry-dam/NZ15IcQ0ckOCZU2PkIrGeQ/XMNFYF0-kUmn-v52ojYaXg/Custom/The%20Woodlark%204.jpg","Staged showhome interior space."
"Countryside Homes @ Sherford","The Woodlark · Plot 680","5","https://www.countrysidehomes.com/developments/devon/sherford-countrysidehomes/home-0680","images/7c7447768dd1840d34f7e5b21eaf90772a8512b15da0306eb15a628c92bb51f3.jpg","https://cdn.mediavalet.com/eunl/vistry-dam/BnOsvDOkI0my0-iL_gbCUg/pWeFkAOn30-EH0dRfP2n4w/Custom/DS10282%20%5BCH%5D%20Woodlark%20-%20Plot%20680_web.jpg","Staged showhome interior space."
"Countryside Homes @ Sherford","The Woodlark · Plot 680","5","https://www.countrysidehomes.com/developments/devon/sherford-countrysidehomes/home-0680","images/bfb7006baa79bad7335aab956da1e1b9d6bdf5adb825e0abd5e5ae0f8bd16025.png","https://mvdataappstorageeunlprod.blob.core.windows.net/medialibrary-34218e3cae6c4041a23eb8b1cf91be27/55c1ad5b7b9244de851dc5f869ed8697/55c1ad5b7b9244de851dc5f869ed8697/Original/The%20Woodlark%20GF.png?sv=2017-04-17&sr=b&si=202008111744&sig=B09NVlrHIJTprbTr7EnYNrxOVfIyoRXQtwT7TkiAkIc%3D&st=0001-01-01T00%3A00%3A00Z&se=2036-04-19T21%3A34%3A16Z&rsct=application%2Foctet-stream&rscd=attachment%3B%20filename%2A%3DUTF-8%27%27The%2520Woodlark%2520GF.png","Staged showhome interior space."
"Countryside Homes @ Sherford","The Woodlark · Plot 680","5","https://www.countrysidehomes.com/developments/devon/sherford-countrysidehomes/home-0680","images/4f038dd3b4d366cc2889ef678753353610015db72ee406eec3d819e104cca56d.png","https://mvdataappstorageeunlprod.blob.core.windows.net/medialibrary-34218e3cae6c4041a23eb8b1cf91be27/6bc0a2dabb1043329f4a6cacc94bfc7b/6bc0a2dabb1043329f4a6cacc94bfc7b/Original/The%20Woodlark%20FF.png?sv=2017-04-17&sr=b&si=202008111744&sig=m0FrCkPUSkg3yEuWlY2FbVFxIULJMormy9%2FwflNPjmY%3D&st=0001-01-01T00%3A00%3A00Z&se=2036-04-19T21%3A34%3A16Z&rsct=application%2Foctet-stream&rscd=attachment%3B%20filename%2A%3DUTF-8%27%27The%2520Woodlark%2520FF.png","Staged showhome interior space."
"Countryside Homes @ Sherford","The Woodlark · Plot 680","5","https://www.countrysidehomes.com/developments/devon/sherford-countrysidehomes/home-0680","images/428a06ae1c2ebbb1bc2907086aff9ba58100eaaad4d7c188bf0ce88f028aaa9e.png","https://cdn.mediavalet.com/eunl/vistry-dam/FY0Nmjyt0keNuI-UffUizQ/Sz5XvVUIXUGxPeYONkoqTA/Custom/Sherford%20Masterplan%20phase%201%20-%203.png","Staged showhome interior space."
"Countryside Homes @ Sherford","The Fulmar · Plot 660","2","https://www.countrysidehomes.com/developments/devon/sherford-countrysidehomes/home-0660","images/dc2ff1df86dc9c6593d078c9b0fcf47b61f5e2f8e693c6679b45671350792ea5.jpg","https://cdn.mediavalet.com/eunl/vistry-dam/gGMwJ4_RA0yZiijeul0czA/M_V8Z25SgEmCytGUoBQGhA/Custom/DS10282%20%5BCH%5D%20Fulmar%20-%20Plot%20658-659_web.jpg","Staged showhome interior space."
"Countryside Homes @ Sherford","The Fulmar · Plot 660","2","https://www.countrysidehomes.com/developments/devon/sherford-countrysidehomes/home-0660","images/b9561eca0c6b615131d0a3a885c01d9ca6ee8cdd417ebf0bc0fdf2333baed382.jpg","https://cdn.mediavalet.com/eunl/vistry-dam/IcgCfoovlUiEIv3YvUgCzg/ZTUBtgcfuUiFGGSsd2_AbA/Custom/VCSW-COUNTRYSIDE-SHERFORD-FULMAR-660.jpg","Staged showhome interior space."
"Countryside Homes @ Sherford","The Fulmar · Plot 660","2","https://www.countrysidehomes.com/developments/devon/sherford-countrysidehomes/home-0660","images/e0659ab1b00430ff2f682d9477b8444cfad2e0621f912817364be082ef09ec09.jpg","https://cdn.mediavalet.com/eunl/vistry-dam/4C2j0UqrZE6GZEN03tOQMg/st96hgXW1EuezWPXXax4tA/Custom/VCSW-SHERFORD-COUNTRYSIDE-ZERODEPOSIT-EVENT.jpg","Staged showhome interior space."
"Countryside Homes @ Sherford","The Fulmar · Plot 660","2","https://www.countrysidehomes.com/developments/devon/sherford-countrysidehomes/home-0660","images/f8ee73796993bb1b6b88662251b65a288e529921ff26b79dc3a0d70a931b11c0.jpg","https://cdn.mediavalet.com/eunl/vistry-dam/2yp64b1MuEuhjjIUV9NW0w/ZE9wKKxO6EGxvDK7HSbXcA/Custom/VCSW-Sherford-Fulmar-Dining.jpg","Staged showhome kitchen."
"Countryside Homes @ Sherford","The Fulmar · Plot 660","2","https://www.countrysidehomes.com/developments/devon/sherford-countrysidehomes/home-0660","images/3342859e3847619e515e7c2ac971bed2492c6674e9b8819025236c6aea0bb39d.jpg","https://cdn.mediavalet.com/eunl/vistry-dam/bYsYveyN0EyjpiBj-04Q4g/3lUdxdVvBk-CGokL3fRLGA/Custom/VCSW-Sherford-Fulmar-Living.jpg","Staged showhome living room."
"Countryside Homes @ Sherford","The Fulmar · Plot 660","2","https://www.countrysidehomes.com/developments/devon/sherford-countrysidehomes/home-0660","images/e0c5dfe69ebc79d2dc5e22373c8be9f2b6d0ffc0e01b1755de474509ba521e7f.jpg","https://cdn.mediavalet.com/eunl/vistry-dam/8x2iJSkEHECqxrtDuPbO7w/7oOWLbMkbUG0XOVm1twDzA/Custom/VCSW-Sherford-Fulmar-Bedroom2.jpg","Staged showhome interior space."
"Countryside Homes @ Sherford","The Fulmar · Plot 660","2","https://www.countrysidehomes.com/developments/devon/sherford-countrysidehomes/home-0660","images/af06690f721f501a0df57b08588a1f438dc282b4073ca76139e713db261e718a.jpg","https://cdn.mediavalet.com/eunl/vistry-dam/fPDRz_tPVESaxo0EbZ6jKw/mw8b4Zt38EKGZKrWBf9n4A/Custom/VCSW-Sherford-Fulmar-Ensuite.jpg","Staged showhome bathroom."
"Countryside Homes @ Sherford","The Fulmar · Plot 660","2","https://www.countrysidehomes.com/developments/devon/sherford-countrysidehomes/home-0660","images/aca25ef13dcd363b476cabab3caafc9f1d32999dbcb809ffd33d4b2d8db433b5.jpg","https://cdn.mediavalet.com/eunl/vistry-dam/A9Aol0R0HE2E8lyjgeHU_w/T2lnGtrxSEeSOmIwyqctMg/Custom/VCSW-Sherford-Fulmar-Bedroom.jpg","Staged showhome bedroom."
"Countryside Homes @ Sherford","The Fulmar · Plot 660","2","https://www.countrysidehomes.com/developments/devon/sherford-countrysidehomes/home-0660","images/27dab2bc73a149e49dacd9f27a7bf0e444eef22b3f692c3eb28d74d86981d1af.jpg","https://cdn.mediavalet.com/eunl/vistry-dam/1bpyXEn8KkKZZlqsSs5nJw/cDdw3u5M60ijF1YG63tLcQ/Custom/VCSW-Sherford-Fulmar-Bathroom.jpg","Staged showhome bathroom."
"Countryside Homes @ Sherford","The Fulmar · Plot 660","2","https://www.countrysidehomes.com/developments/devon/sherford-countrysidehomes/home-0660","images/aea522f209e0af9b4466277b69b2ef5e9159e229374f95f35b2797962bd3bc47.png","https://mvdataappstorageeunlprod.blob.core.windows.net/medialibrary-34218e3cae6c4041a23eb8b1cf91be27/5529256b3f6643c0bb6f4bc5e4d0d663/5529256b3f6643c0bb6f4bc5e4d0d663/Original/The%20Fulmar%20GF.png?sv=2017-04-17&sr=b&si=202008111744&sig=CE2aOmlKu0dPm9vrk29IDkoPk5yl2PLvMuFOfafX%2F9A%3D&st=0001-01-01T00%3A00%3A00Z&se=2036-02-20T01%3A44%3A16Z&rsct=application%2Foctet-stream&rscd=attachment%3B%20filename%2A%3DUTF-8%27%27The%2520Fulmar%2520GF.png","Staged showhome interior space."
"Countryside Homes @ Sherford","The Fulmar · Plot 660","2","https://www.countrysidehomes.com/developments/devon/sherford-countrysidehomes/home-0660","images/3109e9aa55be965b34a885d193af0fd3bd6f5e281422597d723d23438dbc110c.png","https://mvdataappstorageeunlprod.blob.core.windows.net/medialibrary-34218e3cae6c4041a23eb8b1cf91be27/c663f4debb014dad87a9f03233cb81c5/c663f4debb014dad87a9f03233cb81c5/Original/The%20Fulmar%20FF.png?sv=2017-04-17&sr=b&si=202008111744&sig=YRfGc55%2FxVBTpQLa3gJKavocTV9o%2FzcuWklgEQK3EW4%3D&st=0001-01-01T00%3A00%3A00Z&se=2036-02-20T01%3A44%3A56Z&rsct=application%2Foctet-stream&rscd=attachment%3B%20filename%2A%3DUTF-8%27%27The%2520Fulmar%2520FF.png","Staged showhome interior space."
"Countryside Homes @ Sherford","The Fulmar · Plot 660","2","https://www.countrysidehomes.com/developments/devon/sherford-countrysidehomes/home-0660","images/428a06ae1c2ebbb1bc2907086aff9ba58100eaaad4d7c188bf0ce88f028aaa9e.png","https://cdn.mediavalet.com/eunl/vistry-dam/FY0Nmjyt0keNuI-UffUizQ/Sz5XvVUIXUGxPeYONkoqTA/Custom/Sherford%20Masterplan%20phase%201%20-%203.png","Staged showhome interior space."
"Countryside Homes @ Sherford","Countryside Homes @ Sherford development gallery","","https://www.countrysidehomes.com/developments/devon/sherford-countrysidehomes","images/be271ab7ddc17520f4b0dd93f9dfe6fbbd529848650aa99ea09003199caa369b.jpg","https://cdn.mediavalet.com/eunl/vistry-dam/IqnhTSdRjUqrf8KMkrUF3Q/jcebTjJqQ02ph8y29mRBDg/Custom/1DXB3590%20Edit.jpg","Staged showhome interior space."
"Countryside Homes @ Sherford","Countryside Homes @ Sherford development gallery","","https://www.countrysidehomes.com/developments/devon/sherford-countrysidehomes","images/e0659ab1b00430ff2f682d9477b8444cfad2e0621f912817364be082ef09ec09.jpg","https://cdn.mediavalet.com/eunl/vistry-dam/4C2j0UqrZE6GZEN03tOQMg/st96hgXW1EuezWPXXax4tA/Custom/VCSW-SHERFORD-COUNTRYSIDE-ZERODEPOSIT-EVENT.jpg","Staged showhome interior space."
"Countryside Homes @ Sherford","Countryside Homes @ Sherford development gallery","","https://www.countrysidehomes.com/developments/devon/sherford-countrysidehomes","images/a9a512c00310dde67a07cee60aa908e5ec4dc788edb8ec08db393c3af30ec319.jpg","https://cdn.mediavalet.com/eunl/vistry-dam/WMAu0FBN60mppCJP8mCZcA/DTjvQJcLBUm91y8BNmTw7w/Custom/Q426%20CH%20Hero%20Sherford_1280x853.jpg","Staged showhome interior space."
"Countryside Homes @ Sherford","Countryside Homes @ Sherford development gallery","","https://www.countrysidehomes.com/developments/devon/sherford-countrysidehomes","images/35a7a27fec5f42d94b545b9f049ca35537ef297e9e5b687be5642eb69ffd8122.jpg","https://cdn.mediavalet.com/eunl/vistry-dam/Lk-YRMpWukenKfn8-9Cy2Q/8LcTaPzBxEijx_FXY8LgBg/Custom/APR51766%20Edit.jpg","Staged showhome interior space."
"Countryside Homes @ Sherford","Countryside Homes @ Sherford development gallery","","https://www.countrysidehomes.com/developments/devon/sherford-countrysidehomes","images/683e5af2879c60a03f0d2a39d61d8a6454f78ec66fc62f2cd9e8121cbd11cae7.jpg","https://cdn.mediavalet.com/eunl/vistry-dam/Z17J0EiNfEKkHg7_PSKbLA/gvGmtMQ9K0aZ6erGnPYy-A/Custom/DS17137%20ZERO%20deposit%201280x853%20CH.jpg","Staged showhome interior space."
"Countryside Homes @ Sherford","Countryside Homes @ Sherford development gallery","","https://www.countrysidehomes.com/developments/devon/sherford-countrysidehomes","images/185b94c361bafec29257670c846640f5625c48802daddee005cbe369f8d97c6f.jpg","https://cdn.mediavalet.com/eunl/vistry-dam/VT_MFeY76EalkDwiWsfb9A/5n7vt-e2Y0yMBzHkCR3U1Q/Custom/CH%20Energy%20campaign%2021%201280x853.jpg","Staged showhome interior space."
"Countryside Homes @ Sherford","Countryside Homes @ Sherford development gallery","","https://www.countrysidehomes.com/developments/devon/sherford-countrysidehomes","images/428a06ae1c2ebbb1bc2907086aff9ba58100eaaad4d7c188bf0ce88f028aaa9e.png","https://cdn.mediavalet.com/eunl/vistry-dam/FY0Nmjyt0keNuI-UffUizQ/Sz5XvVUIXUGxPeYONkoqTA/Custom/Sherford%20Masterplan%20phase%201%20-%203.png","Staged showhome interior space."
"The Gateway","The Saffron · Plot 379","4","https://www.countrysidehomes.com/developments/east-sussex/the-gateway-bexhill/home-0379","images/14e23108d75e3f13afa63b52f9e04dad7f4c7932b0c42125319b4cd5fe05c662.jpg","https://cdn.mediavalet.com/eunl/vistry-dam/PgfCqHiO-UeHds7I-mcacw/nXnrGJ1MN0mUaqHSz5svRA/Custom/379%20ebxwc.jpg","Staged showhome interior space."
"The Gateway","The Saffron · Plot 379","4","https://www.countrysidehomes.com/developments/east-sussex/the-gateway-bexhill/home-0379","images/93ea4f87c15cb283a9e0a2448910688f43fac8ce543f9ad89a32c70d5e9e6843.jpg","https://cdn.mediavalet.com/eunl/vistry-dam/ieb6y3LxY0ylKXy0NqdqqQ/By-LqcllqEqetK5AS36fag/Custom/6.jpg","Staged showhome interior space."
"The Gateway","The Saffron · Plot 379","4","https://www.countrysidehomes.com/developments/east-sussex/the-gateway-bexhill/home-0379","images/452e5ffeb1469496e3e85430b2060880dba4ac623239a3a8b14cf2817b3e004c.jpg","https://cdn.mediavalet.com/eunl/vistry-dam/BYSYwDSrUk6zbVa1aI0LJQ/UB56er4JCECZGbo-dC9cog/Custom/4.jpg","Staged showhome interior space."
"The Gateway","The Saffron · Plot 379","4","https://www.countrysidehomes.com/developments/east-sussex/the-gateway-bexhill/home-0379","images/a3cd9e9e09db63d4b6c25c09e94e32e4dc0526866808bd2b82608c3eda0a789f.jpg","https://cdn.mediavalet.com/eunl/vistry-dam/B-7jv5oAyUeeiAPzoA2QLg/33xTFr1kP0CQCDGquu9jug/Custom/1.jpg","Staged showhome interior space."
"The Gateway","The Saffron · Plot 379","4","https://www.countrysidehomes.com/developments/east-sussex/the-gateway-bexhill/home-0379","images/7d9ff83ef233c12d379c456dce4f6d98f7328b32ce52fc50ad536eb506092544.jpg","https://cdn.mediavalet.com/eunl/vistry-dam/gJSLNPy-fk2VaXQnQxZ2nQ/Hmvkln2720-j_hm-A-_tBA/Custom/3.jpg","Staged showhome interior space."
"The Gateway","The Saffron · Plot 379","4","https://www.countrysidehomes.com/developments/east-sussex/the-gateway-bexhill/home-0379","images/95cb83eeda0bf7389a22098d61192dee27dddfde7c888c3dd311a15c584e1f79.jpg","https://cdn.mediavalet.com/eunl/vistry-dam/WKb7ksDxYEeHdxUdNYcaUA/aR7aem6MBkeNyRZkHOOG1w/Custom/5.jpg","Staged showhome interior space."
"The Gateway","The Saffron · Plot 379","4","https://www.countrysidehomes.com/developments/east-sussex/the-gateway-bexhill/home-0379","images/0723d9305068c2956e7c39ffab2655c10f4e91b940607d12dedb66efc5554188.jpg","https://cdn.mediavalet.com/eunl/vistry-dam/Wkkmu1EZ0EyRLLElBvkgDA/GutZUaf_AkiKCs4XeO05iw/Custom/7.jpg","Staged showhome interior space."
"The Gateway","The Saffron · Plot 379","4","https://www.countrysidehomes.com/developments/east-sussex/the-gateway-bexhill/home-0379","images/e29a38e513c1f2ef0087201f54fd5c8046faacc97cae3b7a89a459675346ae7a.jpg","https://cdn.mediavalet.com/eunl/vistry-dam/YaZOSb0vfkerReOQM1oWtA/teTsPOXzskWdNeMaYKSpdg/Custom/2.jpg","Staged showhome interior space."
"The Gateway","The Saffron · Plot 379","4","https://www.countrysidehomes.com/developments/east-sussex/the-gateway-bexhill/home-0379","images/727dc1841d4d33418f845e5a1f91c46391a1f2e71b61652c936cf5cf0c972c94.jpg","https://cdn.mediavalet.com/eunl/vistry-dam/29pm66HUXE2p9NX4SCtyjw/km0gpq44Fk2qXmlzA7dsyA/Custom/Saffron%20CGI.jpg","Staged showhome interior space."
"The Gateway","The Saffron · Plot 379","4","https://www.countrysidehomes.com/developments/east-sussex/the-gateway-bexhill/home-0379","images/02cdb9f5dcca035a77d1ae7c716cfd4e6f84cddf31b2d92a8ae7f81ee0bdc877.jpg","https://mvdataappstorageeunlprod.blob.core.windows.net/medialibrary-34218e3cae6c4041a23eb8b1cf91be27-r/80a2167090464bb8a51c8876d961d27f/80a2167090464bb8a51c8876d961d27f/Large/Saffron%20Ground%20Floor.jpg?sv=2017-04-17&sr=b&si=202008111853&sig=6wy0T6%2FGsCDyJRmxLf4lCG5nR67NptjZ0FyfrwrDdfg%3D&st=1179-03-27T08%3A15%3A40Z&se=2035-07-09T23%3A28%3A58Z","Staged showhome interior space."
"The Gateway","The Saffron · Plot 379","4","https://www.countrysidehomes.com/developments/east-sussex/the-gateway-bexhill/home-0379","images/e06609b4acf0fd5725f3f754a018ec54b635e2e6f0bb0109e059bdb0e01bd992.jpg","https://mvdataappstorageeunlprod.blob.core.windows.net/medialibrary-34218e3cae6c4041a23eb8b1cf91be27-r/c322e1dbf4904694abd1f8fe98b77539/c322e1dbf4904694abd1f8fe98b77539/Large/Saffron%20First%20Floor.jpg?sv=2017-04-17&sr=b&si=202008111853&sig=sRWObRwa%2BnU%2F4wYMfhVh%2BSybtfOLMmVGPjCj61UYIyA%3D&st=1117-04-22T12%3A28%3A01Z&se=2035-07-09T23%3A31%3A13Z","Staged showhome interior space."
"The Gateway","The Saffron · Plot 380","4","https://www.countrysidehomes.com/developments/east-sussex/the-gateway-bexhill/home-0380","images/5f805a0743e7c8bbdd9f05d42ba512bba0ea98ad32e6a06abe6910ccc9f7672e.jpg","https://cdn.mediavalet.com/eunl/vistry-dam/ZAdJmhK0cUGTgnxPfJpG0Q/iKKiUNTUBEiHXHqJsS5uUw/Custom/380%20ebxwc.jpg","Staged showhome interior space."
"The Gateway","The Saffron · Plot 380","4","https://www.countrysidehomes.com/developments/east-sussex/the-gateway-bexhill/home-0380","images/93ea4f87c15cb283a9e0a2448910688f43fac8ce543f9ad89a32c70d5e9e6843.jpg","https://cdn.mediavalet.com/eunl/vistry-dam/ieb6y3LxY0ylKXy0NqdqqQ/By-LqcllqEqetK5AS36fag/Custom/6.jpg","Staged showhome interior space."
"The Gateway","The Saffron · Plot 380","4","https://www.countrysidehomes.com/developments/east-sussex/the-gateway-bexhill/home-0380","images/452e5ffeb1469496e3e85430b2060880dba4ac623239a3a8b14cf2817b3e004c.jpg","https://cdn.mediavalet.com/eunl/vistry-dam/BYSYwDSrUk6zbVa1aI0LJQ/UB56er4JCECZGbo-dC9cog/Custom/4.jpg","Staged showhome interior space."
"The Gateway","The Saffron · Plot 380","4","https://www.countrysidehomes.com/developments/east-sussex/the-gateway-bexhill/home-0380","images/a3cd9e9e09db63d4b6c25c09e94e32e4dc0526866808bd2b82608c3eda0a789f.jpg","https://cdn.mediavalet.com/eunl/vistry-dam/B-7jv5oAyUeeiAPzoA2QLg/33xTFr1kP0CQCDGquu9jug/Custom/1.jpg","Staged showhome interior space."
"The Gateway","The Saffron · Plot 380","4","https://www.countrysidehomes.com/developments/east-sussex/the-gateway-bexhill/home-0380","images/7d9ff83ef233c12d379c456dce4f6d98f7328b32ce52fc50ad536eb506092544.jpg","https://cdn.mediavalet.com/eunl/vistry-dam/gJSLNPy-fk2VaXQnQxZ2nQ/Hmvkln2720-j_hm-A-_tBA/Custom/3.jpg","Staged showhome interior space."
"The Gateway","The Saffron · Plot 380","4","https://www.countrysidehomes.com/developments/east-sussex/the-gateway-bexhill/home-0380","images/95cb83eeda0bf7389a22098d61192dee27dddfde7c888c3dd311a15c584e1f79.jpg","https://cdn.mediavalet.com/eunl/vistry-dam/WKb7ksDxYEeHdxUdNYcaUA/aR7aem6MBkeNyRZkHOOG1w/Custom/5.jpg","Staged showhome interior space."
"The Gateway","The Saffron · Plot 380","4","https://www.countrysidehomes.com/developments/east-sussex/the-gateway-bexhill/home-0380","images/0723d9305068c2956e7c39ffab2655c10f4e91b940607d12dedb66efc5554188.jpg","https://cdn.mediavalet.com/eunl/vistry-dam/Wkkmu1EZ0EyRLLElBvkgDA/GutZUaf_AkiKCs4XeO05iw/Custom/7.jpg","Staged showhome interior space."
"The Gateway","The Saffron · Plot 380","4","https://www.countrysidehomes.com/developments/east-sussex/the-gateway-bexhill/home-0380","images/e29a38e513c1f2ef0087201f54fd5c8046faacc97cae3b7a89a459675346ae7a.jpg","https://cdn.mediavalet.com/eunl/vistry-dam/YaZOSb0vfkerReOQM1oWtA/teTsPOXzskWdNeMaYKSpdg/Custom/2.jpg","Staged showhome interior space."
"The Gateway","The Saffron · Plot 380","4","https://www.countrysidehomes.com/developments/east-sussex/the-gateway-bexhill/home-0380","images/727dc1841d4d33418f845e5a1f91c46391a1f2e71b61652c936cf5cf0c972c94.jpg","https://cdn.mediavalet.com/eunl/vistry-dam/29pm66HUXE2p9NX4SCtyjw/km0gpq44Fk2qXmlzA7dsyA/Custom/Saffron%20CGI.jpg","Staged showhome interior space."
"The Gateway","The Saffron · Plot 380","4","https://www.countrysidehomes.com/developments/east-sussex/the-gateway-bexhill/home-0380","images/02cdb9f5dcca035a77d1ae7c716cfd4e6f84cddf31b2d92a8ae7f81ee0bdc877.jpg","https://mvdataappstorageeunlprod.blob.core.windows.net/medialibrary-34218e3cae6c4041a23eb8b1cf91be27-r/80a2167090464bb8a51c8876d961d27f/80a2167090464bb8a51c8876d961d27f/Large/Saffron%20Ground%20Floor.jpg?sv=2017-04-17&sr=b&si=202008111853&sig=6wy0T6%2FGsCDyJRmxLf4lCG5nR67NptjZ0FyfrwrDdfg%3D&st=1179-03-27T08%3A15%3A40Z&se=2035-07-09T23%3A28%3A58Z","Staged showhome interior space."
"The Gateway","The Saffron · Plot 380","4","https://www.countrysidehomes.com/developments/east-sussex/the-gateway-bexhill/home-0380","images/e06609b4acf0fd5725f3f754a018ec54b635e2e6f0bb0109e059bdb0e01bd992.jpg","https://mvdataappstorageeunlprod.blob.core.windows.net/medialibrary-34218e3cae6c4041a23eb8b1cf91be27-r/c322e1dbf4904694abd1f8fe98b77539/c322e1dbf4904694abd1f8fe98b77539/Large/Saffron%20First%20Floor.jpg?sv=2017-04-17&sr=b&si=202008111853&sig=sRWObRwa%2BnU%2F4wYMfhVh%2BSybtfOLMmVGPjCj61UYIyA%3D&st=1117-04-22T12%3A28%3A01Z&se=2035-07-09T23%3A31%3A13Z","Staged showhome interior space."
"The Gateway","Sage Home · Plot 20","3","https://www.countrysidehomes.com/developments/east-sussex/the-gateway-bexhill/home-0020","images/0b7ecf6b1a93643417dc034a4fd4d793fc1625fc78c18a86821c98e76dc38a2f.jpg","https://cdn.mediavalet.com/eunl/vistry-dam/ecBXQd-88kCW4IlxDHE_4Q/b2zBKxOj2keaeIe-LeIQDQ/Custom/Sunflower%20CGI.jpg","Staged showhome interior space."
"The Gateway","Sage Home · Plot 20","3","https://www.countrysidehomes.com/developments/east-sussex/the-gateway-bexhill/home-0020","images/c7a1a973aaa52bf1d9a19b165e9251f9dc756566a460cf8aacdbb163b27c4d74.jpg","https://cdn.mediavalet.com/eunl/vistry-dam/AF4TysW48U62f0JFxc7WyQ/IJiTCFcVskOSToeEeE4Spw/Custom/Richmond%20Dining%20Kitchen.jpg","Staged showhome kitchen."
"The Gateway","Sage Home · Plot 20","3","https://www.countrysidehomes.com/developments/east-sussex/the-gateway-bexhill/home-0020","images/64b4eb4b1e9002f39af94b4b87b2ce05e82af4792fc91325dda113af9a8ac093.jpg","https://cdn.mediavalet.com/eunl/vistry-dam/Nq2Sg5O1e0en0j7OE8LCGg/-xoaOacsxU6GAl4GyjvSfQ/Custom/Plover%20Bedroom%201.jpg","Staged showhome bedroom."
"The Gateway","Sage Home · Plot 20","3","https://www.countrysidehomes.com/developments/east-sussex/the-gateway-bexhill/home-0020","images/9be219888c3aa37f34ce5f3af0ac843bd373c8a9549b464ffc48beba84c20b93.jpg","https://cdn.mediavalet.com/eunl/vistry-dam/UekJD8NR3UC5UaTqv-RygA/JO2de4394km9x6Qh5ZTMmw/Custom/Kestrel%20Living%20Room.jpg","Staged showhome living room."
"The Gateway","Sage Home · Plot 20","3","https://www.countrysidehomes.com/developments/east-sussex/the-gateway-bexhill/home-0020","images/1774173c604456080988e20c1f97c87973a5b5625553311605dbd92417813d26.jpg","https://cdn.mediavalet.com/eunl/vistry-dam/Ml07iN70j0S0teCbcuNe-g/js3-Vt5J3UGDhWK9nCX_kg/Custom/Vistry%20Morella%20Woods%20The%20Hummingbird%20171125%20129.jpg","Staged showhome interior space."
"The Gateway","Sage Home · Plot 20","3","https://www.countrysidehomes.com/developments/east-sussex/the-gateway-bexhill/home-0020","images/763dcd6eab2bfa20554658dec598e1d75d48a641295a262156c6e015fefc3e46.jpg","https://cdn.mediavalet.com/eunl/vistry-dam/kehWTz41ek2qzCVjfkZnHg/E8ENFvqXXU6Ido2Z7xnTaQ/Custom/The%20Bourne%20Bedroom%202%20CAROUSEL%20IMAGE_Development_Hero_1280x853%20%2010th%20July%202026%20BH.jpg","Staged showhome bedroom."
"The Gateway","Sage Home · Plot 20","3","https://www.countrysidehomes.com/developments/east-sussex/the-gateway-bexhill/home-0020","images/5e1162bb0f189af38d0fcd0a80a8830c2af319e618ea96c1f59cbc00834eb61e.jpg","https://cdn.mediavalet.com/eunl/vistry-dam/RNjkhN87yEi0OZTrqMbALA/ye0H74zWqk-m6MiJ7Fimwg/Custom/Vistry%20Morella%20Woods%20The%20Turnstone%20171125%20092.jpg","Staged showhome interior space."
"The Gateway","Sage Home · Plot 20","3","https://www.countrysidehomes.com/developments/east-sussex/the-gateway-bexhill/home-0020","images/0415d4372e0ee6031b2be0001ec5315ccb5126c479386913b0201883965cc3a4.jpg","https://mvdataappstorageeunlprod.blob.core.windows.net/medialibrary-34218e3cae6c4041a23eb8b1cf91be27/462198f8acbd41208d4e6b6aaae38aaf/462198f8acbd41208d4e6b6aaae38aaf/Original/Sunflower%20GF.jpg?sv=2017-04-17&sr=b&si=202008111744&sig=KZTexPD7qA8OkyZdgB%2FcOoFtT6D9dF62CQU9V2K1Rc8%3D&st=1246-08-01T12%3A58%3A10Z&se=2036-08-27T20%3A59%3A11Z&rsct=application%2Foctet-stream&rscd=attachment%3B%20filename%2A%3DUTF-8%27%27Sunflower%2520GF.jpg","Staged showhome interior space."
"The Gateway","Sage Home · Plot 20","3","https://www.countrysidehomes.com/developments/east-sussex/the-gateway-bexhill/home-0020","images/c493bf83086bc1ab978fa997af6c3bbbaef301367f43e994d8dbea6f651710d0.jpg","https://mvdataappstorageeunlprod.blob.core.windows.net/medialibrary-34218e3cae6c4041a23eb8b1cf91be27/44eefe12f413457a80b4b7ee28ba9bb6/44eefe12f413457a80b4b7ee28ba9bb6/Original/Sunflower%20FF.jpg?sv=2017-04-17&sr=b&si=202008111744&sig=Yo4KPAa9KqDT4mdIR%2FP%2FBqbDm0%2FCUhiq0FWyJXjWS7s%3D&st=0766-12-22T00%3A06%3A41Z&se=2036-08-27T21%3A01%3A05Z&rsct=application%2Foctet-stream&rscd=attachment%3B%20filename%2A%3DUTF-8%27%27Sunflower%2520FF.jpg","Staged showhome interior space."
"The Gateway","Sage Home · Plot 37","3","https://www.countrysidehomes.com/developments/east-sussex/the-gateway-bexhill/home-0037","images/b9f8440ca8dfc5aca1bd57a70f1796bd1e50eca9dae203b2373eff7439a2f0ec.jpg","https://cdn.mediavalet.com/eunl/vistry-dam/kRYAfX-w3UqE7DV7kdVSAQ/ZaxasJRYNUagShT-FYtmiw/Custom/Tulip%20CGI.jpg","Staged showhome interior space."
"The Gateway","Sage Home · Plot 37","3","https://www.countrysidehomes.com/developments/east-sussex/the-gateway-bexhill/home-0037","images/c7a1a973aaa52bf1d9a19b165e9251f9dc756566a460cf8aacdbb163b27c4d74.jpg","https://cdn.mediavalet.com/eunl/vistry-dam/AF4TysW48U62f0JFxc7WyQ/IJiTCFcVskOSToeEeE4Spw/Custom/Richmond%20Dining%20Kitchen.jpg","Staged showhome kitchen."
"The Gateway","Sage Home · Plot 37","3","https://www.countrysidehomes.com/developments/east-sussex/the-gateway-bexhill/home-0037","images/8e1206c9996ebdaa7ba99e9c04bc008060c0b8bf50ab462409c6a06d19cff21c.jpg","https://cdn.mediavalet.com/eunl/vistry-dam/7y3qhdgTekiWDIMMD4llog/cdFx7sbumECBFqVgKZw8Qw/Custom/Jackdaw%20Typical%20Interior%20%282%29.jpg","Staged showhome interior space."
"The Gateway","Sage Home · Plot 37","3","https://www.countrysidehomes.com/developments/east-sussex/the-gateway-bexhill/home-0037","images/beae4849ed7bd6ecedb5c6e27e2785d9868a660591bcbecfcf845a26e7b0e419.jpg","https://cdn.mediavalet.com/eunl/vistry-dam/d91pyFSaNE-nFidJgQoWkA/m_7RI8LeE0eA8caI9FuePQ/Custom/Typical%20Bathroom_Housetype_Plot_-_Hero_860x573%20%282%29.jpg","Staged showhome interior space."
"The Gateway","Sage Home · Plot 37","3","https://www.countrysidehomes.com/developments/east-sussex/the-gateway-bexhill/home-0037","images/42c3b377ec3f62995ce05e785025794dccfca0d9fd83fe2cc7f3ebc313210910.jpg","https://cdn.mediavalet.com/eunl/vistry-dam/1JCvcKoMeUyCrsN8WqtyMA/DPk41LEaeUS55pbeQtOLTA/Custom/Brookmill%20Meadow-051.jpg","Staged showhome interior space."
"The Gateway","Sage Home · Plot 37","3","https://www.countrysidehomes.com/developments/east-sussex/the-gateway-bexhill/home-0037","images/26413a7b35d5f44e240d5f60390ea0fc560161b37f1f4e3e29ce90e25c907074.jpg","https://mvdataappstorageeunlprod.blob.core.windows.net/medialibrary-34218e3cae6c4041a23eb8b1cf91be27-r/d830a29c08d04dc6bcc7e3fa59781f75/d830a29c08d04dc6bcc7e3fa59781f75/Large/Tulip%20Sage%20Ground%20Floor.jpg?sv=2017-04-17&sr=b&si=202008111853&sig=Wqy1GyMI3CLMxbd17ygzw%2FkaNGScQQ05ciXshghyb2U%3D&st=0589-01-11T12%3A58%3A27Z&se=2035-08-07T00%3A48%3A19Z","Staged showhome interior space."
"The Gateway","Sage Home · Plot 37","3","https://www.countrysidehomes.com/developments/east-sussex/the-gateway-bexhill/home-0037","images/38c83fe62f9280ddf787776615f0324878fc64114a566972fc87aaf97ad386e1.jpg","https://mvdataappstorageeunlprod.blob.core.windows.net/medialibrary-34218e3cae6c4041a23eb8b1cf91be27-r/714da15b8beb46a1a09563e965e0fe8d/714da15b8beb46a1a09563e965e0fe8d/Large/Tulip%20First%20Floor.jpg?sv=2017-04-17&sr=b&si=202008111853&sig=WffpeEpWmwqP4wnCV264uda7mAw6Bb%2FkEc3MmHKG6qQ%3D&st=0242-09-24T04%3A36%3A23Z&se=2035-08-07T00%3A49%3A38Z","Staged showhome interior space."
"The Gateway","Sage Home · Plot 37","3","https://www.countrysidehomes.com/developments/east-sussex/the-gateway-bexhill/home-0037","images/e438dd30cf45662c62facd8c964b7e8f3dee99a4cd4967f5c1dc7199874b9a0f.jpg","https://mvdataappstorageeunlprod.blob.core.windows.net/medialibrary-34218e3cae6c4041a23eb8b1cf91be27-r/5b1d955de590491a86acfb16d9937d55/5b1d955de590491a86acfb16d9937d55/Large/Tulip%20Sage%20Second%20Floor.jpg?sv=2017-04-17&sr=b&si=202008111853&sig=HiaQB67E3oKovlmrWRqcPjmIjyWaVsRIgg%2Fgx8Jb5VE%3D&st=1280-07-07T01%3A11%3A09Z&se=2035-08-07T00%3A52%3A15Z","Staged showhome interior space."
"The Gateway","Sage Home · Plot 355","3","https://www.countrysidehomes.com/developments/east-sussex/the-gateway-bexhill/home-0355","images/1cb044b7ad34ba39bbdbb768f807513839c7875b0a01bab12a4ce197c38a08ba.jpg","https://cdn.mediavalet.com/eunl/vistry-dam/nob3GuYAEky0LvM4dX3AYw/azbt0qEAR0aizBSt-yTcRA/Custom/354-355%20ebxwc.jpg","Staged showhome interior space."
"The Gateway","Sage Home · Plot 355","3","https://www.countrysidehomes.com/developments/east-sussex/the-gateway-bexhill/home-0355","images/d01f191c0dea6b7da526b47f41346e9a50bb824685b617fdd5df73422ba4a0af.jpg","https://cdn.mediavalet.com/eunl/vistry-dam/Y0fjsoFHQE2_stnCVjwbEg/bfKkkJbGt0m0NMlkfeEgSg/Custom/Oakham%20Kitchen%20Spec.jpg","Staged showhome kitchen."
"The Gateway","Sage Home · Plot 355","3","https://www.countrysidehomes.com/developments/east-sussex/the-gateway-bexhill/home-0355","images/80f1077a739b2fab34dd861a52bde37da1a4f6ac2e6f7c33546373f963671471.jpg","https://cdn.mediavalet.com/eunl/vistry-dam/5po7KvrUQEmGlUT0LLFd8Q/nDk70mDvoU6c_oOcQcwjjg/Custom/Eastbrook%20Village-The%20Ashop-LVR.jpg","Staged showhome interior space."
"The Gateway","Sage Home · Plot 355","3","https://www.countrysidehomes.com/developments/east-sussex/the-gateway-bexhill/home-0355","images/a000a63174082a886fc3e232966171dde4fd543bc1a012130df7e60cab4b56ae.jpg","https://cdn.mediavalet.com/eunl/vistry-dam/h-jiNN9zyEuYqH-0LFWEZA/JcDoxqxPLU6IacY2_ynYOw/Custom/329924259-www-andrewhendry-com32-rt2.jpg","Staged showhome interior space."
"The Gateway","Sage Home · Plot 355","3","https://www.countrysidehomes.com/developments/east-sussex/the-gateway-bexhill/home-0355","images/22d7385be69666226ca820220a97bc0e8078d5a5bcf617b12e8744f0b5455f65.jpg","https://cdn.mediavalet.com/eunl/vistry-dam/BzlemugB-E6PtWPLeT1kLA/yKGOu6-oh0eGoXIyxWKgLA/Custom/Turnstone%20Bathroom.jpg","Staged showhome bathroom."
"The Gateway","Sage Home · Plot 355","3","https://www.countrysidehomes.com/developments/east-sussex/the-gateway-bexhill/home-0355","images/5386f2842d4d2344753fad140ff1b5bd39cb7fc5b8aae4415db38595c4468d5a.jpg","https://cdn.mediavalet.com/eunl/vistry-dam/gW5VQE_Z-0KwT0LzUtXW4w/URZm3l4vpkmCgQhT5bniZA/Custom/The%20Longford%20Showhome.jpg","Staged showhome interior space."
"The Gateway","Sage Home · Plot 355","3","https://www.countrysidehomes.com/developments/east-sussex/the-gateway-bexhill/home-0355","images/804e54469ed19a8e5b18022250a58500410e0b0210fd83e65957605f2eec0600.jpg","https://cdn.mediavalet.com/eunl/vistry-dam/0NAQUqXyT0CZT8L3V0uVsw/dlUJyUuEcEGH64ubIEyIGA/Custom/Forget%20Me%20Not%20CGI.jpg","Staged showhome interior space."
"The Gateway","Sage Home · Plot 355","3","https://www.countrysidehomes.com/developments/east-sussex/the-gateway-bexhill/home-0355","images/cbfbb495bba9236f1e39c4e1a98f41a1025d8f97a839e45b484906efab8ffb3e.jpg","https://mvdataappstorageeunlprod.blob.core.windows.net/medialibrary-34218e3cae6c4041a23eb8b1cf91be27-r/abd0dd6a57ab4c03a3bb16e0d81bca53/abd0dd6a57ab4c03a3bb16e0d81bca53/Large/Forget%20Me%20Not%20Ground%20Floor.jpg?sv=2017-04-17&sr=b&si=202008111853&sig=n8Wl5SnKR3rAK0nxDgDfm4ArxOWez15g%2BsRnm5G6T2g%3D&st=0736-08-05T18%3A17%3A07Z&se=2034-11-22T02%3A49%3A38Z","Staged showhome interior space."
"The Gateway","Sage Home · Plot 355","3","https://www.countrysidehomes.com/developments/east-sussex/the-gateway-bexhill/home-0355","images/c6a8365d5f6f6c22f6390edfeb2044cefd616dfe557675e55bd8118ec86e5412.jpg","https://mvdataappstorageeunlprod.blob.core.windows.net/medialibrary-34218e3cae6c4041a23eb8b1cf91be27-r/132ac17fe85c42af9317b23cd5e8dfd0/132ac17fe85c42af9317b23cd5e8dfd0/Large/Forget%20Me%20Not%20First%20Floor.jpg?sv=2017-04-17&sr=b&si=202008111853&sig=FxB%2FdgtISucgMwTLyybRdL%2FCQkFVrpYDY5Lecm10ZhE%3D&st=1030-10-30T08%3A01%3A22Z&se=2034-11-22T02%3A51%3A12Z","Staged showhome interior space."
"The Gateway","Sage Home · Plot 353","3","https://www.countrysidehomes.com/developments/east-sussex/the-gateway-bexhill/home-0353","images/c6cb04d00b5cc13b6e2dfd02d7e0b1f0d9da119c8ef0d5c7032ffc51b177002a.jpg","https://cdn.mediavalet.com/eunl/vistry-dam/h8IB_Sx4yUKdEVIi37IcJQ/1wRJYo2lnU63ME0xO-zmoA/Custom/ebxwc%20353.jpg","Staged showhome interior space."
"The Gateway","Sage Home · Plot 353","3","https://www.countrysidehomes.com/developments/east-sussex/the-gateway-bexhill/home-0353","images/d01f191c0dea6b7da526b47f41346e9a50bb824685b617fdd5df73422ba4a0af.jpg","https://cdn.mediavalet.com/eunl/vistry-dam/Y0fjsoFHQE2_stnCVjwbEg/bfKkkJbGt0m0NMlkfeEgSg/Custom/Oakham%20Kitchen%20Spec.jpg","Staged showhome kitchen."
"The Gateway","Sage Home · Plot 353","3","https://www.countrysidehomes.com/developments/east-sussex/the-gateway-bexhill/home-0353","images/aaddff7446e9b7c3de6637ffff5dc073bb1ebb001b6c5c80fda6b13f77e2163e.jpg","https://cdn.mediavalet.com/eunl/vistry-dam/eAn8FNO6M0yNblOmqtbKsQ/0WHz_9iuwUexqJsCb_EyfA/Custom/The%20Hamstone_Living%20Room.jpg","Staged showhome interior space."
"The Gateway","Sage Home · Plot 353","3","https://www.countrysidehomes.com/developments/east-sussex/the-gateway-bexhill/home-0353","images/a000a63174082a886fc3e232966171dde4fd543bc1a012130df7e60cab4b56ae.jpg","https://cdn.mediavalet.com/eunl/vistry-dam/h-jiNN9zyEuYqH-0LFWEZA/JcDoxqxPLU6IacY2_ynYOw/Custom/329924259-www-andrewhendry-com32-rt2.jpg","Staged showhome interior space."
"The Gateway","Sage Home · Plot 353","3","https://www.countrysidehomes.com/developments/east-sussex/the-gateway-bexhill/home-0353","images/22d7385be69666226ca820220a97bc0e8078d5a5bcf617b12e8744f0b5455f65.jpg","https://cdn.mediavalet.com/eunl/vistry-dam/BzlemugB-E6PtWPLeT1kLA/yKGOu6-oh0eGoXIyxWKgLA/Custom/Turnstone%20Bathroom.jpg","Staged showhome bathroom."
"The Gateway","Sage Home · Plot 353","3","https://www.countrysidehomes.com/developments/east-sussex/the-gateway-bexhill/home-0353","images/5386f2842d4d2344753fad140ff1b5bd39cb7fc5b8aae4415db38595c4468d5a.jpg","https://cdn.mediavalet.com/eunl/vistry-dam/gW5VQE_Z-0KwT0LzUtXW4w/URZm3l4vpkmCgQhT5bniZA/Custom/The%20Longford%20Showhome.jpg","Staged showhome interior space."
"The Gateway","Sage Home · Plot 353","3","https://www.countrysidehomes.com/developments/east-sussex/the-gateway-bexhill/home-0353","images/804e54469ed19a8e5b18022250a58500410e0b0210fd83e65957605f2eec0600.jpg","https://cdn.mediavalet.com/eunl/vistry-dam/0NAQUqXyT0CZT8L3V0uVsw/dlUJyUuEcEGH64ubIEyIGA/Custom/Forget%20Me%20Not%20CGI.jpg","Staged showhome interior space."
"The Gateway","Sage Home · Plot 353","3","https://www.countrysidehomes.com/developments/east-sussex/the-gateway-bexhill/home-0353","images/cbfbb495bba9236f1e39c4e1a98f41a1025d8f97a839e45b484906efab8ffb3e.jpg","https://mvdataappstorageeunlprod.blob.core.windows.net/medialibrary-34218e3cae6c4041a23eb8b1cf91be27-r/abd0dd6a57ab4c03a3bb16e0d81bca53/abd0dd6a57ab4c03a3bb16e0d81bca53/Large/Forget%20Me%20Not%20Ground%20Floor.jpg?sv=2017-04-17&sr=b&si=202008111853&sig=n8Wl5SnKR3rAK0nxDgDfm4ArxOWez15g%2BsRnm5G6T2g%3D&st=0736-08-05T18%3A17%3A07Z&se=2034-11-22T02%3A49%3A38Z","Staged showhome interior space."
"The Gateway","Sage Home · Plot 353","3","https://www.countrysidehomes.com/developments/east-sussex/the-gateway-bexhill/home-0353","images/c6a8365d5f6f6c22f6390edfeb2044cefd616dfe557675e55bd8118ec86e5412.jpg","https://mvdataappstorageeunlprod.blob.core.windows.net/medialibrary-34218e3cae6c4041a23eb8b1cf91be27-r/132ac17fe85c42af9317b23cd5e8dfd0/132ac17fe85c42af9317b23cd5e8dfd0/Large/Forget%20Me%20Not%20First%20Floor.jpg?sv=2017-04-17&sr=b&si=202008111853&sig=FxB%2FdgtISucgMwTLyybRdL%2FCQkFVrpYDY5Lecm10ZhE%3D&st=1030-10-30T08%3A01%3A22Z&se=2034-11-22T02%3A51%3A12Z","Staged showhome interior space."
"The Gateway","The Gateway development gallery","","https://www.countrysidehomes.com/developments/east-sussex/the-gateway-bexhill","images/202fee5ad389de89b40f7a8e9c9e7be22fb4c2d4104c0dac40f7bf86310cee39.png","https://cdn.mediavalet.com/eunl/vistry-dam/S3ZqVYkOFkaImL1K5wvDVg/9mvphgxVcEOtIkVUfFbO7A/Custom/Ch%20Bexhill%20CGI%20Hero%20Image.png","Staged showhome interior space."
"The Gateway","The Gateway development gallery","","https://www.countrysidehomes.com/developments/east-sussex/the-gateway-bexhill","images/bf163287417537dd5b852a992e1442bc7454520e4ef08f43d6c42900597ac3da.jpg","https://cdn.mediavalet.com/eunl/vistry-dam/TuzOM5HLMEKT_lpH8KsuEA/cUueA7cYw0yfvOi47Sw0Lg/Custom/R51_1170.jpg","Staged showhome interior space."
"The Gateway","The Gateway development gallery","","https://www.countrysidehomes.com/developments/east-sussex/the-gateway-bexhill","images/a143a7faa7a9edfd3636f75eaa13d8a087747d34e0a9726a4c89cfbe647a8e56.jpg","https://cdn.mediavalet.com/eunl/vistry-dam/CTh0EeTs9k-qs66tIQyNHQ/pD3lL8ynekOVT3d3wZHsWw/Custom/R51_1660.jpg","Staged showhome interior space."
"The Gateway","The Gateway development gallery","","https://www.countrysidehomes.com/developments/east-sussex/the-gateway-bexhill","images/02e07be94636c1dfe2a49a7ff26268f6bad0709ee6aa0dd9d827acd7460eb39d.jpg","https://cdn.mediavalet.com/eunl/vistry-dam/KTmm-i2THEeqO3InGnMiHA/kqIT3X49u0Wf1ZRXyLQSJg/Custom/R51_1305.jpg","Staged showhome interior space."
"The Gateway","The Gateway development gallery","","https://www.countrysidehomes.com/developments/east-sussex/the-gateway-bexhill","images/8973502f1ef2fc865b8b507cf4efc2c504ac4c04f1b4789f31d46a2ce7b650e7.jpg","https://cdn.mediavalet.com/eunl/vistry-dam/eLeRYD04M0C6iKWXTni_oA/rKY4oOGxAk2t_0AnY7aprw/Custom/SJH_3093_staged1.jpg","Staged showhome interior space."
"The Gateway","The Gateway development gallery","","https://www.countrysidehomes.com/developments/east-sussex/the-gateway-bexhill","images/784197dcb5f2123b7adb5f20bb1b2340867d0c4526ecc12a298466d3b9708efa.jpg","https://cdn.mediavalet.com/eunl/vistry-dam/IIT6VERT8EKG0uUxqTVygw/t7__SNdO8Eq3MWK4GRtvfw/Custom/R51_1610.jpg","Staged showhome interior space."
"The Gateway","The Gateway development gallery","","https://www.countrysidehomes.com/developments/east-sussex/the-gateway-bexhill","images/86214f9d6ae007d514392b26cc3cfc9f0a1d1d8d43f5622d9d5b947280c24c2a.png","https://cdn.mediavalet.com/eunl/vistry-dam/_mcT_kDIGECgo0b-PFRnDA/nuMn-E5GbUqrG5Dv75t1Hw/Custom/RKH_85773_VGK%20-%20CH%20Sage%20infographic_Web%20Hero%20Image_1280x853px.png","Staged showhome interior space."
"The Gateway","The Gateway development gallery","","https://www.countrysidehomes.com/developments/east-sussex/the-gateway-bexhill","images/2789f12adbde207817258db28cea0acbfe60d23345241e087e4e1f296f54d01e.jpg","https://cdn.mediavalet.com/eunl/vistry-dam/SVZAOGkGl0-NWvjEVlHjbw/kM99QeStcUKiqQXPvEkwrg/Custom/Smooth%20Move%20lifestyle.jpg","Staged showhome interior space."
"Wolsey Park","The Foxglove · Plot 402","2","https://www.countrysidehomes.com/developments/essex/wolsey-park-rayleigh/home-0402","images/21a37dc1a116a348d292d99488711d81f8e091abf67a69d0649a6f02e6b043bd.jpg","https://cdn.mediavalet.com/eunl/vistry-dam/tKx8ZGaztkCPe-tgYP3klA/NdH9OzE8V0CLBscAAyZSow/Custom/Foxglove%20semi.jpg","Staged showhome interior space."
"Wolsey Park","The Foxglove · Plot 402","2","https://www.countrysidehomes.com/developments/essex/wolsey-park-rayleigh/home-0402","images/3ae137344f87446af53f66121b403b05c506cc03df747434fb67cb81dae5fdf9.jpg","https://cdn.mediavalet.com/eunl/vistry-dam/HZzYKAi1F0Gs6YbKgMECjg/tiu79nCDQEWOZq7eGiMX_Q/Custom/2201572-096.jpg","Staged showhome interior space."
"Wolsey Park","The Foxglove · Plot 402","2","https://www.countrysidehomes.com/developments/essex/wolsey-park-rayleigh/home-0402","images/f304aa68ba5d940f87d5611245b906000e0894572d84c1bcfe52cdfe78beaf59.jpg","https://cdn.mediavalet.com/eunl/vistry-dam/Ypya6L9u60CdmOoEfpe7rg/iV2FnJVG2km-QbbRjHL24w/Custom/2201569-009.jpg","Staged showhome interior space."
"Wolsey Park","The Foxglove · Plot 402","2","https://www.countrysidehomes.com/developments/essex/wolsey-park-rayleigh/home-0402","images/767bcaf95b89ff60b096de3ee1b97135ad50b4b2db33685819ac681086cafd52.jpg","https://cdn.mediavalet.com/eunl/vistry-dam/ZiwKbp2oQU-JB4vdQICN9Q/gf9B9Hn4aUOUL35U1-TrOA/Custom/MER_BOVIS_HOLLY_008.jpg","Staged showhome interior space."
"Wolsey Park","The Foxglove · Plot 402","2","https://www.countrysidehomes.com/developments/essex/wolsey-park-rayleigh/home-0402","images/200c06520f3685e3be4ae2677ef977ad20d542d446394543f78a4c3bfd5893a5.jpg","https://cdn.mediavalet.com/eunl/vistry-dam/sIEOm4_WvUmYNPcmnjmeXg/osBQuhTtj0KpZC3498suZA/Custom/MER_BOVIS_HOLLY_007.jpg","Staged showhome interior space."
"Wolsey Park","The Foxglove · Plot 402","2","https://www.countrysidehomes.com/developments/essex/wolsey-park-rayleigh/home-0402","images/14191ba0bd4489d91545c3cd836342b90da76601da8584e129e3fd1a57eb653e.jpg","https://cdn.mediavalet.com/eunl/vistry-dam/g52HLg_O10-roV6N3yENOQ/zZL5f-b-fEekURx_OrStTw/Custom/The%20Elm%20Alt%20-%20Typical%20Photography%208.jpg","Staged showhome interior space."
"Wolsey Park","The Foxglove · Plot 402","2","https://www.countrysidehomes.com/developments/essex/wolsey-park-rayleigh/home-0402","images/f30f9844a844a4f72f435b7c2deaebe59a7a79b683ef21ff3e4527d02d9f5143.jpg","https://mvdataappstorageeunlprod.blob.core.windows.net/medialibrary-34218e3cae6c4041a23eb8b1cf91be27/2d6aedf9ee14437fbd0b1fbf447758c9/2d6aedf9ee14437fbd0b1fbf447758c9/Original/Foxglove_GF.jpg?sv=2017-04-17&sr=b&si=202008111744&sig=QQepj4eP%2B96p7HMUMlyPTLM6zZYd5jAt3oQpivOMVqM%3D&st=0001-01-01T00%3A00%3A00Z&se=2036-04-22T01%3A10%3A57Z&rsct=application%2Foctet-stream&rscd=attachment%3B%20filename%2A%3DUTF-8%27%27Foxglove_GF.jpg","Staged showhome interior space."
"Wolsey Park","The Foxglove · Plot 402","2","https://www.countrysidehomes.com/developments/essex/wolsey-park-rayleigh/home-0402","images/d7ebb2714b01bddf400291a8df2dc2614d75e8e2b9c773c4d04e16eb114ada2e.jpg","https://mvdataappstorageeunlprod.blob.core.windows.net/medialibrary-34218e3cae6c4041a23eb8b1cf91be27/0a50f233de794bed98e6edc0eee8b450/0a50f233de794bed98e6edc0eee8b450/Original/Foxglove_FF.jpg?sv=2017-04-17&sr=b&si=202008111744&sig=uui0AWo%2BgVLu3ULam6HDJA05VDij8%2B%2Flj329tvQ%2B16Q%3D&st=0001-01-01T00%3A00%3A00Z&se=2036-04-22T01%3A13%3A48Z&rsct=application%2Foctet-stream&rscd=attachment%3B%20filename%2A%3DUTF-8%27%27Foxglove_FF.jpg","Staged showhome interior space."
"Wolsey Park","The Foxglove · Plot 401","2","https://www.countrysidehomes.com/developments/essex/wolsey-park-rayleigh/home-0401","images/21a37dc1a116a348d292d99488711d81f8e091abf67a69d0649a6f02e6b043bd.jpg","https://cdn.mediavalet.com/eunl/vistry-dam/tKx8ZGaztkCPe-tgYP3klA/NdH9OzE8V0CLBscAAyZSow/Custom/Foxglove%20semi.jpg","Staged showhome interior space."
"Wolsey Park","The Foxglove · Plot 401","2","https://www.countrysidehomes.com/developments/essex/wolsey-park-rayleigh/home-0401","images/3ae137344f87446af53f66121b403b05c506cc03df747434fb67cb81dae5fdf9.jpg","https://cdn.mediavalet.com/eunl/vistry-dam/HZzYKAi1F0Gs6YbKgMECjg/tiu79nCDQEWOZq7eGiMX_Q/Custom/2201572-096.jpg","Staged showhome interior space."
"Wolsey Park","The Foxglove · Plot 401","2","https://www.countrysidehomes.com/developments/essex/wolsey-park-rayleigh/home-0401","images/f304aa68ba5d940f87d5611245b906000e0894572d84c1bcfe52cdfe78beaf59.jpg","https://cdn.mediavalet.com/eunl/vistry-dam/Ypya6L9u60CdmOoEfpe7rg/iV2FnJVG2km-QbbRjHL24w/Custom/2201569-009.jpg","Staged showhome interior space."
"Wolsey Park","The Foxglove · Plot 401","2","https://www.countrysidehomes.com/developments/essex/wolsey-park-rayleigh/home-0401","images/767bcaf95b89ff60b096de3ee1b97135ad50b4b2db33685819ac681086cafd52.jpg","https://cdn.mediavalet.com/eunl/vistry-dam/ZiwKbp2oQU-JB4vdQICN9Q/gf9B9Hn4aUOUL35U1-TrOA/Custom/MER_BOVIS_HOLLY_008.jpg","Staged showhome interior space."
"Wolsey Park","The Foxglove · Plot 401","2","https://www.countrysidehomes.com/developments/essex/wolsey-park-rayleigh/home-0401","images/200c06520f3685e3be4ae2677ef977ad20d542d446394543f78a4c3bfd5893a5.jpg","https://cdn.mediavalet.com/eunl/vistry-dam/sIEOm4_WvUmYNPcmnjmeXg/osBQuhTtj0KpZC3498suZA/Custom/MER_BOVIS_HOLLY_007.jpg","Staged showhome interior space."
"Wolsey Park","The Foxglove · Plot 401","2","https://www.countrysidehomes.com/developments/essex/wolsey-park-rayleigh/home-0401","images/14191ba0bd4489d91545c3cd836342b90da76601da8584e129e3fd1a57eb653e.jpg","https://cdn.mediavalet.com/eunl/vistry-dam/g52HLg_O10-roV6N3yENOQ/zZL5f-b-fEekURx_OrStTw/Custom/The%20Elm%20Alt%20-%20Typical%20Photography%208.jpg","Staged showhome interior space."
"Wolsey Park","The Foxglove · Plot 401","2","https://www.countrysidehomes.com/developments/essex/wolsey-park-rayleigh/home-0401","images/f30f9844a844a4f72f435b7c2deaebe59a7a79b683ef21ff3e4527d02d9f5143.jpg","https://mvdataappstorageeunlprod.blob.core.windows.net/medialibrary-34218e3cae6c4041a23eb8b1cf91be27/2d6aedf9ee14437fbd0b1fbf447758c9/2d6aedf9ee14437fbd0b1fbf447758c9/Original/Foxglove_GF.jpg?sv=2017-04-17&sr=b&si=202008111744&sig=QQepj4eP%2B96p7HMUMlyPTLM6zZYd5jAt3oQpivOMVqM%3D&st=0001-01-01T00%3A00%3A00Z&se=2036-04-22T01%3A10%3A57Z&rsct=application%2Foctet-stream&rscd=attachment%3B%20filename%2A%3DUTF-8%27%27Foxglove_GF.jpg","Staged showhome interior space."
"Wolsey Park","The Foxglove · Plot 401","2","https://www.countrysidehomes.com/developments/essex/wolsey-park-rayleigh/home-0401","images/d7ebb2714b01bddf400291a8df2dc2614d75e8e2b9c773c4d04e16eb114ada2e.jpg","https://mvdataappstorageeunlprod.blob.core.windows.net/medialibrary-34218e3cae6c4041a23eb8b1cf91be27/0a50f233de794bed98e6edc0eee8b450/0a50f233de794bed98e6edc0eee8b450/Original/Foxglove_FF.jpg?sv=2017-04-17&sr=b&si=202008111744&sig=uui0AWo%2BgVLu3ULam6HDJA05VDij8%2B%2Flj329tvQ%2B16Q%3D&st=0001-01-01T00%3A00%3A00Z&se=2036-04-22T01%3A13%3A48Z&rsct=application%2Foctet-stream&rscd=attachment%3B%20filename%2A%3DUTF-8%27%27Foxglove_FF.jpg","Staged showhome interior space."
"Wolsey Park","The Tulip · Plot 372","3","https://www.countrysidehomes.com/developments/essex/wolsey-park-rayleigh/home-0372","images/9f3ed11ff3d7c678b768936846295e6e588f59ac351fc5d43c21e6731757ef40.jpg","https://cdn.mediavalet.com/eunl/vistry-dam/jtBbIl4uaU2dpYklrsPMfg/ozzZn4FZukiLGEULJZQ1kg/Custom/262405-49a.jpg","Staged showhome interior space."
"Wolsey Park","The Tulip · Plot 372","3","https://www.countrysidehomes.com/developments/essex/wolsey-park-rayleigh/home-0372","images/0c9bc4b1c1a486fa63751b2c0817b94759bbf62b9d1f1b588f94354dc791dbe0.jpg","https://cdn.mediavalet.com/eunl/vistry-dam/8lmUdaRUdEOEem_dTG3zSA/2i2Ti3vDH0eeJVmTU8qtsA/Custom/262405-01.jpg","Staged showhome interior space."
"Wolsey Park","The Tulip · Plot 372","3","https://www.countrysidehomes.com/developments/essex/wolsey-park-rayleigh/home-0372","images/a233c7a3f4c67c7f1d75ee56b29183e21e05b768e7d6184940d16496baec7d4f.jpg","https://cdn.mediavalet.com/eunl/vistry-dam/ThFwFLv8Q0qSkNr4wIsn1g/nh9l1rasukCbNdN7jgsVpw/Custom/262405-13.jpg","Staged showhome interior space."
"Wolsey Park","The Tulip · Plot 372","3","https://www.countrysidehomes.com/developments/essex/wolsey-park-rayleigh/home-0372","images/52856ed4bd05e441d9d29a7442771540b054bd5cfad4d36994364b0edcf6588b.jpg","https://cdn.mediavalet.com/eunl/vistry-dam/_7JkWKkBYEGxi65X-bzbLA/r8KZ10wCL06UzV5rKYzlVg/Custom/262405-18.jpg","Staged showhome interior space."
"Wolsey Park","The Tulip · Plot 372","3","https://www.countrysidehomes.com/developments/essex/wolsey-park-rayleigh/home-0372","images/acb72d437b971ee55944e0671c0a1d46d917b3192686bd0e2dde89d134d426cf.jpg","https://cdn.mediavalet.com/eunl/vistry-dam/vqutRtMDA0OC3eUS0Cel2w/DNRier1p30mpIEaWyEHm8Q/Custom/262405-26.jpg","Staged showhome interior space."
"Wolsey Park","The Tulip · Plot 372","3","https://www.countrysidehomes.com/developments/essex/wolsey-park-rayleigh/home-0372","images/2c7f044c489b6f276bc5e8e2578ec50b95817378fd26727a30a75c810a412afd.jpg","https://cdn.mediavalet.com/eunl/vistry-dam/_yCqA5aFekaZCFPFinnoxA/zuUoj-rC2E2FC_2tiknH0g/Custom/262405-20.jpg","Staged showhome interior space."
"Wolsey Park","The Tulip · Plot 372","3","https://www.countrysidehomes.com/developments/essex/wolsey-park-rayleigh/home-0372","images/ebf68fa1df5f2cfa33885d47248fb96eaefbcaf74925f697f5c6e2b57473da17.jpg","https://cdn.mediavalet.com/eunl/vistry-dam/PFuhcxiGNEm6hmb5gdCI2w/XhhcTeBqhES9wUUhNCC4Mg/Custom/262405-24.jpg","Staged showhome interior space."
"Wolsey Park","The Tulip · Plot 372","3","https://www.countrysidehomes.com/developments/essex/wolsey-park-rayleigh/home-0372","images/ad5c65ccb4cb363bf98c19917501a97a1d12287ee5efcfc43bf90e53b87b3668.jpg","https://cdn.mediavalet.com/eunl/vistry-dam/lC2FdaUap0a6D1jyS0_vgw/JInjHF62yES02rFCgFWRfg/Custom/262405-29.jpg","Staged showhome interior space."
"Wolsey Park","The Tulip · Plot 372","3","https://www.countrysidehomes.com/developments/essex/wolsey-park-rayleigh/home-0372","images/1540b2bdbce22a68be67d78ab62536f4a8548271021803c42769f39f29fed491.jpg","https://cdn.mediavalet.com/eunl/vistry-dam/GdZUVCdwJEK23u0r91ARgg/VYwhD5XYFE6Iuh__e4VfIw/Custom/262405-30.jpg","Staged showhome interior space."
"Wolsey Park","The Tulip · Plot 372","3","https://www.countrysidehomes.com/developments/essex/wolsey-park-rayleigh/home-0372","images/ab755b529f0b66151e6453d747e1a1739519548dfc120788901725c1a948e4c5.jpg","https://cdn.mediavalet.com/eunl/vistry-dam/DmhW3sxw-kiT0vEEecc_Kw/4cmiJyt12kqUhJqZcd8gbw/Custom/262405-28.jpg","Staged showhome interior space."
"Wolsey Park","The Tulip · Plot 372","3","https://www.countrysidehomes.com/developments/essex/wolsey-park-rayleigh/home-0372","images/71ce1e788261332f85737c3657571cdd14bae6906401ec7d12d9359dbc9f5409.jpg","https://cdn.mediavalet.com/eunl/vistry-dam/6Wi4kd7yNkqjLo-lCSIbpQ/cU0nan0LPEa3Pr0XSgD5nw/Custom/262405-06.jpg","Staged showhome interior space."
"Wolsey Park","The Tulip · Plot 372","3","https://www.countrysidehomes.com/developments/essex/wolsey-park-rayleigh/home-0372","images/a1bccf67df46d860945e14af5d3da1c05defee75c3d2249ecfea04df296a1dff.jpg","https://mvdataappstorageeunlprod.blob.core.windows.net/medialibrary-34218e3cae6c4041a23eb8b1cf91be27/3d5212ad5be24f4d958c2fafa7a607a3/3d5212ad5be24f4d958c2fafa7a607a3/Original/Tulip_GF.jpg?sv=2017-04-17&sr=b&si=202008111744&sig=djYfcCCRPvuoFzWz30ECLraqbM8KqAO257Y0yxvjrrw%3D&st=0001-01-01T00%3A00%3A00Z&se=2036-02-21T00%3A29%3A43Z&rsct=application%2Foctet-stream&rscd=attachment%3B%20filename%2A%3DUTF-8%27%27Tulip_GF.jpg","Staged showhome interior space."
"Wolsey Park","The Tulip · Plot 372","3","https://www.countrysidehomes.com/developments/essex/wolsey-park-rayleigh/home-0372","images/71c73b0ea4a53657740990eb8bcd02f21bfa7f729b79ea12fb31f3ba52666dbc.jpg","https://mvdataappstorageeunlprod.blob.core.windows.net/medialibrary-34218e3cae6c4041a23eb8b1cf91be27/907ac5c441c44c92b751cdaec6ea3a87/907ac5c441c44c92b751cdaec6ea3a87/Original/Tulip_FF.jpg?sv=2017-04-17&sr=b&si=202008111744&sig=s0HBJoMu2UXhBk2zlsDJNHZeIbVM89zuvto2TMGrXP8%3D&st=0001-01-01T00%3A00%3A00Z&se=2036-02-21T00%3A29%3A43Z&rsct=application%2Foctet-stream&rscd=attachment%3B%20filename%2A%3DUTF-8%27%27Tulip_FF.jpg","Staged showhome interior space."
"Wolsey Park","The Tulip · Plot 372","3","https://www.countrysidehomes.com/developments/essex/wolsey-park-rayleigh/home-0372","images/d95ad1b591262da573ad0c70780d6b71f16ebf77afd3a07e4671a6ef6a0611a5.jpg","https://mvdataappstorageeunlprod.blob.core.windows.net/medialibrary-34218e3cae6c4041a23eb8b1cf91be27/dea61adf5abd4ce1b215b4dcf2fc6f91/dea61adf5abd4ce1b215b4dcf2fc6f91/Original/Tulip_SF.jpg?sv=2017-04-17&sr=b&si=202008111744&sig=rtG2Uxd2FDL%2FvXinVJOCw96%2B7BHuToDBt0KVwOV7OYU%3D&st=0001-01-01T00%3A00%3A00Z&se=2036-02-21T00%3A31%3A53Z&rsct=application%2Foctet-stream&rscd=attachment%3B%20filename%2A%3DUTF-8%27%27Tulip_SF.jpg","Staged showhome interior space."
"Wolsey Park","The Sunflower · Plot 400","3","https://www.countrysidehomes.com/developments/essex/wolsey-park-rayleigh/home-0400","images/876ff50adc154840749e9e067726c8005fcdb4c7b67f508697e338f277076349.jpg","https://cdn.mediavalet.com/eunl/vistry-dam/PVgyrKa_EkilDqjIXpEtlw/6kXrEy1LJkSCNNhgGYEyFg/Custom/The%20Sunflower.jpg","Staged showhome interior space."
"Wolsey Park","The Sunflower · Plot 400","3","https://www.countrysidehomes.com/developments/essex/wolsey-park-rayleigh/home-0400","images/fb51684c68c32c31c3d6a0b33bc95ef78fcc9221cdae81bec5ca96233dab5f34.jpg","https://cdn.mediavalet.com/eunl/vistry-dam/JYDMyVySfEqOFcVfbSGIvQ/u04k3_WdJUChHfFOkcPlUA/Custom/222783-13.jpg","Staged showhome interior space."
"Wolsey Park","The Sunflower · Plot 400","3","https://www.countrysidehomes.com/developments/essex/wolsey-park-rayleigh/home-0400","images/d307b006c6ee0d1928ee84119e5a3ac5ac633c556c9413ecca1c5f819460df64.jpg","https://cdn.mediavalet.com/eunl/vistry-dam/7OhPCDaJ3EGoXIkaPdgwkw/6omjZlIWd06ff_lbwJMFmw/Custom/223945-35.jpg","Staged showhome interior space."
"Wolsey Park","The Sunflower · Plot 400","3","https://www.countrysidehomes.com/developments/essex/wolsey-park-rayleigh/home-0400","images/e2072c8044f8a641b7202735938aa25dad224e9c46788da20b13d7d2533eb979.jpg","https://cdn.mediavalet.com/eunl/vistry-dam/U-WUp7mnIUKxprM0h_kTUg/lfnttq4CU0aN68XYQ_sjNA/Custom/222783-25.jpg","Staged showhome interior space."
"Wolsey Park","The Sunflower · Plot 400","3","https://www.countrysidehomes.com/developments/essex/wolsey-park-rayleigh/home-0400","images/d7bab7263c1c6cec65fa6ea1b1cc5ee44aa450c7539c3e60a748236091d4e0f9.jpg","https://cdn.mediavalet.com/eunl/vistry-dam/mqgB3W9mQ066Sx6_84y0ow/rldO6GPv0U-4ZTrMolaMiA/Custom/222783-32.jpg","Staged showhome interior space."
"Wolsey Park","The Sunflower · Plot 400","3","https://www.countrysidehomes.com/developments/essex/wolsey-park-rayleigh/home-0400","images/1b0d27ac720e46daa8f6471226d9f5b763ba977c9ab95d569467e959f0a8653e.jpg","https://cdn.mediavalet.com/eunl/vistry-dam/oo8BoaC6p0iOEYUSFoUgwQ/PzvQYx-vWUqx_siWWy33Lw/Custom/221704-036.jpg","Staged showhome interior space."
"Wolsey Park","The Sunflower · Plot 400","3","https://www.countrysidehomes.com/developments/essex/wolsey-park-rayleigh/home-0400","images/4ad8e869ac8b4c4072f626e88ad65ed8893c7afa987d3a473fac7dd580b884d9.jpg","https://cdn.mediavalet.com/eunl/vistry-dam/2kcZNSfizkWieCMHee519g/MfFwmxmrb0CBI0lau8hCUQ/Custom/OFM-0B6A0827-PANO_Housetype_Plot_-_Hero_860x573.jpg","Staged showhome interior space."
"Wolsey Park","The Sunflower · Plot 400","3","https://www.countrysidehomes.com/developments/essex/wolsey-park-rayleigh/home-0400","images/24c8c062445a48689882db2521b358c58b13f4a601565bcb178b199813a31937.jpg","https://cdn.mediavalet.com/eunl/vistry-dam/yjSd7S8aOE-JAdUxv_GrXg/bvlOcmrfkkKxFvR4-0VkZQ/Custom/262367-37a.jpg","Staged showhome interior space."
"Wolsey Park","The Sunflower · Plot 400","3","https://www.countrysidehomes.com/developments/essex/wolsey-park-rayleigh/home-0400","images/96cc4cb247b9352e159e07842482348ede12b867d9550d76ecf111996c84f961.jpg","https://mvdataappstorageeunlprod.blob.core.windows.net/medialibrary-34218e3cae6c4041a23eb8b1cf91be27/48010d325ea84634a734e7780077dbf0/48010d325ea84634a734e7780077dbf0/Original/Sunflower_GF.jpg?sv=2017-04-17&sr=b&si=202008111744&sig=KWmy6LTa6yH0sNWmO2fKjvm4BZ%2BA5r7DOaERChdPHnw%3D&st=1203-05-27T01%3A16%3A46Z&se=2035-12-15T20%3A48%3A39Z&rsct=application%2Foctet-stream&rscd=attachment%3B%20filename%2A%3DUTF-8%27%27Sunflower_GF.jpg","Staged showhome interior space."
"Wolsey Park","The Sunflower · Plot 400","3","https://www.countrysidehomes.com/developments/essex/wolsey-park-rayleigh/home-0400","images/0fcc5c2c8843d4dfd77d65d1bd209d1f10b3edcc9e5474d018467c49dd58461a.jpg","https://mvdataappstorageeunlprod.blob.core.windows.net/medialibrary-34218e3cae6c4041a23eb8b1cf91be27/310ee45859bd4ed28b03bf8c7340b3b6/310ee45859bd4ed28b03bf8c7340b3b6/Original/Sunflower_FF.jpg?sv=2017-04-17&sr=b&si=202008111744&sig=mtnNlosHaPUBcjaxC30knOQ%2BtsSNv5rqP8DDKiIQTfE%3D&st=0284-01-26T10%3A24%3A21Z&se=2035-12-15T20%3A48%3A39Z&rsct=application%2Foctet-stream&rscd=attachment%3B%20filename%2A%3DUTF-8%27%27Sunflower_FF.jpg","Staged showhome interior space."
"Wolsey Park","The Forget Me Not · Plot 367","3","https://www.countrysidehomes.com/developments/essex/wolsey-park-rayleigh/home-0367","images/8b46def483af8619438672b7302a6f66afc840c117114fc1be5b60dafc1422c2.jpg","https://cdn.mediavalet.com/eunl/vistry-dam/T8NtxKUYp0WI7g6cmCEbVA/luk05NcZJkGZ4W5Y-7a70A/Custom/Forget%20Me%20Not%20semi.jpg","Staged showhome interior space."
"Wolsey Park","The Forget Me Not · Plot 367","3","https://www.countrysidehomes.com/developments/essex/wolsey-park-rayleigh/home-0367","images/b94bb4fe08284d97a62b966ab3d8e247157b971b9cffe450ae97e11d9826be41.jpg","https://cdn.mediavalet.com/eunl/vistry-dam/wC3lQDUuEEmvW3JahPdChg/nLOI9PCKq0WVCqqvgg8tUA/Custom/223945-50.jpg","Staged showhome interior space."
"Wolsey Park","The Forget Me Not · Plot 367","3","https://www.countrysidehomes.com/developments/essex/wolsey-park-rayleigh/home-0367","images/6c2ea57697bea45ec3f81879a8cf2a11c5cbdd9636a07ce1cf27ae108df7cc62.jpg","https://cdn.mediavalet.com/eunl/vistry-dam/ATy__EWY50eNFvKirny5Fg/axmbFiuLb0ykWOYmCnC_MQ/Custom/223945-42.jpg","Staged showhome interior space."
"Wolsey Park","The Forget Me Not · Plot 367","3","https://www.countrysidehomes.com/developments/essex/wolsey-park-rayleigh/home-0367","images/57d9bb614c9744aa7fce3b02804520f13298452f9007eaa98f23306d4df3b4ab.jpg","https://cdn.mediavalet.com/eunl/vistry-dam/D3rmOPmrq0SAxoHFz0zEhg/-AJG2_cIj0-qLLC3llJYSA/Custom/2275446.jpg","Staged showhome interior space."
"Wolsey Park","The Forget Me Not · Plot 367","3","https://www.countrysidehomes.com/developments/essex/wolsey-park-rayleigh/home-0367","images/b9ee0d44f1dc2be39faf6a32b0dd6e10c49f62010de09bd6085f115313dffd86.jpg","https://cdn.mediavalet.com/eunl/vistry-dam/4PEQ5AC6l0-moGZ1pcfT4Q/IfTTlbt_202KOs8YV-61rA/Custom/2275449.jpg","Staged showhome interior space."
"Wolsey Park","The Forget Me Not · Plot 367","3","https://www.countrysidehomes.com/developments/essex/wolsey-park-rayleigh/home-0367","images/be9cf83591fa1cf6d34d21a382ed351d56828820d2902b0d42507046d3abc60d.jpg","https://cdn.mediavalet.com/eunl/vistry-dam/78lvAUq72kyROiB7NBs_Lw/VfN5_hGxmkuQ4Nu4eH8DoA/Custom/2275448.jpg","Staged showhome interior space."
"Wolsey Park","The Forget Me Not · Plot 367","3","https://www.countrysidehomes.com/developments/essex/wolsey-park-rayleigh/home-0367","images/a50105a798193b2efb9a81a2bce22d26f789628e38ee48843430bd24bb261403.jpg","https://mvdataappstorageeunlprod.blob.core.windows.net/medialibrary-34218e3cae6c4041a23eb8b1cf91be27/42dffbf8bf95405e84c9e859993ce296/42dffbf8bf95405e84c9e859993ce296/Original/Forgetmenot_GF.jpg?sv=2017-04-17&sr=b&si=202008111744&sig=ndtWZ26se4TVr%2BF2ucci2EM3RD4XFZ8jOqg1CbAKxeM%3D&st=1409-07-05T03%3A38%3A10Z&se=2036-09-17T19%3A44%3A59Z&rsct=application%2Foctet-stream&rscd=attachment%3B%20filename%2A%3DUTF-8%27%27Forgetmenot_GF.jpg","Staged showhome interior space."
"Wolsey Park","The Forget Me Not · Plot 367","3","https://www.countrysidehomes.com/developments/essex/wolsey-park-rayleigh/home-0367","images/32aaa543b7e3dd8f65764bcc2bc38fa36f77b08222568b29e73fe105d4ca1947.jpg","https://mvdataappstorageeunlprod.blob.core.windows.net/medialibrary-34218e3cae6c4041a23eb8b1cf91be27/d575d6a0411542e0b20dcfa3d363a4e6/d575d6a0411542e0b20dcfa3d363a4e6/Original/Forget%20me%20not%20FF%20-%20NEW.jpg?sv=2017-04-17&sr=b&si=202008111744&sig=6m0XzubuN4zmX8Ps1tVNZw3S8uikCyULfv7cJZGfb4w%3D&st=0996-12-18T05%3A01%3A11Z&se=2036-09-17T19%3A48%3A08Z&rsct=application%2Foctet-stream&rscd=attachment%3B%20filename%2A%3DUTF-8%27%27Forget%2520me%2520not%2520FF%2520-%2520NEW.jpg","Staged showhome interior space."
"Wolsey Park","The Forget Me Not · Plot 370","3","https://www.countrysidehomes.com/developments/essex/wolsey-park-rayleigh/home-0370","images/8b46def483af8619438672b7302a6f66afc840c117114fc1be5b60dafc1422c2.jpg","https://cdn.mediavalet.com/eunl/vistry-dam/T8NtxKUYp0WI7g6cmCEbVA/luk05NcZJkGZ4W5Y-7a70A/Custom/Forget%20Me%20Not%20semi.jpg","Staged showhome interior space."
"Wolsey Park","The Forget Me Not · Plot 370","3","https://www.countrysidehomes.com/developments/essex/wolsey-park-rayleigh/home-0370","images/6c2ea57697bea45ec3f81879a8cf2a11c5cbdd9636a07ce1cf27ae108df7cc62.jpg","https://cdn.mediavalet.com/eunl/vistry-dam/ATy__EWY50eNFvKirny5Fg/axmbFiuLb0ykWOYmCnC_MQ/Custom/223945-42.jpg","Staged showhome interior space."
"Wolsey Park","The Forget Me Not · Plot 370","3","https://www.countrysidehomes.com/developments/essex/wolsey-park-rayleigh/home-0370","images/b94bb4fe08284d97a62b966ab3d8e247157b971b9cffe450ae97e11d9826be41.jpg","https://cdn.mediavalet.com/eunl/vistry-dam/wC3lQDUuEEmvW3JahPdChg/nLOI9PCKq0WVCqqvgg8tUA/Custom/223945-50.jpg","Staged showhome interior space."
"Wolsey Park","The Forget Me Not · Plot 370","3","https://www.countrysidehomes.com/developments/essex/wolsey-park-rayleigh/home-0370","images/57d9bb614c9744aa7fce3b02804520f13298452f9007eaa98f23306d4df3b4ab.jpg","https://cdn.mediavalet.com/eunl/vistry-dam/D3rmOPmrq0SAxoHFz0zEhg/-AJG2_cIj0-qLLC3llJYSA/Custom/2275446.jpg","Staged showhome interior space."
"Wolsey Park","The Forget Me Not · Plot 370","3","https://www.countrysidehomes.com/developments/essex/wolsey-park-rayleigh/home-0370","images/b9ee0d44f1dc2be39faf6a32b0dd6e10c49f62010de09bd6085f115313dffd86.jpg","https://cdn.mediavalet.com/eunl/vistry-dam/4PEQ5AC6l0-moGZ1pcfT4Q/IfTTlbt_202KOs8YV-61rA/Custom/2275449.jpg","Staged showhome interior space."
"Wolsey Park","The Forget Me Not · Plot 370","3","https://www.countrysidehomes.com/developments/essex/wolsey-park-rayleigh/home-0370","images/be9cf83591fa1cf6d34d21a382ed351d56828820d2902b0d42507046d3abc60d.jpg","https://cdn.mediavalet.com/eunl/vistry-dam/78lvAUq72kyROiB7NBs_Lw/VfN5_hGxmkuQ4Nu4eH8DoA/Custom/2275448.jpg","Staged showhome interior space."
"Wolsey Park","The Forget Me Not · Plot 370","3","https://www.countrysidehomes.com/developments/essex/wolsey-park-rayleigh/home-0370","images/a50105a798193b2efb9a81a2bce22d26f789628e38ee48843430bd24bb261403.jpg","https://mvdataappstorageeunlprod.blob.core.windows.net/medialibrary-34218e3cae6c4041a23eb8b1cf91be27/42dffbf8bf95405e84c9e859993ce296/42dffbf8bf95405e84c9e859993ce296/Original/Forgetmenot_GF.jpg?sv=2017-04-17&sr=b&si=202008111744&sig=ndtWZ26se4TVr%2BF2ucci2EM3RD4XFZ8jOqg1CbAKxeM%3D&st=1409-07-05T03%3A38%3A10Z&se=2036-09-17T19%3A44%3A59Z&rsct=application%2Foctet-stream&rscd=attachment%3B%20filename%2A%3DUTF-8%27%27Forgetmenot_GF.jpg","Staged showhome interior space."
"Wolsey Park","The Forget Me Not · Plot 370","3","https://www.countrysidehomes.com/developments/essex/wolsey-park-rayleigh/home-0370","images/32aaa543b7e3dd8f65764bcc2bc38fa36f77b08222568b29e73fe105d4ca1947.jpg","https://mvdataappstorageeunlprod.blob.core.windows.net/medialibrary-34218e3cae6c4041a23eb8b1cf91be27/d575d6a0411542e0b20dcfa3d363a4e6/d575d6a0411542e0b20dcfa3d363a4e6/Original/Forget%20me%20not%20FF%20-%20NEW.jpg?sv=2017-04-17&sr=b&si=202008111744&sig=6m0XzubuN4zmX8Ps1tVNZw3S8uikCyULfv7cJZGfb4w%3D&st=0996-12-18T05%3A01%3A11Z&se=2036-09-17T19%3A48%3A08Z&rsct=application%2Foctet-stream&rscd=attachment%3B%20filename%2A%3DUTF-8%27%27Forget%2520me%2520not%2520FF%2520-%2520NEW.jpg","Staged showhome interior space."
"Wolsey Park","The Lavender · Plot 371","4","https://www.countrysidehomes.com/developments/essex/wolsey-park-rayleigh/home-0371","images/11cf042a9f742720790519c44de99844bccd2df6c8d02046f9a5c1b99cc94d2a.jpg","https://cdn.mediavalet.com/eunl/vistry-dam/-k53cmkg1EuzE7pu0n9KFA/JI0rwJ-w6U2HKC8Oq--Q-w/Custom/DS16903_10_%5BCH%5D_Wolseypark_plot371_1280x853_07.26_pf25.jpg","Staged showhome interior space."
"Wolsey Park","The Lavender · Plot 371","4","https://www.countrysidehomes.com/developments/essex/wolsey-park-rayleigh/home-0371","images/2b10779ed23cc2b5d77218e7330ca9266385fe3277638572b617ed168fe185b3.jpg","https://cdn.mediavalet.com/eunl/vistry-dam/EU-y7T9DpEGeyA2S2yg2YA/De-eVnubV0O62CPROhukOQ/Custom/262367-34a.jpg","Staged showhome interior space."
"Wolsey Park","The Lavender · Plot 371","4","https://www.countrysidehomes.com/developments/essex/wolsey-park-rayleigh/home-0371","images/f6ef61ee7ca4b15910b31b5c5d8ecdd9d576210b4e7fa3b8af497aa879cf37ef.jpg","https://cdn.mediavalet.com/eunl/vistry-dam/OowB4If5tUKsrDdafmBw-w/3VbUUwJolUW2lpGX5qR7fg/Custom/262367-03.jpg","Staged showhome interior space."
"Wolsey Park","The Lavender · Plot 371","4","https://www.countrysidehomes.com/developments/essex/wolsey-park-rayleigh/home-0371","images/0ddb4bd4f6f50ac48373040b279a29df2e46598e7c9f59e574d2c364262209b3.jpg","https://cdn.mediavalet.com/eunl/vistry-dam/XOXlRoESMEe0t-_jYrKhUA/36ECiXwUDEymE-TI7qaTEQ/Custom/262367-07.jpg","Staged showhome interior space."
"Wolsey Park","The Lavender · Plot 371","4","https://www.countrysidehomes.com/developments/essex/wolsey-park-rayleigh/home-0371","images/837af518f9043b5f94b46d6ec33938a01e2914eaa918a51f0c121e683a49df68.jpg","https://cdn.mediavalet.com/eunl/vistry-dam/-nBfe7BBu0eOjQmPhCrzdQ/Iq_eiXCmlkabK6RGYIgoEw/Custom/262367-12.jpg","Staged showhome interior space."
"Wolsey Park","The Lavender · Plot 371","4","https://www.countrysidehomes.com/developments/essex/wolsey-park-rayleigh/home-0371","images/4e47fc83dfee7df070db7596d617816a43c1454bb2bcb71432f7ad65923e28d4.jpg","https://cdn.mediavalet.com/eunl/vistry-dam/cZBXzNXOTkG-O4mgHQb5mA/IW9vgQyE3E2jKAGJnZU-9Q/Custom/262367-24.jpg","Staged showhome interior space."
"Wolsey Park","The Lavender · Plot 371","4","https://www.countrysidehomes.com/developments/essex/wolsey-park-rayleigh/home-0371","images/38f5bfb56e98e9185691e526d80bf3abbdf35aebc17cca0d05e4a2c7e5b8d736.jpg","https://cdn.mediavalet.com/eunl/vistry-dam/mgdu7lILGEOf1iVuIgZqUw/Zgoc95YbpkaTODYgHASuxg/Custom/262367-16.jpg","Staged showhome interior space."
"Wolsey Park","The Lavender · Plot 371","4","https://www.countrysidehomes.com/developments/essex/wolsey-park-rayleigh/home-0371","images/6210cf32df936c5336b9c9a556f0f64e6ba7d4d76ca32da7cc01eac6c9dcac71.jpg","https://cdn.mediavalet.com/eunl/vistry-dam/01GJphjEkEmpxvWjhqwcLg/YIp-kL-3tk2j2NhrE1srPg/Custom/262367-19.jpg","Staged showhome interior space."
"Wolsey Park","The Lavender · Plot 371","4","https://www.countrysidehomes.com/developments/essex/wolsey-park-rayleigh/home-0371","images/3436aacc3a1bf1cf5c836acb8606884271ba7139654f923467b60a970c12c1ed.jpg","https://cdn.mediavalet.com/eunl/vistry-dam/pGp8FDS9MUaRAH4fR3shxA/UdYCOL2sukeC_wsx7rZg1Q/Custom/262367-22.jpg","Staged showhome interior space."
"Wolsey Park","The Lavender · Plot 371","4","https://www.countrysidehomes.com/developments/essex/wolsey-park-rayleigh/home-0371","images/7f01a90e274e375ecfb7f661abc18ad4e1da5baf15c61ae8eac144bd8fa5b9e7.jpg","https://cdn.mediavalet.com/eunl/vistry-dam/gnMDZ3HVeE-tV2QlYmFJOA/r_9fE9UTqEmUEZ5gEMJWRQ/Custom/262367-26.jpg","Staged showhome interior space."
"Wolsey Park","The Lavender · Plot 371","4","https://www.countrysidehomes.com/developments/essex/wolsey-park-rayleigh/home-0371","images/038067a035f35de735f936df5cade55ef5a46b488c4988e645aeb41f7789e362.jpg","https://cdn.mediavalet.com/eunl/vistry-dam/1LAJQs9ig0OfHi66er3_Gw/nkNd9DFLxk-Y_PlNZgZfug/Custom/262367-28.jpg","Staged showhome interior space."
"Wolsey Park","The Lavender · Plot 371","4","https://www.countrysidehomes.com/developments/essex/wolsey-park-rayleigh/home-0371","images/309945159b60cf9cabca9d85e74abe9e3dcff5b968ccf1fc7fc5fa6df86e3088.jpg","https://cdn.mediavalet.com/eunl/vistry-dam/rOorutLqdEuTnSsqiPetbw/WLOJk26rNEaj197lCTpZYg/Custom/Lavender.jpg","Staged showhome interior space."
"Wolsey Park","The Lavender · Plot 371","4","https://www.countrysidehomes.com/developments/essex/wolsey-park-rayleigh/home-0371","images/76caa42aaeefb4b7479330a1fd5c3d54dbab9b573cabc97b0ff7da34de789dc1.jpg","https://mvdataappstorageeunlprod.blob.core.windows.net/medialibrary-34218e3cae6c4041a23eb8b1cf91be27/ca0388181fe84a7b94ed17f88f07d7fa/ca0388181fe84a7b94ed17f88f07d7fa/Original/Lavender_GF.jpg?sv=2017-04-17&sr=b&si=202008111744&sig=P9JANIUgG6W6m9uh%2BUjoiMWMTVC42g48pvj9PZBjcJY%3D&st=1524-11-04T00%3A59%3A06Z&se=2036-09-17T20%3A35%3A39Z&rsct=application%2Foctet-stream&rscd=attachment%3B%20filename%2A%3DUTF-8%27%27Lavender_GF.jpg","Staged showhome interior space."
"Wolsey Park","The Lavender · Plot 371","4","https://www.countrysidehomes.com/developments/essex/wolsey-park-rayleigh/home-0371","images/80e88c45edef60fa4f8431b20992a6aff1f0ef6ae6d497743d9d59a1456d1d0d.jpg","https://mvdataappstorageeunlprod.blob.core.windows.net/medialibrary-34218e3cae6c4041a23eb8b1cf91be27/7750a20046214cda8289479d9b39510e/7750a20046214cda8289479d9b39510e/Original/Lavender_FF.jpg?sv=2017-04-17&sr=b&si=202008111744&sig=ZxJfRrT7eTVtTKLXegpcvOz1M7hQ%2Fz1edAUmaAkehDg%3D&st=0427-03-04T23%3A23%3A48Z&se=2036-09-17T20%3A40%3A21Z&rsct=application%2Foctet-stream&rscd=attachment%3B%20filename%2A%3DUTF-8%27%27Lavender_FF.jpg","Staged showhome interior space."
"Wolsey Park","The Poppy · Plot 377","3","https://www.countrysidehomes.com/developments/essex/wolsey-park-rayleigh/home-0377","images/938461065a80d430f01659ce7ff65fa968be791546ceab0129991326a269d572.jpg","https://cdn.mediavalet.com/eunl/vistry-dam/sh-NFlRis0qV93uVsg8-vw/q_wvyX3L_U-0-af9JSoRHw/Custom/014%20%20Vistry_Countryside_FoxrushWalk_Tulip_Internal_Web.jpg","Staged showhome interior space."
"Wolsey Park","The Poppy · Plot 377","3","https://www.countrysidehomes.com/developments/essex/wolsey-park-rayleigh/home-0377","images/45c322b265454dff68baead177204f7ae8540502006adceabc229ec8eb08bd75.jpg","https://cdn.mediavalet.com/eunl/vistry-dam/h5Y4-1dahUmM62L6YGqM6w/8hZFjyEbNE-q8jXSlc7ukQ/Custom/The%20Poppy.jpg","Staged showhome interior space."
"Wolsey Park","The Poppy · Plot 377","3","https://www.countrysidehomes.com/developments/essex/wolsey-park-rayleigh/home-0377","images/d81c71d18a891b0801ffd1e19cdd73171a9e9fada14debc86a3ec3f2d6487a89.jpg","https://cdn.mediavalet.com/eunl/vistry-dam/DrfErLWEX0O5Djx4tlLksA/3ExnFAxxu06kswTJ5ue7zw/Custom/118.jpg","Staged showhome interior space."
"Wolsey Park","The Poppy · Plot 377","3","https://www.countrysidehomes.com/developments/essex/wolsey-park-rayleigh/home-0377","images/3050085859670cb84ff84545ebc028a84bb155323f96e9a8afb58efa1c32432a.jpg","https://cdn.mediavalet.com/eunl/vistry-dam/N7RLaauraUGVPqUG4bHHGg/T6AXqi267U2Bkb6A1k_7jg/Custom/2181249-090.jpg","Staged showhome interior space."
"Wolsey Park","The Poppy · Plot 377","3","https://www.countrysidehomes.com/developments/essex/wolsey-park-rayleigh/home-0377","images/43691a5bc46af7309cb519149550d7cb396769f5b697b7a1989cd647c8a4fd41.jpg","https://cdn.mediavalet.com/eunl/vistry-dam/EkRhCxBsLEiAUlQOmNVzlg/fRo6CjwqLE6i8pOw3eV1Hw/Custom/222747-04.jpg","Staged showhome interior space."
"Wolsey Park","The Poppy · Plot 377","3","https://www.countrysidehomes.com/developments/essex/wolsey-park-rayleigh/home-0377","images/da3cdb2d462381e3194cb2e12e649a2d9aa39d69a06cd1201b96fb76cab7771b.jpg","https://cdn.mediavalet.com/eunl/vistry-dam/jiIoUIO080S8GtGP_z4pIQ/5KWSaeoctUybMW65QA1Meg/Custom/223977-053.jpg","Staged showhome interior space."
"Wolsey Park","The Poppy · Plot 377","3","https://www.countrysidehomes.com/developments/essex/wolsey-park-rayleigh/home-0377","images/4803ac63ce53b3c92c6f04742c7cd7ac2139bbc80193593b705b663e9f9a7d28.jpg","https://cdn.mediavalet.com/eunl/vistry-dam/pJJV_ofc9U28n5Ox_PBhLQ/J8dPx_J5q0yul1jN45Gzig/Custom/221704-033.jpg","Staged showhome interior space."
"Wolsey Park","The Poppy · Plot 377","3","https://www.countrysidehomes.com/developments/essex/wolsey-park-rayleigh/home-0377","images/be9140c29ed8d7b7b6b21041ec1094f03d3b894e9345fb5673dd0f214887c0b6.jpg","https://mvdataappstorageeunlprod.blob.core.windows.net/medialibrary-34218e3cae6c4041a23eb8b1cf91be27/05289460e6cd42afa72078a840fae097/05289460e6cd42afa72078a840fae097/Original/Poppy_GF.jpg?sv=2017-04-17&sr=b&si=202008111744&sig=NbzHXB1PfZIP5TSDqVUQBAF1fTDTK6TAHTiCZqrJoFk%3D&st=0479-04-21T21%3A29%3A06Z&se=2036-09-17T20%3A04%3A20Z&rsct=application%2Foctet-stream&rscd=attachment%3B%20filename%2A%3DUTF-8%27%27Poppy_GF.jpg","Staged showhome interior space."
"Wolsey Park","The Poppy · Plot 377","3","https://www.countrysidehomes.com/developments/essex/wolsey-park-rayleigh/home-0377","images/14c750156be7a3f11adcc2a65f6ab5d6851baed9989ba67f55cf4a4c81907e53.jpg","https://mvdataappstorageeunlprod.blob.core.windows.net/medialibrary-34218e3cae6c4041a23eb8b1cf91be27/5b91cd6d2ac247e7bb3ae1e79f9da09b/5b91cd6d2ac247e7bb3ae1e79f9da09b/Original/Poppy_FF.jpg?sv=2017-04-17&sr=b&si=202008111744&sig=cX2GKGU2KzoLPI8lNs2FKWSl6ZjTWoUdxBgdTkkO%2FzA%3D&st=0520-12-20T01%3A01%3A47Z&se=2036-09-17T20%3A08%3A45Z&rsct=application%2Foctet-stream&rscd=attachment%3B%20filename%2A%3DUTF-8%27%27Poppy_FF.jpg","Staged showhome interior space."
"Wolsey Park","Wolsey Park development gallery","","https://www.countrysidehomes.com/developments/essex/wolsey-park-rayleigh","images/e1492af044c687b523c2a4848b87ffad406c6589eb7d029693626a6e4b1fa7c7.jpg","https://cdn.mediavalet.com/eunl/vistry-dam/CexCBqc3s0yS2qiwtQeqSQ/qX-SuPz4Vk-6PdHEU6XDVw/Custom/223932-201.jpg","Staged showhome interior space."
"Wolsey Park","Wolsey Park development gallery","","https://www.countrysidehomes.com/developments/essex/wolsey-park-rayleigh","images/d5e26038c1c39f4f8dd0742661c5bebcd9149dc66220a00dcda545c6f473467b.jpg","https://cdn.mediavalet.com/eunl/vistry-dam/5KJsR6zw4EOqiIZP-2Z3kQ/HeA9bDpJuUqmwLTSTGtcOQ/Custom/262405-42a.jpg","Staged showhome interior space."
"Wolsey Park","Wolsey Park development gallery","","https://www.countrysidehomes.com/developments/essex/wolsey-park-rayleigh","images/ada5726992666327352b36e2788a27af45bf99f9fa7768fd208c3af550e8b385.jpg","https://cdn.mediavalet.com/eunl/vistry-dam/VzTTmxqYekaH149Ulk84tw/foEgSSKfq0ad4oLyK7Wb0A/Custom/2201537-06.jpg","Staged showhome interior space."
"Wolsey Park","Wolsey Park development gallery","","https://www.countrysidehomes.com/developments/essex/wolsey-park-rayleigh","images/c75215df4c1bf8dc9307ab108f06d1a5f33952711e458f4700e7b2bc6c4ea174.jpg","https://cdn.mediavalet.com/eunl/vistry-dam/TuoJZqApA0WZVfQwUSvdeQ/gADUdaihPUGEFNnCsL0BgQ/Custom/2201535-060.jpg","Staged showhome interior space."
"Wolsey Park","Wolsey Park development gallery","","https://www.countrysidehomes.com/developments/essex/wolsey-park-rayleigh","images/23a57b28b79383bf587144b27f12ad3bc242538f6fbe5669760b1565b8ba53bf.jpg","https://cdn.mediavalet.com/eunl/vistry-dam/LIsrxaTIa0SAN8RWFZB20g/dIUOgw9A10qJczBeEjVoKA/Custom/223932-021.jpg","Staged showhome interior space."
"Wolsey Park","Wolsey Park development gallery","","https://www.countrysidehomes.com/developments/essex/wolsey-park-rayleigh","images/6b2904e7f68ee161e2cef3deaf220fd2dc1fb542ec17e88bb0a691b6567d2257.jpg","https://cdn.mediavalet.com/eunl/vistry-dam/_M9HdggitESJr-t8-5hWeg/nxFJ2Ld52kGttI3ivlYn3w/Custom/262405-35a.jpg","Staged showhome interior space."
"Wolsey Park","Wolsey Park development gallery","","https://www.countrysidehomes.com/developments/essex/wolsey-park-rayleigh","images/f6ef61ee7ca4b15910b31b5c5d8ecdd9d576210b4e7fa3b8af497aa879cf37ef.jpg","https://cdn.mediavalet.com/eunl/vistry-dam/OowB4If5tUKsrDdafmBw-w/3VbUUwJolUW2lpGX5qR7fg/Custom/262367-03.jpg","Staged showhome interior space."
"Wolsey Park","Wolsey Park development gallery","","https://www.countrysidehomes.com/developments/essex/wolsey-park-rayleigh","images/105e82a7a300511dfa0f6ef40f7cb38bed035e003e46e42be5104b4c7db9b610.jpg","https://cdn.mediavalet.com/eunl/vistry-dam/mUQhSqKPME-_58d6tgvjew/mtEI6dlq0Eaf33rQpOGWnA/Custom/262367-14.jpg","Staged showhome interior space."
"Wolsey Park","Wolsey Park development gallery","","https://www.countrysidehomes.com/developments/essex/wolsey-park-rayleigh","images/823c2deb568f72bf7c1ac8559fc64414232849df05500e693927a9e6c409091a.jpg","https://cdn.mediavalet.com/eunl/vistry-dam/SOy4jpyKkEGiiuj_DKyl7g/k5UWYNe3OkaE2zkMaijkcg/Custom/262367-21.jpg","Staged showhome interior space."
"Wolsey Park","Wolsey Park development gallery","","https://www.countrysidehomes.com/developments/essex/wolsey-park-rayleigh","images/0dc058ed5beb55fee56a1ee9e9ffc0380b16dad503d8bdba6b093500c695af5c.jpg","https://cdn.mediavalet.com/eunl/vistry-dam/63ICUoiHaUyPCTg5iprBQw/r0vQU_s37km0KvFOC0moGw/Custom/262405-24.jpg","Staged showhome interior space."
"Wolsey Park","Wolsey Park development gallery","","https://www.countrysidehomes.com/developments/essex/wolsey-park-rayleigh","images/0c9bc4b1c1a486fa63751b2c0817b94759bbf62b9d1f1b588f94354dc791dbe0.jpg","https://cdn.mediavalet.com/eunl/vistry-dam/8lmUdaRUdEOEem_dTG3zSA/2i2Ti3vDH0eeJVmTU8qtsA/Custom/262405-01.jpg","Staged showhome interior space."
"Wolsey Park","Wolsey Park development gallery","","https://www.countrysidehomes.com/developments/essex/wolsey-park-rayleigh","images/c6a9abf90e5d28f2ef88e9d91782a113281c14511ec092a8a6117a672cf633ae.jpg","https://cdn.mediavalet.com/eunl/vistry-dam/2me9aR7veEOcZoQ8oNLyTQ/y5J5WV1twkS3KMCxnqO_GA/Custom/262405-27.jpg","Staged showhome interior space."
"Westcombe Park","The Osprey · Plot 258","2","https://www.countrysidehomes.com/developments/essex/westcombe-park-heybridge/home-0258","images/9a4dc4461749cde550cc068dd2e85c90d35b2b5f5de5420ded44e9a1272fec68.jpg","https://cdn.mediavalet.com/eunl/vistry-dam/q0q1BN8d-0yIOdqvqejOGA/ujX-6wcwokKu7wC8KiyflA/Custom/Westcombe%20Park%20-%20Kittiwake%20%26%20Osprey.jpg","Staged showhome interior space."
"Westcombe Park","The Osprey · Plot 258","2","https://www.countrysidehomes.com/developments/essex/westcombe-park-heybridge/home-0258","images/fad33edf7f6fadc1569b5c7cdd42f8c6a48b9067c6fe80b947c659542f622b87.jpg","https://cdn.mediavalet.com/eunl/vistry-dam/WcnRt1wvxUW_MKaZO7S4yw/MMz4nfR3uUyNS3gRPI8Cfg/Custom/223879-005_1.jpg","Staged showhome interior space."
"Westcombe Park","The Osprey · Plot 258","2","https://www.countrysidehomes.com/developments/essex/westcombe-park-heybridge/home-0258","images/7081e4c7ae20e85084736afbc9a698d279bbaebadf32876609b43b2aa1b1f687.jpg","https://cdn.mediavalet.com/eunl/vistry-dam/If_PMQDEwEOFPz5Uh5MDpA/fFCtviZGgUekkXiCiBpfOg/Custom/vb2275466_223958-54.jpg","Staged showhome interior space."
"Westcombe Park","The Osprey · Plot 258","2","https://www.countrysidehomes.com/developments/essex/westcombe-park-heybridge/home-0258","images/fc3743745e93f453796e825aab9c9799ff2de98b2f3924c8ab9d8b4ca0e9c807.jpg","https://cdn.mediavalet.com/eunl/vistry-dam/JtQS9g7M0k-9-rXx1oDX1w/MS-MA5rrUEGPrXTEhbz1RQ/Custom/2275404.jpg","Staged showhome interior space."
"Westcombe Park","The Holly · Plot 449","2","https://www.countrysidehomes.com/developments/essex/westcombe-park-heybridge/home-0449","images/c8b0913f6955438557dfd03386cf3601409ee3387d07182201a114b1e0d1d36f.jpg","https://cdn.mediavalet.com/eunl/vistry-dam/pyN6pDjvwUi0wx7txq9SPg/P773LnC-nk2hnRFNcfmI3Q/Custom/MER_BOVIS_HOLLY_004_Housetype_Plot_-_Hero_860x573.jpg","Staged showhome interior space."
"Westcombe Park","The Holly · Plot 449","2","https://www.countrysidehomes.com/developments/essex/westcombe-park-heybridge/home-0449","images/5470877f9eea87ee9096c62d6b2f4e3b082816f27d8d03d5a6a5cb763a3a3353.jpg","https://cdn.mediavalet.com/eunl/vistry-dam/iZs1xSGwxU-qy0atrnslBg/icUaZ5QF-0S5olrNs0JY_Q/Custom/HOLLY-P398-399_HL.0001_CGI_HR.jpg","Staged showhome interior space."
"Westcombe Park","The Holly · Plot 449","2","https://www.countrysidehomes.com/developments/essex/westcombe-park-heybridge/home-0449","images/92cac79e498d05252ffd6f5749fa34d9f246f151cd27f6d15bf1b61eedd399d9.jpg","https://cdn.mediavalet.com/eunl/vistry-dam/GUxl8nobqkm8TAvwbQwZWw/o6xC2jm2f02520alP1AwqA/Custom/MER_BOVIS_HOLLY_017_Housetype_Plot_-_Hero_860x573.jpg","Staged showhome interior space."
"Westcombe Park","The Holly · Plot 449","2","https://www.countrysidehomes.com/developments/essex/westcombe-park-heybridge/home-0449","images/01004e3e89f4662f81c3d9d2a675ae9b6c733c9d7bc04f6d75e250a4c6b444e0.jpg","https://cdn.mediavalet.com/eunl/vistry-dam/bbHQdU0cA0G-or0Y385bYg/KtGmg6ZONE62jqZHFLvMwg/Custom/MER_BOVIS_HOLLY_018.jpg","Staged showhome interior space."
"Westcombe Park","The Holly · Plot 449","2","https://www.countrysidehomes.com/developments/essex/westcombe-park-heybridge/home-0449","images/7890da0a94f64f5a0570f950593e24e33431b456b24e1667b1e1864a9680dd07.jpg","https://cdn.mediavalet.com/eunl/vistry-dam/DXPP_1gO9UmoX_PsQWLdJQ/poc6IHqxakGvjM8abxliDA/Custom/MER_BOVIS_HOLLY_010.jpg","Staged showhome interior space."
"Westcombe Park","The Holly · Plot 449","2","https://www.countrysidehomes.com/developments/essex/westcombe-park-heybridge/home-0449","images/302f67ba9d44a4204b021c7b1c7c478142147329e03a7c0da6c0016a81c6daa9.jpg","https://cdn.mediavalet.com/eunl/vistry-dam/cLsVH8wDQ0WLuj72pdd8Ig/GBqCh1PjzkKj5mNiYvMjsw/Custom/222747-06.jpg","Staged showhome interior space."
"Westcombe Park","The Holly · Plot 449","2","https://www.countrysidehomes.com/developments/essex/westcombe-park-heybridge/home-0449","images/64956686a7c2b5fc70d5755fc44b9c1756bdae58df8139ab09be55b53f319b5a.jpg","https://cdn.mediavalet.com/eunl/vistry-dam/OjczHSXIY0qR2c2G86oFsw/_MVAR8exPE2BHnuT4iwRPg/Custom/222747-64.jpg","Staged showhome interior space."
"Westcombe Park","The Holly · Plot 449","2","https://www.countrysidehomes.com/developments/essex/westcombe-park-heybridge/home-0449","images/860839aee41d30b796955e90857b2caac7a1ca034e422b50e935291373cc0f8b.png","https://mvdataappstorageeunlprod.blob.core.windows.net/medialibrary-34218e3cae6c4041a23eb8b1cf91be27/ae53d36f920a4b0e9ed874a8d42741d2/ae53d36f920a4b0e9ed874a8d42741d2/Original/Holly%20GF.png?sv=2017-04-17&sr=b&si=202008111744&sig=f7uLEWEmqH15oq8bBfHUn2pu5URRGNaVKUNUlr6N6og%3D&st=0228-09-03T14%3A39%3A57Z&se=2036-03-25T21%3A04%3A37Z&rsct=application%2Foctet-stream&rscd=attachment%3B%20filename%2A%3DUTF-8%27%27Holly%2520GF.png","Staged showhome interior space."
"Westcombe Park","The Holly · Plot 449","2","https://www.countrysidehomes.com/developments/essex/westcombe-park-heybridge/home-0449","images/517437dc26e8b056686c13b8a56b8307f51766b2412924643f21de4a4b87ac5c.png","https://mvdataappstorageeunlprod.blob.core.windows.net/medialibrary-34218e3cae6c4041a23eb8b1cf91be27/ae7152a5d6e442ffac25e8a0cc1a1eb5/ae7152a5d6e442ffac25e8a0cc1a1eb5/Original/Holly%20FF.png?sv=2017-04-17&sr=b&si=202008111744&sig=yzGXmgAxgXP5I2oLEdX2MllHS48uQF1FRRQVRFvPqDM%3D&st=0002-12-08T22%3A38%3A26Z&se=2036-03-25T21%3A04%3A37Z&rsct=application%2Foctet-stream&rscd=attachment%3B%20filename%2A%3DUTF-8%27%27Holly%2520FF.png","Staged showhome interior space."
"Westcombe Park","The Chaffinch · Plot 256","3","https://www.countrysidehomes.com/developments/essex/westcombe-park-heybridge/home-0256","images/52c5550d7da2af96cd0b4aa4e40fbf7f49f593dbb8a4883bc0a6f4ec428e1eba.jpg","https://cdn.mediavalet.com/eunl/vistry-dam/d0Uyls_xZEif0UqbsuQb2Q/vubjxGODIUmHGBI6N7fHgg/Custom/Westcombe%20Park%20-%20The%20Chaffinch.jpg","Staged showhome interior space."
"Westcombe Park","The Chaffinch · Plot 256","3","https://www.countrysidehomes.com/developments/essex/westcombe-park-heybridge/home-0256","images/572b48cea782ad6d186ece301b8d5f7287ae1ea67726e2dde330448a0c41d44a.jpg","https://cdn.mediavalet.com/eunl/vistry-dam/WAokoOlpn0OUq2vBwb5YuA/90Ojf42Hn0OK5XfFtfdMdw/Custom/242156-177.jpg","Staged showhome interior space."
"Westcombe Park","The Chaffinch · Plot 256","3","https://www.countrysidehomes.com/developments/essex/westcombe-park-heybridge/home-0256","images/f07b725edaeef89c08178af52eadbb5eb640f4fb9ae24b318bb1e33beb7a6325.jpg","https://cdn.mediavalet.com/eunl/vistry-dam/IoDIBmKcG0KrSa3_-rFzZQ/VQXWVkxnFkiOt9KLCc7aIg/Custom/242046-065.jpg","Staged showhome interior space."
"Westcombe Park","The Chaffinch · Plot 256","3","https://www.countrysidehomes.com/developments/essex/westcombe-park-heybridge/home-0256","images/9add8b6f0d88287f1b138b0fca492576beb6265de7457ab5db38bb6b2a780719.jpg","https://cdn.mediavalet.com/eunl/vistry-dam/PtKpcCqOME-D9rH8418I4g/9Hh3DIyFN0Slk179OTU2Fw/Custom/242156-264.jpg","Staged showhome interior space."
"Westcombe Park","The Chaffinch · Plot 256","3","https://www.countrysidehomes.com/developments/essex/westcombe-park-heybridge/home-0256","images/f2241c793f67583fb48f033d469dbcb44ebd5d93524d0aa04f754b3e33161d01.jpg","https://cdn.mediavalet.com/eunl/vistry-dam/e0tcfrH1a0-2lnuorLW1bg/3bZ0sLQ0sEiqVJ6Mmqrv2g/Custom/242046-088a.jpg","Staged showhome interior space."
"Westcombe Park","The Chaffinch · Plot 256","3","https://www.countrysidehomes.com/developments/essex/westcombe-park-heybridge/home-0256","images/9fcb5d1f434d04ff56e1cf239144e57bbe357eafce41f6ece3d9df9ab57730b8.jpg","https://mvdataappstorageeunlprod.blob.core.windows.net/medialibrary-34218e3cae6c4041a23eb8b1cf91be27-r/ef2999baf62f4e2cb8b0c26b07944b85/ef2999baf62f4e2cb8b0c26b07944b85/Large/717311579-the_chaffinch_gf.jpg?sv=2017-04-17&sr=b&si=202008111853&sig=d1mKs520r1bm%2FeC82zpIohrSRopP83LOmXb1E7sjQ9M%3D&st=1780-04-14T12%3A52%3A19Z&se=2035-03-12T21%3A17%3A17Z","Staged showhome interior space."
"Westcombe Park","The Chaffinch · Plot 256","3","https://www.countrysidehomes.com/developments/essex/westcombe-park-heybridge/home-0256","images/98325c7dfee04ba2dd5f39b16c73ea3ab847a5c7cca35adba9bffb93e861cd06.jpg","https://mvdataappstorageeunlprod.blob.core.windows.net/medialibrary-34218e3cae6c4041a23eb8b1cf91be27-r/f2a6d4f08be84621bad6e2297e0acd32/f2a6d4f08be84621bad6e2297e0acd32/Large/717311574-the_chaffinch_ff.jpg?sv=2017-04-17&sr=b&si=202008111853&sig=V3ihCmfF4lRKk8uszApckkcBC1%2FMIwj1bz%2F4tHJ5WkU%3D&st=0640-05-04T08%3A58%3A38Z&se=2035-03-12T21%3A17%3A58Z","Staged showhome interior space."
"Westcombe Park","The Kittiwake · Plot 259","3","https://www.countrysidehomes.com/developments/essex/westcombe-park-heybridge/home-0259","images/582b0cce5cdb3376c099d1dc1c8ea852f8e80485651fc0211cb6f681dab0a2d3.jpg","https://cdn.mediavalet.com/eunl/vistry-dam/VAPQbDe43U2-RjL0Oq3zrw/YAUPes0guECwmes46T5BJA/Custom/Westcombe%20Park%20-%20%20The%20Kittiwake.jpg","Staged showhome interior space."
"Westcombe Park","The Kittiwake · Plot 259","3","https://www.countrysidehomes.com/developments/essex/westcombe-park-heybridge/home-0259","images/72cf430392f10117d5c00155005182ef84fea1d7613ecfd38ce449193595ca33.jpg","https://cdn.mediavalet.com/eunl/vistry-dam/UZ2fiRMuuEqJHIvI-M20rw/gEAB53k9S0yGssi57fDxvw/Custom/223945-56.jpg","Staged showhome interior space."
"Westcombe Park","The Kittiwake · Plot 259","3","https://www.countrysidehomes.com/developments/essex/westcombe-park-heybridge/home-0259","images/b94bb4fe08284d97a62b966ab3d8e247157b971b9cffe450ae97e11d9826be41.jpg","https://cdn.mediavalet.com/eunl/vistry-dam/wC3lQDUuEEmvW3JahPdChg/nLOI9PCKq0WVCqqvgg8tUA/Custom/223945-50.jpg","Staged showhome interior space."
"Westcombe Park","The Kittiwake · Plot 259","3","https://www.countrysidehomes.com/developments/essex/westcombe-park-heybridge/home-0259","images/97130b912ebf1a365fe63aa93b665a76eea0e993605bd01682d1be826b5902a4.jpg","https://cdn.mediavalet.com/eunl/vistry-dam/9Ksq7G0DJkqyNJd-2q9tDw/FKrWMqdbC069q8Ev-7yOlA/Custom/223977-019.jpg","Staged showhome interior space."
"Westcombe Park","The Kittiwake · Plot 259","3","https://www.countrysidehomes.com/developments/essex/westcombe-park-heybridge/home-0259","images/343248ef35443d8554a95410d696062a1767f8383ab190b72427bea2cb191b57.jpg","https://cdn.mediavalet.com/eunl/vistry-dam/_fgna69LWU6HJxLQIudsxA/xT0BcTghbUK4KoHdw8yD1g/Custom/CH-SADDLERS-WESTERFIELD-%28MYLNE%29-LIVING%20ROOM.jpg","Staged showhome living room."
"Westcombe Park","The Kittiwake · Plot 259","3","https://www.countrysidehomes.com/developments/essex/westcombe-park-heybridge/home-0259","images/f8764473df8bc5e89f88cd51fa514fd01ab43320bad138aec407b91778937dfe.jpg","https://cdn.mediavalet.com/eunl/vistry-dam/rkbKjxaoCUuBguRPjpD0fQ/wS-1mc7Mg0iDfpvBwhK3ig/Custom/223977-024.jpg","Staged showhome interior space."
"Westcombe Park","The Kittiwake · Plot 259","3","https://www.countrysidehomes.com/developments/essex/westcombe-park-heybridge/home-0259","images/c64d080ef957878714530c4d786d69a271137875eca732fc0d238a495c233849.jpg","https://cdn.mediavalet.com/eunl/vistry-dam/GCIML3kFC0KR1-W6cl-GTw/xk-iv1u61EKgXahszR0vuA/Custom/242046-095a.jpg","Staged showhome interior space."
"Westcombe Park","The Kittiwake · Plot 259","3","https://www.countrysidehomes.com/developments/essex/westcombe-park-heybridge/home-0259","images/08afac2fb798d7a60d1e948a09327f83629cb930128c26828e0a8a719a15203f.jpg","https://cdn.mediavalet.com/eunl/vistry-dam/Xp1RgTKG9ka4fPCU-BrZZA/VH5SdPhsqU-jTQGTwAwDAg/Custom/223945-33.jpg","Staged showhome interior space."
"Westcombe Park","The Kittiwake · Plot 259","3","https://www.countrysidehomes.com/developments/essex/westcombe-park-heybridge/home-0259","images/f15af4b5c18432ed8a4ece326728f47bd56da6059275ef4261dac044dec000b4.jpg","https://cdn.mediavalet.com/eunl/vistry-dam/O-63sWTI20Gowm2lhxemTA/G-P7j-MjMk-wZD855FZ3JQ/Custom/223945-12.jpg","Staged showhome interior space."
"Westcombe Park","The Kittiwake · Plot 259","3","https://www.countrysidehomes.com/developments/essex/westcombe-park-heybridge/home-0259","images/38a410e75a2cd0b805e3462bdbc577e6a73534ec70700fbb7b16bf92b8d32688.jpg","https://cdn.mediavalet.com/eunl/vistry-dam/OLBJNVF4uE-dTxmw0eVl1w/NQKGln6Fc0C0n0j4P0Akhg/Custom/223945-06.jpg","Staged showhome interior space."
"Westcombe Park","The Kittiwake · Plot 259","3","https://www.countrysidehomes.com/developments/essex/westcombe-park-heybridge/home-0259","images/825b1885bd3bb76a3289691ca8f41d656b7408f6bde8028036796fdb54ce6abc.jpg","https://mvdataappstorageeunlprod.blob.core.windows.net/medialibrary-34218e3cae6c4041a23eb8b1cf91be27-r/dcaa134d9abb4869adff8aa0cf66439f/dcaa134d9abb4869adff8aa0cf66439f/Large/717311596-the_kittiwake_gf.jpg?sv=2017-04-17&sr=b&si=202008111853&sig=tadTUvP2A%2F5wB2IlrfY3%2Bis7ljOt%2BpucnVdNtU8Pk2o%3D&st=0030-11-09T14%3A41%3A08Z&se=2035-03-12T21%3A21%3A05Z","Staged showhome interior space."
"Westcombe Park","The Kittiwake · Plot 259","3","https://www.countrysidehomes.com/developments/essex/westcombe-park-heybridge/home-0259","images/0b9d87d6fc247a0f4d215e24e6e54b248e9a24abb43736b7c4ea401ff0a066e4.jpg","https://mvdataappstorageeunlprod.blob.core.windows.net/medialibrary-34218e3cae6c4041a23eb8b1cf91be27-r/9f1e1d2445a74e3795971864e07e71e4/9f1e1d2445a74e3795971864e07e71e4/Large/717311592-the_kittiwake_ff.jpg?sv=2017-04-17&sr=b&si=202008111853&sig=MnS2Q0GqTIbawmT2uyt6urcKOFnahOJB%2B%2FPksGf968w%3D&st=1042-11-09T16%3A21%3A02Z&se=2035-03-12T21%3A21%3A39Z","Staged showhome interior space."
"Westcombe Park","The Cypress · Plot 427","3","https://www.countrysidehomes.com/developments/essex/westcombe-park-heybridge/home-0427","images/1823f956e77d9832cf9a86c0f2f3225e52a127ce29be28de266eeb60a5beb414.jpg","https://cdn.mediavalet.com/eunl/vistry-dam/RUb6tZmOUEGMV7REncwnHg/S3nZj4YxEEer3vroARkn1A/Custom/cypress_27%20bedroom.jpg","Staged showhome bedroom."
"Westcombe Park","The Cypress · Plot 427","3","https://www.countrysidehomes.com/developments/essex/westcombe-park-heybridge/home-0427","images/1eb8bcc81c48fad3e5410582bdcab8635de3385e098522d8a2801dc7b391a337.jpg","https://cdn.mediavalet.com/eunl/vistry-dam/mXcS2MjAg021sLlMJ4AbAw/e-N4ZjQEu0iLgQxjTnCRCA/Custom/BVISWDBICKCYPRESS%20%282%29.jpg","Staged showhome interior space."
"Westcombe Park","The Cypress · Plot 427","3","https://www.countrysidehomes.com/developments/essex/westcombe-park-heybridge/home-0427","images/7e09f0c1c088d6430660c4662ae3eecaaffd912eaaf48e4901cb2cf2e8fd7f24.jpg","https://cdn.mediavalet.com/eunl/vistry-dam/iArGkKBhOUyVLnNTbZbNtQ/JhbHPLdxR0qgQmJxmNqJjA/Custom/cypress_04%20kitchen%20diner.jpg","Staged showhome kitchen."
"Westcombe Park","The Cypress · Plot 427","3","https://www.countrysidehomes.com/developments/essex/westcombe-park-heybridge/home-0427","images/d185c9ecc35b9b87af2905417ce62e00af215799f6c84ed9851bc0b50c65e6fd.jpg","https://cdn.mediavalet.com/eunl/vistry-dam/7jnoKI3vD0-_uNkw0p6gSQ/NXqXy3nwiUuxAoHxOznSbQ/Custom/JUNIPER%20-%20P494_JU.0007_CGI_HR_Development_Hero_1280x853%20%281%29.jpg","Staged showhome interior space."
"Westcombe Park","The Cypress · Plot 427","3","https://www.countrysidehomes.com/developments/essex/westcombe-park-heybridge/home-0427","images/11c8bb12fa2d05408844bb5388792747db2644bdaf91c0dcd92dac9c0670c64e.jpg","https://cdn.mediavalet.com/eunl/vistry-dam/t21-PdeBY02EaI-kFzpDVA/h9lfsai72Uq0euZY10QcQg/Custom/cypress_21%20downstairs%20wc.jpg","Staged showhome bathroom."
"Westcombe Park","The Cypress · Plot 427","3","https://www.countrysidehomes.com/developments/essex/westcombe-park-heybridge/home-0427","images/bacd32b2d8d734290423eae39420baabb85691a821a68f6126b653979a5ea163.jpg","https://cdn.mediavalet.com/eunl/vistry-dam/6xpg1yyaVkyCn-GHUl-sug/_EUNTWzi8kefT819F1sGTA/Custom/BVISWDBICKCYPRESS%20%285%29.jpg","Staged showhome interior space."
"Westcombe Park","The Cypress · Plot 427","3","https://www.countrysidehomes.com/developments/essex/westcombe-park-heybridge/home-0427","images/5b3f4db6a881dd4acab931e61abde145e3649f147f06dcab0e5b8830645ffa45.jpg","https://cdn.mediavalet.com/eunl/vistry-dam/-yeYOIZu1ECVwvUSSYB_Pg/PbPiQR8WQ02Ul_1mYlQ2yQ/Custom/Cypress-Aug-2021-012.jpg","Staged showhome interior space."
"Westcombe Park","The Cypress · Plot 427","3","https://www.countrysidehomes.com/developments/essex/westcombe-park-heybridge/home-0427","images/4ea1cabac14cbbbfa0b61e7487102114d6626c9b6963716ba901d92da27ed033.jpg","https://cdn.mediavalet.com/eunl/vistry-dam/m8H11_l0L0-eq7xUbswE0Q/o5MzdwBbP0uP6rlZZ7Vm2w/Custom/223977-026.jpg","Staged showhome interior space."
"Westcombe Park","The Cypress · Plot 427","3","https://www.countrysidehomes.com/developments/essex/westcombe-park-heybridge/home-0427","images/88d7e86bbcda0173aaedb493e639d635429c12f988395cf46f81c999061e0de0.jpg","https://cdn.mediavalet.com/eunl/vistry-dam/Rx8uy9vntEy4Kz4z9oiR2g/OXi1tl9FS0yjuBq8uJdpqA/Custom/223977-054.jpg","Staged showhome interior space."
"Westcombe Park","The Cypress · Plot 427","3","https://www.countrysidehomes.com/developments/essex/westcombe-park-heybridge/home-0427","images/2354b5a1ea6cb62e73750b3177f89f9bfeda0a73f8395eb8285860287c50cb28.png","https://mvdataappstorageeunlprod.blob.core.windows.net/medialibrary-34218e3cae6c4041a23eb8b1cf91be27/3015db47b97e464da9912227bcdae145/3015db47b97e464da9912227bcdae145/Original/Cypress%20GF.png?sv=2017-04-17&sr=b&si=202008111744&sig=zu5H3p4nJ5NnGzBGDu1stL60jhl0c4%2BXAgG0EpE7CLI%3D&st=0612-10-31T15%3A57%3A41Z&se=2036-09-14T18%3A42%3A04Z&rsct=application%2Foctet-stream&rscd=attachment%3B%20filename%2A%3DUTF-8%27%27Cypress%2520GF.png","Staged showhome interior space."
"Westcombe Park","The Cypress · Plot 427","3","https://www.countrysidehomes.com/developments/essex/westcombe-park-heybridge/home-0427","images/1356ba97a122d9211ff6a0b2da7226df1212a61df560c0271abebb5f441070b3.png","https://mvdataappstorageeunlprod.blob.core.windows.net/medialibrary-34218e3cae6c4041a23eb8b1cf91be27/3b7c1dda9d8548179df7e983c3fdd4e0/3b7c1dda9d8548179df7e983c3fdd4e0/Original/Cypress%20FF.png?sv=2017-04-17&sr=b&si=202008111744&sig=BUul4jXVy3eAhlDayMBNYJ%2F4Fb6d9c4%2BtDAYPE0x4QU%3D&st=0570-09-05T12%3A04%3A58Z&se=2036-09-14T18%3A49%3A01Z&rsct=application%2Foctet-stream&rscd=attachment%3B%20filename%2A%3DUTF-8%27%27Cypress%2520FF.png","Staged showhome interior space."
"Westcombe Park","The Cypress · Plot 498","3","https://www.countrysidehomes.com/developments/essex/westcombe-park-heybridge/home-0498","images/7e09f0c1c088d6430660c4662ae3eecaaffd912eaaf48e4901cb2cf2e8fd7f24.jpg","https://cdn.mediavalet.com/eunl/vistry-dam/iArGkKBhOUyVLnNTbZbNtQ/JhbHPLdxR0qgQmJxmNqJjA/Custom/cypress_04%20kitchen%20diner.jpg","Staged showhome kitchen."
"Westcombe Park","The Cypress · Plot 498","3","https://www.countrysidehomes.com/developments/essex/westcombe-park-heybridge/home-0498","images/d185c9ecc35b9b87af2905417ce62e00af215799f6c84ed9851bc0b50c65e6fd.jpg","https://cdn.mediavalet.com/eunl/vistry-dam/7jnoKI3vD0-_uNkw0p6gSQ/NXqXy3nwiUuxAoHxOznSbQ/Custom/JUNIPER%20-%20P494_JU.0007_CGI_HR_Development_Hero_1280x853%20%281%29.jpg","Staged showhome interior space."
"Westcombe Park","The Cypress · Plot 498","3","https://www.countrysidehomes.com/developments/essex/westcombe-park-heybridge/home-0498","images/1eb8bcc81c48fad3e5410582bdcab8635de3385e098522d8a2801dc7b391a337.jpg","https://cdn.mediavalet.com/eunl/vistry-dam/mXcS2MjAg021sLlMJ4AbAw/e-N4ZjQEu0iLgQxjTnCRCA/Custom/BVISWDBICKCYPRESS%20%282%29.jpg","Staged showhome interior space."
"Westcombe Park","The Cypress · Plot 498","3","https://www.countrysidehomes.com/developments/essex/westcombe-park-heybridge/home-0498","images/11c8bb12fa2d05408844bb5388792747db2644bdaf91c0dcd92dac9c0670c64e.jpg","https://cdn.mediavalet.com/eunl/vistry-dam/t21-PdeBY02EaI-kFzpDVA/h9lfsai72Uq0euZY10QcQg/Custom/cypress_21%20downstairs%20wc.jpg","Staged showhome bathroom."
"Westcombe Park","The Cypress · Plot 498","3","https://www.countrysidehomes.com/developments/essex/westcombe-park-heybridge/home-0498","images/1823f956e77d9832cf9a86c0f2f3225e52a127ce29be28de266eeb60a5beb414.jpg","https://cdn.mediavalet.com/eunl/vistry-dam/RUb6tZmOUEGMV7REncwnHg/S3nZj4YxEEer3vroARkn1A/Custom/cypress_27%20bedroom.jpg","Staged showhome bedroom."
"Westcombe Park","The Cypress · Plot 498","3","https://www.countrysidehomes.com/developments/essex/westcombe-park-heybridge/home-0498","images/bacd32b2d8d734290423eae39420baabb85691a821a68f6126b653979a5ea163.jpg","https://cdn.mediavalet.com/eunl/vistry-dam/6xpg1yyaVkyCn-GHUl-sug/_EUNTWzi8kefT819F1sGTA/Custom/BVISWDBICKCYPRESS%20%285%29.jpg","Staged showhome interior space."
"Westcombe Park","The Cypress · Plot 498","3","https://www.countrysidehomes.com/developments/essex/westcombe-park-heybridge/home-0498","images/5b3f4db6a881dd4acab931e61abde145e3649f147f06dcab0e5b8830645ffa45.jpg","https://cdn.mediavalet.com/eunl/vistry-dam/-yeYOIZu1ECVwvUSSYB_Pg/PbPiQR8WQ02Ul_1mYlQ2yQ/Custom/Cypress-Aug-2021-012.jpg","Staged showhome interior space."
"Westcombe Park","The Cypress · Plot 498","3","https://www.countrysidehomes.com/developments/essex/westcombe-park-heybridge/home-0498","images/4ea1cabac14cbbbfa0b61e7487102114d6626c9b6963716ba901d92da27ed033.jpg","https://cdn.mediavalet.com/eunl/vistry-dam/m8H11_l0L0-eq7xUbswE0Q/o5MzdwBbP0uP6rlZZ7Vm2w/Custom/223977-026.jpg","Staged showhome interior space."
"Westcombe Park","The Cypress · Plot 498","3","https://www.countrysidehomes.com/developments/essex/westcombe-park-heybridge/home-0498","images/88d7e86bbcda0173aaedb493e639d635429c12f988395cf46f81c999061e0de0.jpg","https://cdn.mediavalet.com/eunl/vistry-dam/Rx8uy9vntEy4Kz4z9oiR2g/OXi1tl9FS0yjuBq8uJdpqA/Custom/223977-054.jpg","Staged showhome interior space."
"Westcombe Park","The Cypress · Plot 498","3","https://www.countrysidehomes.com/developments/essex/westcombe-park-heybridge/home-0498","images/2354b5a1ea6cb62e73750b3177f89f9bfeda0a73f8395eb8285860287c50cb28.png","https://mvdataappstorageeunlprod.blob.core.windows.net/medialibrary-34218e3cae6c4041a23eb8b1cf91be27/3015db47b97e464da9912227bcdae145/3015db47b97e464da9912227bcdae145/Original/Cypress%20GF.png?sv=2017-04-17&sr=b&si=202008111744&sig=zu5H3p4nJ5NnGzBGDu1stL60jhl0c4%2BXAgG0EpE7CLI%3D&st=0612-10-31T15%3A57%3A41Z&se=2036-09-14T18%3A42%3A04Z&rsct=application%2Foctet-stream&rscd=attachment%3B%20filename%2A%3DUTF-8%27%27Cypress%2520GF.png","Staged showhome interior space."
"Westcombe Park","The Cypress · Plot 498","3","https://www.countrysidehomes.com/developments/essex/westcombe-park-heybridge/home-0498","images/1356ba97a122d9211ff6a0b2da7226df1212a61df560c0271abebb5f441070b3.png","https://mvdataappstorageeunlprod.blob.core.windows.net/medialibrary-34218e3cae6c4041a23eb8b1cf91be27/3b7c1dda9d8548179df7e983c3fdd4e0/3b7c1dda9d8548179df7e983c3fdd4e0/Original/Cypress%20FF.png?sv=2017-04-17&sr=b&si=202008111744&sig=BUul4jXVy3eAhlDayMBNYJ%2F4Fb6d9c4%2BtDAYPE0x4QU%3D&st=0570-09-05T12%3A04%3A58Z&se=2036-09-14T18%3A49%3A01Z&rsct=application%2Foctet-stream&rscd=attachment%3B%20filename%2A%3DUTF-8%27%27Cypress%2520FF.png","Staged showhome interior space."
"Westcombe Park","The Sparrow · Plot 290","4","https://www.countrysidehomes.com/developments/essex/westcombe-park-heybridge/home-0290","images/78abd782fefc6fb8b876ca1d784a6e10bcaef6daa43081791a8196bbd9d6a32c.jpg","https://cdn.mediavalet.com/eunl/vistry-dam/q8ypwzHlPUWiBLTAE4JQMg/CmLykLd0ykW2cwwAHpfLOw/Custom/Westcombe%20Park%20-%20The%20Sparrow.jpg","Staged showhome interior space."
"Westcombe Park","The Sparrow · Plot 290","4","https://www.countrysidehomes.com/developments/essex/westcombe-park-heybridge/home-0290","images/1a8ae33b10dde475f424cbfe14d93cd211979e12e87b7b922f4eebdd5a02f0a4.jpg","https://cdn.mediavalet.com/eunl/vistry-dam/uEHUzyiim0SFLEFPfYnANg/nSa8uo5mMkKHk_uLHwpCtA/Custom/2181255-054.jpg","Staged showhome interior space."
"Westcombe Park","The Sparrow · Plot 290","4","https://www.countrysidehomes.com/developments/essex/westcombe-park-heybridge/home-0290","images/f068c75fc142d89d13796e5d74dfc00b2332c7fe26cedccf367934dec59025a9.jpg","https://cdn.mediavalet.com/eunl/vistry-dam/59njfFyPJ0OiogyLP4zNdw/pEp727qSqU2dZyab28xn-w/Custom/223945-52.jpg","Staged showhome interior space."
"Westcombe Park","The Sparrow · Plot 290","4","https://www.countrysidehomes.com/developments/essex/westcombe-park-heybridge/home-0290","images/d307b006c6ee0d1928ee84119e5a3ac5ac633c556c9413ecca1c5f819460df64.jpg","https://cdn.mediavalet.com/eunl/vistry-dam/7OhPCDaJ3EGoXIkaPdgwkw/6omjZlIWd06ff_lbwJMFmw/Custom/223945-35.jpg","Staged showhome interior space."
"Westcombe Park","The Sparrow · Plot 290","4","https://www.countrysidehomes.com/developments/essex/westcombe-park-heybridge/home-0290","images/33c8e14e1daa1b36282ed419d6f27d0e5d144afee32e53afda27730b5fadea61.jpg","https://cdn.mediavalet.com/eunl/vistry-dam/SdczEE17dkixWDXKTElvkQ/bBD-QGA65EmfGByuqgeoBw/Custom/223945-04.jpg","Staged showhome interior space."
"Westcombe Park","The Sparrow · Plot 290","4","https://www.countrysidehomes.com/developments/essex/westcombe-park-heybridge/home-0290","images/ac489be3aaf752e31415abccfdad86d2814479309e883277c04bb5d61837d2d8.jpg","https://cdn.mediavalet.com/eunl/vistry-dam/APH70W_7EUiWqoDWy5M7Mw/VvSA_g8qiE6EM8kiaQK6cQ/Custom/223945-11.jpg","Staged showhome interior space."
"Westcombe Park","The Sparrow · Plot 290","4","https://www.countrysidehomes.com/developments/essex/westcombe-park-heybridge/home-0290","images/7f858ffd418211cbb8f81c96f866f1f2015173dd89944a2826eec89c92d59034.jpg","https://cdn.mediavalet.com/eunl/vistry-dam/epk5bsFIQ0-hLVN8jwJO3w/WeX5qwAPOkCGSynu-Wfsag/Custom/223945-16.jpg","Staged showhome interior space."
"Westcombe Park","The Sparrow · Plot 290","4","https://www.countrysidehomes.com/developments/essex/westcombe-park-heybridge/home-0290","images/4fb089732061f0484705333582f0b8f543afee0995864a6c1fd68d074778f4c9.jpg","https://cdn.mediavalet.com/eunl/vistry-dam/pwQN8-m1PUisFz8OfbX4jg/4rS_OqhwJECqgMufwiUbdA/Custom/223945-67.jpg","Staged showhome interior space."
"Westcombe Park","The Sparrow · Plot 290","4","https://www.countrysidehomes.com/developments/essex/westcombe-park-heybridge/home-0290","images/488225ee01d291e1ff70b529589900a17e0e5d184b42c34704ba89b60cf7df25.jpg","https://cdn.mediavalet.com/eunl/vistry-dam/avoOGxsre0-uGH-I2e3JYQ/xQK0WkA8lU6pGSEAetrciQ/Custom/223945-68.jpg","Staged showhome interior space."
"Westcombe Park","The Sparrow · Plot 290","4","https://www.countrysidehomes.com/developments/essex/westcombe-park-heybridge/home-0290","images/42efc7325b3439bb06448a0d922f1fb6d6eca02b29cb120ff69c50ffdf14a663.jpg","https://cdn.mediavalet.com/eunl/vistry-dam/2_QJglctTkeB3efPAkbjmw/X-rptXbWiEGAJmqdRpXkRg/Custom/262407-34.jpg","Staged showhome interior space."
"Westcombe Park","The Sparrow · Plot 290","4","https://www.countrysidehomes.com/developments/essex/westcombe-park-heybridge/home-0290","images/c8c879525b7645e276f8896dbf3daf275b0517da1e3b81b9776a24aae171036c.jpg","https://cdn.mediavalet.com/eunl/vistry-dam/fKXf-tjH2EWyiD9cdwq2XQ/oo-xX859B0aej3Bnx1uqEA/Custom/262407-03.jpg","Staged showhome interior space."
"Westcombe Park","The Aspen · Plot 497","4","https://www.countrysidehomes.com/developments/essex/westcombe-park-heybridge/home-0497","images/0ddb4bd4f6f50ac48373040b279a29df2e46598e7c9f59e574d2c364262209b3.jpg","https://cdn.mediavalet.com/eunl/vistry-dam/XOXlRoESMEe0t-_jYrKhUA/36ECiXwUDEymE-TI7qaTEQ/Custom/262367-07.jpg","Staged showhome interior space."
"Westcombe Park","The Aspen · Plot 497","4","https://www.countrysidehomes.com/developments/essex/westcombe-park-heybridge/home-0497","images/1d4ea2517c4320475f2a418f0b3bc05e03ccd529a2a70d9cff4baf5151d00f02.jpg","https://cdn.mediavalet.com/eunl/vistry-dam/oS6EFnEIY06fQESXlUKbOg/FEvW-j_KwUSr2-Vfu_6RtQ/Custom/ASPEN-P411_AS.0004_CGI_HR.jpg","Staged showhome interior space."
"Westcombe Park","The Aspen · Plot 497","4","https://www.countrysidehomes.com/developments/essex/westcombe-park-heybridge/home-0497","images/4e47fc83dfee7df070db7596d617816a43c1454bb2bcb71432f7ad65923e28d4.jpg","https://cdn.mediavalet.com/eunl/vistry-dam/cZBXzNXOTkG-O4mgHQb5mA/IW9vgQyE3E2jKAGJnZU-9Q/Custom/262367-24.jpg","Staged showhome interior space."
"Westcombe Park","The Aspen · Plot 497","4","https://www.countrysidehomes.com/developments/essex/westcombe-park-heybridge/home-0497","images/f6ef61ee7ca4b15910b31b5c5d8ecdd9d576210b4e7fa3b8af497aa879cf37ef.jpg","https://cdn.mediavalet.com/eunl/vistry-dam/OowB4If5tUKsrDdafmBw-w/3VbUUwJolUW2lpGX5qR7fg/Custom/262367-03.jpg","Staged showhome interior space."
"Westcombe Park","The Aspen · Plot 497","4","https://www.countrysidehomes.com/developments/essex/westcombe-park-heybridge/home-0497","images/38f5bfb56e98e9185691e526d80bf3abbdf35aebc17cca0d05e4a2c7e5b8d736.jpg","https://cdn.mediavalet.com/eunl/vistry-dam/mgdu7lILGEOf1iVuIgZqUw/Zgoc95YbpkaTODYgHASuxg/Custom/262367-16.jpg","Staged showhome interior space."
"Westcombe Park","The Aspen · Plot 497","4","https://www.countrysidehomes.com/developments/essex/westcombe-park-heybridge/home-0497","images/105e82a7a300511dfa0f6ef40f7cb38bed035e003e46e42be5104b4c7db9b610.jpg","https://cdn.mediavalet.com/eunl/vistry-dam/mUQhSqKPME-_58d6tgvjew/mtEI6dlq0Eaf33rQpOGWnA/Custom/262367-14.jpg","Staged showhome interior space."
"Westcombe Park","The Aspen · Plot 497","4","https://www.countrysidehomes.com/developments/essex/westcombe-park-heybridge/home-0497","images/837af518f9043b5f94b46d6ec33938a01e2914eaa918a51f0c121e683a49df68.jpg","https://cdn.mediavalet.com/eunl/vistry-dam/-nBfe7BBu0eOjQmPhCrzdQ/Iq_eiXCmlkabK6RGYIgoEw/Custom/262367-12.jpg","Staged showhome interior space."
"Westcombe Park","The Aspen · Plot 497","4","https://www.countrysidehomes.com/developments/essex/westcombe-park-heybridge/home-0497","images/6210cf32df936c5336b9c9a556f0f64e6ba7d4d76ca32da7cc01eac6c9dcac71.jpg","https://cdn.mediavalet.com/eunl/vistry-dam/01GJphjEkEmpxvWjhqwcLg/YIp-kL-3tk2j2NhrE1srPg/Custom/262367-19.jpg","Staged showhome interior space."
"Westcombe Park","The Aspen · Plot 497","4","https://www.countrysidehomes.com/developments/essex/westcombe-park-heybridge/home-0497","images/3436aacc3a1bf1cf5c836acb8606884271ba7139654f923467b60a970c12c1ed.jpg","https://cdn.mediavalet.com/eunl/vistry-dam/pGp8FDS9MUaRAH4fR3shxA/UdYCOL2sukeC_wsx7rZg1Q/Custom/262367-22.jpg","Staged showhome interior space."
"Westcombe Park","The Aspen · Plot 497","4","https://www.countrysidehomes.com/developments/essex/westcombe-park-heybridge/home-0497","images/7f01a90e274e375ecfb7f661abc18ad4e1da5baf15c61ae8eac144bd8fa5b9e7.jpg","https://cdn.mediavalet.com/eunl/vistry-dam/gnMDZ3HVeE-tV2QlYmFJOA/r_9fE9UTqEmUEZ5gEMJWRQ/Custom/262367-26.jpg","Staged showhome interior space."
"Westcombe Park","The Aspen · Plot 497","4","https://www.countrysidehomes.com/developments/essex/westcombe-park-heybridge/home-0497","images/038067a035f35de735f936df5cade55ef5a46b488c4988e645aeb41f7789e362.jpg","https://cdn.mediavalet.com/eunl/vistry-dam/1LAJQs9ig0OfHi66er3_Gw/nkNd9DFLxk-Y_PlNZgZfug/Custom/262367-28.jpg","Staged showhome interior space."
"Westcombe Park","The Aspen · Plot 497","4","https://www.countrysidehomes.com/developments/essex/westcombe-park-heybridge/home-0497","images/d5e85654eab2d5131297ff24971d83495c6b55756ea78f04165cf68bf3292edf.png","https://mvdataappstorageeunlprod.blob.core.windows.net/medialibrary-34218e3cae6c4041a23eb8b1cf91be27/94d428090945423282c699c41cfcbcd2/94d428090945423282c699c41cfcbcd2/Original/Aspen%20GF.png?sv=2017-04-17&sr=b&si=202008111744&sig=DHbrBECAPw7SHEXtb6GH2ZXa0SxWQ8x3%2Bwj4HjF4KGY%3D&st=1088-08-27T00%3A32%3A41Z&se=2036-09-10T23%3A44%3A54Z&rsct=application%2Foctet-stream&rscd=attachment%3B%20filename%2A%3DUTF-8%27%27Aspen%2520GF.png","Staged showhome interior space."
"Westcombe Park","The Aspen · Plot 497","4","https://www.countrysidehomes.com/developments/essex/westcombe-park-heybridge/home-0497","images/c057d59420863a7d19859c1725e6cfa53d0dc63fcfb2bf8e816fd96a9338813d.png","https://mvdataappstorageeunlprod.blob.core.windows.net/medialibrary-34218e3cae6c4041a23eb8b1cf91be27/05f574db27354bbb8e8e0a6b3f28d277/05f574db27354bbb8e8e0a6b3f28d277/Original/Aspen%20FF.png?sv=2017-04-17&sr=b&si=202008111744&sig=WJOt37kHs6CRut5KbjQPjyeH9%2By2tydlcRKpZg7ar4Q%3D&st=0965-03-02T21%3A40%3A30Z&se=2036-09-10T23%3A47%3A22Z&rsct=application%2Foctet-stream&rscd=attachment%3B%20filename%2A%3DUTF-8%27%27Aspen%2520FF.png","Staged showhome interior space."
"Westcombe Park","The Kite · Plot 197","3","https://www.countrysidehomes.com/developments/essex/westcombe-park-heybridge/home-0197","images/6e14721e749d3030cd755513fa36fa94551a701090fc11d5ba94455d166af94d.jpg","https://cdn.mediavalet.com/eunl/vistry-dam/LwpNdM9S-EujazqLh-6y2g/FNiEI0vwmUOSopFTAzy52Q/Custom/Westcombe%20Park%20-%20The%20Kite.jpg","Staged showhome interior space."
"Westcombe Park","The Kite · Plot 197","3","https://www.countrysidehomes.com/developments/essex/westcombe-park-heybridge/home-0197","images/1a8ae33b10dde475f424cbfe14d93cd211979e12e87b7b922f4eebdd5a02f0a4.jpg","https://cdn.mediavalet.com/eunl/vistry-dam/uEHUzyiim0SFLEFPfYnANg/nSa8uo5mMkKHk_uLHwpCtA/Custom/2181255-054.jpg","Staged showhome interior space."
"Westcombe Park","The Kite · Plot 197","3","https://www.countrysidehomes.com/developments/essex/westcombe-park-heybridge/home-0197","images/16b52e6d724a56bf35c00b1d83d422b58535dbc4100f69d15152f0c24a1ee9cb.jpg","https://cdn.mediavalet.com/eunl/vistry-dam/KnbaUt6uaEimeAJslsh9CQ/u_tqGKdhFEGZFyk9Zn9hnA/Custom/262407-01.jpg","Staged showhome interior space."
"Westcombe Park","The Kite · Plot 197","3","https://www.countrysidehomes.com/developments/essex/westcombe-park-heybridge/home-0197","images/3d904199918f83b8f8d0c0c83e1b1a2f038d45e53326940431de3a918aa5558f.jpg","https://cdn.mediavalet.com/eunl/vistry-dam/ekMkxXm93UGukg_9udSP2A/eWztGz586EWvu-3O3YTmug/Custom/223977-041.jpg","Staged showhome interior space."
"Westcombe Park","The Kite · Plot 197","3","https://www.countrysidehomes.com/developments/essex/westcombe-park-heybridge/home-0197","images/5e44ad6be2923a37bfad84ce10089dd53d030fee74de7cceff8a4dd943112f40.jpg","https://cdn.mediavalet.com/eunl/vistry-dam/FHT46WVxbkW0PLp6EDo0bw/Ul32MSmCKUyUrw6zBnd3YQ/Custom/242156-248.jpg","Staged showhome interior space."
"Westcombe Park","The Kite · Plot 197","3","https://www.countrysidehomes.com/developments/essex/westcombe-park-heybridge/home-0197","images/030195d836138edd129b3481923178cd488e0dbac51d2f17ae641bc239006d51.jpg","https://cdn.mediavalet.com/eunl/vistry-dam/z3erv8la40eT9qujVegHwA/AAX8iduoYEek9_k6U3WGlw/Custom/262405-15.jpg","Staged showhome interior space."
"Westcombe Park","The Kite · Plot 197","3","https://www.countrysidehomes.com/developments/essex/westcombe-park-heybridge/home-0197","images/c9272cfce9c155611e2bcc05f1d331fed95fe8f571ddb023191d12b65da82899.jpg","https://cdn.mediavalet.com/eunl/vistry-dam/PgHfH9n_4EmSKFglrt4pBg/iKxV0zGMVki0CBrxP8dltQ/Custom/242156-271.jpg","Staged showhome interior space."
"Westcombe Park","The Kite · Plot 197","3","https://www.countrysidehomes.com/developments/essex/westcombe-park-heybridge/home-0197","images/edf6d5325007ee94d68f6b7b1045f306ae61f9180f1d9e03c438ae0c00f4fcfa.jpg","https://cdn.mediavalet.com/eunl/vistry-dam/mkXEQCt8602tAtpCYOjEkA/YcExlP3l4E2b0vQY1vaBHQ/Custom/242046-092a.jpg","Staged showhome interior space."
"Westcombe Park","The Kite · Plot 197","3","https://www.countrysidehomes.com/developments/essex/westcombe-park-heybridge/home-0197","images/270273c985d0e3ca8248ea5af7ae6c77d8c2445c2f81900d3499df87ba22581c.jpg","https://cdn.mediavalet.com/eunl/vistry-dam/NqceX7TpJkWPMLb4by7cWg/qzhqiwRsD0KWp5a7RTbmZw/Custom/2201535-007.jpg","Staged showhome interior space."
"Westcombe Park","The Kite · Plot 197","3","https://www.countrysidehomes.com/developments/essex/westcombe-park-heybridge/home-0197","images/1b4fefe66fede9b58f1f0d441e4ee29ac5e81760714ae421bcb683bb093dc74f.jpg","https://cdn.mediavalet.com/eunl/vistry-dam/3mUtFJkQokSsZdoUegFVDw/eO0L1JedBUC2EKxj8EBdqg/Custom/2275450.jpg","Staged showhome interior space."
"Westcombe Park","The Kite · Plot 197","3","https://www.countrysidehomes.com/developments/essex/westcombe-park-heybridge/home-0197","images/f80f9ce75d80ac5bdb66307fee8ba7aa5197052d18ed106cf07b65471b0a7bd8.jpg","https://cdn.mediavalet.com/eunl/vistry-dam/0O-GUxA6skyjq3mOeyLxHQ/7O39yPhOSEadeKrk--MR_w/Custom/2275447.jpg","Staged showhome interior space."
"Westcombe Park","The Kite · Plot 197","3","https://www.countrysidehomes.com/developments/essex/westcombe-park-heybridge/home-0197","images/c3a52cba3d4e19b945f7e3af5b1df2ccba992023f94d166071bba9e5703176c6.jpg","https://mvdataappstorageeunlprod.blob.core.windows.net/medialibrary-34218e3cae6c4041a23eb8b1cf91be27/629955a1c4df494cb3ca5e7bd4da2e9b/629955a1c4df494cb3ca5e7bd4da2e9b/Original/717311589-the_kite_gf.jpg?sv=2017-04-17&sr=b&si=202008111744&sig=SnTsZ%2FeJB%2BmtjyD0X3G%2F5XlWqR%2F7pBMg1kqqZq7Cc%2Bo%3D&st=0359-01-21T16%3A44%3A05Z&se=2036-09-17T21%3A04%3A01Z&rsct=application%2Foctet-stream&rscd=attachment%3B%20filename%2A%3DUTF-8%27%27717311589-the_kite_gf.jpg","Staged showhome interior space."
"Westcombe Park","The Kite · Plot 197","3","https://www.countrysidehomes.com/developments/essex/westcombe-park-heybridge/home-0197","images/e1da665df5ee6fc5830adf351bdfce5513ba38b9b11a91a1ee7ad867393aaac6.jpg","https://mvdataappstorageeunlprod.blob.core.windows.net/medialibrary-34218e3cae6c4041a23eb8b1cf91be27/3f5b85bfbd9641e0b488f47ba011087b/3f5b85bfbd9641e0b488f47ba011087b/Original/717311584-the_kite_ff.jpg?sv=2017-04-17&sr=b&si=202008111744&sig=0moAAEaMNupl8%2FZmxuDGdwrweFP8MoUXxgCCXKiEQAc%3D&st=0605-01-07T10%3A36%3A21Z&se=2036-09-17T21%3A07%3A47Z&rsct=application%2Foctet-stream&rscd=attachment%3B%20filename%2A%3DUTF-8%27%27717311584-the_kite_ff.jpg","Staged showhome interior space."
"Westcombe Park","The Brambling · Plot 268","2","https://www.countrysidehomes.com/developments/essex/westcombe-park-heybridge/home-0268","images/a8ed4a029862da43689c082b3b8dd4e282346ed3e63babb9b5c1bf71caa873c2.jpg","https://cdn.mediavalet.com/eunl/vistry-dam/viBt2KhUY0KRJwisW9nEZQ/lm5dFzzX-0WOIQaTEV1nTw/Custom/Westcombe%20Park%20-%20The%20Brambling.jpg","Staged showhome interior space."
"Westcombe Park","The Brambling · Plot 268","2","https://www.countrysidehomes.com/developments/essex/westcombe-park-heybridge/home-0268","images/7cd4206da44c24f03ed5b7ea07cb51a3f64c892141110b43d2166a0d5bd512bd.jpg","https://cdn.mediavalet.com/eunl/vistry-dam/Iq9X1mLRS0G-9C_EousLyQ/SZNPVCwXfEWxU2_B8imC-w/Custom/222747-29.jpg","Staged showhome interior space."
"Westcombe Park","The Brambling · Plot 268","2","https://www.countrysidehomes.com/developments/essex/westcombe-park-heybridge/home-0268","images/4327326071c11096bcfa6f185e42f32efd90f9c782d5e35c47ad68431040058a.jpg","https://cdn.mediavalet.com/eunl/vistry-dam/ndi4OyIApUezeYXqGjHFBw/s-wRfev83UCG8JDKk8WZHw/Custom/2201572-095.jpg","Staged showhome interior space."
"Westcombe Park","The Brambling · Plot 268","2","https://www.countrysidehomes.com/developments/essex/westcombe-park-heybridge/home-0268","images/b0701bd1f999ccb84f22ea6ca78a16a8f55b573244e7bc98779c2e168dd055b4.jpg","https://cdn.mediavalet.com/eunl/vistry-dam/hdxXoNuG1E6L1ES_QoLOkw/CwFiYLKFE0qbiYLRzwqhkA/Custom/2201572-111.jpg","Staged showhome interior space."
"Westcombe Park","The Brambling · Plot 268","2","https://www.countrysidehomes.com/developments/essex/westcombe-park-heybridge/home-0268","images/25601785dc982024bc0f9db2f627f0a9d8eb3be8daba3ef27c66e881b435707b.jpg","https://cdn.mediavalet.com/eunl/vistry-dam/FPXKpdEfGUOVIk3mOwrtLw/t34IfZ6QU0Wp6eVx1_WNCg/Custom/242046-067.jpg","Staged showhome interior space."
"Westcombe Park","The Brambling · Plot 268","2","https://www.countrysidehomes.com/developments/essex/westcombe-park-heybridge/home-0268","images/c64d080ef957878714530c4d786d69a271137875eca732fc0d238a495c233849.jpg","https://cdn.mediavalet.com/eunl/vistry-dam/GCIML3kFC0KR1-W6cl-GTw/xk-iv1u61EKgXahszR0vuA/Custom/242046-095a.jpg","Staged showhome interior space."
"Westcombe Park","The Brambling · Plot 268","2","https://www.countrysidehomes.com/developments/essex/westcombe-park-heybridge/home-0268","images/6ad610607263d7a2f5140156005af44a14e308b59132b65dca39326192d64ca6.jpg","https://cdn.mediavalet.com/eunl/vistry-dam/Ci7kO0VHI0ONFAx1Fy1V_g/pMDwBnsHwUetwWOmqiyAXg/Custom/222747-01.jpg","Staged showhome interior space."
"Westcombe Park","The Wagtail · Plot 324","4","https://www.countrysidehomes.com/developments/essex/westcombe-park-heybridge/home-0324","images/280e2a3f7d84ec267c3c70dafb2b8b7ec09b69d60845c80d37ba17b7ec3e1b65.jpg","https://cdn.mediavalet.com/eunl/vistry-dam/-_XXJiMtgUS-OG91df_Fpg/xwdqV2SYYUSKiB-ITJTdFA/Custom/262432-020_westcombe_exterior_plot_321_a.jpg","Staged showhome interior space."
"Westcombe Park","The Wagtail · Plot 324","4","https://www.countrysidehomes.com/developments/essex/westcombe-park-heybridge/home-0324","images/7eb1c9d4236ea891a2e16195f7ccfa34732bc8421b2be05e3019f22a617f9931.jpg","https://cdn.mediavalet.com/eunl/vistry-dam/jKXv3RRJPkaKeOdMF7EkmQ/XLJ8kcquLU68s_HMKdIvZQ/Custom/Kitchen%20Dining.jpg","Staged showhome kitchen."
"Westcombe Park","The Wagtail · Plot 324","4","https://www.countrysidehomes.com/developments/essex/westcombe-park-heybridge/home-0324","images/7192293491edd0d2371707c32fda0d5750a647037f16d3a4fcfd2b5fb4eecb6f.jpg","https://cdn.mediavalet.com/eunl/vistry-dam/kYmk9cASEE2hnO2NgWaxQw/fp2ymnaaPkaP1r49jvFQRQ/Custom/Living%20Room.jpg","Staged showhome living room."
"Westcombe Park","The Wagtail · Plot 324","4","https://www.countrysidehomes.com/developments/essex/westcombe-park-heybridge/home-0324","images/1b885de255b620da07a98d03ff5dd32c2828c2cda380b23471f16183cf2181d5.jpg","https://cdn.mediavalet.com/eunl/vistry-dam/qjfagAp0Lk-wFjlRtaIjMw/76lhl4wdr0epvCcHrtsLUA/Custom/Bed%201.jpg","Staged showhome bedroom."
"Westcombe Park","The Wagtail · Plot 324","4","https://www.countrysidehomes.com/developments/essex/westcombe-park-heybridge/home-0324","images/0353cabf2a78a973c83d7052c2f7283c5e72610a7d88412beeece660e7558f98.jpg","https://cdn.mediavalet.com/eunl/vistry-dam/c9k65EM1SkqLk_hDmZVAow/EM0SsdnOh0CKa1PrfupJCw/Custom/Bed%202.jpg","Staged showhome bedroom."
"Westcombe Park","The Wagtail · Plot 324","4","https://www.countrysidehomes.com/developments/essex/westcombe-park-heybridge/home-0324","images/8adbc044c3ee10551578481d66d78acc6eef0cda566a3fb6785bece3661c5097.jpg","https://cdn.mediavalet.com/eunl/vistry-dam/lyPwcPLcOEeP0nfb3EFIrw/NAl1Ec2zNU2obiIexI9lvQ/Custom/Bathroom.jpg","Staged showhome bathroom."
"Westcombe Park","The Wagtail · Plot 324","4","https://www.countrysidehomes.com/developments/essex/westcombe-park-heybridge/home-0324","images/73b23906a7d97871b7f42200afebe4ffa74663b5be0a12a64bbca479991bc403.jpg","https://cdn.mediavalet.com/eunl/vistry-dam/7Twh0r5aW0SV_PXprinzrg/yrRbhLxdXEWm-S6vgPk2GQ/Custom/En%20Suite.jpg","Staged showhome interior space."
"Westcombe Park","The Wagtail · Plot 324","4","https://www.countrysidehomes.com/developments/essex/westcombe-park-heybridge/home-0324","images/d71583239687dca1148d9340c8c9f7b1e0bc7b17a38834c6be7debe57938eee2.jpg","https://cdn.mediavalet.com/eunl/vistry-dam/RJiX8GH5uUaxuIBBFQB3PA/OVtwVVV1T0ucer6agBxSFg/Custom/Bed%203%20-%20dressing%20room.jpg","Staged showhome bedroom."
"Westcombe Park","The Wagtail · Plot 324","4","https://www.countrysidehomes.com/developments/essex/westcombe-park-heybridge/home-0324","images/201b59345acbfd1ce6c71c04065d0cf26d20f374d31d2ae0681c0d425ca304c3.jpg","https://cdn.mediavalet.com/eunl/vistry-dam/8_m5P274cUCxT116WxT59w/NtJ41QtuEEyO6PLDrkcagA/Custom/Bed%204.jpg","Staged showhome bedroom."
"Westcombe Park","The Wagtail · Plot 324","4","https://www.countrysidehomes.com/developments/essex/westcombe-park-heybridge/home-0324","images/09574630934f8a8af70fa7ab54fd3eee8d98c460cd3b3fd4a56b85d7fdc60cbd.jpg","https://cdn.mediavalet.com/eunl/vistry-dam/fMOlPQBRtka7OPoFssStOA/ACp5ghVAfEq9Hv3bRD8kDA/Custom/Bed%203.jpg","Staged showhome bedroom."
"Westcombe Park","The Wagtail · Plot 324","4","https://www.countrysidehomes.com/developments/essex/westcombe-park-heybridge/home-0324","images/988085f3ef9497ff18b6851d07f1f33d4dfe3c9e3f2e32881255af06872d0748.jpg","https://mvdataappstorageeunlprod.blob.core.windows.net/medialibrary-34218e3cae6c4041a23eb8b1cf91be27/f0b58ed64eba434a8779b55aae3ecb80/f0b58ed64eba434a8779b55aae3ecb80/Original/westcombe-park-phase-2-wagtail-GF-hr.jpg?sv=2017-04-17&sr=b&si=202008111744&sig=vAv1Ran%2FbgIbscMuobYQdy8tScHaAT4lJjD8BB6sK4g%3D&st=0446-06-08T21%3A41%3A36Z&se=2036-09-17T21%3A23%3A37Z&rsct=application%2Foctet-stream&rscd=attachment%3B%20filename%2A%3DUTF-8%27%27westcombe-park-phase-2-wagtail-GF-hr.jpg","Staged showhome interior space."
"Westcombe Park","The Wagtail · Plot 324","4","https://www.countrysidehomes.com/developments/essex/westcombe-park-heybridge/home-0324","images/f682c7bc4d6ef8a7f2fa1d6f00986fbaa5ec91e431e7f86866adfcc799c50c52.jpg","https://mvdataappstorageeunlprod.blob.core.windows.net/medialibrary-34218e3cae6c4041a23eb8b1cf91be27/807e69e8af7b4e4fbb1eee4f390100f3/807e69e8af7b4e4fbb1eee4f390100f3/Original/westcombe-park-phase-2-wagtail-FF-hr.jpg?sv=2017-04-17&sr=b&si=202008111744&sig=mhbiEJrDfXl2lN%2FsLqGOzntfhzbiIvuH1CLZ9sQ0ON4%3D&st=0902-08-19T01%3A27%3A25Z&se=2036-09-17T21%3A24%3A58Z&rsct=application%2Foctet-stream&rscd=attachment%3B%20filename%2A%3DUTF-8%27%27westcombe-park-phase-2-wagtail-FF-hr.jpg","Staged showhome interior space."
"Westcombe Park","The Wagtail · Plot 324","4","https://www.countrysidehomes.com/developments/essex/westcombe-park-heybridge/home-0324","images/f47a7f92cc4dba136ba02125d635fdd4db7e622e968249cb52a00cb5ec015aa2.jpg","https://mvdataappstorageeunlprod.blob.core.windows.net/medialibrary-34218e3cae6c4041a23eb8b1cf91be27/b374b824c4f245238ba75ebba22f398e/b374b824c4f245238ba75ebba22f398e/Original/westcombe-park-phase-2-wagtail-SF-hr.jpg?sv=2017-04-17&sr=b&si=202008111744&sig=4%2BfSl7FjaEK56LZ4MZxLti%2F56ccbYHriLc6qzooDSpQ%3D&st=1365-06-15T02%3A53%3A29Z&se=2036-09-17T21%3A26%3A26Z&rsct=application%2Foctet-stream&rscd=attachment%3B%20filename%2A%3DUTF-8%27%27westcombe-park-phase-2-wagtail-SF-hr.jpg","Staged showhome interior space."
"Westcombe Park","The Aspen · Plot 491","4","https://www.countrysidehomes.com/developments/essex/westcombe-park-heybridge/home-0491","images/105e82a7a300511dfa0f6ef40f7cb38bed035e003e46e42be5104b4c7db9b610.jpg","https://cdn.mediavalet.com/eunl/vistry-dam/mUQhSqKPME-_58d6tgvjew/mtEI6dlq0Eaf33rQpOGWnA/Custom/262367-14.jpg","Staged showhome interior space."
"Westcombe Park","The Aspen · Plot 491","4","https://www.countrysidehomes.com/developments/essex/westcombe-park-heybridge/home-0491","images/adcc1c8ecf44a2de134f82dceb5b0ab431fba46bdb597d96b9eebe15b266179d.jpg","https://cdn.mediavalet.com/eunl/vistry-dam/ET1FK9ExTU2olCmgQkzP7w/9wqABGalCkaeu59KHqzXnw/Custom/262407-22.jpg","Staged showhome interior space."
"Westcombe Park","The Aspen · Plot 491","4","https://www.countrysidehomes.com/developments/essex/westcombe-park-heybridge/home-0491","images/1d4ea2517c4320475f2a418f0b3bc05e03ccd529a2a70d9cff4baf5151d00f02.jpg","https://cdn.mediavalet.com/eunl/vistry-dam/oS6EFnEIY06fQESXlUKbOg/FEvW-j_KwUSr2-Vfu_6RtQ/Custom/ASPEN-P411_AS.0004_CGI_HR.jpg","Staged showhome interior space."
"Westcombe Park","The Aspen · Plot 491","4","https://www.countrysidehomes.com/developments/essex/westcombe-park-heybridge/home-0491","images/4e47fc83dfee7df070db7596d617816a43c1454bb2bcb71432f7ad65923e28d4.jpg","https://cdn.mediavalet.com/eunl/vistry-dam/cZBXzNXOTkG-O4mgHQb5mA/IW9vgQyE3E2jKAGJnZU-9Q/Custom/262367-24.jpg","Staged showhome interior space."
"Westcombe Park","The Aspen · Plot 491","4","https://www.countrysidehomes.com/developments/essex/westcombe-park-heybridge/home-0491","images/38f5bfb56e98e9185691e526d80bf3abbdf35aebc17cca0d05e4a2c7e5b8d736.jpg","https://cdn.mediavalet.com/eunl/vistry-dam/mgdu7lILGEOf1iVuIgZqUw/Zgoc95YbpkaTODYgHASuxg/Custom/262367-16.jpg","Staged showhome interior space."
"Westcombe Park","The Aspen · Plot 491","4","https://www.countrysidehomes.com/developments/essex/westcombe-park-heybridge/home-0491","images/837af518f9043b5f94b46d6ec33938a01e2914eaa918a51f0c121e683a49df68.jpg","https://cdn.mediavalet.com/eunl/vistry-dam/-nBfe7BBu0eOjQmPhCrzdQ/Iq_eiXCmlkabK6RGYIgoEw/Custom/262367-12.jpg","Staged showhome interior space."
"Westcombe Park","The Aspen · Plot 491","4","https://www.countrysidehomes.com/developments/essex/westcombe-park-heybridge/home-0491","images/6210cf32df936c5336b9c9a556f0f64e6ba7d4d76ca32da7cc01eac6c9dcac71.jpg","https://cdn.mediavalet.com/eunl/vistry-dam/01GJphjEkEmpxvWjhqwcLg/YIp-kL-3tk2j2NhrE1srPg/Custom/262367-19.jpg","Staged showhome interior space."
"Westcombe Park","The Aspen · Plot 491","4","https://www.countrysidehomes.com/developments/essex/westcombe-park-heybridge/home-0491","images/3436aacc3a1bf1cf5c836acb8606884271ba7139654f923467b60a970c12c1ed.jpg","https://cdn.mediavalet.com/eunl/vistry-dam/pGp8FDS9MUaRAH4fR3shxA/UdYCOL2sukeC_wsx7rZg1Q/Custom/262367-22.jpg","Staged showhome interior space."
"Westcombe Park","The Aspen · Plot 491","4","https://www.countrysidehomes.com/developments/essex/westcombe-park-heybridge/home-0491","images/7f01a90e274e375ecfb7f661abc18ad4e1da5baf15c61ae8eac144bd8fa5b9e7.jpg","https://cdn.mediavalet.com/eunl/vistry-dam/gnMDZ3HVeE-tV2QlYmFJOA/r_9fE9UTqEmUEZ5gEMJWRQ/Custom/262367-26.jpg","Staged showhome interior space."
"Westcombe Park","The Aspen · Plot 491","4","https://www.countrysidehomes.com/developments/essex/westcombe-park-heybridge/home-0491","images/038067a035f35de735f936df5cade55ef5a46b488c4988e645aeb41f7789e362.jpg","https://cdn.mediavalet.com/eunl/vistry-dam/1LAJQs9ig0OfHi66er3_Gw/nkNd9DFLxk-Y_PlNZgZfug/Custom/262367-28.jpg","Staged showhome interior space."
"Westcombe Park","The Aspen · Plot 491","4","https://www.countrysidehomes.com/developments/essex/westcombe-park-heybridge/home-0491","images/d5e85654eab2d5131297ff24971d83495c6b55756ea78f04165cf68bf3292edf.png","https://mvdataappstorageeunlprod.blob.core.windows.net/medialibrary-34218e3cae6c4041a23eb8b1cf91be27/94d428090945423282c699c41cfcbcd2/94d428090945423282c699c41cfcbcd2/Original/Aspen%20GF.png?sv=2017-04-17&sr=b&si=202008111744&sig=DHbrBECAPw7SHEXtb6GH2ZXa0SxWQ8x3%2Bwj4HjF4KGY%3D&st=1088-08-27T00%3A32%3A41Z&se=2036-09-10T23%3A44%3A54Z&rsct=application%2Foctet-stream&rscd=attachment%3B%20filename%2A%3DUTF-8%27%27Aspen%2520GF.png","Staged showhome interior space."
"Westcombe Park","The Aspen · Plot 491","4","https://www.countrysidehomes.com/developments/essex/westcombe-park-heybridge/home-0491","images/c057d59420863a7d19859c1725e6cfa53d0dc63fcfb2bf8e816fd96a9338813d.png","https://mvdataappstorageeunlprod.blob.core.windows.net/medialibrary-34218e3cae6c4041a23eb8b1cf91be27/05f574db27354bbb8e8e0a6b3f28d277/05f574db27354bbb8e8e0a6b3f28d277/Original/Aspen%20FF.png?sv=2017-04-17&sr=b&si=202008111744&sig=WJOt37kHs6CRut5KbjQPjyeH9%2By2tydlcRKpZg7ar4Q%3D&st=0965-03-02T21%3A40%3A30Z&se=2036-09-10T23%3A47%3A22Z&rsct=application%2Foctet-stream&rscd=attachment%3B%20filename%2A%3DUTF-8%27%27Aspen%2520FF.png","Staged showhome interior space."
"Westcombe Park","The Juniper · Plot 494","4","https://www.countrysidehomes.com/developments/essex/westcombe-park-heybridge/home-0494","images/77a6429a508a3cbb2f8410d04b3df9e7b0e5997143ca61d35747340873f61ceb.jpg","https://cdn.mediavalet.com/eunl/vistry-dam/8-JQD2HqMkqZOUj8YAqpJA/pJrTZ2R9dkKQpCFXP18Gjw/Custom/DS16903_10_%5BCH%5D_Westcombepark_plot464_1280x853_07.26_pf210.jpg","Staged showhome interior space."
"Westcombe Park","The Juniper · Plot 494","4","https://www.countrysidehomes.com/developments/essex/westcombe-park-heybridge/home-0494","images/0be0b6df96b69536f14ceb258c6700a52b8a572961d0b655847ee5bb0cd2144f.jpg","https://cdn.mediavalet.com/eunl/vistry-dam/vW7-KVOBlESQyRynvcsvXQ/0bIhSpn8t0i3DEEm0LV7uw/Custom/262407-22.jpg","Staged showhome interior space."
"Westcombe Park","The Juniper · Plot 494","4","https://www.countrysidehomes.com/developments/essex/westcombe-park-heybridge/home-0494","images/7ff2639a4171a27c18fb8782c3e7162f58de94d06804b28367890c5ff0c4bfb9.jpg","https://cdn.mediavalet.com/eunl/vistry-dam/3_ybYLlL0kizt8ZKwVIsvA/GKh8LbUr00uzbGIcxsr9Lw/Custom/262407-30.jpg","Staged showhome interior space."
"Westcombe Park","The Juniper · Plot 494","4","https://www.countrysidehomes.com/developments/essex/westcombe-park-heybridge/home-0494","images/7b45ff88d4d2b2b6ff09a6d287091894ca8d9acea5402af89f1a87a1de12a562.jpg","https://cdn.mediavalet.com/eunl/vistry-dam/UPTUrPMyPE2NdArShYreaw/pN9ag0PfZEetaRLFiuicPA/Custom/262407-32.jpg","Staged showhome interior space."
"Westcombe Park","The Juniper · Plot 494","4","https://www.countrysidehomes.com/developments/essex/westcombe-park-heybridge/home-0494","images/2d355b1ab5b0623cd5901669c6a1a753b7770f027a5c09049d948e8d065ff7b2.jpg","https://cdn.mediavalet.com/eunl/vistry-dam/9Ic2oAaekUmgBUQ3bozUfA/RitP_4fOb0Sk-NZIDCo8BQ/Custom/262407-21.jpg","Staged showhome interior space."
"Westcombe Park","The Juniper · Plot 494","4","https://www.countrysidehomes.com/developments/essex/westcombe-park-heybridge/home-0494","images/e51075c0e425391e64df2ae0c8dc1aaceff7956474226a534ac3b03216fe55ca.jpg","https://cdn.mediavalet.com/eunl/vistry-dam/gpbxUMYzcEif5CPWP86uIg/9_aAZzZgAEWIc3oZr9P8Lg/Custom/242046-032.jpg","Staged showhome interior space."
"Westcombe Park","The Juniper · Plot 494","4","https://www.countrysidehomes.com/developments/essex/westcombe-park-heybridge/home-0494","images/1ce14cb5014d4ecd0c18e4efdbc3529247e9d3d148740ba4ba68d0e6bfc0ce2d.jpg","https://cdn.mediavalet.com/eunl/vistry-dam/QDkKMh0rqUCU4KYMp0Hn_w/UzXlgPyWp0uemRM9l_VUsA/Custom/223977-055.jpg","Staged showhome interior space."
"Westcombe Park","The Juniper · Plot 494","4","https://www.countrysidehomes.com/developments/essex/westcombe-park-heybridge/home-0494","images/29ea91a46d5b3bd09421024509888e082f3625bd79fdb57136bd6b8122b3fd98.jpg","https://cdn.mediavalet.com/eunl/vistry-dam/3QD5H0KSpEeYal2cQlaHpA/lNPSedfJtESJgmkmE6tYUQ/Custom/223977-060.jpg","Staged showhome interior space."
"Westcombe Park","The Juniper · Plot 494","4","https://www.countrysidehomes.com/developments/essex/westcombe-park-heybridge/home-0494","images/2eb2c3187473ff9e5d8d1ef773e0376fe71eb97bb615108edefcf8c234ff12b7.jpg","https://cdn.mediavalet.com/eunl/vistry-dam/TmFbXFGiUUC20ZN1-IuF1Q/HMzAh6e6nEyjCERr22Yu5A/Custom/262407-10.jpg","Staged showhome interior space."
"Westcombe Park","The Juniper · Plot 494","4","https://www.countrysidehomes.com/developments/essex/westcombe-park-heybridge/home-0494","images/08a04344eb584c62a9ccfb096fa515ebf541e166110e093916a9f5f94fabe76f.jpg","https://cdn.mediavalet.com/eunl/vistry-dam/K0igpg619E2hxic0n2_zMw/H75wrP8l7Eqcf54l11CUpA/Custom/223977-058.jpg","Staged showhome interior space."
"Westcombe Park","The Juniper · Plot 494","4","https://www.countrysidehomes.com/developments/essex/westcombe-park-heybridge/home-0494","images/4ea1cabac14cbbbfa0b61e7487102114d6626c9b6963716ba901d92da27ed033.jpg","https://cdn.mediavalet.com/eunl/vistry-dam/m8H11_l0L0-eq7xUbswE0Q/o5MzdwBbP0uP6rlZZ7Vm2w/Custom/223977-026.jpg","Staged showhome interior space."
"Westcombe Park","The Juniper · Plot 494","4","https://www.countrysidehomes.com/developments/essex/westcombe-park-heybridge/home-0494","images/e00313b7eb55eaded6404d68ab0a94dae785b1359c73c7888235f49aceab6e2c.jpg","https://cdn.mediavalet.com/eunl/vistry-dam/ElH8sJj5QEi8nyW3mjLcSw/2-J4EGNnHUi1u_wOQg08Yw/Custom/JUNIPER%20-%20P494_JU.0007_CGI_HR.jpg","Staged showhome interior space."
"Westcombe Park","The Juniper · Plot 494","4","https://www.countrysidehomes.com/developments/essex/westcombe-park-heybridge/home-0494","images/364f182a07bedab5474e42c0709d3b439b663caf619e7dc701acde565aac9873.png","https://mvdataappstorageeunlprod.blob.core.windows.net/medialibrary-34218e3cae6c4041a23eb8b1cf91be27/a082fb15408648bda0029f7586b88041/a082fb15408648bda0029f7586b88041/Original/Juniper%20GF.png?sv=2017-04-17&sr=b&si=202008111744&sig=GGa%2B2WjzvHpTnG8e%2B8nSG7o8LexX5VcWUheV%2BYbLH40%3D&st=0853-08-15T02%3A24%3A31Z&se=2036-09-17T22%3A19%3A42Z&rsct=application%2Foctet-stream&rscd=attachment%3B%20filename%2A%3DUTF-8%27%27Juniper%2520GF.png","Staged showhome interior space."
"Westcombe Park","The Juniper · Plot 494","4","https://www.countrysidehomes.com/developments/essex/westcombe-park-heybridge/home-0494","images/27d4bec8da04b9fff8a27f4a296c0b92d9d7bb8d1af1d4d37e1898b1e52cb2dc.png","https://mvdataappstorageeunlprod.blob.core.windows.net/medialibrary-34218e3cae6c4041a23eb8b1cf91be27/462e11d73bf74fd3abd06e21a424fefd/462e11d73bf74fd3abd06e21a424fefd/Original/Juniper%20FF.png?sv=2017-04-17&sr=b&si=202008111744&sig=546WxL9KmtmnBwuMi7ybZ%2F9KjzuEyS72QwX7z06YPaI%3D&st=1928-08-27T16%3A33%3A41Z&se=2036-09-17T22%3A22%3A37Z&rsct=application%2Foctet-stream&rscd=attachment%3B%20filename%2A%3DUTF-8%27%27Juniper%2520FF.png","Staged showhome interior space."
"Westcombe Park","The Cypress · Plot 496","3","https://www.countrysidehomes.com/developments/essex/westcombe-park-heybridge/home-0496","images/1eb8bcc81c48fad3e5410582bdcab8635de3385e098522d8a2801dc7b391a337.jpg","https://cdn.mediavalet.com/eunl/vistry-dam/mXcS2MjAg021sLlMJ4AbAw/e-N4ZjQEu0iLgQxjTnCRCA/Custom/BVISWDBICKCYPRESS%20%282%29.jpg","Staged showhome interior space."
"Westcombe Park","The Cypress · Plot 496","3","https://www.countrysidehomes.com/developments/essex/westcombe-park-heybridge/home-0496","images/d185c9ecc35b9b87af2905417ce62e00af215799f6c84ed9851bc0b50c65e6fd.jpg","https://cdn.mediavalet.com/eunl/vistry-dam/7jnoKI3vD0-_uNkw0p6gSQ/NXqXy3nwiUuxAoHxOznSbQ/Custom/JUNIPER%20-%20P494_JU.0007_CGI_HR_Development_Hero_1280x853%20%281%29.jpg","Staged showhome interior space."
"Westcombe Park","The Cypress · Plot 496","3","https://www.countrysidehomes.com/developments/essex/westcombe-park-heybridge/home-0496","images/7e09f0c1c088d6430660c4662ae3eecaaffd912eaaf48e4901cb2cf2e8fd7f24.jpg","https://cdn.mediavalet.com/eunl/vistry-dam/iArGkKBhOUyVLnNTbZbNtQ/JhbHPLdxR0qgQmJxmNqJjA/Custom/cypress_04%20kitchen%20diner.jpg","Staged showhome kitchen."
"Westcombe Park","The Cypress · Plot 496","3","https://www.countrysidehomes.com/developments/essex/westcombe-park-heybridge/home-0496","images/11c8bb12fa2d05408844bb5388792747db2644bdaf91c0dcd92dac9c0670c64e.jpg","https://cdn.mediavalet.com/eunl/vistry-dam/t21-PdeBY02EaI-kFzpDVA/h9lfsai72Uq0euZY10QcQg/Custom/cypress_21%20downstairs%20wc.jpg","Staged showhome bathroom."
"Westcombe Park","The Cypress · Plot 496","3","https://www.countrysidehomes.com/developments/essex/westcombe-park-heybridge/home-0496","images/1823f956e77d9832cf9a86c0f2f3225e52a127ce29be28de266eeb60a5beb414.jpg","https://cdn.mediavalet.com/eunl/vistry-dam/RUb6tZmOUEGMV7REncwnHg/S3nZj4YxEEer3vroARkn1A/Custom/cypress_27%20bedroom.jpg","Staged showhome bedroom."
"Westcombe Park","The Cypress · Plot 496","3","https://www.countrysidehomes.com/developments/essex/westcombe-park-heybridge/home-0496","images/bacd32b2d8d734290423eae39420baabb85691a821a68f6126b653979a5ea163.jpg","https://cdn.mediavalet.com/eunl/vistry-dam/6xpg1yyaVkyCn-GHUl-sug/_EUNTWzi8kefT819F1sGTA/Custom/BVISWDBICKCYPRESS%20%285%29.jpg","Staged showhome interior space."
"Westcombe Park","The Cypress · Plot 496","3","https://www.countrysidehomes.com/developments/essex/westcombe-park-heybridge/home-0496","images/5b3f4db6a881dd4acab931e61abde145e3649f147f06dcab0e5b8830645ffa45.jpg","https://cdn.mediavalet.com/eunl/vistry-dam/-yeYOIZu1ECVwvUSSYB_Pg/PbPiQR8WQ02Ul_1mYlQ2yQ/Custom/Cypress-Aug-2021-012.jpg","Staged showhome interior space."
"Westcombe Park","The Cypress · Plot 496","3","https://www.countrysidehomes.com/developments/essex/westcombe-park-heybridge/home-0496","images/4ea1cabac14cbbbfa0b61e7487102114d6626c9b6963716ba901d92da27ed033.jpg","https://cdn.mediavalet.com/eunl/vistry-dam/m8H11_l0L0-eq7xUbswE0Q/o5MzdwBbP0uP6rlZZ7Vm2w/Custom/223977-026.jpg","Staged showhome interior space."
"Westcombe Park","The Cypress · Plot 496","3","https://www.countrysidehomes.com/developments/essex/westcombe-park-heybridge/home-0496","images/88d7e86bbcda0173aaedb493e639d635429c12f988395cf46f81c999061e0de0.jpg","https://cdn.mediavalet.com/eunl/vistry-dam/Rx8uy9vntEy4Kz4z9oiR2g/OXi1tl9FS0yjuBq8uJdpqA/Custom/223977-054.jpg","Staged showhome interior space."
"Westcombe Park","The Cypress · Plot 496","3","https://www.countrysidehomes.com/developments/essex/westcombe-park-heybridge/home-0496","images/2354b5a1ea6cb62e73750b3177f89f9bfeda0a73f8395eb8285860287c50cb28.png","https://mvdataappstorageeunlprod.blob.core.windows.net/medialibrary-34218e3cae6c4041a23eb8b1cf91be27/3015db47b97e464da9912227bcdae145/3015db47b97e464da9912227bcdae145/Original/Cypress%20GF.png?sv=2017-04-17&sr=b&si=202008111744&sig=zu5H3p4nJ5NnGzBGDu1stL60jhl0c4%2BXAgG0EpE7CLI%3D&st=0612-10-31T15%3A57%3A41Z&se=2036-09-14T18%3A42%3A04Z&rsct=application%2Foctet-stream&rscd=attachment%3B%20filename%2A%3DUTF-8%27%27Cypress%2520GF.png","Staged showhome interior space."
"Westcombe Park","The Cypress · Plot 496","3","https://www.countrysidehomes.com/developments/essex/westcombe-park-heybridge/home-0496","images/1356ba97a122d9211ff6a0b2da7226df1212a61df560c0271abebb5f441070b3.png","https://mvdataappstorageeunlprod.blob.core.windows.net/medialibrary-34218e3cae6c4041a23eb8b1cf91be27/3b7c1dda9d8548179df7e983c3fdd4e0/3b7c1dda9d8548179df7e983c3fdd4e0/Original/Cypress%20FF.png?sv=2017-04-17&sr=b&si=202008111744&sig=BUul4jXVy3eAhlDayMBNYJ%2F4Fb6d9c4%2BtDAYPE0x4QU%3D&st=0570-09-05T12%3A04%3A58Z&se=2036-09-14T18%3A49%3A01Z&rsct=application%2Foctet-stream&rscd=attachment%3B%20filename%2A%3DUTF-8%27%27Cypress%2520FF.png","Staged showhome interior space."
"Westcombe Park","The Pochard · Plot 344","4","https://www.countrysidehomes.com/developments/essex/westcombe-park-heybridge/home-0344","images/3c0b9075db03b21ecdebaa5b4fb5b6c240ebf1b97acb6c9ba17010009d618daf.jpg","https://cdn.mediavalet.com/eunl/vistry-dam/KP4J1zRRy0WdGLB2YZ_12A/TGJhAz1ZHkmVzBo7Siu2Ng/Custom/Westcombe%20Park%20-%20The%20Pochard.jpg","Staged showhome interior space."
"Westcombe Park","The Pochard · Plot 344","4","https://www.countrysidehomes.com/developments/essex/westcombe-park-heybridge/home-0344","images/39cd7ed2a5ea2f80fecb9f4a7652237f1770cddec55ec4bd2c5268f7b3e098c4.jpg","https://cdn.mediavalet.com/eunl/vistry-dam/hbXZjzEaKkCfB6LT-ivv9w/M_uDjqlvhEe7IWXeEKeHww/Custom/223945-20.jpg","Staged showhome interior space."
"Westcombe Park","The Pochard · Plot 344","4","https://www.countrysidehomes.com/developments/essex/westcombe-park-heybridge/home-0344","images/d307b006c6ee0d1928ee84119e5a3ac5ac633c556c9413ecca1c5f819460df64.jpg","https://cdn.mediavalet.com/eunl/vistry-dam/7OhPCDaJ3EGoXIkaPdgwkw/6omjZlIWd06ff_lbwJMFmw/Custom/223945-35.jpg","Staged showhome interior space."
"Westcombe Park","The Pochard · Plot 344","4","https://www.countrysidehomes.com/developments/essex/westcombe-park-heybridge/home-0344","images/91793fdbf9c0a244c69d3595ffff26b5fef3b3143d81066b8d03ec0408d4fca6.jpg","https://cdn.mediavalet.com/eunl/vistry-dam/4gXMvVQmFEeD9UYtHLi_Ew/ZwVPePvLgEGjYt1yIlZk3Q/Custom/223945-01.jpg","Staged showhome interior space."
"Westcombe Park","The Pochard · Plot 344","4","https://www.countrysidehomes.com/developments/essex/westcombe-park-heybridge/home-0344","images/33c8e14e1daa1b36282ed419d6f27d0e5d144afee32e53afda27730b5fadea61.jpg","https://cdn.mediavalet.com/eunl/vistry-dam/SdczEE17dkixWDXKTElvkQ/bBD-QGA65EmfGByuqgeoBw/Custom/223945-04.jpg","Staged showhome interior space."
"Westcombe Park","The Pochard · Plot 344","4","https://www.countrysidehomes.com/developments/essex/westcombe-park-heybridge/home-0344","images/f15af4b5c18432ed8a4ece326728f47bd56da6059275ef4261dac044dec000b4.jpg","https://cdn.mediavalet.com/eunl/vistry-dam/O-63sWTI20Gowm2lhxemTA/G-P7j-MjMk-wZD855FZ3JQ/Custom/223945-12.jpg","Staged showhome interior space."
"Westcombe Park","The Pochard · Plot 344","4","https://www.countrysidehomes.com/developments/essex/westcombe-park-heybridge/home-0344","images/a8b0cee54ebd1ac892dd20a27cf7414e0fb907e38d25364bf2d748a4313b94b4.jpg","https://cdn.mediavalet.com/eunl/vistry-dam/_Gbm9ewst0evQ1qVBvsFiw/HvB1-EnlCESZVHG8XzGIuQ/Custom/223945-17.jpg","Staged showhome interior space."
"Westcombe Park","The Pochard · Plot 344","4","https://www.countrysidehomes.com/developments/essex/westcombe-park-heybridge/home-0344","images/ac489be3aaf752e31415abccfdad86d2814479309e883277c04bb5d61837d2d8.jpg","https://cdn.mediavalet.com/eunl/vistry-dam/APH70W_7EUiWqoDWy5M7Mw/VvSA_g8qiE6EM8kiaQK6cQ/Custom/223945-11.jpg","Staged showhome interior space."
"Westcombe Park","The Pochard · Plot 344","4","https://www.countrysidehomes.com/developments/essex/westcombe-park-heybridge/home-0344","images/51145be7671bf9a5641b8b29954a4aaaca282be277fd0606da644d9273818ad6.jpg","https://cdn.mediavalet.com/eunl/vistry-dam/Bt-aC0JjjkOq_iRIBm3pOg/eOE_JF37EEu4gN9zCcGv8g/Custom/223945-15.jpg","Staged showhome interior space."
"Westcombe Park","The Pochard · Plot 344","4","https://www.countrysidehomes.com/developments/essex/westcombe-park-heybridge/home-0344","images/20c5363980bbd348f06966d656e4fa701b4d4b3b085360710bd9ec17ed1d0eea.jpg","https://mvdataappstorageeunlprod.blob.core.windows.net/medialibrary-34218e3cae6c4041a23eb8b1cf91be27-r/73e77335e6e6437490c8a8a0f021fe74/73e77335e6e6437490c8a8a0f021fe74/Large/717311626-the_pochard_gf.jpg?sv=2017-04-17&sr=b&si=202008111853&sig=huQ1s5aLy66vYTChKjU0XzELZqQMsLxMYlR%2FMGoHxuE%3D&st=0001-01-01T00%3A00%3A00Z&se=2035-05-28T22%3A15%3A16Z","Staged showhome interior space."
"Westcombe Park","The Pochard · Plot 344","4","https://www.countrysidehomes.com/developments/essex/westcombe-park-heybridge/home-0344","images/4f616a7c4cdc74d7b4aabb6a4a0a634171f7d836e6e150633e36357f94c8fbce.jpg","https://mvdataappstorageeunlprod.blob.core.windows.net/medialibrary-34218e3cae6c4041a23eb8b1cf91be27-r/1b9d2cc61fdf488bbab02b5ed12f9d5e/1b9d2cc61fdf488bbab02b5ed12f9d5e/Large/717311621-the_pochard_ff.jpg?sv=2017-04-17&sr=b&si=202008111853&sig=EOs8on2%2FRo6AET8foVj39YQdgTgWXRK%2FThQABDn0CxU%3D&st=0001-01-01T00%3A00%3A00Z&se=2035-05-28T22%3A17%3A25Z","Staged showhome interior space."
"Westcombe Park","Westcombe Park development gallery","","https://www.countrysidehomes.com/developments/essex/westcombe-park-heybridge","images/957de227984c16c23175bff0276bcd3b6cd1af78a4f5f2723560464c89b25c29.jpg","https://cdn.mediavalet.com/eunl/vistry-dam/pIn9gSQg2kmHFUN1BxvOaA/47ZgnNqugkaMHaGtqHrsoA/Custom/252235-193.jpg","Staged showhome interior space."
"Westcombe Park","Westcombe Park development gallery","","https://www.countrysidehomes.com/developments/essex/westcombe-park-heybridge","images/ead90aa0903e5f3a9159c197987575358735decd6b054403ab1ad042cbff072f.jpg","https://cdn.mediavalet.com/eunl/vistry-dam/TkyV1Q2XrEaHW-FzeycPgg/eq_hgbxZPE65tMRPOheLBA/Custom/242156-173.jpg","Staged showhome interior space."
"Westcombe Park","Westcombe Park development gallery","","https://www.countrysidehomes.com/developments/essex/westcombe-park-heybridge","images/ba57e1d3be9fcd46924d3cc1ae3b3f6b0b4d4267f8982918ce0d525eba80f15f.jpg","https://cdn.mediavalet.com/eunl/vistry-dam/akf2o0yWQU64awbU3i0TNg/llx4Kps9lUyehe_b9K5UQw/Custom/242046-083a.jpg","Staged showhome interior space."
"Westcombe Park","Westcombe Park development gallery","","https://www.countrysidehomes.com/developments/essex/westcombe-park-heybridge","images/3bfd38af88d10ccc0d74e84b023320a0db429a3d7cf32a49fed8852365d57c5a.jpg","https://cdn.mediavalet.com/eunl/vistry-dam/i1CTM6RrNUm1pwf_VJOq3w/fqxsUQeWTE2QBqx0Iev9BQ/Custom/252235-186.jpg","Staged showhome interior space."
"Westcombe Park","Westcombe Park development gallery","","https://www.countrysidehomes.com/developments/essex/westcombe-park-heybridge","images/0a36ab74c3d09c4fe1774f98122036fe6b0d019f1cae7e518f13f4772a1effb9.jpg","https://cdn.mediavalet.com/eunl/vistry-dam/OnDyn3dmVkWn0fdrMc73AA/1cEV6LGPd02UhciAOx4ycw/Custom/242156-228.jpg","Staged showhome interior space."
"Westcombe Park","Westcombe Park development gallery","","https://www.countrysidehomes.com/developments/essex/westcombe-park-heybridge","images/832de706d1f8384e78fb29d8c40b07c2fefcccbaf49fedd1316ac617fd403eb6.jpg","https://cdn.mediavalet.com/eunl/vistry-dam/5-L4kDdxekuSVl7O3wDvow/IT7R9Scht0GrP_Ta4h6H7w/Custom/223977-015.jpg","Staged showhome interior space."
"Westcombe Park","Westcombe Park development gallery","","https://www.countrysidehomes.com/developments/essex/westcombe-park-heybridge","images/caa46fbc181187017790260d0dc1a363bbaa6f17f2b5b296807dfc86afbd70ea.jpg","https://cdn.mediavalet.com/eunl/vistry-dam/1SbIayaua0WmtNhtlfgbBA/iHxXAyxCjU2NPzBTmAyAsA/Custom/223977-034.jpg","Staged showhome interior space."
"Westcombe Park","Westcombe Park development gallery","","https://www.countrysidehomes.com/developments/essex/westcombe-park-heybridge","images/86be3c31eea3f8f2fba21f17be2ca79aa59aa991afc62e7b73ec6a9cc9267225.jpg","https://cdn.mediavalet.com/eunl/vistry-dam/K-Q9hPMLM0u0SdMqK3fgyA/Eo8lMkY__EyjiU3WaK9ffw/Custom/223977-041.jpg","Staged showhome interior space."
"Westcombe Park","Westcombe Park development gallery","","https://www.countrysidehomes.com/developments/essex/westcombe-park-heybridge","images/e3dc994ced437e47e863483f29bcdd499af5961f51a91b0361ce944c3bccfc0d.jpg","https://cdn.mediavalet.com/eunl/vistry-dam/HXNVZQRVwkC9b-52_CXrsg/EQJJjyEZwUit5U9CVJdxOw/Custom/223977-062.jpg","Staged showhome interior space."
"Westcombe Park","Westcombe Park development gallery","","https://www.countrysidehomes.com/developments/essex/westcombe-park-heybridge","images/da3cdb2d462381e3194cb2e12e649a2d9aa39d69a06cd1201b96fb76cab7771b.jpg","https://cdn.mediavalet.com/eunl/vistry-dam/jiIoUIO080S8GtGP_z4pIQ/5KWSaeoctUybMW65QA1Meg/Custom/223977-053.jpg","Staged showhome interior space."
"Westcombe Park","Westcombe Park development gallery","","https://www.countrysidehomes.com/developments/essex/westcombe-park-heybridge","images/d39187d4564204bae0c97d3bf453defffd3e73ab039855b679976ba61a0e9393.jpg","https://cdn.mediavalet.com/eunl/vistry-dam/g2PNRqm3kEyt9Dugc5Hfww/Tm5ocOHZSEGN9BkFhtq_rQ/Custom/223977-067.jpg","Staged showhome interior space."
"Westcombe Park","Westcombe Park development gallery","","https://www.countrysidehomes.com/developments/essex/westcombe-park-heybridge","images/5175541a8781a163608583b152f6ebcee8c3c37395512496a02593a53606f3eb.jpg","https://cdn.mediavalet.com/eunl/vistry-dam/_Eznb-J5hEiJxibyQPBomA/JiFql2QxcketE_bS71AoEQ/Custom/223977-014.jpg","Staged showhome interior space."
"Beaulieu Heath","The Starling · Plot 160","4","https://www.countrysidehomes.com/developments/essex/beaulieu-heath-chelmsford/home-0160","images/832de706d1f8384e78fb29d8c40b07c2fefcccbaf49fedd1316ac617fd403eb6.jpg","https://cdn.mediavalet.com/eunl/vistry-dam/5-L4kDdxekuSVl7O3wDvow/IT7R9Scht0GrP_Ta4h6H7w/Custom/223977-015.jpg","Staged showhome interior space."
"Beaulieu Heath","The Starling · Plot 160","4","https://www.countrysidehomes.com/developments/essex/beaulieu-heath-chelmsford/home-0160","images/ece6e19fceb726a9478c814ce71996cf68520246cc11d3644fa614924160a5ed.jpg","https://cdn.mediavalet.com/eunl/vistry-dam/V6kNdIS6402Bc_22tsOSGQ/eWstlDbKFEeYPUmG-wJyig/Custom/4_P27_Starling_CGI_HR.jpg","Staged showhome interior space."
"Beaulieu Heath","The Starling · Plot 160","4","https://www.countrysidehomes.com/developments/essex/beaulieu-heath-chelmsford/home-0160","images/14383dc938f26d1cfc28ac0cda22ce5956f6f4b1e7cc6f78c88f4cdc8b61da25.jpg","https://cdn.mediavalet.com/eunl/vistry-dam/NDlj3JfCeEyZj6DNxJBPHQ/At5T-Y8i0ki_r5llFX_cBw/Custom/2275440.jpg","Staged showhome interior space."
"Beaulieu Heath","The Starling · Plot 160","4","https://www.countrysidehomes.com/developments/essex/beaulieu-heath-chelmsford/home-0160","images/08d026947ee02c6405601222b39aa70107df66eff30cf35c547c1768f5029367.jpg","https://cdn.mediavalet.com/eunl/vistry-dam/h8VQcCZb4EibxUx-t9oD8w/EsNKC2WSoUK1XpyLDsla0w/Custom/2275433.jpg","Staged showhome interior space."
"Beaulieu Heath","The Starling · Plot 160","4","https://www.countrysidehomes.com/developments/essex/beaulieu-heath-chelmsford/home-0160","images/a838e9967899b4912305ec775e7ff9bf326dc0c6af7df6c36481e25cc967c2a9.jpg","https://cdn.mediavalet.com/eunl/vistry-dam/9dQZxpSTL0GDTvlbe4esxg/SDSboGSh-UyHjaBKo6Brtg/Custom/Countryside%20Beulieu%20day%20121753.jpg","Staged showhome interior space."
"Beaulieu Heath","The Starling · Plot 160","4","https://www.countrysidehomes.com/developments/essex/beaulieu-heath-chelmsford/home-0160","images/e0ed5a7bc141c34499dd5f88d5e81bddaddb4acd4a45844612eeb826b10faba5.jpg","https://cdn.mediavalet.com/eunl/vistry-dam/kBlbzr2ENk-XUouwu_VS2Q/XBkvpfNQKEq2uxeUViu-Xw/Custom/2201535-047.jpg","Staged showhome interior space."
"Beaulieu Heath","The Starling · Plot 160","4","https://www.countrysidehomes.com/developments/essex/beaulieu-heath-chelmsford/home-0160","images/77e7849df437bb4bb3a314467f76730c89aed4f39381a60e33fef963e6486fec.jpg","https://cdn.mediavalet.com/eunl/vistry-dam/OR2MxxI_N0qeCb41f4N-Ww/_hxY2STP1Ei_53sXpdhTGw/Custom/Countryside%20Beulieu%20day%20121747.jpg","Staged showhome interior space."
"Beaulieu Heath","The Starling · Plot 160","4","https://www.countrysidehomes.com/developments/essex/beaulieu-heath-chelmsford/home-0160","images/e33e4addcf9e765068eb6e149ce73fb334ebe62125a57f23ddab70e664482806.jpg","https://cdn.mediavalet.com/eunl/vistry-dam/t0pNk6lBJEmD1z7ZKmr6JQ/nERCA53vi0uc8JrUV6MHGQ/Custom/Countryside%20Beauleiu%20day%20two21966.jpg","Staged showhome interior space."
"Beaulieu Heath","The Starling · Plot 160","4","https://www.countrysidehomes.com/developments/essex/beaulieu-heath-chelmsford/home-0160","images/77c8a347f90d0cd9fb5a6c763c5c1011978a51f26b114cd6a693cc0cf5c31daa.jpg","https://cdn.mediavalet.com/eunl/vistry-dam/Ue92Wlgr8USx5E6eMIBkgQ/5TQXYpgb-UGZDemAmf0pTA/Custom/223945-34.jpg","Staged showhome interior space."
"Beaulieu Heath","The Starling · Plot 160","4","https://www.countrysidehomes.com/developments/essex/beaulieu-heath-chelmsford/home-0160","images/1646d150c5f11979ec8d64b81c77ff8a44bb7cffb54806806e60515348fa520a.jpg","https://mvdataappstorageeunlprod.blob.core.windows.net/medialibrary-34218e3cae6c4041a23eb8b1cf91be27/425c7477a14a41108dfa575d1e9c1260/425c7477a14a41108dfa575d1e9c1260/Original/The-Starling_GF.jpg?sv=2017-04-17&sr=b&si=202008111744&sig=L%2B488dNAf4%2BjwzcKBXY19tqgBuhzTm4Ov4hmrZB4SOY%3D&st=1447-11-01T21%3A16%3A49Z&se=2036-09-02T00%3A29%3A02Z&rsct=application%2Foctet-stream&rscd=attachment%3B%20filename%2A%3DUTF-8%27%27The-Starling_GF.jpg","Staged showhome interior space."
"Beaulieu Heath","The Starling · Plot 160","4","https://www.countrysidehomes.com/developments/essex/beaulieu-heath-chelmsford/home-0160","images/316793a1220825e6f3cbd0bcc6bbb51b11a7189a4bdb592cd29d51a23706eff0.jpg","https://mvdataappstorageeunlprod.blob.core.windows.net/medialibrary-34218e3cae6c4041a23eb8b1cf91be27/da753d3d4b414319bc8a144f8a87dd3c/da753d3d4b414319bc8a144f8a87dd3c/Original/The-Starling_FF.jpg?sv=2017-04-17&sr=b&si=202008111744&sig=8F8MLmlO1J0NnvtcjsxzYFn3jJ4m9nDrtUYH2sc0Axw%3D&st=1090-01-23T14%3A57%3A38Z&se=2036-09-02T00%3A29%3A28Z&rsct=application%2Foctet-stream&rscd=attachment%3B%20filename%2A%3DUTF-8%27%27The-Starling_FF.jpg","Staged showhome interior space."
"Beaulieu Heath","The Starling · Plot 163","4","https://www.countrysidehomes.com/developments/essex/beaulieu-heath-chelmsford/home-0163","images/ece6e19fceb726a9478c814ce71996cf68520246cc11d3644fa614924160a5ed.jpg","https://cdn.mediavalet.com/eunl/vistry-dam/V6kNdIS6402Bc_22tsOSGQ/eWstlDbKFEeYPUmG-wJyig/Custom/4_P27_Starling_CGI_HR.jpg","Staged showhome interior space."
"Beaulieu Heath","The Starling · Plot 163","4","https://www.countrysidehomes.com/developments/essex/beaulieu-heath-chelmsford/home-0163","images/832de706d1f8384e78fb29d8c40b07c2fefcccbaf49fedd1316ac617fd403eb6.jpg","https://cdn.mediavalet.com/eunl/vistry-dam/5-L4kDdxekuSVl7O3wDvow/IT7R9Scht0GrP_Ta4h6H7w/Custom/223977-015.jpg","Staged showhome interior space."
"Beaulieu Heath","The Starling · Plot 163","4","https://www.countrysidehomes.com/developments/essex/beaulieu-heath-chelmsford/home-0163","images/14383dc938f26d1cfc28ac0cda22ce5956f6f4b1e7cc6f78c88f4cdc8b61da25.jpg","https://cdn.mediavalet.com/eunl/vistry-dam/NDlj3JfCeEyZj6DNxJBPHQ/At5T-Y8i0ki_r5llFX_cBw/Custom/2275440.jpg","Staged showhome interior space."
"Beaulieu Heath","The Starling · Plot 163","4","https://www.countrysidehomes.com/developments/essex/beaulieu-heath-chelmsford/home-0163","images/08d026947ee02c6405601222b39aa70107df66eff30cf35c547c1768f5029367.jpg","https://cdn.mediavalet.com/eunl/vistry-dam/h8VQcCZb4EibxUx-t9oD8w/EsNKC2WSoUK1XpyLDsla0w/Custom/2275433.jpg","Staged showhome interior space."
"Beaulieu Heath","The Starling · Plot 163","4","https://www.countrysidehomes.com/developments/essex/beaulieu-heath-chelmsford/home-0163","images/a838e9967899b4912305ec775e7ff9bf326dc0c6af7df6c36481e25cc967c2a9.jpg","https://cdn.mediavalet.com/eunl/vistry-dam/9dQZxpSTL0GDTvlbe4esxg/SDSboGSh-UyHjaBKo6Brtg/Custom/Countryside%20Beulieu%20day%20121753.jpg","Staged showhome interior space."
"Beaulieu Heath","The Starling · Plot 163","4","https://www.countrysidehomes.com/developments/essex/beaulieu-heath-chelmsford/home-0163","images/e0ed5a7bc141c34499dd5f88d5e81bddaddb4acd4a45844612eeb826b10faba5.jpg","https://cdn.mediavalet.com/eunl/vistry-dam/kBlbzr2ENk-XUouwu_VS2Q/XBkvpfNQKEq2uxeUViu-Xw/Custom/2201535-047.jpg","Staged showhome interior space."
"Beaulieu Heath","The Starling · Plot 163","4","https://www.countrysidehomes.com/developments/essex/beaulieu-heath-chelmsford/home-0163","images/77e7849df437bb4bb3a314467f76730c89aed4f39381a60e33fef963e6486fec.jpg","https://cdn.mediavalet.com/eunl/vistry-dam/OR2MxxI_N0qeCb41f4N-Ww/_hxY2STP1Ei_53sXpdhTGw/Custom/Countryside%20Beulieu%20day%20121747.jpg","Staged showhome interior space."
"Beaulieu Heath","The Starling · Plot 163","4","https://www.countrysidehomes.com/developments/essex/beaulieu-heath-chelmsford/home-0163","images/e33e4addcf9e765068eb6e149ce73fb334ebe62125a57f23ddab70e664482806.jpg","https://cdn.mediavalet.com/eunl/vistry-dam/t0pNk6lBJEmD1z7ZKmr6JQ/nERCA53vi0uc8JrUV6MHGQ/Custom/Countryside%20Beauleiu%20day%20two21966.jpg","Staged showhome interior space."
"Beaulieu Heath","The Starling · Plot 163","4","https://www.countrysidehomes.com/developments/essex/beaulieu-heath-chelmsford/home-0163","images/77c8a347f90d0cd9fb5a6c763c5c1011978a51f26b114cd6a693cc0cf5c31daa.jpg","https://cdn.mediavalet.com/eunl/vistry-dam/Ue92Wlgr8USx5E6eMIBkgQ/5TQXYpgb-UGZDemAmf0pTA/Custom/223945-34.jpg","Staged showhome interior space."
"Beaulieu Heath","The Starling · Plot 163","4","https://www.countrysidehomes.com/developments/essex/beaulieu-heath-chelmsford/home-0163","images/1646d150c5f11979ec8d64b81c77ff8a44bb7cffb54806806e60515348fa520a.jpg","https://mvdataappstorageeunlprod.blob.core.windows.net/medialibrary-34218e3cae6c4041a23eb8b1cf91be27/425c7477a14a41108dfa575d1e9c1260/425c7477a14a41108dfa575d1e9c1260/Original/The-Starling_GF.jpg?sv=2017-04-17&sr=b&si=202008111744&sig=L%2B488dNAf4%2BjwzcKBXY19tqgBuhzTm4Ov4hmrZB4SOY%3D&st=1447-11-01T21%3A16%3A49Z&se=2036-09-02T00%3A29%3A02Z&rsct=application%2Foctet-stream&rscd=attachment%3B%20filename%2A%3DUTF-8%27%27The-Starling_GF.jpg","Staged showhome interior space."
"Beaulieu Heath","The Starling · Plot 163","4","https://www.countrysidehomes.com/developments/essex/beaulieu-heath-chelmsford/home-0163","images/316793a1220825e6f3cbd0bcc6bbb51b11a7189a4bdb592cd29d51a23706eff0.jpg","https://mvdataappstorageeunlprod.blob.core.windows.net/medialibrary-34218e3cae6c4041a23eb8b1cf91be27/da753d3d4b414319bc8a144f8a87dd3c/da753d3d4b414319bc8a144f8a87dd3c/Original/The-Starling_FF.jpg?sv=2017-04-17&sr=b&si=202008111744&sig=8F8MLmlO1J0NnvtcjsxzYFn3jJ4m9nDrtUYH2sc0Axw%3D&st=1090-01-23T14%3A57%3A38Z&se=2036-09-02T00%3A29%3A28Z&rsct=application%2Foctet-stream&rscd=attachment%3B%20filename%2A%3DUTF-8%27%27The-Starling_FF.jpg","Staged showhome interior space."
"Beaulieu Heath","The Yellowhammer · Plot 166","5","https://www.countrysidehomes.com/developments/essex/beaulieu-heath-chelmsford/home-0166","images/26cfe7fbb878208f389c27ba9bdee9047c1b9c1f4d5d768a9c1fc53536a96854.jpg","https://cdn.mediavalet.com/eunl/vistry-dam/ZSkRacg_skiZBAaP-vQhcQ/Dho68PCIdEGIajV6S5HacQ/Custom/dusk-1.jpg","Staged showhome interior space."
"Beaulieu Heath","The Yellowhammer · Plot 166","5","https://www.countrysidehomes.com/developments/essex/beaulieu-heath-chelmsford/home-0166","images/6a0e4862c2922977848302f17f09af42bcb21b0056f7d25c9700a2904be8b0ea.jpg","https://cdn.mediavalet.com/eunl/vistry-dam/OuOcCJooDEaRhTkac9feAQ/51XGKoACSE6tPrkw1gEuhw/Custom/2161000-20.jpg","Staged showhome interior space."
"Beaulieu Heath","The Yellowhammer · Plot 166","5","https://www.countrysidehomes.com/developments/essex/beaulieu-heath-chelmsford/home-0166","images/39cd7ed2a5ea2f80fecb9f4a7652237f1770cddec55ec4bd2c5268f7b3e098c4.jpg","https://cdn.mediavalet.com/eunl/vistry-dam/hbXZjzEaKkCfB6LT-ivv9w/M_uDjqlvhEe7IWXeEKeHww/Custom/223945-20.jpg","Staged showhome interior space."
"Beaulieu Heath","The Yellowhammer · Plot 166","5","https://www.countrysidehomes.com/developments/essex/beaulieu-heath-chelmsford/home-0166","images/93c171985f35890981070b3feba9a52d138cec0d8f1cbc7d2f8c33cfa04cb574.jpg","https://cdn.mediavalet.com/eunl/vistry-dam/BQ0GWEG7BkWt57elGycgxw/Aw_cvrjzKkePUlDxrOo7Qg/Custom/2161000-79.jpg","Staged showhome interior space."
"Beaulieu Heath","The Yellowhammer · Plot 166","5","https://www.countrysidehomes.com/developments/essex/beaulieu-heath-chelmsford/home-0166","images/053a61fb682166b561ded459c87c86652fafc8e2b6b83e2adeb9a37456093ba7.jpg","https://cdn.mediavalet.com/eunl/vistry-dam/bd3EL_uw702lWSA_Xg1fqA/v59roJv8GkKGMuuBKmi_VQ/Custom/2201535-024.jpg","Staged showhome interior space."
"Beaulieu Heath","The Yellowhammer · Plot 166","5","https://www.countrysidehomes.com/developments/essex/beaulieu-heath-chelmsford/home-0166","images/270273c985d0e3ca8248ea5af7ae6c77d8c2445c2f81900d3499df87ba22581c.jpg","https://cdn.mediavalet.com/eunl/vistry-dam/NqceX7TpJkWPMLb4by7cWg/qzhqiwRsD0KWp5a7RTbmZw/Custom/2201535-007.jpg","Staged showhome interior space."
"Beaulieu Heath","The Yellowhammer · Plot 166","5","https://www.countrysidehomes.com/developments/essex/beaulieu-heath-chelmsford/home-0166","images/e771870557a5a2cf2bd8b998374f185361271539590e65e72e6b5a7685c42b25.jpg","https://cdn.mediavalet.com/eunl/vistry-dam/jVyqjvijCESGGbKsNi0jEg/mxo6au88O0-MY9kqlbqPlA/Custom/2161000-52.jpg","Staged showhome interior space."
"Beaulieu Heath","The Yellowhammer · Plot 166","5","https://www.countrysidehomes.com/developments/essex/beaulieu-heath-chelmsford/home-0166","images/e066e29a5b023180a7390e4051d2c0434c9d2a27fe8d04a162cc269418772db0.jpg","https://cdn.mediavalet.com/eunl/vistry-dam/Skz7BBZ5WkyfoVJ96qSMHg/gvnVfqInk0GFNRvTjnbkiQ/Custom/242046-025.jpg","Staged showhome interior space."
"Beaulieu Heath","The Yellowhammer · Plot 166","5","https://www.countrysidehomes.com/developments/essex/beaulieu-heath-chelmsford/home-0166","images/51e7fe0951fe69e0e2fefc2c2a7db1340ee1d2dad3282ce26f09dd9e6838e52b.jpg","https://cdn.mediavalet.com/eunl/vistry-dam/9xHEqp91YUKl4lmlJ67F0A/masFpDXW00ubc50AskY3pg/Custom/Countryside%20Beauleiu%20day%20two22020.jpg","Staged showhome interior space."
"Beaulieu Heath","The Yellowhammer · Plot 166","5","https://www.countrysidehomes.com/developments/essex/beaulieu-heath-chelmsford/home-0166","images/88d7e86bbcda0173aaedb493e639d635429c12f988395cf46f81c999061e0de0.jpg","https://cdn.mediavalet.com/eunl/vistry-dam/Rx8uy9vntEy4Kz4z9oiR2g/OXi1tl9FS0yjuBq8uJdpqA/Custom/223977-054.jpg","Staged showhome interior space."
"Beaulieu Heath","The Yellowhammer · Plot 166","5","https://www.countrysidehomes.com/developments/essex/beaulieu-heath-chelmsford/home-0166","images/e51075c0e425391e64df2ae0c8dc1aaceff7956474226a534ac3b03216fe55ca.jpg","https://cdn.mediavalet.com/eunl/vistry-dam/gpbxUMYzcEif5CPWP86uIg/9_aAZzZgAEWIc3oZr9P8Lg/Custom/242046-032.jpg","Staged showhome interior space."
"Beaulieu Heath","The Yellowhammer · Plot 166","5","https://www.countrysidehomes.com/developments/essex/beaulieu-heath-chelmsford/home-0166","images/ad18083466e41c2d192c9b54e867f21b38a74bb81e06ecf03b0d9b9e7d34b93c.jpg","https://cdn.mediavalet.com/eunl/vistry-dam/d4QJpLDbSE-yWv9G5pUpHQ/d9kOc9VyzkOVdl9TdD4zbQ/Custom/Countryside%20Beauleiu%20day%20two21999.jpg","Staged showhome interior space."
"Beaulieu Heath","The Yellowhammer · Plot 166","5","https://www.countrysidehomes.com/developments/essex/beaulieu-heath-chelmsford/home-0166","images/ebfef3905500bd1d243900d861bf186e1443d67e2537ebd5dcd1522d83d7eea5.jpg","https://cdn.mediavalet.com/eunl/vistry-dam/suWOmUtEc0-SAQvEbqkUug/WLKG4WI8CUuk8-gSh4bAlw/Custom/14_P059_Yellowhammer_B.0014_CGI_HR.jpg","Staged showhome interior space."
"Beaulieu Heath","The Yellowhammer · Plot 166","5","https://www.countrysidehomes.com/developments/essex/beaulieu-heath-chelmsford/home-0166","images/434eb12be88d9c15178dc543beec82cffb45e546cbdd1f11481ea4bf7f7b48b5.png","https://accelerated-cf-eunl.mediavalet.com/medialibrary-34218e3cae6c4041a23eb8b1cf91be27/f17b7c30707c4c429ff7d2eec3a86957/f17b7c30707c4c429ff7d2eec3a86957/Original/AYFCS031%20HT%20Floor%20Plans_INT_HTYELLOWHAMMER-DT-001_3D%20PLAN_%20GROUND%20FLOOR.png?sv=2017-04-17&sr=b&si=202008111744&sig=FUi6idGZB2C7LupeF93acIpTHxxffZqSc%2FTF%2BkAW5LY%3D&st=1621-05-11T10%3A53%3A06Z&se=2036-09-23T18%3A33%3A39Z&rsct=application%2Foctet-stream&rscd=attachment%3B%20filename%2A%3DUTF-8%27%27AYFCS031%2520HT%2520Floor%2520Plans_INT_HTYELLOWHAMMER-DT-001_3D%2520PLAN_%2520GROUND%2520FLOOR.png","Staged showhome interior space."
"Beaulieu Heath","The Yellowhammer · Plot 166","5","https://www.countrysidehomes.com/developments/essex/beaulieu-heath-chelmsford/home-0166","images/fc36a74f5b7f002e304391671191a68a13fda134c366a279f08c90bc11ed5005.png","https://accelerated-cf-eunl.mediavalet.com/medialibrary-34218e3cae6c4041a23eb8b1cf91be27/e04fd7435093458480cc0031ef33d7e3/e04fd7435093458480cc0031ef33d7e3/Original/AYFCS031%20HT%20Floor%20Plans_INT_HTYELLOWHAMMER-DT-001_3D%20PLAN_%20FIRST%20FLOOR%20(1).png?sv=2017-04-17&sr=b&si=202008111744&sig=QiEgbkN9lRZ%2FpeJPU8sm7YRdQT4gWBksDjphaRwWbHo%3D&st=1801-05-21T03%3A49%3A43Z&se=2036-09-23T18%3A33%3A33Z&rsct=application%2Foctet-stream&rscd=attachment%3B%20filename%2A%3DUTF-8%27%27AYFCS031%2520HT%2520Floor%2520Plans_INT_HTYELLOWHAMMER-DT-001_3D%2520PLAN_%2520FIRST%2520FLOOR%2520%25281%2529.png","Staged showhome interior space."
"Beaulieu Heath","The Yellowhammer · Plot 175","5","https://www.countrysidehomes.com/developments/essex/beaulieu-heath-chelmsford/home-0175","images/3d3ad579198f9e319c3ab89c271dc953d837034914ee0cc1b827527c37aef5b9.jpg","https://cdn.mediavalet.com/eunl/vistry-dam/zL9FEbb3K0a1uZJ8hwWEwg/7sKH_-2CvUeRabzp2anjvw/Custom/22-P175.0022_CGI_LR.jpg","Staged showhome interior space."
"Beaulieu Heath","The Yellowhammer · Plot 175","5","https://www.countrysidehomes.com/developments/essex/beaulieu-heath-chelmsford/home-0175","images/39cd7ed2a5ea2f80fecb9f4a7652237f1770cddec55ec4bd2c5268f7b3e098c4.jpg","https://cdn.mediavalet.com/eunl/vistry-dam/hbXZjzEaKkCfB6LT-ivv9w/M_uDjqlvhEe7IWXeEKeHww/Custom/223945-20.jpg","Staged showhome interior space."
"Beaulieu Heath","The Yellowhammer · Plot 175","5","https://www.countrysidehomes.com/developments/essex/beaulieu-heath-chelmsford/home-0175","images/93c171985f35890981070b3feba9a52d138cec0d8f1cbc7d2f8c33cfa04cb574.jpg","https://cdn.mediavalet.com/eunl/vistry-dam/BQ0GWEG7BkWt57elGycgxw/Aw_cvrjzKkePUlDxrOo7Qg/Custom/2161000-79.jpg","Staged showhome interior space."
"Beaulieu Heath","The Yellowhammer · Plot 175","5","https://www.countrysidehomes.com/developments/essex/beaulieu-heath-chelmsford/home-0175","images/053a61fb682166b561ded459c87c86652fafc8e2b6b83e2adeb9a37456093ba7.jpg","https://cdn.mediavalet.com/eunl/vistry-dam/bd3EL_uw702lWSA_Xg1fqA/v59roJv8GkKGMuuBKmi_VQ/Custom/2201535-024.jpg","Staged showhome interior space."
"Beaulieu Heath","The Yellowhammer · Plot 175","5","https://www.countrysidehomes.com/developments/essex/beaulieu-heath-chelmsford/home-0175","images/270273c985d0e3ca8248ea5af7ae6c77d8c2445c2f81900d3499df87ba22581c.jpg","https://cdn.mediavalet.com/eunl/vistry-dam/NqceX7TpJkWPMLb4by7cWg/qzhqiwRsD0KWp5a7RTbmZw/Custom/2201535-007.jpg","Staged showhome interior space."
"Beaulieu Heath","The Yellowhammer · Plot 175","5","https://www.countrysidehomes.com/developments/essex/beaulieu-heath-chelmsford/home-0175","images/6a0e4862c2922977848302f17f09af42bcb21b0056f7d25c9700a2904be8b0ea.jpg","https://cdn.mediavalet.com/eunl/vistry-dam/OuOcCJooDEaRhTkac9feAQ/51XGKoACSE6tPrkw1gEuhw/Custom/2161000-20.jpg","Staged showhome interior space."
"Beaulieu Heath","The Yellowhammer · Plot 175","5","https://www.countrysidehomes.com/developments/essex/beaulieu-heath-chelmsford/home-0175","images/e771870557a5a2cf2bd8b998374f185361271539590e65e72e6b5a7685c42b25.jpg","https://cdn.mediavalet.com/eunl/vistry-dam/jVyqjvijCESGGbKsNi0jEg/mxo6au88O0-MY9kqlbqPlA/Custom/2161000-52.jpg","Staged showhome interior space."
"Beaulieu Heath","The Yellowhammer · Plot 175","5","https://www.countrysidehomes.com/developments/essex/beaulieu-heath-chelmsford/home-0175","images/e066e29a5b023180a7390e4051d2c0434c9d2a27fe8d04a162cc269418772db0.jpg","https://cdn.mediavalet.com/eunl/vistry-dam/Skz7BBZ5WkyfoVJ96qSMHg/gvnVfqInk0GFNRvTjnbkiQ/Custom/242046-025.jpg","Staged showhome interior space."
"Beaulieu Heath","The Yellowhammer · Plot 175","5","https://www.countrysidehomes.com/developments/essex/beaulieu-heath-chelmsford/home-0175","images/51e7fe0951fe69e0e2fefc2c2a7db1340ee1d2dad3282ce26f09dd9e6838e52b.jpg","https://cdn.mediavalet.com/eunl/vistry-dam/9xHEqp91YUKl4lmlJ67F0A/masFpDXW00ubc50AskY3pg/Custom/Countryside%20Beauleiu%20day%20two22020.jpg","Staged showhome interior space."
"Beaulieu Heath","The Yellowhammer · Plot 175","5","https://www.countrysidehomes.com/developments/essex/beaulieu-heath-chelmsford/home-0175","images/88d7e86bbcda0173aaedb493e639d635429c12f988395cf46f81c999061e0de0.jpg","https://cdn.mediavalet.com/eunl/vistry-dam/Rx8uy9vntEy4Kz4z9oiR2g/OXi1tl9FS0yjuBq8uJdpqA/Custom/223977-054.jpg","Staged showhome interior space."
"Beaulieu Heath","The Yellowhammer · Plot 175","5","https://www.countrysidehomes.com/developments/essex/beaulieu-heath-chelmsford/home-0175","images/e51075c0e425391e64df2ae0c8dc1aaceff7956474226a534ac3b03216fe55ca.jpg","https://cdn.mediavalet.com/eunl/vistry-dam/gpbxUMYzcEif5CPWP86uIg/9_aAZzZgAEWIc3oZr9P8Lg/Custom/242046-032.jpg","Staged showhome interior space."
"Beaulieu Heath","The Yellowhammer · Plot 175","5","https://www.countrysidehomes.com/developments/essex/beaulieu-heath-chelmsford/home-0175","images/ad18083466e41c2d192c9b54e867f21b38a74bb81e06ecf03b0d9b9e7d34b93c.jpg","https://cdn.mediavalet.com/eunl/vistry-dam/d4QJpLDbSE-yWv9G5pUpHQ/d9kOc9VyzkOVdl9TdD4zbQ/Custom/Countryside%20Beauleiu%20day%20two21999.jpg","Staged showhome interior space."
"Beaulieu Heath","The Yellowhammer · Plot 175","5","https://www.countrysidehomes.com/developments/essex/beaulieu-heath-chelmsford/home-0175","images/ebfef3905500bd1d243900d861bf186e1443d67e2537ebd5dcd1522d83d7eea5.jpg","https://cdn.mediavalet.com/eunl/vistry-dam/suWOmUtEc0-SAQvEbqkUug/WLKG4WI8CUuk8-gSh4bAlw/Custom/14_P059_Yellowhammer_B.0014_CGI_HR.jpg","Staged showhome interior space."
"Beaulieu Heath","The Yellowhammer · Plot 175","5","https://www.countrysidehomes.com/developments/essex/beaulieu-heath-chelmsford/home-0175","images/434eb12be88d9c15178dc543beec82cffb45e546cbdd1f11481ea4bf7f7b48b5.png","https://accelerated-cf-eunl.mediavalet.com/medialibrary-34218e3cae6c4041a23eb8b1cf91be27/f17b7c30707c4c429ff7d2eec3a86957/f17b7c30707c4c429ff7d2eec3a86957/Original/AYFCS031%20HT%20Floor%20Plans_INT_HTYELLOWHAMMER-DT-001_3D%20PLAN_%20GROUND%20FLOOR.png?sv=2017-04-17&sr=b&si=202008111744&sig=FUi6idGZB2C7LupeF93acIpTHxxffZqSc%2FTF%2BkAW5LY%3D&st=1621-05-11T10%3A53%3A06Z&se=2036-09-23T18%3A33%3A39Z&rsct=application%2Foctet-stream&rscd=attachment%3B%20filename%2A%3DUTF-8%27%27AYFCS031%2520HT%2520Floor%2520Plans_INT_HTYELLOWHAMMER-DT-001_3D%2520PLAN_%2520GROUND%2520FLOOR.png","Staged showhome interior space."
"Beaulieu Heath","The Yellowhammer · Plot 175","5","https://www.countrysidehomes.com/developments/essex/beaulieu-heath-chelmsford/home-0175","images/fc36a74f5b7f002e304391671191a68a13fda134c366a279f08c90bc11ed5005.png","https://accelerated-cf-eunl.mediavalet.com/medialibrary-34218e3cae6c4041a23eb8b1cf91be27/e04fd7435093458480cc0031ef33d7e3/e04fd7435093458480cc0031ef33d7e3/Original/AYFCS031%20HT%20Floor%20Plans_INT_HTYELLOWHAMMER-DT-001_3D%20PLAN_%20FIRST%20FLOOR%20(1).png?sv=2017-04-17&sr=b&si=202008111744&sig=QiEgbkN9lRZ%2FpeJPU8sm7YRdQT4gWBksDjphaRwWbHo%3D&st=1801-05-21T03%3A49%3A43Z&se=2036-09-23T18%3A33%3A33Z&rsct=application%2Foctet-stream&rscd=attachment%3B%20filename%2A%3DUTF-8%27%27AYFCS031%2520HT%2520Floor%2520Plans_INT_HTYELLOWHAMMER-DT-001_3D%2520PLAN_%2520FIRST%2520FLOOR%2520%25281%2529.png","Staged showhome interior space."
"Beaulieu Heath","The Yellowhammer · Plot 165","5","https://www.countrysidehomes.com/developments/essex/beaulieu-heath-chelmsford/home-0165","images/39cd7ed2a5ea2f80fecb9f4a7652237f1770cddec55ec4bd2c5268f7b3e098c4.jpg","https://cdn.mediavalet.com/eunl/vistry-dam/hbXZjzEaKkCfB6LT-ivv9w/M_uDjqlvhEe7IWXeEKeHww/Custom/223945-20.jpg","Staged showhome interior space."
"Beaulieu Heath","The Yellowhammer · Plot 165","5","https://www.countrysidehomes.com/developments/essex/beaulieu-heath-chelmsford/home-0165","images/ebfef3905500bd1d243900d861bf186e1443d67e2537ebd5dcd1522d83d7eea5.jpg","https://cdn.mediavalet.com/eunl/vistry-dam/suWOmUtEc0-SAQvEbqkUug/WLKG4WI8CUuk8-gSh4bAlw/Custom/14_P059_Yellowhammer_B.0014_CGI_HR.jpg","Staged showhome interior space."
"Beaulieu Heath","The Yellowhammer · Plot 165","5","https://www.countrysidehomes.com/developments/essex/beaulieu-heath-chelmsford/home-0165","images/93c171985f35890981070b3feba9a52d138cec0d8f1cbc7d2f8c33cfa04cb574.jpg","https://cdn.mediavalet.com/eunl/vistry-dam/BQ0GWEG7BkWt57elGycgxw/Aw_cvrjzKkePUlDxrOo7Qg/Custom/2161000-79.jpg","Staged showhome interior space."
"Beaulieu Heath","The Yellowhammer · Plot 165","5","https://www.countrysidehomes.com/developments/essex/beaulieu-heath-chelmsford/home-0165","images/053a61fb682166b561ded459c87c86652fafc8e2b6b83e2adeb9a37456093ba7.jpg","https://cdn.mediavalet.com/eunl/vistry-dam/bd3EL_uw702lWSA_Xg1fqA/v59roJv8GkKGMuuBKmi_VQ/Custom/2201535-024.jpg","Staged showhome interior space."
"Beaulieu Heath","The Yellowhammer · Plot 165","5","https://www.countrysidehomes.com/developments/essex/beaulieu-heath-chelmsford/home-0165","images/270273c985d0e3ca8248ea5af7ae6c77d8c2445c2f81900d3499df87ba22581c.jpg","https://cdn.mediavalet.com/eunl/vistry-dam/NqceX7TpJkWPMLb4by7cWg/qzhqiwRsD0KWp5a7RTbmZw/Custom/2201535-007.jpg","Staged showhome interior space."
"Beaulieu Heath","The Yellowhammer · Plot 165","5","https://www.countrysidehomes.com/developments/essex/beaulieu-heath-chelmsford/home-0165","images/6a0e4862c2922977848302f17f09af42bcb21b0056f7d25c9700a2904be8b0ea.jpg","https://cdn.mediavalet.com/eunl/vistry-dam/OuOcCJooDEaRhTkac9feAQ/51XGKoACSE6tPrkw1gEuhw/Custom/2161000-20.jpg","Staged showhome interior space."
"Beaulieu Heath","The Yellowhammer · Plot 165","5","https://www.countrysidehomes.com/developments/essex/beaulieu-heath-chelmsford/home-0165","images/e771870557a5a2cf2bd8b998374f185361271539590e65e72e6b5a7685c42b25.jpg","https://cdn.mediavalet.com/eunl/vistry-dam/jVyqjvijCESGGbKsNi0jEg/mxo6au88O0-MY9kqlbqPlA/Custom/2161000-52.jpg","Staged showhome interior space."
"Beaulieu Heath","The Yellowhammer · Plot 165","5","https://www.countrysidehomes.com/developments/essex/beaulieu-heath-chelmsford/home-0165","images/e066e29a5b023180a7390e4051d2c0434c9d2a27fe8d04a162cc269418772db0.jpg","https://cdn.mediavalet.com/eunl/vistry-dam/Skz7BBZ5WkyfoVJ96qSMHg/gvnVfqInk0GFNRvTjnbkiQ/Custom/242046-025.jpg","Staged showhome interior space."
"Beaulieu Heath","The Yellowhammer · Plot 165","5","https://www.countrysidehomes.com/developments/essex/beaulieu-heath-chelmsford/home-0165","images/51e7fe0951fe69e0e2fefc2c2a7db1340ee1d2dad3282ce26f09dd9e6838e52b.jpg","https://cdn.mediavalet.com/eunl/vistry-dam/9xHEqp91YUKl4lmlJ67F0A/masFpDXW00ubc50AskY3pg/Custom/Countryside%20Beauleiu%20day%20two22020.jpg","Staged showhome interior space."
"Beaulieu Heath","The Yellowhammer · Plot 165","5","https://www.countrysidehomes.com/developments/essex/beaulieu-heath-chelmsford/home-0165","images/88d7e86bbcda0173aaedb493e639d635429c12f988395cf46f81c999061e0de0.jpg","https://cdn.mediavalet.com/eunl/vistry-dam/Rx8uy9vntEy4Kz4z9oiR2g/OXi1tl9FS0yjuBq8uJdpqA/Custom/223977-054.jpg","Staged showhome interior space."
"Beaulieu Heath","The Yellowhammer · Plot 165","5","https://www.countrysidehomes.com/developments/essex/beaulieu-heath-chelmsford/home-0165","images/e51075c0e425391e64df2ae0c8dc1aaceff7956474226a534ac3b03216fe55ca.jpg","https://cdn.mediavalet.com/eunl/vistry-dam/gpbxUMYzcEif5CPWP86uIg/9_aAZzZgAEWIc3oZr9P8Lg/Custom/242046-032.jpg","Staged showhome interior space."
"Beaulieu Heath","The Yellowhammer · Plot 165","5","https://www.countrysidehomes.com/developments/essex/beaulieu-heath-chelmsford/home-0165","images/ad18083466e41c2d192c9b54e867f21b38a74bb81e06ecf03b0d9b9e7d34b93c.jpg","https://cdn.mediavalet.com/eunl/vistry-dam/d4QJpLDbSE-yWv9G5pUpHQ/d9kOc9VyzkOVdl9TdD4zbQ/Custom/Countryside%20Beauleiu%20day%20two21999.jpg","Staged showhome interior space."
"Beaulieu Heath","The Yellowhammer · Plot 165","5","https://www.countrysidehomes.com/developments/essex/beaulieu-heath-chelmsford/home-0165","images/434eb12be88d9c15178dc543beec82cffb45e546cbdd1f11481ea4bf7f7b48b5.png","https://accelerated-cf-eunl.mediavalet.com/medialibrary-34218e3cae6c4041a23eb8b1cf91be27/f17b7c30707c4c429ff7d2eec3a86957/f17b7c30707c4c429ff7d2eec3a86957/Original/AYFCS031%20HT%20Floor%20Plans_INT_HTYELLOWHAMMER-DT-001_3D%20PLAN_%20GROUND%20FLOOR.png?sv=2017-04-17&sr=b&si=202008111744&sig=FUi6idGZB2C7LupeF93acIpTHxxffZqSc%2FTF%2BkAW5LY%3D&st=1621-05-11T10%3A53%3A06Z&se=2036-09-23T18%3A33%3A39Z&rsct=application%2Foctet-stream&rscd=attachment%3B%20filename%2A%3DUTF-8%27%27AYFCS031%2520HT%2520Floor%2520Plans_INT_HTYELLOWHAMMER-DT-001_3D%2520PLAN_%2520GROUND%2520FLOOR.png","Staged showhome interior space."
"Beaulieu Heath","The Yellowhammer · Plot 165","5","https://www.countrysidehomes.com/developments/essex/beaulieu-heath-chelmsford/home-0165","images/fc36a74f5b7f002e304391671191a68a13fda134c366a279f08c90bc11ed5005.png","https://accelerated-cf-eunl.mediavalet.com/medialibrary-34218e3cae6c4041a23eb8b1cf91be27/e04fd7435093458480cc0031ef33d7e3/e04fd7435093458480cc0031ef33d7e3/Original/AYFCS031%20HT%20Floor%20Plans_INT_HTYELLOWHAMMER-DT-001_3D%20PLAN_%20FIRST%20FLOOR%20(1).png?sv=2017-04-17&sr=b&si=202008111744&sig=QiEgbkN9lRZ%2FpeJPU8sm7YRdQT4gWBksDjphaRwWbHo%3D&st=1801-05-21T03%3A49%3A43Z&se=2036-09-23T18%3A33%3A33Z&rsct=application%2Foctet-stream&rscd=attachment%3B%20filename%2A%3DUTF-8%27%27AYFCS031%2520HT%2520Floor%2520Plans_INT_HTYELLOWHAMMER-DT-001_3D%2520PLAN_%2520FIRST%2520FLOOR%2520%25281%2529.png","Staged showhome interior space."
"Beaulieu Heath","The Shearwater · Plot 164","5","https://www.countrysidehomes.com/developments/essex/beaulieu-heath-chelmsford/home-0164","images/8ca1fd3eb6b5c4dc5122ed4d24581bd36d618418f32f1fbb3cf6e63236d3c645.jpg","https://cdn.mediavalet.com/eunl/vistry-dam/sNed7SOCBUycGYBOmFYPUw/fDm5GJB7J0SX6yXeK_vLTw/Custom/20_P164.0020_CGI_LR.jpg","Staged showhome interior space."
"Beaulieu Heath","The Shearwater · Plot 164","5","https://www.countrysidehomes.com/developments/essex/beaulieu-heath-chelmsford/home-0164","images/a615e91f1a93e38c1f931847062d998656fdd942cf44af1b9d54eda0d4ca030a.jpg","https://cdn.mediavalet.com/eunl/vistry-dam/rg3GL5rBdE6nerXRJyR_bg/IbexU4XmPUuk0Neiwgiccw/Custom/Chelmer%20living%20room.jpg","Staged showhome living room."
"Beaulieu Heath","The Shearwater · Plot 164","5","https://www.countrysidehomes.com/developments/essex/beaulieu-heath-chelmsford/home-0164","images/b4242bb50bc9904aec57cab5002d5a3a19ad3f2a8e49c7b8f2dd22324865c26a.jpg","https://cdn.mediavalet.com/eunl/vistry-dam/Izm2BBwnkE6JhnLa0wBHiA/89SC4ISF1UGII2f0nIPC8w/Custom/2181255-001.jpg","Staged showhome interior space."
"Beaulieu Heath","The Shearwater · Plot 164","5","https://www.countrysidehomes.com/developments/essex/beaulieu-heath-chelmsford/home-0164","images/93c171985f35890981070b3feba9a52d138cec0d8f1cbc7d2f8c33cfa04cb574.jpg","https://cdn.mediavalet.com/eunl/vistry-dam/BQ0GWEG7BkWt57elGycgxw/Aw_cvrjzKkePUlDxrOo7Qg/Custom/2161000-79.jpg","Staged showhome interior space."
"Beaulieu Heath","The Shearwater · Plot 164","5","https://www.countrysidehomes.com/developments/essex/beaulieu-heath-chelmsford/home-0164","images/08afac2fb798d7a60d1e948a09327f83629cb930128c26828e0a8a719a15203f.jpg","https://cdn.mediavalet.com/eunl/vistry-dam/Xp1RgTKG9ka4fPCU-BrZZA/VH5SdPhsqU-jTQGTwAwDAg/Custom/223945-33.jpg","Staged showhome interior space."
"Beaulieu Heath","The Shearwater · Plot 164","5","https://www.countrysidehomes.com/developments/essex/beaulieu-heath-chelmsford/home-0164","images/6b5ee5f82e19a2c22845810d32965c420ed7ba5e7a2ee9b325fb3efabe677432.jpg","https://cdn.mediavalet.com/eunl/vistry-dam/1JH8GxmnPkupsArMPVFhbw/HjW09sywjEu_RiRPkPMHYA/Custom/215839-021.jpg","Staged showhome interior space."
"Beaulieu Heath","The Shearwater · Plot 164","5","https://www.countrysidehomes.com/developments/essex/beaulieu-heath-chelmsford/home-0164","images/c88b4ac3aa9678aed6c90c6cbe281a11be1e9a088a0dc5851d2f2c72566a75a0.jpg","https://cdn.mediavalet.com/eunl/vistry-dam/k09XQgGnuU2kl60gz0fw9w/xA5jfQTXG0KdcDAW9bROVg/Custom/2181255-109.jpg","Staged showhome interior space."
"Beaulieu Heath","The Shearwater · Plot 164","5","https://www.countrysidehomes.com/developments/essex/beaulieu-heath-chelmsford/home-0164","images/cdea2f17d0c12fb87e411ed7bbac056a5e875f1c1a80f0aa92b3b8a0c37f07c6.jpg","https://cdn.mediavalet.com/eunl/vistry-dam/JUSBV7Cuy0K8Kk_mfFh2bA/j6jUmmOXXk-fcAS4t6iS3g/Custom/Countryside%20Meadow%20Rise21563.jpg","Staged showhome interior space."
"Beaulieu Heath","The Shearwater · Plot 164","5","https://www.countrysidehomes.com/developments/essex/beaulieu-heath-chelmsford/home-0164","images/c45298d3ed107a57b1b341ba0a5af533ebfd0e7e8199c9a28163a86d52cc840d.jpg","https://cdn.mediavalet.com/eunl/vistry-dam/DPCVpiQDhUKTO58_iY6mCw/XdYkLeprmkqg38KzSU1onw/Custom/242061-27.jpg","Staged showhome interior space."
"Beaulieu Heath","The Shearwater · Plot 164","5","https://www.countrysidehomes.com/developments/essex/beaulieu-heath-chelmsford/home-0164","images/e817e5125ae6e7518b74b80343dfd34e92dc97bf3e3dc06d03f2d10cae056908.jpg","https://cdn.mediavalet.com/eunl/vistry-dam/f7USfg59WU2U2P-EX3OS7w/9HpGk4NESE2TyOdlvHO_hQ/Custom/242046-018.jpg","Staged showhome interior space."
"Beaulieu Heath","The Shearwater · Plot 164","5","https://www.countrysidehomes.com/developments/essex/beaulieu-heath-chelmsford/home-0164","images/aa577610fc05081a0aa165039c795b2b9f21c490d07200c96a82eeb9654ec65d.jpg","https://cdn.mediavalet.com/eunl/vistry-dam/16WxdZw8AU-YfKX_l8CrYQ/zDOpJw16_UWBZheagqmJdw/Custom/2181255-040.jpg","Staged showhome interior space."
"Beaulieu Heath","The Shearwater · Plot 164","5","https://www.countrysidehomes.com/developments/essex/beaulieu-heath-chelmsford/home-0164","images/72e44c077f08ffe5dbfbb4d19e8bbc355aea507461cb1ced0770dbf5df40276c.jpg","https://cdn.mediavalet.com/eunl/vistry-dam/HClsqT3dI0-n3HIYF-G6ew/FRiLoFRdDkuJro2n92BOvw/Custom/2181255-025.jpg","Staged showhome interior space."
"Beaulieu Heath","The Shearwater · Plot 176","5","https://www.countrysidehomes.com/developments/essex/beaulieu-heath-chelmsford/home-0176","images/d0d6a77104e1dbcc2a7cb8bd929ea57eb9ff72a915c62665e1ccd97839eedb11.jpg","https://cdn.mediavalet.com/eunl/vistry-dam/2CXJZo5rU0K5Jk8BPC9H5g/meSRgd7RgUqhoW_K5CP9bQ/Custom/23-P176.0023_CGI_LR.jpg","Staged showhome interior space."
"Beaulieu Heath","The Shearwater · Plot 176","5","https://www.countrysidehomes.com/developments/essex/beaulieu-heath-chelmsford/home-0176","images/a615e91f1a93e38c1f931847062d998656fdd942cf44af1b9d54eda0d4ca030a.jpg","https://cdn.mediavalet.com/eunl/vistry-dam/rg3GL5rBdE6nerXRJyR_bg/IbexU4XmPUuk0Neiwgiccw/Custom/Chelmer%20living%20room.jpg","Staged showhome living room."
"Beaulieu Heath","The Shearwater · Plot 176","5","https://www.countrysidehomes.com/developments/essex/beaulieu-heath-chelmsford/home-0176","images/b4242bb50bc9904aec57cab5002d5a3a19ad3f2a8e49c7b8f2dd22324865c26a.jpg","https://cdn.mediavalet.com/eunl/vistry-dam/Izm2BBwnkE6JhnLa0wBHiA/89SC4ISF1UGII2f0nIPC8w/Custom/2181255-001.jpg","Staged showhome interior space."
"Beaulieu Heath","The Shearwater · Plot 176","5","https://www.countrysidehomes.com/developments/essex/beaulieu-heath-chelmsford/home-0176","images/93c171985f35890981070b3feba9a52d138cec0d8f1cbc7d2f8c33cfa04cb574.jpg","https://cdn.mediavalet.com/eunl/vistry-dam/BQ0GWEG7BkWt57elGycgxw/Aw_cvrjzKkePUlDxrOo7Qg/Custom/2161000-79.jpg","Staged showhome interior space."
"Beaulieu Heath","The Shearwater · Plot 176","5","https://www.countrysidehomes.com/developments/essex/beaulieu-heath-chelmsford/home-0176","images/08afac2fb798d7a60d1e948a09327f83629cb930128c26828e0a8a719a15203f.jpg","https://cdn.mediavalet.com/eunl/vistry-dam/Xp1RgTKG9ka4fPCU-BrZZA/VH5SdPhsqU-jTQGTwAwDAg/Custom/223945-33.jpg","Staged showhome interior space."
"Beaulieu Heath","The Shearwater · Plot 176","5","https://www.countrysidehomes.com/developments/essex/beaulieu-heath-chelmsford/home-0176","images/6b5ee5f82e19a2c22845810d32965c420ed7ba5e7a2ee9b325fb3efabe677432.jpg","https://cdn.mediavalet.com/eunl/vistry-dam/1JH8GxmnPkupsArMPVFhbw/HjW09sywjEu_RiRPkPMHYA/Custom/215839-021.jpg","Staged showhome interior space."
"Beaulieu Heath","The Shearwater · Plot 176","5","https://www.countrysidehomes.com/developments/essex/beaulieu-heath-chelmsford/home-0176","images/c88b4ac3aa9678aed6c90c6cbe281a11be1e9a088a0dc5851d2f2c72566a75a0.jpg","https://cdn.mediavalet.com/eunl/vistry-dam/k09XQgGnuU2kl60gz0fw9w/xA5jfQTXG0KdcDAW9bROVg/Custom/2181255-109.jpg","Staged showhome interior space."
"Beaulieu Heath","The Shearwater · Plot 176","5","https://www.countrysidehomes.com/developments/essex/beaulieu-heath-chelmsford/home-0176","images/cdea2f17d0c12fb87e411ed7bbac056a5e875f1c1a80f0aa92b3b8a0c37f07c6.jpg","https://cdn.mediavalet.com/eunl/vistry-dam/JUSBV7Cuy0K8Kk_mfFh2bA/j6jUmmOXXk-fcAS4t6iS3g/Custom/Countryside%20Meadow%20Rise21563.jpg","Staged showhome interior space."
"Beaulieu Heath","The Shearwater · Plot 176","5","https://www.countrysidehomes.com/developments/essex/beaulieu-heath-chelmsford/home-0176","images/c45298d3ed107a57b1b341ba0a5af533ebfd0e7e8199c9a28163a86d52cc840d.jpg","https://cdn.mediavalet.com/eunl/vistry-dam/DPCVpiQDhUKTO58_iY6mCw/XdYkLeprmkqg38KzSU1onw/Custom/242061-27.jpg","Staged showhome interior space."
"Beaulieu Heath","The Shearwater · Plot 176","5","https://www.countrysidehomes.com/developments/essex/beaulieu-heath-chelmsford/home-0176","images/e817e5125ae6e7518b74b80343dfd34e92dc97bf3e3dc06d03f2d10cae056908.jpg","https://cdn.mediavalet.com/eunl/vistry-dam/f7USfg59WU2U2P-EX3OS7w/9HpGk4NESE2TyOdlvHO_hQ/Custom/242046-018.jpg","Staged showhome interior space."
"Beaulieu Heath","The Shearwater · Plot 176","5","https://www.countrysidehomes.com/developments/essex/beaulieu-heath-chelmsford/home-0176","images/aa577610fc05081a0aa165039c795b2b9f21c490d07200c96a82eeb9654ec65d.jpg","https://cdn.mediavalet.com/eunl/vistry-dam/16WxdZw8AU-YfKX_l8CrYQ/zDOpJw16_UWBZheagqmJdw/Custom/2181255-040.jpg","Staged showhome interior space."
"Beaulieu Heath","The Shearwater · Plot 176","5","https://www.countrysidehomes.com/developments/essex/beaulieu-heath-chelmsford/home-0176","images/72e44c077f08ffe5dbfbb4d19e8bbc355aea507461cb1ced0770dbf5df40276c.jpg","https://cdn.mediavalet.com/eunl/vistry-dam/HClsqT3dI0-n3HIYF-G6ew/FRiLoFRdDkuJro2n92BOvw/Custom/2181255-025.jpg","Staged showhome interior space."
"Beaulieu Heath","The Laurel · Plot 171","3","https://www.countrysidehomes.com/developments/essex/beaulieu-heath-chelmsford/home-0171","images/7f00c7812dd32ea313ec56b4c86e9373099c815bebff08c8c0ca334399c05644.jpg","https://cdn.mediavalet.com/eunl/vistry-dam/oDFp56pxTkGj_LrwEiBpcA/DTWxRJ2fIEiDZZkoqhd4-g/Custom/3_P145_Laurel_CGI_HR.jpg","Staged showhome interior space."
"Beaulieu Heath","The Laurel · Plot 171","3","https://www.countrysidehomes.com/developments/essex/beaulieu-heath-chelmsford/home-0171","images/9c407461ee6398c1328f0f9c68af91d7d11dab6403ecee1e7a4bee4b69311aba.jpg","https://cdn.mediavalet.com/eunl/vistry-dam/F0SD2FGQGEWLh502cIqf5A/-5_NxneZZkO4oUYI_mO6IA/Custom/223977-046.jpg","Staged showhome interior space."
"Beaulieu Heath","The Laurel · Plot 171","3","https://www.countrysidehomes.com/developments/essex/beaulieu-heath-chelmsford/home-0171","images/08d026947ee02c6405601222b39aa70107df66eff30cf35c547c1768f5029367.jpg","https://cdn.mediavalet.com/eunl/vistry-dam/h8VQcCZb4EibxUx-t9oD8w/EsNKC2WSoUK1XpyLDsla0w/Custom/2275433.jpg","Staged showhome interior space."
"Beaulieu Heath","The Laurel · Plot 171","3","https://www.countrysidehomes.com/developments/essex/beaulieu-heath-chelmsford/home-0171","images/57d9bb614c9744aa7fce3b02804520f13298452f9007eaa98f23306d4df3b4ab.jpg","https://cdn.mediavalet.com/eunl/vistry-dam/D3rmOPmrq0SAxoHFz0zEhg/-AJG2_cIj0-qLLC3llJYSA/Custom/2275446.jpg","Staged showhome interior space."
"Beaulieu Heath","The Laurel · Plot 171","3","https://www.countrysidehomes.com/developments/essex/beaulieu-heath-chelmsford/home-0171","images/b9ee0d44f1dc2be39faf6a32b0dd6e10c49f62010de09bd6085f115313dffd86.jpg","https://cdn.mediavalet.com/eunl/vistry-dam/4PEQ5AC6l0-moGZ1pcfT4Q/IfTTlbt_202KOs8YV-61rA/Custom/2275449.jpg","Staged showhome interior space."
"Beaulieu Heath","The Laurel · Plot 171","3","https://www.countrysidehomes.com/developments/essex/beaulieu-heath-chelmsford/home-0171","images/be9cf83591fa1cf6d34d21a382ed351d56828820d2902b0d42507046d3abc60d.jpg","https://cdn.mediavalet.com/eunl/vistry-dam/78lvAUq72kyROiB7NBs_Lw/VfN5_hGxmkuQ4Nu4eH8DoA/Custom/2275448.jpg","Staged showhome interior space."
"Beaulieu Heath","The Laurel · Plot 171","3","https://www.countrysidehomes.com/developments/essex/beaulieu-heath-chelmsford/home-0171","images/1b4fefe66fede9b58f1f0d441e4ee29ac5e81760714ae421bcb683bb093dc74f.jpg","https://cdn.mediavalet.com/eunl/vistry-dam/3mUtFJkQokSsZdoUegFVDw/eO0L1JedBUC2EKxj8EBdqg/Custom/2275450.jpg","Staged showhome interior space."
"Beaulieu Heath","The Laurel · Plot 171","3","https://www.countrysidehomes.com/developments/essex/beaulieu-heath-chelmsford/home-0171","images/68d2ba00533d1ce912c344212af6da77bd4c929187f13fb3a00c2b7868885fed.jpg","https://mvdataappstorageeunlprod.blob.core.windows.net/medialibrary-34218e3cae6c4041a23eb8b1cf91be27/b6f7759c13e64f1183faee3ac44377f4/b6f7759c13e64f1183faee3ac44377f4/Original/The-Laurel_GF.jpg?sv=2017-04-17&sr=b&si=202008111744&sig=Js9BV0yZdB6PsTPJggprPnsI0NU7Fn2xwARfqf5HmCs%3D&st=1156-06-06T00%3A30%3A31Z&se=2036-09-02T00%3A15%3A33Z&rsct=application%2Foctet-stream&rscd=attachment%3B%20filename%2A%3DUTF-8%27%27The-Laurel_GF.jpg","Staged showhome interior space."
"Beaulieu Heath","The Laurel · Plot 171","3","https://www.countrysidehomes.com/developments/essex/beaulieu-heath-chelmsford/home-0171","images/e54cc8b8574f5564e61c2634f75ebd9e4284413dc1855dd351b9cf174011a23b.jpg","https://mvdataappstorageeunlprod.blob.core.windows.net/medialibrary-34218e3cae6c4041a23eb8b1cf91be27/0a7724905371484db336c4696ecac2a4/0a7724905371484db336c4696ecac2a4/Original/The-Laurel_FF.jpg?sv=2017-04-17&sr=b&si=202008111744&sig=jFkbmd0hjvM8LJFb%2BWW%2FnVRJ%2Bbo%2FiKEH%2BmUkfc%2FSE7Y%3D&st=0990-11-13T08%3A39%3A41Z&se=2036-09-02T00%3A17%3A02Z&rsct=application%2Foctet-stream&rscd=attachment%3B%20filename%2A%3DUTF-8%27%27The-Laurel_FF.jpg","Staged showhome interior space."
"Beaulieu Heath","The Kingfisher · Plot 174","3","https://www.countrysidehomes.com/developments/essex/beaulieu-heath-chelmsford/home-0174","images/7869a78fea2a7a2e6ab8c00eedae05146ac028127f7e46a9937cdc6a43945a47.jpg","https://cdn.mediavalet.com/eunl/vistry-dam/YcrHVqZ2qkecyENdm83uFw/beVbek6520Gc1Ut5gmNwpg/Custom/222747-47.jpg","Staged showhome interior space."
"Beaulieu Heath","The Kingfisher · Plot 174","3","https://www.countrysidehomes.com/developments/essex/beaulieu-heath-chelmsford/home-0174","images/bbdbfe5420bd0360400bba6fec28239cd609aa8b2b17c1246dd2d78ab593bc0f.jpg","https://cdn.mediavalet.com/eunl/vistry-dam/Pau-nFPRcESyMwOyJTBrUQ/djgLSPyCq06WhHnOARGxHQ/Custom/8_P169_Kingfisher_CGI_HR.jpg","Staged showhome interior space."
"Beaulieu Heath","The Kingfisher · Plot 174","3","https://www.countrysidehomes.com/developments/essex/beaulieu-heath-chelmsford/home-0174","images/300245b83f74a674ba5468734bdd7d2617d145f90776b805d213ec7a6ac4aac8.jpg","https://cdn.mediavalet.com/eunl/vistry-dam/_2RnCgVWKEuoaY3eT8unIA/PJ8LKCNPTk6D6HMjbw4IWw/Custom/223945-22.jpg","Staged showhome interior space."
"Beaulieu Heath","The Kingfisher · Plot 174","3","https://www.countrysidehomes.com/developments/essex/beaulieu-heath-chelmsford/home-0174","images/6c19d3f483795a77483ad0bf093bd4ee63f52d7894a6a8d005650d2f73709ac6.jpg","https://cdn.mediavalet.com/eunl/vistry-dam/l3P-7G6PEk-eyQ6XPg5vjw/eVLQ3eBUlUODqWILqrKHtw/Custom/223945-05.jpg","Staged showhome interior space."
"Beaulieu Heath","The Kingfisher · Plot 174","3","https://www.countrysidehomes.com/developments/essex/beaulieu-heath-chelmsford/home-0174","images/7f858ffd418211cbb8f81c96f866f1f2015173dd89944a2826eec89c92d59034.jpg","https://cdn.mediavalet.com/eunl/vistry-dam/epk5bsFIQ0-hLVN8jwJO3w/WeX5qwAPOkCGSynu-Wfsag/Custom/223945-16.jpg","Staged showhome interior space."
"Beaulieu Heath","The Kingfisher · Plot 174","3","https://www.countrysidehomes.com/developments/essex/beaulieu-heath-chelmsford/home-0174","images/51145be7671bf9a5641b8b29954a4aaaca282be277fd0606da644d9273818ad6.jpg","https://cdn.mediavalet.com/eunl/vistry-dam/Bt-aC0JjjkOq_iRIBm3pOg/eOE_JF37EEu4gN9zCcGv8g/Custom/223945-15.jpg","Staged showhome interior space."
"Beaulieu Heath","The Kingfisher · Plot 174","3","https://www.countrysidehomes.com/developments/essex/beaulieu-heath-chelmsford/home-0174","images/f15af4b5c18432ed8a4ece326728f47bd56da6059275ef4261dac044dec000b4.jpg","https://cdn.mediavalet.com/eunl/vistry-dam/O-63sWTI20Gowm2lhxemTA/G-P7j-MjMk-wZD855FZ3JQ/Custom/223945-12.jpg","Staged showhome interior space."
"Beaulieu Heath","The Kingfisher · Plot 174","3","https://www.countrysidehomes.com/developments/essex/beaulieu-heath-chelmsford/home-0174","images/38a410e75a2cd0b805e3462bdbc577e6a73534ec70700fbb7b16bf92b8d32688.jpg","https://cdn.mediavalet.com/eunl/vistry-dam/OLBJNVF4uE-dTxmw0eVl1w/NQKGln6Fc0C0n0j4P0Akhg/Custom/223945-06.jpg","Staged showhome interior space."
"Beaulieu Heath","The Kingfisher · Plot 174","3","https://www.countrysidehomes.com/developments/essex/beaulieu-heath-chelmsford/home-0174","images/6921cacec10cc167d89b8d9851d7136b3f2a321dc5fca1c7cd89523ff0436698.jpg","https://mvdataappstorageeunlprod.blob.core.windows.net/medialibrary-34218e3cae6c4041a23eb8b1cf91be27/e49dcff620e948f180211a401ba402aa/e49dcff620e948f180211a401ba402aa/Original/The-Kingfisher_GF.jpg?sv=2017-04-17&sr=b&si=202008111744&sig=RrJFBa6OYMuRIKQ3K6doh3gwt5u21%2BFW1nd6sBNYChM%3D&st=0346-01-29T07%3A29%3A17Z&se=2036-09-02T00%3A19%3A08Z&rsct=application%2Foctet-stream&rscd=attachment%3B%20filename%2A%3DUTF-8%27%27The-Kingfisher_GF.jpg","Staged showhome interior space."
"Beaulieu Heath","The Kingfisher · Plot 174","3","https://www.countrysidehomes.com/developments/essex/beaulieu-heath-chelmsford/home-0174","images/689e4057a1453e93e270cc583641293ed7942c5ecf02c8905efc1ec9e4dd3a0f.jpg","https://mvdataappstorageeunlprod.blob.core.windows.net/medialibrary-34218e3cae6c4041a23eb8b1cf91be27/9e5f6456578d40199da3acf1ba9f0001/9e5f6456578d40199da3acf1ba9f0001/Original/The-Kingfisher_FF.jpg?sv=2017-04-17&sr=b&si=202008111744&sig=IOm3ayCEJI3D5CilXbvb5cjJd0uzhjHPJvfn39owvWs%3D&st=1945-12-05T19%3A02%3A42Z&se=2036-09-02T00%3A20%3A44Z&rsct=application%2Foctet-stream&rscd=attachment%3B%20filename%2A%3DUTF-8%27%27The-Kingfisher_FF.jpg","Staged showhome interior space."
"Beaulieu Heath","Beaulieu Heath development gallery","","https://www.countrysidehomes.com/developments/essex/beaulieu-heath-chelmsford","images/85fc272cb3bb9ff73b837d5fa101c4243d754d6b0743bf480e65a8da9699933f.png","https://cdn.mediavalet.com/eunl/vistry-dam/QFlb2jFh_EuEQS0cOijVPQ/VrnWrmlfYUy4hTZ18JMiag/Custom/dusk-2.png","Staged showhome interior space."
"Beaulieu Heath","Beaulieu Heath development gallery","","https://www.countrysidehomes.com/developments/essex/beaulieu-heath-chelmsford","images/39cd7ed2a5ea2f80fecb9f4a7652237f1770cddec55ec4bd2c5268f7b3e098c4.jpg","https://cdn.mediavalet.com/eunl/vistry-dam/hbXZjzEaKkCfB6LT-ivv9w/M_uDjqlvhEe7IWXeEKeHww/Custom/223945-20.jpg","Staged showhome interior space."
"Beaulieu Heath","Beaulieu Heath development gallery","","https://www.countrysidehomes.com/developments/essex/beaulieu-heath-chelmsford","images/e43a07028cac3cb324f55fd0ffbc98e121d1bdb6b86bb564fc0f8783d0231cdf.jpg","https://cdn.mediavalet.com/eunl/vistry-dam/5vAyVSnRu0qo2vogoMV0hA/MRTAp69ANEOZ1FYdT41eFQ/Custom/223945-55.jpg","Staged showhome interior space."
"Beaulieu Heath","Beaulieu Heath development gallery","","https://www.countrysidehomes.com/developments/essex/beaulieu-heath-chelmsford","images/0d81613d865714654365bda0d2e86704e3173276abae616fa0f49212418e2318.jpg","https://cdn.mediavalet.com/eunl/vistry-dam/i8K1D99rD0uS9B31X6y2cQ/4VhHkOATFEKoIIuhyx1XDQ/Custom/2181255-003.jpg","Staged showhome interior space."
"Beaulieu Heath","Beaulieu Heath development gallery","","https://www.countrysidehomes.com/developments/essex/beaulieu-heath-chelmsford","images/f94bedaa606e9ded404f18fda224bfa3d267a6005e0a5df080e5de0cb143790c.jpg","https://cdn.mediavalet.com/eunl/vistry-dam/AhURS1mVyU-VFERf4GMFtQ/OY0RRbXDjkmCEBaDJAp_uA/Custom/2201564-316.jpg","Staged showhome interior space."
"Beaulieu Heath","Beaulieu Heath development gallery","","https://www.countrysidehomes.com/developments/essex/beaulieu-heath-chelmsford","images/aa1d816898d4051ce0a98e887967f20914e727f0171e68228ed7e98edd835e82.jpg","https://cdn.mediavalet.com/eunl/vistry-dam/1zHJpDkB-kuVN1lSL7jZ8A/oLgRNPdfxEu0DRXxFD8FFw/Custom/2201526-20.jpg","Staged showhome interior space."
"Beaulieu Heath","Beaulieu Heath development gallery","","https://www.countrysidehomes.com/developments/essex/beaulieu-heath-chelmsford","images/aa577610fc05081a0aa165039c795b2b9f21c490d07200c96a82eeb9654ec65d.jpg","https://cdn.mediavalet.com/eunl/vistry-dam/16WxdZw8AU-YfKX_l8CrYQ/zDOpJw16_UWBZheagqmJdw/Custom/2181255-040.jpg","Staged showhome interior space."
"Beaulieu Heath","Beaulieu Heath development gallery","","https://www.countrysidehomes.com/developments/essex/beaulieu-heath-chelmsford","images/7410641b57bf5866e6c354f1f9ad89f651a46ac8228d3a8c3522b1f042c40d95.jpg","https://cdn.mediavalet.com/eunl/vistry-dam/8q0OOkA-VUy7Wo2AhnAY0g/m3CLVk8lXEKT3NtpOggHRQ/Custom/Countryside%20Beauleiu%20day%20two21975.jpg","Staged showhome interior space."
"Beaulieu Heath","Beaulieu Heath development gallery","","https://www.countrysidehomes.com/developments/essex/beaulieu-heath-chelmsford","images/cdfdfbc048f3ec53f7bf4a1cfba5192da92b8c724d91f3766dbacbadd80b698e.jpg","https://cdn.mediavalet.com/eunl/vistry-dam/fKXf-tjH2EWyiD9cdwq2XQ/Oq3mnqa5kkaVOnFF1QGz0w/Custom/262407-03.jpg","Staged showhome interior space."
"Beaulieu Heath","Beaulieu Heath development gallery","","https://www.countrysidehomes.com/developments/essex/beaulieu-heath-chelmsford","images/de3e6cd44f3160118783c64ce584df98287e9010f1452adcd6b55e7260a29d94.jpg","https://cdn.mediavalet.com/eunl/vistry-dam/m6m5I4E9Vky7iJtMWegMCQ/KJWtNiz0YEqItVU5gXzVyw/Custom/11_SS2_CGI_HR.jpg","Staged showhome interior space."
"Base at Newhall","The Templum · Plot 524","4","https://www.countrysidehomes.com/developments/essex/base-newhall-harlow/home-0524","images/c422cd539013fc5d561fcbf88f2e9e1d4c51b19b4c9ac211a2c1d8035260a2a5.jpg","https://cdn.mediavalet.com/eunl/vistry-dam/hXSYTZFiqkyOxRIq_f6Bvw/jmGpl9dds0W3jYDqbJIN1g/Custom/Templum%20Living%20Room%20AI.jpg","Staged showhome living room."
"Base at Newhall","The Templum · Plot 524","4","https://www.countrysidehomes.com/developments/essex/base-newhall-harlow/home-0524","images/eed9e78fc466e6af34ddfe935ff4958175fc3b06ed7860f1bee046a495a7504d.jpg","https://cdn.mediavalet.com/eunl/vistry-dam/kUSGyGQYGU69WisRjjOG0w/f6eMtQO98Eqc3_aX_6YvDA/Custom/Templum%20CGI%20V2.jpg","Staged showhome interior space."
"Base at Newhall","The Templum · Plot 524","4","https://www.countrysidehomes.com/developments/essex/base-newhall-harlow/home-0524","images/c6ccb3cc75b26767fe0c545fa96b40ff452f2845c15fc28761dd215b0420b675.jpg","https://cdn.mediavalet.com/eunl/vistry-dam/wxGmJn-lO0iouwamho2jyg/tcVt-MwGiUur4_r_Y9MbuQ/Custom/Templum%20Kitchen%20AI.jpg","Staged showhome kitchen."
"Base at Newhall","The Templum · Plot 524","4","https://www.countrysidehomes.com/developments/essex/base-newhall-harlow/home-0524","images/ec678fbe3bbaf2f2f13cecb1fe3d50a4fd2685a70d1bd2210cbb6f1ef063747a.jpg","https://cdn.mediavalet.com/eunl/vistry-dam/-jkGfq3FaUS0ckHTO4ClPw/5Ve1LjyH1E-Lhgj87OJbAw/Custom/Templum%20Dining%20Area%20AI.jpg","Staged showhome kitchen."
"Base at Newhall","The Templum · Plot 524","4","https://www.countrysidehomes.com/developments/essex/base-newhall-harlow/home-0524","images/ffa74596e82fb87b22289b6ee47cd622ce3163147858bdeebcea59ba10ed3714.jpg","https://cdn.mediavalet.com/eunl/vistry-dam/ZCCWrkYFLkqAo3XuFg4uEA/O9xz8h6cUkG351Tsh7_F9g/Custom/Templum%20Bedroom%201%20AI.jpg","Staged showhome bedroom."
"Base at Newhall","The Templum · Plot 524","4","https://www.countrysidehomes.com/developments/essex/base-newhall-harlow/home-0524","images/0a30463b6e090266f4583707752f0d7964d69a1bb1c75fd8635c068034ac0d22.jpg","https://cdn.mediavalet.com/eunl/vistry-dam/HOy4uSazM06fjJ6S-fF6qQ/kFwyLge-HUepmwelUbbfrw/Custom/Templum%20En%20Suite%20AI.jpg","Staged showhome interior space."
"Base at Newhall","The Templum · Plot 524","4","https://www.countrysidehomes.com/developments/essex/base-newhall-harlow/home-0524","images/3844432b192812a75e09d5df48e042437f40f51f48d6df6e2991ef62328b696d.jpg","https://cdn.mediavalet.com/eunl/vistry-dam/rP-mjUxnIUuCDGw4mIglLQ/E_14Bufbw0eu1TvAHIp5Ng/Custom/Templum%20Bedroom%202%20AI.jpg","Staged showhome bedroom."
"Base at Newhall","The Templum · Plot 524","4","https://www.countrysidehomes.com/developments/essex/base-newhall-harlow/home-0524","images/86ce02a36926ff0736b876b44007bcc1d6096a0325ea7d53a2addbd95650d103.jpg","https://cdn.mediavalet.com/eunl/vistry-dam/6WXs_LMjYkiKvnyEp7S2wA/tXkcmkRnx0m0vFLHqIuugg/Custom/Templum%20Bedroom%203%20AI.jpg","Staged showhome bedroom."
"Base at Newhall","The Templum · Plot 524","4","https://www.countrysidehomes.com/developments/essex/base-newhall-harlow/home-0524","images/9eeaa3ff79656a565abddb56144654b43754d067b6ae3b6c97f694516237575a.jpg","https://cdn.mediavalet.com/eunl/vistry-dam/F-taSa4nt0Sxx-Zb628g8A/XPW1ibr9RUqbACDYiTttWQ/Custom/Templum%20Bathroom%20AI.jpg","Staged showhome bathroom."
"Base at Newhall","The Templum · Plot 524","4","https://www.countrysidehomes.com/developments/essex/base-newhall-harlow/home-0524","images/1130099edf292462d78323d2d369dff848a36d120b02206d8cb37ea1bf2c6727.jpg","https://mvdataappstorageeunlprod.blob.core.windows.net/medialibrary-34218e3cae6c4041a23eb8b1cf91be27-r/5405edb4935a4b5b9245d9e5efe368dc/5405edb4935a4b5b9245d9e5efe368dc/Large/TEMPLUM_a.jpg?sv=2017-04-17&sr=b&si=202008111853&sig=P5gsiJN6Hwp1QRMFPQHR1p0KFh1G4ZMeso3L0f4DQlU%3D&st=1813-06-24T16%3A40%3A12Z&se=2035-10-29T01%3A58%3A46Z","Staged showhome interior space."
"Base at Newhall","The Templum · Plot 524","4","https://www.countrysidehomes.com/developments/essex/base-newhall-harlow/home-0524","images/ccd520aa0e510bd8acf796ed1d379142a3e3c9264cd3367e6c8494c050a4100a.jpg","https://mvdataappstorageeunlprod.blob.core.windows.net/medialibrary-34218e3cae6c4041a23eb8b1cf91be27-r/c880ab349eeb48eeb0edfad9171134ab/c880ab349eeb48eeb0edfad9171134ab/Large/TEMPLUM_b.jpg?sv=2017-04-17&sr=b&si=202008111853&sig=RGkRb2AiWZ7PEDhZ0HEDJpNMyQ0KI%2BEWGRoBS5m4eVc%3D&st=0412-01-06T09%3A07%3A13Z&se=2035-10-29T01%3A59%3A07Z","Staged showhome interior space."
"Base at Newhall","The Templum · Plot 524","4","https://www.countrysidehomes.com/developments/essex/base-newhall-harlow/home-0524","images/527a97f8230e4e657a31b16601126d5bb7bd850bccb95fd5885ecc280e883d9c.jpg","https://mvdataappstorageeunlprod.blob.core.windows.net/medialibrary-34218e3cae6c4041a23eb8b1cf91be27-r/3cbd905ae70b4d43b73be4d53db4a1e0/3cbd905ae70b4d43b73be4d53db4a1e0/Large/TEMPLUM_c.jpg?sv=2017-04-17&sr=b&si=202008111853&sig=mb1Z6C2zjrq4FmSoGFZWAmPFjjbcLbR8Te4GUj3Xklc%3D&st=0181-06-17T19%3A06%3A30Z&se=2035-10-29T01%3A59%3A25Z","Staged showhome interior space."
"Base at Newhall","The Lacus · Plot 522","4","https://www.countrysidehomes.com/developments/essex/base-newhall-harlow/home-0522","images/bbdf799c9614e350d32d0ed792682470a1748c3e5a1708d952e8b987bc93b281.jpg","https://cdn.mediavalet.com/eunl/vistry-dam/xIRLcqM7eECoU7MTyIB1LA/ICiBUfQp1EKIbYLChloasA/Custom/Base%20Houses%20Master%20Bedroom.jpg","Staged showhome bedroom."
"Base at Newhall","The Lacus · Plot 522","4","https://www.countrysidehomes.com/developments/essex/base-newhall-harlow/home-0522","images/68f0e20cef5e3684f6e94759c578d805a85c76d705fea0df8efba614210aab17.jpg","https://cdn.mediavalet.com/eunl/vistry-dam/rVdU__Ez7Em51n8tzFk8AQ/dVNnH5TWwEWeAD-bnaZynA/Custom/Lacus%20CGI.jpg","Staged showhome interior space."
"Base at Newhall","The Lacus · Plot 522","4","https://www.countrysidehomes.com/developments/essex/base-newhall-harlow/home-0522","images/9e8a32d5b7b54ebbab71f0ca6e3f75eb3783884ef27260184583f50e09b03336.jpg","https://cdn.mediavalet.com/eunl/vistry-dam/BvjDb7Un3k6CKqh6N5R7rQ/8VT-4Z0EVEezsveCBmmoAA/Custom/Base%20Houses%20Kitchen%20Spec.jpg","Staged showhome kitchen."
"Base at Newhall","The Lacus · Plot 522","4","https://www.countrysidehomes.com/developments/essex/base-newhall-harlow/home-0522","images/9a86b0f61b5cd521870c663fc9d1d5a2651b4bf6afb66eb2a129eec9880595d4.jpg","https://cdn.mediavalet.com/eunl/vistry-dam/fLGJqEO6GkSA0Kpjsmu7JQ/ntTnba6H6kONidZAsLf5LQ/Custom/Base%20Houses%20Open%20Plan.jpg","Staged showhome interior space."
"Base at Newhall","The Lacus · Plot 522","4","https://www.countrysidehomes.com/developments/essex/base-newhall-harlow/home-0522","images/40bd019263768a7d3710c6876090f0791a6ca74e4dc2c4443c511be753feced3.jpg","https://cdn.mediavalet.com/eunl/vistry-dam/rGKARlGgcU-nSKH-fzo6FA/DYp4psIJnEmRLe0SERSTgQ/Custom/Base%20Houses%20Living%20Dining%20Room.jpg","Staged showhome kitchen."
"Base at Newhall","The Lacus · Plot 522","4","https://www.countrysidehomes.com/developments/essex/base-newhall-harlow/home-0522","images/bbe8517877f17f8bb9f24d06c508fcc24f3dff0c5808a376d8102ae86767596f.jpg","https://cdn.mediavalet.com/eunl/vistry-dam/z-OS-RMs5Eyd8shFD0wLUA/P213LdKD3Em6kEGPN3SMjA/Custom/The%20Whitebeam%20Master%20Bedroom.jpg","Staged showhome bedroom."
"Base at Newhall","The Lacus · Plot 522","4","https://www.countrysidehomes.com/developments/essex/base-newhall-harlow/home-0522","images/d90a49d27a23eff97fefc04395399a7f328bf135100ad880a45fc2ea81be900f.jpg","https://cdn.mediavalet.com/eunl/vistry-dam/JgSGzQCLL06E_XuwhEIVZw/IrZTx96jLUS3N5EfvuLBoA/Custom/Skylark%20Ensuite.jpg","Staged showhome bathroom."
"Base at Newhall","The Lacus · Plot 522","4","https://www.countrysidehomes.com/developments/essex/base-newhall-harlow/home-0522","images/c0ba3d2a08ac188ce130eb2d86f1576bb41e7acadc98c7d53ad10c71425689e5.jpg","https://cdn.mediavalet.com/eunl/vistry-dam/gLu6Ct3ZokONgpdr5MyEqg/0L0CZ0jAi0m0vPHlS5SD6w/Custom/Base%20Houses%20Bedroom%202.jpg","Staged showhome bedroom."
"Base at Newhall","The Lacus · Plot 522","4","https://www.countrysidehomes.com/developments/essex/base-newhall-harlow/home-0522","images/a289dca5c7f53a1d5e2e69e025fae9cd091088e9a8f9d8a4bfb1040c52690b08.jpg","https://cdn.mediavalet.com/eunl/vistry-dam/DyZzUntvLUi7uZm5uqhMAA/LudOQbWLckSOmKZJc0DL7w/Custom/Base%20Houses%20Bedroom%203.jpg","Staged showhome bedroom."
"Base at Newhall","The Lacus · Plot 522","4","https://www.countrysidehomes.com/developments/essex/base-newhall-harlow/home-0522","images/331997c5004e3dbaddc01f26ba4fdf8b3a6554a6bf65acd88e24725d36a8f193.jpg","https://cdn.mediavalet.com/eunl/vistry-dam/A1Fnl4dEHEiL4uaJkczxIQ/v3W88lhFKU-chc2rJZH5mg/Custom/Base%20Houses%20Bathroom.jpg","Staged showhome bathroom."
"Base at Newhall","The Lacus · Plot 522","4","https://www.countrysidehomes.com/developments/essex/base-newhall-harlow/home-0522","images/215e9a5273cddd36a582d2e101e1551f3577ade0e277a8549075cc405b164438.jpg","https://mvdataappstorageeunlprod.blob.core.windows.net/medialibrary-34218e3cae6c4041a23eb8b1cf91be27-r/6fd5f780d06847d99b1302a969efb971/6fd5f780d06847d99b1302a969efb971/Large/LACUS_a.jpg?sv=2017-04-17&sr=b&si=202008111853&sig=gxSnO2g5mlZDcvKKKijlvPOrswrCKNOXB4G5PxWwRmA%3D&st=1436-02-08T16%3A50%3A16Z&se=2035-09-24T19%3A21%3A46Z","Staged showhome interior space."
"Base at Newhall","The Lacus · Plot 522","4","https://www.countrysidehomes.com/developments/essex/base-newhall-harlow/home-0522","images/824d4eecd25151e9f5a8d49492aafa235391edfdb8498b84eff827cd434834db.jpg","https://mvdataappstorageeunlprod.blob.core.windows.net/medialibrary-34218e3cae6c4041a23eb8b1cf91be27-r/a2d130665cd54cbfb9dd077f1c977b84/a2d130665cd54cbfb9dd077f1c977b84/Large/LACUS_b.jpg?sv=2017-04-17&sr=b&si=202008111853&sig=P7MdRW0K%2FPcefvgn%2FpZy0AcBJTUgEiAD1kHd4ccUZkk%3D&st=1776-09-19T02%3A10%3A18Z&se=2035-09-24T19%3A21%3A46Z","Staged showhome interior space."
"Base at Newhall","The Aurelia · Plot 525","3","https://www.countrysidehomes.com/developments/essex/base-newhall-harlow/home-0525","images/9a86b0f61b5cd521870c663fc9d1d5a2651b4bf6afb66eb2a129eec9880595d4.jpg","https://cdn.mediavalet.com/eunl/vistry-dam/fLGJqEO6GkSA0Kpjsmu7JQ/ntTnba6H6kONidZAsLf5LQ/Custom/Base%20Houses%20Open%20Plan.jpg","Staged showhome interior space."
"Base at Newhall","The Aurelia · Plot 525","3","https://www.countrysidehomes.com/developments/essex/base-newhall-harlow/home-0525","images/e4977dc145282cef237a152950c24737136d68ac6ce22726498d7b29997ef71d.jpg","https://cdn.mediavalet.com/eunl/vistry-dam/CZlTXl_0IkGeu2etZBCTdA/U2kgA8eFc0yENL8kcyHRNw/Custom/Aurelia%20CGI.jpg","Staged showhome interior space."
"Base at Newhall","The Aurelia · Plot 525","3","https://www.countrysidehomes.com/developments/essex/base-newhall-harlow/home-0525","images/9e8a32d5b7b54ebbab71f0ca6e3f75eb3783884ef27260184583f50e09b03336.jpg","https://cdn.mediavalet.com/eunl/vistry-dam/BvjDb7Un3k6CKqh6N5R7rQ/8VT-4Z0EVEezsveCBmmoAA/Custom/Base%20Houses%20Kitchen%20Spec.jpg","Staged showhome kitchen."
"Base at Newhall","The Aurelia · Plot 525","3","https://www.countrysidehomes.com/developments/essex/base-newhall-harlow/home-0525","images/40bd019263768a7d3710c6876090f0791a6ca74e4dc2c4443c511be753feced3.jpg","https://cdn.mediavalet.com/eunl/vistry-dam/rGKARlGgcU-nSKH-fzo6FA/DYp4psIJnEmRLe0SERSTgQ/Custom/Base%20Houses%20Living%20Dining%20Room.jpg","Staged showhome kitchen."
"Base at Newhall","The Aurelia · Plot 525","3","https://www.countrysidehomes.com/developments/essex/base-newhall-harlow/home-0525","images/bbdf799c9614e350d32d0ed792682470a1748c3e5a1708d952e8b987bc93b281.jpg","https://cdn.mediavalet.com/eunl/vistry-dam/xIRLcqM7eECoU7MTyIB1LA/ICiBUfQp1EKIbYLChloasA/Custom/Base%20Houses%20Master%20Bedroom.jpg","Staged showhome bedroom."
"Base at Newhall","The Aurelia · Plot 525","3","https://www.countrysidehomes.com/developments/essex/base-newhall-harlow/home-0525","images/1cae4ec8b1d7ffd9d99a7028917ab4c439d278206418479fba59d3697f437105.jpg","https://cdn.mediavalet.com/eunl/vistry-dam/Pq4npkB7oU2PLLQresXA4w/BEkYlKnoNk2ACR9aXso_Wg/Custom/Base%20Houses%20Ensuite.jpg","Staged showhome bathroom."
"Base at Newhall","The Aurelia · Plot 525","3","https://www.countrysidehomes.com/developments/essex/base-newhall-harlow/home-0525","images/c0ba3d2a08ac188ce130eb2d86f1576bb41e7acadc98c7d53ad10c71425689e5.jpg","https://cdn.mediavalet.com/eunl/vistry-dam/gLu6Ct3ZokONgpdr5MyEqg/0L0CZ0jAi0m0vPHlS5SD6w/Custom/Base%20Houses%20Bedroom%202.jpg","Staged showhome bedroom."
"Base at Newhall","The Aurelia · Plot 525","3","https://www.countrysidehomes.com/developments/essex/base-newhall-harlow/home-0525","images/a289dca5c7f53a1d5e2e69e025fae9cd091088e9a8f9d8a4bfb1040c52690b08.jpg","https://cdn.mediavalet.com/eunl/vistry-dam/DyZzUntvLUi7uZm5uqhMAA/LudOQbWLckSOmKZJc0DL7w/Custom/Base%20Houses%20Bedroom%203.jpg","Staged showhome bedroom."
"Base at Newhall","The Aurelia · Plot 525","3","https://www.countrysidehomes.com/developments/essex/base-newhall-harlow/home-0525","images/331997c5004e3dbaddc01f26ba4fdf8b3a6554a6bf65acd88e24725d36a8f193.jpg","https://cdn.mediavalet.com/eunl/vistry-dam/A1Fnl4dEHEiL4uaJkczxIQ/v3W88lhFKU-chc2rJZH5mg/Custom/Base%20Houses%20Bathroom.jpg","Staged showhome bathroom."
"Base at Newhall","The Aurelia · Plot 525","3","https://www.countrysidehomes.com/developments/essex/base-newhall-harlow/home-0525","images/150927fa8694a61c0effd071bceef70e516fa040c2421ecd5b79ebf88cc9f505.jpg","https://mvdataappstorageeunlprod.blob.core.windows.net/medialibrary-34218e3cae6c4041a23eb8b1cf91be27/0c60c5415b3e4b109b291e07c7c0dac6/0c60c5415b3e4b109b291e07c7c0dac6/Original/AURELIA_a.jpg?sv=2017-04-17&sr=b&si=202008111744&sig=vv0Bl%2BGFR9HO9zQlzJGT%2BdM%2FRNSs5Hu1oZS7tUbpwhk%3D&st=0001-01-01T00%3A00%3A00Z&se=2036-03-05T21%3A20%3A36Z&rsct=application%2Foctet-stream&rscd=attachment%3B%20filename%2A%3DUTF-8%27%27AURELIA_a.jpg","Staged showhome interior space."
"Base at Newhall","The Aurelia · Plot 525","3","https://www.countrysidehomes.com/developments/essex/base-newhall-harlow/home-0525","images/e210d2636fe54164abf3a59bb82ce782bb971d8b0de041947d45c3f140857000.jpg","https://mvdataappstorageeunlprod.blob.core.windows.net/medialibrary-34218e3cae6c4041a23eb8b1cf91be27/6581173f285145c38dc30640e98cbe8d/6581173f285145c38dc30640e98cbe8d/Original/AURELIA_b.jpg?sv=2017-04-17&sr=b&si=202008111744&sig=hMFizMuYuUnW1yUyqLk8ntuMfpL7yg6DOKXBV96GXdQ%3D&st=0001-01-01T00%3A00%3A00Z&se=2036-03-05T21%3A22%3A13Z&rsct=application%2Foctet-stream&rscd=attachment%3B%20filename%2A%3DUTF-8%27%27AURELIA_b.jpg","Staged showhome interior space."
"Base at Newhall","The Lacus · Plot 527","4","https://www.countrysidehomes.com/developments/essex/base-newhall-harlow/home-0527","images/68f0e20cef5e3684f6e94759c578d805a85c76d705fea0df8efba614210aab17.jpg","https://cdn.mediavalet.com/eunl/vistry-dam/rVdU__Ez7Em51n8tzFk8AQ/dVNnH5TWwEWeAD-bnaZynA/Custom/Lacus%20CGI.jpg","Staged showhome interior space."
"Base at Newhall","The Lacus · Plot 527","4","https://www.countrysidehomes.com/developments/essex/base-newhall-harlow/home-0527","images/9e8a32d5b7b54ebbab71f0ca6e3f75eb3783884ef27260184583f50e09b03336.jpg","https://cdn.mediavalet.com/eunl/vistry-dam/BvjDb7Un3k6CKqh6N5R7rQ/8VT-4Z0EVEezsveCBmmoAA/Custom/Base%20Houses%20Kitchen%20Spec.jpg","Staged showhome kitchen."
"Base at Newhall","The Lacus · Plot 527","4","https://www.countrysidehomes.com/developments/essex/base-newhall-harlow/home-0527","images/9a86b0f61b5cd521870c663fc9d1d5a2651b4bf6afb66eb2a129eec9880595d4.jpg","https://cdn.mediavalet.com/eunl/vistry-dam/fLGJqEO6GkSA0Kpjsmu7JQ/ntTnba6H6kONidZAsLf5LQ/Custom/Base%20Houses%20Open%20Plan.jpg","Staged showhome interior space."
"Base at Newhall","The Lacus · Plot 527","4","https://www.countrysidehomes.com/developments/essex/base-newhall-harlow/home-0527","images/40bd019263768a7d3710c6876090f0791a6ca74e4dc2c4443c511be753feced3.jpg","https://cdn.mediavalet.com/eunl/vistry-dam/rGKARlGgcU-nSKH-fzo6FA/DYp4psIJnEmRLe0SERSTgQ/Custom/Base%20Houses%20Living%20Dining%20Room.jpg","Staged showhome kitchen."
"Base at Newhall","The Lacus · Plot 527","4","https://www.countrysidehomes.com/developments/essex/base-newhall-harlow/home-0527","images/bbe8517877f17f8bb9f24d06c508fcc24f3dff0c5808a376d8102ae86767596f.jpg","https://cdn.mediavalet.com/eunl/vistry-dam/z-OS-RMs5Eyd8shFD0wLUA/P213LdKD3Em6kEGPN3SMjA/Custom/The%20Whitebeam%20Master%20Bedroom.jpg","Staged showhome bedroom."
"Base at Newhall","The Lacus · Plot 527","4","https://www.countrysidehomes.com/developments/essex/base-newhall-harlow/home-0527","images/d90a49d27a23eff97fefc04395399a7f328bf135100ad880a45fc2ea81be900f.jpg","https://cdn.mediavalet.com/eunl/vistry-dam/JgSGzQCLL06E_XuwhEIVZw/IrZTx96jLUS3N5EfvuLBoA/Custom/Skylark%20Ensuite.jpg","Staged showhome bathroom."
"Base at Newhall","The Lacus · Plot 527","4","https://www.countrysidehomes.com/developments/essex/base-newhall-harlow/home-0527","images/bbdf799c9614e350d32d0ed792682470a1748c3e5a1708d952e8b987bc93b281.jpg","https://cdn.mediavalet.com/eunl/vistry-dam/xIRLcqM7eECoU7MTyIB1LA/ICiBUfQp1EKIbYLChloasA/Custom/Base%20Houses%20Master%20Bedroom.jpg","Staged showhome bedroom."
"Base at Newhall","The Lacus · Plot 527","4","https://www.countrysidehomes.com/developments/essex/base-newhall-harlow/home-0527","images/c0ba3d2a08ac188ce130eb2d86f1576bb41e7acadc98c7d53ad10c71425689e5.jpg","https://cdn.mediavalet.com/eunl/vistry-dam/gLu6Ct3ZokONgpdr5MyEqg/0L0CZ0jAi0m0vPHlS5SD6w/Custom/Base%20Houses%20Bedroom%202.jpg","Staged showhome bedroom."
"Base at Newhall","The Lacus · Plot 527","4","https://www.countrysidehomes.com/developments/essex/base-newhall-harlow/home-0527","images/a289dca5c7f53a1d5e2e69e025fae9cd091088e9a8f9d8a4bfb1040c52690b08.jpg","https://cdn.mediavalet.com/eunl/vistry-dam/DyZzUntvLUi7uZm5uqhMAA/LudOQbWLckSOmKZJc0DL7w/Custom/Base%20Houses%20Bedroom%203.jpg","Staged showhome bedroom."
"Base at Newhall","The Lacus · Plot 527","4","https://www.countrysidehomes.com/developments/essex/base-newhall-harlow/home-0527","images/331997c5004e3dbaddc01f26ba4fdf8b3a6554a6bf65acd88e24725d36a8f193.jpg","https://cdn.mediavalet.com/eunl/vistry-dam/A1Fnl4dEHEiL4uaJkczxIQ/v3W88lhFKU-chc2rJZH5mg/Custom/Base%20Houses%20Bathroom.jpg","Staged showhome bathroom."
"Base at Newhall","The Lacus · Plot 527","4","https://www.countrysidehomes.com/developments/essex/base-newhall-harlow/home-0527","images/215e9a5273cddd36a582d2e101e1551f3577ade0e277a8549075cc405b164438.jpg","https://mvdataappstorageeunlprod.blob.core.windows.net/medialibrary-34218e3cae6c4041a23eb8b1cf91be27-r/6fd5f780d06847d99b1302a969efb971/6fd5f780d06847d99b1302a969efb971/Large/LACUS_a.jpg?sv=2017-04-17&sr=b&si=202008111853&sig=gxSnO2g5mlZDcvKKKijlvPOrswrCKNOXB4G5PxWwRmA%3D&st=1436-02-08T16%3A50%3A16Z&se=2035-09-24T19%3A21%3A46Z","Staged showhome interior space."
"Base at Newhall","The Lacus · Plot 527","4","https://www.countrysidehomes.com/developments/essex/base-newhall-harlow/home-0527","images/824d4eecd25151e9f5a8d49492aafa235391edfdb8498b84eff827cd434834db.jpg","https://mvdataappstorageeunlprod.blob.core.windows.net/medialibrary-34218e3cae6c4041a23eb8b1cf91be27-r/a2d130665cd54cbfb9dd077f1c977b84/a2d130665cd54cbfb9dd077f1c977b84/Large/LACUS_b.jpg?sv=2017-04-17&sr=b&si=202008111853&sig=P7MdRW0K%2FPcefvgn%2FpZy0AcBJTUgEiAD1kHd4ccUZkk%3D&st=1776-09-19T02%3A10%3A18Z&se=2035-09-24T19%3A21%3A46Z","Staged showhome interior space."
"Base at Newhall","The Templum · Plot 457","4","https://www.countrysidehomes.com/developments/essex/base-newhall-harlow/home-0457","images/40bd019263768a7d3710c6876090f0791a6ca74e4dc2c4443c511be753feced3.jpg","https://cdn.mediavalet.com/eunl/vistry-dam/rGKARlGgcU-nSKH-fzo6FA/DYp4psIJnEmRLe0SERSTgQ/Custom/Base%20Houses%20Living%20Dining%20Room.jpg","Staged showhome kitchen."
"Base at Newhall","The Templum · Plot 457","4","https://www.countrysidehomes.com/developments/essex/base-newhall-harlow/home-0457","images/eed9e78fc466e6af34ddfe935ff4958175fc3b06ed7860f1bee046a495a7504d.jpg","https://cdn.mediavalet.com/eunl/vistry-dam/kUSGyGQYGU69WisRjjOG0w/f6eMtQO98Eqc3_aX_6YvDA/Custom/Templum%20CGI%20V2.jpg","Staged showhome interior space."
"Base at Newhall","The Templum · Plot 457","4","https://www.countrysidehomes.com/developments/essex/base-newhall-harlow/home-0457","images/9a86b0f61b5cd521870c663fc9d1d5a2651b4bf6afb66eb2a129eec9880595d4.jpg","https://cdn.mediavalet.com/eunl/vistry-dam/fLGJqEO6GkSA0Kpjsmu7JQ/ntTnba6H6kONidZAsLf5LQ/Custom/Base%20Houses%20Open%20Plan.jpg","Staged showhome interior space."
"Base at Newhall","The Templum · Plot 457","4","https://www.countrysidehomes.com/developments/essex/base-newhall-harlow/home-0457","images/87c16b33b30b3ae763d7048c602426564dd698805cea4b66459e8605ff9ab526.jpg","https://cdn.mediavalet.com/eunl/vistry-dam/2JGoiDq4aE20doRFVpzTtw/EINlMaVEr0eoO9Nhp30NXQ/Custom/Winchester%20Living%20Room.jpg","Staged showhome living room."
"Base at Newhall","The Templum · Plot 457","4","https://www.countrysidehomes.com/developments/essex/base-newhall-harlow/home-0457","images/ad1700e83d4080c4afff3b0c2f34f19881ffee0df0ed6fbc7dff89bc62f3606e.jpg","https://cdn.mediavalet.com/eunl/vistry-dam/xkOIZ3vZu0iMhBYp_zxUew/l9enB9x8P0-e9c6Ys-rbuQ/Custom/Redstart%20Bedroom%201.jpg","Staged showhome bedroom."
"Base at Newhall","The Templum · Plot 457","4","https://www.countrysidehomes.com/developments/essex/base-newhall-harlow/home-0457","images/20268574c3f4ea8855a3a51c6a5e4690e5321a0ce6bfd5781c88fea3c2b74f17.jpg","https://cdn.mediavalet.com/eunl/vistry-dam/Kq5w5CECskGUXc7hwX9ELg/Pdm16qwQT0Cf8wNuxz0spw/Custom/Redstart%20Bedroom%201%20with%20Ensuite.jpg","Staged showhome bedroom."
"Base at Newhall","The Templum · Plot 457","4","https://www.countrysidehomes.com/developments/essex/base-newhall-harlow/home-0457","images/627c473f6630a8a6e87922c8a836dd3710cf0a3cae86fbf9943f1d0f77bd954d.jpg","https://cdn.mediavalet.com/eunl/vistry-dam/ciTCRuMSy0qbcQG3YhXHLA/zmB41eUXTk2I8A6rfw78_w/Custom/Turnstone%20Master%20Bedroom.jpg","Staged showhome bedroom."
"Base at Newhall","The Templum · Plot 457","4","https://www.countrysidehomes.com/developments/essex/base-newhall-harlow/home-0457","images/b02ffc412f90e416856a1af4e6401601d44a19a39ace4048149a1709e6ff7e06.jpg","https://cdn.mediavalet.com/eunl/vistry-dam/TPPV7OfIDkG0_LdtaVwCWQ/aDeekVRKv0eR9zcRhBRZxA/Custom/Byford%20Ensuite.jpg","Staged showhome bathroom."
"Base at Newhall","The Templum · Plot 457","4","https://www.countrysidehomes.com/developments/essex/base-newhall-harlow/home-0457","images/c0ba3d2a08ac188ce130eb2d86f1576bb41e7acadc98c7d53ad10c71425689e5.jpg","https://cdn.mediavalet.com/eunl/vistry-dam/gLu6Ct3ZokONgpdr5MyEqg/0L0CZ0jAi0m0vPHlS5SD6w/Custom/Base%20Houses%20Bedroom%202.jpg","Staged showhome bedroom."
"Base at Newhall","The Templum · Plot 457","4","https://www.countrysidehomes.com/developments/essex/base-newhall-harlow/home-0457","images/a289dca5c7f53a1d5e2e69e025fae9cd091088e9a8f9d8a4bfb1040c52690b08.jpg","https://cdn.mediavalet.com/eunl/vistry-dam/DyZzUntvLUi7uZm5uqhMAA/LudOQbWLckSOmKZJc0DL7w/Custom/Base%20Houses%20Bedroom%203.jpg","Staged showhome bedroom."
"Base at Newhall","The Templum · Plot 457","4","https://www.countrysidehomes.com/developments/essex/base-newhall-harlow/home-0457","images/331997c5004e3dbaddc01f26ba4fdf8b3a6554a6bf65acd88e24725d36a8f193.jpg","https://cdn.mediavalet.com/eunl/vistry-dam/A1Fnl4dEHEiL4uaJkczxIQ/v3W88lhFKU-chc2rJZH5mg/Custom/Base%20Houses%20Bathroom.jpg","Staged showhome bathroom."
"Base at Newhall","The Templum · Plot 457","4","https://www.countrysidehomes.com/developments/essex/base-newhall-harlow/home-0457","images/e0b89214cd3347c8332d8fc03acd822abfd866806db64e722afcff9a2a091eed.jpg","https://mvdataappstorageeunlprod.blob.core.windows.net/medialibrary-34218e3cae6c4041a23eb8b1cf91be27-r/e876dbf0ec77464e891d1918421bbc5f/e876dbf0ec77464e891d1918421bbc5f/Large/TEMPLUM_a.jpg?sv=2017-04-17&sr=b&si=202008111853&sig=VBBg6xJ35BEDqUfUvlwdE5WhnT5BZmqTQarcdrvXdAo%3D&st=0692-10-27T04%3A08%3A59Z&se=2035-09-24T19%3A16%3A29Z","Staged showhome interior space."
"Base at Newhall","The Templum · Plot 457","4","https://www.countrysidehomes.com/developments/essex/base-newhall-harlow/home-0457","images/ccd520aa0e510bd8acf796ed1d379142a3e3c9264cd3367e6c8494c050a4100a.jpg","https://mvdataappstorageeunlprod.blob.core.windows.net/medialibrary-34218e3cae6c4041a23eb8b1cf91be27-r/c880ab349eeb48eeb0edfad9171134ab/c880ab349eeb48eeb0edfad9171134ab/Large/TEMPLUM_b.jpg?sv=2017-04-17&sr=b&si=202008111853&sig=RGkRb2AiWZ7PEDhZ0HEDJpNMyQ0KI%2BEWGRoBS5m4eVc%3D&st=0412-01-06T09%3A07%3A13Z&se=2035-10-29T01%3A59%3A07Z","Staged showhome interior space."
"Base at Newhall","The Templum · Plot 457","4","https://www.countrysidehomes.com/developments/essex/base-newhall-harlow/home-0457","images/527a97f8230e4e657a31b16601126d5bb7bd850bccb95fd5885ecc280e883d9c.jpg","https://mvdataappstorageeunlprod.blob.core.windows.net/medialibrary-34218e3cae6c4041a23eb8b1cf91be27-r/3cbd905ae70b4d43b73be4d53db4a1e0/3cbd905ae70b4d43b73be4d53db4a1e0/Large/TEMPLUM_c.jpg?sv=2017-04-17&sr=b&si=202008111853&sig=mb1Z6C2zjrq4FmSoGFZWAmPFjjbcLbR8Te4GUj3Xklc%3D&st=0181-06-17T19%3A06%3A30Z&se=2035-10-29T01%3A59%3A25Z","Staged showhome interior space."
"Base at Newhall","The Templum · Plot 458","4","https://www.countrysidehomes.com/developments/essex/base-newhall-harlow/home-0458","images/eed9e78fc466e6af34ddfe935ff4958175fc3b06ed7860f1bee046a495a7504d.jpg","https://cdn.mediavalet.com/eunl/vistry-dam/kUSGyGQYGU69WisRjjOG0w/f6eMtQO98Eqc3_aX_6YvDA/Custom/Templum%20CGI%20V2.jpg","Staged showhome interior space."
"Base at Newhall","The Templum · Plot 458","4","https://www.countrysidehomes.com/developments/essex/base-newhall-harlow/home-0458","images/c6ccb3cc75b26767fe0c545fa96b40ff452f2845c15fc28761dd215b0420b675.jpg","https://cdn.mediavalet.com/eunl/vistry-dam/wxGmJn-lO0iouwamho2jyg/tcVt-MwGiUur4_r_Y9MbuQ/Custom/Templum%20Kitchen%20AI.jpg","Staged showhome kitchen."
"Base at Newhall","The Templum · Plot 458","4","https://www.countrysidehomes.com/developments/essex/base-newhall-harlow/home-0458","images/ec678fbe3bbaf2f2f13cecb1fe3d50a4fd2685a70d1bd2210cbb6f1ef063747a.jpg","https://cdn.mediavalet.com/eunl/vistry-dam/-jkGfq3FaUS0ckHTO4ClPw/5Ve1LjyH1E-Lhgj87OJbAw/Custom/Templum%20Dining%20Area%20AI.jpg","Staged showhome kitchen."
"Base at Newhall","The Templum · Plot 458","4","https://www.countrysidehomes.com/developments/essex/base-newhall-harlow/home-0458","images/c422cd539013fc5d561fcbf88f2e9e1d4c51b19b4c9ac211a2c1d8035260a2a5.jpg","https://cdn.mediavalet.com/eunl/vistry-dam/hXSYTZFiqkyOxRIq_f6Bvw/jmGpl9dds0W3jYDqbJIN1g/Custom/Templum%20Living%20Room%20AI.jpg","Staged showhome living room."
"Base at Newhall","The Templum · Plot 458","4","https://www.countrysidehomes.com/developments/essex/base-newhall-harlow/home-0458","images/ffa74596e82fb87b22289b6ee47cd622ce3163147858bdeebcea59ba10ed3714.jpg","https://cdn.mediavalet.com/eunl/vistry-dam/ZCCWrkYFLkqAo3XuFg4uEA/O9xz8h6cUkG351Tsh7_F9g/Custom/Templum%20Bedroom%201%20AI.jpg","Staged showhome bedroom."
"Base at Newhall","The Templum · Plot 458","4","https://www.countrysidehomes.com/developments/essex/base-newhall-harlow/home-0458","images/0a30463b6e090266f4583707752f0d7964d69a1bb1c75fd8635c068034ac0d22.jpg","https://cdn.mediavalet.com/eunl/vistry-dam/HOy4uSazM06fjJ6S-fF6qQ/kFwyLge-HUepmwelUbbfrw/Custom/Templum%20En%20Suite%20AI.jpg","Staged showhome interior space."
"Base at Newhall","The Templum · Plot 458","4","https://www.countrysidehomes.com/developments/essex/base-newhall-harlow/home-0458","images/3844432b192812a75e09d5df48e042437f40f51f48d6df6e2991ef62328b696d.jpg","https://cdn.mediavalet.com/eunl/vistry-dam/rP-mjUxnIUuCDGw4mIglLQ/E_14Bufbw0eu1TvAHIp5Ng/Custom/Templum%20Bedroom%202%20AI.jpg","Staged showhome bedroom."
"Base at Newhall","The Templum · Plot 458","4","https://www.countrysidehomes.com/developments/essex/base-newhall-harlow/home-0458","images/86ce02a36926ff0736b876b44007bcc1d6096a0325ea7d53a2addbd95650d103.jpg","https://cdn.mediavalet.com/eunl/vistry-dam/6WXs_LMjYkiKvnyEp7S2wA/tXkcmkRnx0m0vFLHqIuugg/Custom/Templum%20Bedroom%203%20AI.jpg","Staged showhome bedroom."
"Base at Newhall","The Templum · Plot 458","4","https://www.countrysidehomes.com/developments/essex/base-newhall-harlow/home-0458","images/9eeaa3ff79656a565abddb56144654b43754d067b6ae3b6c97f694516237575a.jpg","https://cdn.mediavalet.com/eunl/vistry-dam/F-taSa4nt0Sxx-Zb628g8A/XPW1ibr9RUqbACDYiTttWQ/Custom/Templum%20Bathroom%20AI.jpg","Staged showhome bathroom."
"Base at Newhall","The Templum · Plot 458","4","https://www.countrysidehomes.com/developments/essex/base-newhall-harlow/home-0458","images/e0b89214cd3347c8332d8fc03acd822abfd866806db64e722afcff9a2a091eed.jpg","https://mvdataappstorageeunlprod.blob.core.windows.net/medialibrary-34218e3cae6c4041a23eb8b1cf91be27-r/e876dbf0ec77464e891d1918421bbc5f/e876dbf0ec77464e891d1918421bbc5f/Large/TEMPLUM_a.jpg?sv=2017-04-17&sr=b&si=202008111853&sig=VBBg6xJ35BEDqUfUvlwdE5WhnT5BZmqTQarcdrvXdAo%3D&st=0692-10-27T04%3A08%3A59Z&se=2035-09-24T19%3A16%3A29Z","Staged showhome interior space."
"Base at Newhall","The Templum · Plot 458","4","https://www.countrysidehomes.com/developments/essex/base-newhall-harlow/home-0458","images/ccd520aa0e510bd8acf796ed1d379142a3e3c9264cd3367e6c8494c050a4100a.jpg","https://mvdataappstorageeunlprod.blob.core.windows.net/medialibrary-34218e3cae6c4041a23eb8b1cf91be27-r/c880ab349eeb48eeb0edfad9171134ab/c880ab349eeb48eeb0edfad9171134ab/Large/TEMPLUM_b.jpg?sv=2017-04-17&sr=b&si=202008111853&sig=RGkRb2AiWZ7PEDhZ0HEDJpNMyQ0KI%2BEWGRoBS5m4eVc%3D&st=0412-01-06T09%3A07%3A13Z&se=2035-10-29T01%3A59%3A07Z","Staged showhome interior space."
"Base at Newhall","The Templum · Plot 458","4","https://www.countrysidehomes.com/developments/essex/base-newhall-harlow/home-0458","images/527a97f8230e4e657a31b16601126d5bb7bd850bccb95fd5885ecc280e883d9c.jpg","https://mvdataappstorageeunlprod.blob.core.windows.net/medialibrary-34218e3cae6c4041a23eb8b1cf91be27-r/3cbd905ae70b4d43b73be4d53db4a1e0/3cbd905ae70b4d43b73be4d53db4a1e0/Large/TEMPLUM_c.jpg?sv=2017-04-17&sr=b&si=202008111853&sig=mb1Z6C2zjrq4FmSoGFZWAmPFjjbcLbR8Te4GUj3Xklc%3D&st=0181-06-17T19%3A06%3A30Z&se=2035-10-29T01%3A59%3A25Z","Staged showhome interior space."
"Base at Newhall","The Byford · Plot 506","4","https://www.countrysidehomes.com/developments/essex/base-newhall-harlow/home-0506","images/79fb6e2cba2ccda6b05287e5e63796b70e4e951cb4c487db6aa3f0797c6f3fda.jpg","https://cdn.mediavalet.com/eunl/vistry-dam/IVw0mvFIjkeGsGKXGKHWtA/uY29ZLDPYEiK8yAl1R7ZBA/Custom/Byford%20Living%20Room.jpg","Staged showhome living room."
"Base at Newhall","The Byford · Plot 506","4","https://www.countrysidehomes.com/developments/essex/base-newhall-harlow/home-0506","images/16f45679abd42943956c5abeddaf9c8dafbfbf565305250376aae908ab4b4ea6.jpg","https://cdn.mediavalet.com/eunl/vistry-dam/6PZa2UpJk0KBzLFfzqCMyA/DM3oQS0tt0WmH1wJSsrAOg/Custom/Byford%20CGI.jpg","Staged showhome interior space."
"Base at Newhall","The Byford · Plot 506","4","https://www.countrysidehomes.com/developments/essex/base-newhall-harlow/home-0506","images/6bf69d08625eba9dfc231f1fc0da0c025cbe7cbf02812c4dc85518a2b8646412.jpg","https://cdn.mediavalet.com/eunl/vistry-dam/-52jQ-M-FkCrPrAAjJUOUA/epxordgYF0GtzlAfY4OvOg/Custom/Byford%20Kitchen.jpg","Staged showhome kitchen."
"Base at Newhall","The Byford · Plot 506","4","https://www.countrysidehomes.com/developments/essex/base-newhall-harlow/home-0506","images/0d36720e729cb16ed76d6e775c007c7dc389fce45fe694c3ae5f1bd4ceb9e84f.jpg","https://cdn.mediavalet.com/eunl/vistry-dam/rWt6XnmKrU67eBTH4vIelQ/J0e26OO0UEqflyMXyDsrUg/Custom/Byford%20Kitchen%20Dining.jpg","Staged showhome kitchen."
"Base at Newhall","The Byford · Plot 506","4","https://www.countrysidehomes.com/developments/essex/base-newhall-harlow/home-0506","images/f1140e2ce20444f1c0a1b8a39e9a7bded3c59097b0827f8f5a1b430cf6857b26.jpg","https://cdn.mediavalet.com/eunl/vistry-dam/dzsqwNO8vkqoxyBzhCskoA/NWqOKNHvJEmNiEapo2zupQ/Custom/Byford%20Dining%20Room.jpg","Staged showhome kitchen."
"Base at Newhall","The Byford · Plot 506","4","https://www.countrysidehomes.com/developments/essex/base-newhall-harlow/home-0506","images/69cd7a51e73b1e1ee281e8f103ac0b4b04c8180bffe1bf48e39f82d6790035b0.jpg","https://cdn.mediavalet.com/eunl/vistry-dam/HPGDxwa7n0W9u1GkpqEFWA/4SPFdOrLVUGzumLuJxp7Mw/Custom/Byford%20Bedroom%201%20Enquite.jpg","Staged showhome bedroom."
"Base at Newhall","The Byford · Plot 506","4","https://www.countrysidehomes.com/developments/essex/base-newhall-harlow/home-0506","images/1fa2e0fc49db46a07710a5a5c0fa5bf715cd0b6f39d4e0d5166fc4e7524f54b5.jpg","https://cdn.mediavalet.com/eunl/vistry-dam/frimCO98Y067-77eOwequg/6cJAyAs700mlmjnE9OKmAA/Custom/Byford%20Ensuite.jpg","Staged showhome bathroom."
"Base at Newhall","The Byford · Plot 506","4","https://www.countrysidehomes.com/developments/essex/base-newhall-harlow/home-0506","images/37d4ca216a0074c701965a499014ffbf5bd181631029c80a9e62483ef0db93de.jpg","https://cdn.mediavalet.com/eunl/vistry-dam/H7JTjKf7GkSJKtWuT9lKgQ/kOYR3ah8skqe6l0Y7S1dMA/Custom/Byford%20Bedroom%202.jpg","Staged showhome bedroom."
"Base at Newhall","The Byford · Plot 506","4","https://www.countrysidehomes.com/developments/essex/base-newhall-harlow/home-0506","images/b80aaa68d0b0a234c593ff9d9c2586ff6caa4bd40308f3b18b93c061f14dde20.jpg","https://cdn.mediavalet.com/eunl/vistry-dam/v1p95-0M4E-9yK7GwI6EOw/UeMasbtdT0-ZX99tUpo1Qg/Custom/Byford%20Bedroom%203.jpg","Staged showhome bedroom."
"Base at Newhall","The Byford · Plot 506","4","https://www.countrysidehomes.com/developments/essex/base-newhall-harlow/home-0506","images/f6b90fe088b2f3522ca9f10ead8ee0a5de0552b45ca13ae738088746e2f295d8.jpg","https://cdn.mediavalet.com/eunl/vistry-dam/kv1E7XaoFU24froN-eGCaw/t1_ylclq7kmWs-SmJ4ZQCQ/Custom/Byford%20Bedroom%204.jpg","Staged showhome bedroom."
"Base at Newhall","The Byford · Plot 506","4","https://www.countrysidehomes.com/developments/essex/base-newhall-harlow/home-0506","images/5e14eaac65dd881d70db26cafe439280ba088b6bbab2055c97470f471167152e.jpg","https://cdn.mediavalet.com/eunl/vistry-dam/10agHSsPo0O19aE2hXqfrw/UMkndk1Yu06mjYC4cVzBDA/Custom/Byford%20Bathroom.jpg","Staged showhome bathroom."
"Base at Newhall","The Byford · Plot 506","4","https://www.countrysidehomes.com/developments/essex/base-newhall-harlow/home-0506","images/afd4a0ff0b0db84abe151c9026e581813c9092024f61c5d923c12e598c1acb81.jpg","https://cdn.mediavalet.com/eunl/vistry-dam/wHraTQ464U-FNinuoJ_zCA/FUhzOkigS06dwcictBatvw/Custom/Byford%20Roof%20Terrace.jpg","Staged showhome interior space."
"Base at Newhall","The Byford · Plot 506","4","https://www.countrysidehomes.com/developments/essex/base-newhall-harlow/home-0506","images/e993841d4304415a398cc0370cc392533edadced1ca5afb2acfdfd5fdac8f3a1.jpg","https://mvdataappstorageeunlprod.blob.core.windows.net/medialibrary-34218e3cae6c4041a23eb8b1cf91be27/e6bed10c51824c629fba8e72cdf5457b/e6bed10c51824c629fba8e72cdf5457b/Original/BYFORD_a.jpg?sv=2017-04-17&sr=b&si=202008111744&sig=QJKVHUOJp9pfW1j3lPMnF97XHdGZBsTWLPrIiqqSohQ%3D&st=0001-01-01T00%3A00%3A00Z&se=2036-03-05T21%3A35%3A18Z&rsct=application%2Foctet-stream&rscd=attachment%3B%20filename%2A%3DUTF-8%27%27BYFORD_a.jpg","Staged showhome interior space."
"Base at Newhall","The Byford · Plot 506","4","https://www.countrysidehomes.com/developments/essex/base-newhall-harlow/home-0506","images/ed43d53fe9d67a52e542f78be49417530492dd482228d2a44271b08455af3e0c.jpg","https://mvdataappstorageeunlprod.blob.core.windows.net/medialibrary-34218e3cae6c4041a23eb8b1cf91be27/211d6ab32cf64f45b3992287cd9ce7c9/211d6ab32cf64f45b3992287cd9ce7c9/Original/BYFORD_b.jpg?sv=2017-04-17&sr=b&si=202008111744&sig=0SvWsjL8eDwekg1e8zDiJH7Gx9pxZ%2FkZwUmjdVXRCYc%3D&st=0001-01-01T00%3A00%3A00Z&se=2036-03-05T21%3A36%3A18Z&rsct=application%2Foctet-stream&rscd=attachment%3B%20filename%2A%3DUTF-8%27%27BYFORD_b.jpg","Staged showhome interior space."
"Base at Newhall","The Byford · Plot 506","4","https://www.countrysidehomes.com/developments/essex/base-newhall-harlow/home-0506","images/d3def55b48288dbda7f798ed550ff211932210cabf40059dc826f7bac6ef4d55.jpg","https://mvdataappstorageeunlprod.blob.core.windows.net/medialibrary-34218e3cae6c4041a23eb8b1cf91be27/57b7424a28dd45ab92ef677cf2e28bd9/57b7424a28dd45ab92ef677cf2e28bd9/Original/BYFORD_c.jpg?sv=2017-04-17&sr=b&si=202008111744&sig=mMGDezBPAabcB7QGFLZJcgZ3%2FqHuxYw5XyrkNQeLG%2BA%3D&st=0001-01-01T00%3A00%3A00Z&se=2036-03-05T21%3A37%3A17Z&rsct=application%2Foctet-stream&rscd=attachment%3B%20filename%2A%3DUTF-8%27%27BYFORD_c.jpg","Staged showhome interior space."
"Base at Newhall","Base at Newhall development gallery","","https://www.countrysidehomes.com/developments/essex/base-newhall-harlow","images/d621d576d9876a72af260df4fa6ca24da0f0e4d718f1673943fc6299b3bb2ef4.jpg","https://cdn.mediavalet.com/eunl/vistry-dam/-Nf_r-5DN02PDa5oSOZlOg/GfvBm6o18kW8LT-gFl_g9A/Custom/Base%20Street%20Scene.jpg","Staged showhome exterior."
"Base at Newhall","Base at Newhall development gallery","","https://www.countrysidehomes.com/developments/essex/base-newhall-harlow","images/0d36720e729cb16ed76d6e775c007c7dc389fce45fe694c3ae5f1bd4ceb9e84f.jpg","https://cdn.mediavalet.com/eunl/vistry-dam/rWt6XnmKrU67eBTH4vIelQ/J0e26OO0UEqflyMXyDsrUg/Custom/Byford%20Kitchen%20Dining.jpg","Staged showhome kitchen."
"Base at Newhall","Base at Newhall development gallery","","https://www.countrysidehomes.com/developments/essex/base-newhall-harlow","images/53738ff3800f87876a3f50963f7b083df42a293c54e6ae0856e85d3af094a2d0.jpg","https://cdn.mediavalet.com/eunl/vistry-dam/hXSYTZFiqkyOxRIq_f6Bvw/iQ9sQG3c4kS_wdzlY3B6cg/Custom/Templum%20Living%20Room%20AI.jpg","Staged showhome living room."
"Base at Newhall","Base at Newhall development gallery","","https://www.countrysidehomes.com/developments/essex/base-newhall-harlow","images/60eabd6c5eb7fb3c8f137537d75bdda0fc79e122602f24aa25407e428587d881.jpg","https://cdn.mediavalet.com/eunl/vistry-dam/H0KjeU4rmUmCOjCU_vwMtg/tU5egDHfMU6i9Dclr6Rp4A/Custom/Base%20Byford%20Street%20Scene.jpeg","Staged showhome exterior."
"Base at Newhall","Base at Newhall development gallery","","https://www.countrysidehomes.com/developments/essex/base-newhall-harlow","images/79fb6e2cba2ccda6b05287e5e63796b70e4e951cb4c487db6aa3f0797c6f3fda.jpg","https://cdn.mediavalet.com/eunl/vistry-dam/IVw0mvFIjkeGsGKXGKHWtA/uY29ZLDPYEiK8yAl1R7ZBA/Custom/Byford%20Living%20Room.jpg","Staged showhome living room."
"Base at Newhall","Base at Newhall development gallery","","https://www.countrysidehomes.com/developments/essex/base-newhall-harlow","images/3844432b192812a75e09d5df48e042437f40f51f48d6df6e2991ef62328b696d.jpg","https://cdn.mediavalet.com/eunl/vistry-dam/rP-mjUxnIUuCDGw4mIglLQ/E_14Bufbw0eu1TvAHIp5Ng/Custom/Templum%20Bedroom%202%20AI.jpg","Staged showhome bedroom."
"Base at Newhall","Base at Newhall development gallery","","https://www.countrysidehomes.com/developments/essex/base-newhall-harlow","images/f67f7904a72df40bc09e1f9512f915b1ec839f461966bcace4427d8e8a06d84f.jpg","https://cdn.mediavalet.com/eunl/vistry-dam/x38YNi3ouEeFd1Ou4XqF_Q/iZD7_vYp8USrAYThv2r8rQ/Custom/252256-01.jpg","Staged showhome interior space."
"Base at Newhall","Base at Newhall development gallery","","https://www.countrysidehomes.com/developments/essex/base-newhall-harlow","images/bbc977109b83242f5d7db958c1f656b9cfe28373f4160558467fd4855eab899c.png","https://cdn.mediavalet.com/eunl/vistry-dam/wxGmJn-lO0iouwamho2jyg/z-2PglS_zkqZtmyO_QN8LQ/Custom/Templum%20Kitchen%20AI.png","Staged showhome kitchen."
"Base at Newhall","Base at Newhall development gallery","","https://www.countrysidehomes.com/developments/essex/base-newhall-harlow","images/ffa74596e82fb87b22289b6ee47cd622ce3163147858bdeebcea59ba10ed3714.jpg","https://cdn.mediavalet.com/eunl/vistry-dam/ZCCWrkYFLkqAo3XuFg4uEA/O9xz8h6cUkG351Tsh7_F9g/Custom/Templum%20Bedroom%201%20AI.jpg","Staged showhome bedroom."
"Base at Newhall","Base at Newhall development gallery","","https://www.countrysidehomes.com/developments/essex/base-newhall-harlow","images/4d6dd17a2024fe516917605f67b85e6ae27e782d366c96b2f45e2b255f39ae7b.jpg","https://cdn.mediavalet.com/eunl/vistry-dam/tK7KfkEd5EqeBQU4JYmIhw/vXBD2PSeKEywwSlRIoOP0Q/Custom/222794-23.jpg","Staged showhome interior space."
"Base at Newhall","Base at Newhall development gallery","","https://www.countrysidehomes.com/developments/essex/base-newhall-harlow","images/dfea3c986cea3b45c61126e08d13a6e9a8ec7c010a7380b68096901063423a58.jpg","https://cdn.mediavalet.com/eunl/vistry-dam/rGKARlGgcU-nSKH-fzo6FA/NfZsEwnzwEiO64vtkPFUFQ/Custom/Base%20Houses%20Living%20Dining%20Room.jpg","Staged showhome kitchen."
"Base at Newhall","Base at Newhall development gallery","","https://www.countrysidehomes.com/developments/essex/base-newhall-harlow","images/c07e1cda4c421d888e6be28628fe5d05b70fc25eb415c9dbdb98dbf4629b2c68.jpg","https://cdn.mediavalet.com/eunl/vistry-dam/dzsqwNO8vkqoxyBzhCskoA/jOdIyG8YL0WI-yhKS5LIrg/Custom/Byford%20Dining%20Room.jpg","Staged showhome kitchen."
"Amber Mews","The Holly · Plot 5","2","https://www.countrysidehomes.com/developments/essex/amber-mews-saffron-walden/home-0005","images/bec453c3325293449c10f3de1e97409a1b81cdb810fe30770095bb5caa4ccbfe.jpg","https://cdn.mediavalet.com/eunl/vistry-dam/lpB0Lqi5Z0us-4FW-yV7cQ/52Wsib82bki_QwmdFRgm2A/Custom/The%20Holly%20-%20front%20room%20with%20roundal.jpg","Staged showhome interior space."
"Amber Mews","The Holly · Plot 5","2","https://www.countrysidehomes.com/developments/essex/amber-mews-saffron-walden/home-0005","images/58d196b7cca30e59798ee948014a4297ad351b54134e6c2fd091ec2b351a19ce.jpg","https://cdn.mediavalet.com/eunl/vistry-dam/UlHgb-pQc0y-6jGQqNeLjQ/0fsd-GZYsEKWz4yv-homIA/Custom/1157%20-%20Saffron%20Walden%20CGIs_Plot_5-6_M241_CGI_HR.jpg","Staged showhome interior space."
"Amber Mews","The Holly · Plot 5","2","https://www.countrysidehomes.com/developments/essex/amber-mews-saffron-walden/home-0005","images/1d8b5f95ab0bc12a3470ee6ace05e40082d075880a9932e607530c92c80b596d.jpg","https://cdn.mediavalet.com/eunl/vistry-dam/69TJ6ah3bUKOqKtExoZRnw/O5YILlB44k2cRdwK7yfBPQ/Custom/MER_BOVIS_HOLLY_003_Housetype_Plot_-_Hero_860x573.jpg","Staged showhome interior space."
"Amber Mews","The Holly · Plot 5","2","https://www.countrysidehomes.com/developments/essex/amber-mews-saffron-walden/home-0005","images/7890da0a94f64f5a0570f950593e24e33431b456b24e1667b1e1864a9680dd07.jpg","https://cdn.mediavalet.com/eunl/vistry-dam/DXPP_1gO9UmoX_PsQWLdJQ/poc6IHqxakGvjM8abxliDA/Custom/MER_BOVIS_HOLLY_010.jpg","Staged showhome interior space."
"Amber Mews","The Holly · Plot 5","2","https://www.countrysidehomes.com/developments/essex/amber-mews-saffron-walden/home-0005","images/200c06520f3685e3be4ae2677ef977ad20d542d446394543f78a4c3bfd5893a5.jpg","https://cdn.mediavalet.com/eunl/vistry-dam/sIEOm4_WvUmYNPcmnjmeXg/osBQuhTtj0KpZC3498suZA/Custom/MER_BOVIS_HOLLY_007.jpg","Staged showhome interior space."
"Amber Mews","The Holly · Plot 5","2","https://www.countrysidehomes.com/developments/essex/amber-mews-saffron-walden/home-0005","images/cb43cba2c4822fc7267602ef8cbdc6a81c7484358813a24e0332dae47f7337fd.jpg","https://cdn.mediavalet.com/eunl/vistry-dam/dI19XYU37ECUD3qx4T2ztg/48f09NTbOk2iXu9W1sZBRw/Custom/holly_16_Housetype_Plot_-_Hero_860x573.jpg","Staged showhome interior space."
"Amber Mews","The Holly · Plot 5","2","https://www.countrysidehomes.com/developments/essex/amber-mews-saffron-walden/home-0005","images/9f538ee8459df1a9f0693e7712abc8a1e9ca3be6d14fade81d0e8c09a3defd8b.jpg","https://mvdataappstorageeunlprod.blob.core.windows.net/medialibrary-34218e3cae6c4041a23eb8b1cf91be27/5b72094cdd5146ada768eaa3dd44cb83/5b72094cdd5146ada768eaa3dd44cb83/Original/The%20Holly%20-%20plot%205%20GF.jpg?sv=2017-04-17&sr=b&si=202008111744&sig=fbfizGB%2Fq8dOHtCTKzpUmFSdjjqvXS%2Bj%2FkUHeRbJQG8%3D&st=0001-01-01T00%3A00%3A00Z&se=2036-02-19T02%3A10%3A32Z&rsct=application%2Foctet-stream&rscd=attachment%3B%20filename%2A%3DUTF-8%27%27The%2520Holly%2520-%2520plot%25205%2520GF.jpg","Staged showhome interior space."
"Amber Mews","The Holly · Plot 5","2","https://www.countrysidehomes.com/developments/essex/amber-mews-saffron-walden/home-0005","images/0cc7cd4f91da567fa0b399b6709e64579654eaf2147613999017a075f5ae69f2.jpg","https://mvdataappstorageeunlprod.blob.core.windows.net/medialibrary-34218e3cae6c4041a23eb8b1cf91be27/b9b8fa8179ae49eba38b0d02b463f77e/b9b8fa8179ae49eba38b0d02b463f77e/Original/The%20Holly%20-%20Plot%205%20FF.jpg?sv=2017-04-17&sr=b&si=202008111744&sig=bk%2F%2FpBPiIw%2B3KAPa%2BizGDoqDvmNSElTyNlqsAZblRDg%3D&st=0001-01-01T00%3A00%3A00Z&se=2036-02-19T02%3A11%3A22Z&rsct=application%2Foctet-stream&rscd=attachment%3B%20filename%2A%3DUTF-8%27%27The%2520Holly%2520-%2520Plot%25205%2520FF.jpg","Staged showhome interior space."
"Amber Mews","The Holly · Plot 6","2","https://www.countrysidehomes.com/developments/essex/amber-mews-saffron-walden/home-0006","images/48cdc17b6416086bb26f3d63a2e5d19d2916c92b073eb9cc678c21c46cc1b135.jpg","https://cdn.mediavalet.com/eunl/vistry-dam/6lXCb-fcnUiUfpBz6OISTg/KCIDpPt_oUWQNdmEeTlKEA/Custom/The%20Holly%20with%20Roundal.jpg","Staged showhome interior space."
"Amber Mews","The Holly · Plot 6","2","https://www.countrysidehomes.com/developments/essex/amber-mews-saffron-walden/home-0006","images/cb43cba2c4822fc7267602ef8cbdc6a81c7484358813a24e0332dae47f7337fd.jpg","https://cdn.mediavalet.com/eunl/vistry-dam/dI19XYU37ECUD3qx4T2ztg/48f09NTbOk2iXu9W1sZBRw/Custom/holly_16_Housetype_Plot_-_Hero_860x573.jpg","Staged showhome interior space."
"Amber Mews","The Holly · Plot 6","2","https://www.countrysidehomes.com/developments/essex/amber-mews-saffron-walden/home-0006","images/1d8b5f95ab0bc12a3470ee6ace05e40082d075880a9932e607530c92c80b596d.jpg","https://cdn.mediavalet.com/eunl/vistry-dam/69TJ6ah3bUKOqKtExoZRnw/O5YILlB44k2cRdwK7yfBPQ/Custom/MER_BOVIS_HOLLY_003_Housetype_Plot_-_Hero_860x573.jpg","Staged showhome interior space."
"Amber Mews","The Holly · Plot 6","2","https://www.countrysidehomes.com/developments/essex/amber-mews-saffron-walden/home-0006","images/7890da0a94f64f5a0570f950593e24e33431b456b24e1667b1e1864a9680dd07.jpg","https://cdn.mediavalet.com/eunl/vistry-dam/DXPP_1gO9UmoX_PsQWLdJQ/poc6IHqxakGvjM8abxliDA/Custom/MER_BOVIS_HOLLY_010.jpg","Staged showhome interior space."
"Amber Mews","The Holly · Plot 6","2","https://www.countrysidehomes.com/developments/essex/amber-mews-saffron-walden/home-0006","images/200c06520f3685e3be4ae2677ef977ad20d542d446394543f78a4c3bfd5893a5.jpg","https://cdn.mediavalet.com/eunl/vistry-dam/sIEOm4_WvUmYNPcmnjmeXg/osBQuhTtj0KpZC3498suZA/Custom/MER_BOVIS_HOLLY_007.jpg","Staged showhome interior space."
"Amber Mews","The Holly · Plot 6","2","https://www.countrysidehomes.com/developments/essex/amber-mews-saffron-walden/home-0006","images/58d196b7cca30e59798ee948014a4297ad351b54134e6c2fd091ec2b351a19ce.jpg","https://cdn.mediavalet.com/eunl/vistry-dam/UlHgb-pQc0y-6jGQqNeLjQ/0fsd-GZYsEKWz4yv-homIA/Custom/1157%20-%20Saffron%20Walden%20CGIs_Plot_5-6_M241_CGI_HR.jpg","Staged showhome interior space."
"Amber Mews","The Holly · Plot 6","2","https://www.countrysidehomes.com/developments/essex/amber-mews-saffron-walden/home-0006","images/9f538ee8459df1a9f0693e7712abc8a1e9ca3be6d14fade81d0e8c09a3defd8b.jpg","https://mvdataappstorageeunlprod.blob.core.windows.net/medialibrary-34218e3cae6c4041a23eb8b1cf91be27/5b72094cdd5146ada768eaa3dd44cb83/5b72094cdd5146ada768eaa3dd44cb83/Original/The%20Holly%20-%20plot%205%20GF.jpg?sv=2017-04-17&sr=b&si=202008111744&sig=fbfizGB%2Fq8dOHtCTKzpUmFSdjjqvXS%2Bj%2FkUHeRbJQG8%3D&st=0001-01-01T00%3A00%3A00Z&se=2036-02-19T02%3A10%3A32Z&rsct=application%2Foctet-stream&rscd=attachment%3B%20filename%2A%3DUTF-8%27%27The%2520Holly%2520-%2520plot%25205%2520GF.jpg","Staged showhome interior space."
"Amber Mews","The Holly · Plot 6","2","https://www.countrysidehomes.com/developments/essex/amber-mews-saffron-walden/home-0006","images/0cc7cd4f91da567fa0b399b6709e64579654eaf2147613999017a075f5ae69f2.jpg","https://mvdataappstorageeunlprod.blob.core.windows.net/medialibrary-34218e3cae6c4041a23eb8b1cf91be27/b9b8fa8179ae49eba38b0d02b463f77e/b9b8fa8179ae49eba38b0d02b463f77e/Original/The%20Holly%20-%20Plot%205%20FF.jpg?sv=2017-04-17&sr=b&si=202008111744&sig=bk%2F%2FpBPiIw%2B3KAPa%2BizGDoqDvmNSElTyNlqsAZblRDg%3D&st=0001-01-01T00%3A00%3A00Z&se=2036-02-19T02%3A11%3A22Z&rsct=application%2Foctet-stream&rscd=attachment%3B%20filename%2A%3DUTF-8%27%27The%2520Holly%2520-%2520Plot%25205%2520FF.jpg","Staged showhome interior space."
"Amber Mews","The Poppy · Plot 7","3","https://www.countrysidehomes.com/developments/essex/amber-mews-saffron-walden/home-0007","images/0e30b08d656e4be691bb48ec413f91e26c36bd37996acd7a04dcfe2a5787533d.jpg","https://cdn.mediavalet.com/eunl/vistry-dam/9pNklHDNME6Cf98vVTMSMw/xUCYlMcp4UulVhxgrc5v9A/Custom/The%20Poppy%20with%20Rundal.jpg","Staged showhome interior space."
"Amber Mews","The Poppy · Plot 7","3","https://www.countrysidehomes.com/developments/essex/amber-mews-saffron-walden/home-0007","images/938461065a80d430f01659ce7ff65fa968be791546ceab0129991326a269d572.jpg","https://cdn.mediavalet.com/eunl/vistry-dam/sh-NFlRis0qV93uVsg8-vw/q_wvyX3L_U-0-af9JSoRHw/Custom/014%20%20Vistry_Countryside_FoxrushWalk_Tulip_Internal_Web.jpg","Staged showhome interior space."
"Amber Mews","The Poppy · Plot 7","3","https://www.countrysidehomes.com/developments/essex/amber-mews-saffron-walden/home-0007","images/d81c71d18a891b0801ffd1e19cdd73171a9e9fada14debc86a3ec3f2d6487a89.jpg","https://cdn.mediavalet.com/eunl/vistry-dam/DrfErLWEX0O5Djx4tlLksA/3ExnFAxxu06kswTJ5ue7zw/Custom/118.jpg","Staged showhome interior space."
"Amber Mews","The Poppy · Plot 7","3","https://www.countrysidehomes.com/developments/essex/amber-mews-saffron-walden/home-0007","images/3050085859670cb84ff84545ebc028a84bb155323f96e9a8afb58efa1c32432a.jpg","https://cdn.mediavalet.com/eunl/vistry-dam/N7RLaauraUGVPqUG4bHHGg/T6AXqi267U2Bkb6A1k_7jg/Custom/2181249-090.jpg","Staged showhome interior space."
"Amber Mews","The Poppy · Plot 7","3","https://www.countrysidehomes.com/developments/essex/amber-mews-saffron-walden/home-0007","images/43691a5bc46af7309cb519149550d7cb396769f5b697b7a1989cd647c8a4fd41.jpg","https://cdn.mediavalet.com/eunl/vistry-dam/EkRhCxBsLEiAUlQOmNVzlg/fRo6CjwqLE6i8pOw3eV1Hw/Custom/222747-04.jpg","Staged showhome interior space."
"Amber Mews","The Poppy · Plot 7","3","https://www.countrysidehomes.com/developments/essex/amber-mews-saffron-walden/home-0007","images/da3cdb2d462381e3194cb2e12e649a2d9aa39d69a06cd1201b96fb76cab7771b.jpg","https://cdn.mediavalet.com/eunl/vistry-dam/jiIoUIO080S8GtGP_z4pIQ/5KWSaeoctUybMW65QA1Meg/Custom/223977-053.jpg","Staged showhome interior space."
"Amber Mews","The Poppy · Plot 7","3","https://www.countrysidehomes.com/developments/essex/amber-mews-saffron-walden/home-0007","images/4803ac63ce53b3c92c6f04742c7cd7ac2139bbc80193593b705b663e9f9a7d28.jpg","https://cdn.mediavalet.com/eunl/vistry-dam/pJJV_ofc9U28n5Ox_PBhLQ/J8dPx_J5q0yul1jN45Gzig/Custom/221704-033.jpg","Staged showhome interior space."
"Amber Mews","The Poppy · Plot 7","3","https://www.countrysidehomes.com/developments/essex/amber-mews-saffron-walden/home-0007","images/e5690769c23a83e64f013441a38c766acee26cbe1dd372c44b0ec8b81aaf6d11.jpg","https://cdn.mediavalet.com/eunl/vistry-dam/7Lkm_tfj5EGDb-rQ5iGTrA/he4cGI-mMEOah3iqxtyOgg/Custom/1157%20-%20Saffron%20Walden%20CGIs_Plot_7-8_M351_CGI_HR.jpg","Staged showhome interior space."
"Amber Mews","The Poppy · Plot 7","3","https://www.countrysidehomes.com/developments/essex/amber-mews-saffron-walden/home-0007","images/245cd0b74133f5531a0fe3018feb3455283e99a9f74e3ae484146a5fdebf08c1.png","https://mvdataappstorageeunlprod.blob.core.windows.net/medialibrary-34218e3cae6c4041a23eb8b1cf91be27/825030f6133a463f85c7ca9566ec8d57/825030f6133a463f85c7ca9566ec8d57/Original/Poppy%20GF.png?sv=2017-04-17&sr=b&si=202008111744&sig=1wUFNx409WsKEh46hoFxqMRUERBgtpvYCqxKmO3YOPg%3D&st=0001-01-01T00%3A00%3A00Z&se=2035-12-24T03%3A15%3A58Z&rsct=application%2Foctet-stream&rscd=attachment%3B%20filename%2A%3DUTF-8%27%27Poppy%2520GF.png","Staged showhome interior space."
"Amber Mews","The Poppy · Plot 7","3","https://www.countrysidehomes.com/developments/essex/amber-mews-saffron-walden/home-0007","images/582700e6e6dfc3efe1d2f96aa7075fea710fc8973643d18ced124191cc5e29cf.png","https://mvdataappstorageeunlprod.blob.core.windows.net/medialibrary-34218e3cae6c4041a23eb8b1cf91be27/78c4a8e94f214981a93c9fb9e8c99c3a/78c4a8e94f214981a93c9fb9e8c99c3a/Original/Poppy%20FF.png?sv=2017-04-17&sr=b&si=202008111744&sig=Z1g86zYzHyYlmzjup5nbljSWP0Z8kNdv9hjhQWChHCY%3D&st=0001-01-01T00%3A00%3A00Z&se=2035-12-24T03%3A15%3A48Z&rsct=application%2Foctet-stream&rscd=attachment%3B%20filename%2A%3DUTF-8%27%27Poppy%2520FF.png","Staged showhome interior space."
"Amber Mews","The Poppy · Plot 8","3","https://www.countrysidehomes.com/developments/essex/amber-mews-saffron-walden/home-0008","images/bb3df20567770da7d1bd9b22c0076702fe96cec1de0238f512b450d2a3971cc9.jpg","https://cdn.mediavalet.com/eunl/vistry-dam/Twk0edUv1E-1JyAunzRJ2g/5p_5nCB66EuPTrr7zD7Rhw/Custom/The%20Poppy%20-%20front%20room%20with%20roundal.jpg","Staged showhome interior space."
"Amber Mews","The Poppy · Plot 8","3","https://www.countrysidehomes.com/developments/essex/amber-mews-saffron-walden/home-0008","images/e5690769c23a83e64f013441a38c766acee26cbe1dd372c44b0ec8b81aaf6d11.jpg","https://cdn.mediavalet.com/eunl/vistry-dam/7Lkm_tfj5EGDb-rQ5iGTrA/he4cGI-mMEOah3iqxtyOgg/Custom/1157%20-%20Saffron%20Walden%20CGIs_Plot_7-8_M351_CGI_HR.jpg","Staged showhome interior space."
"Amber Mews","The Poppy · Plot 8","3","https://www.countrysidehomes.com/developments/essex/amber-mews-saffron-walden/home-0008","images/d81c71d18a891b0801ffd1e19cdd73171a9e9fada14debc86a3ec3f2d6487a89.jpg","https://cdn.mediavalet.com/eunl/vistry-dam/DrfErLWEX0O5Djx4tlLksA/3ExnFAxxu06kswTJ5ue7zw/Custom/118.jpg","Staged showhome interior space."
"Amber Mews","The Poppy · Plot 8","3","https://www.countrysidehomes.com/developments/essex/amber-mews-saffron-walden/home-0008","images/3050085859670cb84ff84545ebc028a84bb155323f96e9a8afb58efa1c32432a.jpg","https://cdn.mediavalet.com/eunl/vistry-dam/N7RLaauraUGVPqUG4bHHGg/T6AXqi267U2Bkb6A1k_7jg/Custom/2181249-090.jpg","Staged showhome interior space."
"Amber Mews","The Poppy · Plot 8","3","https://www.countrysidehomes.com/developments/essex/amber-mews-saffron-walden/home-0008","images/43691a5bc46af7309cb519149550d7cb396769f5b697b7a1989cd647c8a4fd41.jpg","https://cdn.mediavalet.com/eunl/vistry-dam/EkRhCxBsLEiAUlQOmNVzlg/fRo6CjwqLE6i8pOw3eV1Hw/Custom/222747-04.jpg","Staged showhome interior space."
"Amber Mews","The Poppy · Plot 8","3","https://www.countrysidehomes.com/developments/essex/amber-mews-saffron-walden/home-0008","images/da3cdb2d462381e3194cb2e12e649a2d9aa39d69a06cd1201b96fb76cab7771b.jpg","https://cdn.mediavalet.com/eunl/vistry-dam/jiIoUIO080S8GtGP_z4pIQ/5KWSaeoctUybMW65QA1Meg/Custom/223977-053.jpg","Staged showhome interior space."
"Amber Mews","The Poppy · Plot 8","3","https://www.countrysidehomes.com/developments/essex/amber-mews-saffron-walden/home-0008","images/4803ac63ce53b3c92c6f04742c7cd7ac2139bbc80193593b705b663e9f9a7d28.jpg","https://cdn.mediavalet.com/eunl/vistry-dam/pJJV_ofc9U28n5Ox_PBhLQ/J8dPx_J5q0yul1jN45Gzig/Custom/221704-033.jpg","Staged showhome interior space."
"Amber Mews","The Poppy · Plot 8","3","https://www.countrysidehomes.com/developments/essex/amber-mews-saffron-walden/home-0008","images/245cd0b74133f5531a0fe3018feb3455283e99a9f74e3ae484146a5fdebf08c1.png","https://mvdataappstorageeunlprod.blob.core.windows.net/medialibrary-34218e3cae6c4041a23eb8b1cf91be27/825030f6133a463f85c7ca9566ec8d57/825030f6133a463f85c7ca9566ec8d57/Original/Poppy%20GF.png?sv=2017-04-17&sr=b&si=202008111744&sig=1wUFNx409WsKEh46hoFxqMRUERBgtpvYCqxKmO3YOPg%3D&st=0001-01-01T00%3A00%3A00Z&se=2035-12-24T03%3A15%3A58Z&rsct=application%2Foctet-stream&rscd=attachment%3B%20filename%2A%3DUTF-8%27%27Poppy%2520GF.png","Staged showhome interior space."
"Amber Mews","The Poppy · Plot 8","3","https://www.countrysidehomes.com/developments/essex/amber-mews-saffron-walden/home-0008","images/582700e6e6dfc3efe1d2f96aa7075fea710fc8973643d18ced124191cc5e29cf.png","https://mvdataappstorageeunlprod.blob.core.windows.net/medialibrary-34218e3cae6c4041a23eb8b1cf91be27/78c4a8e94f214981a93c9fb9e8c99c3a/78c4a8e94f214981a93c9fb9e8c99c3a/Original/Poppy%20FF.png?sv=2017-04-17&sr=b&si=202008111744&sig=Z1g86zYzHyYlmzjup5nbljSWP0Z8kNdv9hjhQWChHCY%3D&st=0001-01-01T00%3A00%3A00Z&se=2035-12-24T03%3A15%3A48Z&rsct=application%2Foctet-stream&rscd=attachment%3B%20filename%2A%3DUTF-8%27%27Poppy%2520FF.png","Staged showhome interior space."
"Amber Mews","The Bramble · Plot 4","3","https://www.countrysidehomes.com/developments/essex/amber-mews-saffron-walden/home-0004","images/65dce938ebad23610268b58ba4bd91ae01b1837f6941e9a60e2c045de373247b.jpg","https://cdn.mediavalet.com/eunl/vistry-dam/RaAcZXQS0kW6Jb5tA1XZcg/eIaW7bq670muKF1ij-zfdA/Custom/262434-01.jpg","Staged showhome interior space."
"Amber Mews","The Bramble · Plot 4","3","https://www.countrysidehomes.com/developments/essex/amber-mews-saffron-walden/home-0004","images/04d7e0d0022f2e962cabd4b897907b49082cb28154e0af66171675a73c94a521.jpg","https://cdn.mediavalet.com/eunl/vistry-dam/t0exC5utjUaw7jqxa2axKA/vsyuxbW_aEytOqTsob3T2g/Custom/1157%20-%20Saffron%20Walden%20CGIs_Plot_1_M354_CGI_HR.jpg","Staged showhome interior space."
"Amber Mews","The Bramble · Plot 4","3","https://www.countrysidehomes.com/developments/essex/amber-mews-saffron-walden/home-0004","images/b74e3476353057b0e46a06a3e28a5a282575fedfa9d8aadb7769a59b100d37ef.jpg","https://cdn.mediavalet.com/eunl/vistry-dam/eC-EbDecRkm4dL4nm9OhOw/6tUr-rAiY0GzYUx7QFKxRA/Custom/262434-11.jpg","Staged showhome interior space."
"Amber Mews","The Bramble · Plot 4","3","https://www.countrysidehomes.com/developments/essex/amber-mews-saffron-walden/home-0004","images/e761b53a52aaa20dd2d7fc714c9866e7cacabde415f580e67ed16d1956c1e145.jpg","https://cdn.mediavalet.com/eunl/vistry-dam/o0CbwCiMwkOqrK7Pk6JWiA/meOHOzxY5kCjn_glKD9bbg/Custom/262434-06.jpg","Staged showhome interior space."
"Amber Mews","The Bramble · Plot 4","3","https://www.countrysidehomes.com/developments/essex/amber-mews-saffron-walden/home-0004","images/3208a67dd56e3c40b7715ca23ee0069a0ad6dd34a112ec11f55b3e901ca11744.jpg","https://cdn.mediavalet.com/eunl/vistry-dam/GAOhQ9bPIkuaw4FWpRZcRQ/3HD_AgKghUmE7zLYBkCN2g/Custom/262434-14.jpg","Staged showhome interior space."
"Amber Mews","The Bramble · Plot 4","3","https://www.countrysidehomes.com/developments/essex/amber-mews-saffron-walden/home-0004","images/d38a9f349b3003e2decd43d29433139d3093e5f3208861d1483582be133318f9.jpg","https://cdn.mediavalet.com/eunl/vistry-dam/p68hxM6H2ESWCFXdG8z4-Q/3nx8CDLehUit7zhnSTOq4A/Custom/262434-13.jpg","Staged showhome interior space."
"Amber Mews","The Bramble · Plot 4","3","https://www.countrysidehomes.com/developments/essex/amber-mews-saffron-walden/home-0004","images/e6f78db5c122ab3770117105959672424cb092559c58cd4f3993735228e9c350.jpg","https://cdn.mediavalet.com/eunl/vistry-dam/cYg5VTjadEmC1wYEzgrqug/h9d-AUhFF0SqcSTQ_Jmzdg/Custom/262434-23.jpg","Staged showhome interior space."
"Amber Mews","The Bramble · Plot 4","3","https://www.countrysidehomes.com/developments/essex/amber-mews-saffron-walden/home-0004","images/d90202219e15f7b230d326dad7b12e656b5e9e2de3874c82a0692db03ab19d63.jpg","https://cdn.mediavalet.com/eunl/vistry-dam/KJupxvI40ECug-ZBKLflrg/xdjILLAiB0a8dFxnB_NLgw/Custom/262434-25.jpg","Staged showhome interior space."
"Amber Mews","The Bramble · Plot 4","3","https://www.countrysidehomes.com/developments/essex/amber-mews-saffron-walden/home-0004","images/a964549ecc04e13c5998cc5f9e625be4da481aede66faf2b79cb7abf616c7439.jpg","https://cdn.mediavalet.com/eunl/vistry-dam/_ks9ekmIRUecb-mfD6GpSA/p8n688ymL0ee3dyXqrLXfQ/Custom/262434-22.jpg","Staged showhome interior space."
"Amber Mews","The Bramble · Plot 4","3","https://www.countrysidehomes.com/developments/essex/amber-mews-saffron-walden/home-0004","images/0b777f28b206abd1ad8b0be35b4ab3fddd50abe5fe174fe7a473aa277d9ca030.jpg","https://cdn.mediavalet.com/eunl/vistry-dam/46HHL_dpHEK53Oy_x2BgFA/SZAunfH3M0qVV4Ccv_GuIw/Custom/262434-18.jpg","Staged showhome interior space."
"Amber Mews","The Bramble · Plot 4","3","https://www.countrysidehomes.com/developments/essex/amber-mews-saffron-walden/home-0004","images/d06986144573a8f2d7bd3f5887fa1515f8a66ace77c14fc4e0c8bd1ea24ff978.jpg","https://cdn.mediavalet.com/eunl/vistry-dam/50NRzbKzT0a0P3pWFu5ezQ/eZDXj8fKyUOMCP1yiLA3oA/Custom/262434-26.jpg","Staged showhome interior space."
"Amber Mews","The Bramble · Plot 4","3","https://www.countrysidehomes.com/developments/essex/amber-mews-saffron-walden/home-0004","images/59986fbdf632fa4f5b5ae587f9ad598a0fbc8a28490aaf644d2dc50fcb0b28fe.jpg","https://cdn.mediavalet.com/eunl/vistry-dam/hYG7abgmAkKecqvxIg_2qQ/ZmqufT8Te0KANOpjuQKVAw/Custom/262434-28.jpg","Staged showhome interior space."
"Amber Mews","The Bramble · Plot 4","3","https://www.countrysidehomes.com/developments/essex/amber-mews-saffron-walden/home-0004","images/ab4f229703c528ac958b2505830015f67bb9229147ae0490a46940574dd2c1b9.jpg","https://mvdataappstorageeunlprod.blob.core.windows.net/medialibrary-34218e3cae6c4041a23eb8b1cf91be27/939a7b830e19471f8f9ef6c41afea30a/939a7b830e19471f8f9ef6c41afea30a/Original/The%20Bramble%20-%20Plot%2047%20GF.jpg?sv=2017-04-17&sr=b&si=202008111744&sig=jBRFMh6tbiC4T%2FNqxFQ1fk2zuDvAwU20Vfq9srzPf3A%3D&st=0298-11-09T15%3A57%3A09Z&se=2036-02-17T21%3A31%3A26Z&rsct=application%2Foctet-stream&rscd=attachment%3B%20filename%2A%3DUTF-8%27%27The%2520Bramble%2520-%2520Plot%252047%2520GF.jpg","Staged showhome interior space."
"Amber Mews","The Bramble · Plot 4","3","https://www.countrysidehomes.com/developments/essex/amber-mews-saffron-walden/home-0004","images/d0dc3ae9942623c2b28594ca52023eec52614caf77bdd9aaf4868cb5276f13de.jpg","https://mvdataappstorageeunlprod.blob.core.windows.net/medialibrary-34218e3cae6c4041a23eb8b1cf91be27/3992a88ed366468ab9a2689741c629b0/3992a88ed366468ab9a2689741c629b0/Original/The%20Bramble%20-%20Plot%2047%20FF.jpg?sv=2017-04-17&sr=b&si=202008111744&sig=sVIRdedv0RgCJXC78%2BwhUmEY1xB67yZLnVnblGbZPxc%3D&st=0001-01-01T00%3A00%3A00Z&se=2036-02-17T21%3A32%3A49Z&rsct=application%2Foctet-stream&rscd=attachment%3B%20filename%2A%3DUTF-8%27%27The%2520Bramble%2520-%2520Plot%252047%2520FF.jpg","Staged showhome interior space."
"Amber Mews","The Lavender · Plot 3","4","https://www.countrysidehomes.com/developments/essex/amber-mews-saffron-walden/home-0003","images/ade3d3104d6c3d9ab137749b27097a24c595ad290263e119d0a03b07ce6f79e7.jpg","https://cdn.mediavalet.com/eunl/vistry-dam/a7GH2sVFHkyXergxZRwBbw/J4POsgqNjkKx7DOPHotxQA/Custom/262407-41a.jpg","Staged showhome interior space."
"Amber Mews","The Lavender · Plot 3","4","https://www.countrysidehomes.com/developments/essex/amber-mews-saffron-walden/home-0003","images/4e47fc83dfee7df070db7596d617816a43c1454bb2bcb71432f7ad65923e28d4.jpg","https://cdn.mediavalet.com/eunl/vistry-dam/cZBXzNXOTkG-O4mgHQb5mA/IW9vgQyE3E2jKAGJnZU-9Q/Custom/262367-24.jpg","Staged showhome interior space."
"Amber Mews","The Lavender · Plot 3","4","https://www.countrysidehomes.com/developments/essex/amber-mews-saffron-walden/home-0003","images/f6ef61ee7ca4b15910b31b5c5d8ecdd9d576210b4e7fa3b8af497aa879cf37ef.jpg","https://cdn.mediavalet.com/eunl/vistry-dam/OowB4If5tUKsrDdafmBw-w/3VbUUwJolUW2lpGX5qR7fg/Custom/262367-03.jpg","Staged showhome interior space."
"Amber Mews","The Lavender · Plot 3","4","https://www.countrysidehomes.com/developments/essex/amber-mews-saffron-walden/home-0003","images/0ddb4bd4f6f50ac48373040b279a29df2e46598e7c9f59e574d2c364262209b3.jpg","https://cdn.mediavalet.com/eunl/vistry-dam/XOXlRoESMEe0t-_jYrKhUA/36ECiXwUDEymE-TI7qaTEQ/Custom/262367-07.jpg","Staged showhome interior space."
"Amber Mews","The Lavender · Plot 3","4","https://www.countrysidehomes.com/developments/essex/amber-mews-saffron-walden/home-0003","images/38f5bfb56e98e9185691e526d80bf3abbdf35aebc17cca0d05e4a2c7e5b8d736.jpg","https://cdn.mediavalet.com/eunl/vistry-dam/mgdu7lILGEOf1iVuIgZqUw/Zgoc95YbpkaTODYgHASuxg/Custom/262367-16.jpg","Staged showhome interior space."
"Amber Mews","The Lavender · Plot 3","4","https://www.countrysidehomes.com/developments/essex/amber-mews-saffron-walden/home-0003","images/105e82a7a300511dfa0f6ef40f7cb38bed035e003e46e42be5104b4c7db9b610.jpg","https://cdn.mediavalet.com/eunl/vistry-dam/mUQhSqKPME-_58d6tgvjew/mtEI6dlq0Eaf33rQpOGWnA/Custom/262367-14.jpg","Staged showhome interior space."
"Amber Mews","The Lavender · Plot 3","4","https://www.countrysidehomes.com/developments/essex/amber-mews-saffron-walden/home-0003","images/837af518f9043b5f94b46d6ec33938a01e2914eaa918a51f0c121e683a49df68.jpg","https://cdn.mediavalet.com/eunl/vistry-dam/-nBfe7BBu0eOjQmPhCrzdQ/Iq_eiXCmlkabK6RGYIgoEw/Custom/262367-12.jpg","Staged showhome interior space."
"Amber Mews","The Lavender · Plot 3","4","https://www.countrysidehomes.com/developments/essex/amber-mews-saffron-walden/home-0003","images/6210cf32df936c5336b9c9a556f0f64e6ba7d4d76ca32da7cc01eac6c9dcac71.jpg","https://cdn.mediavalet.com/eunl/vistry-dam/01GJphjEkEmpxvWjhqwcLg/YIp-kL-3tk2j2NhrE1srPg/Custom/262367-19.jpg","Staged showhome interior space."
"Amber Mews","The Lavender · Plot 3","4","https://www.countrysidehomes.com/developments/essex/amber-mews-saffron-walden/home-0003","images/3436aacc3a1bf1cf5c836acb8606884271ba7139654f923467b60a970c12c1ed.jpg","https://cdn.mediavalet.com/eunl/vistry-dam/pGp8FDS9MUaRAH4fR3shxA/UdYCOL2sukeC_wsx7rZg1Q/Custom/262367-22.jpg","Staged showhome interior space."
"Amber Mews","The Lavender · Plot 3","4","https://www.countrysidehomes.com/developments/essex/amber-mews-saffron-walden/home-0003","images/7f01a90e274e375ecfb7f661abc18ad4e1da5baf15c61ae8eac144bd8fa5b9e7.jpg","https://cdn.mediavalet.com/eunl/vistry-dam/gnMDZ3HVeE-tV2QlYmFJOA/r_9fE9UTqEmUEZ5gEMJWRQ/Custom/262367-26.jpg","Staged showhome interior space."
"Amber Mews","The Lavender · Plot 3","4","https://www.countrysidehomes.com/developments/essex/amber-mews-saffron-walden/home-0003","images/038067a035f35de735f936df5cade55ef5a46b488c4988e645aeb41f7789e362.jpg","https://cdn.mediavalet.com/eunl/vistry-dam/1LAJQs9ig0OfHi66er3_Gw/nkNd9DFLxk-Y_PlNZgZfug/Custom/262367-28.jpg","Staged showhome interior space."
"Amber Mews","The Lavender · Plot 3","4","https://www.countrysidehomes.com/developments/essex/amber-mews-saffron-walden/home-0003","images/0981d9f47b7eeafc4eb8981b591a855948a156ff9c923101a0a6a64b8cfb2bf4.jpg","https://mvdataappstorageeunlprod.blob.core.windows.net/medialibrary-34218e3cae6c4041a23eb8b1cf91be27/2a39edb166304719a1e1c4d2386b9de2/2a39edb166304719a1e1c4d2386b9de2/Original/The%20Lavender%20-%20Plot%2027%20GF.jpg?sv=2017-04-17&sr=b&si=202008111744&sig=WwAPgWcTnuyN8KxEzZx9%2F29Q4ECZUQ2L8BjhTogWgXc%3D&st=0176-07-13T22%3A57%3A04Z&se=2036-02-17T21%3A50%3A15Z&rsct=application%2Foctet-stream&rscd=attachment%3B%20filename%2A%3DUTF-8%27%27The%2520Lavender%2520-%2520Plot%252027%2520GF.jpg","Staged showhome interior space."
"Amber Mews","The Lavender · Plot 3","4","https://www.countrysidehomes.com/developments/essex/amber-mews-saffron-walden/home-0003","images/9a92e4185859bd05ec4923562e6c4c877be76f4f42bb1d12189665962e4c7039.jpg","https://mvdataappstorageeunlprod.blob.core.windows.net/medialibrary-34218e3cae6c4041a23eb8b1cf91be27/e98f6e762337433e96ec611ada19aeeb/e98f6e762337433e96ec611ada19aeeb/Original/The%20Lavender%20-%20Plot%2027%20FF.jpg?sv=2017-04-17&sr=b&si=202008111744&sig=%2BbIKJjxmOucyWLzORy%2B3bd8Ue7i4FSG9B12uYn54l%2BQ%3D&st=0654-01-26T15%3A11%3A24Z&se=2036-02-17T21%3A50%3A15Z&rsct=application%2Foctet-stream&rscd=attachment%3B%20filename%2A%3DUTF-8%27%27The%2520Lavender%2520-%2520Plot%252027%2520FF.jpg","Staged showhome interior space."
"Amber Mews","The Primrose · Plot 2","4","https://www.countrysidehomes.com/developments/essex/amber-mews-saffron-walden/home-0002","images/acd28b2a76914d48c85524652dd6e97ea173daf2d6d2c36881bb5ad7c3f8ad33.jpg","https://cdn.mediavalet.com/eunl/vistry-dam/_bCvCb7-Wk60ee2Cltz77Q/ljztxjjq70SX8rnEJ96GCw/Custom/262407-35a.jpg","Staged showhome interior space."
"Amber Mews","The Primrose · Plot 2","4","https://www.countrysidehomes.com/developments/essex/amber-mews-saffron-walden/home-0002","images/adcc1c8ecf44a2de134f82dceb5b0ab431fba46bdb597d96b9eebe15b266179d.jpg","https://cdn.mediavalet.com/eunl/vistry-dam/ET1FK9ExTU2olCmgQkzP7w/9wqABGalCkaeu59KHqzXnw/Custom/262407-22.jpg","Staged showhome interior space."
"Amber Mews","The Primrose · Plot 2","4","https://www.countrysidehomes.com/developments/essex/amber-mews-saffron-walden/home-0002","images/41e5aba257b67ba142b9226afd218dedab6d0be5e112f923b67f4a73b67d6510.jpg","https://cdn.mediavalet.com/eunl/vistry-dam/uQrYol5iRkeMISbkjkyqtw/OlYcaFhTSEC7znR1ftQ_kw/Custom/262407-20.jpg","Staged showhome interior space."
"Amber Mews","The Primrose · Plot 2","4","https://www.countrysidehomes.com/developments/essex/amber-mews-saffron-walden/home-0002","images/2d4380398f8b5fa0a71f8d378f88b22fd3b0b6724b1588bd6a4b0da74cc4466a.jpg","https://cdn.mediavalet.com/eunl/vistry-dam/Ule_kvNit0mWQjk76L6Ptg/gDNygV6aZ0yCAnaGItAw0Q/Custom/262407-32.jpg","Staged showhome interior space."
"Amber Mews","The Primrose · Plot 2","4","https://www.countrysidehomes.com/developments/essex/amber-mews-saffron-walden/home-0002","images/205fead57477d1c0faa2c463705b2d2f0219130c91336819fc7f027149667823.jpg","https://cdn.mediavalet.com/eunl/vistry-dam/cJCqRdsWV0WMEVklf44rDA/G0zq0SsPdUKfVoaD8ANniA/Custom/262407-31.jpg","Staged showhome interior space."
"Amber Mews","The Primrose · Plot 2","4","https://www.countrysidehomes.com/developments/essex/amber-mews-saffron-walden/home-0002","images/2b450370f63846751b498813466ba7e883e528b0d36b6da1bcdc9e023473e9ee.jpg","https://cdn.mediavalet.com/eunl/vistry-dam/hK2msx5kQEatAUBsIyGpFw/T7XeNn52eUigL-h9LQmwmw/Custom/262407-16.jpg","Staged showhome interior space."
"Amber Mews","The Primrose · Plot 2","4","https://www.countrysidehomes.com/developments/essex/amber-mews-saffron-walden/home-0002","images/d31631abe5f60567adb1bdc7a93148d26a1b54e866e444dcc96e5d45ae041bdf.jpg","https://cdn.mediavalet.com/eunl/vistry-dam/PcMVQwkRqU2p6SUvoQjsyA/l9tEasZEh0-lCeyQNz17Ig/Custom/262407-12.jpg","Staged showhome interior space."
"Amber Mews","The Primrose · Plot 2","4","https://www.countrysidehomes.com/developments/essex/amber-mews-saffron-walden/home-0002","images/2224a526b60c540fe60218ce38526e308fbf49009a9571dd46b0983d3e4b41f0.jpg","https://cdn.mediavalet.com/eunl/vistry-dam/coLL_-5LAEeofmtyqmvhrg/NsKSminN1EyDwiaHFX_UjA/Custom/262407-14.jpg","Staged showhome interior space."
"Amber Mews","The Primrose · Plot 2","4","https://www.countrysidehomes.com/developments/essex/amber-mews-saffron-walden/home-0002","images/827badfbf8c0f244f04c45be536f959d7fe6991a090c81c30dde3f9b2ea1efe2.jpg","https://cdn.mediavalet.com/eunl/vistry-dam/HSVMtYDuwkmNjKtWjq11kQ/VijBy26XD0G6JJEI6Yb0dg/Custom/262407-11.jpg","Staged showhome interior space."
"Amber Mews","The Primrose · Plot 2","4","https://www.countrysidehomes.com/developments/essex/amber-mews-saffron-walden/home-0002","images/f5ee6f686578cd72f9e7e9600b510dea37ca0f916485f3ea4166ccf63050fb66.jpg","https://cdn.mediavalet.com/eunl/vistry-dam/JPyITm1WFUyrLCwfE_ilYQ/KKNpa939YkikXG7JZA7ACA/Custom/262407-08.jpg","Staged showhome interior space."
"Amber Mews","The Primrose · Plot 2","4","https://www.countrysidehomes.com/developments/essex/amber-mews-saffron-walden/home-0002","images/2d355b1ab5b0623cd5901669c6a1a753b7770f027a5c09049d948e8d065ff7b2.jpg","https://cdn.mediavalet.com/eunl/vistry-dam/9Ic2oAaekUmgBUQ3bozUfA/RitP_4fOb0Sk-NZIDCo8BQ/Custom/262407-21.jpg","Staged showhome interior space."
"Amber Mews","The Primrose · Plot 2","4","https://www.countrysidehomes.com/developments/essex/amber-mews-saffron-walden/home-0002","images/acb60f0acca9709b379bf5d9a2d8e2a6f3e538cb497e526ddcbf751e6b7b775a.jpg","https://mvdataappstorageeunlprod.blob.core.windows.net/medialibrary-34218e3cae6c4041a23eb8b1cf91be27/7ed61a043eaf4c5d8bde604d3fe1fc73/7ed61a043eaf4c5d8bde604d3fe1fc73/Original/The%20Primrose%20-%20Plot%202%20GF.jpg?sv=2017-04-17&sr=b&si=202008111744&sig=s1ZspAyNgNRfkEgaoztkz6azgYzehGpPqxb3dDb4drM%3D&st=0803-02-17T10%3A24%3A02Z&se=2036-09-07T20%3A15%3A23Z&rsct=application%2Foctet-stream&rscd=attachment%3B%20filename%2A%3DUTF-8%27%27The%2520Primrose%2520-%2520Plot%25202%2520GF.jpg","Staged showhome interior space."
"Amber Mews","The Primrose · Plot 2","4","https://www.countrysidehomes.com/developments/essex/amber-mews-saffron-walden/home-0002","images/e97002b70983a9c4622232111db136ebddd57184e7e22e3b26ce94a35546444f.jpg","https://mvdataappstorageeunlprod.blob.core.windows.net/medialibrary-34218e3cae6c4041a23eb8b1cf91be27/26d2f012050044e9a732f2dbff11e098/26d2f012050044e9a732f2dbff11e098/Original/The%20Primrose%20-%20Plot%202%20FF.jpg?sv=2017-04-17&sr=b&si=202008111744&sig=IbOwHphoirJSw3GBy0HB7L9VF5QuN3RRFINyAMricgs%3D&st=1703-05-15T08%3A18%3A40Z&se=2036-09-07T20%3A17%3A37Z&rsct=application%2Foctet-stream&rscd=attachment%3B%20filename%2A%3DUTF-8%27%27The%2520Primrose%2520-%2520Plot%25202%2520FF.jpg","Staged showhome interior space."
"Amber Mews","The Bramble · Plot 1","3","https://www.countrysidehomes.com/developments/essex/amber-mews-saffron-walden/home-0001","images/6f8aecb6d2a79dc9ed0faa31920e52020154873a8948b60e46dc93f1e5619984.jpg","https://cdn.mediavalet.com/eunl/vistry-dam/ne2RVcnvvEe78joX5G5SBg/jLa8KPbNT0esl80Ww3tmDQ/Custom/262434-31a.jpg","Staged showhome interior space."
"Amber Mews","The Bramble · Plot 1","3","https://www.countrysidehomes.com/developments/essex/amber-mews-saffron-walden/home-0001","images/b74e3476353057b0e46a06a3e28a5a282575fedfa9d8aadb7769a59b100d37ef.jpg","https://cdn.mediavalet.com/eunl/vistry-dam/eC-EbDecRkm4dL4nm9OhOw/6tUr-rAiY0GzYUx7QFKxRA/Custom/262434-11.jpg","Staged showhome interior space."
"Amber Mews","The Bramble · Plot 1","3","https://www.countrysidehomes.com/developments/essex/amber-mews-saffron-walden/home-0001","images/e761b53a52aaa20dd2d7fc714c9866e7cacabde415f580e67ed16d1956c1e145.jpg","https://cdn.mediavalet.com/eunl/vistry-dam/o0CbwCiMwkOqrK7Pk6JWiA/meOHOzxY5kCjn_glKD9bbg/Custom/262434-06.jpg","Staged showhome interior space."
"Amber Mews","The Bramble · Plot 1","3","https://www.countrysidehomes.com/developments/essex/amber-mews-saffron-walden/home-0001","images/3208a67dd56e3c40b7715ca23ee0069a0ad6dd34a112ec11f55b3e901ca11744.jpg","https://cdn.mediavalet.com/eunl/vistry-dam/GAOhQ9bPIkuaw4FWpRZcRQ/3HD_AgKghUmE7zLYBkCN2g/Custom/262434-14.jpg","Staged showhome interior space."
"Amber Mews","The Bramble · Plot 1","3","https://www.countrysidehomes.com/developments/essex/amber-mews-saffron-walden/home-0001","images/d38a9f349b3003e2decd43d29433139d3093e5f3208861d1483582be133318f9.jpg","https://cdn.mediavalet.com/eunl/vistry-dam/p68hxM6H2ESWCFXdG8z4-Q/3nx8CDLehUit7zhnSTOq4A/Custom/262434-13.jpg","Staged showhome interior space."
"Amber Mews","The Bramble · Plot 1","3","https://www.countrysidehomes.com/developments/essex/amber-mews-saffron-walden/home-0001","images/e6f78db5c122ab3770117105959672424cb092559c58cd4f3993735228e9c350.jpg","https://cdn.mediavalet.com/eunl/vistry-dam/cYg5VTjadEmC1wYEzgrqug/h9d-AUhFF0SqcSTQ_Jmzdg/Custom/262434-23.jpg","Staged showhome interior space."
"Amber Mews","The Bramble · Plot 1","3","https://www.countrysidehomes.com/developments/essex/amber-mews-saffron-walden/home-0001","images/65dce938ebad23610268b58ba4bd91ae01b1837f6941e9a60e2c045de373247b.jpg","https://cdn.mediavalet.com/eunl/vistry-dam/RaAcZXQS0kW6Jb5tA1XZcg/eIaW7bq670muKF1ij-zfdA/Custom/262434-01.jpg","Staged showhome interior space."
"Amber Mews","The Bramble · Plot 1","3","https://www.countrysidehomes.com/developments/essex/amber-mews-saffron-walden/home-0001","images/d90202219e15f7b230d326dad7b12e656b5e9e2de3874c82a0692db03ab19d63.jpg","https://cdn.mediavalet.com/eunl/vistry-dam/KJupxvI40ECug-ZBKLflrg/xdjILLAiB0a8dFxnB_NLgw/Custom/262434-25.jpg","Staged showhome interior space."
"Amber Mews","The Bramble · Plot 1","3","https://www.countrysidehomes.com/developments/essex/amber-mews-saffron-walden/home-0001","images/a964549ecc04e13c5998cc5f9e625be4da481aede66faf2b79cb7abf616c7439.jpg","https://cdn.mediavalet.com/eunl/vistry-dam/_ks9ekmIRUecb-mfD6GpSA/p8n688ymL0ee3dyXqrLXfQ/Custom/262434-22.jpg","Staged showhome interior space."
"Amber Mews","The Bramble · Plot 1","3","https://www.countrysidehomes.com/developments/essex/amber-mews-saffron-walden/home-0001","images/0b777f28b206abd1ad8b0be35b4ab3fddd50abe5fe174fe7a473aa277d9ca030.jpg","https://cdn.mediavalet.com/eunl/vistry-dam/46HHL_dpHEK53Oy_x2BgFA/SZAunfH3M0qVV4Ccv_GuIw/Custom/262434-18.jpg","Staged showhome interior space."
"Amber Mews","The Bramble · Plot 1","3","https://www.countrysidehomes.com/developments/essex/amber-mews-saffron-walden/home-0001","images/d06986144573a8f2d7bd3f5887fa1515f8a66ace77c14fc4e0c8bd1ea24ff978.jpg","https://cdn.mediavalet.com/eunl/vistry-dam/50NRzbKzT0a0P3pWFu5ezQ/eZDXj8fKyUOMCP1yiLA3oA/Custom/262434-26.jpg","Staged showhome interior space."
"Amber Mews","The Bramble · Plot 1","3","https://www.countrysidehomes.com/developments/essex/amber-mews-saffron-walden/home-0001","images/59986fbdf632fa4f5b5ae587f9ad598a0fbc8a28490aaf644d2dc50fcb0b28fe.jpg","https://cdn.mediavalet.com/eunl/vistry-dam/hYG7abgmAkKecqvxIg_2qQ/ZmqufT8Te0KANOpjuQKVAw/Custom/262434-28.jpg","Staged showhome interior space."
"Amber Mews","The Bramble · Plot 1","3","https://www.countrysidehomes.com/developments/essex/amber-mews-saffron-walden/home-0001","images/04d7e0d0022f2e962cabd4b897907b49082cb28154e0af66171675a73c94a521.jpg","https://cdn.mediavalet.com/eunl/vistry-dam/t0exC5utjUaw7jqxa2axKA/vsyuxbW_aEytOqTsob3T2g/Custom/1157%20-%20Saffron%20Walden%20CGIs_Plot_1_M354_CGI_HR.jpg","Staged showhome interior space."
"Amber Mews","The Bramble · Plot 1","3","https://www.countrysidehomes.com/developments/essex/amber-mews-saffron-walden/home-0001","images/ab4f229703c528ac958b2505830015f67bb9229147ae0490a46940574dd2c1b9.jpg","https://mvdataappstorageeunlprod.blob.core.windows.net/medialibrary-34218e3cae6c4041a23eb8b1cf91be27/939a7b830e19471f8f9ef6c41afea30a/939a7b830e19471f8f9ef6c41afea30a/Original/The%20Bramble%20-%20Plot%2047%20GF.jpg?sv=2017-04-17&sr=b&si=202008111744&sig=jBRFMh6tbiC4T%2FNqxFQ1fk2zuDvAwU20Vfq9srzPf3A%3D&st=0298-11-09T15%3A57%3A09Z&se=2036-02-17T21%3A31%3A26Z&rsct=application%2Foctet-stream&rscd=attachment%3B%20filename%2A%3DUTF-8%27%27The%2520Bramble%2520-%2520Plot%252047%2520GF.jpg","Staged showhome interior space."
"Amber Mews","The Bramble · Plot 1","3","https://www.countrysidehomes.com/developments/essex/amber-mews-saffron-walden/home-0001","images/d0dc3ae9942623c2b28594ca52023eec52614caf77bdd9aaf4868cb5276f13de.jpg","https://mvdataappstorageeunlprod.blob.core.windows.net/medialibrary-34218e3cae6c4041a23eb8b1cf91be27/3992a88ed366468ab9a2689741c629b0/3992a88ed366468ab9a2689741c629b0/Original/The%20Bramble%20-%20Plot%2047%20FF.jpg?sv=2017-04-17&sr=b&si=202008111744&sig=sVIRdedv0RgCJXC78%2BwhUmEY1xB67yZLnVnblGbZPxc%3D&st=0001-01-01T00%3A00%3A00Z&se=2036-02-17T21%3A32%3A49Z&rsct=application%2Foctet-stream&rscd=attachment%3B%20filename%2A%3DUTF-8%27%27The%2520Bramble%2520-%2520Plot%252047%2520FF.jpg","Staged showhome interior space."
"Amber Mews","Amber Mews development gallery","","https://www.countrysidehomes.com/developments/essex/amber-mews-saffron-walden","images/99a76827e758fe6d3b7c67bb29b130e246c845ab297e51c383834beaac8d3ae9.jpg","https://cdn.mediavalet.com/eunl/vistry-dam/wzsb1TbapUukEgTTK0oczg/a4I1QAuMd0ypJsnN-pX9TA/Custom/262407-36a.jpg","Staged showhome interior space."
"Amber Mews","Amber Mews development gallery","","https://www.countrysidehomes.com/developments/essex/amber-mews-saffron-walden","images/81bc8fa3b80da61ef60cc4f3653cf58d9ea13ce9d2e7aaf0e007a5f1b4c8ca61.jpg","https://cdn.mediavalet.com/eunl/vistry-dam/PsbZLFPTREuIg4qFIU9gAw/gF9y56vDi0q5W5WbkpmUyw/Custom/262407-13.jpg","Staged showhome interior space."
"Amber Mews","Amber Mews development gallery","","https://www.countrysidehomes.com/developments/essex/amber-mews-saffron-walden","images/9f200ede4f6fb980753bf38673132a574094b89349a89de81aae7a3ca378df8f.jpg","https://cdn.mediavalet.com/eunl/vistry-dam/_MZwDyw-g0e7cH-DlF9U5w/__GCyoCAGkG_JEgG6dSgzg/Custom/262407-32.jpg","Staged showhome interior space."
"Amber Mews","Amber Mews development gallery","","https://www.countrysidehomes.com/developments/essex/amber-mews-saffron-walden","images/b90e1eccc69fcb583529d137b52bedd2c6e8bd53fdf6660d14e8781cfb5247af.jpg","https://cdn.mediavalet.com/eunl/vistry-dam/24cf5uD6i06b9LSBZtVfGQ/atjlg5jZWki2XcvnVNDxkA/Custom/262407-19.jpg","Staged showhome interior space."
"Amber Mews","Amber Mews development gallery","","https://www.countrysidehomes.com/developments/essex/amber-mews-saffron-walden","images/2eb2c3187473ff9e5d8d1ef773e0376fe71eb97bb615108edefcf8c234ff12b7.jpg","https://cdn.mediavalet.com/eunl/vistry-dam/TmFbXFGiUUC20ZN1-IuF1Q/HMzAh6e6nEyjCERr22Yu5A/Custom/262407-10.jpg","Staged showhome interior space."
"Amber Mews","Amber Mews development gallery","","https://www.countrysidehomes.com/developments/essex/amber-mews-saffron-walden","images/a18bf3df0892b03344db47f426572ae264456b5dc1e11b41fd34f8a28dc189a0.jpg","https://cdn.mediavalet.com/eunl/vistry-dam/J9mT8wOjTUilGB7-HYpQIg/JNWOyEetmU2a7qqi5KQQHQ/Custom/262407-30.jpg","Staged showhome interior space."
"Amber Mews","Amber Mews development gallery","","https://www.countrysidehomes.com/developments/essex/amber-mews-saffron-walden","images/cdfdfbc048f3ec53f7bf4a1cfba5192da92b8c724d91f3766dbacbadd80b698e.jpg","https://cdn.mediavalet.com/eunl/vistry-dam/fKXf-tjH2EWyiD9cdwq2XQ/Oq3mnqa5kkaVOnFF1QGz0w/Custom/262407-03.jpg","Staged showhome interior space."
"Amber Mews","Amber Mews development gallery","","https://www.countrysidehomes.com/developments/essex/amber-mews-saffron-walden","images/6dc0aaf6d14e86fad50e2a868f2dec9318b1ab42f33cd59d5f998fde8356e377.jpg","https://cdn.mediavalet.com/eunl/vistry-dam/fCd35XfgGUOY_1ccGnnnLg/baunuL04I0GsKiQUEiM3Bw/Custom/262407-22.jpg","Staged showhome interior space."
"Amber Mews","Amber Mews development gallery","","https://www.countrysidehomes.com/developments/essex/amber-mews-saffron-walden","images/3cb45547e712b54728a601c8b1778bd632bdbf9bc5499ddb0fa21f71f6276723.jpg","https://cdn.mediavalet.com/eunl/vistry-dam/4ClXpX9x1kG0MwN4U_mH4A/YDmoMuFq0UGub0Q6qBSq6A/Custom/262407-15.jpg","Staged showhome interior space."
"Amber Mews","Amber Mews development gallery","","https://www.countrysidehomes.com/developments/essex/amber-mews-saffron-walden","images/7810eb7d0cd0d1065b246bdd3d1fc72946c8f9d78862c2e99d197dbaea12ee10.jpg","https://cdn.mediavalet.com/eunl/vistry-dam/B4B-kPnhkkaYJE3xrMbZtA/88IGpPx0E0S8rpinNPiQvw/Custom/262407-41a.jpg","Staged showhome interior space."
"Amber Mews","Amber Mews development gallery","","https://www.countrysidehomes.com/developments/essex/amber-mews-saffron-walden","images/5075e61c209b2d60b908c3a7091fecd01fcdaed4ca422456d39b93169b7111f0.jpg","https://cdn.mediavalet.com/eunl/vistry-dam/UxuI95FfhEK1QwH6BGErJg/x1fWFlXUnEShHuZMmKHO2A/Custom/262407-09.jpg","Staged showhome interior space."
"Amber Mews","Amber Mews development gallery","","https://www.countrysidehomes.com/developments/essex/amber-mews-saffron-walden","images/16b52e6d724a56bf35c00b1d83d422b58535dbc4100f69d15152f0c24a1ee9cb.jpg","https://cdn.mediavalet.com/eunl/vistry-dam/KnbaUt6uaEimeAJslsh9CQ/u_tqGKdhFEGZFyk9Zn9hnA/Custom/262407-01.jpg","Staged showhome interior space."
"Hartshead View","Hartshead View development gallery","","https://www.countrysidehomes.com/developments/greater-manchester/hartshead-view-oldham","images/2c85e87a39cfdb68b82117c6f913f8cc55cd6548d1bdd5642f26f029e8a98220.png","https://cdn.mediavalet.com/eunl/vistry-dam/mON8y_RXlEa1wMPUGGsIcg/DCk93e8dIUq88MDHt6eF3Q/Custom/HartsheadView-Spring2026%201280%20x%20853.png","Staged showhome interior space."
"Hartshead View","Hartshead View development gallery","","https://www.countrysidehomes.com/developments/greater-manchester/hartshead-view-oldham","images/e620796b2a49bc522ba6b59065305f9a14e24aa66f6a176261c57de4dff43d58.jpg","https://cdn.mediavalet.com/eunl/vistry-dam/BMGEQr28hEqncQZgxUl_zw/16e8yUKox0y72cfsKoeUCA/Custom/Dearne%201280%20x%20853.jpg","Staged showhome interior space."
"Hartshead View","Hartshead View development gallery","","https://www.countrysidehomes.com/developments/greater-manchester/hartshead-view-oldham","images/5aa86c549b77d6e16f3e9da7466cd928027137a130f589e1988d2c2585533ff2.png","https://cdn.mediavalet.com/eunl/vistry-dam/_PBk31NJgEWFVZpwJtU5NA/t2x9qrj1x06f8Jl9EepTkw/Custom/0325%20Jaya%20Hartshead%20View%202.png","Staged showhome interior space."
"Hartshead View","Hartshead View development gallery","","https://www.countrysidehomes.com/developments/greater-manchester/hartshead-view-oldham","images/fe5f9bd4bfc36444fa92ad0688d5948aa89bd4ce5ff098f98d905c9bd6f86e4a.jpg","https://cdn.mediavalet.com/eunl/vistry-dam/64nSP8X7dUGiuov2G_ZltQ/w0eRdXXXhEiIkWqY2yvDEg/Custom/Brathay%201280%20x%20853.jpg","Staged showhome interior space."
"Hartshead View","Hartshead View development gallery","","https://www.countrysidehomes.com/developments/greater-manchester/hartshead-view-oldham","images/724ee16154d1cb17bfb3217d7f86b17d934ec4d6562fe97b433aed19658280be.jpg","https://cdn.mediavalet.com/eunl/vistry-dam/vigOHErLUkmsueZcpheAxw/dhg9ZQ2dtE6xCsSxMOen4A/Custom/Oldham%20-%20017.jpg","Staged showhome interior space."
"Hartshead View","Hartshead View development gallery","","https://www.countrysidehomes.com/developments/greater-manchester/hartshead-view-oldham","images/95a1e1b1c3bea1863ea15fc710b958d2cc456e9989f495a0499e8f0f7b01c96d.jpg","https://cdn.mediavalet.com/eunl/vistry-dam/aqW8VUmojEimCQS8nRjnjg/VHdZ-U64tUiAqYqNkK8FdQ/Custom/C-VDSW-WHYBUYNEW-CAROUSEL.jpg","Staged showhome interior space."
"The Fairways at Brackley Village","Dunham · Plot 93","4","https://www.countrysidehomes.com/developments/greater-manchester/the-fairways-at-brackley-village-little-hulton/home-0093","images/78998b165a25673be438b34aacf286de6416f7750d6620eb2bb328f8da8af74f.jpg","https://cdn.mediavalet.com/eunl/vistry-dam/9CVlHVWexUmjHIR01oa8xw/vuUiLvkGYkuoQFD9k-nktA/Custom/Dunham%20PV%2C%20Red%2C%20Red%2C%2018-04-23.jpg","Staged showhome interior space."
"The Fairways at Brackley Village","Dunham · Plot 93","4","https://www.countrysidehomes.com/developments/greater-manchester/the-fairways-at-brackley-village-little-hulton/home-0093","images/41d4ff706f28be8770b98dec7c9c8e3da4ec9546718b48f0ba0d509bccf1f58c.jpg","https://cdn.mediavalet.com/eunl/vistry-dam/jUkf7upHAEONovCJrBLKjg/htt8c93r50GlD1bG3aTg-w/Custom/Brookmill%20Meadow-073-RT.jpg","Staged showhome interior space."
"The Fairways at Brackley Village","Dunham · Plot 93","4","https://www.countrysidehomes.com/developments/greater-manchester/the-fairways-at-brackley-village-little-hulton/home-0093","images/cfe7de2fadfe11693633fd758441a1b1a2820e943418c964dc344eab02eba511.jpg","https://cdn.mediavalet.com/eunl/vistry-dam/OrKIgBLpu0-_QteUot6m5g/0AGn2v1rPEiARQQmK3qknQ/Custom/Dunham-003_Retouched.jpg","Staged showhome interior space."
"The Fairways at Brackley Village","Dunham · Plot 93","4","https://www.countrysidehomes.com/developments/greater-manchester/the-fairways-at-brackley-village-little-hulton/home-0093","images/921ac64bec55c788f72949dc3ab4400d78b371b6b01cb0005100d70211053c9a.jpg","https://cdn.mediavalet.com/eunl/vistry-dam/wlQLhyNslkaNP3vsxuZuew/-qsjv6yklEmQBLgtYFrtjQ/Custom/Kingmakers%20View%20-%20Dunham-011_retouched.jpg","Staged showhome interior space."
"The Fairways at Brackley Village","Dunham · Plot 93","4","https://www.countrysidehomes.com/developments/greater-manchester/the-fairways-at-brackley-village-little-hulton/home-0093","images/cf40c926748b6372ae377cabbc69792419a6d76f8a081cb4ab67fc3c18fd5c0c.jpg","https://cdn.mediavalet.com/eunl/vistry-dam/7J3vPi5HAUKiY9_wZGYhMw/bctVpTas2EOrp_y_CrB7sQ/Custom/Dunham-008_Retouched.jpg","Staged showhome interior space."
"The Fairways at Brackley Village","The New Weaver · Plot 131","3","https://www.countrysidehomes.com/developments/greater-manchester/the-fairways-at-brackley-village-little-hulton/home-0131","images/22136475a9f3525430abeb04cabc5c145e5d9258d2b9cd792b6ca9c5be1e2d56.jpg","https://cdn.mediavalet.com/eunl/vistry-dam/BU2D7cc260OkPN6o_HhDGg/PcoADWoF1EGpnU7lqlyhXg/Custom/New%20WeaverPV%2C%20Red%2C%20Grey%2C%2018-04-23.jpg","Staged showhome interior space."
"The Fairways at Brackley Village","The New Weaver · Plot 131","3","https://www.countrysidehomes.com/developments/greater-manchester/the-fairways-at-brackley-village-little-hulton/home-0131","images/484f72cc1027758589777eaa6e58a033ae611faa1d563e8ffb31fc0ca5f7d695.jpg","https://cdn.mediavalet.com/eunl/vistry-dam/lNZfqq8y4EGAzjFb9oKbHQ/KY8Dk_Ra80SGk32vV9u4NA/Custom/New%20Weaver%20001_Retouched.jpg","Staged showhome interior space."
"The Fairways at Brackley Village","The New Weaver · Plot 131","3","https://www.countrysidehomes.com/developments/greater-manchester/the-fairways-at-brackley-village-little-hulton/home-0131","images/b2b731a48ee6ae665dca964c9fa761fe1aeb2c00c6452d4497814274abad4580.jpg","https://cdn.mediavalet.com/eunl/vistry-dam/NQSR1C9Gs0u-2eqwQrOQMg/U_yaCrvAu06R3tTsS7P-sQ/Custom/New%20Weaver%20003_retouched.jpg","Staged showhome interior space."
"The Fairways at Brackley Village","The New Weaver · Plot 131","3","https://www.countrysidehomes.com/developments/greater-manchester/the-fairways-at-brackley-village-little-hulton/home-0131","images/74f7b776f4e6442fcf1a04a5cc48abd85bc111bd29d1e317a0cd9a4e969e44f9.jpg","https://cdn.mediavalet.com/eunl/vistry-dam/EJSd_YRskUiXojKjlD0JKQ/8H4Zj8jipUCN51EXuNq_wQ/Custom/CH-SADDLERS-BADMINTON-%28Harcourt%29-BATH.jpg","Staged showhome bathroom."
"The Fairways at Brackley Village","Ashop - Detached · Plot 129","3","https://www.countrysidehomes.com/developments/greater-manchester/the-fairways-at-brackley-village-little-hulton/home-0129","images/ab68f5f8621414d39a73a31d5dbe824e68ac1c3ab3f1371131ab3742bfa739e7.jpg","https://cdn.mediavalet.com/eunl/vistry-dam/l-qN9qJvLkOSOWOgYhTJ2Q/d-zunmkEpEydx1iT9GafbQ/Custom/Ashop%20PV%2C%20Red%2C%20Grey%2C%2017-04-23.jpg","Staged showhome interior space."
"The Fairways at Brackley Village","Ashop - Detached · Plot 129","3","https://www.countrysidehomes.com/developments/greater-manchester/the-fairways-at-brackley-village-little-hulton/home-0129","images/0b0409eed567dc3ae10edbb33b735f6da76410c8edeb5a483b97abbece33a464.jpg","https://cdn.mediavalet.com/eunl/vistry-dam/7svS4Aq0K0-j3cccZNuZow/05U04IruW0ubtcedzFQLyg/Custom/Ashop-005_Retouched.jpg","Staged showhome interior space."
"The Fairways at Brackley Village","Ashop - Detached · Plot 129","3","https://www.countrysidehomes.com/developments/greater-manchester/the-fairways-at-brackley-village-little-hulton/home-0129","images/b89c60e441a0d56896b7abdfd3872a25a7343115a13517916467e91b404ffcc6.jpg","https://cdn.mediavalet.com/eunl/vistry-dam/eolAgJV91kmW_QXpsVfHRw/8JeZyZFUJE2D71e3dNXf0g/Custom/Ashop-004_Retouched.jpg","Staged showhome interior space."
"The Fairways at Brackley Village","Ashop - Detached · Plot 129","3","https://www.countrysidehomes.com/developments/greater-manchester/the-fairways-at-brackley-village-little-hulton/home-0129","images/29078762441f2f7cc512d8aef6bd69b20054e94d8a66e10dd7521e89657ae4ca.jpg","https://cdn.mediavalet.com/eunl/vistry-dam/fLBb46W45EGmSaklX9Rnrw/qrnp0pRji0-t6QALh8ZE3g/Custom/Ashop-009_Retouched.jpg","Staged showhome interior space."
"The Fairways at Brackley Village","Ashop - Detached · Plot 129","3","https://www.countrysidehomes.com/developments/greater-manchester/the-fairways-at-brackley-village-little-hulton/home-0129","images/2afa33e8e13c86cef3ecdd8290a276f4b71315ff31ddfd701b14824906ca9305.jpg","https://cdn.mediavalet.com/eunl/vistry-dam/16PVLTKtTUybp5OlWp6BZg/Y3z6XKfonU22U1CV7LWCaw/Custom/Ashop-014.jpg","Staged showhome interior space."
"The Fairways at Brackley Village","Ashop - Detached · Plot 132","3","https://www.countrysidehomes.com/developments/greater-manchester/the-fairways-at-brackley-village-little-hulton/home-0132","images/0b0409eed567dc3ae10edbb33b735f6da76410c8edeb5a483b97abbece33a464.jpg","https://cdn.mediavalet.com/eunl/vistry-dam/7svS4Aq0K0-j3cccZNuZow/05U04IruW0ubtcedzFQLyg/Custom/Ashop-005_Retouched.jpg","Staged showhome interior space."
"The Fairways at Brackley Village","Ashop - Detached · Plot 132","3","https://www.countrysidehomes.com/developments/greater-manchester/the-fairways-at-brackley-village-little-hulton/home-0132","images/b89c60e441a0d56896b7abdfd3872a25a7343115a13517916467e91b404ffcc6.jpg","https://cdn.mediavalet.com/eunl/vistry-dam/eolAgJV91kmW_QXpsVfHRw/8JeZyZFUJE2D71e3dNXf0g/Custom/Ashop-004_Retouched.jpg","Staged showhome interior space."
"The Fairways at Brackley Village","Ashop - Detached · Plot 132","3","https://www.countrysidehomes.com/developments/greater-manchester/the-fairways-at-brackley-village-little-hulton/home-0132","images/29078762441f2f7cc512d8aef6bd69b20054e94d8a66e10dd7521e89657ae4ca.jpg","https://cdn.mediavalet.com/eunl/vistry-dam/fLBb46W45EGmSaklX9Rnrw/qrnp0pRji0-t6QALh8ZE3g/Custom/Ashop-009_Retouched.jpg","Staged showhome interior space."
"The Fairways at Brackley Village","Ashop - Detached · Plot 132","3","https://www.countrysidehomes.com/developments/greater-manchester/the-fairways-at-brackley-village-little-hulton/home-0132","images/2afa33e8e13c86cef3ecdd8290a276f4b71315ff31ddfd701b14824906ca9305.jpg","https://cdn.mediavalet.com/eunl/vistry-dam/16PVLTKtTUybp5OlWp6BZg/Y3z6XKfonU22U1CV7LWCaw/Custom/Ashop-014.jpg","Staged showhome interior space."
"The Fairways at Brackley Village","Ashop - Detached · Plot 132","3","https://www.countrysidehomes.com/developments/greater-manchester/the-fairways-at-brackley-village-little-hulton/home-0132","images/ab68f5f8621414d39a73a31d5dbe824e68ac1c3ab3f1371131ab3742bfa739e7.jpg","https://cdn.mediavalet.com/eunl/vistry-dam/l-qN9qJvLkOSOWOgYhTJ2Q/d-zunmkEpEydx1iT9GafbQ/Custom/Ashop%20PV%2C%20Red%2C%20Grey%2C%2017-04-23.jpg","Staged showhome interior space."
"The Fairways at Brackley Village","Ashley · Plot 92","4","https://www.countrysidehomes.com/developments/greater-manchester/the-fairways-at-brackley-village-little-hulton/home-0092","images/7b77ccf5c9a4f20660cd3aad608aeaee0d1aad0488c4e84e80248d690fcee705.jpg","https://cdn.mediavalet.com/eunl/vistry-dam/0Wxxl8AIoUyf3eadvnqyag/gqS4uS9gCEGCusoacFNiZw/Custom/Ashop-010_Retouched.jpg","Staged showhome interior space."
"The Fairways at Brackley Village","Ashley · Plot 92","4","https://www.countrysidehomes.com/developments/greater-manchester/the-fairways-at-brackley-village-little-hulton/home-0092","images/25154c283c61e1bb2b27f58c51be940e5791e7ba4847b486ad40e009a8ad9b32.jpg","https://cdn.mediavalet.com/eunl/vistry-dam/-NP8fCnEPESUpZpJSVhyJg/JbdyAJtcmkSkkMs85ehwqg/Custom/The%20Ashley-002.jpg","Staged showhome interior space."
"The Fairways at Brackley Village","Ashley · Plot 92","4","https://www.countrysidehomes.com/developments/greater-manchester/the-fairways-at-brackley-village-little-hulton/home-0092","images/ff532156bf1346201c9f9938d304117953c8f5467aa5c4382a24b4fc84e98a80.jpg","https://cdn.mediavalet.com/eunl/vistry-dam/HgF0tUQ7z0yA1UvKTyopHQ/hQl2f_LqIkyAde5hij99qA/Custom/The%20Ashley-013.jpg","Staged showhome interior space."
"The Fairways at Brackley Village","Ashley · Plot 92","4","https://www.countrysidehomes.com/developments/greater-manchester/the-fairways-at-brackley-village-little-hulton/home-0092","images/cf40c926748b6372ae377cabbc69792419a6d76f8a081cb4ab67fc3c18fd5c0c.jpg","https://cdn.mediavalet.com/eunl/vistry-dam/7J3vPi5HAUKiY9_wZGYhMw/bctVpTas2EOrp_y_CrB7sQ/Custom/Dunham-008_Retouched.jpg","Staged showhome interior space."
"The Fairways at Brackley Village","Ashley · Plot 92","4","https://www.countrysidehomes.com/developments/greater-manchester/the-fairways-at-brackley-village-little-hulton/home-0092","images/2317114ce7120bbc19bc25defd89a85802f7d62aea8b78e0c3c9bae2ce0ace51.jpg","https://cdn.mediavalet.com/eunl/vistry-dam/mIq8XtTofkWUHvGo7kMs0w/Zv6uXwiLF0G0DNS1B1k_5w/Custom/Ashley%20PV%2C%20Red%2C%20Grey%2C%2018-04-23.jpg","Staged showhome interior space."
"The Fairways at Brackley Village","Dunham · Plot 94","4","https://www.countrysidehomes.com/developments/greater-manchester/the-fairways-at-brackley-village-little-hulton/home-0094","images/921ac64bec55c788f72949dc3ab4400d78b371b6b01cb0005100d70211053c9a.jpg","https://cdn.mediavalet.com/eunl/vistry-dam/wlQLhyNslkaNP3vsxuZuew/-qsjv6yklEmQBLgtYFrtjQ/Custom/Kingmakers%20View%20-%20Dunham-011_retouched.jpg","Staged showhome interior space."
"The Fairways at Brackley Village","Dunham · Plot 94","4","https://www.countrysidehomes.com/developments/greater-manchester/the-fairways-at-brackley-village-little-hulton/home-0094","images/41d4ff706f28be8770b98dec7c9c8e3da4ec9546718b48f0ba0d509bccf1f58c.jpg","https://cdn.mediavalet.com/eunl/vistry-dam/jUkf7upHAEONovCJrBLKjg/htt8c93r50GlD1bG3aTg-w/Custom/Brookmill%20Meadow-073-RT.jpg","Staged showhome interior space."
"The Fairways at Brackley Village","Dunham · Plot 94","4","https://www.countrysidehomes.com/developments/greater-manchester/the-fairways-at-brackley-village-little-hulton/home-0094","images/cfe7de2fadfe11693633fd758441a1b1a2820e943418c964dc344eab02eba511.jpg","https://cdn.mediavalet.com/eunl/vistry-dam/OrKIgBLpu0-_QteUot6m5g/0AGn2v1rPEiARQQmK3qknQ/Custom/Dunham-003_Retouched.jpg","Staged showhome interior space."
"The Fairways at Brackley Village","Dunham · Plot 94","4","https://www.countrysidehomes.com/developments/greater-manchester/the-fairways-at-brackley-village-little-hulton/home-0094","images/cf40c926748b6372ae377cabbc69792419a6d76f8a081cb4ab67fc3c18fd5c0c.jpg","https://cdn.mediavalet.com/eunl/vistry-dam/7J3vPi5HAUKiY9_wZGYhMw/bctVpTas2EOrp_y_CrB7sQ/Custom/Dunham-008_Retouched.jpg","Staged showhome interior space."
"The Fairways at Brackley Village","Dunham · Plot 94","4","https://www.countrysidehomes.com/developments/greater-manchester/the-fairways-at-brackley-village-little-hulton/home-0094","images/78998b165a25673be438b34aacf286de6416f7750d6620eb2bb328f8da8af74f.jpg","https://cdn.mediavalet.com/eunl/vistry-dam/9CVlHVWexUmjHIR01oa8xw/vuUiLvkGYkuoQFD9k-nktA/Custom/Dunham%20PV%2C%20Red%2C%20Red%2C%2018-04-23.jpg","Staged showhome interior space."
"The Fairways at Brackley Village","Ashley · Plot 106","4","https://www.countrysidehomes.com/developments/greater-manchester/the-fairways-at-brackley-village-little-hulton/home-0106","images/2317114ce7120bbc19bc25defd89a85802f7d62aea8b78e0c3c9bae2ce0ace51.jpg","https://cdn.mediavalet.com/eunl/vistry-dam/mIq8XtTofkWUHvGo7kMs0w/Zv6uXwiLF0G0DNS1B1k_5w/Custom/Ashley%20PV%2C%20Red%2C%20Grey%2C%2018-04-23.jpg","Staged showhome interior space."
"The Fairways at Brackley Village","Ashley · Plot 106","4","https://www.countrysidehomes.com/developments/greater-manchester/the-fairways-at-brackley-village-little-hulton/home-0106","images/25154c283c61e1bb2b27f58c51be940e5791e7ba4847b486ad40e009a8ad9b32.jpg","https://cdn.mediavalet.com/eunl/vistry-dam/-NP8fCnEPESUpZpJSVhyJg/JbdyAJtcmkSkkMs85ehwqg/Custom/The%20Ashley-002.jpg","Staged showhome interior space."
"The Fairways at Brackley Village","Ashley · Plot 106","4","https://www.countrysidehomes.com/developments/greater-manchester/the-fairways-at-brackley-village-little-hulton/home-0106","images/7b77ccf5c9a4f20660cd3aad608aeaee0d1aad0488c4e84e80248d690fcee705.jpg","https://cdn.mediavalet.com/eunl/vistry-dam/0Wxxl8AIoUyf3eadvnqyag/gqS4uS9gCEGCusoacFNiZw/Custom/Ashop-010_Retouched.jpg","Staged showhome interior space."
"The Fairways at Brackley Village","Ashley · Plot 106","4","https://www.countrysidehomes.com/developments/greater-manchester/the-fairways-at-brackley-village-little-hulton/home-0106","images/ff532156bf1346201c9f9938d304117953c8f5467aa5c4382a24b4fc84e98a80.jpg","https://cdn.mediavalet.com/eunl/vistry-dam/HgF0tUQ7z0yA1UvKTyopHQ/hQl2f_LqIkyAde5hij99qA/Custom/The%20Ashley-013.jpg","Staged showhome interior space."
"The Fairways at Brackley Village","Ashley · Plot 106","4","https://www.countrysidehomes.com/developments/greater-manchester/the-fairways-at-brackley-village-little-hulton/home-0106","images/cf40c926748b6372ae377cabbc69792419a6d76f8a081cb4ab67fc3c18fd5c0c.jpg","https://cdn.mediavalet.com/eunl/vistry-dam/7J3vPi5HAUKiY9_wZGYhMw/bctVpTas2EOrp_y_CrB7sQ/Custom/Dunham-008_Retouched.jpg","Staged showhome interior space."
"The Fairways at Brackley Village","Ashley · Plot 107","4","https://www.countrysidehomes.com/developments/greater-manchester/the-fairways-at-brackley-village-little-hulton/home-0107","images/2317114ce7120bbc19bc25defd89a85802f7d62aea8b78e0c3c9bae2ce0ace51.jpg","https://cdn.mediavalet.com/eunl/vistry-dam/mIq8XtTofkWUHvGo7kMs0w/Zv6uXwiLF0G0DNS1B1k_5w/Custom/Ashley%20PV%2C%20Red%2C%20Grey%2C%2018-04-23.jpg","Staged showhome interior space."
"The Fairways at Brackley Village","Ashley · Plot 107","4","https://www.countrysidehomes.com/developments/greater-manchester/the-fairways-at-brackley-village-little-hulton/home-0107","images/25154c283c61e1bb2b27f58c51be940e5791e7ba4847b486ad40e009a8ad9b32.jpg","https://cdn.mediavalet.com/eunl/vistry-dam/-NP8fCnEPESUpZpJSVhyJg/JbdyAJtcmkSkkMs85ehwqg/Custom/The%20Ashley-002.jpg","Staged showhome interior space."
"The Fairways at Brackley Village","Ashley · Plot 107","4","https://www.countrysidehomes.com/developments/greater-manchester/the-fairways-at-brackley-village-little-hulton/home-0107","images/7b77ccf5c9a4f20660cd3aad608aeaee0d1aad0488c4e84e80248d690fcee705.jpg","https://cdn.mediavalet.com/eunl/vistry-dam/0Wxxl8AIoUyf3eadvnqyag/gqS4uS9gCEGCusoacFNiZw/Custom/Ashop-010_Retouched.jpg","Staged showhome interior space."
"The Fairways at Brackley Village","Ashley · Plot 107","4","https://www.countrysidehomes.com/developments/greater-manchester/the-fairways-at-brackley-village-little-hulton/home-0107","images/ff532156bf1346201c9f9938d304117953c8f5467aa5c4382a24b4fc84e98a80.jpg","https://cdn.mediavalet.com/eunl/vistry-dam/HgF0tUQ7z0yA1UvKTyopHQ/hQl2f_LqIkyAde5hij99qA/Custom/The%20Ashley-013.jpg","Staged showhome interior space."
"The Fairways at Brackley Village","Ashley · Plot 107","4","https://www.countrysidehomes.com/developments/greater-manchester/the-fairways-at-brackley-village-little-hulton/home-0107","images/cf40c926748b6372ae377cabbc69792419a6d76f8a081cb4ab67fc3c18fd5c0c.jpg","https://cdn.mediavalet.com/eunl/vistry-dam/7J3vPi5HAUKiY9_wZGYhMw/bctVpTas2EOrp_y_CrB7sQ/Custom/Dunham-008_Retouched.jpg","Staged showhome interior space."
"The Fairways at Brackley Village","Dunham · Plot 109","4","https://www.countrysidehomes.com/developments/greater-manchester/the-fairways-at-brackley-village-little-hulton/home-0109","images/cfe7de2fadfe11693633fd758441a1b1a2820e943418c964dc344eab02eba511.jpg","https://cdn.mediavalet.com/eunl/vistry-dam/OrKIgBLpu0-_QteUot6m5g/0AGn2v1rPEiARQQmK3qknQ/Custom/Dunham-003_Retouched.jpg","Staged showhome interior space."
"The Fairways at Brackley Village","Dunham · Plot 109","4","https://www.countrysidehomes.com/developments/greater-manchester/the-fairways-at-brackley-village-little-hulton/home-0109","images/41d4ff706f28be8770b98dec7c9c8e3da4ec9546718b48f0ba0d509bccf1f58c.jpg","https://cdn.mediavalet.com/eunl/vistry-dam/jUkf7upHAEONovCJrBLKjg/htt8c93r50GlD1bG3aTg-w/Custom/Brookmill%20Meadow-073-RT.jpg","Staged showhome interior space."
"The Fairways at Brackley Village","Dunham · Plot 109","4","https://www.countrysidehomes.com/developments/greater-manchester/the-fairways-at-brackley-village-little-hulton/home-0109","images/921ac64bec55c788f72949dc3ab4400d78b371b6b01cb0005100d70211053c9a.jpg","https://cdn.mediavalet.com/eunl/vistry-dam/wlQLhyNslkaNP3vsxuZuew/-qsjv6yklEmQBLgtYFrtjQ/Custom/Kingmakers%20View%20-%20Dunham-011_retouched.jpg","Staged showhome interior space."
"The Fairways at Brackley Village","Dunham · Plot 109","4","https://www.countrysidehomes.com/developments/greater-manchester/the-fairways-at-brackley-village-little-hulton/home-0109","images/cf40c926748b6372ae377cabbc69792419a6d76f8a081cb4ab67fc3c18fd5c0c.jpg","https://cdn.mediavalet.com/eunl/vistry-dam/7J3vPi5HAUKiY9_wZGYhMw/bctVpTas2EOrp_y_CrB7sQ/Custom/Dunham-008_Retouched.jpg","Staged showhome interior space."
"The Fairways at Brackley Village","Dunham · Plot 109","4","https://www.countrysidehomes.com/developments/greater-manchester/the-fairways-at-brackley-village-little-hulton/home-0109","images/78998b165a25673be438b34aacf286de6416f7750d6620eb2bb328f8da8af74f.jpg","https://cdn.mediavalet.com/eunl/vistry-dam/9CVlHVWexUmjHIR01oa8xw/vuUiLvkGYkuoQFD9k-nktA/Custom/Dunham%20PV%2C%20Red%2C%20Red%2C%2018-04-23.jpg","Staged showhome interior space."
"The Fairways at Brackley Village","Ashop - Detached · Plot 105","3","https://www.countrysidehomes.com/developments/greater-manchester/the-fairways-at-brackley-village-little-hulton/home-0105","images/0b0409eed567dc3ae10edbb33b735f6da76410c8edeb5a483b97abbece33a464.jpg","https://cdn.mediavalet.com/eunl/vistry-dam/7svS4Aq0K0-j3cccZNuZow/05U04IruW0ubtcedzFQLyg/Custom/Ashop-005_Retouched.jpg","Staged showhome interior space."
"The Fairways at Brackley Village","Ashop - Detached · Plot 105","3","https://www.countrysidehomes.com/developments/greater-manchester/the-fairways-at-brackley-village-little-hulton/home-0105","images/b89c60e441a0d56896b7abdfd3872a25a7343115a13517916467e91b404ffcc6.jpg","https://cdn.mediavalet.com/eunl/vistry-dam/eolAgJV91kmW_QXpsVfHRw/8JeZyZFUJE2D71e3dNXf0g/Custom/Ashop-004_Retouched.jpg","Staged showhome interior space."
"The Fairways at Brackley Village","Ashop - Detached · Plot 105","3","https://www.countrysidehomes.com/developments/greater-manchester/the-fairways-at-brackley-village-little-hulton/home-0105","images/29078762441f2f7cc512d8aef6bd69b20054e94d8a66e10dd7521e89657ae4ca.jpg","https://cdn.mediavalet.com/eunl/vistry-dam/fLBb46W45EGmSaklX9Rnrw/qrnp0pRji0-t6QALh8ZE3g/Custom/Ashop-009_Retouched.jpg","Staged showhome interior space."
"The Fairways at Brackley Village","Ashop - Detached · Plot 105","3","https://www.countrysidehomes.com/developments/greater-manchester/the-fairways-at-brackley-village-little-hulton/home-0105","images/2afa33e8e13c86cef3ecdd8290a276f4b71315ff31ddfd701b14824906ca9305.jpg","https://cdn.mediavalet.com/eunl/vistry-dam/16PVLTKtTUybp5OlWp6BZg/Y3z6XKfonU22U1CV7LWCaw/Custom/Ashop-014.jpg","Staged showhome interior space."
"The Fairways at Brackley Village","Ashop - Detached · Plot 105","3","https://www.countrysidehomes.com/developments/greater-manchester/the-fairways-at-brackley-village-little-hulton/home-0105","images/ab68f5f8621414d39a73a31d5dbe824e68ac1c3ab3f1371131ab3742bfa739e7.jpg","https://cdn.mediavalet.com/eunl/vistry-dam/l-qN9qJvLkOSOWOgYhTJ2Q/d-zunmkEpEydx1iT9GafbQ/Custom/Ashop%20PV%2C%20Red%2C%20Grey%2C%2017-04-23.jpg","Staged showhome interior space."
"The Fairways at Brackley Village","The Ashley · Plot 89","4","https://www.countrysidehomes.com/developments/greater-manchester/the-fairways-at-brackley-village-little-hulton/home-0089","images/25154c283c61e1bb2b27f58c51be940e5791e7ba4847b486ad40e009a8ad9b32.jpg","https://cdn.mediavalet.com/eunl/vistry-dam/-NP8fCnEPESUpZpJSVhyJg/JbdyAJtcmkSkkMs85ehwqg/Custom/The%20Ashley-002.jpg","Staged showhome interior space."
"The Fairways at Brackley Village","The Ashley · Plot 89","4","https://www.countrysidehomes.com/developments/greater-manchester/the-fairways-at-brackley-village-little-hulton/home-0089","images/7b77ccf5c9a4f20660cd3aad608aeaee0d1aad0488c4e84e80248d690fcee705.jpg","https://cdn.mediavalet.com/eunl/vistry-dam/0Wxxl8AIoUyf3eadvnqyag/gqS4uS9gCEGCusoacFNiZw/Custom/Ashop-010_Retouched.jpg","Staged showhome interior space."
"The Fairways at Brackley Village","The Ashley · Plot 89","4","https://www.countrysidehomes.com/developments/greater-manchester/the-fairways-at-brackley-village-little-hulton/home-0089","images/ff532156bf1346201c9f9938d304117953c8f5467aa5c4382a24b4fc84e98a80.jpg","https://cdn.mediavalet.com/eunl/vistry-dam/HgF0tUQ7z0yA1UvKTyopHQ/hQl2f_LqIkyAde5hij99qA/Custom/The%20Ashley-013.jpg","Staged showhome interior space."
"The Fairways at Brackley Village","The Ashley · Plot 89","4","https://www.countrysidehomes.com/developments/greater-manchester/the-fairways-at-brackley-village-little-hulton/home-0089","images/2317114ce7120bbc19bc25defd89a85802f7d62aea8b78e0c3c9bae2ce0ace51.jpg","https://cdn.mediavalet.com/eunl/vistry-dam/mIq8XtTofkWUHvGo7kMs0w/Zv6uXwiLF0G0DNS1B1k_5w/Custom/Ashley%20PV%2C%20Red%2C%20Grey%2C%2018-04-23.jpg","Staged showhome interior space."
"The Fairways at Brackley Village","The Ashley · Plot 89","4","https://www.countrysidehomes.com/developments/greater-manchester/the-fairways-at-brackley-village-little-hulton/home-0089","images/cf40c926748b6372ae377cabbc69792419a6d76f8a081cb4ab67fc3c18fd5c0c.jpg","https://cdn.mediavalet.com/eunl/vistry-dam/7J3vPi5HAUKiY9_wZGYhMw/bctVpTas2EOrp_y_CrB7sQ/Custom/Dunham-008_Retouched.jpg","Staged showhome interior space."
"The Fairways at Brackley Village","The Ashley · Plot 90","4","https://www.countrysidehomes.com/developments/greater-manchester/the-fairways-at-brackley-village-little-hulton/home-0090","images/25154c283c61e1bb2b27f58c51be940e5791e7ba4847b486ad40e009a8ad9b32.jpg","https://cdn.mediavalet.com/eunl/vistry-dam/-NP8fCnEPESUpZpJSVhyJg/JbdyAJtcmkSkkMs85ehwqg/Custom/The%20Ashley-002.jpg","Staged showhome interior space."
"The Fairways at Brackley Village","The Ashley · Plot 90","4","https://www.countrysidehomes.com/developments/greater-manchester/the-fairways-at-brackley-village-little-hulton/home-0090","images/7b77ccf5c9a4f20660cd3aad608aeaee0d1aad0488c4e84e80248d690fcee705.jpg","https://cdn.mediavalet.com/eunl/vistry-dam/0Wxxl8AIoUyf3eadvnqyag/gqS4uS9gCEGCusoacFNiZw/Custom/Ashop-010_Retouched.jpg","Staged showhome interior space."
"The Fairways at Brackley Village","The Ashley · Plot 90","4","https://www.countrysidehomes.com/developments/greater-manchester/the-fairways-at-brackley-village-little-hulton/home-0090","images/ff532156bf1346201c9f9938d304117953c8f5467aa5c4382a24b4fc84e98a80.jpg","https://cdn.mediavalet.com/eunl/vistry-dam/HgF0tUQ7z0yA1UvKTyopHQ/hQl2f_LqIkyAde5hij99qA/Custom/The%20Ashley-013.jpg","Staged showhome interior space."
"The Fairways at Brackley Village","The Ashley · Plot 90","4","https://www.countrysidehomes.com/developments/greater-manchester/the-fairways-at-brackley-village-little-hulton/home-0090","images/cf40c926748b6372ae377cabbc69792419a6d76f8a081cb4ab67fc3c18fd5c0c.jpg","https://cdn.mediavalet.com/eunl/vistry-dam/7J3vPi5HAUKiY9_wZGYhMw/bctVpTas2EOrp_y_CrB7sQ/Custom/Dunham-008_Retouched.jpg","Staged showhome interior space."
"The Fairways at Brackley Village","The Ashley · Plot 90","4","https://www.countrysidehomes.com/developments/greater-manchester/the-fairways-at-brackley-village-little-hulton/home-0090","images/2317114ce7120bbc19bc25defd89a85802f7d62aea8b78e0c3c9bae2ce0ace51.jpg","https://cdn.mediavalet.com/eunl/vistry-dam/mIq8XtTofkWUHvGo7kMs0w/Zv6uXwiLF0G0DNS1B1k_5w/Custom/Ashley%20PV%2C%20Red%2C%20Grey%2C%2018-04-23.jpg","Staged showhome interior space."
"The Fairways at Brackley Village","The Fairways at Brackley Village development gallery","","https://www.countrysidehomes.com/developments/greater-manchester/the-fairways-at-brackley-village-little-hulton","images/b466d9def01fbb7c7aca604c434199d16e0d6ef8f0c8a6608b910a2fe6fee190.jpg","https://cdn.mediavalet.com/eunl/vistry-dam/NHAq4auchE6g0VOAOMQj8g/Mv0-ZIHzWUqR3H8QpGo4Ww/Custom/The-Fairways-Autumn-1280x853.jpg","Staged showhome interior space."
"The Fairways at Brackley Village","The Fairways at Brackley Village development gallery","","https://www.countrysidehomes.com/developments/greater-manchester/the-fairways-at-brackley-village-little-hulton","images/94bcdf2d35a9e3b00a5ca8e467e106488b97a11109ba022b9f44e93f5e7895ae.jpg","https://cdn.mediavalet.com/eunl/vistry-dam/LWI6n9bFGEuvZDSwPVGwpA/nD119a4OdkmsL8rn_VInzA/Custom/189A9117-RT.jpg","Staged showhome interior space."
"The Fairways at Brackley Village","The Fairways at Brackley Village development gallery","","https://www.countrysidehomes.com/developments/greater-manchester/the-fairways-at-brackley-village-little-hulton","images/d6044fc34328b4d52281acc91d7a7b514ae734b2670005f090fc8ddf83ac0b60.png","https://cdn.mediavalet.com/eunl/vistry-dam/0Q7frA0IR0O1GuOJQwMqRQ/fbme9h5JA0-fIqBCkXqXNg/Custom/0725%20Kaosara%20%26%20Sam%20The%20Fairways%201.png","Staged showhome interior space."
"The Fairways at Brackley Village","The Fairways at Brackley Village development gallery","","https://www.countrysidehomes.com/developments/greater-manchester/the-fairways-at-brackley-village-little-hulton","images/ecdf52d6d5948802703facde044fc359732f0f153c397019340da3422aed1756.jpg","https://cdn.mediavalet.com/eunl/vistry-dam/-OZZC9H4AEe_A6ECw2t9Sg/wPwbFy7BS0KlZNhD-jfTBg/Custom/Bowmont-006%201280%20x%20853.jpg","Staged showhome interior space."
"The Fairways at Brackley Village","The Fairways at Brackley Village development gallery","","https://www.countrysidehomes.com/developments/greater-manchester/the-fairways-at-brackley-village-little-hulton","images/95a1e1b1c3bea1863ea15fc710b958d2cc456e9989f495a0499e8f0f7b01c96d.jpg","https://cdn.mediavalet.com/eunl/vistry-dam/aqW8VUmojEimCQS8nRjnjg/VHdZ-U64tUiAqYqNkK8FdQ/Custom/C-VDSW-WHYBUYNEW-CAROUSEL.jpg","Staged showhome interior space."
"Calico Grove","Coniston - Detached · Plot 158","4","https://www.countrysidehomes.com/developments/greater-manchester/calico-grove-rochdale/home-0158","images/0beaccd7ecde76f4fd7df6ba6a94079f85383c2933aca1332248e5798ec898d9.jpg","https://cdn.mediavalet.com/eunl/vistry-dam/T32JrIIO602Ej8hgANC_VA/MIMPcTMjR02T1IuGUoblwA/Custom/Coniston%2C%20Olde%20Chesh%20Red%2C%20Rustic%2C%2028-03-22.jpg","Staged showhome interior space."
"Calico Grove","Coniston - Detached · Plot 158","4","https://www.countrysidehomes.com/developments/greater-manchester/calico-grove-rochdale/home-0158","images/48538ad502e496aaf00d1c81b98e817bd636502d01ee160f9a5ad12af624aa68.jpg","https://cdn.mediavalet.com/eunl/vistry-dam/kfFZu8bsc0aMDSOeEag8WQ/4PlDXAvvT061tKUUgWrnTg/Custom/Ward%20Keep_The_Coniston_Living_015.jpg","Staged showhome interior space."
"Calico Grove","Coniston - Detached · Plot 158","4","https://www.countrysidehomes.com/developments/greater-manchester/calico-grove-rochdale/home-0158","images/3dca06c26492bedd9043ad3181fba2cedcd98de355efb1752fe73f72ee10de7a.jpg","https://cdn.mediavalet.com/eunl/vistry-dam/UClTdJpEaU6A18OIoL8shA/NQmn8r4ofUmg2t4sCqWN7w/Custom/Ward%20Keep_Coniston-%20010.jpg","Staged showhome interior space."
"Calico Grove","Coniston - Detached · Plot 158","4","https://www.countrysidehomes.com/developments/greater-manchester/calico-grove-rochdale/home-0158","images/58fadb48d8d6f448d361c9a072e201d5cd7d0390378289e97fb2be98f9bee9df.jpg","https://cdn.mediavalet.com/eunl/vistry-dam/pfAbToV4nU-W_JzDgv2TPQ/RB77-ckOxUqU9STD2vS5Cg/Custom/Wards%20Keep_The%20Coniston_Bedroom_021.jpg","Staged showhome interior space."
"Calico Grove","Coniston - Detached · Plot 158","4","https://www.countrysidehomes.com/developments/greater-manchester/calico-grove-rochdale/home-0158","images/84258c47eb445a9372dd0a6448d84d1710f7cb3901303bd8320fd360227c3eff.jpg","https://cdn.mediavalet.com/eunl/vistry-dam/21gYJFu2DUOhtPa078thCw/NLVX-PFFJUyvejdLva-JIA/Custom/Wards%20Keep_The%20Coniston_Bathroom_023_retouch.jpg","Staged showhome interior space."
"Calico Grove","Coniston - Detached · Plot 158","4","https://www.countrysidehomes.com/developments/greater-manchester/calico-grove-rochdale/home-0158","images/b88c6036a89ece39ec25f427994368a583270974778fe147b949a8698113b71a.jpg","https://mvdataappstorageeunlprod.blob.core.windows.net/medialibrary-34218e3cae6c4041a23eb8b1cf91be27/492229a529704c5f9f495d70752eff51/492229a529704c5f9f495d70752eff51/Original/brookmill-meadows-coniston-ground-floor.jpg?sv=2017-04-17&sr=b&si=202008111744&sig=h0yKcH9dEsWdOw60ZWK3S8i53EC9aNGVvz6zcOXpC58%3D&st=1423-07-28T04%3A59%3A21Z&se=2036-09-20T23%3A38%3A19Z&rsct=application%2Foctet-stream&rscd=attachment%3B%20filename%2A%3DUTF-8%27%27brookmill-meadows-coniston-ground-floor.jpg","Staged showhome interior space."
"Calico Grove","Coniston - Detached · Plot 158","4","https://www.countrysidehomes.com/developments/greater-manchester/calico-grove-rochdale/home-0158","images/ade664590814574255d4b94dd25f5a243fb45a503fa632ae24bf5a9aeae92882.jpg","https://mvdataappstorageeunlprod.blob.core.windows.net/medialibrary-34218e3cae6c4041a23eb8b1cf91be27/b1db1d8358b34150a74debce8beb04ef/b1db1d8358b34150a74debce8beb04ef/Original/brookmill-meadows-coniston-first-floor.jpg?sv=2017-04-17&sr=b&si=202008111744&sig=01qhqYeiW%2BsGf81j2qzmjG4KLM66JybZYxnm5hKsFLM%3D&st=0841-09-04T04%3A44%3A31Z&se=2036-09-20T23%3A39%3A22Z&rsct=application%2Foctet-stream&rscd=attachment%3B%20filename%2A%3DUTF-8%27%27brookmill-meadows-coniston-first-floor.jpg","Staged showhome interior space."
"Calico Grove","Calico Grove development gallery","","https://www.countrysidehomes.com/developments/greater-manchester/calico-grove-rochdale","images/fcba75818b264571fe5b014ba70ab002ec0100e0e4cc1bce5bf7ad7068d26569.jpg","https://cdn.mediavalet.com/eunl/vistry-dam/3S3LJAWSJkuVSZ03CZgBkw/pffKba1voEedb4toyCVK2g/Custom/Calico-002_Retouched.jpg","Staged showhome interior space."
"Calico Grove","Calico Grove development gallery","","https://www.countrysidehomes.com/developments/greater-manchester/calico-grove-rochdale","images/1696a0f38b1937cf5ccbfd1d2efbf76964f7880870ddd21f50b4425ada0f2eaa.png","https://cdn.mediavalet.com/eunl/vistry-dam/hfGbtNZ6XUCU09vyar7cDQ/swCYL9-IxEm46Ti6LQzycg/Custom/0725%20Evelyn%20%26%20Kayode%20Calico%20Grove%201.png","Staged showhome interior space."
"Calico Grove","Calico Grove development gallery","","https://www.countrysidehomes.com/developments/greater-manchester/calico-grove-rochdale","images/ce59692bbf403a25af58a9e854c62ce6b140402a753f69e017831be3fcf5596c.png","https://cdn.mediavalet.com/eunl/vistry-dam/h0oOmZ_n6UGDTnS7bu1uQg/20vufcqQDk-c5USN7sZmQw/Custom/CalicoGrove-Spring2026%201280%20x%20853.png","Staged showhome interior space."
"Calico Grove","Calico Grove development gallery","","https://www.countrysidehomes.com/developments/greater-manchester/calico-grove-rochdale","images/95a1e1b1c3bea1863ea15fc710b958d2cc456e9989f495a0499e8f0f7b01c96d.jpg","https://cdn.mediavalet.com/eunl/vistry-dam/aqW8VUmojEimCQS8nRjnjg/VHdZ-U64tUiAqYqNkK8FdQ/Custom/C-VDSW-WHYBUYNEW-CAROUSEL.jpg","Staged showhome interior space."
"Calico Grove","Calico Grove development gallery","","https://www.countrysidehomes.com/developments/greater-manchester/calico-grove-rochdale","images/48538ad502e496aaf00d1c81b98e817bd636502d01ee160f9a5ad12af624aa68.jpg","https://cdn.mediavalet.com/eunl/vistry-dam/kfFZu8bsc0aMDSOeEag8WQ/4PlDXAvvT061tKUUgWrnTg/Custom/Ward%20Keep_The_Coniston_Living_015.jpg","Staged showhome interior space."
"South Oxhey Central","One Bedroom Apartment · Plot 464","1","https://www.countrysidehomes.com/developments/hertfordshire/south-oxhey-central/home-0464","images/f40682f2a47555c99c9b585f40bf2f082708da388087e62633dc5d31cc1361a6.jpg","https://cdn.mediavalet.com/eunl/vistry-dam/8rS3zNTDIEGcBxkA0h0ATw/BtHBubmoJ0KHSVjwZSu2Gw/Custom/vb2003198_SJH_2516-Edit.jpg","Staged showhome interior space."
"South Oxhey Central","One Bedroom Apartment · Plot 464","1","https://www.countrysidehomes.com/developments/hertfordshire/south-oxhey-central/home-0464","images/0702fe3300718d4139a3f75103a25fe829e5d0a0d4289d7e91d5148bf5ae4c05.jpg","https://cdn.mediavalet.com/eunl/vistry-dam/933HwYF9GUSFS02_pUj2kw/t2PuOfRncky-eOIjEwyOjA/Custom/vb2003193_SJH_2446.jpg","Staged showhome interior space."
"South Oxhey Central","One Bedroom Apartment · Plot 464","1","https://www.countrysidehomes.com/developments/hertfordshire/south-oxhey-central/home-0464","images/5c3d3dbcd7356f336d9e8389e73538fae430ae4dd28043583f9c796e4625802f.jpg","https://cdn.mediavalet.com/eunl/vistry-dam/3RpUS3I03kGIdvY346344w/DMrF3-ew4k6kaKLENJhjgA/Custom/vb2003192_SJH_2409-Edit.jpg","Staged showhome interior space."
"South Oxhey Central","One Bedroom Apartment · Plot 464","1","https://www.countrysidehomes.com/developments/hertfordshire/south-oxhey-central/home-0464","images/5a8360af43dfc2fae0ff033264529614adaa5e052772a48ec17b3217878d5168.jpg","https://cdn.mediavalet.com/eunl/vistry-dam/rClXkDT3-0mvPIe8UX3sXg/7_2Rx04j0k-SnjtMttOvsA/Custom/vb2003196_SJH_2513.jpg","Staged showhome interior space."
"South Oxhey Central","One Bedroom Apartment · Plot 464","1","https://www.countrysidehomes.com/developments/hertfordshire/south-oxhey-central/home-0464","images/05de817e42e6b6bfc04850ba63354daf48fbe32b925eb6bbbad8e56f076f93bc.jpg","https://cdn.mediavalet.com/eunl/vistry-dam/fQ18r8wJIE---l_terDa5A/wDvGGMUWVkex9suZmPQE_g/Custom/vb2003219_SJH_2570.jpg","Staged showhome interior space."
"South Oxhey Central","One Bedroom Apartment · Plot 464","1","https://www.countrysidehomes.com/developments/hertfordshire/south-oxhey-central/home-0464","images/afda70b75575176a53cd03d54a95aea042de26884e3ee120bb638fcf21ebc129.jpg","https://cdn.mediavalet.com/eunl/vistry-dam/QqHIJdu090OsyzlcpcsrMg/nmwHbVWWHEODvLzokchWvg/Custom/vb2003401_SJH_2596-Edit.jpg","Staged showhome interior space."
"South Oxhey Central","One Bedroom Apartment · Plot 464","1","https://www.countrysidehomes.com/developments/hertfordshire/south-oxhey-central/home-0464","images/2b07abcf48da6c75c8e15e77b09b3b8bd1c563979f4f9a596f312e2d7b27524c.jpg","https://cdn.mediavalet.com/eunl/vistry-dam/kSl7HJDPi0234VMWhveDZA/U3EOUlrwtESdqZEWC7isqg/Custom/vb2182711_SJH_0906.jpg","Staged showhome interior space."
"South Oxhey Central","One Bedroom Apartment · Plot 464","1","https://www.countrysidehomes.com/developments/hertfordshire/south-oxhey-central/home-0464","images/f8265a480ae917dbfc83ded31cde47aab5960100fc1313a8cdf1d79df60242f0.jpg","https://mvdataappstorageeunlprod.blob.core.windows.net/medialibrary-34218e3cae6c4041a23eb8b1cf91be27/1283b5da098a42acb1f0efc5fc5f95ce/1283b5da098a42acb1f0efc5fc5f95ce/Original/Plot%20464,473,482,491,500-01.jpg?sv=2017-04-17&sr=b&si=202008111744&sig=RI4xlKh%2F3flP9SjqH2ydXZJ%2F%2BO3XLmdOId6DD1xkuyk%3D&st=0001-01-01T00%3A00%3A00Z&se=2036-04-15T01%3A41%3A09Z&rsct=application%2Foctet-stream&rscd=attachment%3B%20filename%2A%3DUTF-8%27%27Plot%2520464%252C473%252C482%252C491%252C500-01.jpg","Staged showhome interior space."
"South Oxhey Central","One Bedroom Apartment · Plot 568","1","https://www.countrysidehomes.com/developments/hertfordshire/south-oxhey-central/home-0568","images/b54a2a4c2fd64ef3a31e86eff6e103d0733f3542313c6ae0419f5be1ca7a3d9a.jpg","https://cdn.mediavalet.com/eunl/vistry-dam/FKxjQCKrQUuHf6j4IWfNww/EiI9PGaeaUOI1L0Xt62fjg/Custom/26.05.15%20Cside%20South%20Oxhey%20one%20bed%20apt-32-HDR.jpg","Staged showhome bedroom."
"South Oxhey Central","One Bedroom Apartment · Plot 568","1","https://www.countrysidehomes.com/developments/hertfordshire/south-oxhey-central/home-0568","images/3d579526705f6255c1f99295b32a3028136d41fca9924c80a28766e0ddf2f79a.jpg","https://cdn.mediavalet.com/eunl/vistry-dam/nl_zBmyn5UWyJuGHYO-tYw/oxLGtu0bj0GccOZsNWf0cw/Custom/26.05.15%20Cside%20South%20Oxhey%20one%20bed%20apt-17-HDR.jpg","Staged showhome bedroom."
"South Oxhey Central","One Bedroom Apartment · Plot 568","1","https://www.countrysidehomes.com/developments/hertfordshire/south-oxhey-central/home-0568","images/d28547db883a2412406ee7d667c8a24fbcef931361fb6cfa7d6f35416a65bce4.jpg","https://cdn.mediavalet.com/eunl/vistry-dam/v3olgMP1W065EQloJHx3gw/CbNTrPjZWUqXiknIziFwTQ/Custom/26.05.15%20Cside%20South%20Oxhey%20one%20bed%20apt-45-HDR.jpg","Staged showhome bedroom."
"South Oxhey Central","One Bedroom Apartment · Plot 568","1","https://www.countrysidehomes.com/developments/hertfordshire/south-oxhey-central/home-0568","images/129a67e872b153e772e2f7b41137c98ee3ca9678d6413991cd28e5c0e53049c9.jpg","https://cdn.mediavalet.com/eunl/vistry-dam/XyEEPFl5NkK4ym_SfP_l9w/t5X79HNWfU2sBlIQ9088Nw/Custom/26.05.15%20Cside%20South%20Oxhey%20one%20bed%20apt-70.jpg","Staged showhome bedroom."
"South Oxhey Central","One Bedroom Apartment · Plot 568","1","https://www.countrysidehomes.com/developments/hertfordshire/south-oxhey-central/home-0568","images/7b56a38534d4aa0a9910ea4899168044703fd6b87e60ad539fe3874693f75e85.jpg","https://cdn.mediavalet.com/eunl/vistry-dam/CkYrqd22NUOAnnwpbx5_6Q/6TbmFrxWH0GeYqoRfY5kEQ/Custom/26.05.15%20Cside%20South%20Oxhey%20one%20bed%20apt-60-HDR.jpg","Staged showhome bedroom."
"South Oxhey Central","One Bedroom Apartment · Plot 568","1","https://www.countrysidehomes.com/developments/hertfordshire/south-oxhey-central/home-0568","images/4b17933dcc992ca6a0c87ef3147f99e51ccb1e2e456734bc6006fb0b5a07c690.jpg","https://cdn.mediavalet.com/eunl/vistry-dam/3huEKRTqlUORY8JLM3UKSw/uyvktjwv7UyJrn7TbblodA/Custom/26.05.15%20Cside%20South%20Oxhey%20one%20bed%20apt-66-HDR.jpg","Staged showhome bedroom."
"South Oxhey Central","One Bedroom Apartment · Plot 568","1","https://www.countrysidehomes.com/developments/hertfordshire/south-oxhey-central/home-0568","images/94fcb9f91d21138e0951d2bfb3ae358648bca438e98a620a153d42befb3dee90.jpg","https://cdn.mediavalet.com/eunl/vistry-dam/NSjMJBGweEGh0bNNzvws1g/VID9lprPMUiBGFWfSiqVwA/Custom/vistry_west_-_south_oxhey_central_flat_1__5_staged-min.jpg","Staged showhome interior space."
"South Oxhey Central","One Bedroom Apartment · Plot 568","1","https://www.countrysidehomes.com/developments/hertfordshire/south-oxhey-central/home-0568","images/2b07abcf48da6c75c8e15e77b09b3b8bd1c563979f4f9a596f312e2d7b27524c.jpg","https://cdn.mediavalet.com/eunl/vistry-dam/kSl7HJDPi0234VMWhveDZA/U3EOUlrwtESdqZEWC7isqg/Custom/vb2182711_SJH_0906.jpg","Staged showhome interior space."
"South Oxhey Central","One Bedroom Apartment · Plot 568","1","https://www.countrysidehomes.com/developments/hertfordshire/south-oxhey-central/home-0568","images/9cca29c4a57166fb28e90c40e5b3cbb0069909ffc3226c4bd12bb8c2ac6101c2.jpg","https://mvdataappstorageeunlprod.blob.core.windows.net/medialibrary-34218e3cae6c4041a23eb8b1cf91be27-r/2bdcbf9f11804775b04101e5fbb11b22/2bdcbf9f11804775b04101e5fbb11b22/Large/plot%20550,%20559,%20568,%20577,%20586-01.jpg?sv=2017-04-17&sr=b&si=202008111853&sig=fdC4J0XVeF9EdvMGP7UBrPTrIGk55%2B1BiS6qyA1E3hE%3D&st=1472-10-12T12%3A03%3A13Z&se=2035-01-11T23%3A13%3A58Z","Staged showhome interior space."
"South Oxhey Central","One Bedroom Apartment · Plot 476","1","https://www.countrysidehomes.com/developments/hertfordshire/south-oxhey-central/home-0476","images/7b56a38534d4aa0a9910ea4899168044703fd6b87e60ad539fe3874693f75e85.jpg","https://cdn.mediavalet.com/eunl/vistry-dam/CkYrqd22NUOAnnwpbx5_6Q/6TbmFrxWH0GeYqoRfY5kEQ/Custom/26.05.15%20Cside%20South%20Oxhey%20one%20bed%20apt-60-HDR.jpg","Staged showhome bedroom."
"South Oxhey Central","One Bedroom Apartment · Plot 476","1","https://www.countrysidehomes.com/developments/hertfordshire/south-oxhey-central/home-0476","images/680b47036789095853df3b68ae21fa72587bdf5ae7e1c2673d1c24704aed36de.jpg","https://cdn.mediavalet.com/eunl/vistry-dam/u8uDkWU7CUW5Rl5yvyBPCw/srgN8HWizEi3TAwEkIPzhA/Custom/26.05.15%20Cside%20South%20Oxhey%20one%20bed%20apt-77.jpg","Staged showhome bedroom."
"South Oxhey Central","One Bedroom Apartment · Plot 476","1","https://www.countrysidehomes.com/developments/hertfordshire/south-oxhey-central/home-0476","images/d28547db883a2412406ee7d667c8a24fbcef931361fb6cfa7d6f35416a65bce4.jpg","https://cdn.mediavalet.com/eunl/vistry-dam/v3olgMP1W065EQloJHx3gw/CbNTrPjZWUqXiknIziFwTQ/Custom/26.05.15%20Cside%20South%20Oxhey%20one%20bed%20apt-45-HDR.jpg","Staged showhome bedroom."
"South Oxhey Central","One Bedroom Apartment · Plot 476","1","https://www.countrysidehomes.com/developments/hertfordshire/south-oxhey-central/home-0476","images/52e04d9c9259a9b96ab80254bbff8794ebed61aef0587b69f07e1219ddfd698e.jpg","https://cdn.mediavalet.com/eunl/vistry-dam/tHteuFjDy0GNteMvs-lsLA/e3susUSNz0-36nUGuWAT_w/Custom/26.05.15%20Cside%20South%20Oxhey%20one%20bed%20apt-38-HDR.jpg","Staged showhome bedroom."
"South Oxhey Central","One Bedroom Apartment · Plot 476","1","https://www.countrysidehomes.com/developments/hertfordshire/south-oxhey-central/home-0476","images/60ca6a6d888a4c9e60ea220bb3e5f80cb24d60d1a68f34e182f6bd0a4f4f6cdc.jpg","https://cdn.mediavalet.com/eunl/vistry-dam/gObkqXj1b0WqHven6Usugw/-9pTk6iYKEyKXGQLpys-uw/Custom/26.05.15%20Cside%20South%20Oxhey%20one%20bed%20apt-69.jpg","Staged showhome bedroom."
"South Oxhey Central","One Bedroom Apartment · Plot 476","1","https://www.countrysidehomes.com/developments/hertfordshire/south-oxhey-central/home-0476","images/816d10563364bbe4264e26a0296a908302c16e819987e3502e4c783d9f75b188.jpg","https://cdn.mediavalet.com/eunl/vistry-dam/_e1GJLzqRkWes1NQBNRcbw/NgOY6HyqsUW5msEvredL4Q/Custom/26.05.15%20Cside%20South%20Oxhey%20one%20bed%20apt-41.jpg","Staged showhome bedroom."
"South Oxhey Central","One Bedroom Apartment · Plot 476","1","https://www.countrysidehomes.com/developments/hertfordshire/south-oxhey-central/home-0476","images/2b07abcf48da6c75c8e15e77b09b3b8bd1c563979f4f9a596f312e2d7b27524c.jpg","https://cdn.mediavalet.com/eunl/vistry-dam/kSl7HJDPi0234VMWhveDZA/U3EOUlrwtESdqZEWC7isqg/Custom/vb2182711_SJH_0906.jpg","Staged showhome interior space."
"South Oxhey Central","One Bedroom Apartment · Plot 476","1","https://www.countrysidehomes.com/developments/hertfordshire/south-oxhey-central/home-0476","images/33d5ae80cb367edc453aa76775bf6e490c62fcbb81fc6328259310177fbd2191.jpg","https://mvdataappstorageeunlprod.blob.core.windows.net/medialibrary-34218e3cae6c4041a23eb8b1cf91be27/2425db12686b412e961a331a9977cc75/2425db12686b412e961a331a9977cc75/Original/Plot%20467,476,485,494,503-01.jpg?sv=2017-04-17&sr=b&si=202008111744&sig=2aitX5QSeV%2F6Xn6HKt2epqV00jvpctn5TEUWIz5JsdU%3D&st=0566-08-04T06%3A45%3A24Z&se=2036-08-14T00%3A10%3A42Z&rsct=application%2Foctet-stream&rscd=attachment%3B%20filename%2A%3DUTF-8%27%27Plot%2520467%252C476%252C485%252C494%252C503-01.jpg","Staged showhome interior space."
"South Oxhey Central","One Bedroom Apartment · Plot 486","1","https://www.countrysidehomes.com/developments/hertfordshire/south-oxhey-central/home-0486","images/52e04d9c9259a9b96ab80254bbff8794ebed61aef0587b69f07e1219ddfd698e.jpg","https://cdn.mediavalet.com/eunl/vistry-dam/tHteuFjDy0GNteMvs-lsLA/e3susUSNz0-36nUGuWAT_w/Custom/26.05.15%20Cside%20South%20Oxhey%20one%20bed%20apt-38-HDR.jpg","Staged showhome bedroom."
"South Oxhey Central","One Bedroom Apartment · Plot 486","1","https://www.countrysidehomes.com/developments/hertfordshire/south-oxhey-central/home-0486","images/1b567fd0d74f4aad14af206c7b66e5083df44dcad358ad17a621c429169e0a24.jpg","https://cdn.mediavalet.com/eunl/vistry-dam/Jo0VX2OVEkGI4ojFeh5znA/nASPC_LERUOAQHLCzyhVsg/Custom/26.05.15%20Cside%20South%20Oxhey%20one%20bed%20apt-22-HDR.jpg","Staged showhome bedroom."
"South Oxhey Central","One Bedroom Apartment · Plot 486","1","https://www.countrysidehomes.com/developments/hertfordshire/south-oxhey-central/home-0486","images/b54a2a4c2fd64ef3a31e86eff6e103d0733f3542313c6ae0419f5be1ca7a3d9a.jpg","https://cdn.mediavalet.com/eunl/vistry-dam/FKxjQCKrQUuHf6j4IWfNww/EiI9PGaeaUOI1L0Xt62fjg/Custom/26.05.15%20Cside%20South%20Oxhey%20one%20bed%20apt-32-HDR.jpg","Staged showhome bedroom."
"South Oxhey Central","One Bedroom Apartment · Plot 486","1","https://www.countrysidehomes.com/developments/hertfordshire/south-oxhey-central/home-0486","images/7b56a38534d4aa0a9910ea4899168044703fd6b87e60ad539fe3874693f75e85.jpg","https://cdn.mediavalet.com/eunl/vistry-dam/CkYrqd22NUOAnnwpbx5_6Q/6TbmFrxWH0GeYqoRfY5kEQ/Custom/26.05.15%20Cside%20South%20Oxhey%20one%20bed%20apt-60-HDR.jpg","Staged showhome bedroom."
"South Oxhey Central","One Bedroom Apartment · Plot 486","1","https://www.countrysidehomes.com/developments/hertfordshire/south-oxhey-central/home-0486","images/680b47036789095853df3b68ae21fa72587bdf5ae7e1c2673d1c24704aed36de.jpg","https://cdn.mediavalet.com/eunl/vistry-dam/u8uDkWU7CUW5Rl5yvyBPCw/srgN8HWizEi3TAwEkIPzhA/Custom/26.05.15%20Cside%20South%20Oxhey%20one%20bed%20apt-77.jpg","Staged showhome bedroom."
"South Oxhey Central","One Bedroom Apartment · Plot 486","1","https://www.countrysidehomes.com/developments/hertfordshire/south-oxhey-central/home-0486","images/60ca6a6d888a4c9e60ea220bb3e5f80cb24d60d1a68f34e182f6bd0a4f4f6cdc.jpg","https://cdn.mediavalet.com/eunl/vistry-dam/gObkqXj1b0WqHven6Usugw/-9pTk6iYKEyKXGQLpys-uw/Custom/26.05.15%20Cside%20South%20Oxhey%20one%20bed%20apt-69.jpg","Staged showhome bedroom."
"South Oxhey Central","One Bedroom Apartment · Plot 486","1","https://www.countrysidehomes.com/developments/hertfordshire/south-oxhey-central/home-0486","images/2b07abcf48da6c75c8e15e77b09b3b8bd1c563979f4f9a596f312e2d7b27524c.jpg","https://cdn.mediavalet.com/eunl/vistry-dam/kSl7HJDPi0234VMWhveDZA/U3EOUlrwtESdqZEWC7isqg/Custom/vb2182711_SJH_0906.jpg","Staged showhome interior space."
"South Oxhey Central","One Bedroom Apartment · Plot 486","1","https://www.countrysidehomes.com/developments/hertfordshire/south-oxhey-central/home-0486","images/87e20804a9f6bf3dd21063e654b26d93413aeb95785db3329d69d9b585b0d2cc.jpg","https://mvdataappstorageeunlprod.blob.core.windows.net/medialibrary-34218e3cae6c4041a23eb8b1cf91be27/3d29ac469bc24f73b86168ccec8ad983/3d29ac469bc24f73b86168ccec8ad983/Original/Plot%20459,468,477,486,495-01.jpg?sv=2017-04-17&sr=b&si=202008111744&sig=7a0MYcrUYzQxl9I6qUnjvx9lcHu10Hs2IjNVm5e%2FA8Y%3D&st=0001-01-01T00%3A00%3A00Z&se=2036-05-15T01%3A43%3A43Z&rsct=application%2Foctet-stream&rscd=attachment%3B%20filename%2A%3DUTF-8%27%27Plot%2520459%252C468%252C477%252C486%252C495-01.jpg","Staged showhome interior space."
"South Oxhey Central","One Bedroom Apartment · Plot 494","1","https://www.countrysidehomes.com/developments/hertfordshire/south-oxhey-central/home-0494","images/83cebf5e0e110b9caf3df75c329b2387b2625131ed172c8d2f8ee7e6702bee74.jpg","https://cdn.mediavalet.com/eunl/vistry-dam/I-mN0IrqZUOq3K5VBYiBDw/1oqSctJ1GEioeB_GdXEtIg/Custom/vistry_west_-_south_oxhey_central_flat_1__9_staged3-min.jpg","Staged showhome interior space."
"South Oxhey Central","One Bedroom Apartment · Plot 494","1","https://www.countrysidehomes.com/developments/hertfordshire/south-oxhey-central/home-0494","images/52e04d9c9259a9b96ab80254bbff8794ebed61aef0587b69f07e1219ddfd698e.jpg","https://cdn.mediavalet.com/eunl/vistry-dam/tHteuFjDy0GNteMvs-lsLA/e3susUSNz0-36nUGuWAT_w/Custom/26.05.15%20Cside%20South%20Oxhey%20one%20bed%20apt-38-HDR.jpg","Staged showhome bedroom."
"South Oxhey Central","One Bedroom Apartment · Plot 494","1","https://www.countrysidehomes.com/developments/hertfordshire/south-oxhey-central/home-0494","images/8f4803e3b05b7288d77dc075b68b16a5984fed75ef855632d63defec6a4ffd1c.jpg","https://cdn.mediavalet.com/eunl/vistry-dam/n_8QiMcNvU2nlB_aR-e40w/VIW-YDw25EK_Ahf0txHtnQ/Custom/26.05.15%20Cside%20South%20Oxhey%20one%20bed%20apt-7-HDR.jpg","Staged showhome bedroom."
"South Oxhey Central","One Bedroom Apartment · Plot 494","1","https://www.countrysidehomes.com/developments/hertfordshire/south-oxhey-central/home-0494","images/b54a2a4c2fd64ef3a31e86eff6e103d0733f3542313c6ae0419f5be1ca7a3d9a.jpg","https://cdn.mediavalet.com/eunl/vistry-dam/FKxjQCKrQUuHf6j4IWfNww/EiI9PGaeaUOI1L0Xt62fjg/Custom/26.05.15%20Cside%20South%20Oxhey%20one%20bed%20apt-32-HDR.jpg","Staged showhome bedroom."
"South Oxhey Central","One Bedroom Apartment · Plot 494","1","https://www.countrysidehomes.com/developments/hertfordshire/south-oxhey-central/home-0494","images/7b56a38534d4aa0a9910ea4899168044703fd6b87e60ad539fe3874693f75e85.jpg","https://cdn.mediavalet.com/eunl/vistry-dam/CkYrqd22NUOAnnwpbx5_6Q/6TbmFrxWH0GeYqoRfY5kEQ/Custom/26.05.15%20Cside%20South%20Oxhey%20one%20bed%20apt-60-HDR.jpg","Staged showhome bedroom."
"South Oxhey Central","One Bedroom Apartment · Plot 494","1","https://www.countrysidehomes.com/developments/hertfordshire/south-oxhey-central/home-0494","images/129a67e872b153e772e2f7b41137c98ee3ca9678d6413991cd28e5c0e53049c9.jpg","https://cdn.mediavalet.com/eunl/vistry-dam/XyEEPFl5NkK4ym_SfP_l9w/t5X79HNWfU2sBlIQ9088Nw/Custom/26.05.15%20Cside%20South%20Oxhey%20one%20bed%20apt-70.jpg","Staged showhome bedroom."
"South Oxhey Central","One Bedroom Apartment · Plot 494","1","https://www.countrysidehomes.com/developments/hertfordshire/south-oxhey-central/home-0494","images/d5e86e679d4417cd08d6509ea9f8d6f530a3262d2ec844ef5e45759dc81d6720.jpg","https://cdn.mediavalet.com/eunl/vistry-dam/yzFKJ_6dZ0G68mt71ea35A/QNzP_BBUZ0e2USBPFqptkg/Custom/vistry_west_-_plot554_and_552_south_oxey_x__7_.jpg","Staged showhome interior space."
"South Oxhey Central","One Bedroom Apartment · Plot 494","1","https://www.countrysidehomes.com/developments/hertfordshire/south-oxhey-central/home-0494","images/2b07abcf48da6c75c8e15e77b09b3b8bd1c563979f4f9a596f312e2d7b27524c.jpg","https://cdn.mediavalet.com/eunl/vistry-dam/kSl7HJDPi0234VMWhveDZA/U3EOUlrwtESdqZEWC7isqg/Custom/vb2182711_SJH_0906.jpg","Staged showhome interior space."
"South Oxhey Central","One Bedroom Apartment · Plot 494","1","https://www.countrysidehomes.com/developments/hertfordshire/south-oxhey-central/home-0494","images/33d5ae80cb367edc453aa76775bf6e490c62fcbb81fc6328259310177fbd2191.jpg","https://mvdataappstorageeunlprod.blob.core.windows.net/medialibrary-34218e3cae6c4041a23eb8b1cf91be27/2425db12686b412e961a331a9977cc75/2425db12686b412e961a331a9977cc75/Original/Plot%20467,476,485,494,503-01.jpg?sv=2017-04-17&sr=b&si=202008111744&sig=2aitX5QSeV%2F6Xn6HKt2epqV00jvpctn5TEUWIz5JsdU%3D&st=0566-08-04T06%3A45%3A24Z&se=2036-08-14T00%3A10%3A42Z&rsct=application%2Foctet-stream&rscd=attachment%3B%20filename%2A%3DUTF-8%27%27Plot%2520467%252C476%252C485%252C494%252C503-01.jpg","Staged showhome interior space."
"South Oxhey Central","One Bedroom Apartment · Plot 473","1","https://www.countrysidehomes.com/developments/hertfordshire/south-oxhey-central/home-0473","images/680b47036789095853df3b68ae21fa72587bdf5ae7e1c2673d1c24704aed36de.jpg","https://cdn.mediavalet.com/eunl/vistry-dam/u8uDkWU7CUW5Rl5yvyBPCw/srgN8HWizEi3TAwEkIPzhA/Custom/26.05.15%20Cside%20South%20Oxhey%20one%20bed%20apt-77.jpg","Staged showhome bedroom."
"South Oxhey Central","One Bedroom Apartment · Plot 473","1","https://www.countrysidehomes.com/developments/hertfordshire/south-oxhey-central/home-0473","images/b54a2a4c2fd64ef3a31e86eff6e103d0733f3542313c6ae0419f5be1ca7a3d9a.jpg","https://cdn.mediavalet.com/eunl/vistry-dam/FKxjQCKrQUuHf6j4IWfNww/EiI9PGaeaUOI1L0Xt62fjg/Custom/26.05.15%20Cside%20South%20Oxhey%20one%20bed%20apt-32-HDR.jpg","Staged showhome bedroom."
"South Oxhey Central","One Bedroom Apartment · Plot 473","1","https://www.countrysidehomes.com/developments/hertfordshire/south-oxhey-central/home-0473","images/3d579526705f6255c1f99295b32a3028136d41fca9924c80a28766e0ddf2f79a.jpg","https://cdn.mediavalet.com/eunl/vistry-dam/nl_zBmyn5UWyJuGHYO-tYw/oxLGtu0bj0GccOZsNWf0cw/Custom/26.05.15%20Cside%20South%20Oxhey%20one%20bed%20apt-17-HDR.jpg","Staged showhome bedroom."
"South Oxhey Central","One Bedroom Apartment · Plot 473","1","https://www.countrysidehomes.com/developments/hertfordshire/south-oxhey-central/home-0473","images/60ca6a6d888a4c9e60ea220bb3e5f80cb24d60d1a68f34e182f6bd0a4f4f6cdc.jpg","https://cdn.mediavalet.com/eunl/vistry-dam/gObkqXj1b0WqHven6Usugw/-9pTk6iYKEyKXGQLpys-uw/Custom/26.05.15%20Cside%20South%20Oxhey%20one%20bed%20apt-69.jpg","Staged showhome bedroom."
"South Oxhey Central","One Bedroom Apartment · Plot 473","1","https://www.countrysidehomes.com/developments/hertfordshire/south-oxhey-central/home-0473","images/7b56a38534d4aa0a9910ea4899168044703fd6b87e60ad539fe3874693f75e85.jpg","https://cdn.mediavalet.com/eunl/vistry-dam/CkYrqd22NUOAnnwpbx5_6Q/6TbmFrxWH0GeYqoRfY5kEQ/Custom/26.05.15%20Cside%20South%20Oxhey%20one%20bed%20apt-60-HDR.jpg","Staged showhome bedroom."
"South Oxhey Central","One Bedroom Apartment · Plot 473","1","https://www.countrysidehomes.com/developments/hertfordshire/south-oxhey-central/home-0473","images/9ce581e1a48295910112e02c2015d9727e009ad68a0e1842515f7e3531460205.jpg","https://cdn.mediavalet.com/eunl/vistry-dam/1wiaUlDk6EiKMG2vd8iD_Q/Z_qK-kgCnEC8KPZbmwUdHw/Custom/26.05.15%20Cside%20South%20Oxhey%20one%20bed%20apt-55-HDR.jpg","Staged showhome bedroom."
"South Oxhey Central","One Bedroom Apartment · Plot 473","1","https://www.countrysidehomes.com/developments/hertfordshire/south-oxhey-central/home-0473","images/d28547db883a2412406ee7d667c8a24fbcef931361fb6cfa7d6f35416a65bce4.jpg","https://cdn.mediavalet.com/eunl/vistry-dam/v3olgMP1W065EQloJHx3gw/CbNTrPjZWUqXiknIziFwTQ/Custom/26.05.15%20Cside%20South%20Oxhey%20one%20bed%20apt-45-HDR.jpg","Staged showhome bedroom."
"South Oxhey Central","One Bedroom Apartment · Plot 473","1","https://www.countrysidehomes.com/developments/hertfordshire/south-oxhey-central/home-0473","images/2b07abcf48da6c75c8e15e77b09b3b8bd1c563979f4f9a596f312e2d7b27524c.jpg","https://cdn.mediavalet.com/eunl/vistry-dam/kSl7HJDPi0234VMWhveDZA/U3EOUlrwtESdqZEWC7isqg/Custom/vb2182711_SJH_0906.jpg","Staged showhome interior space."
"South Oxhey Central","One Bedroom Apartment · Plot 473","1","https://www.countrysidehomes.com/developments/hertfordshire/south-oxhey-central/home-0473","images/f8265a480ae917dbfc83ded31cde47aab5960100fc1313a8cdf1d79df60242f0.jpg","https://mvdataappstorageeunlprod.blob.core.windows.net/medialibrary-34218e3cae6c4041a23eb8b1cf91be27/1283b5da098a42acb1f0efc5fc5f95ce/1283b5da098a42acb1f0efc5fc5f95ce/Original/Plot%20464,473,482,491,500-01.jpg?sv=2017-04-17&sr=b&si=202008111744&sig=RI4xlKh%2F3flP9SjqH2ydXZJ%2F%2BO3XLmdOId6DD1xkuyk%3D&st=0001-01-01T00%3A00%3A00Z&se=2036-04-15T01%3A41%3A09Z&rsct=application%2Foctet-stream&rscd=attachment%3B%20filename%2A%3DUTF-8%27%27Plot%2520464%252C473%252C482%252C491%252C500-01.jpg","Staged showhome interior space."
"Beaumont Manor","The Cranbrook · Plot 49","3","https://www.countrysidehomes.com/developments/hertfordshire/beaumont-manor-hemel-hempstead/home-0049","images/64fac8b0de78a4e65ea6e992c1baf0a45c36ae392b5281e6ed278bb9fcf093c4.jpg","https://cdn.mediavalet.com/eunl/vistry-dam/jJaTi4qUOUOadyTUSJ1O5g/SeFJL2d0UEWrqE4uo4mFQw/Custom/Cranbrook%20CGI.jpg","Staged showhome interior space."
"Beaumont Manor","The Cranbrook · Plot 49","3","https://www.countrysidehomes.com/developments/hertfordshire/beaumont-manor-hemel-hempstead/home-0049","images/485d03f4ca1b3d819bf4c9c5419be4fb0aaf093d44243df721da60bf4149ad79.jpg","https://cdn.mediavalet.com/eunl/vistry-dam/fZ88JIUSkE22TE86ONIl1w/oB8ua4RkrU649RkPmduqHg/Custom/Skylark%20Kitchen%20Dining.jpg","Staged showhome kitchen."
"Beaumont Manor","The Cranbrook · Plot 49","3","https://www.countrysidehomes.com/developments/hertfordshire/beaumont-manor-hemel-hempstead/home-0049","images/e277f365f1d547031878f804e15dc137e637225afb1e9db7cab55d056faff050.jpg","https://cdn.mediavalet.com/eunl/vistry-dam/ugmilVMgIkO_nJ5RdaEbaQ/SWnmRvT2V02u5XPsoO8ljw/Custom/CH-SADDLERS-RICHMOND-%28Beckett%29-LIVING_Housetype_Plot_-_Hero_860x573.jpg","Staged showhome interior space."
"Beaumont Manor","The Cranbrook · Plot 49","3","https://www.countrysidehomes.com/developments/hertfordshire/beaumont-manor-hemel-hempstead/home-0049","images/e72193d7d464f667ef904a199df78f70fe768500ab9d125285b2fc4fc5980269.jpg","https://cdn.mediavalet.com/eunl/vistry-dam/3yWfLMvH3k-oYrAj3vrpqQ/YMTDiKroIUabJPxzWIItYg/Custom/Skylark%20Master.jpg","Staged showhome interior space."
"Beaumont Manor","The Cranbrook · Plot 49","3","https://www.countrysidehomes.com/developments/hertfordshire/beaumont-manor-hemel-hempstead/home-0049","images/a27327fa3ede015120f02f7e06e99b6b9eebc4a4223cf17291779852b1fbe8de.jpg","https://cdn.mediavalet.com/eunl/vistry-dam/Mw4V5fteWUeTCdMQqabUEA/3kDbWRexJU22KkHfSBcQWA/Custom/Henly%20Ensuite.jpg","Staged showhome bathroom."
"Beaumont Manor","The Cranbrook · Plot 49","3","https://www.countrysidehomes.com/developments/hertfordshire/beaumont-manor-hemel-hempstead/home-0049","images/6552fa6482156303f5d6d5307fcf3f8303c8d7e01bde05e38b8c7149c63a125b.jpg","https://cdn.mediavalet.com/eunl/vistry-dam/pXbHggFboEioSSaREhmJgQ/ySvpZ3HbD0qqWT_srPJdow/Custom/Oakham%20Bedroom%201.jpg","Staged showhome bedroom."
"Beaumont Manor","The Cranbrook · Plot 49","3","https://www.countrysidehomes.com/developments/hertfordshire/beaumont-manor-hemel-hempstead/home-0049","images/99c4b85a986553c9f2c9f8f92a9417be1d685704b594c00187abc4323599be63.jpg","https://cdn.mediavalet.com/eunl/vistry-dam/59zaJGOqHEGxUWeOpUQmEQ/RUITgOYk7Eu4q6DoGAxHZg/Custom/Henly%20Bedroom%204.jpg","Staged showhome bedroom."
"Beaumont Manor","The Cranbrook · Plot 49","3","https://www.countrysidehomes.com/developments/hertfordshire/beaumont-manor-hemel-hempstead/home-0049","images/7219b58e5a3008c18f6a4f3e8b1b27323b96068147d6d5deac376d49ecfc8cc3.jpg","https://cdn.mediavalet.com/eunl/vistry-dam/2Jw5DPxswUevz5DhLVSK4w/rwtAec6qV0a-pTrnCQNE_Q/Custom/Henly%20Bathroom.jpg","Staged showhome bathroom."
"Beaumont Manor","The Cranbrook · Plot 49","3","https://www.countrysidehomes.com/developments/hertfordshire/beaumont-manor-hemel-hempstead/home-0049","images/2e2ce2ff84caf986d63e382d2f60e29d9d03e3ee2f2327982fba63c02257225c.jpg","https://mvdataappstorageeunlprod.blob.core.windows.net/medialibrary-34218e3cae6c4041a23eb8b1cf91be27-r/ec567e8470404e7f9c2d15e6de42c8fa/ec567e8470404e7f9c2d15e6de42c8fa/Large/CRANBROOK%20GROUND%20FLOOR.jpg?sv=2017-04-17&sr=b&si=202008111853&sig=3R%2BYVkGMNJzH1dS5Ffpi78yxGnInIbuRNGlqC3jwE0Q%3D&st=1089-12-26T00%3A10%3A30Z&se=2035-01-14T20%3A32%3A14Z","Staged showhome interior space."
"Beaumont Manor","The Cranbrook · Plot 49","3","https://www.countrysidehomes.com/developments/hertfordshire/beaumont-manor-hemel-hempstead/home-0049","images/0cb1513905f0fa6af65a8cc819780f4c30dd2200e87d55f12b488726f8edee69.jpg","https://mvdataappstorageeunlprod.blob.core.windows.net/medialibrary-34218e3cae6c4041a23eb8b1cf91be27-r/bf5094e3fcc547fdb51aec2950b0d9f2/bf5094e3fcc547fdb51aec2950b0d9f2/Large/CRANBROOK%20FIRST%20FLOOR.jpg?sv=2017-04-17&sr=b&si=202008111853&sig=YOQdf6LKa528CGFekdNPoP0WGvJ46SzQpqER8lfrImg%3D&st=0001-01-01T00%3A00%3A00Z&se=2035-01-14T20%3A35%3A41Z","Staged showhome interior space."
"Beaumont Manor","The Somerton · Plot 50","4","https://www.countrysidehomes.com/developments/hertfordshire/beaumont-manor-hemel-hempstead/home-0050","images/20e7dda42ad1083c3290f8535afdc4677818f73b551e2d42774637cee66b01e0.jpg","https://cdn.mediavalet.com/eunl/vistry-dam/UGYeqT0CY0W5FF6LatDaSg/tuycEYqxDUCSpuvC-JutuA/Custom/H17%20Plot%2051.jpg","Staged showhome interior space."
"Beaumont Manor","The Somerton · Plot 50","4","https://www.countrysidehomes.com/developments/hertfordshire/beaumont-manor-hemel-hempstead/home-0050","images/5502bf5fefc77e49a84a402d731e7a7b80696cbc65193798c3365e1c9bb42295.jpg","https://cdn.mediavalet.com/eunl/vistry-dam/85wk3uNOP0SJtkB5pR1NwA/-ZmjWVQRUUeYcafyWf1z9A/Custom/Redstart%20Kitchen%20Dining.jpg","Staged showhome kitchen."
"Beaumont Manor","The Somerton · Plot 50","4","https://www.countrysidehomes.com/developments/hertfordshire/beaumont-manor-hemel-hempstead/home-0050","images/cbf5beaeb6ff47717a84ac2c55b334681a56f3a5e8882ad97299a2e555bdb853.jpg","https://cdn.mediavalet.com/eunl/vistry-dam/f8-IKFDSfEusLIrf-hJG_A/bOrnllyuHUWmT6P__n2fRw/Custom/Skylark%20Living%20Room.jpg","Staged showhome living room."
"Beaumont Manor","The Somerton · Plot 50","4","https://www.countrysidehomes.com/developments/hertfordshire/beaumont-manor-hemel-hempstead/home-0050","images/e1cb6f9d5c8ed4cc7b8a4327038a80d57b34f3f427f0073475b19d198e605996.jpg","https://cdn.mediavalet.com/eunl/vistry-dam/l7w2wgw9tE6V0pAKLbBJzA/P1dWHZpHtkyW7Z5IM0PtLA/Custom/Winchester%20Master%20Bedroom.jpg","Staged showhome bedroom."
"Beaumont Manor","The Somerton · Plot 50","4","https://www.countrysidehomes.com/developments/hertfordshire/beaumont-manor-hemel-hempstead/home-0050","images/d90a49d27a23eff97fefc04395399a7f328bf135100ad880a45fc2ea81be900f.jpg","https://cdn.mediavalet.com/eunl/vistry-dam/JgSGzQCLL06E_XuwhEIVZw/IrZTx96jLUS3N5EfvuLBoA/Custom/Skylark%20Ensuite.jpg","Staged showhome bathroom."
"Beaumont Manor","The Somerton · Plot 50","4","https://www.countrysidehomes.com/developments/hertfordshire/beaumont-manor-hemel-hempstead/home-0050","images/6552fa6482156303f5d6d5307fcf3f8303c8d7e01bde05e38b8c7149c63a125b.jpg","https://cdn.mediavalet.com/eunl/vistry-dam/pXbHggFboEioSSaREhmJgQ/ySvpZ3HbD0qqWT_srPJdow/Custom/Oakham%20Bedroom%201.jpg","Staged showhome bedroom."
"Beaumont Manor","The Somerton · Plot 50","4","https://www.countrysidehomes.com/developments/hertfordshire/beaumont-manor-hemel-hempstead/home-0050","images/4386c8f801adad8a3616e941dd1bb51193e891c7ae8f369393218bb67982db3a.jpg","https://cdn.mediavalet.com/eunl/vistry-dam/sgR1pcc0KkaW34Tq8Z-Qig/Qpiop3IQyEyIEZFtjkNgeA/Custom/Lewin%20Bedroom%203.jpg","Staged showhome bedroom."
"Beaumont Manor","The Somerton · Plot 50","4","https://www.countrysidehomes.com/developments/hertfordshire/beaumont-manor-hemel-hempstead/home-0050","images/99c4b85a986553c9f2c9f8f92a9417be1d685704b594c00187abc4323599be63.jpg","https://cdn.mediavalet.com/eunl/vistry-dam/59zaJGOqHEGxUWeOpUQmEQ/RUITgOYk7Eu4q6DoGAxHZg/Custom/Henly%20Bedroom%204.jpg","Staged showhome bedroom."
"Beaumont Manor","The Somerton · Plot 50","4","https://www.countrysidehomes.com/developments/hertfordshire/beaumont-manor-hemel-hempstead/home-0050","images/7219b58e5a3008c18f6a4f3e8b1b27323b96068147d6d5deac376d49ecfc8cc3.jpg","https://cdn.mediavalet.com/eunl/vistry-dam/2Jw5DPxswUevz5DhLVSK4w/rwtAec6qV0a-pTrnCQNE_Q/Custom/Henly%20Bathroom.jpg","Staged showhome bathroom."
"Beaumont Manor","The Somerton · Plot 50","4","https://www.countrysidehomes.com/developments/hertfordshire/beaumont-manor-hemel-hempstead/home-0050","images/9b4bbcc1beb5f4b8cb3cede4c0bf5c63e045e65c5c455690e581bb97b0a22436.jpg","https://mvdataappstorageeunlprod.blob.core.windows.net/medialibrary-34218e3cae6c4041a23eb8b1cf91be27-r/b2fce4fa872c40c297e3bee1cca67068/b2fce4fa872c40c297e3bee1cca67068/Large/SOMERTON%20GROUND%20FLOOR.jpg?sv=2017-04-17&sr=b&si=202008111853&sig=EWCwu1mxf%2BpM%2BNjJfC0V1eaLJ41I8T6UD%2F8qEouGgPY%3D&st=0162-09-19T09%3A16%3A56Z&se=2035-10-22T19%3A35%3A10Z","Staged showhome interior space."
"Beaumont Manor","The Somerton · Plot 50","4","https://www.countrysidehomes.com/developments/hertfordshire/beaumont-manor-hemel-hempstead/home-0050","images/8fac996119253e7e82d2be621db165e7902e482efba9446dd03690134aa37f4a.jpg","https://mvdataappstorageeunlprod.blob.core.windows.net/medialibrary-34218e3cae6c4041a23eb8b1cf91be27-r/41e789aeba574aecad90281fd1181e4d/41e789aeba574aecad90281fd1181e4d/Large/SOMERTON%20FIRST%20FLOOR.jpg?sv=2017-04-17&sr=b&si=202008111853&sig=BHGa8I%2FZ%2FUKwZxcSJ3eonDZz%2BBzM15nghX0wriBbNJY%3D&st=1170-11-28T07%3A45%3A39Z&se=2035-10-22T19%3A37%3A01Z","Staged showhome interior space."
"Beaumont Manor","The Cranbrook · Plot 23","3","https://www.countrysidehomes.com/developments/hertfordshire/beaumont-manor-hemel-hempstead/home-0023","images/64fac8b0de78a4e65ea6e992c1baf0a45c36ae392b5281e6ed278bb9fcf093c4.jpg","https://cdn.mediavalet.com/eunl/vistry-dam/jJaTi4qUOUOadyTUSJ1O5g/SeFJL2d0UEWrqE4uo4mFQw/Custom/Cranbrook%20CGI.jpg","Staged showhome interior space."
"Beaumont Manor","The Cranbrook · Plot 23","3","https://www.countrysidehomes.com/developments/hertfordshire/beaumont-manor-hemel-hempstead/home-0023","images/b59d1108738ae8965f7ce55c68f5212826e27538d302bf90d98728b44af0f6a2.jpg","https://cdn.mediavalet.com/eunl/vistry-dam/Zd5gjhWtKECSmv27LUN4RQ/DO1opdMXF0CyFNs5yKn99Q/Custom/Cranbrook%20Kitchen.jpg","Staged showhome kitchen."
"Beaumont Manor","The Cranbrook · Plot 23","3","https://www.countrysidehomes.com/developments/hertfordshire/beaumont-manor-hemel-hempstead/home-0023","images/f250cef543490d3d2151bc323970b2400b91026c6b96ebd0cb8cf5e25621dcf7.jpg","https://cdn.mediavalet.com/eunl/vistry-dam/-3WMSy7z6UeEluxXcgIEYw/ISs9ANHvbEe0Y-lOuwn92A/Custom/Cranbrook%20Kitchen%20Dining.jpg","Staged showhome kitchen."
"Beaumont Manor","The Cranbrook · Plot 23","3","https://www.countrysidehomes.com/developments/hertfordshire/beaumont-manor-hemel-hempstead/home-0023","images/ae89de3a9c1a13c75c0926eb8b352ee92e2d77f8ec36fc1758293cc085ad1f24.jpg","https://cdn.mediavalet.com/eunl/vistry-dam/m8Y938WNZEG7JGCV2-cnHA/mVJjkfg3aUiG79G2Vrbrug/Custom/Skylark%20Living%20Room.jpg","Staged showhome living room."
"Beaumont Manor","The Cranbrook · Plot 23","3","https://www.countrysidehomes.com/developments/hertfordshire/beaumont-manor-hemel-hempstead/home-0023","images/e72193d7d464f667ef904a199df78f70fe768500ab9d125285b2fc4fc5980269.jpg","https://cdn.mediavalet.com/eunl/vistry-dam/3yWfLMvH3k-oYrAj3vrpqQ/YMTDiKroIUabJPxzWIItYg/Custom/Skylark%20Master.jpg","Staged showhome interior space."
"Beaumont Manor","The Cranbrook · Plot 23","3","https://www.countrysidehomes.com/developments/hertfordshire/beaumont-manor-hemel-hempstead/home-0023","images/a27327fa3ede015120f02f7e06e99b6b9eebc4a4223cf17291779852b1fbe8de.jpg","https://cdn.mediavalet.com/eunl/vistry-dam/Mw4V5fteWUeTCdMQqabUEA/3kDbWRexJU22KkHfSBcQWA/Custom/Henly%20Ensuite.jpg","Staged showhome bathroom."
"Beaumont Manor","The Cranbrook · Plot 23","3","https://www.countrysidehomes.com/developments/hertfordshire/beaumont-manor-hemel-hempstead/home-0023","images/6552fa6482156303f5d6d5307fcf3f8303c8d7e01bde05e38b8c7149c63a125b.jpg","https://cdn.mediavalet.com/eunl/vistry-dam/pXbHggFboEioSSaREhmJgQ/ySvpZ3HbD0qqWT_srPJdow/Custom/Oakham%20Bedroom%201.jpg","Staged showhome bedroom."
"Beaumont Manor","The Cranbrook · Plot 23","3","https://www.countrysidehomes.com/developments/hertfordshire/beaumont-manor-hemel-hempstead/home-0023","images/99c4b85a986553c9f2c9f8f92a9417be1d685704b594c00187abc4323599be63.jpg","https://cdn.mediavalet.com/eunl/vistry-dam/59zaJGOqHEGxUWeOpUQmEQ/RUITgOYk7Eu4q6DoGAxHZg/Custom/Henly%20Bedroom%204.jpg","Staged showhome bedroom."
"Beaumont Manor","The Cranbrook · Plot 23","3","https://www.countrysidehomes.com/developments/hertfordshire/beaumont-manor-hemel-hempstead/home-0023","images/7219b58e5a3008c18f6a4f3e8b1b27323b96068147d6d5deac376d49ecfc8cc3.jpg","https://cdn.mediavalet.com/eunl/vistry-dam/2Jw5DPxswUevz5DhLVSK4w/rwtAec6qV0a-pTrnCQNE_Q/Custom/Henly%20Bathroom.jpg","Staged showhome bathroom."
"Beaumont Manor","The Cranbrook · Plot 23","3","https://www.countrysidehomes.com/developments/hertfordshire/beaumont-manor-hemel-hempstead/home-0023","images/2e2ce2ff84caf986d63e382d2f60e29d9d03e3ee2f2327982fba63c02257225c.jpg","https://mvdataappstorageeunlprod.blob.core.windows.net/medialibrary-34218e3cae6c4041a23eb8b1cf91be27-r/ec567e8470404e7f9c2d15e6de42c8fa/ec567e8470404e7f9c2d15e6de42c8fa/Large/CRANBROOK%20GROUND%20FLOOR.jpg?sv=2017-04-17&sr=b&si=202008111853&sig=3R%2BYVkGMNJzH1dS5Ffpi78yxGnInIbuRNGlqC3jwE0Q%3D&st=1089-12-26T00%3A10%3A30Z&se=2035-01-14T20%3A32%3A14Z","Staged showhome interior space."
"Beaumont Manor","The Cranbrook · Plot 23","3","https://www.countrysidehomes.com/developments/hertfordshire/beaumont-manor-hemel-hempstead/home-0023","images/0cb1513905f0fa6af65a8cc819780f4c30dd2200e87d55f12b488726f8edee69.jpg","https://mvdataappstorageeunlprod.blob.core.windows.net/medialibrary-34218e3cae6c4041a23eb8b1cf91be27-r/bf5094e3fcc547fdb51aec2950b0d9f2/bf5094e3fcc547fdb51aec2950b0d9f2/Large/CRANBROOK%20FIRST%20FLOOR.jpg?sv=2017-04-17&sr=b&si=202008111853&sig=YOQdf6LKa528CGFekdNPoP0WGvJ46SzQpqER8lfrImg%3D&st=0001-01-01T00%3A00%3A00Z&se=2035-01-14T20%3A35%3A41Z","Staged showhome interior space."
"Beaumont Manor","The Pembroke · Plot 25","3","https://www.countrysidehomes.com/developments/hertfordshire/beaumont-manor-hemel-hempstead/home-0025","images/101b8bff31cd7efc91e509cb22e585974ff563b06dff7e79f4782218685c1f0a.jpg","https://cdn.mediavalet.com/eunl/vistry-dam/pw9o7gF1y0eM5aiui-9_4A/sIjyoYV2X0-oCYyGurzWzw/Custom/Pembroke%20open%20plan%20living.jpg","Staged showhome living room."
"Beaumont Manor","The Pembroke · Plot 25","3","https://www.countrysidehomes.com/developments/hertfordshire/beaumont-manor-hemel-hempstead/home-0025","images/664d3d8df7a6acc8cb52e61b6f526e5fc723700e63f527d637f9ce2e575829da.jpg","https://cdn.mediavalet.com/eunl/vistry-dam/62LWV4UM8keF00oGc-hBFg/kBiRrxLjqkWk7X97WWAjXg/Custom/Pembroke%20CGI.jpg","Staged showhome interior space."
"Beaumont Manor","The Pembroke · Plot 25","3","https://www.countrysidehomes.com/developments/hertfordshire/beaumont-manor-hemel-hempstead/home-0025","images/8678b847bf6d122ff143255bf6f83874927da20c73ee3dc2868f07984f29fb9f.jpg","https://cdn.mediavalet.com/eunl/vistry-dam/jnwUcFviiEmeyX6hy0R1bA/CwUrYODhkkKq4-wWhro0pg/Custom/Pembroke%20Kitchen%20Dining.jpg","Staged showhome kitchen."
"Beaumont Manor","The Pembroke · Plot 25","3","https://www.countrysidehomes.com/developments/hertfordshire/beaumont-manor-hemel-hempstead/home-0025","images/6552fa6482156303f5d6d5307fcf3f8303c8d7e01bde05e38b8c7149c63a125b.jpg","https://cdn.mediavalet.com/eunl/vistry-dam/pXbHggFboEioSSaREhmJgQ/ySvpZ3HbD0qqWT_srPJdow/Custom/Oakham%20Bedroom%201.jpg","Staged showhome bedroom."
"Beaumont Manor","The Pembroke · Plot 25","3","https://www.countrysidehomes.com/developments/hertfordshire/beaumont-manor-hemel-hempstead/home-0025","images/a27327fa3ede015120f02f7e06e99b6b9eebc4a4223cf17291779852b1fbe8de.jpg","https://cdn.mediavalet.com/eunl/vistry-dam/Mw4V5fteWUeTCdMQqabUEA/3kDbWRexJU22KkHfSBcQWA/Custom/Henly%20Ensuite.jpg","Staged showhome bathroom."
"Beaumont Manor","The Pembroke · Plot 25","3","https://www.countrysidehomes.com/developments/hertfordshire/beaumont-manor-hemel-hempstead/home-0025","images/28d9098bf4bd170b5696b4612af4447205e7debb8148b1c44a28ed83b1a114e0.jpg","https://cdn.mediavalet.com/eunl/vistry-dam/1Q--ZT9Zdka1gl0PiJ_wNA/U1I2Zl83i025F3JuyuhPcw/Custom/Oakham%20Bedroom%202.jpg","Staged showhome bedroom."
"Beaumont Manor","The Pembroke · Plot 25","3","https://www.countrysidehomes.com/developments/hertfordshire/beaumont-manor-hemel-hempstead/home-0025","images/99c4b85a986553c9f2c9f8f92a9417be1d685704b594c00187abc4323599be63.jpg","https://cdn.mediavalet.com/eunl/vistry-dam/59zaJGOqHEGxUWeOpUQmEQ/RUITgOYk7Eu4q6DoGAxHZg/Custom/Henly%20Bedroom%204.jpg","Staged showhome bedroom."
"Beaumont Manor","The Pembroke · Plot 25","3","https://www.countrysidehomes.com/developments/hertfordshire/beaumont-manor-hemel-hempstead/home-0025","images/7219b58e5a3008c18f6a4f3e8b1b27323b96068147d6d5deac376d49ecfc8cc3.jpg","https://cdn.mediavalet.com/eunl/vistry-dam/2Jw5DPxswUevz5DhLVSK4w/rwtAec6qV0a-pTrnCQNE_Q/Custom/Henly%20Bathroom.jpg","Staged showhome bathroom."
"Beaumont Manor","The Pembroke · Plot 25","3","https://www.countrysidehomes.com/developments/hertfordshire/beaumont-manor-hemel-hempstead/home-0025","images/2c9cd17cb2fe6b1fa0db5763fbe2920365fc349f55d1655456eeff9ba31b5922.jpg","https://mvdataappstorageeunlprod.blob.core.windows.net/medialibrary-34218e3cae6c4041a23eb8b1cf91be27/4edf8dacc2e84e129f37bb217f8f0c15/4edf8dacc2e84e129f37bb217f8f0c15/Original/Pembroke-Ground-Floor.jpg?sv=2017-04-17&sr=b&si=202008111744&sig=E9fvIsFQYikCtflZkzJaNIEHRLSkUs1jaEsoxlvVrPg%3D&st=1430-03-23T19%3A10%3A53Z&se=2036-09-18T00%3A00%3A59Z&rsct=application%2Foctet-stream&rscd=attachment%3B%20filename%2A%3DUTF-8%27%27Pembroke-Ground-Floor.jpg","Staged showhome interior space."
"Beaumont Manor","The Pembroke · Plot 25","3","https://www.countrysidehomes.com/developments/hertfordshire/beaumont-manor-hemel-hempstead/home-0025","images/7a510c2cca3a8608bb4ac92a5f6f8b108d5ae6b5115f3507325b4ecf773e8502.jpg","https://mvdataappstorageeunlprod.blob.core.windows.net/medialibrary-34218e3cae6c4041a23eb8b1cf91be27/e367fbee4c69487fa02896f3d3b9e058/e367fbee4c69487fa02896f3d3b9e058/Original/Pembroke-First-Floor.jpg?sv=2017-04-17&sr=b&si=202008111744&sig=GwFVaBTOsqEcz4seBfBWbkPuWZUETOq%2ByeSqoExMnUs%3D&st=0366-03-21T19%3A31%3A06Z&se=2036-09-18T00%3A02%3A20Z&rsct=application%2Foctet-stream&rscd=attachment%3B%20filename%2A%3DUTF-8%27%27Pembroke-First-Floor.jpg","Staged showhome interior space."
"Beaumont Manor","The Brampton · Plot 48","2","https://www.countrysidehomes.com/developments/hertfordshire/beaumont-manor-hemel-hempstead/home-0048","images/b4bceb02259234bf70b64ee1c730808d8e28aa9b6ecb121bbd62185e5b56dd1d.jpg","https://cdn.mediavalet.com/eunl/vistry-dam/9-dSqvjETUWjjVESZ2nPQw/WaUJ6L_BcUy5siQ8RL8LKA/Custom/Oakham%20Open%20Plan.jpg","Staged showhome interior space."
"Beaumont Manor","The Brampton · Plot 48","2","https://www.countrysidehomes.com/developments/hertfordshire/beaumont-manor-hemel-hempstead/home-0048","images/00e413c3354927ca716c1d3079731067f32eece5fe34c4dc2c4e77b8a2112e1d.jpg","https://cdn.mediavalet.com/eunl/vistry-dam/4uWhu-XzDU-Yu5Y5K07YBw/xWXD8TZEBU-msjiMowcz1g/Custom/H02%20Plots%2043-46.jpg","Staged showhome interior space."
"Beaumont Manor","The Brampton · Plot 48","2","https://www.countrysidehomes.com/developments/hertfordshire/beaumont-manor-hemel-hempstead/home-0048","images/e240c55711ca7531d9b9045ce8a0428be4194dbe19a21fb7fc50df9e6b3f5cfc.jpg","https://cdn.mediavalet.com/eunl/vistry-dam/VXQDAkN-lkWtSjviS_2wEg/lcYonTl6-EmjYW4QgnLy7Q/Custom/Oakham%20Dining%20Living.jpg","Staged showhome kitchen."
"Beaumont Manor","The Brampton · Plot 48","2","https://www.countrysidehomes.com/developments/hertfordshire/beaumont-manor-hemel-hempstead/home-0048","images/ebf8bc283d3a9eb3e1de4aad71bbb0ac3dff32124c78199e8ae180f901aa9635.jpg","https://cdn.mediavalet.com/eunl/vistry-dam/cveF2NPhcE2osFzP8qyfkg/lKt5Np6EU0KjzibLJ7Sw7w/Custom/Oakham%20Kitchen.jpg","Staged showhome kitchen."
"Beaumont Manor","The Brampton · Plot 48","2","https://www.countrysidehomes.com/developments/hertfordshire/beaumont-manor-hemel-hempstead/home-0048","images/6552fa6482156303f5d6d5307fcf3f8303c8d7e01bde05e38b8c7149c63a125b.jpg","https://cdn.mediavalet.com/eunl/vistry-dam/pXbHggFboEioSSaREhmJgQ/ySvpZ3HbD0qqWT_srPJdow/Custom/Oakham%20Bedroom%201.jpg","Staged showhome bedroom."
"Beaumont Manor","The Brampton · Plot 48","2","https://www.countrysidehomes.com/developments/hertfordshire/beaumont-manor-hemel-hempstead/home-0048","images/a27327fa3ede015120f02f7e06e99b6b9eebc4a4223cf17291779852b1fbe8de.jpg","https://cdn.mediavalet.com/eunl/vistry-dam/Mw4V5fteWUeTCdMQqabUEA/3kDbWRexJU22KkHfSBcQWA/Custom/Henly%20Ensuite.jpg","Staged showhome bathroom."
"Beaumont Manor","The Brampton · Plot 48","2","https://www.countrysidehomes.com/developments/hertfordshire/beaumont-manor-hemel-hempstead/home-0048","images/28d9098bf4bd170b5696b4612af4447205e7debb8148b1c44a28ed83b1a114e0.jpg","https://cdn.mediavalet.com/eunl/vistry-dam/1Q--ZT9Zdka1gl0PiJ_wNA/U1I2Zl83i025F3JuyuhPcw/Custom/Oakham%20Bedroom%202.jpg","Staged showhome bedroom."
"Beaumont Manor","The Brampton · Plot 48","2","https://www.countrysidehomes.com/developments/hertfordshire/beaumont-manor-hemel-hempstead/home-0048","images/df51d793a065afe6675009fa0f94aa017c49beaadf50029539ed153e9a84e697.jpg","https://cdn.mediavalet.com/eunl/vistry-dam/wfugIhEIt0yWpff0e7L1Gg/jCWNgGBdnU6_Ts-ELaxVQQ/Custom/Oakham%20Bathroom.jpg","Staged showhome bathroom."
"Beaumont Manor","The Brampton · Plot 48","2","https://www.countrysidehomes.com/developments/hertfordshire/beaumont-manor-hemel-hempstead/home-0048","images/17cd56bcfe1ff9598909c81392c7fc09636f1d6ec782190f534d84fdae4ccf82.jpg","https://mvdataappstorageeunlprod.blob.core.windows.net/medialibrary-34218e3cae6c4041a23eb8b1cf91be27/24ce4f9799e44b099b59999769d1b7d2/24ce4f9799e44b099b59999769d1b7d2/Original/911406081-the-yellowhammer_sf.jpg?sv=2017-04-17&sr=b&si=202008111744&sig=R7eFooiUKWf3Uv%2BYE6Rs4yq%2BsgnipZoG4LLDBhkGLFw%3D&st=1088-03-11T18%3A49%3A58Z&se=2036-09-18T00%3A05%3A16Z&rsct=application%2Foctet-stream&rscd=attachment%3B%20filename%2A%3DUTF-8%27%27911406081-the-yellowhammer_sf.jpg","Staged showhome interior space."
"Beaumont Manor","The Brampton · Plot 48","2","https://www.countrysidehomes.com/developments/hertfordshire/beaumont-manor-hemel-hempstead/home-0048","images/9dac7d61d32b2fec87607c187f4473063a118673a3a28ac5d185d43f71cb306a.jpg","https://mvdataappstorageeunlprod.blob.core.windows.net/medialibrary-34218e3cae6c4041a23eb8b1cf91be27/8007168caf994c5390b0f8af5691d0b8/8007168caf994c5390b0f8af5691d0b8/Original/BRAMPTON%20FIRST%20FLOOR.jpg?sv=2017-04-17&sr=b&si=202008111744&sig=FaJB8Z0IrS7wfWj8iwy%2FZITcyMizRv7hqvTCVlO5W60%3D&st=1416-06-13T03%3A22%3A34Z&se=2036-09-18T00%3A06%3A15Z&rsct=application%2Foctet-stream&rscd=attachment%3B%20filename%2A%3DUTF-8%27%27BRAMPTON%2520FIRST%2520FLOOR.jpg","Staged showhome interior space."
"Beaumont Manor","The Brampton · Plot 45","2","https://www.countrysidehomes.com/developments/hertfordshire/beaumont-manor-hemel-hempstead/home-0045","images/e240c55711ca7531d9b9045ce8a0428be4194dbe19a21fb7fc50df9e6b3f5cfc.jpg","https://cdn.mediavalet.com/eunl/vistry-dam/VXQDAkN-lkWtSjviS_2wEg/lcYonTl6-EmjYW4QgnLy7Q/Custom/Oakham%20Dining%20Living.jpg","Staged showhome kitchen."
"Beaumont Manor","The Brampton · Plot 45","2","https://www.countrysidehomes.com/developments/hertfordshire/beaumont-manor-hemel-hempstead/home-0045","images/00e413c3354927ca716c1d3079731067f32eece5fe34c4dc2c4e77b8a2112e1d.jpg","https://cdn.mediavalet.com/eunl/vistry-dam/4uWhu-XzDU-Yu5Y5K07YBw/xWXD8TZEBU-msjiMowcz1g/Custom/H02%20Plots%2043-46.jpg","Staged showhome interior space."
"Beaumont Manor","The Brampton · Plot 45","2","https://www.countrysidehomes.com/developments/hertfordshire/beaumont-manor-hemel-hempstead/home-0045","images/ebf8bc283d3a9eb3e1de4aad71bbb0ac3dff32124c78199e8ae180f901aa9635.jpg","https://cdn.mediavalet.com/eunl/vistry-dam/cveF2NPhcE2osFzP8qyfkg/lKt5Np6EU0KjzibLJ7Sw7w/Custom/Oakham%20Kitchen.jpg","Staged showhome kitchen."
"Beaumont Manor","The Brampton · Plot 45","2","https://www.countrysidehomes.com/developments/hertfordshire/beaumont-manor-hemel-hempstead/home-0045","images/b4bceb02259234bf70b64ee1c730808d8e28aa9b6ecb121bbd62185e5b56dd1d.jpg","https://cdn.mediavalet.com/eunl/vistry-dam/9-dSqvjETUWjjVESZ2nPQw/WaUJ6L_BcUy5siQ8RL8LKA/Custom/Oakham%20Open%20Plan.jpg","Staged showhome interior space."
"Beaumont Manor","The Brampton · Plot 45","2","https://www.countrysidehomes.com/developments/hertfordshire/beaumont-manor-hemel-hempstead/home-0045","images/6552fa6482156303f5d6d5307fcf3f8303c8d7e01bde05e38b8c7149c63a125b.jpg","https://cdn.mediavalet.com/eunl/vistry-dam/pXbHggFboEioSSaREhmJgQ/ySvpZ3HbD0qqWT_srPJdow/Custom/Oakham%20Bedroom%201.jpg","Staged showhome bedroom."
"Beaumont Manor","The Brampton · Plot 45","2","https://www.countrysidehomes.com/developments/hertfordshire/beaumont-manor-hemel-hempstead/home-0045","images/a27327fa3ede015120f02f7e06e99b6b9eebc4a4223cf17291779852b1fbe8de.jpg","https://cdn.mediavalet.com/eunl/vistry-dam/Mw4V5fteWUeTCdMQqabUEA/3kDbWRexJU22KkHfSBcQWA/Custom/Henly%20Ensuite.jpg","Staged showhome bathroom."
"Beaumont Manor","The Brampton · Plot 45","2","https://www.countrysidehomes.com/developments/hertfordshire/beaumont-manor-hemel-hempstead/home-0045","images/28d9098bf4bd170b5696b4612af4447205e7debb8148b1c44a28ed83b1a114e0.jpg","https://cdn.mediavalet.com/eunl/vistry-dam/1Q--ZT9Zdka1gl0PiJ_wNA/U1I2Zl83i025F3JuyuhPcw/Custom/Oakham%20Bedroom%202.jpg","Staged showhome bedroom."
"Beaumont Manor","The Brampton · Plot 45","2","https://www.countrysidehomes.com/developments/hertfordshire/beaumont-manor-hemel-hempstead/home-0045","images/df51d793a065afe6675009fa0f94aa017c49beaadf50029539ed153e9a84e697.jpg","https://cdn.mediavalet.com/eunl/vistry-dam/wfugIhEIt0yWpff0e7L1Gg/jCWNgGBdnU6_Ts-ELaxVQQ/Custom/Oakham%20Bathroom.jpg","Staged showhome bathroom."
"Beaumont Manor","The Brampton · Plot 45","2","https://www.countrysidehomes.com/developments/hertfordshire/beaumont-manor-hemel-hempstead/home-0045","images/8cbe37c2ea83ca6fccf40c3c17a04ce5d59d367674bfd9edc3359ea5df86acc5.jpg","https://mvdataappstorageeunlprod.blob.core.windows.net/medialibrary-34218e3cae6c4041a23eb8b1cf91be27/861d682aba0d439497fbd443950d8a0c/861d682aba0d439497fbd443950d8a0c/Original/BRAMPTON%20GROUND%20FLOOR.jpg?sv=2017-04-17&sr=b&si=202008111744&sig=Pc1P2AHZwKHtT7NtYFWybXpF33b8H2AL43cfaBa%2BgJ4%3D&st=0001-01-01T00%3A00%3A00Z&se=2036-03-02T20%3A51%3A39Z&rsct=application%2Foctet-stream&rscd=attachment%3B%20filename%2A%3DUTF-8%27%27BRAMPTON%2520GROUND%2520FLOOR.jpg","Staged showhome interior space."
"Beaumont Manor","The Brampton · Plot 45","2","https://www.countrysidehomes.com/developments/hertfordshire/beaumont-manor-hemel-hempstead/home-0045","images/9dac7d61d32b2fec87607c187f4473063a118673a3a28ac5d185d43f71cb306a.jpg","https://mvdataappstorageeunlprod.blob.core.windows.net/medialibrary-34218e3cae6c4041a23eb8b1cf91be27/8007168caf994c5390b0f8af5691d0b8/8007168caf994c5390b0f8af5691d0b8/Original/BRAMPTON%20FIRST%20FLOOR.jpg?sv=2017-04-17&sr=b&si=202008111744&sig=FaJB8Z0IrS7wfWj8iwy%2FZITcyMizRv7hqvTCVlO5W60%3D&st=1416-06-13T03%3A22%3A34Z&se=2036-09-18T00%3A06%3A15Z&rsct=application%2Foctet-stream&rscd=attachment%3B%20filename%2A%3DUTF-8%27%27BRAMPTON%2520FIRST%2520FLOOR.jpg","Staged showhome interior space."
"Beaumont Manor","The Oakham · Plot 30","2","https://www.countrysidehomes.com/developments/hertfordshire/beaumont-manor-hemel-hempstead/home-0030","images/6552fa6482156303f5d6d5307fcf3f8303c8d7e01bde05e38b8c7149c63a125b.jpg","https://cdn.mediavalet.com/eunl/vistry-dam/pXbHggFboEioSSaREhmJgQ/ySvpZ3HbD0qqWT_srPJdow/Custom/Oakham%20Bedroom%201.jpg","Staged showhome bedroom."
"Beaumont Manor","The Oakham · Plot 30","2","https://www.countrysidehomes.com/developments/hertfordshire/beaumont-manor-hemel-hempstead/home-0030","images/41a78eecc6400479aa6f04e459ec2c746c2ebe58d4abf90e5a45725c211da4cb.jpg","https://cdn.mediavalet.com/eunl/vistry-dam/mJrq2kqgIU--TauxRGy1Zg/pmeCqm82_U2EPlW-NNUtfA/Custom/Oakham%20CGI.jpg","Staged showhome interior space."
"Beaumont Manor","The Oakham · Plot 30","2","https://www.countrysidehomes.com/developments/hertfordshire/beaumont-manor-hemel-hempstead/home-0030","images/ebf8bc283d3a9eb3e1de4aad71bbb0ac3dff32124c78199e8ae180f901aa9635.jpg","https://cdn.mediavalet.com/eunl/vistry-dam/cveF2NPhcE2osFzP8qyfkg/lKt5Np6EU0KjzibLJ7Sw7w/Custom/Oakham%20Kitchen.jpg","Staged showhome kitchen."
"Beaumont Manor","The Oakham · Plot 30","2","https://www.countrysidehomes.com/developments/hertfordshire/beaumont-manor-hemel-hempstead/home-0030","images/b4bceb02259234bf70b64ee1c730808d8e28aa9b6ecb121bbd62185e5b56dd1d.jpg","https://cdn.mediavalet.com/eunl/vistry-dam/9-dSqvjETUWjjVESZ2nPQw/WaUJ6L_BcUy5siQ8RL8LKA/Custom/Oakham%20Open%20Plan.jpg","Staged showhome interior space."
"Beaumont Manor","The Oakham · Plot 30","2","https://www.countrysidehomes.com/developments/hertfordshire/beaumont-manor-hemel-hempstead/home-0030","images/e240c55711ca7531d9b9045ce8a0428be4194dbe19a21fb7fc50df9e6b3f5cfc.jpg","https://cdn.mediavalet.com/eunl/vistry-dam/VXQDAkN-lkWtSjviS_2wEg/lcYonTl6-EmjYW4QgnLy7Q/Custom/Oakham%20Dining%20Living.jpg","Staged showhome kitchen."
"Beaumont Manor","The Oakham · Plot 30","2","https://www.countrysidehomes.com/developments/hertfordshire/beaumont-manor-hemel-hempstead/home-0030","images/28d9098bf4bd170b5696b4612af4447205e7debb8148b1c44a28ed83b1a114e0.jpg","https://cdn.mediavalet.com/eunl/vistry-dam/1Q--ZT9Zdka1gl0PiJ_wNA/U1I2Zl83i025F3JuyuhPcw/Custom/Oakham%20Bedroom%202.jpg","Staged showhome bedroom."
"Beaumont Manor","The Oakham · Plot 30","2","https://www.countrysidehomes.com/developments/hertfordshire/beaumont-manor-hemel-hempstead/home-0030","images/df51d793a065afe6675009fa0f94aa017c49beaadf50029539ed153e9a84e697.jpg","https://cdn.mediavalet.com/eunl/vistry-dam/wfugIhEIt0yWpff0e7L1Gg/jCWNgGBdnU6_Ts-ELaxVQQ/Custom/Oakham%20Bathroom.jpg","Staged showhome bathroom."
"Beaumont Manor","The Oakham · Plot 30","2","https://www.countrysidehomes.com/developments/hertfordshire/beaumont-manor-hemel-hempstead/home-0030","images/eaa91df320cbee960ca2379c6b04aa1c2c1d797bc501050db2875a64290fcd10.jpg","https://mvdataappstorageeunlprod.blob.core.windows.net/medialibrary-34218e3cae6c4041a23eb8b1cf91be27-r/7c146401da07424a95e6022c048afae2/7c146401da07424a95e6022c048afae2/Large/OAKHAM%20GROUND%20FLOOR.jpg?sv=2017-04-17&sr=b&si=202008111853&sig=zCoUuIDdSO0MkWvGjn45FA%2F%2FXfcAcNCa4EWDkRu6xa0%3D&st=1063-02-15T07%3A59%3A25Z&se=2035-05-07T23%3A48%3A20Z","Staged showhome interior space."
"Beaumont Manor","The Oakham · Plot 30","2","https://www.countrysidehomes.com/developments/hertfordshire/beaumont-manor-hemel-hempstead/home-0030","images/4b82118974a5ff4c1f42d8d9cb81886dd64e71c6aa84aadfcbf60c859cbead53.jpg","https://mvdataappstorageeunlprod.blob.core.windows.net/medialibrary-34218e3cae6c4041a23eb8b1cf91be27-r/8a0e43e6cdb8476bb6a6a37b47eaa514/8a0e43e6cdb8476bb6a6a37b47eaa514/Large/OAKHAM%20FIRST%20FLOOR.jpg?sv=2017-04-17&sr=b&si=202008111853&sig=fkFKK7LscRr3ahsXaglY5QXJ5ssHSZYtSNNAAOaRxlM%3D&st=1340-09-05T11%3A50%3A36Z&se=2035-05-07T23%3A49%3A30Z","Staged showhome interior space."
"Beaumont Manor","Beaumont Manor development gallery","","https://www.countrysidehomes.com/developments/hertfordshire/beaumont-manor-hemel-hempstead","images/322f780e6f424f4677d838d4e68c6484bdb730b0463847c54190d349b6b798df.jpg","https://cdn.mediavalet.com/eunl/vistry-dam/SUy8fncyXUmh-dWszAxIZQ/CDTeXv4UsESeT6ACVWkKow/Custom/252234%20Vistry%20Beaumont%20Manor%20009a.jpg","Staged showhome interior space."
"Beaumont Manor","Beaumont Manor development gallery","","https://www.countrysidehomes.com/developments/hertfordshire/beaumont-manor-hemel-hempstead","images/6f9fdcfcbbdd969981bd7d2fd083e6603c3494bde2c27f8a01ed41848ad02d0c.jpg","https://cdn.mediavalet.com/eunl/vistry-dam/YKpuOOKA3EO91kWzGVCnaQ/Ul5NJK_9qUuJ4CTZBuUPpA/Custom/Henly%20Open%20Plan.jpg","Staged showhome interior space."
"Beaumont Manor","Beaumont Manor development gallery","","https://www.countrysidehomes.com/developments/hertfordshire/beaumont-manor-hemel-hempstead","images/d53514ddbdd0df310eb8a7c3bca98cf0458ff28b213c9576295759554be6b131.jpg","https://cdn.mediavalet.com/eunl/vistry-dam/9-dSqvjETUWjjVESZ2nPQw/0da7n2c7akW08ntjvTQINQ/Custom/Oakham%20Open%20Plan.jpg","Staged showhome interior space."
"Beaumont Manor","Beaumont Manor development gallery","","https://www.countrysidehomes.com/developments/hertfordshire/beaumont-manor-hemel-hempstead","images/d8d2499b1fb4e7802a1c7a93f15f79ea5d1dfc7c464c84b86456371ca6e77911.jpg","https://cdn.mediavalet.com/eunl/vistry-dam/Mlb14fq-xEaSbLo9z6gF5Q/iOWJ5RFlrkqRy8XKh1J6vg/Custom/252234%20Vistry%20Beaumont%20Manor%20030a.jpg","Staged showhome interior space."
"Beaumont Manor","Beaumont Manor development gallery","","https://www.countrysidehomes.com/developments/hertfordshire/beaumont-manor-hemel-hempstead","images/3ec046294047f13044bcc32ad38194aa3e5478a02511e1e044b9bd1ff4b2ee72.jpg","https://cdn.mediavalet.com/eunl/vistry-dam/GfTBnzyLDEGMMRcyQxaYvA/BEa6U5xBNk6oHbSe4_GIgw/Custom/Henly%20Kitchen%20Spec.jpg","Staged showhome kitchen."
"Beaumont Manor","Beaumont Manor development gallery","","https://www.countrysidehomes.com/developments/hertfordshire/beaumont-manor-hemel-hempstead","images/78a2200524e38d6d23a2a89ca41a3ffe85a974cb4462d9c38449cc1440b77a71.jpg","https://cdn.mediavalet.com/eunl/vistry-dam/cs7tVy9yb0aEFjnA0NW6hQ/nEEvR0mm9U-xDnzTC5JJ7A/Custom/Henly%20Living%20Dining.jpg","Staged showhome kitchen."
"Beaumont Manor","Beaumont Manor development gallery","","https://www.countrysidehomes.com/developments/hertfordshire/beaumont-manor-hemel-hempstead","images/39e8b241f759115497b676fc606a471b8d8529dacf8ccdb041f66e0cec27f146.jpg","https://cdn.mediavalet.com/eunl/vistry-dam/c68WKRWZOES-h0WF9It7SQ/nwH2IY-TWkK0OmnwsNJ7OQ/Custom/Henly%20Bedroom%203.jpg","Staged showhome bedroom."
"Beaumont Manor","Beaumont Manor development gallery","","https://www.countrysidehomes.com/developments/hertfordshire/beaumont-manor-hemel-hempstead","images/43e22f99648b976347d9e5bbd0eb6753c55d23531163118d80e936137868ca1e.jpg","https://cdn.mediavalet.com/eunl/vistry-dam/2vGXZMUzX0CjujaWBEI5hw/6kd5M9Bxnk-mjFVOgdjY9A/Custom/252234%20Vistry%20Beaumont%20Manor%20036a.jpg","Staged showhome interior space."
"Beaumont Manor","Beaumont Manor development gallery","","https://www.countrysidehomes.com/developments/hertfordshire/beaumont-manor-hemel-hempstead","images/6e4e1e8ba0974f0097555fedec4eb15f83a6a03334663214b992bd631ed37aa8.jpg","https://cdn.mediavalet.com/eunl/vistry-dam/pXbHggFboEioSSaREhmJgQ/nL5GTpexu0G_2juIgBfCaw/Custom/Oakham%20Bedroom%201.jpg","Staged showhome bedroom."
"Morella Woods","The Goldcrest · Plot 6","4","https://www.countrysidehomes.com/developments/kent/morella-woods-lenham/home-0006","images/49b4e7ba8b5a55b9a8e092318b3b972504c3d1c67906b836f617185bc79cee37.jpg","https://cdn.mediavalet.com/eunl/vistry-dam/YkL6XcoUy0qPHZPeOBI5cw/qbd2jXwe8U21k0eViQWz6A/Custom/%5BVRL%5D%20DS13831%20%5BCH%5D%20HT%20Goldcrest%20406%20Plot-29_web.jpg","Staged showhome interior space."
"Morella Woods","The Goldcrest · Plot 6","4","https://www.countrysidehomes.com/developments/kent/morella-woods-lenham/home-0006","images/e7e368a0347fc316050c4b847606d3c021df1db61cb9f6166e76825e30f43d44.jpg","https://cdn.mediavalet.com/eunl/vistry-dam/F_tPi404QkGOVINWEdk5TQ/meIkTg9vxk-3djTXBqRoeQ/Custom/Jackdaw%20Typical%20Interior%20%283%29.jpg","Staged showhome interior space."
"Morella Woods","The Goldcrest · Plot 6","4","https://www.countrysidehomes.com/developments/kent/morella-woods-lenham/home-0006","images/56b8242e55b40b0171994978c7ef3eba75df17324fb6f2e9ff8e0e943fa94b69.jpg","https://cdn.mediavalet.com/eunl/vistry-dam/jYzG1ayUuUGYPf-vI03gcA/kJjIT6ZuLECMpNSOqjvIEw/Custom/_52_5215.jpg","Staged showhome interior space."
"Morella Woods","The Goldcrest · Plot 6","4","https://www.countrysidehomes.com/developments/kent/morella-woods-lenham/home-0006","images/1667cde690479d0ab6fc5c17edd1f6a7032c05f274766f82f9f7fa3277a20e19.jpg","https://cdn.mediavalet.com/eunl/vistry-dam/RSfoLU7LsU-oHMEf49J6pQ/cslF3nwO4ECzqi-tVRN06Q/Custom/R51_1310.jpg","Staged showhome interior space."
"Morella Woods","The Goldcrest · Plot 6","4","https://www.countrysidehomes.com/developments/kent/morella-woods-lenham/home-0006","images/526ca57455311731ab675d9fc0d14d194d9defd1f271d655b22648fa01a4438d.jpg","https://cdn.mediavalet.com/eunl/vistry-dam/Pj0FilF5sEGW7K_Qpxkzkg/7EwoaJUk4kCycUqBbSKMIg/Custom/Eveleigh-Aug2021-034.jpg","Staged showhome interior space."
"Morella Woods","The Goldcrest · Plot 6","4","https://www.countrysidehomes.com/developments/kent/morella-woods-lenham/home-0006","images/3b67636197a271f7267ab1f3696644361c18b32a4dc3d16572083b8448067b5b.jpg","https://cdn.mediavalet.com/eunl/vistry-dam/qOzRQd3ueEWe-XDZg7QX8A/9kHQOHYKCEOtFarnaSR3SQ/Custom/Laurel%20Master%20Bedroom.jpg","Staged showhome bedroom."
"Morella Woods","The Goldcrest · Plot 6","4","https://www.countrysidehomes.com/developments/kent/morella-woods-lenham/home-0006","images/4d29b8e54c8ecd7874c135330a3e2671e742f3bf03a04f80fec6480047471d9a.jpg","https://cdn.mediavalet.com/eunl/vistry-dam/mbIKgdC3LkGT0ULSkS--rw/1El-ebWz7EOcb0bhc7_8OA/Custom/Brookmill%20Meadow-061-RT.jpg","Staged showhome interior space."
"Morella Woods","The Goldcrest · Plot 6","4","https://www.countrysidehomes.com/developments/kent/morella-woods-lenham/home-0006","images/f7d0b8ee39058eb9d89d7d24fbdb4c1d13802af7e6b7d75bfc8b09697de02bf6.jpg","https://mvdataappstorageeunlprod.blob.core.windows.net/medialibrary-34218e3cae6c4041a23eb8b1cf91be27-r/e6195b26effd4fbea1b2872c9d1f21d4/e6195b26effd4fbea1b2872c9d1f21d4/Large/[CH]%20Morella%20Woods%20goldcrest%20GF.jpg?sv=2017-04-17&sr=b&si=202008111853&sig=fCDoGOCayoinVEDEnLPoOYOG7QIcFP6edtMoK%2BFnKBc%3D&st=0779-12-19T13%3A23%3A48Z&se=2035-08-22T00%3A58%3A13Z","Staged showhome interior space."
"Morella Woods","The Goldcrest · Plot 6","4","https://www.countrysidehomes.com/developments/kent/morella-woods-lenham/home-0006","images/2032c71d350993538996ed4cd0c7db51bee80980dc3880e277848dd30fd670be.jpg","https://mvdataappstorageeunlprod.blob.core.windows.net/medialibrary-34218e3cae6c4041a23eb8b1cf91be27-r/a21ef6514d944eb489c82ae7b5f0d264/a21ef6514d944eb489c82ae7b5f0d264/Large/[CH]%20Morella%20Woods%20goldcrest%20FF.jpg?sv=2017-04-17&sr=b&si=202008111853&sig=tsjWwN%2F6VV3CUSv%2BjJqJMaNYTC%2FGI%2F2QjtroN9BYGSU%3D&st=0001-01-01T00%3A00%3A00Z&se=2035-08-22T00%3A59%3A31Z","Staged showhome interior space."
"Morella Woods","Chaffinch House · Plot 54","1","https://www.countrysidehomes.com/developments/kent/morella-woods-lenham/home-0054","images/720ad3d24e4f68355177eaa82c976485a5b4ec45f51d823e594d7593f93081b7.jpg","https://cdn.mediavalet.com/eunl/vistry-dam/UtxWqlzO2EqJJVGULmLMuA/mwU8EOBq1kC2aEVr_Ktbvg/Custom/%5BVRL%5D%20DS13831%20%5BCH%5D%20Chaffinch%20house%20Plots%2053-64_web.jpg","Staged showhome interior space."
"Morella Woods","Chaffinch House · Plot 54","1","https://www.countrysidehomes.com/developments/kent/morella-woods-lenham/home-0054","images/a7f8d3c70de2c9c47ebca2ef622b2b6625342bc8db47c00904d710e84f90db72.jpg","https://cdn.mediavalet.com/eunl/vistry-dam/kX2AMV6KZkCtCCIoaS06Kg/V__RHA1NjEek9yJXup4law/Custom/Typical%20Kitchen%201.jpg","Staged showhome kitchen."
"Morella Woods","Chaffinch House · Plot 54","1","https://www.countrysidehomes.com/developments/kent/morella-woods-lenham/home-0054","images/877dbd18132439615a161c0d0123a4a948ed4d9379d390bab658a9c732fefe9a.jpg","https://cdn.mediavalet.com/eunl/vistry-dam/SY-WRP21T0iVnkgOZo3NPQ/s8dyB92QPEmztoxR8TmmYA/Custom/Vistry%20Saddlers%20Reach%20Plot%20848%20270526%20056.jpg","Staged showhome interior space."
"Morella Woods","Chaffinch House · Plot 54","1","https://www.countrysidehomes.com/developments/kent/morella-woods-lenham/home-0054","images/c473a7d53f9c0e0b64a837a662762428065cae15401de67374c3157179f00cf3.jpg","https://cdn.mediavalet.com/eunl/vistry-dam/8LrZRD3ibUCmTmLL59pzvA/swIseBf_EUaLCZa1btl6_A/Custom/Vistry%20Saddlers%20Reach%20Plot%20848%20270526%20006.jpg","Staged showhome interior space."
"Morella Woods","Chaffinch House · Plot 54","1","https://www.countrysidehomes.com/developments/kent/morella-woods-lenham/home-0054","images/c693ad446aa4e25b0ae6be641f80bc3d9f5fea05715946de71486831b67de418.jpg","https://cdn.mediavalet.com/eunl/vistry-dam/87ZHT-Ow-ESbz99tFf7krA/RQI2wKp5tEuuFW8LYViiOQ/Custom/07063-01%20Q3%20Step%20In_Website_860x573px_IMGs11.jpg","Staged showhome interior space."
"Morella Woods","Chaffinch House · Plot 54","1","https://www.countrysidehomes.com/developments/kent/morella-woods-lenham/home-0054","images/3c475ee434536518ce5543b83b18321a2ad7e6deeaa18fc830b00eba902bb420.jpg","https://mvdataappstorageeunlprod.blob.core.windows.net/medialibrary-34218e3cae6c4041a23eb8b1cf91be27/dde598ce97a6460f8f7a8e29c5843ead/dde598ce97a6460f8f7a8e29c5843ead/Original/[CH]%20Morella%20Woods%20Chaffinch%20House%2054%20web.jpg?sv=2017-04-17&sr=b&si=202008111744&sig=5EcLc7emWwoSlPaq%2FIzZotwxyLKMGDUDNnKXTrlHGVM%3D&st=0159-12-14T00%3A37%3A15Z&se=2036-08-14T01%3A40%3A17Z&rsct=application%2Foctet-stream&rscd=attachment%3B%20filename%2A%3DUTF-8%27%27%255BCH%255D%2520Morella%2520Woods%2520Chaffinch%2520House%252054%2520web.jpg","Staged showhome interior space."
"Morella Woods","Chaffinch House · Plot 58","1","https://www.countrysidehomes.com/developments/kent/morella-woods-lenham/home-0058","images/a7f8d3c70de2c9c47ebca2ef622b2b6625342bc8db47c00904d710e84f90db72.jpg","https://cdn.mediavalet.com/eunl/vistry-dam/kX2AMV6KZkCtCCIoaS06Kg/V__RHA1NjEek9yJXup4law/Custom/Typical%20Kitchen%201.jpg","Staged showhome kitchen."
"Morella Woods","Chaffinch House · Plot 58","1","https://www.countrysidehomes.com/developments/kent/morella-woods-lenham/home-0058","images/720ad3d24e4f68355177eaa82c976485a5b4ec45f51d823e594d7593f93081b7.jpg","https://cdn.mediavalet.com/eunl/vistry-dam/UtxWqlzO2EqJJVGULmLMuA/mwU8EOBq1kC2aEVr_Ktbvg/Custom/%5BVRL%5D%20DS13831%20%5BCH%5D%20Chaffinch%20house%20Plots%2053-64_web.jpg","Staged showhome interior space."
"Morella Woods","Chaffinch House · Plot 58","1","https://www.countrysidehomes.com/developments/kent/morella-woods-lenham/home-0058","images/877dbd18132439615a161c0d0123a4a948ed4d9379d390bab658a9c732fefe9a.jpg","https://cdn.mediavalet.com/eunl/vistry-dam/SY-WRP21T0iVnkgOZo3NPQ/s8dyB92QPEmztoxR8TmmYA/Custom/Vistry%20Saddlers%20Reach%20Plot%20848%20270526%20056.jpg","Staged showhome interior space."
"Morella Woods","Chaffinch House · Plot 58","1","https://www.countrysidehomes.com/developments/kent/morella-woods-lenham/home-0058","images/c473a7d53f9c0e0b64a837a662762428065cae15401de67374c3157179f00cf3.jpg","https://cdn.mediavalet.com/eunl/vistry-dam/8LrZRD3ibUCmTmLL59pzvA/swIseBf_EUaLCZa1btl6_A/Custom/Vistry%20Saddlers%20Reach%20Plot%20848%20270526%20006.jpg","Staged showhome interior space."
"Morella Woods","Chaffinch House · Plot 58","1","https://www.countrysidehomes.com/developments/kent/morella-woods-lenham/home-0058","images/c693ad446aa4e25b0ae6be641f80bc3d9f5fea05715946de71486831b67de418.jpg","https://cdn.mediavalet.com/eunl/vistry-dam/87ZHT-Ow-ESbz99tFf7krA/RQI2wKp5tEuuFW8LYViiOQ/Custom/07063-01%20Q3%20Step%20In_Website_860x573px_IMGs11.jpg","Staged showhome interior space."
"Morella Woods","Chaffinch House · Plot 58","1","https://www.countrysidehomes.com/developments/kent/morella-woods-lenham/home-0058","images/3b4709d0a16ea2283e6261e0cd58a045e51ec39c841fc771bb7e71c203123b1f.jpg","https://mvdataappstorageeunlprod.blob.core.windows.net/medialibrary-34218e3cae6c4041a23eb8b1cf91be27/48a6b530104042b5a576986521dcf513/48a6b530104042b5a576986521dcf513/Original/[CH]%20Morella%20Woods%20Chaffinch%20House%2058%20web.jpg?sv=2017-04-17&sr=b&si=202008111744&sig=3hvYnjADV4%2F6BP7ITZCpE%2FHDM4fe9J6bKVfB7K8O%2Fjo%3D&st=0214-07-09T05%3A51%3A51Z&se=2036-08-14T01%3A40%3A17Z&rsct=application%2Foctet-stream&rscd=attachment%3B%20filename%2A%3DUTF-8%27%27%255BCH%255D%2520Morella%2520Woods%2520Chaffinch%2520House%252058%2520web.jpg","Staged showhome interior space."
"Morella Woods","Chaffinch House · Plot 55","2","https://www.countrysidehomes.com/developments/kent/morella-woods-lenham/home-0055","images/720ad3d24e4f68355177eaa82c976485a5b4ec45f51d823e594d7593f93081b7.jpg","https://cdn.mediavalet.com/eunl/vistry-dam/UtxWqlzO2EqJJVGULmLMuA/mwU8EOBq1kC2aEVr_Ktbvg/Custom/%5BVRL%5D%20DS13831%20%5BCH%5D%20Chaffinch%20house%20Plots%2053-64_web.jpg","Staged showhome interior space."
"Morella Woods","Chaffinch House · Plot 55","2","https://www.countrysidehomes.com/developments/kent/morella-woods-lenham/home-0055","images/a7f8d3c70de2c9c47ebca2ef622b2b6625342bc8db47c00904d710e84f90db72.jpg","https://cdn.mediavalet.com/eunl/vistry-dam/kX2AMV6KZkCtCCIoaS06Kg/V__RHA1NjEek9yJXup4law/Custom/Typical%20Kitchen%201.jpg","Staged showhome kitchen."
"Morella Woods","Chaffinch House · Plot 55","2","https://www.countrysidehomes.com/developments/kent/morella-woods-lenham/home-0055","images/877dbd18132439615a161c0d0123a4a948ed4d9379d390bab658a9c732fefe9a.jpg","https://cdn.mediavalet.com/eunl/vistry-dam/SY-WRP21T0iVnkgOZo3NPQ/s8dyB92QPEmztoxR8TmmYA/Custom/Vistry%20Saddlers%20Reach%20Plot%20848%20270526%20056.jpg","Staged showhome interior space."
"Morella Woods","Chaffinch House · Plot 55","2","https://www.countrysidehomes.com/developments/kent/morella-woods-lenham/home-0055","images/c473a7d53f9c0e0b64a837a662762428065cae15401de67374c3157179f00cf3.jpg","https://cdn.mediavalet.com/eunl/vistry-dam/8LrZRD3ibUCmTmLL59pzvA/swIseBf_EUaLCZa1btl6_A/Custom/Vistry%20Saddlers%20Reach%20Plot%20848%20270526%20006.jpg","Staged showhome interior space."
"Morella Woods","Chaffinch House · Plot 55","2","https://www.countrysidehomes.com/developments/kent/morella-woods-lenham/home-0055","images/c693ad446aa4e25b0ae6be641f80bc3d9f5fea05715946de71486831b67de418.jpg","https://cdn.mediavalet.com/eunl/vistry-dam/87ZHT-Ow-ESbz99tFf7krA/RQI2wKp5tEuuFW8LYViiOQ/Custom/07063-01%20Q3%20Step%20In_Website_860x573px_IMGs11.jpg","Staged showhome interior space."
"Morella Woods","Chaffinch House · Plot 55","2","https://www.countrysidehomes.com/developments/kent/morella-woods-lenham/home-0055","images/fa713c7131f1191def196c53c18564c31f72f534e8d0e1862979d96840ecb84c.jpg","https://mvdataappstorageeunlprod.blob.core.windows.net/medialibrary-34218e3cae6c4041a23eb8b1cf91be27/e7ca5c4fc822486aa4cd41ac7babd295/e7ca5c4fc822486aa4cd41ac7babd295/Original/[CH]%20Morella%20Woods%20Chaffinch%20House%2055%20web.jpg?sv=2017-04-17&sr=b&si=202008111744&sig=w%2FhKjqmEp38G1EFpZKpmZikbt%2BI467igjp%2BevNQBzi0%3D&st=1063-09-07T15%3A20%3A01Z&se=2036-08-14T01%3A40%3A17Z&rsct=application%2Foctet-stream&rscd=attachment%3B%20filename%2A%3DUTF-8%27%27%255BCH%255D%2520Morella%2520Woods%2520Chaffinch%2520House%252055%2520web.jpg","Staged showhome interior space."
"Morella Woods","Chaffinch House · Plot 59","2","https://www.countrysidehomes.com/developments/kent/morella-woods-lenham/home-0059","images/877dbd18132439615a161c0d0123a4a948ed4d9379d390bab658a9c732fefe9a.jpg","https://cdn.mediavalet.com/eunl/vistry-dam/SY-WRP21T0iVnkgOZo3NPQ/s8dyB92QPEmztoxR8TmmYA/Custom/Vistry%20Saddlers%20Reach%20Plot%20848%20270526%20056.jpg","Staged showhome interior space."
"Morella Woods","Chaffinch House · Plot 59","2","https://www.countrysidehomes.com/developments/kent/morella-woods-lenham/home-0059","images/720ad3d24e4f68355177eaa82c976485a5b4ec45f51d823e594d7593f93081b7.jpg","https://cdn.mediavalet.com/eunl/vistry-dam/UtxWqlzO2EqJJVGULmLMuA/mwU8EOBq1kC2aEVr_Ktbvg/Custom/%5BVRL%5D%20DS13831%20%5BCH%5D%20Chaffinch%20house%20Plots%2053-64_web.jpg","Staged showhome interior space."
"Morella Woods","Chaffinch House · Plot 59","2","https://www.countrysidehomes.com/developments/kent/morella-woods-lenham/home-0059","images/a7f8d3c70de2c9c47ebca2ef622b2b6625342bc8db47c00904d710e84f90db72.jpg","https://cdn.mediavalet.com/eunl/vistry-dam/kX2AMV6KZkCtCCIoaS06Kg/V__RHA1NjEek9yJXup4law/Custom/Typical%20Kitchen%201.jpg","Staged showhome kitchen."
"Morella Woods","Chaffinch House · Plot 59","2","https://www.countrysidehomes.com/developments/kent/morella-woods-lenham/home-0059","images/c473a7d53f9c0e0b64a837a662762428065cae15401de67374c3157179f00cf3.jpg","https://cdn.mediavalet.com/eunl/vistry-dam/8LrZRD3ibUCmTmLL59pzvA/swIseBf_EUaLCZa1btl6_A/Custom/Vistry%20Saddlers%20Reach%20Plot%20848%20270526%20006.jpg","Staged showhome interior space."
"Morella Woods","Chaffinch House · Plot 59","2","https://www.countrysidehomes.com/developments/kent/morella-woods-lenham/home-0059","images/c693ad446aa4e25b0ae6be641f80bc3d9f5fea05715946de71486831b67de418.jpg","https://cdn.mediavalet.com/eunl/vistry-dam/87ZHT-Ow-ESbz99tFf7krA/RQI2wKp5tEuuFW8LYViiOQ/Custom/07063-01%20Q3%20Step%20In_Website_860x573px_IMGs11.jpg","Staged showhome interior space."
"Morella Woods","Chaffinch House · Plot 59","2","https://www.countrysidehomes.com/developments/kent/morella-woods-lenham/home-0059","images/fa713c7131f1191def196c53c18564c31f72f534e8d0e1862979d96840ecb84c.jpg","https://mvdataappstorageeunlprod.blob.core.windows.net/medialibrary-34218e3cae6c4041a23eb8b1cf91be27/e7ca5c4fc822486aa4cd41ac7babd295/e7ca5c4fc822486aa4cd41ac7babd295/Original/[CH]%20Morella%20Woods%20Chaffinch%20House%2055%20web.jpg?sv=2017-04-17&sr=b&si=202008111744&sig=w%2FhKjqmEp38G1EFpZKpmZikbt%2BI467igjp%2BevNQBzi0%3D&st=1063-09-07T15%3A20%3A01Z&se=2036-08-14T01%3A40%3A17Z&rsct=application%2Foctet-stream&rscd=attachment%3B%20filename%2A%3DUTF-8%27%27%255BCH%255D%2520Morella%2520Woods%2520Chaffinch%2520House%252055%2520web.jpg","Staged showhome interior space."
"Morella Woods","Chaffinch House · Plot 63","2","https://www.countrysidehomes.com/developments/kent/morella-woods-lenham/home-0063","images/720ad3d24e4f68355177eaa82c976485a5b4ec45f51d823e594d7593f93081b7.jpg","https://cdn.mediavalet.com/eunl/vistry-dam/UtxWqlzO2EqJJVGULmLMuA/mwU8EOBq1kC2aEVr_Ktbvg/Custom/%5BVRL%5D%20DS13831%20%5BCH%5D%20Chaffinch%20house%20Plots%2053-64_web.jpg","Staged showhome interior space."
"Morella Woods","Chaffinch House · Plot 63","2","https://www.countrysidehomes.com/developments/kent/morella-woods-lenham/home-0063","images/a7f8d3c70de2c9c47ebca2ef622b2b6625342bc8db47c00904d710e84f90db72.jpg","https://cdn.mediavalet.com/eunl/vistry-dam/kX2AMV6KZkCtCCIoaS06Kg/V__RHA1NjEek9yJXup4law/Custom/Typical%20Kitchen%201.jpg","Staged showhome kitchen."
"Morella Woods","Chaffinch House · Plot 63","2","https://www.countrysidehomes.com/developments/kent/morella-woods-lenham/home-0063","images/877dbd18132439615a161c0d0123a4a948ed4d9379d390bab658a9c732fefe9a.jpg","https://cdn.mediavalet.com/eunl/vistry-dam/SY-WRP21T0iVnkgOZo3NPQ/s8dyB92QPEmztoxR8TmmYA/Custom/Vistry%20Saddlers%20Reach%20Plot%20848%20270526%20056.jpg","Staged showhome interior space."
"Morella Woods","Chaffinch House · Plot 63","2","https://www.countrysidehomes.com/developments/kent/morella-woods-lenham/home-0063","images/c473a7d53f9c0e0b64a837a662762428065cae15401de67374c3157179f00cf3.jpg","https://cdn.mediavalet.com/eunl/vistry-dam/8LrZRD3ibUCmTmLL59pzvA/swIseBf_EUaLCZa1btl6_A/Custom/Vistry%20Saddlers%20Reach%20Plot%20848%20270526%20006.jpg","Staged showhome interior space."
"Morella Woods","Chaffinch House · Plot 63","2","https://www.countrysidehomes.com/developments/kent/morella-woods-lenham/home-0063","images/c693ad446aa4e25b0ae6be641f80bc3d9f5fea05715946de71486831b67de418.jpg","https://cdn.mediavalet.com/eunl/vistry-dam/87ZHT-Ow-ESbz99tFf7krA/RQI2wKp5tEuuFW8LYViiOQ/Custom/07063-01%20Q3%20Step%20In_Website_860x573px_IMGs11.jpg","Staged showhome interior space."
"Morella Woods","Chaffinch House · Plot 63","2","https://www.countrysidehomes.com/developments/kent/morella-woods-lenham/home-0063","images/78c5d0b81fde7a2193a5e4ca1eba3f12e8e8030766e2bf39c40b66f44c943443.jpg","https://mvdataappstorageeunlprod.blob.core.windows.net/medialibrary-34218e3cae6c4041a23eb8b1cf91be27/7dbf3e91590b4c1ebb86acc22bbd421d/7dbf3e91590b4c1ebb86acc22bbd421d/Original/[CH]%20Morella%20Woods%20Chaffinch%20House%2063%20web.jpg?sv=2017-04-17&sr=b&si=202008111744&sig=gUczK%2FM8MiSG6WEEeBK7JkccXIG1V%2BMNpYOVJd8jb7Q%3D&st=1211-05-09T14%3A43%3A09Z&se=2036-08-14T01%3A56%3A20Z&rsct=application%2Foctet-stream&rscd=attachment%3B%20filename%2A%3DUTF-8%27%27%255BCH%255D%2520Morella%2520Woods%2520Chaffinch%2520House%252063%2520web.jpg","Staged showhome interior space."
"Morella Woods","The Skylark · Plot 85","3","https://www.countrysidehomes.com/developments/kent/morella-woods-lenham/home-0085","images/d37c7accb627024ae70d4cbaa19bbec7d498be5581f97695ee2c5cf0312c48a1.jpg","https://cdn.mediavalet.com/eunl/vistry-dam/Fmn3rxJTfkqIbNSL0GInQA/61GGCR_cM0C8CwjjLmbOsQ/Custom/%5BVRL%5D%20DS13831%20%5BCH%5D%20HT%20%20Skylark%20305%20Plot-85_web.jpg","Staged showhome interior space."
"Morella Woods","The Skylark · Plot 85","3","https://www.countrysidehomes.com/developments/kent/morella-woods-lenham/home-0085","images/a250205869523bb1fd9347550ea176287c68c2f997c215be2f6d03986c352cd1.jpg","https://cdn.mediavalet.com/eunl/vistry-dam/7sakmkkxhUq-BYEUFcfDqw/JC2T5Le8fUORkseKFFaN6Q/Custom/Skylark%20Kitchen%20Dining.jpg","Staged showhome kitchen."
"Morella Woods","The Skylark · Plot 85","3","https://www.countrysidehomes.com/developments/kent/morella-woods-lenham/home-0085","images/cbf5beaeb6ff47717a84ac2c55b334681a56f3a5e8882ad97299a2e555bdb853.jpg","https://cdn.mediavalet.com/eunl/vistry-dam/f8-IKFDSfEusLIrf-hJG_A/bOrnllyuHUWmT6P__n2fRw/Custom/Skylark%20Living%20Room.jpg","Staged showhome living room."
"Morella Woods","The Skylark · Plot 85","3","https://www.countrysidehomes.com/developments/kent/morella-woods-lenham/home-0085","images/838bfac76054e22672af307e838b9eff519efa8ea522d49f748c4406dcc2e094.jpg","https://cdn.mediavalet.com/eunl/vistry-dam/82LHWtiH1U2MUqvx06FrOg/OSuhu2SD5kGkDTowGlsbyw/Custom/The%20Amberley%20Bedroom%203.jpg","Staged showhome bedroom."
"Morella Woods","The Skylark · Plot 85","3","https://www.countrysidehomes.com/developments/kent/morella-woods-lenham/home-0085","images/6a81181a1471b56b5b87040929d08feb51bc45b81b4064950c68b68211f370c5.jpg","https://cdn.mediavalet.com/eunl/vistry-dam/w43MCcgCk0GB9JL0aL6Lxw/G6mViQHXsEqe8slw98KtfA/Custom/Skylark%20Bathroom.jpg","Staged showhome bathroom."
"Morella Woods","The Skylark · Plot 85","3","https://www.countrysidehomes.com/developments/kent/morella-woods-lenham/home-0085","images/776ffd3dce4e7b55d80c692de2990c58dc7ff7b44f5803748009787531689934.jpg","https://cdn.mediavalet.com/eunl/vistry-dam/sUj2ctiM9EKiN7vGbsoHYQ/3-q-6VQ_QUyYBJGI0pnIdg/Custom/Skylark%20Bedroom%203.jpg","Staged showhome bedroom."
"Morella Woods","The Skylark · Plot 85","3","https://www.countrysidehomes.com/developments/kent/morella-woods-lenham/home-0085","images/5386f2842d4d2344753fad140ff1b5bd39cb7fc5b8aae4415db38595c4468d5a.jpg","https://cdn.mediavalet.com/eunl/vistry-dam/gW5VQE_Z-0KwT0LzUtXW4w/URZm3l4vpkmCgQhT5bniZA/Custom/The%20Longford%20Showhome.jpg","Staged showhome interior space."
"Morella Woods","The Skylark · Plot 85","3","https://www.countrysidehomes.com/developments/kent/morella-woods-lenham/home-0085","images/efeab709b008c2d7017773abaa539283ce5292b2009c3b43a943863ac26bfe14.jpg","https://mvdataappstorageeunlprod.blob.core.windows.net/medialibrary-34218e3cae6c4041a23eb8b1cf91be27/9390e18084574e2f95540be1f675be3d/9390e18084574e2f95540be1f675be3d/Original/[CH]%20Morella%20Woods%20skylark%20GF.jpg?sv=2017-04-17&sr=b&si=202008111744&sig=UDYbvLnl2qCOr4PnKn%2F7bnfHcIBQcrBefYoXkboMJEg%3D&st=0655-05-25T18%3A13%3A43Z&se=2036-01-15T03%3A08%3A41Z&rsct=application%2Foctet-stream&rscd=attachment%3B%20filename%2A%3DUTF-8%27%27%255BCH%255D%2520Morella%2520Woods%2520skylark%2520GF.jpg","Staged showhome interior space."
"Morella Woods","The Skylark · Plot 85","3","https://www.countrysidehomes.com/developments/kent/morella-woods-lenham/home-0085","images/35a945407a37ee2192c4aa80ead6fa12f8eb345cd9443cc4cd6b17532a4765d3.jpg","https://mvdataappstorageeunlprod.blob.core.windows.net/medialibrary-34218e3cae6c4041a23eb8b1cf91be27/9bcbad61666a488db913d44dee255aef/9bcbad61666a488db913d44dee255aef/Original/[CH]%20Morella%20Woods%20skylark%20FF.jpg?sv=2017-04-17&sr=b&si=202008111744&sig=LbDxFk3kWAg4A3l%2FIUkKl7QMm82CAgvMNLtnzWqH%2FjQ%3D&st=0023-06-01T06%3A28%3A08Z&se=2036-01-15T03%3A10%3A12Z&rsct=application%2Foctet-stream&rscd=attachment%3B%20filename%2A%3DUTF-8%27%27%255BCH%255D%2520Morella%2520Woods%2520skylark%2520FF.jpg","Staged showhome interior space."
"Morella Woods","The Falcon · Plot 87","3","https://www.countrysidehomes.com/developments/kent/morella-woods-lenham/home-0087","images/b1846baac87925ec4146712ff45c3f293c516eb13c5739bea5029fac890021e7.jpg","https://cdn.mediavalet.com/eunl/vistry-dam/4S5J2pFPDEyR-mFEJih6Wg/_BjVs-B-SEuWGicocU7eOw/Custom/%5BVRL%5D%20DS13831%20%5BCH%5D%20HT%20Falcon%20307%20Plot-132_web.jpg","Staged showhome interior space."
"Morella Woods","The Falcon · Plot 87","3","https://www.countrysidehomes.com/developments/kent/morella-woods-lenham/home-0087","images/1b4bbd535c51f2f30ea19790dfe63bb305c66b3906fbb89c4d79f06e955bf543.jpg","https://cdn.mediavalet.com/eunl/vistry-dam/4SCRWPR3aEGZ2mfDl5_kjw/3z-mc6Or3UeMwtRjWF1IGw/Custom/Brookmill%20Meadow-037.jpg","Staged showhome interior space."
"Morella Woods","The Falcon · Plot 87","3","https://www.countrysidehomes.com/developments/kent/morella-woods-lenham/home-0087","images/e7e368a0347fc316050c4b847606d3c021df1db61cb9f6166e76825e30f43d44.jpg","https://cdn.mediavalet.com/eunl/vistry-dam/F_tPi404QkGOVINWEdk5TQ/meIkTg9vxk-3djTXBqRoeQ/Custom/Jackdaw%20Typical%20Interior%20%283%29.jpg","Staged showhome interior space."
"Morella Woods","The Falcon · Plot 87","3","https://www.countrysidehomes.com/developments/kent/morella-woods-lenham/home-0087","images/838bfac76054e22672af307e838b9eff519efa8ea522d49f748c4406dcc2e094.jpg","https://cdn.mediavalet.com/eunl/vistry-dam/82LHWtiH1U2MUqvx06FrOg/OSuhu2SD5kGkDTowGlsbyw/Custom/The%20Amberley%20Bedroom%203.jpg","Staged showhome bedroom."
"Morella Woods","The Falcon · Plot 87","3","https://www.countrysidehomes.com/developments/kent/morella-woods-lenham/home-0087","images/5ac947f0ba7ccd4e8d9a373843879105654ae4ef4b317b974c5a980b75684b42.jpg","https://cdn.mediavalet.com/eunl/vistry-dam/zd52rK709UKIUcvkoohLDQ/neKRk-kaakOKJqzloIsWmw/Custom/CH-SADDLERS-WESTERFIELD-%28MYLNE%29-BATHROOM.jpg","Staged showhome bathroom."
"Morella Woods","The Falcon · Plot 87","3","https://www.countrysidehomes.com/developments/kent/morella-woods-lenham/home-0087","images/28d9098bf4bd170b5696b4612af4447205e7debb8148b1c44a28ed83b1a114e0.jpg","https://cdn.mediavalet.com/eunl/vistry-dam/1Q--ZT9Zdka1gl0PiJ_wNA/U1I2Zl83i025F3JuyuhPcw/Custom/Oakham%20Bedroom%202.jpg","Staged showhome bedroom."
"Morella Woods","The Falcon · Plot 87","3","https://www.countrysidehomes.com/developments/kent/morella-woods-lenham/home-0087","images/1766dabc3a9a66f96ca5e682ddc2c94f6afe582b98f3839b2c10922a8a0bcf2f.jpg","https://mvdataappstorageeunlprod.blob.core.windows.net/medialibrary-34218e3cae6c4041a23eb8b1cf91be27-r/614db0222fe14ec9bb25d373b2f99e94/614db0222fe14ec9bb25d373b2f99e94/Large/[CH]%20Morella%20Woods%20falcon%20GF.jpg?sv=2017-04-17&sr=b&si=202008111853&sig=1NnRkJs%2Bgt%2Ft7RbGszPm7%2F5UKsYVUNAzf7jhVeGQPPw%3D&st=1287-03-17T18%3A47%3A53Z&se=2035-08-20T21%3A51%3A31Z","Staged showhome interior space."
"Morella Woods","The Falcon · Plot 87","3","https://www.countrysidehomes.com/developments/kent/morella-woods-lenham/home-0087","images/daf16bb0f902ee74afa13fc89d8e86b3d79f0e977e95eaad2d558270339499f1.jpg","https://mvdataappstorageeunlprod.blob.core.windows.net/medialibrary-34218e3cae6c4041a23eb8b1cf91be27-r/7419bf56b1224c8d848b98f388a199d4/7419bf56b1224c8d848b98f388a199d4/Large/[CH]%20Morella%20Woods%20falcon%20FF.jpg?sv=2017-04-17&sr=b&si=202008111853&sig=50JdnF39Sq1ZGWb0ZSS%2FRUdGNIJ0%2BoBg%2FF0vY017daI%3D&st=1762-09-23T22%3A04%3A04Z&se=2035-08-20T21%3A52%3A58Z","Staged showhome interior space."
"Morella Woods","The Turnstone · Plot 100","4","https://www.countrysidehomes.com/developments/kent/morella-woods-lenham/home-0100","images/d63febff85578bb1be6fd6d161d090eacdbe291b3b0aa44933b2f95c1016a03c.jpg","https://cdn.mediavalet.com/eunl/vistry-dam/UTIARaTmXE2h3YtgBaA_Sg/xITuax-MQUaWm4IukJCGwg/Custom/Vistry%20Morella%20Woods%20The%20Turnstone%20171125%20059.jpg","Staged showhome interior space."
"Morella Woods","The Turnstone · Plot 100","4","https://www.countrysidehomes.com/developments/kent/morella-woods-lenham/home-0100","images/8043f1d6c11536068af7623ad83f8cf043d98f1770d80ba122e18394b9856f79.jpg","https://cdn.mediavalet.com/eunl/vistry-dam/kVo7KxavnkCPy72nIiMN_A/esXfBEJssUOQTnCZc7Gkrg/Custom/%5BVRL%5D%20DS13831%20%5BCH%5D%20HT%20Turnstone%20404%20Plot-133_web.jpg","Staged showhome interior space."
"Morella Woods","The Turnstone · Plot 100","4","https://www.countrysidehomes.com/developments/kent/morella-woods-lenham/home-0100","images/e19d0ab12e4a245fb404c2c2ba4d8a2b8f8402c537c726e9b0922eb1b5e87231.jpg","https://cdn.mediavalet.com/eunl/vistry-dam/2M-aK-kWt0-gU8CCmfDkog/XjPNmv2ZkUm-_GdqdWTRwQ/Custom/Vistry%20Morella%20Woods%20The%20Turnstone%20171125%20014.jpg","Staged showhome interior space."
"Morella Woods","The Turnstone · Plot 100","4","https://www.countrysidehomes.com/developments/kent/morella-woods-lenham/home-0100","images/6428f5f4fb163f7a7fd51cd4119a93fdcf86f1759d80c1d177d397550ad9724d.jpg","https://cdn.mediavalet.com/eunl/vistry-dam/uIW1dfM7Z0eAAqDZdEr-yg/EqFTD100oU2l8YGFYXNH-g/Custom/Vistry%20Morella%20Woods%20The%20Turnstone%20171125%20001.jpg","Staged showhome interior space."
"Morella Woods","The Turnstone · Plot 100","4","https://www.countrysidehomes.com/developments/kent/morella-woods-lenham/home-0100","images/6096cd4e882a8f2e8778d618377a328527dcc4e076a84773b49db89a14a32539.jpg","https://cdn.mediavalet.com/eunl/vistry-dam/rgaBflBt7UmjsDyb3-fc7g/wYDIsdnYCkqVnDQHBrw_9g/Custom/Vistry%20Morella%20Woods%20The%20Turnstone%20171125%20107.jpg","Staged showhome interior space."
"Morella Woods","The Turnstone · Plot 100","4","https://www.countrysidehomes.com/developments/kent/morella-woods-lenham/home-0100","images/128a87cd3e0bac338a0dc50a6a77f1b159883543fc586357109480e63a75aa6e.jpg","https://cdn.mediavalet.com/eunl/vistry-dam/fidmzIMJ9kigmjsv_xE-ig/mDoXk2pUK0iAApiYWbWzqw/Custom/Vistry%20Morella%20Woods%20The%20Turnstone%20171125%20074.jpg","Staged showhome interior space."
"Morella Woods","The Turnstone · Plot 100","4","https://www.countrysidehomes.com/developments/kent/morella-woods-lenham/home-0100","images/7e8287ea28fadc4e624798689af0b12a4a9bfc2fd18ef1e52ccf41a1319c4bab.jpg","https://cdn.mediavalet.com/eunl/vistry-dam/Pc5rZWHJ-0SCpcjoGcK8pw/39pGp-IRsEy3Ro4fYrB16A/Custom/Vistry%20Morella%20Woods%20The%20Turnstone%20171125%20083.jpg","Staged showhome interior space."
"Morella Woods","The Turnstone · Plot 100","4","https://www.countrysidehomes.com/developments/kent/morella-woods-lenham/home-0100","images/f14149d5f8800e48c1bcf81cd11561d070e0332de082853768ce5824cb0bf169.jpg","https://mvdataappstorageeunlprod.blob.core.windows.net/medialibrary-34218e3cae6c4041a23eb8b1cf91be27-r/45e29a2673774b1d9e49f474942ca17f/45e29a2673774b1d9e49f474942ca17f/Large/[CH]%20Morella%20Woods%20turnstone%20GF.jpg?sv=2017-04-17&sr=b&si=202008111853&sig=ukrUVduYMOghtoBfgi2GrDq1oHKctdtSdKGccaNJ4Lg%3D&st=0001-01-01T00%3A00%3A00Z&se=2035-08-22T00%3A37%3A06Z","Staged showhome interior space."
"Morella Woods","The Turnstone · Plot 100","4","https://www.countrysidehomes.com/developments/kent/morella-woods-lenham/home-0100","images/a16cd757271ea4f78064ac3319d6cfde61403e01c26db827b135067aa574c93c.jpg","https://mvdataappstorageeunlprod.blob.core.windows.net/medialibrary-34218e3cae6c4041a23eb8b1cf91be27-r/1885c4bb6b6241f0afc5160ae68e99a5/1885c4bb6b6241f0afc5160ae68e99a5/Large/[CH]%20Morella%20Woods%20turnstone%20FF.jpg?sv=2017-04-17&sr=b&si=202008111853&sig=%2BG840ZeucYEBjXGsFweU7%2F5Op05LhDi8AoZPkBS2UlA%3D&st=0001-01-01T00%3A00%3A00Z&se=2035-08-22T00%3A50%3A07Z","Staged showhome interior space."
"Morella Woods","The Turnstone · Plot 101","4","https://www.countrysidehomes.com/developments/kent/morella-woods-lenham/home-0101","images/8043f1d6c11536068af7623ad83f8cf043d98f1770d80ba122e18394b9856f79.jpg","https://cdn.mediavalet.com/eunl/vistry-dam/kVo7KxavnkCPy72nIiMN_A/esXfBEJssUOQTnCZc7Gkrg/Custom/%5BVRL%5D%20DS13831%20%5BCH%5D%20HT%20Turnstone%20404%20Plot-133_web.jpg","Staged showhome interior space."
"Morella Woods","The Turnstone · Plot 101","4","https://www.countrysidehomes.com/developments/kent/morella-woods-lenham/home-0101","images/d63febff85578bb1be6fd6d161d090eacdbe291b3b0aa44933b2f95c1016a03c.jpg","https://cdn.mediavalet.com/eunl/vistry-dam/UTIARaTmXE2h3YtgBaA_Sg/xITuax-MQUaWm4IukJCGwg/Custom/Vistry%20Morella%20Woods%20The%20Turnstone%20171125%20059.jpg","Staged showhome interior space."
"Morella Woods","The Turnstone · Plot 101","4","https://www.countrysidehomes.com/developments/kent/morella-woods-lenham/home-0101","images/e19d0ab12e4a245fb404c2c2ba4d8a2b8f8402c537c726e9b0922eb1b5e87231.jpg","https://cdn.mediavalet.com/eunl/vistry-dam/2M-aK-kWt0-gU8CCmfDkog/XjPNmv2ZkUm-_GdqdWTRwQ/Custom/Vistry%20Morella%20Woods%20The%20Turnstone%20171125%20014.jpg","Staged showhome interior space."
"Morella Woods","The Turnstone · Plot 101","4","https://www.countrysidehomes.com/developments/kent/morella-woods-lenham/home-0101","images/6428f5f4fb163f7a7fd51cd4119a93fdcf86f1759d80c1d177d397550ad9724d.jpg","https://cdn.mediavalet.com/eunl/vistry-dam/uIW1dfM7Z0eAAqDZdEr-yg/EqFTD100oU2l8YGFYXNH-g/Custom/Vistry%20Morella%20Woods%20The%20Turnstone%20171125%20001.jpg","Staged showhome interior space."
"Morella Woods","The Turnstone · Plot 101","4","https://www.countrysidehomes.com/developments/kent/morella-woods-lenham/home-0101","images/6096cd4e882a8f2e8778d618377a328527dcc4e076a84773b49db89a14a32539.jpg","https://cdn.mediavalet.com/eunl/vistry-dam/rgaBflBt7UmjsDyb3-fc7g/wYDIsdnYCkqVnDQHBrw_9g/Custom/Vistry%20Morella%20Woods%20The%20Turnstone%20171125%20107.jpg","Staged showhome interior space."
"Morella Woods","The Turnstone · Plot 101","4","https://www.countrysidehomes.com/developments/kent/morella-woods-lenham/home-0101","images/128a87cd3e0bac338a0dc50a6a77f1b159883543fc586357109480e63a75aa6e.jpg","https://cdn.mediavalet.com/eunl/vistry-dam/fidmzIMJ9kigmjsv_xE-ig/mDoXk2pUK0iAApiYWbWzqw/Custom/Vistry%20Morella%20Woods%20The%20Turnstone%20171125%20074.jpg","Staged showhome interior space."
"Morella Woods","The Turnstone · Plot 101","4","https://www.countrysidehomes.com/developments/kent/morella-woods-lenham/home-0101","images/7e8287ea28fadc4e624798689af0b12a4a9bfc2fd18ef1e52ccf41a1319c4bab.jpg","https://cdn.mediavalet.com/eunl/vistry-dam/Pc5rZWHJ-0SCpcjoGcK8pw/39pGp-IRsEy3Ro4fYrB16A/Custom/Vistry%20Morella%20Woods%20The%20Turnstone%20171125%20083.jpg","Staged showhome interior space."
"Morella Woods","The Turnstone · Plot 101","4","https://www.countrysidehomes.com/developments/kent/morella-woods-lenham/home-0101","images/f14149d5f8800e48c1bcf81cd11561d070e0332de082853768ce5824cb0bf169.jpg","https://mvdataappstorageeunlprod.blob.core.windows.net/medialibrary-34218e3cae6c4041a23eb8b1cf91be27-r/45e29a2673774b1d9e49f474942ca17f/45e29a2673774b1d9e49f474942ca17f/Large/[CH]%20Morella%20Woods%20turnstone%20GF.jpg?sv=2017-04-17&sr=b&si=202008111853&sig=ukrUVduYMOghtoBfgi2GrDq1oHKctdtSdKGccaNJ4Lg%3D&st=0001-01-01T00%3A00%3A00Z&se=2035-08-22T00%3A37%3A06Z","Staged showhome interior space."
"Morella Woods","The Turnstone · Plot 101","4","https://www.countrysidehomes.com/developments/kent/morella-woods-lenham/home-0101","images/a16cd757271ea4f78064ac3319d6cfde61403e01c26db827b135067aa574c93c.jpg","https://mvdataappstorageeunlprod.blob.core.windows.net/medialibrary-34218e3cae6c4041a23eb8b1cf91be27-r/1885c4bb6b6241f0afc5160ae68e99a5/1885c4bb6b6241f0afc5160ae68e99a5/Large/[CH]%20Morella%20Woods%20turnstone%20FF.jpg?sv=2017-04-17&sr=b&si=202008111853&sig=%2BG840ZeucYEBjXGsFweU7%2F5Op05LhDi8AoZPkBS2UlA%3D&st=0001-01-01T00%3A00%3A00Z&se=2035-08-22T00%3A50%3A07Z","Staged showhome interior space."
"Morella Woods","The Elder · Plot 8","3","https://www.countrysidehomes.com/developments/kent/morella-woods-lenham/home-0008","images/2ff42b8eab24dbe32a7cfb04fa7ddf2c97e164c4497b41ab5a8ddaeecb0f5309.jpg","https://cdn.mediavalet.com/eunl/vistry-dam/ajDLF6d5jESHZ9zJ_uGBGQ/WfjnNuiHdUe0lmt_FHSDBA/Custom/%5BVRL%5D%20DS13831%20%5BCH%5D%20HT%20Elder%20303%20Plots%208-9_web.jpg","Staged showhome interior space."
"Morella Woods","The Elder · Plot 8","3","https://www.countrysidehomes.com/developments/kent/morella-woods-lenham/home-0008","images/528a60c6664d6096a04ba115d06950882c0ece57fd9317c85ff62f33f6deb428.jpg","https://cdn.mediavalet.com/eunl/vistry-dam/ZIGI6odK2kiMM4FdzhfVlg/5Zm505jCR02-LQoVdZ7sSg/Custom/R51_1105.jpg","Staged showhome interior space."
"Morella Woods","The Elder · Plot 8","3","https://www.countrysidehomes.com/developments/kent/morella-woods-lenham/home-0008","images/14191ba0bd4489d91545c3cd836342b90da76601da8584e129e3fd1a57eb653e.jpg","https://cdn.mediavalet.com/eunl/vistry-dam/g52HLg_O10-roV6N3yENOQ/zZL5f-b-fEekURx_OrStTw/Custom/The%20Elm%20Alt%20-%20Typical%20Photography%208.jpg","Staged showhome interior space."
"Morella Woods","The Elder · Plot 8","3","https://www.countrysidehomes.com/developments/kent/morella-woods-lenham/home-0008","images/1667cde690479d0ab6fc5c17edd1f6a7032c05f274766f82f9f7fa3277a20e19.jpg","https://cdn.mediavalet.com/eunl/vistry-dam/RSfoLU7LsU-oHMEf49J6pQ/cslF3nwO4ECzqi-tVRN06Q/Custom/R51_1310.jpg","Staged showhome interior space."
"Morella Woods","The Elder · Plot 8","3","https://www.countrysidehomes.com/developments/kent/morella-woods-lenham/home-0008","images/4f50d1ff8d17a0493ff59295489446477cb28b5de9e12959e85de67c343e69d4.jpg","https://cdn.mediavalet.com/eunl/vistry-dam/uR6rwONOjUOUSATpKSoCgA/7NIMw5EUNk2B9o9fzSPXmg/Custom/Oystercatcher%20Bedroom%202.jpg","Staged showhome bedroom."
"Morella Woods","The Elder · Plot 8","3","https://www.countrysidehomes.com/developments/kent/morella-woods-lenham/home-0008","images/af06690f721f501a0df57b08588a1f438dc282b4073ca76139e713db261e718a.jpg","https://cdn.mediavalet.com/eunl/vistry-dam/fPDRz_tPVESaxo0EbZ6jKw/mw8b4Zt38EKGZKrWBf9n4A/Custom/VCSW-Sherford-Fulmar-Ensuite.jpg","Staged showhome bathroom."
"Morella Woods","The Elder · Plot 8","3","https://www.countrysidehomes.com/developments/kent/morella-woods-lenham/home-0008","images/6ae755b66abedc63265fada079aef21abac26751272cbfb8d1584146c997dd6a.jpg","https://cdn.mediavalet.com/eunl/vistry-dam/jAYJMY07AE6Kzq2ekwad9w/0uMU8TRy70eCPzAZmtkKIQ/Custom/Redstart%20Bedroom%204.jpg","Staged showhome bedroom."
"Morella Woods","The Elder · Plot 8","3","https://www.countrysidehomes.com/developments/kent/morella-woods-lenham/home-0008","images/5439fdc575dc5bb930b75ac496bec21364bb98c3e1b49f4c1272ee6e592f34b7.jpg","https://mvdataappstorageeunlprod.blob.core.windows.net/medialibrary-34218e3cae6c4041a23eb8b1cf91be27/a35f12d451ed49ee94c08ca9c0ec6940/a35f12d451ed49ee94c08ca9c0ec6940/Original/[CH]%20Morella%20Woods%20elder%20GF.jpg?sv=2017-04-17&sr=b&si=202008111744&sig=RqfKuAjYP3an903hF3fxNql%2B9AOSK79vl%2FHc%2FaYh0XA%3D&st=1877-06-23T16%3A48%3A20Z&se=2036-09-16T00%3A28%3A34Z&rsct=application%2Foctet-stream&rscd=attachment%3B%20filename%2A%3DUTF-8%27%27%255BCH%255D%2520Morella%2520Woods%2520elder%2520GF.jpg","Staged showhome interior space."
"Morella Woods","The Elder · Plot 8","3","https://www.countrysidehomes.com/developments/kent/morella-woods-lenham/home-0008","images/55ec16d83b31e60c4108c2529cd612a903bcd90428dd96ba9d989c7f9f3d10d7.jpg","https://mvdataappstorageeunlprod.blob.core.windows.net/medialibrary-34218e3cae6c4041a23eb8b1cf91be27/b9474e2586734e1a811092afd5446965/b9474e2586734e1a811092afd5446965/Original/[CH]%20Morella%20Woods%20elder%20FF.jpg?sv=2017-04-17&sr=b&si=202008111744&sig=J4CuZ9%2FoLwPUGz8lb8w2y35QAm9fF2KAtckEieav9w8%3D&st=1267-04-01T01%3A15%3A04Z&se=2036-09-16T00%3A28%3A35Z&rsct=application%2Foctet-stream&rscd=attachment%3B%20filename%2A%3DUTF-8%27%27%255BCH%255D%2520Morella%2520Woods%2520elder%2520FF.jpg","Staged showhome interior space."
"Morella Woods","The Turnstone · Plot 71","4","https://www.countrysidehomes.com/developments/kent/morella-woods-lenham/home-0071","images/8043f1d6c11536068af7623ad83f8cf043d98f1770d80ba122e18394b9856f79.jpg","https://cdn.mediavalet.com/eunl/vistry-dam/kVo7KxavnkCPy72nIiMN_A/esXfBEJssUOQTnCZc7Gkrg/Custom/%5BVRL%5D%20DS13831%20%5BCH%5D%20HT%20Turnstone%20404%20Plot-133_web.jpg","Staged showhome interior space."
"Morella Woods","The Turnstone · Plot 71","4","https://www.countrysidehomes.com/developments/kent/morella-woods-lenham/home-0071","images/d63febff85578bb1be6fd6d161d090eacdbe291b3b0aa44933b2f95c1016a03c.jpg","https://cdn.mediavalet.com/eunl/vistry-dam/UTIARaTmXE2h3YtgBaA_Sg/xITuax-MQUaWm4IukJCGwg/Custom/Vistry%20Morella%20Woods%20The%20Turnstone%20171125%20059.jpg","Staged showhome interior space."
"Morella Woods","The Turnstone · Plot 71","4","https://www.countrysidehomes.com/developments/kent/morella-woods-lenham/home-0071","images/e19d0ab12e4a245fb404c2c2ba4d8a2b8f8402c537c726e9b0922eb1b5e87231.jpg","https://cdn.mediavalet.com/eunl/vistry-dam/2M-aK-kWt0-gU8CCmfDkog/XjPNmv2ZkUm-_GdqdWTRwQ/Custom/Vistry%20Morella%20Woods%20The%20Turnstone%20171125%20014.jpg","Staged showhome interior space."
"Morella Woods","The Turnstone · Plot 71","4","https://www.countrysidehomes.com/developments/kent/morella-woods-lenham/home-0071","images/6428f5f4fb163f7a7fd51cd4119a93fdcf86f1759d80c1d177d397550ad9724d.jpg","https://cdn.mediavalet.com/eunl/vistry-dam/uIW1dfM7Z0eAAqDZdEr-yg/EqFTD100oU2l8YGFYXNH-g/Custom/Vistry%20Morella%20Woods%20The%20Turnstone%20171125%20001.jpg","Staged showhome interior space."
"Morella Woods","The Turnstone · Plot 71","4","https://www.countrysidehomes.com/developments/kent/morella-woods-lenham/home-0071","images/6096cd4e882a8f2e8778d618377a328527dcc4e076a84773b49db89a14a32539.jpg","https://cdn.mediavalet.com/eunl/vistry-dam/rgaBflBt7UmjsDyb3-fc7g/wYDIsdnYCkqVnDQHBrw_9g/Custom/Vistry%20Morella%20Woods%20The%20Turnstone%20171125%20107.jpg","Staged showhome interior space."
"Morella Woods","The Turnstone · Plot 71","4","https://www.countrysidehomes.com/developments/kent/morella-woods-lenham/home-0071","images/128a87cd3e0bac338a0dc50a6a77f1b159883543fc586357109480e63a75aa6e.jpg","https://cdn.mediavalet.com/eunl/vistry-dam/fidmzIMJ9kigmjsv_xE-ig/mDoXk2pUK0iAApiYWbWzqw/Custom/Vistry%20Morella%20Woods%20The%20Turnstone%20171125%20074.jpg","Staged showhome interior space."
"Morella Woods","The Turnstone · Plot 71","4","https://www.countrysidehomes.com/developments/kent/morella-woods-lenham/home-0071","images/7e8287ea28fadc4e624798689af0b12a4a9bfc2fd18ef1e52ccf41a1319c4bab.jpg","https://cdn.mediavalet.com/eunl/vistry-dam/Pc5rZWHJ-0SCpcjoGcK8pw/39pGp-IRsEy3Ro4fYrB16A/Custom/Vistry%20Morella%20Woods%20The%20Turnstone%20171125%20083.jpg","Staged showhome interior space."
"Morella Woods","The Turnstone · Plot 71","4","https://www.countrysidehomes.com/developments/kent/morella-woods-lenham/home-0071","images/8ae3d6362a699edef4ac889f3e7587e09c975cb64cace39ced3bf788e02c6a33.jpg","https://mvdataappstorageeunlprod.blob.core.windows.net/medialibrary-34218e3cae6c4041a23eb8b1cf91be27/5d49705d297c4c92a24693924cd06894/5d49705d297c4c92a24693924cd06894/Original/[CH]%20Morella%20Woods%20turnstone%20GF.jpg?sv=2017-04-17&sr=b&si=202008111744&sig=q6ICbQtb%2BAb97EfE7XD7hMN0Q7garenZ9n7TMged4n0%3D&st=1363-09-13T01%3A57%3A06Z&se=2036-09-16T00%3A32%3A40Z&rsct=application%2Foctet-stream&rscd=attachment%3B%20filename%2A%3DUTF-8%27%27%255BCH%255D%2520Morella%2520Woods%2520turnstone%2520GF.jpg","Staged showhome interior space."
"Morella Woods","The Turnstone · Plot 71","4","https://www.countrysidehomes.com/developments/kent/morella-woods-lenham/home-0071","images/d06f090f24fe20a0b7fb1ef2d113ad40d136f43a465f952c80abab771f3dfc8f.jpg","https://mvdataappstorageeunlprod.blob.core.windows.net/medialibrary-34218e3cae6c4041a23eb8b1cf91be27/9c5f76fe27db49dcae086a37cd439f0b/9c5f76fe27db49dcae086a37cd439f0b/Original/[CH]%20Morella%20Woods%20turnstone%20FF.jpg?sv=2017-04-17&sr=b&si=202008111744&sig=%2Fdds4%2F2H%2FXxtcKjRL0lYnxNLQWPDlnZmTNR4BcT%2FHd4%3D&st=1208-10-02T08%3A33%3A28Z&se=2036-09-16T00%3A32%3A40Z&rsct=application%2Foctet-stream&rscd=attachment%3B%20filename%2A%3DUTF-8%27%27%255BCH%255D%2520Morella%2520Woods%2520turnstone%2520FF.jpg","Staged showhome interior space."
"Morella Woods","Morella Woods development gallery","","https://www.countrysidehomes.com/developments/kent/morella-woods-lenham","images/da7cf1231a6f03f49aa4be7c86f580b627c092bc8d8e8f8754ecc99830ea56e5.png","https://cdn.mediavalet.com/eunl/vistry-dam/nRi2l-O68ka9fUnYPnbK8A/gX-G-ulk70C4hfx_C__Q-g/Custom/Morella%20Woods%20Dusk.png","Staged showhome interior space."
"Morella Woods","Morella Woods development gallery","","https://www.countrysidehomes.com/developments/kent/morella-woods-lenham","images/91c14e3a768cc4d27166d48ae286993845d5babd6b834d08938ad845a5ccdeb2.jpg","https://cdn.mediavalet.com/eunl/vistry-dam/CPC-HhyAMUSeMXFK0U4atw/f7lk36Uff0CrMPzmUz5MGA/Custom/Vistry%20Morella%20Woods%20The%20Hummingbird%20171125%20201.jpg","Staged showhome interior space."
"Morella Woods","Morella Woods development gallery","","https://www.countrysidehomes.com/developments/kent/morella-woods-lenham","images/d63febff85578bb1be6fd6d161d090eacdbe291b3b0aa44933b2f95c1016a03c.jpg","https://cdn.mediavalet.com/eunl/vistry-dam/UTIARaTmXE2h3YtgBaA_Sg/xITuax-MQUaWm4IukJCGwg/Custom/Vistry%20Morella%20Woods%20The%20Turnstone%20171125%20059.jpg","Staged showhome interior space."
"Morella Woods","Morella Woods development gallery","","https://www.countrysidehomes.com/developments/kent/morella-woods-lenham","images/263b4df0ac87fde0078ba605bfd650585936e3a957e9b2ad4e484f32d4be659f.jpg","https://cdn.mediavalet.com/eunl/vistry-dam/ukirlM80bk6--GsaJNJXiA/esWy77ux702kq1ai87rIMg/Custom/%5BVRL%5D%20DS13831%20%5BCH%5D%20Street%20Scene%202%20Plots%2028-30_web.jpg","Staged showhome exterior."
"Morella Woods","Morella Woods development gallery","","https://www.countrysidehomes.com/developments/kent/morella-woods-lenham","images/f9437c458d047b0f1916b74941c3d0331ee37a9f2c1ec9b3bd39dffb6fe100b7.jpg","https://cdn.mediavalet.com/eunl/vistry-dam/rEa0ngpScU6armaJ0asikg/WGtzBGGPr0y4o1W_hfQ1uA/Custom/DJI_0614_Development_Hero_1280x853.jpg","Staged showhome interior space."
"Morella Woods","Morella Woods development gallery","","https://www.countrysidehomes.com/developments/kent/morella-woods-lenham","images/df6480c8a10b4ddc6cbd3528d2d8c75320cc4033561acef50aa726fe2a5b743f.jpg","https://cdn.mediavalet.com/eunl/vistry-dam/QsCK1P-n2EKBT-30FyS30A/U_TwkC9IfU2uSuf-Uv5S6A/Custom/Vistry%20Morella%20Woods%20The%20Hummingbird%20171125%20324.jpg","Staged showhome interior space."
"Morella Woods","Morella Woods development gallery","","https://www.countrysidehomes.com/developments/kent/morella-woods-lenham","images/2789f12adbde207817258db28cea0acbfe60d23345241e087e4e1f296f54d01e.jpg","https://cdn.mediavalet.com/eunl/vistry-dam/SVZAOGkGl0-NWvjEVlHjbw/kM99QeStcUKiqQXPvEkwrg/Custom/Smooth%20Move%20lifestyle.jpg","Staged showhome interior space."
"Morella Woods","Morella Woods development gallery","","https://www.countrysidehomes.com/developments/kent/morella-woods-lenham","images/9398c779dd36224c51dfe211b52fdb3c1dc4fd6aa85c2fde6bbb6aed016a2996.jpg","https://cdn.mediavalet.com/eunl/vistry-dam/Yj7nETc-PEOyVs_OeqrXPQ/UAc9TSUvAkezIURwpMuZCg/Custom/%5BVRL%5D%20DS13831%20%5BCH%5D%20Street%20Scene%201%20Plots%2082-86_web.jpg","Staged showhome exterior."
"Morella Woods","Morella Woods development gallery","","https://www.countrysidehomes.com/developments/kent/morella-woods-lenham","images/f29d6aa5a6dea76e117c8783d27890c5c3ab7cde3bb8f24cb60d56c3c72bae7d.jpg","https://cdn.mediavalet.com/eunl/vistry-dam/YxsBskjuPkaxtoC83BOFPw/LRJtD4WFoES8CCXE-j3Rjw/Custom/Vistry%20Morella%20Woods%20The%20Hummingbird%20171125%20246.jpg","Staged showhome interior space."
"Rosewood","The Maple · Plot 193","3","https://www.countrysidehomes.com/developments/kent/rosewood-maidstone/home-0193","images/002f0b8e4507ea6c9522219c7b3520844f80c71cba956d7cfd29d001b7d08c5c.jpg","https://cdn.mediavalet.com/eunl/vistry-dam/eifswN6hTk-w2WN0I5UzXQ/CAwzZOfg-Eum0EuTBSmRDw/Custom/DS14606%20%5BCH%5D%20Maple%20Plots%20224-225_web.jpg","Staged showhome interior space."
"Rosewood","The Maple · Plot 193","3","https://www.countrysidehomes.com/developments/kent/rosewood-maidstone/home-0193","images/a8ce7954030db8223f4d7d83bbebcca361b811b22d1b72e838ed9cdfac82fd52.jpg","https://cdn.mediavalet.com/eunl/vistry-dam/bX7mwWhtHkyRLbnS2pNbuA/wPOLHqgclEC1LyPihxFzsQ/Custom/Tyndall_Bedroom_Housetype_Plot_-_Hero_860x573.jpg","Staged showhome interior space."
"Rosewood","The Maple · Plot 193","3","https://www.countrysidehomes.com/developments/kent/rosewood-maidstone/home-0193","images/3487e7378ed872fd2872eb35c36352a9e84139ce7a1ee11eba319cdda2783103.jpg","https://cdn.mediavalet.com/eunl/vistry-dam/9PHp4dd44UGJDPWzd-6b_g/83Fl0uK5WkGgLx55hht-Qg/Custom/2201572-073.jpg","Staged showhome interior space."
"Rosewood","The Maple · Plot 193","3","https://www.countrysidehomes.com/developments/kent/rosewood-maidstone/home-0193","images/aeb7bb753551d167fd7a36573f078ef1d4ce97dd3ed6bceb811668806b0da714.jpg","https://cdn.mediavalet.com/eunl/vistry-dam/8OIOouP99EKuHdG3c448WQ/MLjBz6OAC0mqC53IuwWl0Q/Custom/2201569-039.jpg","Staged showhome interior space."
"Rosewood","The Maple · Plot 193","3","https://www.countrysidehomes.com/developments/kent/rosewood-maidstone/home-0193","images/0da1d1f8b7451794da1301ce27e007dc742543bd0ceb92c56f39f009ccfda184.jpg","https://cdn.mediavalet.com/eunl/vistry-dam/Gbq_qo_Qrk2iWWdWSng3KA/W-r0gMmilEyXjMIMYOfAdw/Custom/Vistry%20Morella%20Woods%20The%20Hummingbird%20171125%20303.jpg","Staged showhome interior space."
"Rosewood","The Maple · Plot 193","3","https://www.countrysidehomes.com/developments/kent/rosewood-maidstone/home-0193","images/e4449d22eb335e8101de84738c4be26b4e2946801f94ac260eb44cbe595fe689.jpg","https://cdn.mediavalet.com/eunl/vistry-dam/Sx1ETNkDwk2-btlbRm1jIg/bsdxDnl3H0eGm1QvCOHFYA/Custom/CH-SADDLERS-RUTLAND-%28elmslie%29-ENSUITE.jpg","Staged showhome bathroom."
"Rosewood","The Maple · Plot 193","3","https://www.countrysidehomes.com/developments/kent/rosewood-maidstone/home-0193","images/46602b52cd1ff6afec897744496ca2e04429be1f22545ce452e3a4371ef54f7c.jpg","https://mvdataappstorageeunlprod.blob.core.windows.net/medialibrary-34218e3cae6c4041a23eb8b1cf91be27/133544d98ac34884956daa34d1e9cbb5/133544d98ac34884956daa34d1e9cbb5/Original/DS16212%20Rosewood,%20Maidstone%20Maple%20GF.jpg?sv=2017-04-17&sr=b&si=202008111744&sig=S4%2FrK3vluCmd14aAyupMsCknkJ8VIOrzOgHsFxO0iG8%3D&st=0381-01-15T15%3A43%3A04Z&se=2036-06-04T20%3A17%3A18Z&rsct=application%2Foctet-stream&rscd=attachment%3B%20filename%2A%3DUTF-8%27%27DS16212%2520Rosewood%252C%2520Maidstone%2520Maple%2520GF.jpg","Staged showhome interior space."
"Rosewood","The Maple · Plot 193","3","https://www.countrysidehomes.com/developments/kent/rosewood-maidstone/home-0193","images/45f4948cedd2274c5fefb9b1cb5059b33ed43ea4a664ff04aa934227b686bb98.jpg","https://mvdataappstorageeunlprod.blob.core.windows.net/medialibrary-34218e3cae6c4041a23eb8b1cf91be27/0e8fa87ddcda42a385bd5ece7359bb26/0e8fa87ddcda42a385bd5ece7359bb26/Original/DS16212%20Rosewood,%20Maidstone%20Maple%20FF.jpg?sv=2017-04-17&sr=b&si=202008111744&sig=FGjsfP6HpvtOEGGhDzxsMR1eweuhj1vKDww9%2B1K5xiU%3D&st=0001-01-01T00%3A00%3A00Z&se=2036-06-04T20%3A19%3A25Z&rsct=application%2Foctet-stream&rscd=attachment%3B%20filename%2A%3DUTF-8%27%27DS16212%2520Rosewood%252C%2520Maidstone%2520Maple%2520FF.jpg","Staged showhome interior space."
"Rosewood","The Maple · Plot 193","3","https://www.countrysidehomes.com/developments/kent/rosewood-maidstone/home-0193","images/bc2a2004e5be105f69b95148115433623b11a399fc5c295e725d8a8cfeff05c8.jpg","https://mvdataappstorageeunlprod.blob.core.windows.net/medialibrary-34218e3cae6c4041a23eb8b1cf91be27/f9244ae864b6446dafb7265ab6ca98a6/f9244ae864b6446dafb7265ab6ca98a6/Original/DS16212%20Rosewood,%20Maidstone%20Maple%20SF.jpg?sv=2017-04-17&sr=b&si=202008111744&sig=domBrqEL6ZQ3%2BGIIHmlUBRSbFBjTyx%2FATRmoXdYFD40%3D&st=0001-01-01T00%3A00%3A00Z&se=2036-06-04T20%3A21%3A48Z&rsct=application%2Foctet-stream&rscd=attachment%3B%20filename%2A%3DUTF-8%27%27DS16212%2520Rosewood%252C%2520Maidstone%2520Maple%2520SF.jpg","Staged showhome interior space."
"Rosewood","The Maple · Plot 194","3","https://www.countrysidehomes.com/developments/kent/rosewood-maidstone/home-0194","images/3487e7378ed872fd2872eb35c36352a9e84139ce7a1ee11eba319cdda2783103.jpg","https://cdn.mediavalet.com/eunl/vistry-dam/9PHp4dd44UGJDPWzd-6b_g/83Fl0uK5WkGgLx55hht-Qg/Custom/2201572-073.jpg","Staged showhome interior space."
"Rosewood","The Maple · Plot 194","3","https://www.countrysidehomes.com/developments/kent/rosewood-maidstone/home-0194","images/002f0b8e4507ea6c9522219c7b3520844f80c71cba956d7cfd29d001b7d08c5c.jpg","https://cdn.mediavalet.com/eunl/vistry-dam/eifswN6hTk-w2WN0I5UzXQ/CAwzZOfg-Eum0EuTBSmRDw/Custom/DS14606%20%5BCH%5D%20Maple%20Plots%20224-225_web.jpg","Staged showhome interior space."
"Rosewood","The Maple · Plot 194","3","https://www.countrysidehomes.com/developments/kent/rosewood-maidstone/home-0194","images/aeb7bb753551d167fd7a36573f078ef1d4ce97dd3ed6bceb811668806b0da714.jpg","https://cdn.mediavalet.com/eunl/vistry-dam/8OIOouP99EKuHdG3c448WQ/MLjBz6OAC0mqC53IuwWl0Q/Custom/2201569-039.jpg","Staged showhome interior space."
"Rosewood","The Maple · Plot 194","3","https://www.countrysidehomes.com/developments/kent/rosewood-maidstone/home-0194","images/0da1d1f8b7451794da1301ce27e007dc742543bd0ceb92c56f39f009ccfda184.jpg","https://cdn.mediavalet.com/eunl/vistry-dam/Gbq_qo_Qrk2iWWdWSng3KA/W-r0gMmilEyXjMIMYOfAdw/Custom/Vistry%20Morella%20Woods%20The%20Hummingbird%20171125%20303.jpg","Staged showhome interior space."
"Rosewood","The Maple · Plot 194","3","https://www.countrysidehomes.com/developments/kent/rosewood-maidstone/home-0194","images/a8ce7954030db8223f4d7d83bbebcca361b811b22d1b72e838ed9cdfac82fd52.jpg","https://cdn.mediavalet.com/eunl/vistry-dam/bX7mwWhtHkyRLbnS2pNbuA/wPOLHqgclEC1LyPihxFzsQ/Custom/Tyndall_Bedroom_Housetype_Plot_-_Hero_860x573.jpg","Staged showhome interior space."
"Rosewood","The Maple · Plot 194","3","https://www.countrysidehomes.com/developments/kent/rosewood-maidstone/home-0194","images/e4449d22eb335e8101de84738c4be26b4e2946801f94ac260eb44cbe595fe689.jpg","https://cdn.mediavalet.com/eunl/vistry-dam/Sx1ETNkDwk2-btlbRm1jIg/bsdxDnl3H0eGm1QvCOHFYA/Custom/CH-SADDLERS-RUTLAND-%28elmslie%29-ENSUITE.jpg","Staged showhome bathroom."
"Rosewood","The Maple · Plot 194","3","https://www.countrysidehomes.com/developments/kent/rosewood-maidstone/home-0194","images/46602b52cd1ff6afec897744496ca2e04429be1f22545ce452e3a4371ef54f7c.jpg","https://mvdataappstorageeunlprod.blob.core.windows.net/medialibrary-34218e3cae6c4041a23eb8b1cf91be27/133544d98ac34884956daa34d1e9cbb5/133544d98ac34884956daa34d1e9cbb5/Original/DS16212%20Rosewood,%20Maidstone%20Maple%20GF.jpg?sv=2017-04-17&sr=b&si=202008111744&sig=S4%2FrK3vluCmd14aAyupMsCknkJ8VIOrzOgHsFxO0iG8%3D&st=0381-01-15T15%3A43%3A04Z&se=2036-06-04T20%3A17%3A18Z&rsct=application%2Foctet-stream&rscd=attachment%3B%20filename%2A%3DUTF-8%27%27DS16212%2520Rosewood%252C%2520Maidstone%2520Maple%2520GF.jpg","Staged showhome interior space."
"Rosewood","The Maple · Plot 194","3","https://www.countrysidehomes.com/developments/kent/rosewood-maidstone/home-0194","images/45f4948cedd2274c5fefb9b1cb5059b33ed43ea4a664ff04aa934227b686bb98.jpg","https://mvdataappstorageeunlprod.blob.core.windows.net/medialibrary-34218e3cae6c4041a23eb8b1cf91be27/0e8fa87ddcda42a385bd5ece7359bb26/0e8fa87ddcda42a385bd5ece7359bb26/Original/DS16212%20Rosewood,%20Maidstone%20Maple%20FF.jpg?sv=2017-04-17&sr=b&si=202008111744&sig=FGjsfP6HpvtOEGGhDzxsMR1eweuhj1vKDww9%2B1K5xiU%3D&st=0001-01-01T00%3A00%3A00Z&se=2036-06-04T20%3A19%3A25Z&rsct=application%2Foctet-stream&rscd=attachment%3B%20filename%2A%3DUTF-8%27%27DS16212%2520Rosewood%252C%2520Maidstone%2520Maple%2520FF.jpg","Staged showhome interior space."
"Rosewood","The Maple · Plot 194","3","https://www.countrysidehomes.com/developments/kent/rosewood-maidstone/home-0194","images/bc2a2004e5be105f69b95148115433623b11a399fc5c295e725d8a8cfeff05c8.jpg","https://mvdataappstorageeunlprod.blob.core.windows.net/medialibrary-34218e3cae6c4041a23eb8b1cf91be27/f9244ae864b6446dafb7265ab6ca98a6/f9244ae864b6446dafb7265ab6ca98a6/Original/DS16212%20Rosewood,%20Maidstone%20Maple%20SF.jpg?sv=2017-04-17&sr=b&si=202008111744&sig=domBrqEL6ZQ3%2BGIIHmlUBRSbFBjTyx%2FATRmoXdYFD40%3D&st=0001-01-01T00%3A00%3A00Z&se=2036-06-04T20%3A21%3A48Z&rsct=application%2Foctet-stream&rscd=attachment%3B%20filename%2A%3DUTF-8%27%27DS16212%2520Rosewood%252C%2520Maidstone%2520Maple%2520SF.jpg","Staged showhome interior space."
"Rosewood","The Cedar · Plot 231","3","https://www.countrysidehomes.com/developments/kent/rosewood-maidstone/home-0231","images/d7ed336c959e5d269730c7492f804eb3a4f073ce4899e576cdd2d89e3b6c2616.jpg","https://cdn.mediavalet.com/eunl/vistry-dam/QNjCt_k1FEaAbyT8WA0upQ/xNCcPfu0ZkStiBCqzrh9Dg/Custom/DS14606%20%5BCH%5D%20Cedar%20Plots%20207-210_web.jpg","Staged showhome interior space."
"Rosewood","The Cedar · Plot 231","3","https://www.countrysidehomes.com/developments/kent/rosewood-maidstone/home-0231","images/b7d5024ef5c9be988a389a643c0e7b406310bcce08ce501978130aaa703dc9b4.jpg","https://cdn.mediavalet.com/eunl/vistry-dam/uWhdTOgMnU-KC2DghQ4mLg/5FHGdSGpik2SGYc2hl5u7g/Custom/Rivers%20Edge-New%20Stamford-KTD-095-retouched.jpg","Staged showhome interior space."
"Rosewood","The Cedar · Plot 231","3","https://www.countrysidehomes.com/developments/kent/rosewood-maidstone/home-0231","images/20268574c3f4ea8855a3a51c6a5e4690e5321a0ce6bfd5781c88fea3c2b74f17.jpg","https://cdn.mediavalet.com/eunl/vistry-dam/Kq5w5CECskGUXc7hwX9ELg/Pdm16qwQT0Cf8wNuxz0spw/Custom/Redstart%20Bedroom%201%20with%20Ensuite.jpg","Staged showhome bedroom."
"Rosewood","The Cedar · Plot 231","3","https://www.countrysidehomes.com/developments/kent/rosewood-maidstone/home-0231","images/f6b90fe088b2f3522ca9f10ead8ee0a5de0552b45ca13ae738088746e2f295d8.jpg","https://cdn.mediavalet.com/eunl/vistry-dam/kv1E7XaoFU24froN-eGCaw/t1_ylclq7kmWs-SmJ4ZQCQ/Custom/Byford%20Bedroom%204.jpg","Staged showhome bedroom."
"Rosewood","The Cedar · Plot 231","3","https://www.countrysidehomes.com/developments/kent/rosewood-maidstone/home-0231","images/128a87cd3e0bac338a0dc50a6a77f1b159883543fc586357109480e63a75aa6e.jpg","https://cdn.mediavalet.com/eunl/vistry-dam/fidmzIMJ9kigmjsv_xE-ig/mDoXk2pUK0iAApiYWbWzqw/Custom/Vistry%20Morella%20Woods%20The%20Turnstone%20171125%20074.jpg","Staged showhome interior space."
"Rosewood","The Cedar · Plot 231","3","https://www.countrysidehomes.com/developments/kent/rosewood-maidstone/home-0231","images/53437283b1e1db914d4fad5f3b0b12ea75bb172b8d1a9dff24aa252734d76690.jpg","https://cdn.mediavalet.com/eunl/vistry-dam/kpmiizVRaEu2aeGHig_ToA/t5ndvjKwJUWJH5GWSXf_gA/Custom/HM%20Dunnock%20Bathroom.jpg","Staged showhome bathroom."
"Rosewood","The Cedar · Plot 231","3","https://www.countrysidehomes.com/developments/kent/rosewood-maidstone/home-0231","images/14174e6a7cd23e1958774a9437d57103b9e040b4bd3041538ea3dd4bff4d1daa.jpg","https://mvdataappstorageeunlprod.blob.core.windows.net/medialibrary-34218e3cae6c4041a23eb8b1cf91be27/9fc0f48d3e1e46478eb66ac710dc969f/9fc0f48d3e1e46478eb66ac710dc969f/Original/Cedar%20GF.jpg?sv=2017-04-17&sr=b&si=202008111744&sig=yAUAMzlDcajuAMaTjsbJha7hAJ%2B2CeuCfDS9pK%2FwAxQ%3D&st=1996-05-07T05%3A35%3A48Z&se=2036-06-03T22%3A09%3A24Z&rsct=application%2Foctet-stream&rscd=attachment%3B%20filename%2A%3DUTF-8%27%27Cedar%2520GF.jpg","Staged showhome interior space."
"Rosewood","The Cedar · Plot 231","3","https://www.countrysidehomes.com/developments/kent/rosewood-maidstone/home-0231","images/e07aea78f52c47f3e64844447092c9f94ab08743429e44a3ceaa0ee80c0b5a20.jpg","https://mvdataappstorageeunlprod.blob.core.windows.net/medialibrary-34218e3cae6c4041a23eb8b1cf91be27/88785bfe539340dc97b69759909c8e46/88785bfe539340dc97b69759909c8e46/Original/Cedar%20FF.jpg?sv=2017-04-17&sr=b&si=202008111744&sig=QcV5CEUkOGHDo56XXMzKCL%2BHwzTcx0SpmEg%2FjccBZ3k%3D&st=0834-01-26T15%3A24%3A19Z&se=2036-06-03T22%3A11%3A47Z&rsct=application%2Foctet-stream&rscd=attachment%3B%20filename%2A%3DUTF-8%27%27Cedar%2520FF.jpg","Staged showhome interior space."
"Rosewood","The Cedar · Plot 231","3","https://www.countrysidehomes.com/developments/kent/rosewood-maidstone/home-0231","images/46b0dcf92d61d8e5b7f672c36ad8e8b9dacd8258d164368c3aaea4be94332ff4.jpg","https://mvdataappstorageeunlprod.blob.core.windows.net/medialibrary-34218e3cae6c4041a23eb8b1cf91be27/9bfae2a97adf4bb2a19eb43943aa57f0/9bfae2a97adf4bb2a19eb43943aa57f0/Original/Cedar%20SF.jpg?sv=2017-04-17&sr=b&si=202008111744&sig=w1GfdVNs9NSdOSUtlPvDt4T%2BG6Z6EQmfele5sgcDfAw%3D&st=1610-03-28T11%3A37%3A02Z&se=2036-06-03T22%3A11%3A47Z&rsct=application%2Foctet-stream&rscd=attachment%3B%20filename%2A%3DUTF-8%27%27Cedar%2520SF.jpg","Staged showhome interior space."
"Rosewood","The Beech · Plot 228","4","https://www.countrysidehomes.com/developments/kent/rosewood-maidstone/home-0228","images/f8ff804dd1079add9c4a3d969b36b998c0c7c2a2d1fd3bd11eb96d42975c1a96.jpg","https://cdn.mediavalet.com/eunl/vistry-dam/jXhIo2pACUKmXu3XEkLxzw/eAcRkoSld0WYXtE5GRsRVg/Custom/DS14606%20%5BCH%5D%20Beech%20Plots%20226-227_web.jpg","Staged showhome interior space."
"Rosewood","The Beech · Plot 228","4","https://www.countrysidehomes.com/developments/kent/rosewood-maidstone/home-0228","images/088f8aa9cd368ca742fe4a66f4b277293904f0424653fe8dd8290346cf7f1932.jpg","https://cdn.mediavalet.com/eunl/vistry-dam/qHocsHk37kaR1gO9apVAcA/8ldXvhPl9EW3n1PypD-vNg/Custom/BLENHEIM%20OPEN%20PLAN%20LIVING.jpg","Staged showhome living room."
"Rosewood","The Beech · Plot 228","4","https://www.countrysidehomes.com/developments/kent/rosewood-maidstone/home-0228","images/128a87cd3e0bac338a0dc50a6a77f1b159883543fc586357109480e63a75aa6e.jpg","https://cdn.mediavalet.com/eunl/vistry-dam/fidmzIMJ9kigmjsv_xE-ig/mDoXk2pUK0iAApiYWbWzqw/Custom/Vistry%20Morella%20Woods%20The%20Turnstone%20171125%20074.jpg","Staged showhome interior space."
"Rosewood","The Beech · Plot 228","4","https://www.countrysidehomes.com/developments/kent/rosewood-maidstone/home-0228","images/0af63369687ccf24ddc88af86a599647d8f0160bcb3bf936f3052f99b28adb83.jpg","https://cdn.mediavalet.com/eunl/vistry-dam/NZ15IcQ0ckOCZU2PkIrGeQ/XMNFYF0-kUmn-v52ojYaXg/Custom/The%20Woodlark%204.jpg","Staged showhome interior space."
"Rosewood","The Beech · Plot 228","4","https://www.countrysidehomes.com/developments/kent/rosewood-maidstone/home-0228","images/a1d1c3d27c1a951c4757e66c12ee2ac58c7ea11755821c25767bbe2c482dce79.jpg","https://cdn.mediavalet.com/eunl/vistry-dam/zHld2JB4UECIRXOdrkL63A/JDDaNq3tLUuYQDjChKgs_w/Custom/Orwell%20Bedroom%201.jpg","Staged showhome bedroom."
"Rosewood","The Beech · Plot 228","4","https://www.countrysidehomes.com/developments/kent/rosewood-maidstone/home-0228","images/a27327fa3ede015120f02f7e06e99b6b9eebc4a4223cf17291779852b1fbe8de.jpg","https://cdn.mediavalet.com/eunl/vistry-dam/Mw4V5fteWUeTCdMQqabUEA/3kDbWRexJU22KkHfSBcQWA/Custom/Henly%20Ensuite.jpg","Staged showhome bathroom."
"Rosewood","The Beech · Plot 228","4","https://www.countrysidehomes.com/developments/kent/rosewood-maidstone/home-0228","images/e54e5c4cd2b46a1b112fb9200d1da63eabb68a990f975ee4083b6f7cc9384075.jpg","https://mvdataappstorageeunlprod.blob.core.windows.net/medialibrary-34218e3cae6c4041a23eb8b1cf91be27/9bd47e998eb74ce3bbd4d45dcd42481a/9bd47e998eb74ce3bbd4d45dcd42481a/Original/Beech%20GF.jpg?sv=2017-04-17&sr=b&si=202008111744&sig=o7JyEdAeXV8w7wyb4mxBGykZ4vLCWs043A%2FrH4%2FJcl4%3D&st=0934-02-11T23%3A32%3A07Z&se=2036-06-03T21%3A01%3A15Z&rsct=application%2Foctet-stream&rscd=attachment%3B%20filename%2A%3DUTF-8%27%27Beech%2520GF.jpg","Staged showhome interior space."
"Rosewood","The Beech · Plot 228","4","https://www.countrysidehomes.com/developments/kent/rosewood-maidstone/home-0228","images/4b50521320b107becacc236b466a4d58c6aed519beef2f84346b2420a7926c9d.jpg","https://mvdataappstorageeunlprod.blob.core.windows.net/medialibrary-34218e3cae6c4041a23eb8b1cf91be27/96519b69420545aca0c83486b5e59844/96519b69420545aca0c83486b5e59844/Original/Beech%20FF.jpg?sv=2017-04-17&sr=b&si=202008111744&sig=lcHcf5rfLntAw4%2BrQZpxa4IVdWQLc9AtpYhFil3tyls%3D&st=1084-02-19T02%3A58%3A07Z&se=2036-06-03T21%3A01%3A15Z&rsct=application%2Foctet-stream&rscd=attachment%3B%20filename%2A%3DUTF-8%27%27Beech%2520FF.jpg","Staged showhome interior space."
"Rosewood","The Beech · Plot 228","4","https://www.countrysidehomes.com/developments/kent/rosewood-maidstone/home-0228","images/67b25d5563619185324b6c84d51f1666cd1616f5f470a0af0125fea919873ad8.jpg","https://mvdataappstorageeunlprod.blob.core.windows.net/medialibrary-34218e3cae6c4041a23eb8b1cf91be27/d89d12054632446789ace6bf7613c92f/d89d12054632446789ace6bf7613c92f/Original/Beech%20SF.jpg?sv=2017-04-17&sr=b&si=202008111744&sig=3JoEYxOk34wx61K1wzr1Wh233OIP%2BpXQdQSs7CfNlRw%3D&st=0814-01-14T06%3A23%3A21Z&se=2036-06-03T21%3A03%3A15Z&rsct=application%2Foctet-stream&rscd=attachment%3B%20filename%2A%3DUTF-8%27%27Beech%2520SF.jpg","Staged showhome interior space."
"Rosewood","The Beech · Plot 232","4","https://www.countrysidehomes.com/developments/kent/rosewood-maidstone/home-0232","images/f8ff804dd1079add9c4a3d969b36b998c0c7c2a2d1fd3bd11eb96d42975c1a96.jpg","https://cdn.mediavalet.com/eunl/vistry-dam/jXhIo2pACUKmXu3XEkLxzw/eAcRkoSld0WYXtE5GRsRVg/Custom/DS14606%20%5BCH%5D%20Beech%20Plots%20226-227_web.jpg","Staged showhome interior space."
"Rosewood","The Beech · Plot 232","4","https://www.countrysidehomes.com/developments/kent/rosewood-maidstone/home-0232","images/088f8aa9cd368ca742fe4a66f4b277293904f0424653fe8dd8290346cf7f1932.jpg","https://cdn.mediavalet.com/eunl/vistry-dam/qHocsHk37kaR1gO9apVAcA/8ldXvhPl9EW3n1PypD-vNg/Custom/BLENHEIM%20OPEN%20PLAN%20LIVING.jpg","Staged showhome living room."
"Rosewood","The Beech · Plot 232","4","https://www.countrysidehomes.com/developments/kent/rosewood-maidstone/home-0232","images/128a87cd3e0bac338a0dc50a6a77f1b159883543fc586357109480e63a75aa6e.jpg","https://cdn.mediavalet.com/eunl/vistry-dam/fidmzIMJ9kigmjsv_xE-ig/mDoXk2pUK0iAApiYWbWzqw/Custom/Vistry%20Morella%20Woods%20The%20Turnstone%20171125%20074.jpg","Staged showhome interior space."
"Rosewood","The Beech · Plot 232","4","https://www.countrysidehomes.com/developments/kent/rosewood-maidstone/home-0232","images/0af63369687ccf24ddc88af86a599647d8f0160bcb3bf936f3052f99b28adb83.jpg","https://cdn.mediavalet.com/eunl/vistry-dam/NZ15IcQ0ckOCZU2PkIrGeQ/XMNFYF0-kUmn-v52ojYaXg/Custom/The%20Woodlark%204.jpg","Staged showhome interior space."
"Rosewood","The Beech · Plot 232","4","https://www.countrysidehomes.com/developments/kent/rosewood-maidstone/home-0232","images/a1d1c3d27c1a951c4757e66c12ee2ac58c7ea11755821c25767bbe2c482dce79.jpg","https://cdn.mediavalet.com/eunl/vistry-dam/zHld2JB4UECIRXOdrkL63A/JDDaNq3tLUuYQDjChKgs_w/Custom/Orwell%20Bedroom%201.jpg","Staged showhome bedroom."
"Rosewood","The Beech · Plot 232","4","https://www.countrysidehomes.com/developments/kent/rosewood-maidstone/home-0232","images/a27327fa3ede015120f02f7e06e99b6b9eebc4a4223cf17291779852b1fbe8de.jpg","https://cdn.mediavalet.com/eunl/vistry-dam/Mw4V5fteWUeTCdMQqabUEA/3kDbWRexJU22KkHfSBcQWA/Custom/Henly%20Ensuite.jpg","Staged showhome bathroom."
"Rosewood","The Beech · Plot 232","4","https://www.countrysidehomes.com/developments/kent/rosewood-maidstone/home-0232","images/e54e5c4cd2b46a1b112fb9200d1da63eabb68a990f975ee4083b6f7cc9384075.jpg","https://mvdataappstorageeunlprod.blob.core.windows.net/medialibrary-34218e3cae6c4041a23eb8b1cf91be27/9bd47e998eb74ce3bbd4d45dcd42481a/9bd47e998eb74ce3bbd4d45dcd42481a/Original/Beech%20GF.jpg?sv=2017-04-17&sr=b&si=202008111744&sig=o7JyEdAeXV8w7wyb4mxBGykZ4vLCWs043A%2FrH4%2FJcl4%3D&st=0934-02-11T23%3A32%3A07Z&se=2036-06-03T21%3A01%3A15Z&rsct=application%2Foctet-stream&rscd=attachment%3B%20filename%2A%3DUTF-8%27%27Beech%2520GF.jpg","Staged showhome interior space."
"Rosewood","The Beech · Plot 232","4","https://www.countrysidehomes.com/developments/kent/rosewood-maidstone/home-0232","images/4b50521320b107becacc236b466a4d58c6aed519beef2f84346b2420a7926c9d.jpg","https://mvdataappstorageeunlprod.blob.core.windows.net/medialibrary-34218e3cae6c4041a23eb8b1cf91be27/96519b69420545aca0c83486b5e59844/96519b69420545aca0c83486b5e59844/Original/Beech%20FF.jpg?sv=2017-04-17&sr=b&si=202008111744&sig=lcHcf5rfLntAw4%2BrQZpxa4IVdWQLc9AtpYhFil3tyls%3D&st=1084-02-19T02%3A58%3A07Z&se=2036-06-03T21%3A01%3A15Z&rsct=application%2Foctet-stream&rscd=attachment%3B%20filename%2A%3DUTF-8%27%27Beech%2520FF.jpg","Staged showhome interior space."
"Rosewood","The Beech · Plot 232","4","https://www.countrysidehomes.com/developments/kent/rosewood-maidstone/home-0232","images/67b25d5563619185324b6c84d51f1666cd1616f5f470a0af0125fea919873ad8.jpg","https://mvdataappstorageeunlprod.blob.core.windows.net/medialibrary-34218e3cae6c4041a23eb8b1cf91be27/d89d12054632446789ace6bf7613c92f/d89d12054632446789ace6bf7613c92f/Original/Beech%20SF.jpg?sv=2017-04-17&sr=b&si=202008111744&sig=3JoEYxOk34wx61K1wzr1Wh233OIP%2BpXQdQSs7CfNlRw%3D&st=0814-01-14T06%3A23%3A21Z&se=2036-06-03T21%3A03%3A15Z&rsct=application%2Foctet-stream&rscd=attachment%3B%20filename%2A%3DUTF-8%27%27Beech%2520SF.jpg","Staged showhome interior space."
"Rosewood","The Beech · Plot 233","4","https://www.countrysidehomes.com/developments/kent/rosewood-maidstone/home-0233","images/a1d1c3d27c1a951c4757e66c12ee2ac58c7ea11755821c25767bbe2c482dce79.jpg","https://cdn.mediavalet.com/eunl/vistry-dam/zHld2JB4UECIRXOdrkL63A/JDDaNq3tLUuYQDjChKgs_w/Custom/Orwell%20Bedroom%201.jpg","Staged showhome bedroom."
"Rosewood","The Beech · Plot 233","4","https://www.countrysidehomes.com/developments/kent/rosewood-maidstone/home-0233","images/f8ff804dd1079add9c4a3d969b36b998c0c7c2a2d1fd3bd11eb96d42975c1a96.jpg","https://cdn.mediavalet.com/eunl/vistry-dam/jXhIo2pACUKmXu3XEkLxzw/eAcRkoSld0WYXtE5GRsRVg/Custom/DS14606%20%5BCH%5D%20Beech%20Plots%20226-227_web.jpg","Staged showhome interior space."
"Rosewood","The Beech · Plot 233","4","https://www.countrysidehomes.com/developments/kent/rosewood-maidstone/home-0233","images/088f8aa9cd368ca742fe4a66f4b277293904f0424653fe8dd8290346cf7f1932.jpg","https://cdn.mediavalet.com/eunl/vistry-dam/qHocsHk37kaR1gO9apVAcA/8ldXvhPl9EW3n1PypD-vNg/Custom/BLENHEIM%20OPEN%20PLAN%20LIVING.jpg","Staged showhome living room."
"Rosewood","The Beech · Plot 233","4","https://www.countrysidehomes.com/developments/kent/rosewood-maidstone/home-0233","images/128a87cd3e0bac338a0dc50a6a77f1b159883543fc586357109480e63a75aa6e.jpg","https://cdn.mediavalet.com/eunl/vistry-dam/fidmzIMJ9kigmjsv_xE-ig/mDoXk2pUK0iAApiYWbWzqw/Custom/Vistry%20Morella%20Woods%20The%20Turnstone%20171125%20074.jpg","Staged showhome interior space."
"Rosewood","The Beech · Plot 233","4","https://www.countrysidehomes.com/developments/kent/rosewood-maidstone/home-0233","images/0af63369687ccf24ddc88af86a599647d8f0160bcb3bf936f3052f99b28adb83.jpg","https://cdn.mediavalet.com/eunl/vistry-dam/NZ15IcQ0ckOCZU2PkIrGeQ/XMNFYF0-kUmn-v52ojYaXg/Custom/The%20Woodlark%204.jpg","Staged showhome interior space."
"Rosewood","The Beech · Plot 233","4","https://www.countrysidehomes.com/developments/kent/rosewood-maidstone/home-0233","images/a27327fa3ede015120f02f7e06e99b6b9eebc4a4223cf17291779852b1fbe8de.jpg","https://cdn.mediavalet.com/eunl/vistry-dam/Mw4V5fteWUeTCdMQqabUEA/3kDbWRexJU22KkHfSBcQWA/Custom/Henly%20Ensuite.jpg","Staged showhome bathroom."
"Rosewood","The Beech · Plot 233","4","https://www.countrysidehomes.com/developments/kent/rosewood-maidstone/home-0233","images/e54e5c4cd2b46a1b112fb9200d1da63eabb68a990f975ee4083b6f7cc9384075.jpg","https://mvdataappstorageeunlprod.blob.core.windows.net/medialibrary-34218e3cae6c4041a23eb8b1cf91be27/9bd47e998eb74ce3bbd4d45dcd42481a/9bd47e998eb74ce3bbd4d45dcd42481a/Original/Beech%20GF.jpg?sv=2017-04-17&sr=b&si=202008111744&sig=o7JyEdAeXV8w7wyb4mxBGykZ4vLCWs043A%2FrH4%2FJcl4%3D&st=0934-02-11T23%3A32%3A07Z&se=2036-06-03T21%3A01%3A15Z&rsct=application%2Foctet-stream&rscd=attachment%3B%20filename%2A%3DUTF-8%27%27Beech%2520GF.jpg","Staged showhome interior space."
"Rosewood","The Beech · Plot 233","4","https://www.countrysidehomes.com/developments/kent/rosewood-maidstone/home-0233","images/4b50521320b107becacc236b466a4d58c6aed519beef2f84346b2420a7926c9d.jpg","https://mvdataappstorageeunlprod.blob.core.windows.net/medialibrary-34218e3cae6c4041a23eb8b1cf91be27/96519b69420545aca0c83486b5e59844/96519b69420545aca0c83486b5e59844/Original/Beech%20FF.jpg?sv=2017-04-17&sr=b&si=202008111744&sig=lcHcf5rfLntAw4%2BrQZpxa4IVdWQLc9AtpYhFil3tyls%3D&st=1084-02-19T02%3A58%3A07Z&se=2036-06-03T21%3A01%3A15Z&rsct=application%2Foctet-stream&rscd=attachment%3B%20filename%2A%3DUTF-8%27%27Beech%2520FF.jpg","Staged showhome interior space."
"Rosewood","The Beech · Plot 233","4","https://www.countrysidehomes.com/developments/kent/rosewood-maidstone/home-0233","images/67b25d5563619185324b6c84d51f1666cd1616f5f470a0af0125fea919873ad8.jpg","https://mvdataappstorageeunlprod.blob.core.windows.net/medialibrary-34218e3cae6c4041a23eb8b1cf91be27/d89d12054632446789ace6bf7613c92f/d89d12054632446789ace6bf7613c92f/Original/Beech%20SF.jpg?sv=2017-04-17&sr=b&si=202008111744&sig=3JoEYxOk34wx61K1wzr1Wh233OIP%2BpXQdQSs7CfNlRw%3D&st=0814-01-14T06%3A23%3A21Z&se=2036-06-03T21%3A03%3A15Z&rsct=application%2Foctet-stream&rscd=attachment%3B%20filename%2A%3DUTF-8%27%27Beech%2520SF.jpg","Staged showhome interior space."
"Rosewood","Rosewood development gallery","","https://www.countrysidehomes.com/developments/kent/rosewood-maidstone","images/e57d1a0b4119d642988096565a1033964cbe59a9d4b262d7b22b286baf345d19.png","https://cdn.mediavalet.com/eunl/vistry-dam/1fqQpWoO9kCEszpLhW8rmw/ISYYFaLSuE6Uxkb1K6VFBw/Custom/Rosewood%20Dusk.png","Staged showhome interior space."
"Rosewood","Rosewood development gallery","","https://www.countrysidehomes.com/developments/kent/rosewood-maidstone","images/2b8bface543e474b8b028b66341c4ca0b5ec238d7dce09ff555944addc70c556.jpg","https://cdn.mediavalet.com/eunl/vistry-dam/8d5B1h7c8Ei-pMRsl7RfYg/rF0_omm6NUGNu0EloWEu1w/Custom/R51_1100.jpg","Staged showhome interior space."
"Rosewood","Rosewood development gallery","","https://www.countrysidehomes.com/developments/kent/rosewood-maidstone","images/94a5efec89a0fca2c82c0d81f3842f53704f959738f070e5502b51f91d275716.jpg","https://cdn.mediavalet.com/eunl/vistry-dam/HkahlXhRx0ugXJp6S__nfQ/qwTkyfcqBkm76rjkUdiXeQ/Custom/2201569-048.jpg","Staged showhome interior space."
"Rosewood","Rosewood development gallery","","https://www.countrysidehomes.com/developments/kent/rosewood-maidstone","images/61d3ded26e74934c11bbfb3fff1eb8161c96d3b52d5aa4ac48b1cdc446c7f295.jpg","https://cdn.mediavalet.com/eunl/vistry-dam/0hjvf5e5-0mhT90QXlLNrg/67kF7wkfGk-Byu4WMj_dOQ/Custom/R51_1115.jpg","Staged showhome interior space."
"Rosewood","Rosewood development gallery","","https://www.countrysidehomes.com/developments/kent/rosewood-maidstone","images/402372b132d88e1069bfea99e642488fed8904026fa2d17a08ba261b223ce484.jpg","https://cdn.mediavalet.com/eunl/vistry-dam/XG-mVf9lWk-uqtJ8A60V6g/zO6BJM8HR0OyY-z4jeOu7A/Custom/Vistry%20Morella%20Woods%20The%20Turnstone%20171125%20129.jpg","Staged showhome interior space."
"Rosewood","Rosewood development gallery","","https://www.countrysidehomes.com/developments/kent/rosewood-maidstone","images/b57d86b6ef195c12f8cf13e77bb13c99e69200a736686ba717488f989db943c8.jpg","https://cdn.mediavalet.com/eunl/vistry-dam/AUN9kJZvokGqCSTroXSTxg/nzNpapxCVEisTW9n4qU2TQ/Custom/DS14606%20%5BCH%5D%20Rosewood%20Maidstone%20Streetscene_web.jpg","Staged showhome interior space."
"Rosewood","Rosewood development gallery","","https://www.countrysidehomes.com/developments/kent/rosewood-maidstone","images/92d36bd0e886b45c3f0d62a294545d909fab36771f863a62aa8351893651dd7b.jpg","https://cdn.mediavalet.com/eunl/vistry-dam/JU8WscH30Em7DVNc7AJeCA/eTlSZ7RMbEqxxkIfAGHuSg/Custom/2191482-23.jpg","Staged showhome interior space."
"Rosewood","Rosewood development gallery","","https://www.countrysidehomes.com/developments/kent/rosewood-maidstone","images/02e07be94636c1dfe2a49a7ff26268f6bad0709ee6aa0dd9d827acd7460eb39d.jpg","https://cdn.mediavalet.com/eunl/vistry-dam/KTmm-i2THEeqO3InGnMiHA/kqIT3X49u0Wf1ZRXyLQSJg/Custom/R51_1305.jpg","Staged showhome interior space."
"Rosewood","Rosewood development gallery","","https://www.countrysidehomes.com/developments/kent/rosewood-maidstone","images/4450a3e07e81a50e195f7e64546e50458e3298256e340cdb437fa198018aff0a.jpg","https://cdn.mediavalet.com/eunl/vistry-dam/aYVe_SuIckuaibz-XyivDg/s5HB4AqGjkam6C8B24XlCw/Custom/2191482-12.jpg","Staged showhome interior space."
"Greenwood Gardens","The Skylark · Plot 18","3","https://www.countrysidehomes.com/developments/kent/greenwood-gardens-herne-bay/home-0018","images/a4758bf7febb97fd16b15189b3cbf8b5c5836818f02c29efad8ab39d2bb21983.jpg","https://cdn.mediavalet.com/eunl/vistry-dam/DvxnE9JvNUWR6ZNIW8CVCQ/CF9nG1pX9UiYPX55a_VV8g/Custom/GWG%20Plot%2018%20Hero%20Editted.jpg","Staged showhome interior space."
"Greenwood Gardens","The Skylark · Plot 18","3","https://www.countrysidehomes.com/developments/kent/greenwood-gardens-herne-bay/home-0018","images/f250cef543490d3d2151bc323970b2400b91026c6b96ebd0cb8cf5e25621dcf7.jpg","https://cdn.mediavalet.com/eunl/vistry-dam/-3WMSy7z6UeEluxXcgIEYw/ISs9ANHvbEe0Y-lOuwn92A/Custom/Cranbrook%20Kitchen%20Dining.jpg","Staged showhome kitchen."
"Greenwood Gardens","The Skylark · Plot 18","3","https://www.countrysidehomes.com/developments/kent/greenwood-gardens-herne-bay/home-0018","images/e19d0ab12e4a245fb404c2c2ba4d8a2b8f8402c537c726e9b0922eb1b5e87231.jpg","https://cdn.mediavalet.com/eunl/vistry-dam/2M-aK-kWt0-gU8CCmfDkog/XjPNmv2ZkUm-_GdqdWTRwQ/Custom/Vistry%20Morella%20Woods%20The%20Turnstone%20171125%20014.jpg","Staged showhome interior space."
"Greenwood Gardens","The Skylark · Plot 18","3","https://www.countrysidehomes.com/developments/kent/greenwood-gardens-herne-bay/home-0018","images/57760607aa49256ee818dd22ffaf79af16d76d26866bb37e09fb21d70e9a738a.jpg","https://cdn.mediavalet.com/eunl/vistry-dam/UIuczCuwdUuuuYj96xvSiQ/MeUb6ighE0GDx-_oMTXOog/Custom/Piper%20Utility%20Room.jpg","Staged showhome utility room."
"Greenwood Gardens","The Skylark · Plot 18","3","https://www.countrysidehomes.com/developments/kent/greenwood-gardens-herne-bay/home-0018","images/838bfac76054e22672af307e838b9eff519efa8ea522d49f748c4406dcc2e094.jpg","https://cdn.mediavalet.com/eunl/vistry-dam/82LHWtiH1U2MUqvx06FrOg/OSuhu2SD5kGkDTowGlsbyw/Custom/The%20Amberley%20Bedroom%203.jpg","Staged showhome bedroom."
"Greenwood Gardens","The Skylark · Plot 18","3","https://www.countrysidehomes.com/developments/kent/greenwood-gardens-herne-bay/home-0018","images/4d29b8e54c8ecd7874c135330a3e2671e742f3bf03a04f80fec6480047471d9a.jpg","https://cdn.mediavalet.com/eunl/vistry-dam/mbIKgdC3LkGT0ULSkS--rw/1El-ebWz7EOcb0bhc7_8OA/Custom/Brookmill%20Meadow-061-RT.jpg","Staged showhome interior space."
"Greenwood Gardens","The Skylark · Plot 18","3","https://www.countrysidehomes.com/developments/kent/greenwood-gardens-herne-bay/home-0018","images/8b3748cb23f03a462c863d4b96a13eefe63d39a046d4739ad6f580ed26f2e0d4.jpg","https://cdn.mediavalet.com/eunl/vistry-dam/kbDvybTSPUe9QlbG3tn5Vg/hvhcc7-IN0iEvauGpOWmhw/Custom/GWG%20The%20Skylark.jpg","Staged showhome interior space."
"Greenwood Gardens","The Skylark · Plot 18","3","https://www.countrysidehomes.com/developments/kent/greenwood-gardens-herne-bay/home-0018","images/1fb2d69d99d955464e6a489b6ad2a8f73428555cc7eabc1041aba14426f58bed.jpg","https://mvdataappstorageeunlprod.blob.core.windows.net/medialibrary-34218e3cae6c4041a23eb8b1cf91be27-r/418bf85d16204b92abf8b7cfbf6f7bce/418bf85d16204b92abf8b7cfbf6f7bce/Large/The%20Skylark_GF.jpg?sv=2017-04-17&sr=b&si=202008111853&sig=RWSmOSwO04m3atrf%2BF535%2BT7COJQTRdmGCHxBuWzJPc%3D&st=0521-04-05T03%3A24%3A42Z&se=2035-02-05T02%3A06%3A02Z","Staged showhome interior space."
"Greenwood Gardens","The Skylark · Plot 18","3","https://www.countrysidehomes.com/developments/kent/greenwood-gardens-herne-bay/home-0018","images/d0dc81627f9f68e5dcea75a084d0134ad1e4a5be8b5705f0efb951a662fde57f.jpg","https://mvdataappstorageeunlprod.blob.core.windows.net/medialibrary-34218e3cae6c4041a23eb8b1cf91be27-r/1d4c011cb1574aee89f00d4f44121b0a/1d4c011cb1574aee89f00d4f44121b0a/Large/The%20Skylark_FF.jpg?sv=2017-04-17&sr=b&si=202008111853&sig=yjtytdzS4T9aiMHcHKKzW5uAgTyz%2Fn%2BM3ImGFH8D654%3D&st=0245-06-09T15%3A45%3A18Z&se=2035-02-05T02%3A08%3A29Z","Staged showhome interior space."
"Greenwood Gardens","The Laurel · Plot 67","3","https://www.countrysidehomes.com/developments/kent/greenwood-gardens-herne-bay/home-0067","images/cf82f0bf4a9d189026dd0c5af7ed9716743bb4045f8d4411d7511e3415a17144.jpg","https://cdn.mediavalet.com/eunl/vistry-dam/jlYoUAcrtkClkYkKSy28mw/TBWgWaoHgESHLwMuEL5cYg/Custom/DS16489%20301%20Laurel%20Plots%2067-68_web.jpg","Staged showhome interior space."
"Greenwood Gardens","The Laurel · Plot 67","3","https://www.countrysidehomes.com/developments/kent/greenwood-gardens-herne-bay/home-0067","images/c204f69cad90bc74b9a83ace3318872b05b77863179251d1bf6274c7330be2d0.jpg","https://cdn.mediavalet.com/eunl/vistry-dam/80j5iVqK30-iK4-QqYOAdw/-XkxvcGYEkeCtPlhsHenAg/Custom/AI%20Laurel%20Kitchen%20Greenwood.jpg","Staged showhome kitchen."
"Greenwood Gardens","The Laurel · Plot 67","3","https://www.countrysidehomes.com/developments/kent/greenwood-gardens-herne-bay/home-0067","images/fa1e8c9ddaef9a1e5f2c340fe583f00df7441a430eec376f39fcef89436579c0.jpg","https://cdn.mediavalet.com/eunl/vistry-dam/rOfjI5NLyEynib-LXf8bVQ/7QXsbgKFbEOAxzPbv0MnXA/Custom/AI%20Laurel%20Dining%20Living%20Greenwood.jpg","Staged showhome kitchen."
"Greenwood Gardens","The Laurel · Plot 67","3","https://www.countrysidehomes.com/developments/kent/greenwood-gardens-herne-bay/home-0067","images/00e228784e2e70e5002dfb30e6129851f41dff36862b3b4646a817826d710114.jpg","https://cdn.mediavalet.com/eunl/vistry-dam/yGqyJO6ZfUWJu98FLh8D7Q/0U73zeu7jUewzgk7SoaVAA/Custom/AI%20Bedroom%201%20Laurel%20Greenwood.jpg","Staged showhome bedroom."
"Greenwood Gardens","The Laurel · Plot 67","3","https://www.countrysidehomes.com/developments/kent/greenwood-gardens-herne-bay/home-0067","images/77269fb4a4eec0e4598e291cf6438a5d9e55f18f0e81c41c44c74aac5ad93e2a.jpg","https://cdn.mediavalet.com/eunl/vistry-dam/ctS-PmMcpUKItiyAd9lDkw/JbsjzuqItkiV3AI71L9vRA/Custom/CH%20-%20Oaklands%20-%20Parwood%20%28Pembroke%29%20Bathroom_860x573.jpg","Staged showhome interior space."
"Greenwood Gardens","The Laurel · Plot 67","3","https://www.countrysidehomes.com/developments/kent/greenwood-gardens-herne-bay/home-0067","images/99c4b85a986553c9f2c9f8f92a9417be1d685704b594c00187abc4323599be63.jpg","https://cdn.mediavalet.com/eunl/vistry-dam/59zaJGOqHEGxUWeOpUQmEQ/RUITgOYk7Eu4q6DoGAxHZg/Custom/Henly%20Bedroom%204.jpg","Staged showhome bedroom."
"Greenwood Gardens","The Laurel · Plot 67","3","https://www.countrysidehomes.com/developments/kent/greenwood-gardens-herne-bay/home-0067","images/99d451719fcb9e8a253f5d0689144917cee43d545aeb03d7a3e3696693824433.jpg","https://mvdataappstorageeunlprod.blob.core.windows.net/medialibrary-34218e3cae6c4041a23eb8b1cf91be27-r/eedca5b3956549f29dfcee9a7e127860/eedca5b3956549f29dfcee9a7e127860/Large/The%20Laurel_GF.jpg?sv=2017-04-17&sr=b&si=202008111853&sig=0nhbFlJvVxe8p5OC5a%2B6Q9fzDoXOLAoEy8FAvMWDP7U%3D&st=1608-11-17T18%3A50%3A57Z&se=2034-11-14T01%3A31%3A07Z","Staged showhome interior space."
"Greenwood Gardens","The Laurel · Plot 67","3","https://www.countrysidehomes.com/developments/kent/greenwood-gardens-herne-bay/home-0067","images/d0948993563d69cdfd2b04a26dbea6634f2b76c720fc33e048d19286d7641c01.jpg","https://mvdataappstorageeunlprod.blob.core.windows.net/medialibrary-34218e3cae6c4041a23eb8b1cf91be27-r/560c99f4289c4393b0c95cf55e233ab3/560c99f4289c4393b0c95cf55e233ab3/Large/The%20Laurel_FF.jpg?sv=2017-04-17&sr=b&si=202008111853&sig=1S5ZJjVjPp5y1%2FXnyknu%2Bl2q4eVCkVWMtxQ4Qmg0T3w%3D&st=0493-09-28T13%3A14%3A20Z&se=2034-11-14T01%3A36%3A59Z","Staged showhome interior space."
"Greenwood Gardens","The Laurel · Plot 68","3","https://www.countrysidehomes.com/developments/kent/greenwood-gardens-herne-bay/home-0068","images/cf82f0bf4a9d189026dd0c5af7ed9716743bb4045f8d4411d7511e3415a17144.jpg","https://cdn.mediavalet.com/eunl/vistry-dam/jlYoUAcrtkClkYkKSy28mw/TBWgWaoHgESHLwMuEL5cYg/Custom/DS16489%20301%20Laurel%20Plots%2067-68_web.jpg","Staged showhome interior space."
"Greenwood Gardens","The Laurel · Plot 68","3","https://www.countrysidehomes.com/developments/kent/greenwood-gardens-herne-bay/home-0068","images/c204f69cad90bc74b9a83ace3318872b05b77863179251d1bf6274c7330be2d0.jpg","https://cdn.mediavalet.com/eunl/vistry-dam/80j5iVqK30-iK4-QqYOAdw/-XkxvcGYEkeCtPlhsHenAg/Custom/AI%20Laurel%20Kitchen%20Greenwood.jpg","Staged showhome kitchen."
"Greenwood Gardens","The Laurel · Plot 68","3","https://www.countrysidehomes.com/developments/kent/greenwood-gardens-herne-bay/home-0068","images/fa1e8c9ddaef9a1e5f2c340fe583f00df7441a430eec376f39fcef89436579c0.jpg","https://cdn.mediavalet.com/eunl/vistry-dam/rOfjI5NLyEynib-LXf8bVQ/7QXsbgKFbEOAxzPbv0MnXA/Custom/AI%20Laurel%20Dining%20Living%20Greenwood.jpg","Staged showhome kitchen."
"Greenwood Gardens","The Laurel · Plot 68","3","https://www.countrysidehomes.com/developments/kent/greenwood-gardens-herne-bay/home-0068","images/00e228784e2e70e5002dfb30e6129851f41dff36862b3b4646a817826d710114.jpg","https://cdn.mediavalet.com/eunl/vistry-dam/yGqyJO6ZfUWJu98FLh8D7Q/0U73zeu7jUewzgk7SoaVAA/Custom/AI%20Bedroom%201%20Laurel%20Greenwood.jpg","Staged showhome bedroom."
"Greenwood Gardens","The Laurel · Plot 68","3","https://www.countrysidehomes.com/developments/kent/greenwood-gardens-herne-bay/home-0068","images/77269fb4a4eec0e4598e291cf6438a5d9e55f18f0e81c41c44c74aac5ad93e2a.jpg","https://cdn.mediavalet.com/eunl/vistry-dam/ctS-PmMcpUKItiyAd9lDkw/JbsjzuqItkiV3AI71L9vRA/Custom/CH%20-%20Oaklands%20-%20Parwood%20%28Pembroke%29%20Bathroom_860x573.jpg","Staged showhome interior space."
"Greenwood Gardens","The Laurel · Plot 68","3","https://www.countrysidehomes.com/developments/kent/greenwood-gardens-herne-bay/home-0068","images/99c4b85a986553c9f2c9f8f92a9417be1d685704b594c00187abc4323599be63.jpg","https://cdn.mediavalet.com/eunl/vistry-dam/59zaJGOqHEGxUWeOpUQmEQ/RUITgOYk7Eu4q6DoGAxHZg/Custom/Henly%20Bedroom%204.jpg","Staged showhome bedroom."
"Greenwood Gardens","The Laurel · Plot 68","3","https://www.countrysidehomes.com/developments/kent/greenwood-gardens-herne-bay/home-0068","images/99d451719fcb9e8a253f5d0689144917cee43d545aeb03d7a3e3696693824433.jpg","https://mvdataappstorageeunlprod.blob.core.windows.net/medialibrary-34218e3cae6c4041a23eb8b1cf91be27-r/eedca5b3956549f29dfcee9a7e127860/eedca5b3956549f29dfcee9a7e127860/Large/The%20Laurel_GF.jpg?sv=2017-04-17&sr=b&si=202008111853&sig=0nhbFlJvVxe8p5OC5a%2B6Q9fzDoXOLAoEy8FAvMWDP7U%3D&st=1608-11-17T18%3A50%3A57Z&se=2034-11-14T01%3A31%3A07Z","Staged showhome interior space."
"Greenwood Gardens","The Laurel · Plot 68","3","https://www.countrysidehomes.com/developments/kent/greenwood-gardens-herne-bay/home-0068","images/d0948993563d69cdfd2b04a26dbea6634f2b76c720fc33e048d19286d7641c01.jpg","https://mvdataappstorageeunlprod.blob.core.windows.net/medialibrary-34218e3cae6c4041a23eb8b1cf91be27-r/560c99f4289c4393b0c95cf55e233ab3/560c99f4289c4393b0c95cf55e233ab3/Large/The%20Laurel_FF.jpg?sv=2017-04-17&sr=b&si=202008111853&sig=1S5ZJjVjPp5y1%2FXnyknu%2Bl2q4eVCkVWMtxQ4Qmg0T3w%3D&st=0493-09-28T13%3A14%3A20Z&se=2034-11-14T01%3A36%3A59Z","Staged showhome interior space."
"Greenwood Gardens","The Skylark · Plot 66","3","https://www.countrysidehomes.com/developments/kent/greenwood-gardens-herne-bay/home-0066","images/f250cef543490d3d2151bc323970b2400b91026c6b96ebd0cb8cf5e25621dcf7.jpg","https://cdn.mediavalet.com/eunl/vistry-dam/-3WMSy7z6UeEluxXcgIEYw/ISs9ANHvbEe0Y-lOuwn92A/Custom/Cranbrook%20Kitchen%20Dining.jpg","Staged showhome kitchen."
"Greenwood Gardens","The Skylark · Plot 66","3","https://www.countrysidehomes.com/developments/kent/greenwood-gardens-herne-bay/home-0066","images/8b3748cb23f03a462c863d4b96a13eefe63d39a046d4739ad6f580ed26f2e0d4.jpg","https://cdn.mediavalet.com/eunl/vistry-dam/kbDvybTSPUe9QlbG3tn5Vg/hvhcc7-IN0iEvauGpOWmhw/Custom/GWG%20The%20Skylark.jpg","Staged showhome interior space."
"Greenwood Gardens","The Skylark · Plot 66","3","https://www.countrysidehomes.com/developments/kent/greenwood-gardens-herne-bay/home-0066","images/42a2e6e5c710a5592a37b43f27422213858609c5fd9e66edca29f4694ea202af.jpg","https://cdn.mediavalet.com/eunl/vistry-dam/gq0uO7pSwEOV_DQmZDXoaQ/5arHoMcxYEm0bQb1bRP60A/Custom/CH-SADDLERS-RICHMOND-%28Beckett%29-LIVINGAlt2.jpg","Staged showhome interior space."
"Greenwood Gardens","The Skylark · Plot 66","3","https://www.countrysidehomes.com/developments/kent/greenwood-gardens-herne-bay/home-0066","images/57760607aa49256ee818dd22ffaf79af16d76d26866bb37e09fb21d70e9a738a.jpg","https://cdn.mediavalet.com/eunl/vistry-dam/UIuczCuwdUuuuYj96xvSiQ/MeUb6ighE0GDx-_oMTXOog/Custom/Piper%20Utility%20Room.jpg","Staged showhome utility room."
"Greenwood Gardens","The Skylark · Plot 66","3","https://www.countrysidehomes.com/developments/kent/greenwood-gardens-herne-bay/home-0066","images/838bfac76054e22672af307e838b9eff519efa8ea522d49f748c4406dcc2e094.jpg","https://cdn.mediavalet.com/eunl/vistry-dam/82LHWtiH1U2MUqvx06FrOg/OSuhu2SD5kGkDTowGlsbyw/Custom/The%20Amberley%20Bedroom%203.jpg","Staged showhome bedroom."
"Greenwood Gardens","The Skylark · Plot 66","3","https://www.countrysidehomes.com/developments/kent/greenwood-gardens-herne-bay/home-0066","images/4d29b8e54c8ecd7874c135330a3e2671e742f3bf03a04f80fec6480047471d9a.jpg","https://cdn.mediavalet.com/eunl/vistry-dam/mbIKgdC3LkGT0ULSkS--rw/1El-ebWz7EOcb0bhc7_8OA/Custom/Brookmill%20Meadow-061-RT.jpg","Staged showhome interior space."
"Greenwood Gardens","The Skylark · Plot 66","3","https://www.countrysidehomes.com/developments/kent/greenwood-gardens-herne-bay/home-0066","images/1fb2d69d99d955464e6a489b6ad2a8f73428555cc7eabc1041aba14426f58bed.jpg","https://mvdataappstorageeunlprod.blob.core.windows.net/medialibrary-34218e3cae6c4041a23eb8b1cf91be27-r/418bf85d16204b92abf8b7cfbf6f7bce/418bf85d16204b92abf8b7cfbf6f7bce/Large/The%20Skylark_GF.jpg?sv=2017-04-17&sr=b&si=202008111853&sig=RWSmOSwO04m3atrf%2BF535%2BT7COJQTRdmGCHxBuWzJPc%3D&st=0521-04-05T03%3A24%3A42Z&se=2035-02-05T02%3A06%3A02Z","Staged showhome interior space."
"Greenwood Gardens","The Skylark · Plot 66","3","https://www.countrysidehomes.com/developments/kent/greenwood-gardens-herne-bay/home-0066","images/d0dc81627f9f68e5dcea75a084d0134ad1e4a5be8b5705f0efb951a662fde57f.jpg","https://mvdataappstorageeunlprod.blob.core.windows.net/medialibrary-34218e3cae6c4041a23eb8b1cf91be27-r/1d4c011cb1574aee89f00d4f44121b0a/1d4c011cb1574aee89f00d4f44121b0a/Large/The%20Skylark_FF.jpg?sv=2017-04-17&sr=b&si=202008111853&sig=yjtytdzS4T9aiMHcHKKzW5uAgTyz%2Fn%2BM3ImGFH8D654%3D&st=0245-06-09T15%3A45%3A18Z&se=2035-02-05T02%3A08%3A29Z","Staged showhome interior space."
"Greenwood Gardens","The Woburn · Plot 23","4","https://www.countrysidehomes.com/developments/kent/greenwood-gardens-herne-bay/home-0023","images/23597581297552acd2958289ecf78d76bfc2aed54eae2112229c1cc8166fabc3.jpg","https://cdn.mediavalet.com/eunl/vistry-dam/7uTfa9czk0ik0dqtlmFifw/9QA-Oddv5E-W6DeazXIkKg/Custom/GWG%20Plot%2023.jpg","Staged showhome interior space."
"Greenwood Gardens","The Woburn · Plot 23","4","https://www.countrysidehomes.com/developments/kent/greenwood-gardens-herne-bay/home-0023","images/2e81da4923caee7e558226ff776d855bd0226fc7e417c2953a0331b9e08022df.jpg","https://cdn.mediavalet.com/eunl/vistry-dam/GMDVXMOBnkanc99ttlxrRA/N54aopjQakKjuAhELbgXYg/Custom/_08A2169%20copy.jpg","Staged showhome interior space."
"Greenwood Gardens","The Woburn · Plot 23","4","https://www.countrysidehomes.com/developments/kent/greenwood-gardens-herne-bay/home-0023","images/8f9db15e237e2db539e637e240f272af1b1e5a1417d309c5a8ff285c1becb8cc.jpg","https://cdn.mediavalet.com/eunl/vistry-dam/IWog0mFLGUeEbK2Z04ONRw/16RMlOGeykiyCLWT7zVaeQ/Custom/_08A2179%20copy.jpg","Staged showhome interior space."
"Greenwood Gardens","The Woburn · Plot 23","4","https://www.countrysidehomes.com/developments/kent/greenwood-gardens-herne-bay/home-0023","images/37cdb3dbbc393129d62571ce071f2f65d114de31cff24d7c3b46df83cb7a93b2.jpg","https://cdn.mediavalet.com/eunl/vistry-dam/w-oB1I7P6keqhJillmaPEg/A8ICoPuoG0SA-j6wm-soxw/Custom/_52_5150.jpg","Staged showhome interior space."
"Greenwood Gardens","The Woburn · Plot 23","4","https://www.countrysidehomes.com/developments/kent/greenwood-gardens-herne-bay/home-0023","images/73e74f286433dc852e9d1d97804aefaef5d896e29dc3b28527df3a1030f99869.jpg","https://cdn.mediavalet.com/eunl/vistry-dam/0J9wwpeB002FWce8dHNu_g/c1bHmmIcqUS-RAcGlm5WZQ/Custom/_52_5365.jpg","Staged showhome interior space."
"Greenwood Gardens","The Woburn · Plot 23","4","https://www.countrysidehomes.com/developments/kent/greenwood-gardens-herne-bay/home-0023","images/5994729ef19d14f3e4df55bae27881d2f3aab0d6ffe3211aec0265201b62cde9.jpg","https://cdn.mediavalet.com/eunl/vistry-dam/IUEEMUH7xkeKxgQ95yi0pQ/ItdIaVVFiUOtk2DRtLM29A/Custom/_52_5380.jpg","Staged showhome interior space."
"Greenwood Gardens","The Woburn · Plot 23","4","https://www.countrysidehomes.com/developments/kent/greenwood-gardens-herne-bay/home-0023","images/e1482ea3fe3315e9ca413ed25447bc1719f8e868d415cbb460ab2e3e6a91d02e.jpg","https://cdn.mediavalet.com/eunl/vistry-dam/EBWIjn8eokaeqFVp-pCFkQ/MbV4Isqo5kqlHiJ20ihcdA/Custom/_52_5395.jpg","Staged showhome interior space."
"Greenwood Gardens","The Woburn · Plot 23","4","https://www.countrysidehomes.com/developments/kent/greenwood-gardens-herne-bay/home-0023","images/22320d4d3685542ee760bfe78536d9cc323e0abee4144a369a87f5c351180cdb.jpg","https://cdn.mediavalet.com/eunl/vistry-dam/TXYWx5kzQEyJyy3zZbEYvg/E8xOXT2B0Ue1G9y-WhxJvg/Custom/_08A2314%20copy.jpg","Staged showhome interior space."
"Greenwood Gardens","The Woburn · Plot 23","4","https://www.countrysidehomes.com/developments/kent/greenwood-gardens-herne-bay/home-0023","images/59ee89a20ee20c6304b6b59be7a07489aff26d8ce8b5679433c7b752b6041d57.jpg","https://cdn.mediavalet.com/eunl/vistry-dam/1aLZeu3R006Q1mNLA-WOcg/2lt7TyKDkUKngOLN8KDLCg/Custom/GWG%20The%20Woburn%20CGI.jpg","Staged showhome interior space."
"Greenwood Gardens","The Woburn · Plot 23","4","https://www.countrysidehomes.com/developments/kent/greenwood-gardens-herne-bay/home-0023","images/908b6c431a4bbddc11bad9642af2dc00ef3f300fd9c3b2cc182e094c16b5a312.jpg","https://mvdataappstorageeunlprod.blob.core.windows.net/medialibrary-34218e3cae6c4041a23eb8b1cf91be27-r/583a786675ed4652afacd405b03be223/583a786675ed4652afacd405b03be223/Large/The%20Woburn_GF.jpg?sv=2017-04-17&sr=b&si=202008111853&sig=fg50lUvrL3pPfPJJjSq35VpPQRu0BLJ02PfgoTLcQ6Q%3D&st=0265-02-20T19%3A17%3A23Z&se=2034-11-14T02%3A22%3A04Z","Staged showhome interior space."
"Greenwood Gardens","The Woburn · Plot 23","4","https://www.countrysidehomes.com/developments/kent/greenwood-gardens-herne-bay/home-0023","images/849f3f9046126a7916876a3e31386460daffdfbdb93bb5891dd546c848917758.jpg","https://mvdataappstorageeunlprod.blob.core.windows.net/medialibrary-34218e3cae6c4041a23eb8b1cf91be27-r/32289f5075134a9c8b42684fef468884/32289f5075134a9c8b42684fef468884/Large/The%20Woburn_FF.jpg?sv=2017-04-17&sr=b&si=202008111853&sig=inKhuIdGaSOyvH%2FSCvOvuX7UD%2BMi6LlW2iZ8lg3M05Q%3D&st=0675-08-13T04%3A47%3A33Z&se=2034-11-14T02%3A24%3A50Z","Staged showhome interior space."
"Greenwood Gardens","Greenwood Gardens development gallery","","https://www.countrysidehomes.com/developments/kent/greenwood-gardens-herne-bay","images/85152dbd5a7af22ec1cd7c65b243166d4c589a9c9f92953db0cfc00f2c51e1a3.png","https://cdn.mediavalet.com/eunl/vistry-dam/tKWadjThP0qmCqD0HoSGAA/yTIFanrleU-R6CuJdB4M-g/Custom/Greenwood%20Gardens%20Dusk.png","Staged showhome interior space."
"Greenwood Gardens","Greenwood Gardens development gallery","","https://www.countrysidehomes.com/developments/kent/greenwood-gardens-herne-bay","images/1e10b32ce1867c97c123532e4bab5d9e6b7f71a4a9afebb2ccf8f707320ce398.jpg","https://cdn.mediavalet.com/eunl/vistry-dam/wpgiuIYRkEe0mxoUMZhjog/-L4XD1f7ikGlBZaW3PgySQ/Custom/49819_CS_Lower%20Herne_Greenwood%20Gardens_Hero%20Images_GP_v2_Page2.jpg","Staged showhome interior space."
"Greenwood Gardens","Greenwood Gardens development gallery","","https://www.countrysidehomes.com/developments/kent/greenwood-gardens-herne-bay","images/219563be45fd2ec20afbc752b68691c0018a41da070abdd03b3608139ea11b48.jpg","https://cdn.mediavalet.com/eunl/vistry-dam/GaT5oFneWEqjJtd6KDrIXQ/_oUCXfOHcEeFnhUebXBMwQ/Custom/Greenwood__Gardens_streetscene_08A2354%20retouch.jpg","Staged showhome interior space."
"Greenwood Gardens","Greenwood Gardens development gallery","","https://www.countrysidehomes.com/developments/kent/greenwood-gardens-herne-bay","images/45fcd80490a411dbe102c15cd2d2d2645f013d3e867bdbd6e4c036d9bcae40f2.jpg","https://cdn.mediavalet.com/eunl/vistry-dam/jYzG1ayUuUGYPf-vI03gcA/pHwkO00tG0Ojb_wVXGcH7Q/Custom/_52_5215.jpg","Staged showhome interior space."
"Greenwood Gardens","Greenwood Gardens development gallery","","https://www.countrysidehomes.com/developments/kent/greenwood-gardens-herne-bay","images/a6101d39c94c64c522d6cb8aa8d9e35358add3fb7da5191960724e232fd93c56.jpg","https://cdn.mediavalet.com/eunl/vistry-dam/oV3rOvnnrEuXJM6dsh4agw/nJE5GAgQOEqSUHQfXbrwLQ/Custom/Herne-Bay-211A8521.jpg","Staged showhome interior space."
"Greenwood Gardens","Greenwood Gardens development gallery","","https://www.countrysidehomes.com/developments/kent/greenwood-gardens-herne-bay","images/37cdb3dbbc393129d62571ce071f2f65d114de31cff24d7c3b46df83cb7a93b2.jpg","https://cdn.mediavalet.com/eunl/vistry-dam/w-oB1I7P6keqhJillmaPEg/A8ICoPuoG0SA-j6wm-soxw/Custom/_52_5150.jpg","Staged showhome interior space."
"Greenwood Gardens","Greenwood Gardens development gallery","","https://www.countrysidehomes.com/developments/kent/greenwood-gardens-herne-bay","images/a847118f8a987ccc34bf0c71b727930690e880be2ec22d60a7a6d8ec73e70dfb.jpg","https://cdn.mediavalet.com/eunl/vistry-dam/AtQkFT2YRkSut3Ut2RIacA/misXYjMksUeIdG_VgJKwMg/Custom/_52_5432.jpg","Staged showhome interior space."
"Greenwood Gardens","Greenwood Gardens development gallery","","https://www.countrysidehomes.com/developments/kent/greenwood-gardens-herne-bay","images/addca7ad06ef8f36f46ab06f8844c78eb30c8a46d01f8dc2bab78bd5d7f9fbdd.jpg","https://cdn.mediavalet.com/eunl/vistry-dam/ckF62Vups069fFi_PHOYvg/071G3jjjdk-CsBQr5-6-WQ/Custom/Herne-Bay-211A8517.jpg","Staged showhome interior space."
"Greenwood Gardens","Greenwood Gardens development gallery","","https://www.countrysidehomes.com/developments/kent/greenwood-gardens-herne-bay","images/bfd8cc925df9c20561d53b747c0e719f4a1d9784bfd1a2993560452a66f283b9.png","https://cdn.mediavalet.com/eunl/vistry-dam/SS9sKq9OA0OQRzJPOIBk-Q/06axgeyPoUizXXyPZbA81A/Custom/lower%20herne%204.png","Staged showhome interior space."
"Greenwood Gardens","Greenwood Gardens development gallery","","https://www.countrysidehomes.com/developments/kent/greenwood-gardens-herne-bay","images/e1482ea3fe3315e9ca413ed25447bc1719f8e868d415cbb460ab2e3e6a91d02e.jpg","https://cdn.mediavalet.com/eunl/vistry-dam/EBWIjn8eokaeqFVp-pCFkQ/MbV4Isqo5kqlHiJ20ihcdA/Custom/_52_5395.jpg","Staged showhome interior space."
"Greenwood Gardens","Greenwood Gardens development gallery","","https://www.countrysidehomes.com/developments/kent/greenwood-gardens-herne-bay","images/0fa0b0a74d4455ef2f1df7231201721d950e9a5a6b085aadfd712c7799fb4e7b.jpg","https://cdn.mediavalet.com/eunl/vistry-dam/dd9hOaKkLkGxXii3fjlVGw/jUbUpNR8iEKjXTgDPfOiVA/Custom/DS16489%20Greenwood%20Gardens%20Streetscene%20SS01_web.jpg","Staged showhome interior space."
"Rochester Riverside","The Lapwing · Plot 522","4","https://www.countrysidehomes.com/developments/kent/rochester-phase-7-dp/home-0522","images/abe135c9ad961a94c166072ffa37e596de40a50c45ca296bee499eb6a78a2bb6.jpg","https://cdn.mediavalet.com/eunl/vistry-dam/o8cJee2jDUasbl-YJPVQYA/7Fn6cznFVEiiAep8_In80g/Custom/R51_0399.jpg","Staged showhome interior space."
"Rochester Riverside","The Lapwing · Plot 522","4","https://www.countrysidehomes.com/developments/kent/rochester-phase-7-dp/home-0522","images/468418d7b358828dbedfb13774099cd9730619104f255303b745e3c5a891f99a.jpg","https://cdn.mediavalet.com/eunl/vistry-dam/v1QdslTDy0KeLbL1aLub9A/0pGG43PQzU6WkTQaqM2N7w/Custom/Rochester%20Lapwing.jpg","Staged showhome interior space."
"Rochester Riverside","The Lapwing · Plot 522","4","https://www.countrysidehomes.com/developments/kent/rochester-phase-7-dp/home-0522","images/d192973612157737d85a2310bc9f6faaf33ad8eb25c13a19b533bf8348fb8b9a.jpg","https://cdn.mediavalet.com/eunl/vistry-dam/BagK4wF9NkqzgZjLr1kaKw/Wnx8QBBrfU2pyIkgb3kbhA/Custom/R51_0304.jpg","Staged showhome interior space."
"Rochester Riverside","The Lapwing · Plot 522","4","https://www.countrysidehomes.com/developments/kent/rochester-phase-7-dp/home-0522","images/6bb1bcb9acb733f0863d5a669b745c0f326b4314ce393c7d960828ae1211b004.jpg","https://cdn.mediavalet.com/eunl/vistry-dam/IVeEmxp230KwCWN9tTHJ1A/cmTx8-eKjU6tvKnafKiaoA/Custom/R51_0314.jpg","Staged showhome interior space."
"Rochester Riverside","The Lapwing · Plot 522","4","https://www.countrysidehomes.com/developments/kent/rochester-phase-7-dp/home-0522","images/fd2a697f7b1ba395857668de4e061da9a33c834d0ad340f6fa19930957e543b2.jpg","https://cdn.mediavalet.com/eunl/vistry-dam/cWV5gUpcSEWmQG24nGyKaA/rPCOVq2Mhk2odI_LTNd8cA/Custom/R51_0516.jpg","Staged showhome interior space."
"Rochester Riverside","The Lapwing · Plot 522","4","https://www.countrysidehomes.com/developments/kent/rochester-phase-7-dp/home-0522","images/04c2e1458e4a8396d1129efd83b5c7ee986e960f34e55343fdfb5c2dc6d8700d.jpg","https://cdn.mediavalet.com/eunl/vistry-dam/nj4fdYNH5Eqz18tfh1ECrw/G2SNJxDyfE2XN6E5OkT5dA/Custom/R51_0489.jpg","Staged showhome interior space."
"Rochester Riverside","The Lapwing · Plot 522","4","https://www.countrysidehomes.com/developments/kent/rochester-phase-7-dp/home-0522","images/73bfd4c4e0757db6f10a62331d265c51e85134aa7e08eed63b021b66b96f63ca.jpg","https://cdn.mediavalet.com/eunl/vistry-dam/Mjt_Y-wAcUakSY77T6xFLQ/P8Zbuoz0QEa0dHK0Lr3AEw/Custom/R51_0409.jpg","Staged showhome interior space."
"Rochester Riverside","The Lapwing · Plot 522","4","https://www.countrysidehomes.com/developments/kent/rochester-phase-7-dp/home-0522","images/436ebaf1c94b0e2e501f9fdd9cff7c541a1c6a7e7e7a6f2c1fba9e4e734cfdcc.jpg","https://mvdataappstorageeunlprod.blob.core.windows.net/medialibrary-34218e3cae6c4041a23eb8b1cf91be27/111fce5760964aa79cca5c648d46909c/111fce5760964aa79cca5c648d46909c/Original/Rochester%20Riverside_Floorplan_Webfiles_The%20Lapwing_Ground%20floor.jpg?sv=2017-04-17&sr=b&si=202008111744&sig=XyCLs5cUgAijKkoEPOgpf1Muav8KJYpWHjNbzPOGJE4%3D&st=0001-01-01T00%3A00%3A00Z&se=2036-05-29T03%3A48%3A22Z&rsct=application%2Foctet-stream&rscd=attachment%3B%20filename%2A%3DUTF-8%27%27Rochester%2520Riverside_Floorplan_Webfiles_The%2520Lapwing_Ground%2520floor.jpg","Staged showhome interior space."
"Rochester Riverside","The Lapwing · Plot 522","4","https://www.countrysidehomes.com/developments/kent/rochester-phase-7-dp/home-0522","images/2a90325238d4e973ba54152c3dccab127af35065fa4970f351c465c88f41291d.jpg","https://mvdataappstorageeunlprod.blob.core.windows.net/medialibrary-34218e3cae6c4041a23eb8b1cf91be27/ede719da9bf64347aee632afc8269644/ede719da9bf64347aee632afc8269644/Original/Rochester%20Riverside_Floorplan_Webfiles_The%20Lapwing_First%20floor.jpg?sv=2017-04-17&sr=b&si=202008111744&sig=JN31BUaJhvwnS5gVNHBUsBq06%2F30TeDDPFBglJZmJQE%3D&st=0001-01-01T00%3A00%3A00Z&se=2036-05-29T03%3A48%3A22Z&rsct=application%2Foctet-stream&rscd=attachment%3B%20filename%2A%3DUTF-8%27%27Rochester%2520Riverside_Floorplan_Webfiles_The%2520Lapwing_First%2520floor.jpg","Staged showhome interior space."
"Rochester Riverside","The Lapwing · Plot 522","4","https://www.countrysidehomes.com/developments/kent/rochester-phase-7-dp/home-0522","images/e7eec403a38008a41bae0912e0ddcf5b9118a43c521b5de5080dd31ee789087d.jpg","https://mvdataappstorageeunlprod.blob.core.windows.net/medialibrary-34218e3cae6c4041a23eb8b1cf91be27/50611e1f8c5e4b6ea96f44b77d284a01/50611e1f8c5e4b6ea96f44b77d284a01/Original/Rochester%20Riverside_Floorplan_Webfiles_The%20Lapwing_Second%20floor.jpg?sv=2017-04-17&sr=b&si=202008111744&sig=qkamNeCbMzqRWHBao2q1mOrb6auAYkTuFREkf1LZH9g%3D&st=0001-01-01T00%3A00%3A00Z&se=2036-05-29T03%3A52%3A10Z&rsct=application%2Foctet-stream&rscd=attachment%3B%20filename%2A%3DUTF-8%27%27Rochester%2520Riverside_Floorplan_Webfiles_The%2520Lapwing_Second%2520floor.jpg","Staged showhome interior space."
"Rochester Riverside","The Oystercatcher · Plot 516","2","https://www.countrysidehomes.com/developments/kent/rochester-phase-7-dp/home-0516","images/4cc4ae8abcdb71e67a5dbf051c4474239cc50a6f9202b036c273ed361e06e775.jpg","https://cdn.mediavalet.com/eunl/vistry-dam/ynOlD70PuUWr_IzjQ2n9ng/ZMyKz6OEgE-zjI-i1-Va7w/Custom/The%20Oystercatcher%20-%20Plot%20517_CGI_LR_Housetype_Plot_-_Hero_860x573.jpg","Staged showhome interior space."
"Rochester Riverside","The Oystercatcher · Plot 516","2","https://www.countrysidehomes.com/developments/kent/rochester-phase-7-dp/home-0516","images/01e988e088cb099ce879af1f66c076413a200664b539d868d918b8ac8578125e.jpg","https://cdn.mediavalet.com/eunl/vistry-dam/keFstvJjn0ajlvJPIcl47g/ElloEGQIpEOInd8Gip1stA/Custom/living%20room%20%20kitchen.jpg","Staged showhome kitchen."
"Rochester Riverside","The Oystercatcher · Plot 516","2","https://www.countrysidehomes.com/developments/kent/rochester-phase-7-dp/home-0516","images/1be6cdca855ef7f88d002fc65ba04966b8933f225081a3c547041732c8ffee3c.jpg","https://cdn.mediavalet.com/eunl/vistry-dam/fAGQgXEV8UKWrOZPCBaIWg/BypiBlXJsUauhx3KqjTosQ/Custom/R51_0084.jpg","Staged showhome interior space."
"Rochester Riverside","The Oystercatcher · Plot 516","2","https://www.countrysidehomes.com/developments/kent/rochester-phase-7-dp/home-0516","images/d91e2bba222e1ee40b635fa8886ea5b7558111b5c5ac02b036bd8af5c627f094.jpg","https://cdn.mediavalet.com/eunl/vistry-dam/7BKUAt3rSkuNSOec37TpDA/cZ3GYAvkhU6Py3XWva-7lQ/Custom/06%20-%20Lutwidge%20-%20Bathroom_Housetype_Plot_-_Hero_860x573.jpg","Staged showhome interior space."
"Rochester Riverside","The Oystercatcher · Plot 516","2","https://www.countrysidehomes.com/developments/kent/rochester-phase-7-dp/home-0516","images/c5407070a17f5cda13883771b66ff956943a0b53f642b76f337e93ddaab2a665.jpg","https://mvdataappstorageeunlprod.blob.core.windows.net/medialibrary-34218e3cae6c4041a23eb8b1cf91be27/650cf23e71a44b7fa83db15e127ca2ee/650cf23e71a44b7fa83db15e127ca2ee/Original/DS16307%20Oystercatcher%20GF.jpg?sv=2017-04-17&sr=b&si=202008111744&sig=k9WeQwvIEiQ1n61znpzjZQjwpTDdsx6VYtc9GDn%2F9GU%3D&st=0067-04-11T03%3A41%3A51Z&se=2036-09-03T18%3A52%3A20Z&rsct=application%2Foctet-stream&rscd=attachment%3B%20filename%2A%3DUTF-8%27%27DS16307%2520Oystercatcher%2520GF.jpg","Staged showhome interior space."
"Rochester Riverside","The Oystercatcher · Plot 516","2","https://www.countrysidehomes.com/developments/kent/rochester-phase-7-dp/home-0516","images/d2be38dd21ca8f8210fe8b2d2ecfb150ce9c3c9797cc8e3d416b4f31dff0735a.jpg","https://mvdataappstorageeunlprod.blob.core.windows.net/medialibrary-34218e3cae6c4041a23eb8b1cf91be27/012e44f2416e4841b3e522782522f67f/012e44f2416e4841b3e522782522f67f/Original/DS16307%20Oystercatcher%20FF.jpg?sv=2017-04-17&sr=b&si=202008111744&sig=D46deEx59rOcfSXCK08a5lhB7hM0%2FYFh4y%2F9%2FdNCl%2Bs%3D&st=1344-06-25T04%3A37%3A48Z&se=2036-09-03T18%3A49%3A44Z&rsct=application%2Foctet-stream&rscd=attachment%3B%20filename%2A%3DUTF-8%27%27DS16307%2520Oystercatcher%2520FF.jpg","Staged showhome interior space."
"Rochester Riverside","The Shellduck · Plot 532","3","https://www.countrysidehomes.com/developments/kent/rochester-phase-7-dp/home-0532","images/3fc8310c67556620c9c3e707a1045f462cfbe8bd592a23811f1840ad6bc13550.jpg","https://cdn.mediavalet.com/eunl/vistry-dam/SVuGNjNl50WhyzjM19KNMQ/Hg47EOl0lUm-JNyuHAbCbQ/Custom/_52_0046.jpg","Staged showhome interior space."
"Rochester Riverside","The Shellduck · Plot 532","3","https://www.countrysidehomes.com/developments/kent/rochester-phase-7-dp/home-0532","images/da5ac993cb185f0b81ef604eceb9ab4ccd754347c63a059bfb4a6c2a3ed20726.jpg","https://cdn.mediavalet.com/eunl/vistry-dam/gIiRgz28YEiod0fOuZgemg/s29LYy0htUSHgPiIO9j7BA/Custom/Rosefinch%20Dining%20Living.jpg","Staged showhome kitchen."
"Rochester Riverside","The Shellduck · Plot 532","3","https://www.countrysidehomes.com/developments/kent/rochester-phase-7-dp/home-0532","images/c3efb79a0164a17d6315c5992e27bdb18a3b410460d27c718c46666658f799ce.jpg","https://cdn.mediavalet.com/eunl/vistry-dam/1KveT4X_ZUyRWIdWKgz-RA/q665DiDY8kKsnlf0HtNhug/Custom/R51_1295.jpg","Staged showhome interior space."
"Rochester Riverside","The Shellduck · Plot 532","3","https://www.countrysidehomes.com/developments/kent/rochester-phase-7-dp/home-0532","images/f35d59fee3bd21f70834fc9178602df75285d358923a5b47560546b6515f61ec.jpg","https://cdn.mediavalet.com/eunl/vistry-dam/tchxJfNdmUWD51Ebps6rGQ/O36esvQsv0e-m-Vaq5CybQ/Custom/R51_1235.jpg","Staged showhome interior space."
"Rochester Riverside","The Shellduck · Plot 532","3","https://www.countrysidehomes.com/developments/kent/rochester-phase-7-dp/home-0532","images/1667cde690479d0ab6fc5c17edd1f6a7032c05f274766f82f9f7fa3277a20e19.jpg","https://cdn.mediavalet.com/eunl/vistry-dam/RSfoLU7LsU-oHMEf49J6pQ/cslF3nwO4ECzqi-tVRN06Q/Custom/R51_1310.jpg","Staged showhome interior space."
"Rochester Riverside","The Shellduck · Plot 532","3","https://www.countrysidehomes.com/developments/kent/rochester-phase-7-dp/home-0532","images/cc1ef3e06befbb70b5bcd93966fea76aba5e38c477a373c9b8ca75d054ed1b82.jpg","https://cdn.mediavalet.com/eunl/vistry-dam/htltnay7V0SXgiN0F28RDg/vFOBsDGub0eXdFj_b8PBCQ/Custom/The%20Shellduck_RRPH7.jpg","Staged showhome interior space."
"Rochester Riverside","The Shellduck · Plot 532","3","https://www.countrysidehomes.com/developments/kent/rochester-phase-7-dp/home-0532","images/401d3a7b3029dc9fa35a9003b5463bf1eb857b5059981b8b51c5599e08f8bd30.jpg","https://mvdataappstorageeunlprod.blob.core.windows.net/medialibrary-34218e3cae6c4041a23eb8b1cf91be27-r/a41b4aecfea047e19290905b8f0ed9ee/a41b4aecfea047e19290905b8f0ed9ee/Large/Rochester%20Riverside_Floorplan_Webfiles_The%20Shellduck_Ground%20floor.jpg?sv=2017-04-17&sr=b&si=202008111853&sig=hc49teAiWaT26LDtD9BwOoM%2Bso3usW3SiXa%2BNJIu84s%3D&st=0653-08-04T18%3A35%3A02Z&se=2035-09-19T20%3A22%3A29Z","Staged showhome interior space."
"Rochester Riverside","The Shellduck · Plot 532","3","https://www.countrysidehomes.com/developments/kent/rochester-phase-7-dp/home-0532","images/815f501504b2a415a407cc2f07baa0beb9dc1bf23c973ccd495b276dbd9c7404.jpg","https://mvdataappstorageeunlprod.blob.core.windows.net/medialibrary-34218e3cae6c4041a23eb8b1cf91be27-r/1a8493057fe9409f982dd6c546e05dbd/1a8493057fe9409f982dd6c546e05dbd/Large/Rochester%20Riverside_Floorplan_Webfiles_The%20Shellduck_First%20floor.jpg?sv=2017-04-17&sr=b&si=202008111853&sig=EohGUiA7x16ynxqRsyLZWYppE5pW5hrbhkooMtniLFA%3D&st=0462-11-15T22%3A57%3A29Z&se=2035-09-19T20%3A24%3A39Z","Staged showhome interior space."
"Rochester Riverside","The Shellduck · Plot 533","3","https://www.countrysidehomes.com/developments/kent/rochester-phase-7-dp/home-0533","images/cc1ef3e06befbb70b5bcd93966fea76aba5e38c477a373c9b8ca75d054ed1b82.jpg","https://cdn.mediavalet.com/eunl/vistry-dam/htltnay7V0SXgiN0F28RDg/vFOBsDGub0eXdFj_b8PBCQ/Custom/The%20Shellduck_RRPH7.jpg","Staged showhome interior space."
"Rochester Riverside","The Shellduck · Plot 533","3","https://www.countrysidehomes.com/developments/kent/rochester-phase-7-dp/home-0533","images/da5ac993cb185f0b81ef604eceb9ab4ccd754347c63a059bfb4a6c2a3ed20726.jpg","https://cdn.mediavalet.com/eunl/vistry-dam/gIiRgz28YEiod0fOuZgemg/s29LYy0htUSHgPiIO9j7BA/Custom/Rosefinch%20Dining%20Living.jpg","Staged showhome kitchen."
"Rochester Riverside","The Shellduck · Plot 533","3","https://www.countrysidehomes.com/developments/kent/rochester-phase-7-dp/home-0533","images/a8955953c018a8af628ca8eee6e21847802f1fbf59011ebe4801734ed645bad6.jpg","https://cdn.mediavalet.com/eunl/vistry-dam/1OzpUC9sqUKGsn9ajvG-8A/PAd27rFQHEWhp0mEus-7Vg/Custom/Tyndall_Bathroom_Housetype_Plot_-_Hero_860x573.jpg","Staged showhome interior space."
"Rochester Riverside","The Shellduck · Plot 533","3","https://www.countrysidehomes.com/developments/kent/rochester-phase-7-dp/home-0533","images/03e002725b651c7bb4ec4ea178c403082a1fc0de9949afad1134fc30c9b89e4d.jpg","https://cdn.mediavalet.com/eunl/vistry-dam/ymxHnJADo0K-vuF-N9THuA/phAQVcBQX06kSx0jY-SoQw/Custom/Skylark%20Bedroom%202.jpg","Staged showhome bedroom."
"Rochester Riverside","The Shellduck · Plot 533","3","https://www.countrysidehomes.com/developments/kent/rochester-phase-7-dp/home-0533","images/e62d3bdef3c25adc1da734a60dd34ce695ff0ed3ea075026183a95ec9f47f179.jpg","https://cdn.mediavalet.com/eunl/vistry-dam/kVSlAXRH6kCdbLhzzOhQ0A/y8rsrUriLU2jyVqurUeckA/Custom/Silver%20Birch%20Bedroom%201.jpg","Staged showhome bedroom."
"Rochester Riverside","The Shellduck · Plot 533","3","https://www.countrysidehomes.com/developments/kent/rochester-phase-7-dp/home-0533","images/c3efb79a0164a17d6315c5992e27bdb18a3b410460d27c718c46666658f799ce.jpg","https://cdn.mediavalet.com/eunl/vistry-dam/1KveT4X_ZUyRWIdWKgz-RA/q665DiDY8kKsnlf0HtNhug/Custom/R51_1295.jpg","Staged showhome interior space."
"Rochester Riverside","The Shellduck · Plot 533","3","https://www.countrysidehomes.com/developments/kent/rochester-phase-7-dp/home-0533","images/2eb5112ef4fc0a832e98ecc98f512afaf2f33e68b2ee44baa1bb77f11eff33a4.jpg","https://cdn.mediavalet.com/eunl/vistry-dam/_u4DaMFTIkicTV7msDeEWQ/KrSAx68UQ0agggD6SJNNWg/Custom/R51_1205.jpg","Staged showhome interior space."
"Rochester Riverside","The Shellduck · Plot 533","3","https://www.countrysidehomes.com/developments/kent/rochester-phase-7-dp/home-0533","images/401d3a7b3029dc9fa35a9003b5463bf1eb857b5059981b8b51c5599e08f8bd30.jpg","https://mvdataappstorageeunlprod.blob.core.windows.net/medialibrary-34218e3cae6c4041a23eb8b1cf91be27-r/a41b4aecfea047e19290905b8f0ed9ee/a41b4aecfea047e19290905b8f0ed9ee/Large/Rochester%20Riverside_Floorplan_Webfiles_The%20Shellduck_Ground%20floor.jpg?sv=2017-04-17&sr=b&si=202008111853&sig=hc49teAiWaT26LDtD9BwOoM%2Bso3usW3SiXa%2BNJIu84s%3D&st=0653-08-04T18%3A35%3A02Z&se=2035-09-19T20%3A22%3A29Z","Staged showhome interior space."
"Rochester Riverside","The Shellduck · Plot 533","3","https://www.countrysidehomes.com/developments/kent/rochester-phase-7-dp/home-0533","images/815f501504b2a415a407cc2f07baa0beb9dc1bf23c973ccd495b276dbd9c7404.jpg","https://mvdataappstorageeunlprod.blob.core.windows.net/medialibrary-34218e3cae6c4041a23eb8b1cf91be27-r/1a8493057fe9409f982dd6c546e05dbd/1a8493057fe9409f982dd6c546e05dbd/Large/Rochester%20Riverside_Floorplan_Webfiles_The%20Shellduck_First%20floor.jpg?sv=2017-04-17&sr=b&si=202008111853&sig=EohGUiA7x16ynxqRsyLZWYppE5pW5hrbhkooMtniLFA%3D&st=0462-11-15T22%3A57%3A29Z&se=2035-09-19T20%3A24%3A39Z","Staged showhome interior space."
"Rochester Riverside","The Lapwing · Plot 521","4","https://www.countrysidehomes.com/developments/kent/rochester-phase-7-dp/home-0521","images/fa6850d75c67588cac1c9b1cca87708e0e1f42c07f94c70be4c323ea417a8f36.jpg","https://cdn.mediavalet.com/eunl/vistry-dam/KADwXX3yq0-sTc4EGRd7-A/8KYegMqYlkG19xxmNboHtg/Custom/DJI_0155_Development_Hero_1280x853.jpg","Staged showhome interior space."
"Rochester Riverside","The Lapwing · Plot 521","4","https://www.countrysidehomes.com/developments/kent/rochester-phase-7-dp/home-0521","images/abe135c9ad961a94c166072ffa37e596de40a50c45ca296bee499eb6a78a2bb6.jpg","https://cdn.mediavalet.com/eunl/vistry-dam/o8cJee2jDUasbl-YJPVQYA/7Fn6cznFVEiiAep8_In80g/Custom/R51_0399.jpg","Staged showhome interior space."
"Rochester Riverside","The Lapwing · Plot 521","4","https://www.countrysidehomes.com/developments/kent/rochester-phase-7-dp/home-0521","images/d192973612157737d85a2310bc9f6faaf33ad8eb25c13a19b533bf8348fb8b9a.jpg","https://cdn.mediavalet.com/eunl/vistry-dam/BagK4wF9NkqzgZjLr1kaKw/Wnx8QBBrfU2pyIkgb3kbhA/Custom/R51_0304.jpg","Staged showhome interior space."
"Rochester Riverside","The Lapwing · Plot 521","4","https://www.countrysidehomes.com/developments/kent/rochester-phase-7-dp/home-0521","images/6bb1bcb9acb733f0863d5a669b745c0f326b4314ce393c7d960828ae1211b004.jpg","https://cdn.mediavalet.com/eunl/vistry-dam/IVeEmxp230KwCWN9tTHJ1A/cmTx8-eKjU6tvKnafKiaoA/Custom/R51_0314.jpg","Staged showhome interior space."
"Rochester Riverside","The Lapwing · Plot 521","4","https://www.countrysidehomes.com/developments/kent/rochester-phase-7-dp/home-0521","images/fd2a697f7b1ba395857668de4e061da9a33c834d0ad340f6fa19930957e543b2.jpg","https://cdn.mediavalet.com/eunl/vistry-dam/cWV5gUpcSEWmQG24nGyKaA/rPCOVq2Mhk2odI_LTNd8cA/Custom/R51_0516.jpg","Staged showhome interior space."
"Rochester Riverside","The Lapwing · Plot 521","4","https://www.countrysidehomes.com/developments/kent/rochester-phase-7-dp/home-0521","images/04c2e1458e4a8396d1129efd83b5c7ee986e960f34e55343fdfb5c2dc6d8700d.jpg","https://cdn.mediavalet.com/eunl/vistry-dam/nj4fdYNH5Eqz18tfh1ECrw/G2SNJxDyfE2XN6E5OkT5dA/Custom/R51_0489.jpg","Staged showhome interior space."
"Rochester Riverside","The Lapwing · Plot 521","4","https://www.countrysidehomes.com/developments/kent/rochester-phase-7-dp/home-0521","images/73bfd4c4e0757db6f10a62331d265c51e85134aa7e08eed63b021b66b96f63ca.jpg","https://cdn.mediavalet.com/eunl/vistry-dam/Mjt_Y-wAcUakSY77T6xFLQ/P8Zbuoz0QEa0dHK0Lr3AEw/Custom/R51_0409.jpg","Staged showhome interior space."
"Rochester Riverside","The Lapwing · Plot 521","4","https://www.countrysidehomes.com/developments/kent/rochester-phase-7-dp/home-0521","images/e13eb07d7b52d0ada545249f7a1a13c1f0fec136e5c3efc8a1b6dd1b69bb62dc.jpg","https://cdn.mediavalet.com/eunl/vistry-dam/Xyy18NXGh024y676Fd411A/ClqjE0MK-UqcvE8dcLkmsw/Custom/R51_0554.jpg","Staged showhome interior space."
"Rochester Riverside","The Lapwing · Plot 521","4","https://www.countrysidehomes.com/developments/kent/rochester-phase-7-dp/home-0521","images/436ebaf1c94b0e2e501f9fdd9cff7c541a1c6a7e7e7a6f2c1fba9e4e734cfdcc.jpg","https://mvdataappstorageeunlprod.blob.core.windows.net/medialibrary-34218e3cae6c4041a23eb8b1cf91be27/111fce5760964aa79cca5c648d46909c/111fce5760964aa79cca5c648d46909c/Original/Rochester%20Riverside_Floorplan_Webfiles_The%20Lapwing_Ground%20floor.jpg?sv=2017-04-17&sr=b&si=202008111744&sig=XyCLs5cUgAijKkoEPOgpf1Muav8KJYpWHjNbzPOGJE4%3D&st=0001-01-01T00%3A00%3A00Z&se=2036-05-29T03%3A48%3A22Z&rsct=application%2Foctet-stream&rscd=attachment%3B%20filename%2A%3DUTF-8%27%27Rochester%2520Riverside_Floorplan_Webfiles_The%2520Lapwing_Ground%2520floor.jpg","Staged showhome interior space."
"Rochester Riverside","The Lapwing · Plot 521","4","https://www.countrysidehomes.com/developments/kent/rochester-phase-7-dp/home-0521","images/2a90325238d4e973ba54152c3dccab127af35065fa4970f351c465c88f41291d.jpg","https://mvdataappstorageeunlprod.blob.core.windows.net/medialibrary-34218e3cae6c4041a23eb8b1cf91be27/ede719da9bf64347aee632afc8269644/ede719da9bf64347aee632afc8269644/Original/Rochester%20Riverside_Floorplan_Webfiles_The%20Lapwing_First%20floor.jpg?sv=2017-04-17&sr=b&si=202008111744&sig=JN31BUaJhvwnS5gVNHBUsBq06%2F30TeDDPFBglJZmJQE%3D&st=0001-01-01T00%3A00%3A00Z&se=2036-05-29T03%3A48%3A22Z&rsct=application%2Foctet-stream&rscd=attachment%3B%20filename%2A%3DUTF-8%27%27Rochester%2520Riverside_Floorplan_Webfiles_The%2520Lapwing_First%2520floor.jpg","Staged showhome interior space."
"Rochester Riverside","The Lapwing · Plot 521","4","https://www.countrysidehomes.com/developments/kent/rochester-phase-7-dp/home-0521","images/e7eec403a38008a41bae0912e0ddcf5b9118a43c521b5de5080dd31ee789087d.jpg","https://mvdataappstorageeunlprod.blob.core.windows.net/medialibrary-34218e3cae6c4041a23eb8b1cf91be27/50611e1f8c5e4b6ea96f44b77d284a01/50611e1f8c5e4b6ea96f44b77d284a01/Original/Rochester%20Riverside_Floorplan_Webfiles_The%20Lapwing_Second%20floor.jpg?sv=2017-04-17&sr=b&si=202008111744&sig=qkamNeCbMzqRWHBao2q1mOrb6auAYkTuFREkf1LZH9g%3D&st=0001-01-01T00%3A00%3A00Z&se=2036-05-29T03%3A52%3A10Z&rsct=application%2Foctet-stream&rscd=attachment%3B%20filename%2A%3DUTF-8%27%27Rochester%2520Riverside_Floorplan_Webfiles_The%2520Lapwing_Second%2520floor.jpg","Staged showhome interior space."
"Rochester Riverside","The Peacock · Plot 511","4","https://www.countrysidehomes.com/developments/kent/rochester-phase-7-dp/home-0511","images/5abd099f4cf5c599ac20e33fc5230b815688e13503371c6586338b5a5712a7ed.jpg","https://cdn.mediavalet.com/eunl/vistry-dam/l9gmgoEMtka_UlIW0woISw/SbKET2vfVkKMxYxwNFxYbQ/Custom/the%20peacock.jpg","Staged showhome interior space."
"Rochester Riverside","The Peacock · Plot 511","4","https://www.countrysidehomes.com/developments/kent/rochester-phase-7-dp/home-0511","images/b18049b5356b1b6ed8bd3d4eaa6c78dca726d025a684b9ca714a1d65ef34ab1a.jpg","https://cdn.mediavalet.com/eunl/vistry-dam/1UyC_rKBCkWsptnfAo4VcQ/uYhtv3eZI0Su0a3wPtA4bA/Custom/Ashmere%20-%20Letchworth%20%282%29.jpg","Staged showhome interior space."
"Rochester Riverside","The Peacock · Plot 511","4","https://www.countrysidehomes.com/developments/kent/rochester-phase-7-dp/home-0511","images/91c14e3a768cc4d27166d48ae286993845d5babd6b834d08938ad845a5ccdeb2.jpg","https://cdn.mediavalet.com/eunl/vistry-dam/CPC-HhyAMUSeMXFK0U4atw/f7lk36Uff0CrMPzmUz5MGA/Custom/Vistry%20Morella%20Woods%20The%20Hummingbird%20171125%20201.jpg","Staged showhome interior space."
"Rochester Riverside","The Peacock · Plot 511","4","https://www.countrysidehomes.com/developments/kent/rochester-phase-7-dp/home-0511","images/28d9098bf4bd170b5696b4612af4447205e7debb8148b1c44a28ed83b1a114e0.jpg","https://cdn.mediavalet.com/eunl/vistry-dam/1Q--ZT9Zdka1gl0PiJ_wNA/U1I2Zl83i025F3JuyuhPcw/Custom/Oakham%20Bedroom%202.jpg","Staged showhome bedroom."
"Rochester Riverside","The Peacock · Plot 511","4","https://www.countrysidehomes.com/developments/kent/rochester-phase-7-dp/home-0511","images/a3225542adce1c8d0084682a240d2fc126f9b45f4ed6feea647fbe035599e686.jpg","https://cdn.mediavalet.com/eunl/vistry-dam/4QizXyjewkGf5-TsqJPQpQ/-qzhjx5amEa6Ct_sMKAiQQ/Custom/CH-SADDLERS-WESTERFEILD-%28MYLNE%29-ENSUITE.jpg","Staged showhome bathroom."
"Rochester Riverside","The Peacock · Plot 511","4","https://www.countrysidehomes.com/developments/kent/rochester-phase-7-dp/home-0511","images/dc185e9c865509a58058155f7cbf4fd7f59bf4aba0bff289c9d275da132f53ed.jpg","https://cdn.mediavalet.com/eunl/vistry-dam/U_MP1IRmZEO4SCc2k8DqbQ/2j7JryR3IkOOAAudwJEeCQ/Custom/VDSW-CH-SGRANGE-SOUTHWICK09.jpg","Staged showhome interior space."
"Rochester Riverside","The Peacock · Plot 511","4","https://www.countrysidehomes.com/developments/kent/rochester-phase-7-dp/home-0511","images/dcfa4cefc56307ce4c474187f4c20524d68f5d232f9ca6a8c03469f27b893569.jpg","https://mvdataappstorageeunlprod.blob.core.windows.net/medialibrary-34218e3cae6c4041a23eb8b1cf91be27/14412cafd9e342c797234ac4df2dad83/14412cafd9e342c797234ac4df2dad83/Original/58927_Countryside_RR_The%20Peacock_GF.jpg?sv=2017-04-17&sr=b&si=202008111744&sig=%2Bne2wy%2F5f1B0KGsjDY8Wy2bkLh8Mb27OI25rdqZHY8k%3D&st=0283-05-04T06%3A56%3A42Z&se=2036-01-09T20%3A12%3A39Z&rsct=application%2Foctet-stream&rscd=attachment%3B%20filename%2A%3DUTF-8%27%2758927_Countryside_RR_The%2520Peacock_GF.jpg","Staged showhome interior space."
"Rochester Riverside","The Peacock · Plot 511","4","https://www.countrysidehomes.com/developments/kent/rochester-phase-7-dp/home-0511","images/28d104865f95e9dda2615dd200f219b46346c22ddb3581006f3ef40915dad99a.jpg","https://mvdataappstorageeunlprod.blob.core.windows.net/medialibrary-34218e3cae6c4041a23eb8b1cf91be27/e02cf937cb5c4133802500e276647395/e02cf937cb5c4133802500e276647395/Original/58927_Countryside_RR_The%20Peacock_FF.jpg?sv=2017-04-17&sr=b&si=202008111744&sig=klhqGFKpyqX0hl3PlqhiomltN8OJDoPqnIOghI9d3G8%3D&st=1277-06-27T00%3A38%3A50Z&se=2036-01-09T20%3A12%3A39Z&rsct=application%2Foctet-stream&rscd=attachment%3B%20filename%2A%3DUTF-8%27%2758927_Countryside_RR_The%2520Peacock_FF.jpg","Staged showhome interior space."
"Rochester Riverside","The Peacock · Plot 511","4","https://www.countrysidehomes.com/developments/kent/rochester-phase-7-dp/home-0511","images/433935fd76abdcb8624fa6ac31b351ba5028795e5f9a04c0d4faf93ec28a51aa.jpg","https://mvdataappstorageeunlprod.blob.core.windows.net/medialibrary-34218e3cae6c4041a23eb8b1cf91be27/8d0a0b1dea634def8c0e681b1c854c3a/8d0a0b1dea634def8c0e681b1c854c3a/Original/58927_Countryside_RR_The%20Peacock_SF.jpg?sv=2017-04-17&sr=b&si=202008111744&sig=K7IonDe%2B008ipd2dqZvlV6poW0H53hHGuFqzNbKkYco%3D&st=1827-10-05T04%3A33%3A49Z&se=2036-01-09T20%3A17%3A54Z&rsct=application%2Foctet-stream&rscd=attachment%3B%20filename%2A%3DUTF-8%27%2758927_Countryside_RR_The%2520Peacock_SF.jpg","Staged showhome interior space."
"Rochester Riverside","The Amherst II · Plot 508","4","https://www.countrysidehomes.com/developments/kent/rochester-phase-7-dp/home-0508","images/038d7f09f9cf668de219412193370537bb83bc678ceafc400b1e9c1d2d0887e9.jpg","https://cdn.mediavalet.com/eunl/vistry-dam/PwpCNOgAnUmKdAUUUPlnog/Olmgiw5VCEaaLiy-Of7T1g/Custom/Amherst%20II.jpg","Staged showhome interior space."
"Rochester Riverside","The Amherst II · Plot 508","4","https://www.countrysidehomes.com/developments/kent/rochester-phase-7-dp/home-0508","images/e213f6afac3c0da62a31aedcb3bdc37756b53ba1e0c35e378120894a5766ad6f.jpg","https://cdn.mediavalet.com/eunl/vistry-dam/o6tz_dux5EGwksNeT7CcdA/UiS2A3jWFEav_6pyUjwszQ/Custom/Hartshead%20View%20Stock%20Plot%20Kitchen.jpg","Staged showhome kitchen."
"Rochester Riverside","The Amherst II · Plot 508","4","https://www.countrysidehomes.com/developments/kent/rochester-phase-7-dp/home-0508","images/77427cdaeb666c144ff237e1bd22c08c192038a0993769f98443f05a8714e8b1.jpg","https://cdn.mediavalet.com/eunl/vistry-dam/isrcVMRMy0acU9LeVPydIw/ytnScFZ9REyYgBgzHHeShQ/Custom/Fresh%20Wharf%202%20bed%20show%20apt-038-HDR.jpg","Staged showhome bedroom."
"Rochester Riverside","The Amherst II · Plot 508","4","https://www.countrysidehomes.com/developments/kent/rochester-phase-7-dp/home-0508","images/51ceed580edd09c0ca2eb1cdcde3d349625bc2d6bcb467ff54fa99e388d5ca6f.jpg","https://cdn.mediavalet.com/eunl/vistry-dam/JU1cSFlyWUqumVsZWZSVUw/DrtSq7JRR0CmxcUCetutNA/Custom/Drew%20Smith%20Chalkhill%20View%20Plot901%20270224%20184.jpg","Staged showhome interior space."
"Rochester Riverside","The Amherst II · Plot 508","4","https://www.countrysidehomes.com/developments/kent/rochester-phase-7-dp/home-0508","images/3930499fabe052fe01500d3ced6500893d33b90abe3aa74125e445eb247d14e6.jpg","https://cdn.mediavalet.com/eunl/vistry-dam/Czoy3WWbC0KXB3cub3BATQ/MRVUgONqLE-Pa_73jlDlzg/Custom/Rivers%20Edge-New%20Ashbourne-BR1-031-retouched.jpg","Staged showhome interior space."
"Rochester Riverside","The Amherst II · Plot 508","4","https://www.countrysidehomes.com/developments/kent/rochester-phase-7-dp/home-0508","images/993246f3570cda27d7b02b14531fcef1cc14fb436caed5b1aa0621748dbff45d.jpg","https://cdn.mediavalet.com/eunl/vistry-dam/HANDBPTYdEi_JZ9ONdMXeQ/aijQNB5Tu0-LeuN2JPP_Hw/Custom/CH-SADDLERS-BADMINTON-%28Harcourt%29-BED1.jpg","Staged showhome interior space."
"Rochester Riverside","The Amherst II · Plot 508","4","https://www.countrysidehomes.com/developments/kent/rochester-phase-7-dp/home-0508","images/a8955953c018a8af628ca8eee6e21847802f1fbf59011ebe4801734ed645bad6.jpg","https://cdn.mediavalet.com/eunl/vistry-dam/1OzpUC9sqUKGsn9ajvG-8A/PAd27rFQHEWhp0mEus-7Vg/Custom/Tyndall_Bathroom_Housetype_Plot_-_Hero_860x573.jpg","Staged showhome interior space."
"Rochester Riverside","The Amherst II · Plot 508","4","https://www.countrysidehomes.com/developments/kent/rochester-phase-7-dp/home-0508","images/48cefa65d26b7d94890c0e86e84cf4c4c8639620b3e5c354a6fb9bf4e0d23abd.jpg","https://cdn.mediavalet.com/eunl/vistry-dam/ENsMSOxHRU6t5pmvrO7Amw/wOOSaCxQ_UWW6p7CdBBEfQ/Custom/04%20-%20Ramson%20-%20Bedroom%201_Housetype_Plot_-_Hero_860x573.jpg","Staged showhome bedroom."
"Rochester Riverside","The Amherst II · Plot 508","4","https://www.countrysidehomes.com/developments/kent/rochester-phase-7-dp/home-0508","images/9554769e973c596d440dfebe5d7a7b5be257737500772cf3f9e0b0ff577d3dd2.jpg","https://mvdataappstorageeunlprod.blob.core.windows.net/medialibrary-34218e3cae6c4041a23eb8b1cf91be27/4aee120a8de94bb281ae1ae70231b3da/4aee120a8de94bb281ae1ae70231b3da/Original/59536_Countryside_RR_The%20Amherst%20II_GF.jpg?sv=2017-04-17&sr=b&si=202008111744&sig=gD%2Bz3Hw2r1FE%2Fu%2FQxQYibCOGq2k66BQ3fG62EdGw0Is%3D&st=0001-01-01T00%3A00%3A00Z&se=2036-02-05T21%3A54%3A14Z&rsct=application%2Foctet-stream&rscd=attachment%3B%20filename%2A%3DUTF-8%27%2759536_Countryside_RR_The%2520Amherst%2520II_GF.jpg","Staged showhome interior space."
"Rochester Riverside","The Amherst II · Plot 508","4","https://www.countrysidehomes.com/developments/kent/rochester-phase-7-dp/home-0508","images/04618968d8b8fa394db892c80fb7f35201bde7c08bad3264d9c5e41b5ce724c5.jpg","https://mvdataappstorageeunlprod.blob.core.windows.net/medialibrary-34218e3cae6c4041a23eb8b1cf91be27/ac79a27106884cf487213cb54ec24b0f/ac79a27106884cf487213cb54ec24b0f/Original/58927_Countryside_RR_The%20Amherst%20II_FF.jpg?sv=2017-04-17&sr=b&si=202008111744&sig=gEx%2BRYl8j4zfl%2FFSAg81Ez6rdXh8x3ERvNToUKBrO%2FI%3D&st=0001-01-01T00%3A00%3A00Z&se=2036-02-05T21%3A54%3A14Z&rsct=application%2Foctet-stream&rscd=attachment%3B%20filename%2A%3DUTF-8%27%2758927_Countryside_RR_The%2520Amherst%2520II_FF.jpg","Staged showhome interior space."
"Rochester Riverside","The Amherst II · Plot 508","4","https://www.countrysidehomes.com/developments/kent/rochester-phase-7-dp/home-0508","images/5184102196fbfa9a8f99340e00fc52f3625682f7fee4d5ca67cee1880552a675.jpg","https://mvdataappstorageeunlprod.blob.core.windows.net/medialibrary-34218e3cae6c4041a23eb8b1cf91be27/c35dd68a742346d9afbcb4b53cdbf91f/c35dd68a742346d9afbcb4b53cdbf91f/Original/59536_Countryside_RR_The%20Amherst%20II_SF.jpg?sv=2017-04-17&sr=b&si=202008111744&sig=0RhUmUNihL7xYqK1t8hhipvC6TDvMZ5yPr%2FEV%2FgnMZk%3D&st=0001-01-01T00%3A00%3A00Z&se=2036-02-05T21%3A56%3A25Z&rsct=application%2Foctet-stream&rscd=attachment%3B%20filename%2A%3DUTF-8%27%2759536_Countryside_RR_The%2520Amherst%2520II_SF.jpg","Staged showhome interior space."
"Rochester Riverside","The Amherst II · Plot 509","4","https://www.countrysidehomes.com/developments/kent/rochester-phase-7-dp/home-0509","images/038d7f09f9cf668de219412193370537bb83bc678ceafc400b1e9c1d2d0887e9.jpg","https://cdn.mediavalet.com/eunl/vistry-dam/PwpCNOgAnUmKdAUUUPlnog/Olmgiw5VCEaaLiy-Of7T1g/Custom/Amherst%20II.jpg","Staged showhome interior space."
"Rochester Riverside","The Amherst II · Plot 509","4","https://www.countrysidehomes.com/developments/kent/rochester-phase-7-dp/home-0509","images/caea3c1df76debf04d51da923b3f758721b0e3c2c1fd65c110fb0a55d0abc47a.jpg","https://cdn.mediavalet.com/eunl/vistry-dam/kxYsYWjAqkG3JSW1UZJJWQ/mAA0SCW3KU-zc46FjWtfZg/Custom/Cedar%20Dining%20Room.jpg","Staged showhome kitchen."
"Rochester Riverside","The Amherst II · Plot 509","4","https://www.countrysidehomes.com/developments/kent/rochester-phase-7-dp/home-0509","images/5ac947f0ba7ccd4e8d9a373843879105654ae4ef4b317b974c5a980b75684b42.jpg","https://cdn.mediavalet.com/eunl/vistry-dam/zd52rK709UKIUcvkoohLDQ/neKRk-kaakOKJqzloIsWmw/Custom/CH-SADDLERS-WESTERFIELD-%28MYLNE%29-BATHROOM.jpg","Staged showhome bathroom."
"Rochester Riverside","The Amherst II · Plot 509","4","https://www.countrysidehomes.com/developments/kent/rochester-phase-7-dp/home-0509","images/a8ce7954030db8223f4d7d83bbebcca361b811b22d1b72e838ed9cdfac82fd52.jpg","https://cdn.mediavalet.com/eunl/vistry-dam/bX7mwWhtHkyRLbnS2pNbuA/wPOLHqgclEC1LyPihxFzsQ/Custom/Tyndall_Bedroom_Housetype_Plot_-_Hero_860x573.jpg","Staged showhome interior space."
"Rochester Riverside","The Amherst II · Plot 509","4","https://www.countrysidehomes.com/developments/kent/rochester-phase-7-dp/home-0509","images/8b6e8bc6baf2d22d237e15aa9cab2796d3bdf94ce1f2f2142f96d557dcef5d30.jpg","https://cdn.mediavalet.com/eunl/vistry-dam/h_bpFGPgy0q4OTVqWAVEsw/C_mv2koDkESBa_yVDM5azg/Custom/Oak%20Master%20Ensuite.jpg","Staged showhome bathroom."
"Rochester Riverside","The Amherst II · Plot 509","4","https://www.countrysidehomes.com/developments/kent/rochester-phase-7-dp/home-0509","images/76a3c210e6c68b03642489856de8e8dc600a2a648bd9e469b80eaacc3a6d2820.jpg","https://cdn.mediavalet.com/eunl/vistry-dam/ZLLfFJr9jU6NRYfFKbMKyw/yZyufXWlzkCwDXvPFxXBIA/Custom/Redstart%20Bedroom%203.jpg","Staged showhome bedroom."
"Rochester Riverside","The Amherst II · Plot 509","4","https://www.countrysidehomes.com/developments/kent/rochester-phase-7-dp/home-0509","images/9554769e973c596d440dfebe5d7a7b5be257737500772cf3f9e0b0ff577d3dd2.jpg","https://mvdataappstorageeunlprod.blob.core.windows.net/medialibrary-34218e3cae6c4041a23eb8b1cf91be27/4aee120a8de94bb281ae1ae70231b3da/4aee120a8de94bb281ae1ae70231b3da/Original/59536_Countryside_RR_The%20Amherst%20II_GF.jpg?sv=2017-04-17&sr=b&si=202008111744&sig=gD%2Bz3Hw2r1FE%2Fu%2FQxQYibCOGq2k66BQ3fG62EdGw0Is%3D&st=0001-01-01T00%3A00%3A00Z&se=2036-02-05T21%3A54%3A14Z&rsct=application%2Foctet-stream&rscd=attachment%3B%20filename%2A%3DUTF-8%27%2759536_Countryside_RR_The%2520Amherst%2520II_GF.jpg","Staged showhome interior space."
"Rochester Riverside","The Amherst II · Plot 509","4","https://www.countrysidehomes.com/developments/kent/rochester-phase-7-dp/home-0509","images/04618968d8b8fa394db892c80fb7f35201bde7c08bad3264d9c5e41b5ce724c5.jpg","https://mvdataappstorageeunlprod.blob.core.windows.net/medialibrary-34218e3cae6c4041a23eb8b1cf91be27/ac79a27106884cf487213cb54ec24b0f/ac79a27106884cf487213cb54ec24b0f/Original/58927_Countryside_RR_The%20Amherst%20II_FF.jpg?sv=2017-04-17&sr=b&si=202008111744&sig=gEx%2BRYl8j4zfl%2FFSAg81Ez6rdXh8x3ERvNToUKBrO%2FI%3D&st=0001-01-01T00%3A00%3A00Z&se=2036-02-05T21%3A54%3A14Z&rsct=application%2Foctet-stream&rscd=attachment%3B%20filename%2A%3DUTF-8%27%2758927_Countryside_RR_The%2520Amherst%2520II_FF.jpg","Staged showhome interior space."
"Rochester Riverside","The Amherst II · Plot 509","4","https://www.countrysidehomes.com/developments/kent/rochester-phase-7-dp/home-0509","images/5184102196fbfa9a8f99340e00fc52f3625682f7fee4d5ca67cee1880552a675.jpg","https://mvdataappstorageeunlprod.blob.core.windows.net/medialibrary-34218e3cae6c4041a23eb8b1cf91be27/c35dd68a742346d9afbcb4b53cdbf91f/c35dd68a742346d9afbcb4b53cdbf91f/Original/59536_Countryside_RR_The%20Amherst%20II_SF.jpg?sv=2017-04-17&sr=b&si=202008111744&sig=0RhUmUNihL7xYqK1t8hhipvC6TDvMZ5yPr%2FEV%2FgnMZk%3D&st=0001-01-01T00%3A00%3A00Z&se=2036-02-05T21%3A56%3A25Z&rsct=application%2Foctet-stream&rscd=attachment%3B%20filename%2A%3DUTF-8%27%2759536_Countryside_RR_The%2520Amherst%2520II_SF.jpg","Staged showhome interior space."
"Rochester Riverside","Rochester Riverside development gallery","","https://www.countrysidehomes.com/developments/kent/rochester-phase-7-dp","images/634225508786119fef3dc6b6738f980ba9b0b56cb35b77b81f0edb9a0e273222.png","https://cdn.mediavalet.com/eunl/vistry-dam/WzKMNHBL8EKBU-iWmHwW_g/D2hrK-tmf0mOl1FGaLLxcQ/Custom/Rochester%20Riverside%20Dusk.png","Staged showhome interior space."
"Rochester Riverside","Rochester Riverside development gallery","","https://www.countrysidehomes.com/developments/kent/rochester-phase-7-dp","images/4906eeea72168a1c93e5fc56239e88d97e85ec9a5141b74a9d1d74a554e26ce2.jpg","https://cdn.mediavalet.com/eunl/vistry-dam/3qb4CQGrV0GMeoa0C0J5VQ/vdTfeNG91Uec5ehPMICSyg/Custom/R51_0294.jpg","Staged showhome interior space."
"Rochester Riverside","Rochester Riverside development gallery","","https://www.countrysidehomes.com/developments/kent/rochester-phase-7-dp","images/0f4830741796b0da0926a9b1e376ec5eca8d5d26b9df32fe7a030a258e2054d9.jpg","https://cdn.mediavalet.com/eunl/vistry-dam/gidbNluHtkuYHQBVQwbjJw/V-QCP-nX8EqkE91mc4sJhw/Custom/16_078_N147_mediuma4.jpg","Staged showhome interior space."
"Rochester Riverside","Rochester Riverside development gallery","","https://www.countrysidehomes.com/developments/kent/rochester-phase-7-dp","images/abe135c9ad961a94c166072ffa37e596de40a50c45ca296bee499eb6a78a2bb6.jpg","https://cdn.mediavalet.com/eunl/vistry-dam/o8cJee2jDUasbl-YJPVQYA/7Fn6cznFVEiiAep8_In80g/Custom/R51_0399.jpg","Staged showhome interior space."
"Rochester Riverside","Rochester Riverside development gallery","","https://www.countrysidehomes.com/developments/kent/rochester-phase-7-dp","images/b1f7bdab78061f450a559f1fc6d1b65ab46b005abd61edc9c0e3d87d2cc16264.png","https://cdn.mediavalet.com/eunl/vistry-dam/pgIr4Sy-g0evAmTNIcH7wA/fP57gsXd5k279cOfBZ7VwA/Custom/lapwings%20street%20scene.png","Staged showhome exterior."
"Rochester Riverside","Rochester Riverside development gallery","","https://www.countrysidehomes.com/developments/kent/rochester-phase-7-dp","images/c76a209c1a809d5f7826f5296ca530cfce43092986df58f31ab77e45a63eb24d.jpg","https://cdn.mediavalet.com/eunl/vistry-dam/UCm4gHO-skeSeZ0RUeLa_w/0epxHn3ubk-kY25rQhyfgg/Custom/R51_0529.jpg","Staged showhome interior space."
"Rochester Riverside","Rochester Riverside development gallery","","https://www.countrysidehomes.com/developments/kent/rochester-phase-7-dp","images/b414d416b5811aef39b62e4e68aa697eb254cad4d79b9c7468caf27f520801d9.jpg","https://cdn.mediavalet.com/eunl/vistry-dam/S4pCOFW6vEiDvdYJOT1Yag/xn7kkZk7IkGoylLRqxn7ow/Custom/RR_Riverside%20Houses_Final_rev02.jpg","Staged showhome interior space."
"Rochester Riverside","Rochester Riverside development gallery","","https://www.countrysidehomes.com/developments/kent/rochester-phase-7-dp","images/6c45176651d205a56d2d150c00208fa89865bffde6278dfc34962f6ce518bd4e.jpg","https://cdn.mediavalet.com/eunl/vistry-dam/xeYD-tQChEezgYNSZa9Dng/ou9-KkJzTkyFaqrhUI8vdw/Custom/Rochester-Riverside-211A1323.jpg","Staged showhome interior space."
"Rochester Riverside","Rochester Riverside development gallery","","https://www.countrysidehomes.com/developments/kent/rochester-phase-7-dp","images/73bfd4c4e0757db6f10a62331d265c51e85134aa7e08eed63b021b66b96f63ca.jpg","https://cdn.mediavalet.com/eunl/vistry-dam/Mjt_Y-wAcUakSY77T6xFLQ/P8Zbuoz0QEa0dHK0Lr3AEw/Custom/R51_0409.jpg","Staged showhome interior space."
"Rochester Riverside","Rochester Riverside development gallery","","https://www.countrysidehomes.com/developments/kent/rochester-phase-7-dp","images/6adaae2d13392160972f95ab3922837d79a6ce883e3e7183a4572e5b17adf2cb.jpg","https://cdn.mediavalet.com/eunl/vistry-dam/HAHu7W7na0-TdQh8Sq5XLA/XUcl-QBJEke9IbA0eag_uw/Custom/Rochester-Riverside-211A1396.jpg","Staged showhome interior space."
"Rochester Riverside","Rochester Riverside development gallery","","https://www.countrysidehomes.com/developments/kent/rochester-phase-7-dp","images/a09253427646c2d7433528f9f2d7e9ae803d7c81933d199fbf33f1ad1feb870c.jpg","https://cdn.mediavalet.com/eunl/vistry-dam/jxPBHNDLykOqANzerazSQQ/tkt89bRdf0KJtPIZav5LwQ/Custom/DS14438%20160%20CH%20Rochester%201280x853.jpg","Staged showhome interior space."
"Ashmere","The Dunton · Plot 455","3","https://www.countrysidehomes.com/developments/kent/ashmere-ebbsfleet-garden-city/home-0455","images/a0d7059a2ea484dba009ee247e246cf9d21ea9cbac61ae773439f61eb7a97ad8.jpg","https://cdn.mediavalet.com/eunl/vistry-dam/-jlJiEmzqk2vqEE2viEw-g/yn_qAEcqWUWiH1AvNk9mOQ/Custom/Ashmere%20-%20Externals-%20Duntons%20%282%29.jpg","Staged showhome interior space."
"Ashmere","The Dunton · Plot 455","3","https://www.countrysidehomes.com/developments/kent/ashmere-ebbsfleet-garden-city/home-0455","images/15706a8a19e58b930df2e7c14f68067d3c8167d2cf46108edc736b72c3f9920c.jpg","https://cdn.mediavalet.com/eunl/vistry-dam/jHrY0CtxoU6mNaYoBWSnvA/jP_Qi8weP0aLvti4IMeCEw/Custom/8.jpg","Staged showhome interior space."
"Ashmere","The Dunton · Plot 455","3","https://www.countrysidehomes.com/developments/kent/ashmere-ebbsfleet-garden-city/home-0455","images/868cbb23c8148dcc14f8f5f46edc65d779eeac8c84b1dd3c14a37c0231891154.jpg","https://cdn.mediavalet.com/eunl/vistry-dam/peLY_lcqckmtZofAYwqe7A/JMzW5ZHpsk2qltpFLBiX6w/Custom/The%20Coral_Study_Housetype_Plot_-_Hero_860x573.jpg","Staged showhome interior space."
"Ashmere","The Dunton · Plot 455","3","https://www.countrysidehomes.com/developments/kent/ashmere-ebbsfleet-garden-city/home-0455","images/4b4a4f0462d3945ba5d6205ad3a195d3293929ca98964026d22b733b23374790.jpg","https://cdn.mediavalet.com/eunl/vistry-dam/UthijPJBuEWBrN8IWba24w/BquhlV1fqEiqdb2d8J1zPA/Custom/Rivers%20Edge-New%20Stamford-BR.jpg","Staged showhome interior space."
"Ashmere","The Dunton · Plot 455","3","https://www.countrysidehomes.com/developments/kent/ashmere-ebbsfleet-garden-city/home-0455","images/4386c8f801adad8a3616e941dd1bb51193e891c7ae8f369393218bb67982db3a.jpg","https://cdn.mediavalet.com/eunl/vistry-dam/sgR1pcc0KkaW34Tq8Z-Qig/Qpiop3IQyEyIEZFtjkNgeA/Custom/Lewin%20Bedroom%203.jpg","Staged showhome bedroom."
"Ashmere","The Dunton · Plot 455","3","https://www.countrysidehomes.com/developments/kent/ashmere-ebbsfleet-garden-city/home-0455","images/f23f5bac9ffb151bb48b73e793fa0891d3011ffc9851cac569f50a772a49b614.jpg","https://cdn.mediavalet.com/eunl/vistry-dam/QNPS6JnEkk-23Ks3GiDlWw/JsMyqYe4vkuYWNgUz3Tn2w/Custom/Ashmere%20-%20Externals-%20Duntons.jpg","Staged showhome interior space."
"Ashmere","The Dunton · Plot 455","3","https://www.countrysidehomes.com/developments/kent/ashmere-ebbsfleet-garden-city/home-0455","images/8ad15fcc6d12b35af022b8933552dec69620a6fb21cfcd912669844569af03b1.jpg","https://mvdataappstorageeunlprod.blob.core.windows.net/medialibrary-34218e3cae6c4041a23eb8b1cf91be27-r/1ca781ef8e9244b99ff470011c209963/1ca781ef8e9244b99ff470011c209963/Large/new%20spec_GF_Countryside_Ashmere_The%20Dunton_KB_v1.jpg?sv=2017-04-17&sr=b&si=202008111853&sig=f5Os%2FkCYF1NmVlR6STAFqyyHbjsJ4ZYbB4j5bTQwxng%3D&st=0001-01-01T00%3A00%3A00Z&se=2034-08-23T01%3A34%3A49Z","Staged showhome interior space."
"Ashmere","The Dunton · Plot 455","3","https://www.countrysidehomes.com/developments/kent/ashmere-ebbsfleet-garden-city/home-0455","images/10fd58c97b48d3299c85a2f7e14c2217c9a8845efb005af28e1e52e01d1c2905.jpg","https://mvdataappstorageeunlprod.blob.core.windows.net/medialibrary-34218e3cae6c4041a23eb8b1cf91be27-r/afa83f76745441d3bca6761ec7a993d2/afa83f76745441d3bca6761ec7a993d2/Large/new%20spec_FF_Countryside_Ashmere_The%20Dunton_KB_v12.jpg?sv=2017-04-17&sr=b&si=202008111853&sig=xp1y%2FucAzpSS4QcJrvlcOkhHkOSWpSuff0RefEqs3a4%3D&st=0001-01-01T00%3A00%3A00Z&se=2034-08-23T01%3A36%3A40Z","Staged showhome interior space."
"Ashmere","The Wintergreen · Plot 575","2","https://www.countrysidehomes.com/developments/kent/ashmere-ebbsfleet-garden-city/home-0575","images/a7f8d3c70de2c9c47ebca2ef622b2b6625342bc8db47c00904d710e84f90db72.jpg","https://cdn.mediavalet.com/eunl/vistry-dam/kX2AMV6KZkCtCCIoaS06Kg/V__RHA1NjEek9yJXup4law/Custom/Typical%20Kitchen%201.jpg","Staged showhome kitchen."
"Ashmere","The Wintergreen · Plot 575","2","https://www.countrysidehomes.com/developments/kent/ashmere-ebbsfleet-garden-city/home-0575","images/ece0d9f7cc4a9cddb01b74d88915b3feae77c44b5671fef91631ecc4afeab407.jpg","https://cdn.mediavalet.com/eunl/vistry-dam/mZSzwyJj0kWu_lQkD4vsOg/xVp87BMfs0yl3OxdaEC2_A/Custom/%5BVRL%5D%20DS15111%20%5BCH%5D%20FOG%20A%20Plot-551_web.jpg","Staged showhome interior space."
"Ashmere","The Wintergreen · Plot 575","2","https://www.countrysidehomes.com/developments/kent/ashmere-ebbsfleet-garden-city/home-0575","images/83d584d6b92f70ffc66e3e0c453ba53099b4b61ff35d6897236e04593529d185.jpg","https://cdn.mediavalet.com/eunl/vistry-dam/qx2k7-dqZkuBQnb1ggGTIg/J1IrdxsfqkKQrnUYaVEpQA/Custom/26.04.29%20Hepworth%20Dury%20Apt%2010%20P373%20%20-28-HDR.jpg","Staged showhome interior space."
"Ashmere","The Wintergreen · Plot 575","2","https://www.countrysidehomes.com/developments/kent/ashmere-ebbsfleet-garden-city/home-0575","images/5ac947f0ba7ccd4e8d9a373843879105654ae4ef4b317b974c5a980b75684b42.jpg","https://cdn.mediavalet.com/eunl/vistry-dam/zd52rK709UKIUcvkoohLDQ/neKRk-kaakOKJqzloIsWmw/Custom/CH-SADDLERS-WESTERFIELD-%28MYLNE%29-BATHROOM.jpg","Staged showhome bathroom."
"Ashmere","The Wintergreen · Plot 575","2","https://www.countrysidehomes.com/developments/kent/ashmere-ebbsfleet-garden-city/home-0575","images/5931bd52e9d84ed4a74e9dc61e660a91265755a7f02379f9871ec6a486b9c631.jpg","https://cdn.mediavalet.com/eunl/vistry-dam/irt-rPV7x0iT0wgC0f0eaw/chpNfT6oV0OC-C2OJ1GsAw/Custom/Vistry%20Morella%20Woods%20The%20Hummingbird%20171125%20278.jpg","Staged showhome interior space."
"Ashmere","The Wintergreen · Plot 575","2","https://www.countrysidehomes.com/developments/kent/ashmere-ebbsfleet-garden-city/home-0575","images/0cd8605d2accfa9f543ee5073d6b7f0d9900e9098618f8cd717a854b7a76e97c.jpg","https://cdn.mediavalet.com/eunl/vistry-dam/OOBWZtpTa0WvOffznjlUlA/dBh3dRQ2qkm837THPBH9WA/Custom/CH-SADDLERS-RUTLAND-%28elmslie%29-BED2.jpg","Staged showhome interior space."
"Ashmere","The Wintergreen · Plot 575","2","https://www.countrysidehomes.com/developments/kent/ashmere-ebbsfleet-garden-city/home-0575","images/ae2f79e9cfadfc28240c0f41fc0008c2b4e7bb291b9a6b170e7f539e26d22f17.jpg","https://mvdataappstorageeunlprod.blob.core.windows.net/medialibrary-34218e3cae6c4041a23eb8b1cf91be27/9f0731aa7ca3430ab8fb13beccb2c91a/9f0731aa7ca3430ab8fb13beccb2c91a/Original/DS15112%20[CH]%20Ashmere%20Wintergreen%20FF.jpg?sv=2017-04-17&sr=b&si=202008111744&sig=cQ6Bh0K950N9u0EYISXwBZ8%2B6ccQ9CMBcVBAVNtLIR0%3D&st=1392-10-21T10%3A42%3A52Z&se=2036-09-01T00%3A49%3A02Z&rsct=application%2Foctet-stream&rscd=attachment%3B%20filename%2A%3DUTF-8%27%27DS15112%2520%255BCH%255D%2520Ashmere%2520Wintergreen%2520FF.jpg","Staged showhome interior space."
"Ashmere","The Wintergreen · Plot 585","2","https://www.countrysidehomes.com/developments/kent/ashmere-ebbsfleet-garden-city/home-0585","images/ece0d9f7cc4a9cddb01b74d88915b3feae77c44b5671fef91631ecc4afeab407.jpg","https://cdn.mediavalet.com/eunl/vistry-dam/mZSzwyJj0kWu_lQkD4vsOg/xVp87BMfs0yl3OxdaEC2_A/Custom/%5BVRL%5D%20DS15111%20%5BCH%5D%20FOG%20A%20Plot-551_web.jpg","Staged showhome interior space."
"Ashmere","The Wintergreen · Plot 585","2","https://www.countrysidehomes.com/developments/kent/ashmere-ebbsfleet-garden-city/home-0585","images/a7f8d3c70de2c9c47ebca2ef622b2b6625342bc8db47c00904d710e84f90db72.jpg","https://cdn.mediavalet.com/eunl/vistry-dam/kX2AMV6KZkCtCCIoaS06Kg/V__RHA1NjEek9yJXup4law/Custom/Typical%20Kitchen%201.jpg","Staged showhome kitchen."
"Ashmere","The Wintergreen · Plot 585","2","https://www.countrysidehomes.com/developments/kent/ashmere-ebbsfleet-garden-city/home-0585","images/83d584d6b92f70ffc66e3e0c453ba53099b4b61ff35d6897236e04593529d185.jpg","https://cdn.mediavalet.com/eunl/vistry-dam/qx2k7-dqZkuBQnb1ggGTIg/J1IrdxsfqkKQrnUYaVEpQA/Custom/26.04.29%20Hepworth%20Dury%20Apt%2010%20P373%20%20-28-HDR.jpg","Staged showhome interior space."
"Ashmere","The Wintergreen · Plot 585","2","https://www.countrysidehomes.com/developments/kent/ashmere-ebbsfleet-garden-city/home-0585","images/5ac947f0ba7ccd4e8d9a373843879105654ae4ef4b317b974c5a980b75684b42.jpg","https://cdn.mediavalet.com/eunl/vistry-dam/zd52rK709UKIUcvkoohLDQ/neKRk-kaakOKJqzloIsWmw/Custom/CH-SADDLERS-WESTERFIELD-%28MYLNE%29-BATHROOM.jpg","Staged showhome bathroom."
"Ashmere","The Wintergreen · Plot 585","2","https://www.countrysidehomes.com/developments/kent/ashmere-ebbsfleet-garden-city/home-0585","images/5931bd52e9d84ed4a74e9dc61e660a91265755a7f02379f9871ec6a486b9c631.jpg","https://cdn.mediavalet.com/eunl/vistry-dam/irt-rPV7x0iT0wgC0f0eaw/chpNfT6oV0OC-C2OJ1GsAw/Custom/Vistry%20Morella%20Woods%20The%20Hummingbird%20171125%20278.jpg","Staged showhome interior space."
"Ashmere","The Wintergreen · Plot 585","2","https://www.countrysidehomes.com/developments/kent/ashmere-ebbsfleet-garden-city/home-0585","images/0cd8605d2accfa9f543ee5073d6b7f0d9900e9098618f8cd717a854b7a76e97c.jpg","https://cdn.mediavalet.com/eunl/vistry-dam/OOBWZtpTa0WvOffznjlUlA/dBh3dRQ2qkm837THPBH9WA/Custom/CH-SADDLERS-RUTLAND-%28elmslie%29-BED2.jpg","Staged showhome interior space."
"Ashmere","The Wintergreen · Plot 585","2","https://www.countrysidehomes.com/developments/kent/ashmere-ebbsfleet-garden-city/home-0585","images/ae2f79e9cfadfc28240c0f41fc0008c2b4e7bb291b9a6b170e7f539e26d22f17.jpg","https://mvdataappstorageeunlprod.blob.core.windows.net/medialibrary-34218e3cae6c4041a23eb8b1cf91be27/9f0731aa7ca3430ab8fb13beccb2c91a/9f0731aa7ca3430ab8fb13beccb2c91a/Original/DS15112%20[CH]%20Ashmere%20Wintergreen%20FF.jpg?sv=2017-04-17&sr=b&si=202008111744&sig=cQ6Bh0K950N9u0EYISXwBZ8%2B6ccQ9CMBcVBAVNtLIR0%3D&st=1392-10-21T10%3A42%3A52Z&se=2036-09-01T00%3A49%3A02Z&rsct=application%2Foctet-stream&rscd=attachment%3B%20filename%2A%3DUTF-8%27%27DS15112%2520%255BCH%255D%2520Ashmere%2520Wintergreen%2520FF.jpg","Staged showhome interior space."
"Ashmere","The Welwyn · Plot 500","3","https://www.countrysidehomes.com/developments/kent/ashmere-ebbsfleet-garden-city/home-0500","images/b05e6c06d851decfa66a007cab1d152905e6c9aaf5c69ccf17172deba0f99f36.jpg","https://cdn.mediavalet.com/eunl/vistry-dam/VnpJSQeId0KK2P2qiRYh8Q/wHRgYeKLL0yg-SRX-fa9nw/Custom/Ashmere%20Welwyn.jpg","Staged showhome interior space."
"Ashmere","The Welwyn · Plot 500","3","https://www.countrysidehomes.com/developments/kent/ashmere-ebbsfleet-garden-city/home-0500","images/b5981862a74e0a24afbd49c18e4cdac20af65fc870526674250c3847659a1af1.jpg","https://cdn.mediavalet.com/eunl/vistry-dam/YteUa6Z5ekykdEtkS8HOcQ/4JLaIiYXQ0WqGlHII-rMcg/Custom/Eveleigh-Aug2021-022.jpg","Staged showhome interior space."
"Ashmere","The Welwyn · Plot 500","3","https://www.countrysidehomes.com/developments/kent/ashmere-ebbsfleet-garden-city/home-0500","images/12639701e66be94c60674ce0e52480f5a849f7135b0b01ac232cd0486287922d.jpg","https://cdn.mediavalet.com/eunl/vistry-dam/eJ5dZ6xjCkCOIVLNu29nIg/vdCUetBszkGsBMQNMNm5VQ/Custom/Rosefinch%20Living%20Room.jpg","Staged showhome living room."
"Ashmere","The Welwyn · Plot 500","3","https://www.countrysidehomes.com/developments/kent/ashmere-ebbsfleet-garden-city/home-0500","images/e7889c79264afacc86652c2e8e29a65eebeee934d4d9cced2f7bf27832dcf391.jpg","https://cdn.mediavalet.com/eunl/vistry-dam/ZSQ2Tf7eS0iyj2R8i643mA/4eceqakh6k2kUOV2A9qFsg/Custom/Eveleigh-Aug2021-030.jpg","Staged showhome interior space."
"Ashmere","The Welwyn · Plot 500","3","https://www.countrysidehomes.com/developments/kent/ashmere-ebbsfleet-garden-city/home-0500","images/beae4849ed7bd6ecedb5c6e27e2785d9868a660591bcbecfcf845a26e7b0e419.jpg","https://cdn.mediavalet.com/eunl/vistry-dam/d91pyFSaNE-nFidJgQoWkA/m_7RI8LeE0eA8caI9FuePQ/Custom/Typical%20Bathroom_Housetype_Plot_-_Hero_860x573%20%282%29.jpg","Staged showhome interior space."
"Ashmere","The Welwyn · Plot 500","3","https://www.countrysidehomes.com/developments/kent/ashmere-ebbsfleet-garden-city/home-0500","images/4d29b8e54c8ecd7874c135330a3e2671e742f3bf03a04f80fec6480047471d9a.jpg","https://cdn.mediavalet.com/eunl/vistry-dam/mbIKgdC3LkGT0ULSkS--rw/1El-ebWz7EOcb0bhc7_8OA/Custom/Brookmill%20Meadow-061-RT.jpg","Staged showhome interior space."
"Ashmere","The Welwyn · Plot 500","3","https://www.countrysidehomes.com/developments/kent/ashmere-ebbsfleet-garden-city/home-0500","images/da573dccb43dc2447dda7057241d05b14167e693e5e6ba5302fa63a5a3e7ea5a.jpg","https://mvdataappstorageeunlprod.blob.core.windows.net/medialibrary-34218e3cae6c4041a23eb8b1cf91be27/de608f94339e4f9fb071f312cb9bd4f8/de608f94339e4f9fb071f312cb9bd4f8/Original/Welwyn_GF.jpg?sv=2017-04-17&sr=b&si=202008111744&sig=4MlaHvMESq9DDJOZzuDWF9xoT8GR%2BYdMZWEe1J4lBVU%3D&st=1426-09-11T22%3A51%3A40Z&se=2036-02-02T22%3A00%3A23Z&rsct=application%2Foctet-stream&rscd=attachment%3B%20filename%2A%3DUTF-8%27%27Welwyn_GF.jpg","Staged showhome interior space."
"Ashmere","The Welwyn · Plot 500","3","https://www.countrysidehomes.com/developments/kent/ashmere-ebbsfleet-garden-city/home-0500","images/772d7b06799dbad00681d45c4bee086219e89cd7e4d9c56ec729d85e510a3ad5.jpg","https://mvdataappstorageeunlprod.blob.core.windows.net/medialibrary-34218e3cae6c4041a23eb8b1cf91be27/7b1277aaf03f46408b2c125d08693c97/7b1277aaf03f46408b2c125d08693c97/Original/Welwyn_FF.jpg?sv=2017-04-17&sr=b&si=202008111744&sig=fSQh6P1o3HJrcQyVIWS%2Bct7M%2BxAu6NeETkJ4GBbpR7U%3D&st=1177-05-02T20%3A06%3A03Z&se=2036-02-02T22%3A02%3A36Z&rsct=application%2Foctet-stream&rscd=attachment%3B%20filename%2A%3DUTF-8%27%27Welwyn_FF.jpg","Staged showhome interior space."
"Ashmere","The Hampstead II · Plot 517","4","https://www.countrysidehomes.com/developments/kent/ashmere-ebbsfleet-garden-city/home-0517","images/10cd4f0439c2e82d7e745f10f1708aeac5afc7849f0bc9017d41e1646f434bc4.jpg","https://cdn.mediavalet.com/eunl/vistry-dam/aVrIeTTY-EydHeZBVY1esQ/4hi5g4fgDEyX8cIKV4DZMg/Custom/STREET%20SCENE%20F%20_x3%20Hampstead%20_%20Taunton%20Plot%20511-514__206_HR_Housetype_Plot_-_Hero_860x573.jpg","Staged showhome exterior."
"Ashmere","The Hampstead II · Plot 517","4","https://www.countrysidehomes.com/developments/kent/ashmere-ebbsfleet-garden-city/home-0517","images/1640516d1595a53bd85d01f52a5701bcd42f495a9eaf537808f394d52eebd5bf.jpg","https://cdn.mediavalet.com/eunl/vistry-dam/XBnUOVZjNEexiC7mejGyfQ/rCAQRCaU6k6BhcdUhALsAw/Custom/Ashmere%20-%20Hampstead%20%283%29.jpg","Staged showhome interior space."
"Ashmere","The Hampstead II · Plot 517","4","https://www.countrysidehomes.com/developments/kent/ashmere-ebbsfleet-garden-city/home-0517","images/3a67689b678a069599f7e229dd9d464febec1365a7e4a48757f7bcb62d35dff7.jpg","https://cdn.mediavalet.com/eunl/vistry-dam/0kBEgn0YtEaVtvOn8BHK-A/O1GeFQnSn0WqpMiZLq3FxA/Custom/Ashmere%20-%20Hampstead.jpg","Staged showhome interior space."
"Ashmere","The Hampstead II · Plot 517","4","https://www.countrysidehomes.com/developments/kent/ashmere-ebbsfleet-garden-city/home-0517","images/5ca5a196cdec4b6dcc339263db48da43f6eecb569ec2a567f54a5c0d34f66fea.jpg","https://cdn.mediavalet.com/eunl/vistry-dam/hHBXZlNhZEqbiia5AfbH3Q/0GS6cz1P20iua5_wo3U5Ng/Custom/Ashmere%20-%20Hampstead%20%2811%29.jpg","Staged showhome interior space."
"Ashmere","The Hampstead II · Plot 517","4","https://www.countrysidehomes.com/developments/kent/ashmere-ebbsfleet-garden-city/home-0517","images/037f5fa8cc3cc58fcad4582af1ab99e598b848523e2c7daabd225ed1b944ff59.jpg","https://cdn.mediavalet.com/eunl/vistry-dam/ehPQ1VTrzkKc2PEs_Ke7Sw/gvYJnckyHUCxL668e_oVKg/Custom/Ashmere%20-%20Letchworth%20%285%29.jpg","Staged showhome interior space."
"Ashmere","The Hampstead II · Plot 517","4","https://www.countrysidehomes.com/developments/kent/ashmere-ebbsfleet-garden-city/home-0517","images/d91e2bba222e1ee40b635fa8886ea5b7558111b5c5ac02b036bd8af5c627f094.jpg","https://cdn.mediavalet.com/eunl/vistry-dam/7BKUAt3rSkuNSOec37TpDA/cZ3GYAvkhU6Py3XWva-7lQ/Custom/06%20-%20Lutwidge%20-%20Bathroom_Housetype_Plot_-_Hero_860x573.jpg","Staged showhome interior space."
"Ashmere","The Hampstead II · Plot 517","4","https://www.countrysidehomes.com/developments/kent/ashmere-ebbsfleet-garden-city/home-0517","images/ee048a71413975c5e55bbb1c3d22b3b35f0accc13ed46a0d1daae7375d8d569a.jpg","https://cdn.mediavalet.com/eunl/vistry-dam/xUkYZ1aO6U2XDCuoDVashg/3JlPVxvlsUaDYxRc_dZkgA/Custom/Eastbrook%20Village-The%20Ashop-BR2.jpg","Staged showhome interior space."
"Ashmere","The Hampstead II · Plot 517","4","https://www.countrysidehomes.com/developments/kent/ashmere-ebbsfleet-garden-city/home-0517","images/81ae3666d5b768fd4dc00c9af331c73079fd8447fb04fdb6bd73757ed1011e15.jpg","https://mvdataappstorageeunlprod.blob.core.windows.net/medialibrary-34218e3cae6c4041a23eb8b1cf91be27-r/8c45ddbdbc31421d8488ba7843febb21/8c45ddbdbc31421d8488ba7843febb21/Large/58927_Countryside_Ashmere_The%20Hampstead%20II_GF.jpg?sv=2017-04-17&sr=b&si=202008111853&sig=blaaFog9qQPPRTV8W8rSeJ0u4is8nsznWfs2ytzEiKU%3D&st=1275-03-22T12%3A20%3A26Z&se=2035-10-02T01%3A37%3A33Z","Staged showhome interior space."
"Ashmere","The Hampstead II · Plot 517","4","https://www.countrysidehomes.com/developments/kent/ashmere-ebbsfleet-garden-city/home-0517","images/134afa6822c7032d18116ce8b50f79b15a79c1235f8e64ccf87a880db1f78f62.jpg","https://mvdataappstorageeunlprod.blob.core.windows.net/medialibrary-34218e3cae6c4041a23eb8b1cf91be27-r/b9cbc560dba745bcb73c552cd0f39601/b9cbc560dba745bcb73c552cd0f39601/Large/58927_Countryside_Ashmere_The%20Hampstead%20II_FF.jpg?sv=2017-04-17&sr=b&si=202008111853&sig=TTA9ECcYXqMDkP3qG%2B8rVqHr2Ra4WlU7hFNrtiqR3bE%3D&st=0560-12-10T18%3A44%3A11Z&se=2035-10-02T01%3A43%3A04Z","Staged showhome interior space."
"Ashmere","The Hampstead II · Plot 517","4","https://www.countrysidehomes.com/developments/kent/ashmere-ebbsfleet-garden-city/home-0517","images/1188ef95c4e1666880771fdc6c94876638d810ab60a521698ef6ff589f3097f6.jpg","https://mvdataappstorageeunlprod.blob.core.windows.net/medialibrary-34218e3cae6c4041a23eb8b1cf91be27-r/eeb0933f5270442fb8c08937e8ff49f3/eeb0933f5270442fb8c08937e8ff49f3/Large/58927_Countryside_Ashmere_The%20Hampstead%20II_SF.jpg?sv=2017-04-17&sr=b&si=202008111853&sig=ajubJnAtHVPO%2F7L1iNS2AQkEmW5136O%2B4W%2B3N%2F6aKFI%3D&st=0043-07-21T01%3A28%3A56Z&se=2035-10-02T01%3A48%3A02Z","Staged showhome interior space."
"Ashmere","The Hampstead II · Plot 516","4","https://www.countrysidehomes.com/developments/kent/ashmere-ebbsfleet-garden-city/home-0516","images/10cd4f0439c2e82d7e745f10f1708aeac5afc7849f0bc9017d41e1646f434bc4.jpg","https://cdn.mediavalet.com/eunl/vistry-dam/aVrIeTTY-EydHeZBVY1esQ/4hi5g4fgDEyX8cIKV4DZMg/Custom/STREET%20SCENE%20F%20_x3%20Hampstead%20_%20Taunton%20Plot%20511-514__206_HR_Housetype_Plot_-_Hero_860x573.jpg","Staged showhome exterior."
"Ashmere","The Hampstead II · Plot 516","4","https://www.countrysidehomes.com/developments/kent/ashmere-ebbsfleet-garden-city/home-0516","images/1640516d1595a53bd85d01f52a5701bcd42f495a9eaf537808f394d52eebd5bf.jpg","https://cdn.mediavalet.com/eunl/vistry-dam/XBnUOVZjNEexiC7mejGyfQ/rCAQRCaU6k6BhcdUhALsAw/Custom/Ashmere%20-%20Hampstead%20%283%29.jpg","Staged showhome interior space."
"Ashmere","The Hampstead II · Plot 516","4","https://www.countrysidehomes.com/developments/kent/ashmere-ebbsfleet-garden-city/home-0516","images/3a67689b678a069599f7e229dd9d464febec1365a7e4a48757f7bcb62d35dff7.jpg","https://cdn.mediavalet.com/eunl/vistry-dam/0kBEgn0YtEaVtvOn8BHK-A/O1GeFQnSn0WqpMiZLq3FxA/Custom/Ashmere%20-%20Hampstead.jpg","Staged showhome interior space."
"Ashmere","The Hampstead II · Plot 516","4","https://www.countrysidehomes.com/developments/kent/ashmere-ebbsfleet-garden-city/home-0516","images/5ca5a196cdec4b6dcc339263db48da43f6eecb569ec2a567f54a5c0d34f66fea.jpg","https://cdn.mediavalet.com/eunl/vistry-dam/hHBXZlNhZEqbiia5AfbH3Q/0GS6cz1P20iua5_wo3U5Ng/Custom/Ashmere%20-%20Hampstead%20%2811%29.jpg","Staged showhome interior space."
"Ashmere","The Hampstead II · Plot 516","4","https://www.countrysidehomes.com/developments/kent/ashmere-ebbsfleet-garden-city/home-0516","images/037f5fa8cc3cc58fcad4582af1ab99e598b848523e2c7daabd225ed1b944ff59.jpg","https://cdn.mediavalet.com/eunl/vistry-dam/ehPQ1VTrzkKc2PEs_Ke7Sw/gvYJnckyHUCxL668e_oVKg/Custom/Ashmere%20-%20Letchworth%20%285%29.jpg","Staged showhome interior space."
"Ashmere","The Hampstead II · Plot 516","4","https://www.countrysidehomes.com/developments/kent/ashmere-ebbsfleet-garden-city/home-0516","images/d91e2bba222e1ee40b635fa8886ea5b7558111b5c5ac02b036bd8af5c627f094.jpg","https://cdn.mediavalet.com/eunl/vistry-dam/7BKUAt3rSkuNSOec37TpDA/cZ3GYAvkhU6Py3XWva-7lQ/Custom/06%20-%20Lutwidge%20-%20Bathroom_Housetype_Plot_-_Hero_860x573.jpg","Staged showhome interior space."
"Ashmere","The Hampstead II · Plot 516","4","https://www.countrysidehomes.com/developments/kent/ashmere-ebbsfleet-garden-city/home-0516","images/ee048a71413975c5e55bbb1c3d22b3b35f0accc13ed46a0d1daae7375d8d569a.jpg","https://cdn.mediavalet.com/eunl/vistry-dam/xUkYZ1aO6U2XDCuoDVashg/3JlPVxvlsUaDYxRc_dZkgA/Custom/Eastbrook%20Village-The%20Ashop-BR2.jpg","Staged showhome interior space."
"Ashmere","The Hampstead II · Plot 516","4","https://www.countrysidehomes.com/developments/kent/ashmere-ebbsfleet-garden-city/home-0516","images/81ae3666d5b768fd4dc00c9af331c73079fd8447fb04fdb6bd73757ed1011e15.jpg","https://mvdataappstorageeunlprod.blob.core.windows.net/medialibrary-34218e3cae6c4041a23eb8b1cf91be27-r/8c45ddbdbc31421d8488ba7843febb21/8c45ddbdbc31421d8488ba7843febb21/Large/58927_Countryside_Ashmere_The%20Hampstead%20II_GF.jpg?sv=2017-04-17&sr=b&si=202008111853&sig=blaaFog9qQPPRTV8W8rSeJ0u4is8nsznWfs2ytzEiKU%3D&st=1275-03-22T12%3A20%3A26Z&se=2035-10-02T01%3A37%3A33Z","Staged showhome interior space."
"Ashmere","The Hampstead II · Plot 516","4","https://www.countrysidehomes.com/developments/kent/ashmere-ebbsfleet-garden-city/home-0516","images/134afa6822c7032d18116ce8b50f79b15a79c1235f8e64ccf87a880db1f78f62.jpg","https://mvdataappstorageeunlprod.blob.core.windows.net/medialibrary-34218e3cae6c4041a23eb8b1cf91be27-r/b9cbc560dba745bcb73c552cd0f39601/b9cbc560dba745bcb73c552cd0f39601/Large/58927_Countryside_Ashmere_The%20Hampstead%20II_FF.jpg?sv=2017-04-17&sr=b&si=202008111853&sig=TTA9ECcYXqMDkP3qG%2B8rVqHr2Ra4WlU7hFNrtiqR3bE%3D&st=0560-12-10T18%3A44%3A11Z&se=2035-10-02T01%3A43%3A04Z","Staged showhome interior space."
"Ashmere","The Hampstead II · Plot 516","4","https://www.countrysidehomes.com/developments/kent/ashmere-ebbsfleet-garden-city/home-0516","images/1188ef95c4e1666880771fdc6c94876638d810ab60a521698ef6ff589f3097f6.jpg","https://mvdataappstorageeunlprod.blob.core.windows.net/medialibrary-34218e3cae6c4041a23eb8b1cf91be27-r/eeb0933f5270442fb8c08937e8ff49f3/eeb0933f5270442fb8c08937e8ff49f3/Large/58927_Countryside_Ashmere_The%20Hampstead%20II_SF.jpg?sv=2017-04-17&sr=b&si=202008111853&sig=ajubJnAtHVPO%2F7L1iNS2AQkEmW5136O%2B4W%2B3N%2F6aKFI%3D&st=0043-07-21T01%3A28%3A56Z&se=2035-10-02T01%3A48%3A02Z","Staged showhome interior space."
"Ashmere","The Wagtail · Plot 584","4","https://www.countrysidehomes.com/developments/kent/ashmere-ebbsfleet-garden-city/home-0584","images/67cd9cc947469da6856465b80bdd6106d66751d3628347c8f740a17a3264ed76.jpg","https://cdn.mediavalet.com/eunl/vistry-dam/zlzKAAGOFkOWHaR-35gpUQ/2evDj7i40UWGt7RDrEZvRw/Custom/%5BVRL%5D%20DS15111%20%5BCH%5D%20Wagtail%20Plots%20726-725_web.jpg","Staged showhome interior space."
"Ashmere","The Wagtail · Plot 584","4","https://www.countrysidehomes.com/developments/kent/ashmere-ebbsfleet-garden-city/home-0584","images/868cbb23c8148dcc14f8f5f46edc65d779eeac8c84b1dd3c14a37c0231891154.jpg","https://cdn.mediavalet.com/eunl/vistry-dam/peLY_lcqckmtZofAYwqe7A/JMzW5ZHpsk2qltpFLBiX6w/Custom/The%20Coral_Study_Housetype_Plot_-_Hero_860x573.jpg","Staged showhome interior space."
"Ashmere","The Wagtail · Plot 584","4","https://www.countrysidehomes.com/developments/kent/ashmere-ebbsfleet-garden-city/home-0584","images/9dd8541a97c6ba5234666cba3795c1347ac3f881b0f5be7f528805bcd08ff132.jpg","https://cdn.mediavalet.com/eunl/vistry-dam/R44kDfJNckq6a0MPjUIC_g/0r-W2LntEESF8g1N4Hyc4g/Custom/CH%20Kensington%20Fields%20Darland%20kitchen3.jpg","Staged showhome interior space."
"Ashmere","The Wagtail · Plot 584","4","https://www.countrysidehomes.com/developments/kent/ashmere-ebbsfleet-garden-city/home-0584","images/1fc69058f6d9ee2a285af50f84a29a7d676693123c2fbd73f8a49a10f67d3a2f.jpg","https://cdn.mediavalet.com/eunl/vistry-dam/-ej6zDnSo0aHFKKs3Zalug/-9HzIoLpwk-aolrgYbUx8A/Custom/Wagtail%20Living%20room.jpg","Staged showhome living room."
"Ashmere","The Wagtail · Plot 584","4","https://www.countrysidehomes.com/developments/kent/ashmere-ebbsfleet-garden-city/home-0584","images/64b4eb4b1e9002f39af94b4b87b2ce05e82af4792fc91325dda113af9a8ac093.jpg","https://cdn.mediavalet.com/eunl/vistry-dam/Nq2Sg5O1e0en0j7OE8LCGg/-xoaOacsxU6GAl4GyjvSfQ/Custom/Plover%20Bedroom%201.jpg","Staged showhome bedroom."
"Ashmere","The Wagtail · Plot 584","4","https://www.countrysidehomes.com/developments/kent/ashmere-ebbsfleet-garden-city/home-0584","images/1774173c604456080988e20c1f97c87973a5b5625553311605dbd92417813d26.jpg","https://cdn.mediavalet.com/eunl/vistry-dam/Ml07iN70j0S0teCbcuNe-g/js3-Vt5J3UGDhWK9nCX_kg/Custom/Vistry%20Morella%20Woods%20The%20Hummingbird%20171125%20129.jpg","Staged showhome interior space."
"Ashmere","The Wagtail · Plot 584","4","https://www.countrysidehomes.com/developments/kent/ashmere-ebbsfleet-garden-city/home-0584","images/13d72d2c44da2bf39a2f256ea5524766f0574cd2cc757dc8179e2c5c448e9a7b.jpg","https://cdn.mediavalet.com/eunl/vistry-dam/7SiRLLOnyUGaEOE2tYmqcQ/UAqaI8KbM0SQLBoIPw0K-Q/Custom/The%20Longford%20Second%20Bedroom%20Housetype_Plot_-_Hero_860x573%20%2025.6.26.jpg","Staged showhome bedroom."
"Ashmere","The Wagtail · Plot 584","4","https://www.countrysidehomes.com/developments/kent/ashmere-ebbsfleet-garden-city/home-0584","images/5386f2842d4d2344753fad140ff1b5bd39cb7fc5b8aae4415db38595c4468d5a.jpg","https://cdn.mediavalet.com/eunl/vistry-dam/gW5VQE_Z-0KwT0LzUtXW4w/URZm3l4vpkmCgQhT5bniZA/Custom/The%20Longford%20Showhome.jpg","Staged showhome interior space."
"Ashmere","The Wagtail · Plot 584","4","https://www.countrysidehomes.com/developments/kent/ashmere-ebbsfleet-garden-city/home-0584","images/23c58924b889068d3fea3048488650ae1adcf06fc680b4a11d598770b594d284.jpg","https://mvdataappstorageeunlprod.blob.core.windows.net/medialibrary-34218e3cae6c4041a23eb8b1cf91be27/46510d2b90724bb883b833564c324de2/46510d2b90724bb883b833564c324de2/Original/DS15112%20[CH]%20Ashmere%20Wagtail%20GF.jpg?sv=2017-04-17&sr=b&si=202008111744&sig=WxdfqN9XHyJ7gkY6oraggSw8KQ%2BsKF4AqIQNOAcXhr0%3D&st=1141-08-30T12%3A15%3A14Z&se=2036-09-01T00%3A49%3A02Z&rsct=application%2Foctet-stream&rscd=attachment%3B%20filename%2A%3DUTF-8%27%27DS15112%2520%255BCH%255D%2520Ashmere%2520Wagtail%2520GF.jpg","Staged showhome interior space."
"Ashmere","The Wagtail · Plot 584","4","https://www.countrysidehomes.com/developments/kent/ashmere-ebbsfleet-garden-city/home-0584","images/dd0d9144c95506e4fa3203e58eea032f94329a044e681106ecd3f323912dcf82.jpg","https://mvdataappstorageeunlprod.blob.core.windows.net/medialibrary-34218e3cae6c4041a23eb8b1cf91be27/55aae3620a0f460f923b8a8ca16706b7/55aae3620a0f460f923b8a8ca16706b7/Original/DS15112%20[CH]%20Ashmere%20Wagtail%20FF.jpg?sv=2017-04-17&sr=b&si=202008111744&sig=b9zKAU4Va0TS3fXgKcDLOXFI%2FxJ%2FzwuP0HbKuiWrK6k%3D&st=1622-11-15T22%3A05%3A32Z&se=2036-09-01T00%3A49%3A02Z&rsct=application%2Foctet-stream&rscd=attachment%3B%20filename%2A%3DUTF-8%27%27DS15112%2520%255BCH%255D%2520Ashmere%2520Wagtail%2520FF.jpg","Staged showhome interior space."
"Ashmere","The Wagtail · Plot 584","4","https://www.countrysidehomes.com/developments/kent/ashmere-ebbsfleet-garden-city/home-0584","images/afb74766457f350afbdf4fb3eefb386ba9f1ea7a8849a1fd6717181602536004.jpg","https://mvdataappstorageeunlprod.blob.core.windows.net/medialibrary-34218e3cae6c4041a23eb8b1cf91be27/620110b4822b47d6a7ee68c5d132c1b5/620110b4822b47d6a7ee68c5d132c1b5/Original/DS15112%20[CH]%20Ashmere%20Wagtail%20SF.jpg?sv=2017-04-17&sr=b&si=202008111744&sig=3YmMhJ2UgfHwnKFiq4DRohpy%2FZxjrUpLVXr1%2FoxGv8k%3D&st=1374-01-16T04%3A36%3A33Z&se=2036-09-01T00%3A56%3A48Z&rsct=application%2Foctet-stream&rscd=attachment%3B%20filename%2A%3DUTF-8%27%27DS15112%2520%255BCH%255D%2520Ashmere%2520Wagtail%2520SF.jpg","Staged showhome interior space."
"Ashmere","The Wagtail · Plot 582","4","https://www.countrysidehomes.com/developments/kent/ashmere-ebbsfleet-garden-city/home-0582","images/868cbb23c8148dcc14f8f5f46edc65d779eeac8c84b1dd3c14a37c0231891154.jpg","https://cdn.mediavalet.com/eunl/vistry-dam/peLY_lcqckmtZofAYwqe7A/JMzW5ZHpsk2qltpFLBiX6w/Custom/The%20Coral_Study_Housetype_Plot_-_Hero_860x573.jpg","Staged showhome interior space."
"Ashmere","The Wagtail · Plot 582","4","https://www.countrysidehomes.com/developments/kent/ashmere-ebbsfleet-garden-city/home-0582","images/67cd9cc947469da6856465b80bdd6106d66751d3628347c8f740a17a3264ed76.jpg","https://cdn.mediavalet.com/eunl/vistry-dam/zlzKAAGOFkOWHaR-35gpUQ/2evDj7i40UWGt7RDrEZvRw/Custom/%5BVRL%5D%20DS15111%20%5BCH%5D%20Wagtail%20Plots%20726-725_web.jpg","Staged showhome interior space."
"Ashmere","The Wagtail · Plot 582","4","https://www.countrysidehomes.com/developments/kent/ashmere-ebbsfleet-garden-city/home-0582","images/9dd8541a97c6ba5234666cba3795c1347ac3f881b0f5be7f528805bcd08ff132.jpg","https://cdn.mediavalet.com/eunl/vistry-dam/R44kDfJNckq6a0MPjUIC_g/0r-W2LntEESF8g1N4Hyc4g/Custom/CH%20Kensington%20Fields%20Darland%20kitchen3.jpg","Staged showhome interior space."
"Ashmere","The Wagtail · Plot 582","4","https://www.countrysidehomes.com/developments/kent/ashmere-ebbsfleet-garden-city/home-0582","images/1fc69058f6d9ee2a285af50f84a29a7d676693123c2fbd73f8a49a10f67d3a2f.jpg","https://cdn.mediavalet.com/eunl/vistry-dam/-ej6zDnSo0aHFKKs3Zalug/-9HzIoLpwk-aolrgYbUx8A/Custom/Wagtail%20Living%20room.jpg","Staged showhome living room."
"Ashmere","The Wagtail · Plot 582","4","https://www.countrysidehomes.com/developments/kent/ashmere-ebbsfleet-garden-city/home-0582","images/64b4eb4b1e9002f39af94b4b87b2ce05e82af4792fc91325dda113af9a8ac093.jpg","https://cdn.mediavalet.com/eunl/vistry-dam/Nq2Sg5O1e0en0j7OE8LCGg/-xoaOacsxU6GAl4GyjvSfQ/Custom/Plover%20Bedroom%201.jpg","Staged showhome bedroom."
"Ashmere","The Wagtail · Plot 582","4","https://www.countrysidehomes.com/developments/kent/ashmere-ebbsfleet-garden-city/home-0582","images/1774173c604456080988e20c1f97c87973a5b5625553311605dbd92417813d26.jpg","https://cdn.mediavalet.com/eunl/vistry-dam/Ml07iN70j0S0teCbcuNe-g/js3-Vt5J3UGDhWK9nCX_kg/Custom/Vistry%20Morella%20Woods%20The%20Hummingbird%20171125%20129.jpg","Staged showhome interior space."
"Ashmere","The Wagtail · Plot 582","4","https://www.countrysidehomes.com/developments/kent/ashmere-ebbsfleet-garden-city/home-0582","images/13d72d2c44da2bf39a2f256ea5524766f0574cd2cc757dc8179e2c5c448e9a7b.jpg","https://cdn.mediavalet.com/eunl/vistry-dam/7SiRLLOnyUGaEOE2tYmqcQ/UAqaI8KbM0SQLBoIPw0K-Q/Custom/The%20Longford%20Second%20Bedroom%20Housetype_Plot_-_Hero_860x573%20%2025.6.26.jpg","Staged showhome bedroom."
"Ashmere","The Wagtail · Plot 582","4","https://www.countrysidehomes.com/developments/kent/ashmere-ebbsfleet-garden-city/home-0582","images/5386f2842d4d2344753fad140ff1b5bd39cb7fc5b8aae4415db38595c4468d5a.jpg","https://cdn.mediavalet.com/eunl/vistry-dam/gW5VQE_Z-0KwT0LzUtXW4w/URZm3l4vpkmCgQhT5bniZA/Custom/The%20Longford%20Showhome.jpg","Staged showhome interior space."
"Ashmere","The Wagtail · Plot 582","4","https://www.countrysidehomes.com/developments/kent/ashmere-ebbsfleet-garden-city/home-0582","images/23c58924b889068d3fea3048488650ae1adcf06fc680b4a11d598770b594d284.jpg","https://mvdataappstorageeunlprod.blob.core.windows.net/medialibrary-34218e3cae6c4041a23eb8b1cf91be27/46510d2b90724bb883b833564c324de2/46510d2b90724bb883b833564c324de2/Original/DS15112%20[CH]%20Ashmere%20Wagtail%20GF.jpg?sv=2017-04-17&sr=b&si=202008111744&sig=WxdfqN9XHyJ7gkY6oraggSw8KQ%2BsKF4AqIQNOAcXhr0%3D&st=1141-08-30T12%3A15%3A14Z&se=2036-09-01T00%3A49%3A02Z&rsct=application%2Foctet-stream&rscd=attachment%3B%20filename%2A%3DUTF-8%27%27DS15112%2520%255BCH%255D%2520Ashmere%2520Wagtail%2520GF.jpg","Staged showhome interior space."
"Ashmere","The Wagtail · Plot 582","4","https://www.countrysidehomes.com/developments/kent/ashmere-ebbsfleet-garden-city/home-0582","images/dd0d9144c95506e4fa3203e58eea032f94329a044e681106ecd3f323912dcf82.jpg","https://mvdataappstorageeunlprod.blob.core.windows.net/medialibrary-34218e3cae6c4041a23eb8b1cf91be27/55aae3620a0f460f923b8a8ca16706b7/55aae3620a0f460f923b8a8ca16706b7/Original/DS15112%20[CH]%20Ashmere%20Wagtail%20FF.jpg?sv=2017-04-17&sr=b&si=202008111744&sig=b9zKAU4Va0TS3fXgKcDLOXFI%2FxJ%2FzwuP0HbKuiWrK6k%3D&st=1622-11-15T22%3A05%3A32Z&se=2036-09-01T00%3A49%3A02Z&rsct=application%2Foctet-stream&rscd=attachment%3B%20filename%2A%3DUTF-8%27%27DS15112%2520%255BCH%255D%2520Ashmere%2520Wagtail%2520FF.jpg","Staged showhome interior space."
"Ashmere","The Wagtail · Plot 582","4","https://www.countrysidehomes.com/developments/kent/ashmere-ebbsfleet-garden-city/home-0582","images/afb74766457f350afbdf4fb3eefb386ba9f1ea7a8849a1fd6717181602536004.jpg","https://mvdataappstorageeunlprod.blob.core.windows.net/medialibrary-34218e3cae6c4041a23eb8b1cf91be27/620110b4822b47d6a7ee68c5d132c1b5/620110b4822b47d6a7ee68c5d132c1b5/Original/DS15112%20[CH]%20Ashmere%20Wagtail%20SF.jpg?sv=2017-04-17&sr=b&si=202008111744&sig=3YmMhJ2UgfHwnKFiq4DRohpy%2FZxjrUpLVXr1%2FoxGv8k%3D&st=1374-01-16T04%3A36%3A33Z&se=2036-09-01T00%3A56%3A48Z&rsct=application%2Foctet-stream&rscd=attachment%3B%20filename%2A%3DUTF-8%27%27DS15112%2520%255BCH%255D%2520Ashmere%2520Wagtail%2520SF.jpg","Staged showhome interior space."
"Ashmere","The Wagtail · Plot 658","4","https://www.countrysidehomes.com/developments/kent/ashmere-ebbsfleet-garden-city/home-0658","images/67cd9cc947469da6856465b80bdd6106d66751d3628347c8f740a17a3264ed76.jpg","https://cdn.mediavalet.com/eunl/vistry-dam/zlzKAAGOFkOWHaR-35gpUQ/2evDj7i40UWGt7RDrEZvRw/Custom/%5BVRL%5D%20DS15111%20%5BCH%5D%20Wagtail%20Plots%20726-725_web.jpg","Staged showhome interior space."
"Ashmere","The Wagtail · Plot 658","4","https://www.countrysidehomes.com/developments/kent/ashmere-ebbsfleet-garden-city/home-0658","images/868cbb23c8148dcc14f8f5f46edc65d779eeac8c84b1dd3c14a37c0231891154.jpg","https://cdn.mediavalet.com/eunl/vistry-dam/peLY_lcqckmtZofAYwqe7A/JMzW5ZHpsk2qltpFLBiX6w/Custom/The%20Coral_Study_Housetype_Plot_-_Hero_860x573.jpg","Staged showhome interior space."
"Ashmere","The Wagtail · Plot 658","4","https://www.countrysidehomes.com/developments/kent/ashmere-ebbsfleet-garden-city/home-0658","images/9dd8541a97c6ba5234666cba3795c1347ac3f881b0f5be7f528805bcd08ff132.jpg","https://cdn.mediavalet.com/eunl/vistry-dam/R44kDfJNckq6a0MPjUIC_g/0r-W2LntEESF8g1N4Hyc4g/Custom/CH%20Kensington%20Fields%20Darland%20kitchen3.jpg","Staged showhome interior space."
"Ashmere","The Wagtail · Plot 658","4","https://www.countrysidehomes.com/developments/kent/ashmere-ebbsfleet-garden-city/home-0658","images/1fc69058f6d9ee2a285af50f84a29a7d676693123c2fbd73f8a49a10f67d3a2f.jpg","https://cdn.mediavalet.com/eunl/vistry-dam/-ej6zDnSo0aHFKKs3Zalug/-9HzIoLpwk-aolrgYbUx8A/Custom/Wagtail%20Living%20room.jpg","Staged showhome living room."
"Ashmere","The Wagtail · Plot 658","4","https://www.countrysidehomes.com/developments/kent/ashmere-ebbsfleet-garden-city/home-0658","images/64b4eb4b1e9002f39af94b4b87b2ce05e82af4792fc91325dda113af9a8ac093.jpg","https://cdn.mediavalet.com/eunl/vistry-dam/Nq2Sg5O1e0en0j7OE8LCGg/-xoaOacsxU6GAl4GyjvSfQ/Custom/Plover%20Bedroom%201.jpg","Staged showhome bedroom."
"Ashmere","The Wagtail · Plot 658","4","https://www.countrysidehomes.com/developments/kent/ashmere-ebbsfleet-garden-city/home-0658","images/1774173c604456080988e20c1f97c87973a5b5625553311605dbd92417813d26.jpg","https://cdn.mediavalet.com/eunl/vistry-dam/Ml07iN70j0S0teCbcuNe-g/js3-Vt5J3UGDhWK9nCX_kg/Custom/Vistry%20Morella%20Woods%20The%20Hummingbird%20171125%20129.jpg","Staged showhome interior space."
"Ashmere","The Wagtail · Plot 658","4","https://www.countrysidehomes.com/developments/kent/ashmere-ebbsfleet-garden-city/home-0658","images/13d72d2c44da2bf39a2f256ea5524766f0574cd2cc757dc8179e2c5c448e9a7b.jpg","https://cdn.mediavalet.com/eunl/vistry-dam/7SiRLLOnyUGaEOE2tYmqcQ/UAqaI8KbM0SQLBoIPw0K-Q/Custom/The%20Longford%20Second%20Bedroom%20Housetype_Plot_-_Hero_860x573%20%2025.6.26.jpg","Staged showhome bedroom."
"Ashmere","The Wagtail · Plot 658","4","https://www.countrysidehomes.com/developments/kent/ashmere-ebbsfleet-garden-city/home-0658","images/5386f2842d4d2344753fad140ff1b5bd39cb7fc5b8aae4415db38595c4468d5a.jpg","https://cdn.mediavalet.com/eunl/vistry-dam/gW5VQE_Z-0KwT0LzUtXW4w/URZm3l4vpkmCgQhT5bniZA/Custom/The%20Longford%20Showhome.jpg","Staged showhome interior space."
"Ashmere","The Wagtail · Plot 658","4","https://www.countrysidehomes.com/developments/kent/ashmere-ebbsfleet-garden-city/home-0658","images/23c58924b889068d3fea3048488650ae1adcf06fc680b4a11d598770b594d284.jpg","https://mvdataappstorageeunlprod.blob.core.windows.net/medialibrary-34218e3cae6c4041a23eb8b1cf91be27/46510d2b90724bb883b833564c324de2/46510d2b90724bb883b833564c324de2/Original/DS15112%20[CH]%20Ashmere%20Wagtail%20GF.jpg?sv=2017-04-17&sr=b&si=202008111744&sig=WxdfqN9XHyJ7gkY6oraggSw8KQ%2BsKF4AqIQNOAcXhr0%3D&st=1141-08-30T12%3A15%3A14Z&se=2036-09-01T00%3A49%3A02Z&rsct=application%2Foctet-stream&rscd=attachment%3B%20filename%2A%3DUTF-8%27%27DS15112%2520%255BCH%255D%2520Ashmere%2520Wagtail%2520GF.jpg","Staged showhome interior space."
"Ashmere","The Wagtail · Plot 658","4","https://www.countrysidehomes.com/developments/kent/ashmere-ebbsfleet-garden-city/home-0658","images/dd0d9144c95506e4fa3203e58eea032f94329a044e681106ecd3f323912dcf82.jpg","https://mvdataappstorageeunlprod.blob.core.windows.net/medialibrary-34218e3cae6c4041a23eb8b1cf91be27/55aae3620a0f460f923b8a8ca16706b7/55aae3620a0f460f923b8a8ca16706b7/Original/DS15112%20[CH]%20Ashmere%20Wagtail%20FF.jpg?sv=2017-04-17&sr=b&si=202008111744&sig=b9zKAU4Va0TS3fXgKcDLOXFI%2FxJ%2FzwuP0HbKuiWrK6k%3D&st=1622-11-15T22%3A05%3A32Z&se=2036-09-01T00%3A49%3A02Z&rsct=application%2Foctet-stream&rscd=attachment%3B%20filename%2A%3DUTF-8%27%27DS15112%2520%255BCH%255D%2520Ashmere%2520Wagtail%2520FF.jpg","Staged showhome interior space."
"Ashmere","The Wagtail · Plot 658","4","https://www.countrysidehomes.com/developments/kent/ashmere-ebbsfleet-garden-city/home-0658","images/afb74766457f350afbdf4fb3eefb386ba9f1ea7a8849a1fd6717181602536004.jpg","https://mvdataappstorageeunlprod.blob.core.windows.net/medialibrary-34218e3cae6c4041a23eb8b1cf91be27/620110b4822b47d6a7ee68c5d132c1b5/620110b4822b47d6a7ee68c5d132c1b5/Original/DS15112%20[CH]%20Ashmere%20Wagtail%20SF.jpg?sv=2017-04-17&sr=b&si=202008111744&sig=3YmMhJ2UgfHwnKFiq4DRohpy%2FZxjrUpLVXr1%2FoxGv8k%3D&st=1374-01-16T04%3A36%3A33Z&se=2036-09-01T00%3A56%3A48Z&rsct=application%2Foctet-stream&rscd=attachment%3B%20filename%2A%3DUTF-8%27%27DS15112%2520%255BCH%255D%2520Ashmere%2520Wagtail%2520SF.jpg","Staged showhome interior space."
"Ashmere","The Wagtail · Plot 659","4","https://www.countrysidehomes.com/developments/kent/ashmere-ebbsfleet-garden-city/home-0659","images/67cd9cc947469da6856465b80bdd6106d66751d3628347c8f740a17a3264ed76.jpg","https://cdn.mediavalet.com/eunl/vistry-dam/zlzKAAGOFkOWHaR-35gpUQ/2evDj7i40UWGt7RDrEZvRw/Custom/%5BVRL%5D%20DS15111%20%5BCH%5D%20Wagtail%20Plots%20726-725_web.jpg","Staged showhome interior space."
"Ashmere","The Wagtail · Plot 659","4","https://www.countrysidehomes.com/developments/kent/ashmere-ebbsfleet-garden-city/home-0659","images/868cbb23c8148dcc14f8f5f46edc65d779eeac8c84b1dd3c14a37c0231891154.jpg","https://cdn.mediavalet.com/eunl/vistry-dam/peLY_lcqckmtZofAYwqe7A/JMzW5ZHpsk2qltpFLBiX6w/Custom/The%20Coral_Study_Housetype_Plot_-_Hero_860x573.jpg","Staged showhome interior space."
"Ashmere","The Wagtail · Plot 659","4","https://www.countrysidehomes.com/developments/kent/ashmere-ebbsfleet-garden-city/home-0659","images/9dd8541a97c6ba5234666cba3795c1347ac3f881b0f5be7f528805bcd08ff132.jpg","https://cdn.mediavalet.com/eunl/vistry-dam/R44kDfJNckq6a0MPjUIC_g/0r-W2LntEESF8g1N4Hyc4g/Custom/CH%20Kensington%20Fields%20Darland%20kitchen3.jpg","Staged showhome interior space."
"Ashmere","The Wagtail · Plot 659","4","https://www.countrysidehomes.com/developments/kent/ashmere-ebbsfleet-garden-city/home-0659","images/1fc69058f6d9ee2a285af50f84a29a7d676693123c2fbd73f8a49a10f67d3a2f.jpg","https://cdn.mediavalet.com/eunl/vistry-dam/-ej6zDnSo0aHFKKs3Zalug/-9HzIoLpwk-aolrgYbUx8A/Custom/Wagtail%20Living%20room.jpg","Staged showhome living room."
"Ashmere","The Wagtail · Plot 659","4","https://www.countrysidehomes.com/developments/kent/ashmere-ebbsfleet-garden-city/home-0659","images/64b4eb4b1e9002f39af94b4b87b2ce05e82af4792fc91325dda113af9a8ac093.jpg","https://cdn.mediavalet.com/eunl/vistry-dam/Nq2Sg5O1e0en0j7OE8LCGg/-xoaOacsxU6GAl4GyjvSfQ/Custom/Plover%20Bedroom%201.jpg","Staged showhome bedroom."
"Ashmere","The Wagtail · Plot 659","4","https://www.countrysidehomes.com/developments/kent/ashmere-ebbsfleet-garden-city/home-0659","images/1774173c604456080988e20c1f97c87973a5b5625553311605dbd92417813d26.jpg","https://cdn.mediavalet.com/eunl/vistry-dam/Ml07iN70j0S0teCbcuNe-g/js3-Vt5J3UGDhWK9nCX_kg/Custom/Vistry%20Morella%20Woods%20The%20Hummingbird%20171125%20129.jpg","Staged showhome interior space."
"Ashmere","The Wagtail · Plot 659","4","https://www.countrysidehomes.com/developments/kent/ashmere-ebbsfleet-garden-city/home-0659","images/13d72d2c44da2bf39a2f256ea5524766f0574cd2cc757dc8179e2c5c448e9a7b.jpg","https://cdn.mediavalet.com/eunl/vistry-dam/7SiRLLOnyUGaEOE2tYmqcQ/UAqaI8KbM0SQLBoIPw0K-Q/Custom/The%20Longford%20Second%20Bedroom%20Housetype_Plot_-_Hero_860x573%20%2025.6.26.jpg","Staged showhome bedroom."
"Ashmere","The Wagtail · Plot 659","4","https://www.countrysidehomes.com/developments/kent/ashmere-ebbsfleet-garden-city/home-0659","images/5386f2842d4d2344753fad140ff1b5bd39cb7fc5b8aae4415db38595c4468d5a.jpg","https://cdn.mediavalet.com/eunl/vistry-dam/gW5VQE_Z-0KwT0LzUtXW4w/URZm3l4vpkmCgQhT5bniZA/Custom/The%20Longford%20Showhome.jpg","Staged showhome interior space."
"Ashmere","The Wagtail · Plot 659","4","https://www.countrysidehomes.com/developments/kent/ashmere-ebbsfleet-garden-city/home-0659","images/23c58924b889068d3fea3048488650ae1adcf06fc680b4a11d598770b594d284.jpg","https://mvdataappstorageeunlprod.blob.core.windows.net/medialibrary-34218e3cae6c4041a23eb8b1cf91be27/46510d2b90724bb883b833564c324de2/46510d2b90724bb883b833564c324de2/Original/DS15112%20[CH]%20Ashmere%20Wagtail%20GF.jpg?sv=2017-04-17&sr=b&si=202008111744&sig=WxdfqN9XHyJ7gkY6oraggSw8KQ%2BsKF4AqIQNOAcXhr0%3D&st=1141-08-30T12%3A15%3A14Z&se=2036-09-01T00%3A49%3A02Z&rsct=application%2Foctet-stream&rscd=attachment%3B%20filename%2A%3DUTF-8%27%27DS15112%2520%255BCH%255D%2520Ashmere%2520Wagtail%2520GF.jpg","Staged showhome interior space."
"Ashmere","The Wagtail · Plot 659","4","https://www.countrysidehomes.com/developments/kent/ashmere-ebbsfleet-garden-city/home-0659","images/dd0d9144c95506e4fa3203e58eea032f94329a044e681106ecd3f323912dcf82.jpg","https://mvdataappstorageeunlprod.blob.core.windows.net/medialibrary-34218e3cae6c4041a23eb8b1cf91be27/55aae3620a0f460f923b8a8ca16706b7/55aae3620a0f460f923b8a8ca16706b7/Original/DS15112%20[CH]%20Ashmere%20Wagtail%20FF.jpg?sv=2017-04-17&sr=b&si=202008111744&sig=b9zKAU4Va0TS3fXgKcDLOXFI%2FxJ%2FzwuP0HbKuiWrK6k%3D&st=1622-11-15T22%3A05%3A32Z&se=2036-09-01T00%3A49%3A02Z&rsct=application%2Foctet-stream&rscd=attachment%3B%20filename%2A%3DUTF-8%27%27DS15112%2520%255BCH%255D%2520Ashmere%2520Wagtail%2520FF.jpg","Staged showhome interior space."
"Ashmere","The Wagtail · Plot 659","4","https://www.countrysidehomes.com/developments/kent/ashmere-ebbsfleet-garden-city/home-0659","images/afb74766457f350afbdf4fb3eefb386ba9f1ea7a8849a1fd6717181602536004.jpg","https://mvdataappstorageeunlprod.blob.core.windows.net/medialibrary-34218e3cae6c4041a23eb8b1cf91be27/620110b4822b47d6a7ee68c5d132c1b5/620110b4822b47d6a7ee68c5d132c1b5/Original/DS15112%20[CH]%20Ashmere%20Wagtail%20SF.jpg?sv=2017-04-17&sr=b&si=202008111744&sig=3YmMhJ2UgfHwnKFiq4DRohpy%2FZxjrUpLVXr1%2FoxGv8k%3D&st=1374-01-16T04%3A36%3A33Z&se=2036-09-01T00%3A56%3A48Z&rsct=application%2Foctet-stream&rscd=attachment%3B%20filename%2A%3DUTF-8%27%27DS15112%2520%255BCH%255D%2520Ashmere%2520Wagtail%2520SF.jpg","Staged showhome interior space."
"Ashmere","The Spitalgate · Plot 487","4","https://www.countrysidehomes.com/developments/kent/ashmere-ebbsfleet-garden-city/home-0487","images/83db79dd60d2113a5522151f19a0a36080e4efc463d1342082209486e640cb4b.jpg","https://cdn.mediavalet.com/eunl/vistry-dam/MqYMOmxGfkCG-Hj5AVtZaw/zWaTz3yGgkKe6aAat9cKdA/Custom/STREET%20SCENE%20H%20_Spitalgate_%20x3%20Duntons%20_%20Spitalgate%20Plot%20488-492__208_LR.jpg","Staged showhome exterior."
"Ashmere","The Spitalgate · Plot 487","4","https://www.countrysidehomes.com/developments/kent/ashmere-ebbsfleet-garden-city/home-0487","images/517ca6f0c10516de0bea2b17ef0858997bec391a8767ff71b6dcf7d756441f51.jpg","https://cdn.mediavalet.com/eunl/vistry-dam/tniUjX1vx0669V6BoNAZKA/7ELs-euRk0iz-CXb1QXoKg/Custom/Countryside%20Sulis%20Down%20Gainsborough120700_Development_Hero_1280x853.jpg","Staged showhome interior space."
"Ashmere","The Spitalgate · Plot 487","4","https://www.countrysidehomes.com/developments/kent/ashmere-ebbsfleet-garden-city/home-0487","images/15706a8a19e58b930df2e7c14f68067d3c8167d2cf46108edc736b72c3f9920c.jpg","https://cdn.mediavalet.com/eunl/vistry-dam/jHrY0CtxoU6mNaYoBWSnvA/jP_Qi8weP0aLvti4IMeCEw/Custom/8.jpg","Staged showhome interior space."
"Ashmere","The Spitalgate · Plot 487","4","https://www.countrysidehomes.com/developments/kent/ashmere-ebbsfleet-garden-city/home-0487","images/621d886ecdb50d7a71bec464472c0eae2359c446169a0afd1aab74162a771ae3.jpg","https://cdn.mediavalet.com/eunl/vistry-dam/owgSIvSNbkmWaWVzKzLBrg/PdaZ4gRiB0i4Z7Fsn6bPQQ/Custom/Rosefinch%20Bedroom%203.jpg","Staged showhome bedroom."
"Ashmere","The Spitalgate · Plot 487","4","https://www.countrysidehomes.com/developments/kent/ashmere-ebbsfleet-garden-city/home-0487","images/2adaca7b508ba57319cc4f45ac17f8931fe196b15b5355fcbad0f06899abbffd.jpg","https://cdn.mediavalet.com/eunl/vistry-dam/4UvXxeQsv0yAfDVWaj93Fw/UfhdX-ocUUqM7pcTRKzEkQ/Custom/internal%20bedroom_%20ashmere.jpg","Staged showhome interior space."
"Ashmere","The Spitalgate · Plot 487","4","https://www.countrysidehomes.com/developments/kent/ashmere-ebbsfleet-garden-city/home-0487","images/3f56c72db559f01a73f81340cf7280140967ca05d1a89b0f8fcc49ae6f10d4d5.jpg","https://mvdataappstorageeunlprod.blob.core.windows.net/medialibrary-34218e3cae6c4041a23eb8b1cf91be27-r/80a354351efc4714bfe9e091a734d486/80a354351efc4714bfe9e091a734d486/Large/The%20Spitalgate_GF.jpg?sv=2017-04-17&sr=b&si=202008111853&sig=CrnfgP6%2FzAbU0QsI2twFAaCyh%2FDORi%2BMbL%2Bn9KJqsUU%3D&st=0650-04-28T17%3A16%3A48Z&se=2034-10-09T22%3A12%3A57Z","Staged showhome interior space."
"Ashmere","The Spitalgate · Plot 487","4","https://www.countrysidehomes.com/developments/kent/ashmere-ebbsfleet-garden-city/home-0487","images/1093bc637698316b9b482954dcd7c558612febd586923a3262fa022c585fb627.jpg","https://mvdataappstorageeunlprod.blob.core.windows.net/medialibrary-34218e3cae6c4041a23eb8b1cf91be27-r/852a3ea816b24ce2bad4afda7d39030b/852a3ea816b24ce2bad4afda7d39030b/Large/The%20Spitalgate_FF.jpg?sv=2017-04-17&sr=b&si=202008111853&sig=CdK8VSJmAGLGWxkf47zG8BU0RnV1TV2a%2F28reQgW9SM%3D&st=0570-06-01T06%3A41%3A53Z&se=2034-10-09T22%3A14%3A20Z","Staged showhome interior space."
"Ashmere","The Spitalgate · Plot 487","4","https://www.countrysidehomes.com/developments/kent/ashmere-ebbsfleet-garden-city/home-0487","images/c5638307bceb6df7a6cdc728e373ac59f2e0ddad33f65e6ff5bf18638d22e1b7.jpg","https://mvdataappstorageeunlprod.blob.core.windows.net/medialibrary-34218e3cae6c4041a23eb8b1cf91be27-r/067d23ef4c3846f0b3d20bc7c868029e/067d23ef4c3846f0b3d20bc7c868029e/Large/The%20Spitalgate_SF.jpg?sv=2017-04-17&sr=b&si=202008111853&sig=2zbgwn9ieHiYfTj1xnbvDfJ1il%2FhEn2O46xin0HkL8Q%3D&st=1790-09-11T12%3A15%3A44Z&se=2034-10-09T22%3A15%3A35Z","Staged showhome interior space."
"Ashmere","The Brentham · Plot 494","4","https://www.countrysidehomes.com/developments/kent/ashmere-ebbsfleet-garden-city/home-0494","images/7b633e081807ecde7c1d399a719c56b67b38a166653314e4bc5982157ea81a96.jpg","https://cdn.mediavalet.com/eunl/vistry-dam/UIHj7xVnOkylJhUGROmbcg/P0hLOoCoB0WO06Aky60eXw/Custom/The%20Brentham%20_Plots%20493-497__209_HR.jpg","Staged showhome interior space."
"Ashmere","The Brentham · Plot 494","4","https://www.countrysidehomes.com/developments/kent/ashmere-ebbsfleet-garden-city/home-0494","images/9ee6b9feed01219dd9d54b584c5278ace5252207d3bfc2f7e96b4748c4e72c76.jpg","https://cdn.mediavalet.com/eunl/vistry-dam/cItkMw22_0CPb-84Tw77Jg/xux03iyzJ0Oafc-xeZ8amA/Custom/Redstart%20Kitchen.jpg","Staged showhome kitchen."
"Ashmere","The Brentham · Plot 494","4","https://www.countrysidehomes.com/developments/kent/ashmere-ebbsfleet-garden-city/home-0494","images/e7e368a0347fc316050c4b847606d3c021df1db61cb9f6166e76825e30f43d44.jpg","https://cdn.mediavalet.com/eunl/vistry-dam/F_tPi404QkGOVINWEdk5TQ/meIkTg9vxk-3djTXBqRoeQ/Custom/Jackdaw%20Typical%20Interior%20%283%29.jpg","Staged showhome interior space."
"Ashmere","The Brentham · Plot 494","4","https://www.countrysidehomes.com/developments/kent/ashmere-ebbsfleet-garden-city/home-0494","images/57760607aa49256ee818dd22ffaf79af16d76d26866bb37e09fb21d70e9a738a.jpg","https://cdn.mediavalet.com/eunl/vistry-dam/UIuczCuwdUuuuYj96xvSiQ/MeUb6ighE0GDx-_oMTXOog/Custom/Piper%20Utility%20Room.jpg","Staged showhome utility room."
"Ashmere","The Brentham · Plot 494","4","https://www.countrysidehomes.com/developments/kent/ashmere-ebbsfleet-garden-city/home-0494","images/73bfd4c4e0757db6f10a62331d265c51e85134aa7e08eed63b021b66b96f63ca.jpg","https://cdn.mediavalet.com/eunl/vistry-dam/Mjt_Y-wAcUakSY77T6xFLQ/P8Zbuoz0QEa0dHK0Lr3AEw/Custom/R51_0409.jpg","Staged showhome interior space."
"Ashmere","The Brentham · Plot 494","4","https://www.countrysidehomes.com/developments/kent/ashmere-ebbsfleet-garden-city/home-0494","images/627c473f6630a8a6e87922c8a836dd3710cf0a3cae86fbf9943f1d0f77bd954d.jpg","https://cdn.mediavalet.com/eunl/vistry-dam/ciTCRuMSy0qbcQG3YhXHLA/zmB41eUXTk2I8A6rfw78_w/Custom/Turnstone%20Master%20Bedroom.jpg","Staged showhome bedroom."
"Ashmere","The Brentham · Plot 494","4","https://www.countrysidehomes.com/developments/kent/ashmere-ebbsfleet-garden-city/home-0494","images/23e9e1b0223ba3f88f9b83f3251f3440d50d52ed0eb3f669a9e0048ab1aa839e.jpg","https://mvdataappstorageeunlprod.blob.core.windows.net/medialibrary-34218e3cae6c4041a23eb8b1cf91be27-r/ed08566195e6447b93408e69774e100e/ed08566195e6447b93408e69774e100e/Large/58927_Countryside%20Ashmere_Ground%20floor_Bentham_VG_v1.jpg?sv=2017-04-17&sr=b&si=202008111853&sig=7gD58qbXG0sm7tdKRa%2FSkyIqSs4ZYQBua%2BPaJGjooD4%3D&st=0664-03-29T20%3A08%3A41Z&se=2035-08-06T02%3A28%3A46Z","Staged showhome interior space."
"Ashmere","The Brentham · Plot 494","4","https://www.countrysidehomes.com/developments/kent/ashmere-ebbsfleet-garden-city/home-0494","images/b8fbce90585c4a6cfbb955165f9a753880cfa442b3e1a7799343f4ac7b702c6a.jpg","https://mvdataappstorageeunlprod.blob.core.windows.net/medialibrary-34218e3cae6c4041a23eb8b1cf91be27-r/807136db79be4a319cfef0ee66d59205/807136db79be4a319cfef0ee66d59205/Large/58927_Countryside%20Ashmere_First%20Floor_Bentham_VG_v12.jpg?sv=2017-04-17&sr=b&si=202008111853&sig=sYzQXJSYq0tWpuVi2HPrGj8EgmUy4vLAUCBRBODk%2BFs%3D&st=1818-07-12T11%3A07%3A51Z&se=2035-08-06T02%3A30%3A31Z","Staged showhome interior space."
"Ashmere","The Brentham · Plot 494","4","https://www.countrysidehomes.com/developments/kent/ashmere-ebbsfleet-garden-city/home-0494","images/6b3de190b0db3eb0d68ea3f845502de052e849e005535f5c4162b2b4a54feef2.jpg","https://mvdataappstorageeunlprod.blob.core.windows.net/medialibrary-34218e3cae6c4041a23eb8b1cf91be27-r/1aed4ec3230340acb1f0d60d35f1fd3b/1aed4ec3230340acb1f0d60d35f1fd3b/Large/58927_Countryside%20Ashmere_Second%20Floor_Bentham_VG_v13.jpg?sv=2017-04-17&sr=b&si=202008111853&sig=z3Cuzsc2SUxop1U3kjDTd4SQlXHE06yf05SzfaoXtUM%3D&st=1444-10-25T12%3A53%3A35Z&se=2035-08-06T02%3A31%3A46Z","Staged showhome interior space."
"Ashmere","Ashmere development gallery","","https://www.countrysidehomes.com/developments/kent/ashmere-ebbsfleet-garden-city","images/f6edca0b52e95a92fbcf37dbc3dae2d78292533b584c471981b2d2f58797623f.png","https://cdn.mediavalet.com/eunl/vistry-dam/MTRh7sjhyE6hgSoxrVN_-g/bFdj0XJ2RU-0Qf5UAqmw9w/Custom/Ashmere%20Dusk.png","Staged showhome interior space."
"Ashmere","Ashmere development gallery","","https://www.countrysidehomes.com/developments/kent/ashmere-ebbsfleet-garden-city","images/cc0a659e4160c8dbb856490fd4f8c7c23b3a336a6cca9ebe1a67a72467240571.png","https://cdn.mediavalet.com/eunl/vistry-dam/ZbpD8oq4f0u6qNUGfzLseQ/SO-6HJ08Z0GA82E6BLbbOA/Custom/letchowrth%20living%20room.png","Staged showhome living room."
"Ashmere","Ashmere development gallery","","https://www.countrysidehomes.com/developments/kent/ashmere-ebbsfleet-garden-city","images/79aa1107721cf0e565166bd47270c2bee0427c75d56f108489f5424260d1be30.jpg","https://cdn.mediavalet.com/eunl/vistry-dam/mF6p0MFhqEqG0yrhgXMZ6Q/zCgzOcSaZk-xLELZFKtdoA/Custom/PHOTO-2026-07-02-13-37-35_Development_Hero_1280x853.jpg","Staged showhome interior space."
"Ashmere","Ashmere development gallery","","https://www.countrysidehomes.com/developments/kent/ashmere-ebbsfleet-garden-city","images/3c146372744c05eb6d2f9fd58ba12bd3f0fb3b1a8569f59b53e6d57bf2116567.png","https://cdn.mediavalet.com/eunl/vistry-dam/Pdhd8O4njEy2pl3nBS4EhQ/Dwm-5dF9NkW8jJE8VKKGoQ/Custom/ashmere%20development%20.png","Staged showhome interior space."
"Ashmere","Ashmere development gallery","","https://www.countrysidehomes.com/developments/kent/ashmere-ebbsfleet-garden-city","images/08c5e387aedf8d16290e725fb79e88f9f427537868535a1833f2987a556d9a8d.png","https://cdn.mediavalet.com/eunl/vistry-dam/QErCV-oohky70lpm9wZlmA/AJuMlT6vj0OW-hG-2Rlp8w/Custom/letchowrth%20ashmere%20main%20bedroom.png","Staged showhome bedroom."
"Ashmere","Ashmere development gallery","","https://www.countrysidehomes.com/developments/kent/ashmere-ebbsfleet-garden-city","images/859206d9d6dfd0d940beeafab3d93be2d7d5d2536d436c18a744a32b06565ee7.png","https://cdn.mediavalet.com/eunl/vistry-dam/mXkzwTxZ9kiTdbwrzRf1OA/pniiZaGM10SRq_fPRJ1j6w/Custom/show%20homes%20ashmere%20garden.png","Staged showhome exterior."
"Ashmere","Ashmere development gallery","","https://www.countrysidehomes.com/developments/kent/ashmere-ebbsfleet-garden-city","images/9c2a0b194cd09c3a81984d49af6d232e9fa155edffbf894a65b3a7cce7e71ada.png","https://cdn.mediavalet.com/eunl/vistry-dam/H-U8qoD2k02uJMG_xeQy1A/Yewv8dDSXkOZZaKppbqhIA/Custom/hampstead%20ashmere%20children%20room.png","Staged showhome interior space."
"Ashmere","Ashmere development gallery","","https://www.countrysidehomes.com/developments/kent/ashmere-ebbsfleet-garden-city","images/2a669cb0ac3e6375268fc72e6172ab53259bad9b0c17b8e9e9c895126326ab34.png","https://cdn.mediavalet.com/eunl/vistry-dam/PjO9WNZD50CXff5qt-Uk4Q/yDaMGyc420i8hquPSVTtyQ/Custom/5.png","Staged showhome interior space."